!!!!!!!!!!!!!!!!!!!!Overridden __libc_start_main called!
executable name benchmark_runner
Target executable name is benchmark_runner
found process benchmark_runner
Hybridtier. huge page
[DEBUG] fast memory size = 4294967296
[DEBUG] number of pages in fast memory = 2048
[DEBUG] perf_pages = 2048
 perf_pages 33, sample_batch_size 100000 
pid: 243082
==== debug info
[INFO] Calculating CBF size = 10459
Actual LFU table size 16384 
block mask 7ff 
Blocked CBF + sample batch. 
vector start 0x7ca514000900, 
[INFO] Creating CBF with capacity = 16384 (each 8B), sample size (W) = 131072000
Actual LFU table size 2048 
block mask ff 
Blocked CBF + sample batch. 
vector start 0x7ca514020940, 
[INFO] Creating CBF with capacity = 2048 (each 8B), sample size (W) = 1100000
Starting hot threshold = 1000
Momentum threshold = 200
Stable fast mem hit ratio slope threshold = -0.02
False positive rate = 0.001
perf stat period = 60s 
allocation watermark = 53687091, demotion watermark = 214748364
[INFO] Starting perf stat monitoring.
/usr/bin/perf stat -I 60000 -e mem_load_l3_miss_retired.local_dram -e mem_load_l3_miss_retired.remote_dram -x , --output perf_stat_file &
!!!!!!!!!!!!!!!!!!!!Overridden __libc_start_main called!
executable name sh
Target executable name is benchmark_runner
executable not target app. just run 
[INFO] perf stat command return code: 0
start perf recording.
[INFO] Hybridtier perf sampling freq: 100000
Perf mmap size 135168, page size 4096 
[INFO] Hybridtier perf sampling freq: 100000
Perf mmap size 135168, page size 4096 
[INFO] Hybridtier perf sampling freq: 100000
Perf mmap size 135168, page size 4096 
[INFO] Hybridtier perf sampling freq: 100000
Perf mmap size 135168, page size 4096 
[INFO] Hybridtier perf sampling freq: 100000
Perf mmap size 135168, page size 4096 
[INFO] Hybridtier perf sampling freq: 100000
Perf mmap size 135168, page size 4096 
[INFO] Hybridtier perf sampling freq: 100000
Perf mmap size 135168, page size 4096 
[INFO] Hybridtier perf sampling freq: 100000
Perf mmap size 135168, page size 4096 
[INFO] Hybridtier perf sampling freq: 100000
Perf mmap size 135168, page size 4096 
[INFO] Hybridtier perf sampling freq: 100000
Perf mmap size 135168, page size 4096 
[INFO] Hybridtier perf sampling freq: 100000
Perf mmap size 135168, page size 4096 
[INFO] Hybridtier perf sampling freq: 100000
Perf mmap size 135168, page size 4096 
[INFO] Hybridtier perf sampling freq: 100000
Perf mmap size 135168, page size 4096 
[INFO] Hybridtier perf sampling freq: 100000
Perf mmap size 135168, page size 4096 
[INFO] Hybridtier perf sampling freq: 100000
Perf mmap size 135168, page size 4096 
[INFO] Hybridtier perf sampling freq: 100000
Perf mmap size 135168, page size 4096 
[INFO] Hybridtier perf sampling freq: 100000
Perf mmap size 135168, page size 4096 
[INFO] Hybridtier perf sampling freq: 100000
Perf mmap size 135168, page size 4096 
[INFO] Hybridtier perf sampling freq: 100000
Perf mmap size 135168, page size 4096 
[INFO] Hybridtier perf sampling freq: 100000
Perf mmap size 135168, page size 4096 
[INFO] Hybridtier perf sampling freq: 100000
Perf mmap size 135168, page size 4096 
[INFO] Hybridtier perf sampling freq: 100000
Perf mmap size 135168, page size 4096 
[INFO] Hybridtier perf sampling freq: 100000
Perf mmap size 135168, page size 4096 
[INFO] Hybridtier perf sampling freq: 100000
Perf mmap size 135168, page size 4096 
[INFO] Hybridtier perf sampling freq: 100000
Perf mmap size 135168, page size 4096 
[INFO] Hybridtier perf sampling freq: 100000
Perf mmap size 135168, page size 4096 
[INFO] Hybridtier perf sampling freq: 100000
Perf mmap size 135168, page size 4096 
[INFO] Hybridtier perf sampling freq: 100000
Perf mmap size 135168, page size 4096 
[INFO] Hybridtier perf sampling freq: 100000
Perf mmap size 135168, page size 4096 
[INFO] Hybridtier perf sampling freq: 100000
Perf mmap size 135168, page size 4096 
[INFO] Hybridtier perf sampling freq: 100000
Perf mmap size 135168, page size 4096 
[INFO] Hybridtier perf sampling freq: 100000
!!!!!!!!!!!!!!!!!!!!Overridden __libc_start_main called!
executable name bash
Target executable name is benchmark_runner
executable not target app. just run 
!!!!!!!!!!!!!!!!!!!!Overridden __libc_start_main called!
executable name dpkg
Target executable name is benchmark_runner
executable not target app. just run 
dpkg: error: version '!!!!!!!!!!!!!!!!!!!!Overridden __libc_start_main called!
executable name uname
Target executable name is benchmark_runner
executable not target app. just run 
6.18.1-061801' has bad syntax: version string has embedded spaces
!!!!!!!!!!!!!!!!!!!!Overridden __libc_start_main called!
executable name dpkg
Target executable name is benchmark_runner
executable not target app. just run 
dpkg: error: version '!!!!!!!!!!!!!!!!!!!!Overridden __libc_start_main called!
executable name uname
Target executable name is benchmark_runner
executable not target app. just run 
6.18.1-061801' has bad syntax: version string has embedded spaces
/usr/bin/lsb_release: 2: eval: executable: not found
WARNING: !!!!!!!!!!!!!!!!!!!!Overridden __libc_start_main called!
executable name basename
Target executable name is benchmark_runner
executable not target app. just run 
perf not found for kernel !!!!!!!!!!!!!!!!!!!!Overridden __libc_start_main called!
executable name uname
Target executable name is benchmark_runner
executable not target app. just run 
6.18.1-061801

  You may need to install the following packages for this specific kernel:
    linux-tools-!!!!!!!!!!!!!!!!!!!!Overridden __libc_start_main called!
executable name uname
Target executable name is benchmark_runner
executable not target app. just run 
6.18.1-061801-generic

  You may also want to install one of the following packages to keep up to date:
    linux-tools-generic
name	run	timing
Perf mmap size 135168, page size 4096 
collected one batch of samples. pages to migrate = 51 
no slow pages to promote
pages migrated: 0, lfu # items: 754, lfu sample size: 100000, samples: 100000, node 0 mem 480192
CBF freq dist: (1) 79, (1-100) 563, (100-1000) 174, (1k-2k) 2, (2k-3k) 3, (3k-5k) 12, (5k-65534) 0, (65k) 0 
CBF freq dist: (1) 78, (1-100) 554, (100-1000) 175, (1k-2k) 2, (2k-3k) 3, (3k-5k) 12, (5k-65534) 0, (65k) 0 
collected one batch of samples. pages to migrate = 123 
start promoting 2 pages
pages migrated: 2, lfu # items: 1272, lfu sample size: 200000, samples: 200000, node 0 mem 81140
CBF freq dist: (1) 62, (1-100) 909, (100-1000) 341, (1k-2k) 5, (2k-3k) 0, (3k-5k) 5, (5k-65534) 12, (65k) 0 
CBF freq dist: (1) 59, (1-100) 871, (100-1000) 344, (1k-2k) 5, (2k-3k) 0, (3k-5k) 5, (5k-65534) 12, (65k) 0 
collected one batch of samples. pages to migrate = 157 
start promoting 18 pages
pages migrated: 20, lfu # items: 1887, lfu sample size: 300000, samples: 300000, node 0 mem 79748
CBF freq dist: (1) 61, (1-100) 1384, (100-1000) 481, (1k-2k) 4, (2k-3k) 1, (3k-5k) 0, (5k-65534) 17, (65k) 0 
CBF freq dist: (1) 54, (1-100) 1276, (100-1000) 489, (1k-2k) 4, (2k-3k) 1, (3k-5k) 0, (5k-65534) 17, (65k) 0 
collected one batch of samples. pages to migrate = 207 
start promoting 22 pages
pages migrated: 42, lfu # items: 2521, lfu sample size: 400000, samples: 400000, node 0 mem 87448
benchmark/large/tpch-sf100/q01.benchmark	1	CBF freq dist: (1) 61, (1-100) 1873, (100-1000) 624, (1k-2k) 4, (2k-3k) 3, (3k-5k) 0, (5k-65534) 17, (65k) 0 
CBF freq dist: (1) 43, (1-100) 1624, (100-1000) 637, (1k-2k) 4, (2k-3k) 3, (3k-5k) 0, (5k-65534) 17, (65k) 0 
collected one batch of samples. pages to migrate = 304 
start promoting 41 pages
pages migrated: 83, lfu # items: 3052, lfu sample size: 500000, samples: 500000, node 0 mem 114292
CBF freq dist: (1) 60, (1-100) 2230, (100-1000) 797, (1k-2k) 5, (2k-3k) 1, (3k-5k) 2, (5k-65534) 17, (65k) 0 
CBF freq dist: (1) 31, (1-100) 1759, (100-1000) 854, (1k-2k) 4, (2k-3k) 2, (3k-5k) 2, (5k-65534) 17, (65k) 0 
collected one batch of samples. pages to migrate = 766 
start promoting 204 pages
pages migrated: 287, lfu # items: 3080, lfu sample size: 600000, samples: 600000, node 0 mem 151944
2.095953
CBF freq dist: (1) 59, (1-100) 1700, (100-1000) 1354, (1k-2k) 6, (2k-3k) 1, (3k-5k) 2, (5k-65534) 17, (65k) 0 
CBF freq dist: (1) 35, (1-100) 1277, (100-1000) 1355, (1k-2k) 5, (2k-3k) 2, (3k-5k) 2, (5k-65534) 17, (65k) 0 
collected one batch of samples. pages to migrate = 1305 
start promoting 6 pages
pages migrated: 293, lfu # items: 3131, lfu sample size: 700000, samples: 700000, node 0 mem 1604052
benchmark/large/tpch-sf100/q02.benchmark	1	CBF freq dist: (1) 91, (1-100) 1351, (100-1000) 1749, (1k-2k) 10, (2k-3k) 2, (3k-5k) 2, (5k-65534) 17, (65k) 0 
CBF freq dist: (1) 56, (1-100) 1019, (100-1000) 1640, (1k-2k) 10, (2k-3k) 2, (3k-5k) 2, (5k-65534) 17, (65k) 0 
collected one batch of samples. pages to migrate = 519 
start promoting 2 pages
pages migrated: 295, lfu # items: 3131, lfu sample size: 800000, samples: 800000, node 0 mem 553412
0.507259
CBF freq dist: (1) 89, (1-100) 1255, (100-1000) 1835, (1k-2k) 15, (2k-3k) 4, (3k-5k) 3, (5k-65534) 19, (65k) 0 
CBF freq dist: (1) 56, (1-100) 948, (100-1000) 1701, (1k-2k) 15, (2k-3k) 4, (3k-5k) 3, (5k-65534) 19, (65k) 0 
collected one batch of samples. pages to migrate = 612 
start promoting 1 pages
pages migrated: 296, lfu # items: 3151, lfu sample size: 900000, samples: 900000, node 0 mem 1158092
CBF freq dist: (1) 87, (1-100) 1232, (100-1000) 1843, (1k-2k) 46, (2k-3k) 6, (3k-5k) 5, (5k-65534) 19, (65k) 0 
CBF freq dist: (1) 53, (1-100) 927, (100-1000) 1698, (1k-2k) 49, (2k-3k) 6, (3k-5k) 5, (5k-65534) 19, (65k) 0 
collected one batch of samples. pages to migrate = 208 
no slow pages to promote
pages migrated: 296, lfu # items: 3156, lfu sample size: 1000000, samples: 1000000, node 0 mem 920668
CBF freq dist: (1) 91, (1-100) 1232, (100-1000) 1827, (1k-2k) 34, (2k-3k) 23, (3k-5k) 20, (5k-65534) 20, (65k) 0 
CBF freq dist: (1) 54, (1-100) 926, (100-1000) 1680, (1k-2k) 35, (2k-3k) 23, (3k-5k) 21, (5k-65534) 20, (65k) 0 
[DEBUG] Halving CBF counters.
collected one batch of samples. pages to migrate = 245 
no slow pages to promote
pages migrated: 296, lfu # items: 3156, lfu sample size: 1100000, samples: 1100000, node 0 mem 714556
CBF freq dist: (1) 91, (1-100) 1228, (100-1000) 1819, (1k-2k) 34, (2k-3k) 16, (3k-5k) 35, (5k-65534) 24, (65k) 0 
CBF freq dist: (1) 50, (1-100) 1659, (100-1000) 917, (1k-2k) 19, (2k-3k) 37, (3k-5k) 2, (5k-65534) 17, (65k) 0 
collected one batch of samples. pages to migrate = 227 
no slow pages to promote
pages migrated: 296, lfu # items: 3244, lfu sample size: 1200000, samples: 1200000, node 0 mem 476720
CBF freq dist: (1) 118, (1-100) 1311, (100-1000) 1821, (1k-2k) 30, (2k-3k) 12, (3k-5k) 17, (5k-65534) 53, (65k) 0 
CBF freq dist: (1) 68, (1-100) 1712, (100-1000) 912, (1k-2k) 17, (2k-3k) 17, (3k-5k) 34, (5k-65534) 18, (65k) 0 
collected one batch of samples. pages to migrate = 259 
no slow pages to promote
pages migrated: 296, lfu # items: 3265, lfu sample size: 1300000, samples: 1300000, node 0 mem 205176
CBF freq dist: (1) 110, (1-100) 1328, (100-1000) 1820, (1k-2k) 32, (2k-3k) 11, (3k-5k) 19, (5k-65534) 55, (65k) 0 
CBF freq dist: (1) 63, (1-100) 1715, (100-1000) 919, (1k-2k) 15, (2k-3k) 16, (3k-5k) 11, (5k-65534) 49, (65k) 0 
collected one batch of samples. pages to migrate = 279 
no slow pages to promote
pages migrated: 296, lfu # items: 3265, lfu sample size: 1400000, samples: 1400000, node 0 mem 78716
CBF freq dist: (1) 110, (1-100) 1328, (100-1000) 1817, (1k-2k) 30, (2k-3k) 13, (3k-5k) 15, (5k-65534) 62, (65k) 0 
CBF freq dist: (1) 63, (1-100) 1711, (100-1000) 918, (1k-2k) 19, (2k-3k) 9, (3k-5k) 16, (5k-65534) 52, (65k) 0 
collected one batch of samples. pages to migrate = 316 
start promoting 19 pages
pages migrated: 315, lfu # items: 3279, lfu sample size: 1500000, samples: 1500000, node 0 mem 139968
CBF freq dist: (1) 117, (1-100) 1340, (100-1000) 1818, (1k-2k) 30, (2k-3k) 11, (3k-5k) 13, (5k-65534) 67, (65k) 0 
CBF freq dist: (1) 62, (1-100) 1708, (100-1000) 927, (1k-2k) 15, (2k-3k) 10, (3k-5k) 13, (5k-65534) 59, (65k) 0 
collected one batch of samples. pages to migrate = 342 
start promoting 24 pages
pages migrated: 339, lfu # items: 3279, lfu sample size: 1600000, samples: 1600000, node 0 mem 95272
CBF freq dist: (1) 117, (1-100) 1338, (100-1000) 1819, (1k-2k) 28, (2k-3k) 11, (3k-5k) 12, (5k-65534) 71, (65k) 0 
CBF freq dist: (1) 61, (1-100) 1694, (100-1000) 941, (1k-2k) 13, (2k-3k) 12, (3k-5k) 8, (5k-65534) 64, (65k) 0 
[DEBUG] Halving CBF counters.
collected one batch of samples. pages to migrate = 298 
start promoting 5 pages
pages migrated: 344, lfu # items: 3280, lfu sample size: 1700000, samples: 1700000, node 0 mem 76808
CBF freq dist: (1) 118, (1-100) 1334, (100-1000) 1823, (1k-2k) 28, (2k-3k) 11, (3k-5k) 12, (5k-65534) 72, (65k) 0 
CBF freq dist: (1) 69, (1-100) 2197, (100-1000) 387, (1k-2k) 17, (2k-3k) 4, (3k-5k) 19, (5k-65534) 47, (65k) 0 
collected one batch of samples. pages to migrate = 189 
start promoting 1 pages
pages migrated: 345, lfu # items: 3280, lfu sample size: 1800000, samples: 1800000, node 0 mem 145604
CBF freq dist: (1) 118, (1-100) 1326, (100-1000) 1830, (1k-2k) 27, (2k-3k) 12, (3k-5k) 13, (5k-65534) 72, (65k) 0 
CBF freq dist: (1) 65, (1-100) 2168, (100-1000) 413, (1k-2k) 17, (2k-3k) 4, (3k-5k) 18, (5k-65534) 51, (65k) 0 
collected one batch of samples. pages to migrate = 321 
start promoting 69 pages
pages migrated: 414, lfu # items: 3280, lfu sample size: 1900000, samples: 1900000, node 0 mem 86224
CBF freq dist: (1) 118, (1-100) 1267, (100-1000) 1887, (1k-2k) 29, (2k-3k) 11, (3k-5k) 14, (5k-65534) 72, (65k) 0 
CBF freq dist: (1) 65, (1-100) 2017, (100-1000) 561, (1k-2k) 18, (2k-3k) 5, (3k-5k) 14, (5k-65534) 56, (65k) 0 
collected one batch of samples. pages to migrate = 367 
start promoting 5 pages
pages migrated: 419, lfu # items: 3280, lfu sample size: 2000000, samples: 2000000, node 0 mem 93780
CBF freq dist: (1) 118, (1-100) 1260, (100-1000) 1762, (1k-2k) 161, (2k-3k) 11, (3k-5k) 14, (5k-65534) 72, (65k) 0 
CBF freq dist: (1) 66, (1-100) 1990, (100-1000) 462, (1k-2k) 145, (2k-3k) 5, (3k-5k) 14, (5k-65534) 56, (65k) 0 
collected one batch of samples. pages to migrate = 289 
start promoting 7 pages
pages migrated: 426, lfu # items: 3280, lfu sample size: 2100000, samples: 2100000, node 0 mem 71572
CBF freq dist: (1) 118, (1-100) 1249, (100-1000) 1770, (1k-2k) 102, (2k-3k) 73, (3k-5k) 14, (5k-65534) 72, (65k) 0 
CBF freq dist: (1) 65, (1-100) 1975, (100-1000) 475, (1k-2k) 88, (2k-3k) 63, (3k-5k) 15, (5k-65534) 56, (65k) 0 
collected one batch of samples. pages to migrate = 300 
start promoting 4 pages
pages migrated: 430, lfu # items: 3288, lfu sample size: 2200000, samples: 2200000, node 0 mem 81248
CBF freq dist: (1) 116, (1-100) 1244, (100-1000) 1783, (1k-2k) 35, (2k-3k) 112, (3k-5k) 42, (5k-65534) 72, (65k) 0 
CBF freq dist: (1) 66, (1-100) 1965, (100-1000) 492, (1k-2k) 19, (2k-3k) 116, (3k-5k) 31, (5k-65534) 56, (65k) 0 
[DEBUG] Halving CBF counters.
collected one batch of samples. pages to migrate = 243 
start promoting 2 pages
pages migrated: 432, lfu # items: 3288, lfu sample size: 2300000, samples: 2300000, node 0 mem 71268
CBF freq dist: (1) 116, (1-100) 1229, (100-1000) 1797, (1k-2k) 36, (2k-3k) 75, (3k-5k) 78, (5k-65534) 73, (65k) 0 
CBF freq dist: (1) 71, (1-100) 2190, (100-1000) 220, (1k-2k) 78, (2k-3k) 77, (3k-5k) 32, (5k-65534) 16, (65k) 0 
collected one batch of samples. pages to migrate = 256 
start promoting 4 pages
pages migrated: 436, lfu # items: 3289, lfu sample size: 2400000, samples: 2400000, node 0 mem 70700
CBF freq dist: (1) 117, (1-100) 1208, (100-1000) 1817, (1k-2k) 38, (2k-3k) 12, (3k-5k) 139, (5k-65534) 75, (65k) 0 
CBF freq dist: (1) 72, (1-100) 2168, (100-1000) 242, (1k-2k) 12, (2k-3k) 88, (3k-5k) 87, (5k-65534) 18, (65k) 0 
collected one batch of samples. pages to migrate = 268 
start promoting 9 pages
pages migrated: 445, lfu # items: 3292, lfu sample size: 2500000, samples: 2500000, node 0 mem 76616
CBF freq dist: (1) 118, (1-100) 1194, (100-1000) 1830, (1k-2k) 42, (2k-3k) 11, (3k-5k) 81, (5k-65534) 134, (65k) 0 
CBF freq dist: (1) 73, (1-100) 2140, (100-1000) 273, (1k-2k) 13, (2k-3k) 85, (3k-5k) 90, (5k-65534) 18, (65k) 0 
collected one batch of samples. pages to migrate = 276 
start promoting 6 pages
pages migrated: 451, lfu # items: 3292, lfu sample size: 2600000, samples: 2600000, node 0 mem 89716
CBF freq dist: (1) 117, (1-100) 1170, (100-1000) 1849, (1k-2k) 46, (2k-3k) 11, (3k-5k) 81, (5k-65534) 135, (65k) 0 
CBF freq dist: (1) 70, (1-100) 2114, (100-1000) 300, (1k-2k) 13, (2k-3k) 16, (3k-5k) 159, (5k-65534) 18, (65k) 0 
collected one batch of samples. pages to migrate = 298 
start promoting 12 pages
pages migrated: 463, lfu # items: 3300, lfu sample size: 2700000, samples: 2700000, node 0 mem 82260
CBF freq dist: (1) 119, (1-100) 1164, (100-1000) 1862, (1k-2k) 47, (2k-3k) 10, (3k-5k) 24, (5k-65534) 193, (65k) 0 
CBF freq dist: (1) 70, (1-100) 2099, (100-1000) 320, (1k-2k) 15, (2k-3k) 16, (3k-5k) 100, (5k-65534) 77, (65k) 0 
[DEBUG] Halving CBF counters.
collected one batch of samples. pages to migrate = 293 
start promoting 4 pages
pages migrated: 467, lfu # items: 3300, lfu sample size: 2800000, samples: 2800000, node 0 mem 80004
CBF freq dist: (1) 119, (1-100) 1136, (100-1000) 1888, (1k-2k) 49, (2k-3k) 9, (3k-5k) 15, (5k-65534) 203, (65k) 0 
CBF freq dist: (1) 76, (1-100) 2237, (100-1000) 127, (1k-2k) 20, (2k-3k) 103, (3k-5k) 70, (5k-65534) 1, (65k) 0 
collected one batch of samples. pages to migrate = 273 
start promoting 2 pages
pages migrated: 469, lfu # items: 3300, lfu sample size: 2900000, samples: 2900000, node 0 mem 74768
CBF freq dist: (1) 119, (1-100) 1114, (100-1000) 1906, (1k-2k) 53, (2k-3k) 9, (3k-5k) 15, (5k-65534) 203, (65k) 0 
CBF freq dist: (1) 71, (1-100) 2207, (100-1000) 158, (1k-2k) 20, (2k-3k) 69, (3k-5k) 103, (5k-65534) 2, (65k) 0 
collected one batch of samples. pages to migrate = 260 
no slow pages to promote
pages migrated: 469, lfu # items: 3300, lfu sample size: 3000000, samples: 3000000, node 0 mem 84392
CBF freq dist: (1) 118, (1-100) 1083, (100-1000) 1936, (1k-2k) 53, (2k-3k) 10, (3k-5k) 15, (5k-65534) 203, (65k) 0 
CBF freq dist: (1) 67, (1-100) 2175, (100-1000) 191, (1k-2k) 20, (2k-3k) 32, (3k-5k) 111, (5k-65534) 31, (65k) 0 
collected one batch of samples. pages to migrate = 272 
start promoting 2 pages
pages migrated: 471, lfu # items: 3300, lfu sample size: 3100000, samples: 3100000, node 0 mem 70504
CBF freq dist: (1) 118, (1-100) 1065, (100-1000) 1950, (1k-2k) 57, (2k-3k) 10, (3k-5k) 15, (5k-65534) 203, (65k) 0 
CBF freq dist: (1) 67, (1-100) 2155, (100-1000) 214, (1k-2k) 21, (2k-3k) 31, (3k-5k) 82, (5k-65534) 61, (65k) 0 
collected one batch of samples. pages to migrate = 289 
no slow pages to promote
pages migrated: 471, lfu # items: 3300, lfu sample size: 3200000, samples: 3200000, node 0 mem 68828
CBF freq dist: (1) 117, (1-100) 1046, (100-1000) 1966, (1k-2k) 60, (2k-3k) 10, (3k-5k) 15, (5k-65534) 203, (65k) 0 
CBF freq dist: (1) 64, (1-100) 2141, (100-1000) 224, (1k-2k) 26, (2k-3k) 31, (3k-5k) 82, (5k-65534) 61, (65k) 0 
collected one batch of samples. pages to migrate = 280 
no slow pages to promote
pages migrated: 471, lfu # items: 3300, lfu sample size: 3300000, samples: 3300000, node 0 mem 80348
CBF freq dist: (1) 117, (1-100) 1011, (100-1000) 1999, (1k-2k) 59, (2k-3k) 13, (3k-5k) 14, (5k-65534) 204, (65k) 0 
CBF freq dist: (1) 63, (1-100) 2118, (100-1000) 249, (1k-2k) 28, (2k-3k) 31, (3k-5k) 15, (5k-65534) 128, (65k) 0 
[DEBUG] Halving CBF counters.
collected one batch of samples. pages to migrate = 255 
no slow pages to promote
pages migrated: 471, lfu # items: 3306, lfu sample size: 3400000, samples: 3400000, node 0 mem 91140
CBF freq dist: (1) 119, (1-100) 994, (100-1000) 2021, (1k-2k) 59, (2k-3k) 14, (3k-5k) 14, (5k-65534) 204, (65k) 0 
CBF freq dist: (1) 116, (1-100) 2180, (100-1000) 160, (1k-2k) 39, (2k-3k) 9, (3k-5k) 127, (5k-65534) 1, (65k) 0 
collected one batch of samples. pages to migrate = 256 
start promoting 1 pages
pages migrated: 472, lfu # items: 3323, lfu sample size: 3500000, samples: 3500000, node 0 mem 137396
CBF freq dist: (1) 120, (1-100) 984, (100-1000) 2048, (1k-2k) 58, (2k-3k) 15, (3k-5k) 14, (5k-65534) 204, (65k) 0 
CBF freq dist: (1) 108, (1-100) 2165, (100-1000) 190, (1k-2k) 36, (2k-3k) 13, (3k-5k) 70, (5k-65534) 58, (65k) 0 
collected one batch of samples. pages to migrate = 244 
start promoting 2 pages
pages migrated: 474, lfu # items: 3379, lfu sample size: 3600000, samples: 3600000, node 0 mem 80708
CBF freq dist: (1) 122, (1-100) 1019, (100-1000) 2066, (1k-2k) 59, (2k-3k) 17, (3k-5k) 14, (5k-65534) 204, (65k) 0 
CBF freq dist: (1) 106, (1-100) 2171, (100-1000) 218, (1k-2k) 38, (2k-3k) 14, (3k-5k) 68, (5k-65534) 60, (65k) 0 
collected one batch of samples. pages to migrate = 275 
start promoting 1 pages
pages migrated: 475, lfu # items: 3471, lfu sample size: 3700000, samples: 3700000, node 0 mem 75528
CBF freq dist: (1) 126, (1-100) 1097, (100-1000) 2079, (1k-2k) 58, (2k-3k) 19, (3k-5k) 14, (5k-65534) 204, (65k) 0 
CBF freq dist: (1) 101, (1-100) 2201, (100-1000) 244, (1k-2k) 39, (2k-3k) 14, (3k-5k) 63, (5k-65534) 67, (65k) 0 
collected one batch of samples. pages to migrate = 277 
start promoting 2 pages
pages migrated: 477, lfu # items: 3576, lfu sample size: 3800000, samples: 3800000, node 0 mem 91568
CBF freq dist: (1) 129, (1-100) 1194, (100-1000) 2084, (1k-2k) 59, (2k-3k) 21, (3k-5k) 14, (5k-65534) 204, (65k) 0 
CBF freq dist: (1) 89, (1-100) 2235, (100-1000) 266, (1k-2k) 41, (2k-3k) 13, (3k-5k) 3, (5k-65534) 128, (65k) 0 
[DEBUG] Halving CBF counters.
collected one batch of samples. pages to migrate = 274 
start promoting 2 pages
pages migrated: 479, lfu # items: 3742, lfu sample size: 3900000, samples: 3900000, node 0 mem 80016
CBF freq dist: (1) 132, (1-100) 1338, (100-1000) 2106, (1k-2k) 57, (2k-3k) 21, (3k-5k) 16, (5k-65534) 204, (65k) 0 
CBF freq dist: (1) 160, (1-100) 2400, (100-1000) 161, (1k-2k) 18, (2k-3k) 23, (3k-5k) 106, (5k-65534) 0, (65k) 0 
collected one batch of samples. pages to migrate = 281 
start promoting 10 pages
pages migrated: 489, lfu # items: 3909, lfu sample size: 4000000, samples: 4000000, node 0 mem 90288
CBF freq dist: (1) 145, (1-100) 1483, (100-1000) 2127, (1k-2k) 57, (2k-3k) 22, (3k-5k) 16, (5k-65534) 204, (65k) 0 
CBF freq dist: (1) 161, (1-100) 2452, (100-1000) 209, (1k-2k) 20, (2k-3k) 3, (3k-5k) 93, (5k-65534) 34, (65k) 0 
collected one batch of samples. pages to migrate = 294 
start promoting 19 pages
pages migrated: 508, lfu # items: 4088, lfu sample size: 4100000, samples: 4100000, node 0 mem 350808
benchmark/large/tpch-sf100/q03.benchmark	1	CBF freq dist: (1) 158, (1-100) 1641, (100-1000) 2148, (1k-2k) 54, (2k-3k) 21, (3k-5k) 20, (5k-65534) 204, (65k) 0 
CBF freq dist: (1) 162, (1-100) 2513, (100-1000) 249, (1k-2k) 22, (2k-3k) 4, (3k-5k) 68, (5k-65534) 59, (65k) 0 
collected one batch of samples. pages to migrate = 405 
start promoting 24 pages
pages migrated: 532, lfu # items: 4222, lfu sample size: 4200000, samples: 4200000, node 0 mem 346772
CBF freq dist: (1) 150, (1-100) 1729, (100-1000) 2136, (1k-2k) 103, (2k-3k) 29, (3k-5k) 20, (5k-65534) 205, (65k) 0 
CBF freq dist: (1) 154, (1-100) 2479, (100-1000) 297, (1k-2k) 66, (2k-3k) 7, (3k-5k) 69, (5k-65534) 59, (65k) 0 
collected one batch of samples. pages to migrate = 249 
start promoting 7 pages
pages migrated: 539, lfu # items: 4222, lfu sample size: 4300000, samples: 4300000, node 0 mem 360232
CBF freq dist: (1) 150, (1-100) 1729, (100-1000) 2122, (1k-2k) 68, (2k-3k) 65, (3k-5k) 33, (5k-65534) 205, (65k) 0 
CBF freq dist: (1) 153, (1-100) 2474, (100-1000) 277, (1k-2k) 38, (2k-3k) 58, (3k-5k) 72, (5k-65534) 59, (65k) 0 
collected one batch of samples. pages to migrate = 416 
start promoting 71 pages
pages migrated: 610, lfu # items: 4222, lfu sample size: 4400000, samples: 4400000, node 0 mem 237580
CBF freq dist: (1) 150, (1-100) 1727, (100-1000) 2115, (1k-2k) 73, (2k-3k) 24, (3k-5k) 75, (5k-65534) 208, (65k) 0 
CBF freq dist: (1) 151, (1-100) 2464, (100-1000) 286, (1k-2k) 31, (2k-3k) 20, (3k-5k) 120, (5k-65534) 59, (65k) 0 
[DEBUG] Halving CBF counters.
collected one batch of samples. pages to migrate = 395 
start promoting 3 pages
pages migrated: 613, lfu # items: 4223, lfu sample size: 4500000, samples: 4500000, node 0 mem 246860
CBF freq dist: (1) 150, (1-100) 1719, (100-1000) 2121, (1k-2k) 76, (2k-3k) 23, (3k-5k) 75, (5k-65534) 209, (65k) 0 
CBF freq dist: (1) 185, (1-100) 2423, (100-1000) 210, (1k-2k) 67, (2k-3k) 57, (3k-5k) 77, (5k-65534) 0, (65k) 0 
collected one batch of samples. pages to migrate = 312 
start promoting 2 pages
pages migrated: 615, lfu # items: 4223, lfu sample size: 4600000, samples: 4600000, node 0 mem 257960
CBF freq dist: (1) 150, (1-100) 1700, (100-1000) 2140, (1k-2k) 76, (2k-3k) 22, (3k-5k) 75, (5k-65534) 210, (65k) 0 
CBF freq dist: (1) 161, (1-100) 2421, (100-1000) 219, (1k-2k) 69, (2k-3k) 5, (3k-5k) 129, (5k-65534) 0, (65k) 0 
collected one batch of samples. pages to migrate = 283 
start promoting 1 pages
pages migrated: 616, lfu # items: 4223, lfu sample size: 4700000, samples: 4700000, node 0 mem 307500
CBF freq dist: (1) 149, (1-100) 1674, (100-1000) 2165, (1k-2k) 75, (2k-3k) 24, (3k-5k) 75, (5k-65534) 210, (65k) 0 
CBF freq dist: (1) 146, (1-100) 2405, (100-1000) 236, (1k-2k) 68, (2k-3k) 6, (3k-5k) 87, (5k-65534) 43, (65k) 0 
collected one batch of samples. pages to migrate = 262 
start promoting 3 pages
pages migrated: 619, lfu # items: 4229, lfu sample size: 4800000, samples: 4800000, node 0 mem 347228
CBF freq dist: (1) 148, (1-100) 1660, (100-1000) 2184, (1k-2k) 76, (2k-3k) 24, (3k-5k) 74, (5k-65534) 211, (65k) 0 
CBF freq dist: (1) 131, (1-100) 2393, (100-1000) 257, (1k-2k) 68, (2k-3k) 6, (3k-5k) 37, (5k-65534) 94, (65k) 0 
collected one batch of samples. pages to migrate = 308 
start promoting 4 pages
pages migrated: 623, lfu # items: 4241, lfu sample size: 4900000, samples: 4900000, node 0 mem 293392
CBF freq dist: (1) 141, (1-100) 1653, (100-1000) 2201, (1k-2k) 78, (2k-3k) 23, (3k-5k) 74, (5k-65534) 212, (65k) 0 
CBF freq dist: (1) 124, (1-100) 2376, (100-1000) 285, (1k-2k) 69, (2k-3k) 7, (3k-5k) 3, (5k-65534) 128, (65k) 0 
[DEBUG] Number of hot pages promoted in 50 batches = 623 
[DEBUG] Halving CBF counters.
collected one batch of samples. pages to migrate = 284 
start promoting 2 pages
pages migrated: 625, lfu # items: 4271, lfu sample size: 5000000, samples: 5000000, node 0 mem 356324
2.262799
CBF freq dist: (1) 128, (1-100) 1656, (100-1000) 2226, (1k-2k) 80, (2k-3k) 23, (3k-5k) 74, (5k-65534) 212, (65k) 0 
CBF freq dist: (1) 62, (1-100) 2403, (100-1000) 233, (1k-2k) 9, (2k-3k) 8, (3k-5k) 122, (5k-65534) 0, (65k) 0 
collected one batch of samples. pages to migrate = 412 
no slow pages to promote
pages migrated: 625, lfu # items: 4312, lfu sample size: 5100000, samples: 5100000, node 0 mem 1526880
CBF freq dist: (1) 117, (1-100) 1657, (100-1000) 2256, (1k-2k) 84, (2k-3k) 22, (3k-5k) 75, (5k-65534) 218, (65k) 0 
CBF freq dist: (1) 45, (1-100) 2401, (100-1000) 276, (1k-2k) 17, (2k-3k) 7, (3k-5k) 134, (5k-65534) 0, (65k) 0 
collected one batch of samples. pages to migrate = 156 
no slow pages to promote
pages migrated: 625, lfu # items: 4312, lfu sample size: 5200000, samples: 5200000, node 0 mem 930496
CBF freq dist: (1) 117, (1-100) 1656, (100-1000) 2246, (1k-2k) 90, (2k-3k) 23, (3k-5k) 70, (5k-65534) 227, (65k) 0 
CBF freq dist: (1) 39, (1-100) 2343, (100-1000) 325, (1k-2k) 20, (2k-3k) 8, (3k-5k) 132, (5k-65534) 11, (65k) 0 
collected one batch of samples. pages to migrate = 202 
no slow pages to promote
pages migrated: 625, lfu # items: 4312, lfu sample size: 5300000, samples: 5300000, node 0 mem 446512
CBF freq dist: (1) 117, (1-100) 1655, (100-1000) 2235, (1k-2k) 100, (2k-3k) 24, (3k-5k) 69, (5k-65534) 229, (65k) 0 
CBF freq dist: (1) 36, (1-100) 2275, (100-1000) 392, (1k-2k) 17, (2k-3k) 11, (3k-5k) 133, (5k-65534) 15, (65k) 0 
collected one batch of samples. pages to migrate = 379 
start promoting 107 pages
pages migrated: 732, lfu # items: 4312, lfu sample size: 5400000, samples: 5400000, node 0 mem 114180
CBF freq dist: (1) 117, (1-100) 1640, (100-1000) 2233, (1k-2k) 113, (2k-3k) 28, (3k-5k) 69, (5k-65534) 229, (65k) 0 
CBF freq dist: (1) 29, (1-100) 2081, (100-1000) 580, (1k-2k) 24, (2k-3k) 13, (3k-5k) 131, (5k-65534) 17, (65k) 0 
collected one batch of samples. pages to migrate = 448 
start promoting 8 pages
pages migrated: 740, lfu # items: 4312, lfu sample size: 5500000, samples: 5500000, node 0 mem 107580
CBF freq dist: (1) 117, (1-100) 1639, (100-1000) 2191, (1k-2k) 149, (2k-3k) 27, (3k-5k) 69, (5k-65534) 237, (65k) 0 
CBF freq dist: (1) 28, (1-100) 2055, (100-1000) 597, (1k-2k) 26, (2k-3k) 11, (3k-5k) 132, (5k-65534) 25, (65k) 0 
[DEBUG] Halving CBF counters.
collected one batch of samples. pages to migrate = 338 
start promoting 6 pages
pages migrated: 746, lfu # items: 4314, lfu sample size: 5600000, samples: 5600000, node 0 mem 71736
CBF freq dist: (1) 116, (1-100) 1638, (100-1000) 2176, (1k-2k) 167, (2k-3k) 26, (3k-5k) 70, (5k-65534) 237, (65k) 0 
CBF freq dist: (1) 148, (1-100) 2276, (100-1000) 386, (1k-2k) 112, (2k-3k) 35, (3k-5k) 5, (5k-65534) 18, (65k) 0 
collected one batch of samples. pages to migrate = 333 
start promoting 7 pages
pages migrated: 753, lfu # items: 4314, lfu sample size: 5700000, samples: 5700000, node 0 mem 96956
CBF freq dist: (1) 116, (1-100) 1637, (100-1000) 2149, (1k-2k) 195, (2k-3k) 26, (3k-5k) 69, (5k-65534) 238, (65k) 0 
CBF freq dist: (1) 142, (1-100) 2259, (100-1000) 405, (1k-2k) 113, (2k-3k) 35, (3k-5k) 5, (5k-65534) 18, (65k) 0 
collected one batch of samples. pages to migrate = 344 
start promoting 14 pages
pages migrated: 767, lfu # items: 4314, lfu sample size: 5800000, samples: 5800000, node 0 mem 120836
CBF freq dist: (1) 116, (1-100) 1636, (100-1000) 2136, (1k-2k) 208, (2k-3k) 27, (3k-5k) 69, (5k-65534) 238, (65k) 0 
CBF freq dist: (1) 142, (1-100) 2243, (100-1000) 425, (1k-2k) 111, (2k-3k) 37, (3k-5k) 5, (5k-65534) 18, (65k) 0 
collected one batch of samples. pages to migrate = 372 
start promoting 16 pages
pages migrated: 783, lfu # items: 4325, lfu sample size: 5900000, samples: 5900000, node 0 mem 92448
CBF freq dist: (1) 116, (1-100) 1642, (100-1000) 2129, (1k-2k) 220, (2k-3k) 27, (3k-5k) 69, (5k-65534) 238, (65k) 0 
CBF freq dist: (1) 142, (1-100) 2244, (100-1000) 441, (1k-2k) 108, (2k-3k) 40, (3k-5k) 5, (5k-65534) 18, (65k) 0 
collected one batch of samples. pages to migrate = 374 
start promoting 15 pages
pages migrated: 798, lfu # items: 4325, lfu sample size: 6000000, samples: 6000000, node 0 mem 88548
CBF freq dist: (1) 115, (1-100) 1636, (100-1000) 2134, (1k-2k) 221, (2k-3k) 27, (3k-5k) 69, (5k-65534) 237, (65k) 1 
CBF freq dist: (1) 139, (1-100) 2245, (100-1000) 453, (1k-2k) 108, (2k-3k) 41, (3k-5k) 5, (5k-65534) 18, (65k) 0 
[DEBUG] Halving CBF counters.
collected one batch of samples. pages to migrate = 372 
start promoting 8 pages
pages migrated: 806, lfu # items: 4325, lfu sample size: 6100000, samples: 6100000, node 0 mem 70736
CBF freq dist: (1) 115, (1-100) 1634, (100-1000) 2131, (1k-2k) 226, (2k-3k) 27, (3k-5k) 69, (5k-65534) 230, (65k) 8 
CBF freq dist: (1) 213, (1-100) 2240, (100-1000) 426, (1k-2k) 48, (2k-3k) 5, (3k-5k) 6, (5k-65534) 9, (65k) 0 
collected one batch of samples. pages to migrate = 346 
start promoting 11 pages
pages migrated: 817, lfu # items: 4325, lfu sample size: 6200000, samples: 6200000, node 0 mem 78756
CBF freq dist: (1) 115, (1-100) 1629, (100-1000) 2135, (1k-2k) 227, (2k-3k) 27, (3k-5k) 69, (5k-65534) 230, (65k) 8 
CBF freq dist: (1) 210, (1-100) 2230, (100-1000) 442, (1k-2k) 49, (2k-3k) 5, (3k-5k) 6, (5k-65534) 9, (65k) 0 
frac of unuseful samples too high. Dropping fast tier sampling frequency to 50000 
closing perf counter 0, 0
[INFO] Hybridtier perf sampling freq: 50000
Perf mmap size 135168, page size 4096 
closing perf counter 1, 0
[INFO] Hybridtier perf sampling freq: 50000
Perf mmap size 135168, page size 4096 
closing perf counter 2, 0
[INFO] Hybridtier perf sampling freq: 50000
Perf mmap size 135168, page size 4096 
closing perf counter 3, 0
[INFO] Hybridtier perf sampling freq: 50000
Perf mmap size 135168, page size 4096 
closing perf counter 4, 0
[INFO] Hybridtier perf sampling freq: 50000
Perf mmap size 135168, page size 4096 
closing perf counter 5, 0
[INFO] Hybridtier perf sampling freq: 50000
Perf mmap size 135168, page size 4096 
closing perf counter 6, 0
[INFO] Hybridtier perf sampling freq: 50000
Perf mmap size 135168, page size 4096 
closing perf counter 7, 0
[INFO] Hybridtier perf sampling freq: 50000
Perf mmap size 135168, page size 4096 
closing perf counter 8, 0
[INFO] Hybridtier perf sampling freq: 50000
Perf mmap size 135168, page size 4096 
closing perf counter 9, 0
[INFO] Hybridtier perf sampling freq: 50000
Perf mmap size 135168, page size 4096 
closing perf counter 10, 0
[INFO] Hybridtier perf sampling freq: 50000
Perf mmap size 135168, page size 4096 
closing perf counter 11, 0
[INFO] Hybridtier perf sampling freq: 50000
Perf mmap size 135168, page size 4096 
closing perf counter 12, 0
[INFO] Hybridtier perf sampling freq: 50000
Perf mmap size 135168, page size 4096 
closing perf counter 13, 0
[INFO] Hybridtier perf sampling freq: 50000
Perf mmap size 135168, page size 4096 
closing perf counter 14, 0
[INFO] Hybridtier perf sampling freq: 50000
Perf mmap size 135168, page size 4096 
closing perf counter 15, 0
[INFO] Hybridtier perf sampling freq: 50000
Perf mmap size 135168, page size 4096 
collected one batch of samples. pages to migrate = 341 
start promoting 2 pages
pages migrated: 819, lfu # items: 4326, lfu sample size: 6300000, samples: 6300000, node 0 mem 82888
CBF freq dist: (1) 115, (1-100) 1617, (100-1000) 2140, (1k-2k) 235, (2k-3k) 27, (3k-5k) 69, (5k-65534) 230, (65k) 8 
CBF freq dist: (1) 193, (1-100) 2230, (100-1000) 458, (1k-2k) 51, (2k-3k) 5, (3k-5k) 6, (5k-65534) 9, (65k) 0 
frac of unuseful samples too high. Dropping fast tier sampling frequency to 25000 
closing perf counter 0, 0
[INFO] Hybridtier perf sampling freq: 25000
Perf mmap size 135168, page size 4096 
closing perf counter 1, 0
[INFO] Hybridtier perf sampling freq: 25000
Perf mmap size 135168, page size 4096 
closing perf counter 2, 0
[INFO] Hybridtier perf sampling freq: 25000
Perf mmap size 135168, page size 4096 
closing perf counter 3, 0
[INFO] Hybridtier perf sampling freq: 25000
Perf mmap size 135168, page size 4096 
closing perf counter 4, 0
[INFO] Hybridtier perf sampling freq: 25000
Perf mmap size 135168, page size 4096 
closing perf counter 5, 0
[INFO] Hybridtier perf sampling freq: 25000
Perf mmap size 135168, page size 4096 
closing perf counter 6, 0
[INFO] Hybridtier perf sampling freq: 25000
Perf mmap size 135168, page size 4096 
closing perf counter 7, 0
[INFO] Hybridtier perf sampling freq: 25000
Perf mmap size 135168, page size 4096 
closing perf counter 8, 0
[INFO] Hybridtier perf sampling freq: 25000
Perf mmap size 135168, page size 4096 
closing perf counter 9, 0
[INFO] Hybridtier perf sampling freq: 25000
Perf mmap size 135168, page size 4096 
closing perf counter 10, 0
[INFO] Hybridtier perf sampling freq: 25000
Perf mmap size 135168, page size 4096 
closing perf counter 11, 0
[INFO] Hybridtier perf sampling freq: 25000
Perf mmap size 135168, page size 4096 
closing perf counter 12, 0
[INFO] Hybridtier perf sampling freq: 25000
Perf mmap size 135168, page size 4096 
closing perf counter 13, 0
[INFO] Hybridtier perf sampling freq: 25000
Perf mmap size 135168, page size 4096 
closing perf counter 14, 0
[INFO] Hybridtier perf sampling freq: 25000
Perf mmap size 135168, page size 4096 
closing perf counter 15, 0
[INFO] Hybridtier perf sampling freq: 25000
Perf mmap size 135168, page size 4096 
collected one batch of samples. pages to migrate = 340 
start promoting 9 pages
pages migrated: 828, lfu # items: 4326, lfu sample size: 6400000, samples: 6400000, node 0 mem 95416
CBF freq dist: (1) 115, (1-100) 1597, (100-1000) 2150, (1k-2k) 244, (2k-3k) 27, (3k-5k) 70, (5k-65534) 230, (65k) 8 
CBF freq dist: (1) 173, (1-100) 2218, (100-1000) 489, (1k-2k) 54, (2k-3k) 6, (3k-5k) 6, (5k-65534) 5, (65k) 4 
frac of unuseful samples too high. Dropping fast tier sampling frequency to 12500 
closing perf counter 0, 0
[INFO] Hybridtier perf sampling freq: 12500
Perf mmap size 135168, page size 4096 
closing perf counter 1, 0
[INFO] Hybridtier perf sampling freq: 12500
Perf mmap size 135168, page size 4096 
closing perf counter 2, 0
[INFO] Hybridtier perf sampling freq: 12500
Perf mmap size 135168, page size 4096 
closing perf counter 3, 0
[INFO] Hybridtier perf sampling freq: 12500
Perf mmap size 135168, page size 4096 
closing perf counter 4, 0
[INFO] Hybridtier perf sampling freq: 12500
Perf mmap size 135168, page size 4096 
closing perf counter 5, 0
[INFO] Hybridtier perf sampling freq: 12500
Perf mmap size 135168, page size 4096 
closing perf counter 6, 0
[INFO] Hybridtier perf sampling freq: 12500
Perf mmap size 135168, page size 4096 
closing perf counter 7, 0
[INFO] Hybridtier perf sampling freq: 12500
Perf mmap size 135168, page size 4096 
closing perf counter 8, 0
[INFO] Hybridtier perf sampling freq: 12500
Perf mmap size 135168, page size 4096 
closing perf counter 9, 0
[INFO] Hybridtier perf sampling freq: 12500
Perf mmap size 135168, page size 4096 
closing perf counter 10, 0
[INFO] Hybridtier perf sampling freq: 12500
Perf mmap size 135168, page size 4096 
closing perf counter 11, 0
[INFO] Hybridtier perf sampling freq: 12500
Perf mmap size 135168, page size 4096 
closing perf counter 12, 0
[INFO] Hybridtier perf sampling freq: 12500
Perf mmap size 135168, page size 4096 
closing perf counter 13, 0
[INFO] Hybridtier perf sampling freq: 12500
Perf mmap size 135168, page size 4096 
closing perf counter 14, 0
[INFO] Hybridtier perf sampling freq: 12500
Perf mmap size 135168, page size 4096 
closing perf counter 15, 0
[INFO] Hybridtier perf sampling freq: 12500
Perf mmap size 135168, page size 4096 
collected one batch of samples. pages to migrate = 350 
start promoting 13 pages
pages migrated: 841, lfu # items: 4349, lfu sample size: 6500000, samples: 6500000, node 0 mem 85688
benchmark/large/tpch-sf100/q04.benchmark	1	CBF freq dist: (1) 116, (1-100) 1528, (100-1000) 2238, (1k-2k) 247, (2k-3k) 28, (3k-5k) 70, (5k-65534) 230, (65k) 8 
CBF freq dist: (1) 144, (1-100) 2208, (100-1000) 537, (1k-2k) 55, (2k-3k) 5, (3k-5k) 7, (5k-65534) 1, (65k) 8 
collected one batch of samples. pages to migrate = 521 
start promoting 148 pages
pages migrated: 989, lfu # items: 4521, lfu sample size: 6600000, samples: 6600000, node 0 mem 121360
CBF freq dist: (1) 235, (1-100) 1599, (100-1000) 2321, (1k-2k) 258, (2k-3k) 35, (3k-5k) 69, (5k-65534) 231, (65k) 8 
CBF freq dist: (1) 183, (1-100) 2183, (100-1000) 644, (1k-2k) 61, (2k-3k) 10, (3k-5k) 8, (5k-65534) 1, (65k) 8 
[DEBUG] Halving CBF counters.
collected one batch of samples. pages to migrate = 368 
start promoting 10 pages
pages migrated: 999, lfu # items: 4521, lfu sample size: 6700000, samples: 6700000, node 0 mem 120804
CBF freq dist: (1) 233, (1-100) 1589, (100-1000) 2316, (1k-2k) 225, (2k-3k) 76, (3k-5k) 69, (5k-65534) 238, (65k) 8 
CBF freq dist: (1) 77, (1-100) 2262, (100-1000) 396, (1k-2k) 57, (2k-3k) 2, (3k-5k) 0, (5k-65534) 15, (65k) 0 
collected one batch of samples. pages to migrate = 439 
start promoting 9 pages
pages migrated: 1008, lfu # items: 4550, lfu sample size: 6800000, samples: 6800000, node 0 mem 203452
2.332169
CBF freq dist: (1) 251, (1-100) 1577, (100-1000) 2352, (1k-2k) 219, (2k-3k) 86, (3k-5k) 69, (5k-65534) 239, (65k) 8 
CBF freq dist: (1) 91, (1-100) 2255, (100-1000) 435, (1k-2k) 58, (2k-3k) 3, (3k-5k) 0, (5k-65534) 16, (65k) 0 
collected one batch of samples. pages to migrate = 583 
start promoting 2 pages
pages migrated: 1010, lfu # items: 4574, lfu sample size: 6900000, samples: 6900000, node 0 mem 1701268
CBF freq dist: (1) 261, (1-100) 1485, (100-1000) 2464, (1k-2k) 219, (2k-3k) 89, (3k-5k) 70, (5k-65534) 239, (65k) 8 
CBF freq dist: (1) 102, (1-100) 2129, (100-1000) 580, (1k-2k) 69, (2k-3k) 1, (3k-5k) 2, (5k-65534) 16, (65k) 0 
collected one batch of samples. pages to migrate = 322 
start promoting 51 pages
pages migrated: 1061, lfu # items: 4791, lfu sample size: 7000000, samples: 7000000, node 0 mem 74440
CBF freq dist: (1) 404, (1-100) 1698, (100-1000) 2459, (1k-2k) 193, (2k-3k) 98, (3k-5k) 96, (5k-65534) 239, (65k) 8 
CBF freq dist: (1) 180, (1-100) 2166, (100-1000) 637, (1k-2k) 106, (2k-3k) 6, (3k-5k) 2, (5k-65534) 16, (65k) 0 
collected one batch of samples. pages to migrate = 490 
start promoting 192 pages
pages migrated: 1253, lfu # items: 4804, lfu sample size: 7100000, samples: 7100000, node 0 mem 67204
CBF freq dist: (1) 407, (1-100) 1691, (100-1000) 2463, (1k-2k) 195, (2k-3k) 103, (3k-5k) 103, (5k-65534) 241, (65k) 8 
CBF freq dist: (1) 171, (1-100) 2058, (100-1000) 751, (1k-2k) 86, (2k-3k) 13, (3k-5k) 28, (5k-65534) 17, (65k) 0 
[DEBUG] Halving CBF counters.
collected one batch of samples. pages to migrate = 387 
start promoting 43 pages
pages migrated: 1296, lfu # items: 4816, lfu sample size: 7200000, samples: 7200000, node 0 mem 119480
CBF freq dist: (1) 411, (1-100) 1624, (100-1000) 2531, (1k-2k) 205, (2k-3k) 93, (3k-5k) 88, (5k-65534) 267, (65k) 8 
CBF freq dist: (1) 169, (1-100) 2135, (100-1000) 653, (1k-2k) 22, (2k-3k) 24, (3k-5k) 2, (5k-65534) 15, (65k) 0 
collected one batch of samples. pages to migrate = 435 
start promoting 91 pages
pages migrated: 1387, lfu # items: 5545, lfu sample size: 7300000, samples: 7300000, node 0 mem 80344
benchmark/large/tpch-sf100/q05.benchmark	1	CBF freq dist: (1) 476, (1-100) 2272, (100-1000) 2609, (1k-2k) 190, (2k-3k) 111, (3k-5k) 86, (5k-65534) 269, (65k) 8 
CBF freq dist: (1) 156, (1-100) 2283, (100-1000) 844, (1k-2k) 38, (2k-3k) 23, (3k-5k) 12, (5k-65534) 16, (65k) 0 
collected one batch of samples. pages to migrate = 497 
start promoting 72 pages
pages migrated: 1459, lfu # items: 6096, lfu sample size: 7400000, samples: 7400000, node 0 mem 124296
CBF freq dist: (1) 564, (1-100) 2743, (100-1000) 2666, (1k-2k) 201, (2k-3k) 119, (3k-5k) 84, (5k-65534) 275, (65k) 8 
CBF freq dist: (1) 144, (1-100) 2304, (100-1000) 1006, (1k-2k) 40, (2k-3k) 4, (3k-5k) 38, (5k-65534) 16, (65k) 0 
collected one batch of samples. pages to migrate = 401 
start promoting 66 pages
pages migrated: 1525, lfu # items: 6364, lfu sample size: 7500000, samples: 7500000, node 0 mem 96604
CBF freq dist: (1) 633, (1-100) 2929, (100-1000) 2684, (1k-2k) 265, (2k-3k) 118, (3k-5k) 85, (5k-65534) 275, (65k) 8 
CBF freq dist: (1) 143, (1-100) 2283, (100-1000) 1032, (1k-2k) 104, (2k-3k) 5, (3k-5k) 39, (5k-65534) 16, (65k) 0 
collected one batch of samples. pages to migrate = 568 
start promoting 79 pages
pages migrated: 1604, lfu # items: 6716, lfu sample size: 7600000, samples: 7600000, node 0 mem 108160
2.301948
CBF freq dist: (1) 718, (1-100) 3251, (100-1000) 2712, (1k-2k) 204, (2k-3k) 180, (3k-5k) 86, (5k-65534) 275, (65k) 8 
CBF freq dist: (1) 144, (1-100) 2295, (100-1000) 1115, (1k-2k) 43, (2k-3k) 63, (3k-5k) 44, (5k-65534) 16, (65k) 0 
collected one batch of samples. pages to migrate = 707 
start promoting 174 pages
pages migrated: 1778, lfu # items: 7171, lfu sample size: 7700000, samples: 7700000, node 0 mem 501104
benchmark/large/tpch-sf100/q06.benchmark	1	0.583975
CBF freq dist: (1) 769, (1-100) 3604, (100-1000) 2807, (1k-2k) 211, (2k-3k) 119, (3k-5k) 147, (5k-65534) 275, (65k) 8 
CBF freq dist: (1) 135, (1-100) 2218, (100-1000) 1277, (1k-2k) 45, (2k-3k) 9, (3k-5k) 100, (5k-65534) 16, (65k) 0 
[DEBUG] Halving CBF counters.
collected one batch of samples. pages to migrate = 668 
start promoting 189 pages
pages migrated: 1967, lfu # items: 7681, lfu sample size: 7800000, samples: 7800000, node 0 mem 127108
CBF freq dist: (1) 849, (1-100) 4012, (100-1000) 2905, (1k-2k) 212, (2k-3k) 121, (3k-5k) 148, (5k-65534) 275, (65k) 8 
CBF freq dist: (1) 89, (1-100) 2514, (100-1000) 1028, (1k-2k) 114, (2k-3k) 10, (3k-5k) 0, (5k-65534) 16, (65k) 0 
collected one batch of samples. pages to migrate = 702 
start promoting 294 pages
pages migrated: 2261, lfu # items: 7684, lfu sample size: 7900000, samples: 7900000, node 0 mem 82232
CBF freq dist: (1) 850, (1-100) 3971, (100-1000) 2944, (1k-2k) 208, (2k-3k) 122, (3k-5k) 153, (5k-65534) 278, (65k) 8 
CBF freq dist: (1) 88, (1-100) 2220, (100-1000) 1326, (1k-2k) 114, (2k-3k) 13, (3k-5k) 7, (5k-65534) 16, (65k) 0 
collected one batch of samples. pages to migrate = 902 
start promoting 456 pages
move page ret -1 
move page error: 12
got ENOMEM. trying against with 91 pages 
second promote attempt return 0
pages migrated: 2261, lfu # items: 7684, lfu sample size: 8000000, samples: 8000000, node 0 mem 54176
CBF freq dist: (1) 849, (1-100) 3902, (100-1000) 3005, (1k-2k) 215, (2k-3k) 121, (3k-5k) 150, (5k-65534) 283, (65k) 8 
CBF freq dist: (1) 83, (1-100) 1995, (100-1000) 1547, (1k-2k) 118, (2k-3k) 14, (3k-5k) 1, (5k-65534) 23, (65k) 0 
collected one batch of samples. pages to migrate = 990 
start promoting 419 pages
move page ret -1 
move page error: 12
got ENOMEM. trying against with 83 pages 
second promote attempt return -1
pages migrated: 2261, lfu # items: 7841, lfu sample size: 8100000, samples: 8100000, node 0 mem 65768
CBF freq dist: (1) 846, (1-100) 3879, (100-1000) 3184, (1k-2k) 213, (2k-3k) 123, (3k-5k) 151, (5k-65534) 283, (65k) 8 
CBF freq dist: (1) 71, (1-100) 1746, (100-1000) 1817, (1k-2k) 119, (2k-3k) 16, (3k-5k) 0, (5k-65534) 24, (65k) 0 
collected one batch of samples. pages to migrate = 703 
start promoting 418 pages
move page ret -1 
move page error: 12
got ENOMEM. trying against with 83 pages 
second promote attempt return -1
pages migrated: 2261, lfu # items: 7845, lfu sample size: 8200000, samples: 8200000, node 0 mem 65696
CBF freq dist: (1) 849, (1-100) 3737, (100-1000) 3322, (1k-2k) 220, (2k-3k) 124, (3k-5k) 151, (5k-65534) 283, (65k) 8 
CBF freq dist: (1) 70, (1-100) 1644, (100-1000) 1907, (1k-2k) 132, (2k-3k) 16, (3k-5k) 0, (5k-65534) 24, (65k) 0 
[DEBUG] Halving CBF counters.
collected one batch of samples. pages to migrate = 876 
start promoting 492 pages
move page ret -1 
move page error: 12
got ENOMEM. trying against with 98 pages 
second promote attempt return -1
pages migrated: 2261, lfu # items: 7852, lfu sample size: 8300000, samples: 8300000, node 0 mem 65420
CBF freq dist: (1) 845, (1-100) 3692, (100-1000) 3249, (1k-2k) 344, (2k-3k) 125, (3k-5k) 149, (5k-65534) 285, (65k) 8 
CBF freq dist: (1) 55, (1-100) 2397, (100-1000) 1210, (1k-2k) 27, (2k-3k) 7, (3k-5k) 16, (5k-65534) 1, (65k) 0 
collected one batch of samples. pages to migrate = 517 
start promoting 264 pages
move page ret -1 
move page error: 12
got ENOMEM. trying against with 52 pages 
second promote attempt return -1
pages migrated: 2261, lfu # items: 7875, lfu sample size: 8400000, samples: 8400000, node 0 mem 66620
CBF freq dist: (1) 847, (1-100) 3677, (100-1000) 3282, (1k-2k) 342, (2k-3k) 129, (3k-5k) 138, (5k-65534) 299, (65k) 8 
CBF freq dist: (1) 53, (1-100) 2313, (100-1000) 1164, (1k-2k) 158, (2k-3k) 8, (3k-5k) 16, (5k-65534) 1, (65k) 0 
collected one batch of samples. pages to migrate = 635 
start promoting 338 pages
move page ret -1 
move page error: 12
got ENOMEM. trying against with 67 pages 
second promote attempt return -1
pages migrated: 2261, lfu # items: 7946, lfu sample size: 8500000, samples: 8500000, node 0 mem 66620
benchmark/large/tpch-sf100/q07.benchmark	1	CBF freq dist: (1) 851, (1-100) 3718, (100-1000) 3307, (1k-2k) 255, (2k-3k) 221, (3k-5k) 137, (5k-65534) 300, (65k) 8 
CBF freq dist: (1) 49, (1-100) 2216, (100-1000) 1264, (1k-2k) 148, (2k-3k) 23, (3k-5k) 17, (5k-65534) 1, (65k) 0 
collected one batch of samples. pages to migrate = 932 
start promoting 312 pages
move page ret -1 
move page error: 12
got ENOMEM. trying against with 62 pages 
second promote attempt return -1
pages migrated: 2261, lfu # items: 8030, lfu sample size: 8600000, samples: 8600000, node 0 mem 68416
CBF freq dist: (1) 855, (1-100) 3733, (100-1000) 3369, (1k-2k) 227, (2k-3k) 248, (3k-5k) 138, (5k-65534) 307, (65k) 8 
CBF freq dist: (1) 47, (1-100) 2111, (100-1000) 1378, (1k-2k) 107, (2k-3k) 66, (3k-5k) 17, (5k-65534) 7, (65k) 0 
collected one batch of samples. pages to migrate = 719 
start promoting 197 pages
move page ret -1 
move page error: 12
got ENOMEM. trying against with 39 pages 
second promote attempt return -1
pages migrated: 2261, lfu # items: 8032, lfu sample size: 8700000, samples: 8700000, node 0 mem 60128
CBF freq dist: (1) 854, (1-100) 3724, (100-1000) 3375, (1k-2k) 229, (2k-3k) 248, (3k-5k) 141, (5k-65534) 307, (65k) 8 
CBF freq dist: (1) 44, (1-100) 2045, (100-1000) 1443, (1k-2k) 108, (2k-3k) 66, (3k-5k) 19, (5k-65534) 7, (65k) 0 
collected one batch of samples. pages to migrate = 749 
start promoting 253 pages
move page ret -1 
move page error: 12
got ENOMEM. trying against with 50 pages 
second promote attempt return -1
pages migrated: 2261, lfu # items: 8033, lfu sample size: 8800000, samples: 8800000, node 0 mem 60964
CBF freq dist: (1) 853, (1-100) 3717, (100-1000) 3382, (1k-2k) 229, (2k-3k) 248, (3k-5k) 140, (5k-65534) 309, (65k) 8 
CBF freq dist: (1) 47, (1-100) 1978, (100-1000) 1510, (1k-2k) 111, (2k-3k) 66, (3k-5k) 17, (5k-65534) 9, (65k) 0 
[DEBUG] Halving CBF counters.
collected one batch of samples. pages to migrate = 333 
start promoting 105 pages
move page ret -1 
move page error: 12
got ENOMEM. trying against with 21 pages 
second promote attempt return -1
pages migrated: 2261, lfu # items: 8034, lfu sample size: 8900000, samples: 8900000, node 0 mem 62488
CBF freq dist: (1) 851, (1-100) 3671, (100-1000) 3428, (1k-2k) 230, (2k-3k) 248, (3k-5k) 139, (5k-65534) 310, (65k) 8 
CBF freq dist: (1) 161, (1-100) 2630, (100-1000) 928, (1k-2k) 68, (2k-3k) 15, (3k-5k) 2, (5k-65534) 7, (65k) 0 
collected one batch of samples. pages to migrate = 558 
start promoting 298 pages
move page ret -1 
move page error: 12
got ENOMEM. trying against with 59 pages 
second promote attempt return -1
pages migrated: 2261, lfu # items: 8058, lfu sample size: 9000000, samples: 9000000, node 0 mem 68512
CBF freq dist: (1) 854, (1-100) 3648, (100-1000) 3473, (1k-2k) 232, (2k-3k) 242, (3k-5k) 144, (5k-65534) 311, (65k) 8 
CBF freq dist: (1) 162, (1-100) 2515, (100-1000) 972, (1k-2k) 131, (2k-3k) 31, (3k-5k) 2, (5k-65534) 7, (65k) 0 
collected one batch of samples. pages to migrate = 582 
start promoting 322 pages
move page ret -1 
move page error: 12
got ENOMEM. trying against with 64 pages 
second promote attempt return -1
pages migrated: 2261, lfu # items: 8065, lfu sample size: 9100000, samples: 9100000, node 0 mem 68096
CBF freq dist: (1) 854, (1-100) 3632, (100-1000) 3493, (1k-2k) 235, (2k-3k) 129, (3k-5k) 256, (5k-65534) 312, (65k) 8 
CBF freq dist: (1) 162, (1-100) 2417, (100-1000) 1070, (1k-2k) 123, (2k-3k) 39, (3k-5k) 2, (5k-65534) 7, (65k) 0 
collected one batch of samples. pages to migrate = 817 
start promoting 479 pages
move page ret -1 
move page error: 12
got ENOMEM. trying against with 95 pages 
second promote attempt return -1
pages migrated: 2261, lfu # items: 8069, lfu sample size: 9200000, samples: 9200000, node 0 mem 68096
1.932076
CBF freq dist: (1) 850, (1-100) 3599, (100-1000) 3522, (1k-2k) 241, (2k-3k) 121, (3k-5k) 266, (5k-65534) 312, (65k) 8 
CBF freq dist: (1) 161, (1-100) 2330, (100-1000) 1157, (1k-2k) 5, (2k-3k) 158, (3k-5k) 2, (5k-65534) 7, (65k) 0 
collected one batch of samples. pages to migrate = 1244 
start promoting 520 pages
move page ret -1 
move page error: 12
got ENOMEM. trying against with 104 pages 
second promote attempt return -1
pages migrated: 2261, lfu # items: 8092, lfu sample size: 9300000, samples: 9300000, node 0 mem 69776
CBF freq dist: (1) 846, (1-100) 3594, (100-1000) 3532, (1k-2k) 258, (2k-3k) 121, (3k-5k) 267, (5k-65534) 312, (65k) 8 
CBF freq dist: (1) 155, (1-100) 2204, (100-1000) 1287, (1k-2k) 7, (2k-3k) 142, (3k-5k) 18, (5k-65534) 7, (65k) 0 
[DEBUG] Halving CBF counters.
collected one batch of samples. pages to migrate = 772 
start promoting 201 pages
pages migrated: 2462, lfu # items: 8097, lfu sample size: 9400000, samples: 9400000, node 0 mem 87944
CBF freq dist: (1) 848, (1-100) 3566, (100-1000) 3554, (1k-2k) 264, (2k-3k) 123, (3k-5k) 266, (5k-65534) 316, (65k) 8 
CBF freq dist: (1) 144, (1-100) 2394, (100-1000) 959, (1k-2k) 158, (2k-3k) 1, (3k-5k) 4, (5k-65534) 6, (65k) 0 
collected one batch of samples. pages to migrate = 648 
start promoting 308 pages
move page ret 159 
move page error: 12
got ENOMEM. trying against with 61 pages 
second promote attempt return 0
pages migrated: 2462, lfu # items: 8097, lfu sample size: 9500000, samples: 9500000, node 0 mem 62272
CBF freq dist: (1) 848, (1-100) 3475, (100-1000) 3638, (1k-2k) 266, (2k-3k) 128, (3k-5k) 265, (5k-65534) 317, (65k) 8 
CBF freq dist: (1) 145, (1-100) 2098, (100-1000) 1243, (1k-2k) 173, (2k-3k) 2, (3k-5k) 1, (5k-65534) 9, (65k) 0 
collected one batch of samples. pages to migrate = 914 
start promoting 522 pages
move page ret 443 
move page error: 12
got ENOMEM. trying against with 104 pages 
second promote attempt return -1
pages migrated: 2462, lfu # items: 8164, lfu sample size: 9600000, samples: 9600000, node 0 mem 59764
CBF freq dist: (1) 860, (1-100) 3469, (100-1000) 3708, (1k-2k) 266, (2k-3k) 128, (3k-5k) 262, (5k-65534) 323, (65k) 8 
CBF freq dist: (1) 144, (1-100) 1961, (100-1000) 1362, (1k-2k) 190, (2k-3k) 14, (3k-5k) 5, (5k-65534) 9, (65k) 0 
collected one batch of samples. pages to migrate = 340 
start promoting 140 pages
move page ret -1 
move page error: 12
got ENOMEM. trying against with 28 pages 
second promote attempt return -1
pages migrated: 2462, lfu # items: 8280, lfu sample size: 9700000, samples: 9700000, node 0 mem 59764
CBF freq dist: (1) 872, (1-100) 3578, (100-1000) 3713, (1k-2k) 266, (2k-3k) 130, (3k-5k) 248, (5k-65534) 337, (65k) 8 
CBF freq dist: (1) 144, (1-100) 1956, (100-1000) 1390, (1k-2k) 176, (2k-3k) 3, (3k-5k) 19, (5k-65534) 22, (65k) 0 
collected one batch of samples. pages to migrate = 459 
start promoting 200 pages
move page ret -1 
move page error: 12
got ENOMEM. trying against with 40 pages 
second promote attempt return -1
pages migrated: 2462, lfu # items: 8438, lfu sample size: 9800000, samples: 9800000, node 0 mem 59764
CBF freq dist: (1) 875, (1-100) 3731, (100-1000) 3718, (1k-2k) 266, (2k-3k) 129, (3k-5k) 249, (5k-65534) 337, (65k) 8 
CBF freq dist: (1) 143, (1-100) 1957, (100-1000) 1425, (1k-2k) 176, (2k-3k) 2, (3k-5k) 6, (5k-65534) 36, (65k) 0 
collected one batch of samples. pages to migrate = 400 
start promoting 177 pages
move page ret -1 
move page error: 12
got ENOMEM. trying against with 35 pages 
second promote attempt return -1
pages migrated: 2462, lfu # items: 8576, lfu sample size: 9900000, samples: 9900000, node 0 mem 68872
benchmark/large/tpch-sf100/q08.benchmark	1	CBF freq dist: (1) 880, (1-100) 3863, (100-1000) 3721, (1k-2k) 269, (2k-3k) 128, (3k-5k) 250, (5k-65534) 337, (65k) 8 
CBF freq dist: (1) 139, (1-100) 1945, (100-1000) 1460, (1k-2k) 175, (2k-3k) 4, (3k-5k) 2, (5k-65534) 40, (65k) 0 
[DEBUG] Number of hot pages promoted in 50 batches = 1839 
[DEBUG] Halving CBF counters.
collected one batch of samples. pages to migrate = 720 
start promoting 177 pages
move page ret -1 
move page error: 12
got ENOMEM. trying against with 35 pages 
second promote attempt return 0
pages migrated: 2462, lfu # items: 8596, lfu sample size: 10000000, samples: 10000000, node 0 mem 69520
CBF freq dist: (1) 880, (1-100) 3848, (100-1000) 3727, (1k-2k) 290, (2k-3k) 133, (3k-5k) 251, (5k-65534) 339, (65k) 8 
CBF freq dist: (1) 106, (1-100) 2552, (100-1000) 883, (1k-2k) 17, (2k-3k) 3, (3k-5k) 16, (5k-65534) 25, (65k) 0 
collected one batch of samples. pages to migrate = 620 
start promoting 158 pages
move page ret -1 
move page error: 12
got ENOMEM. trying against with 31 pages 
second promote attempt return -1
pages migrated: 2462, lfu # items: 8600, lfu sample size: 10100000, samples: 10100000, node 0 mem 69460
CBF freq dist: (1) 880, (1-100) 3819, (100-1000) 3741, (1k-2k) 295, (2k-3k) 141, (3k-5k) 257, (5k-65534) 339, (65k) 8 
CBF freq dist: (1) 103, (1-100) 2321, (100-1000) 1095, (1k-2k) 32, (2k-3k) 6, (3k-5k) 20, (5k-65534) 25, (65k) 0 
collected one batch of samples. pages to migrate = 776 
start promoting 312 pages
move page ret -1 
move page error: 12
got ENOMEM. trying against with 62 pages 
second promote attempt return -1
pages migrated: 2462, lfu # items: 8629, lfu sample size: 10200000, samples: 10200000, node 0 mem 64920
CBF freq dist: (1) 881, (1-100) 3762, (100-1000) 3817, (1k-2k) 298, (2k-3k) 142, (3k-5k) 261, (5k-65534) 341, (65k) 8 
CBF freq dist: (1) 106, (1-100) 2168, (100-1000) 1249, (1k-2k) 32, (2k-3k) 12, (3k-5k) 10, (5k-65534) 39, (65k) 0 
collected one batch of samples. pages to migrate = 352 
start promoting 134 pages
move page ret -1 
move page error: 12
got ENOMEM. trying against with 26 pages 
second promote attempt return -1
pages migrated: 2462, lfu # items: 8656, lfu sample size: 10300000, samples: 10300000, node 0 mem 66720
CBF freq dist: (1) 877, (1-100) 3773, (100-1000) 3825, (1k-2k) 306, (2k-3k) 141, (3k-5k) 262, (5k-65534) 341, (65k) 8 
CBF freq dist: (1) 103, (1-100) 2154, (100-1000) 1263, (1k-2k) 41, (2k-3k) 11, (3k-5k) 6, (5k-65534) 44, (65k) 0 
collected one batch of samples. pages to migrate = 333 
start promoting 137 pages
move page ret -1 
move page error: 12
got ENOMEM. trying against with 27 pages 
second promote attempt return -1
pages migrated: 2462, lfu # items: 8663, lfu sample size: 10400000, samples: 10400000, node 0 mem 72700
CBF freq dist: (1) 874, (1-100) 3751, (100-1000) 3850, (1k-2k) 309, (2k-3k) 142, (3k-5k) 262, (5k-65534) 341, (65k) 8 
CBF freq dist: (1) 99, (1-100) 2120, (100-1000) 1287, (1k-2k) 52, (2k-3k) 11, (3k-5k) 6, (5k-65534) 44, (65k) 0 
[DEBUG] Halving CBF counters.
collected one batch of samples. pages to migrate = 281 
start promoting 139 pages
move page ret -1 
move page error: 12
got ENOMEM. trying against with 27 pages 
second promote attempt return -1
pages migrated: 2462, lfu # items: 8672, lfu sample size: 10500000, samples: 10500000, node 0 mem 69840
1.994732
CBF freq dist: (1) 865, (1-100) 3740, (100-1000) 3866, (1k-2k) 312, (2k-3k) 143, (3k-5k) 262, (5k-65534) 341, (65k) 8 
CBF freq dist: (1) 118, (1-100) 2815, (100-1000) 550, (1k-2k) 15, (2k-3k) 5, (3k-5k) 7, (5k-65534) 34, (65k) 0 
collected one batch of samples. pages to migrate = 972 
start promoting 115 pages
move page ret -1 
move page error: 12
got ENOMEM. trying against with 23 pages 
second promote attempt return 67
pages migrated: 2462, lfu # items: 8690, lfu sample size: 10600000, samples: 10600000, node 0 mem 71660
CBF freq dist: (1) 870, (1-100) 3717, (100-1000) 3894, (1k-2k) 317, (2k-3k) 148, (3k-5k) 263, (5k-65534) 343, (65k) 8 
CBF freq dist: (1) 113, (1-100) 2574, (100-1000) 799, (1k-2k) 21, (2k-3k) 6, (3k-5k) 7, (5k-65534) 34, (65k) 0 
collected one batch of samples. pages to migrate = 179 
start promoting 49 pages
move page ret -1 
move page error: 12
got ENOMEM. trying against with 9 pages 
second promote attempt return -1
pages migrated: 2462, lfu # items: 8690, lfu sample size: 10700000, samples: 10700000, node 0 mem 71628
CBF freq dist: (1) 870, (1-100) 3717, (100-1000) 3892, (1k-2k) 319, (2k-3k) 147, (3k-5k) 260, (5k-65534) 347, (65k) 8 
CBF freq dist: (1) 113, (1-100) 2547, (100-1000) 808, (1k-2k) 23, (2k-3k) 8, (3k-5k) 11, (5k-65534) 44, (65k) 0 
collected one batch of samples. pages to migrate = 165 
start promoting 63 pages
move page ret -1 
move page error: 12
got ENOMEM. trying against with 12 pages 
second promote attempt return -1
pages migrated: 2462, lfu # items: 8694, lfu sample size: 10800000, samples: 10800000, node 0 mem 71628
CBF freq dist: (1) 873, (1-100) 3717, (100-1000) 3894, (1k-2k) 321, (2k-3k) 147, (3k-5k) 260, (5k-65534) 347, (65k) 8 
CBF freq dist: (1) 115, (1-100) 2525, (100-1000) 834, (1k-2k) 24, (2k-3k) 7, (3k-5k) 13, (5k-65534) 44, (65k) 0 
collected one batch of samples. pages to migrate = 203 
start promoting 77 pages
move page ret 63 
move page error: 12
got ENOMEM. trying against with 15 pages 
second promote attempt return 0
pages migrated: 2462, lfu # items: 8694, lfu sample size: 10900000, samples: 10900000, node 0 mem 75984
CBF freq dist: (1) 872, (1-100) 3716, (100-1000) 3892, (1k-2k) 324, (2k-3k) 147, (3k-5k) 260, (5k-65534) 347, (65k) 8 
CBF freq dist: (1) 112, (1-100) 2493, (100-1000) 867, (1k-2k) 24, (2k-3k) 6, (3k-5k) 8, (5k-65534) 50, (65k) 0 
collected one batch of samples. pages to migrate = 424 
start promoting 268 pages
move page ret -1 
move page error: 12
got ENOMEM. trying against with 53 pages 
second promote attempt return -1
pages migrated: 2462, lfu # items: 10181, lfu sample size: 11000000, samples: 11000000, node 0 mem 85800
CBF freq dist: (1) 851, (1-100) 5187, (100-1000) 3845, (1k-2k) 385, (2k-3k) 148, (3k-5k) 258, (5k-65534) 350, (65k) 8 
CBF freq dist: (1) 78, (1-100) 2568, (100-1000) 1004, (1k-2k) 30, (2k-3k) 7, (3k-5k) 9, (5k-65534) 50, (65k) 0 
[DEBUG] Halving CBF counters.
collected one batch of samples. pages to migrate = 421 
start promoting 152 pages
move page ret -1 
move page error: 12
got ENOMEM. trying against with 30 pages 
second promote attempt return 38
pages migrated: 2462, lfu # items: 10189, lfu sample size: 11100000, samples: 11100000, node 0 mem 84360
CBF freq dist: (1) 848, (1-100) 5027, (100-1000) 4009, (1k-2k) 388, (2k-3k) 149, (3k-5k) 258, (5k-65534) 350, (65k) 8 
CBF freq dist: (1) 56, (1-100) 2568, (100-1000) 964, (1k-2k) 10, (2k-3k) 12, (3k-5k) 28, (5k-65534) 16, (65k) 0 
collected one batch of samples. pages to migrate = 687 
start promoting 412 pages
move page ret -1 
move page error: 12
got ENOMEM. trying against with 82 pages 
second promote attempt return -1
pages migrated: 2462, lfu # items: 10189, lfu sample size: 11200000, samples: 11200000, node 0 mem 84360
CBF freq dist: (1) 848, (1-100) 4172, (100-1000) 4862, (1k-2k) 390, (2k-3k) 149, (3k-5k) 258, (5k-65534) 350, (65k) 8 
CBF freq dist: (1) 48, (1-100) 1705, (100-1000) 1829, (1k-2k) 10, (2k-3k) 11, (3k-5k) 29, (5k-65534) 16, (65k) 0 
collected one batch of samples. pages to migrate = 1115 
start promoting 959 pages
move page ret -1 
move page error: 12
got ENOMEM. trying against with 191 pages 
second promote attempt return -1
pages migrated: 2462, lfu # items: 10189, lfu sample size: 11300000, samples: 11300000, node 0 mem 84360
CBF freq dist: (1) 848, (1-100) 3335, (100-1000) 5696, (1k-2k) 393, (2k-3k) 149, (3k-5k) 258, (5k-65534) 350, (65k) 8 
CBF freq dist: (1) 47, (1-100) 1437, (100-1000) 2097, (1k-2k) 10, (2k-3k) 11, (3k-5k) 28, (5k-65534) 17, (65k) 0 
collected one batch of samples. pages to migrate = 1838 
start promoting 1690 pages
move page ret -1 
move page error: 12
got ENOMEM. trying against with 338 pages 
second promote attempt return -1
pages migrated: 2462, lfu # items: 10189, lfu sample size: 11400000, samples: 11400000, node 0 mem 84360
CBF freq dist: (1) 848, (1-100) 3332, (100-1000) 5696, (1k-2k) 395, (2k-3k) 150, (3k-5k) 258, (5k-65534) 350, (65k) 8 
CBF freq dist: (1) 47, (1-100) 1427, (100-1000) 2107, (1k-2k) 10, (2k-3k) 11, (3k-5k) 27, (5k-65534) 18, (65k) 0 
collected one batch of samples. pages to migrate = 2268 
start promoting 2083 pages
move page ret -1 
move page error: 12
got ENOMEM. trying against with 416 pages 
second promote attempt return -1
pages migrated: 2462, lfu # items: 10190, lfu sample size: 11500000, samples: 11500000, node 0 mem 87068
CBF freq dist: (1) 849, (1-100) 3333, (100-1000) 5694, (1k-2k) 397, (2k-3k) 150, (3k-5k) 257, (5k-65534) 351, (65k) 8 
CBF freq dist: (1) 47, (1-100) 1420, (100-1000) 2114, (1k-2k) 10, (2k-3k) 11, (3k-5k) 27, (5k-65534) 18, (65k) 0 
[DEBUG] Halving CBF counters.
collected one batch of samples. pages to migrate = 1449 
start promoting 1229 pages
move page ret -1 
move page error: 12
got ENOMEM. trying against with 245 pages 
second promote attempt return -1
pages migrated: 2462, lfu # items: 10191, lfu sample size: 11600000, samples: 11600000, node 0 mem 86940
CBF freq dist: (1) 850, (1-100) 3332, (100-1000) 5686, (1k-2k) 395, (2k-3k) 160, (3k-5k) 259, (5k-65534) 351, (65k) 8 
CBF freq dist: (1) 50, (1-100) 1523, (100-1000) 1973, (1k-2k) 21, (2k-3k) 24, (3k-5k) 2, (5k-65534) 10, (65k) 0 
collected one batch of samples. pages to migrate = 1141 
start promoting 984 pages
move page ret -1 
move page error: 12
got ENOMEM. trying against with 196 pages 
second promote attempt return -1
pages migrated: 2462, lfu # items: 10191, lfu sample size: 11700000, samples: 11700000, node 0 mem 86940
CBF freq dist: (1) 850, (1-100) 3332, (100-1000) 5673, (1k-2k) 364, (2k-3k) 194, (3k-5k) 267, (5k-65534) 353, (65k) 8 
CBF freq dist: (1) 46, (1-100) 1459, (100-1000) 1979, (1k-2k) 78, (2k-3k) 25, (3k-5k) 2, (5k-65534) 10, (65k) 0 
collected one batch of samples. pages to migrate = 1289 
start promoting 1098 pages
move page ret -1 
move page error: 12
got ENOMEM. trying against with 219 pages 
second promote attempt return -1
pages migrated: 2462, lfu # items: 10191, lfu sample size: 11800000, samples: 11800000, node 0 mem 86940
CBF freq dist: (1) 850, (1-100) 3331, (100-1000) 5642, (1k-2k) 391, (2k-3k) 155, (3k-5k) 310, (5k-65534) 354, (65k) 8 
CBF freq dist: (1) 47, (1-100) 1417, (100-1000) 2017, (1k-2k) 26, (2k-3k) 82, (3k-5k) 2, (5k-65534) 10, (65k) 0 
collected one batch of samples. pages to migrate = 1394 
start promoting 1195 pages
move page ret -1 
move page error: 12
got ENOMEM. trying against with 239 pages 
second promote attempt return -1
pages migrated: 2462, lfu # items: 10191, lfu sample size: 11900000, samples: 11900000, node 0 mem 88408
CBF freq dist: (1) 849, (1-100) 3327, (100-1000) 5621, (1k-2k) 415, (2k-3k) 152, (3k-5k) 310, (5k-65534) 358, (65k) 8 
CBF freq dist: (1) 45, (1-100) 1381, (100-1000) 2045, (1k-2k) 34, (2k-3k) 37, (3k-5k) 47, (5k-65534) 11, (65k) 0 
collected one batch of samples. pages to migrate = 1461 
start promoting 1244 pages
move page ret -1 
move page error: 12
got ENOMEM. trying against with 248 pages 
second promote attempt return -1
pages migrated: 2462, lfu # items: 10191, lfu sample size: 12000000, samples: 12000000, node 0 mem 88408
CBF freq dist: (1) 849, (1-100) 3326, (100-1000) 5606, (1k-2k) 430, (2k-3k) 150, (3k-5k) 284, (5k-65534) 387, (65k) 8 
CBF freq dist: (1) 44, (1-100) 1348, (100-1000) 2059, (1k-2k) 48, (2k-3k) 31, (3k-5k) 58, (5k-65534) 11, (65k) 0 
collected one batch of samples. pages to migrate = 1564 
start promoting 1342 pages
move page ret -1 
move page error: 12
got ENOMEM. trying against with 268 pages 
second promote attempt return -1
pages migrated: 2462, lfu # items: 10191, lfu sample size: 12100000, samples: 12100000, node 0 mem 88408
CBF freq dist: (1) 849, (1-100) 3321, (100-1000) 5599, (1k-2k) 431, (2k-3k) 160, (3k-5k) 264, (5k-65534) 407, (65k) 9 
CBF freq dist: (1) 44, (1-100) 1319, (100-1000) 2065, (1k-2k) 72, (2k-3k) 26, (3k-5k) 57, (5k-65534) 17, (65k) 0 
[DEBUG] Halving CBF counters.
collected one batch of samples. pages to migrate = 774 
start promoting 573 pages
move page ret -1 
move page error: 12
got ENOMEM. trying against with 114 pages 
second promote attempt return -1
pages migrated: 2462, lfu # items: 10191, lfu sample size: 12200000, samples: 12200000, node 0 mem 88408
CBF freq dist: (1) 849, (1-100) 3316, (100-1000) 5592, (1k-2k) 431, (2k-3k) 168, (3k-5k) 268, (5k-65534) 407, (65k) 9 
CBF freq dist: (1) 10, (1-100) 2276, (100-1000) 1125, (1k-2k) 39, (2k-3k) 6, (3k-5k) 61, (5k-65534) 6, (65k) 0 
collected one batch of samples. pages to migrate = 741 
start promoting 554 pages
move page ret -1 
move page error: 12
got ENOMEM. trying against with 110 pages 
second promote attempt return -1
pages migrated: 2462, lfu # items: 10191, lfu sample size: 12300000, samples: 12300000, node 0 mem 91032
CBF freq dist: (1) 849, (1-100) 3306, (100-1000) 5589, (1k-2k) 426, (2k-3k) 185, (3k-5k) 265, (5k-65534) 411, (65k) 9 
CBF freq dist: (1) 5, (1-100) 2041, (100-1000) 1338, (1k-2k) 61, (2k-3k) 7, (3k-5k) 62, (5k-65534) 6, (65k) 0 
collected one batch of samples. pages to migrate = 890 
start promoting 699 pages
move page ret -1 
move page error: 12
got ENOMEM. trying against with 139 pages 
second promote attempt return -1
pages migrated: 2462, lfu # items: 10191, lfu sample size: 12400000, samples: 12400000, node 0 mem 87532
CBF freq dist: (1) 849, (1-100) 3299, (100-1000) 5585, (1k-2k) 428, (2k-3k) 193, (3k-5k) 263, (5k-65534) 414, (65k) 9 
CBF freq dist: (1) -2, (1-100) 1769, (100-1000) 1592, (1k-2k) 81, (2k-3k) 3, (3k-5k) 58, (5k-65534) 14, (65k) 0 
collected one batch of samples. pages to migrate = 1014 
start promoting 823 pages
move page ret -1 
move page error: 12
got ENOMEM. trying against with 164 pages 
second promote attempt return -1
pages migrated: 2462, lfu # items: 10191, lfu sample size: 12500000, samples: 12500000, node 0 mem 87532
CBF freq dist: (1) 849, (1-100) 3281, (100-1000) 5598, (1k-2k) 423, (2k-3k) 197, (3k-5k) 268, (5k-65534) 415, (65k) 9 
CBF freq dist: (1) -3, (1-100) 1583, (100-1000) 1770, (1k-2k) 92, (2k-3k) 4, (3k-5k) 10, (5k-65534) 63, (65k) 0 
collected one batch of samples. pages to migrate = 1127 
start promoting 939 pages
move page ret -1 
move page error: 12
got ENOMEM. trying against with 187 pages 
second promote attempt return -1
pages migrated: 2462, lfu # items: 10191, lfu sample size: 12600000, samples: 12600000, node 0 mem 87784
CBF freq dist: (1) 849, (1-100) 3272, (100-1000) 5602, (1k-2k) 422, (2k-3k) 195, (3k-5k) 275, (5k-65534) 416, (65k) 9 
CBF freq dist: (1) -6, (1-100) 1467, (100-1000) 1880, (1k-2k) 92, (2k-3k) 10, (3k-5k) 11, (5k-65534) 63, (65k) 0 
[DEBUG] Halving CBF counters.
collected one batch of samples. pages to migrate = 1198 
start promoting 1018 pages
move page ret -1 
move page error: 12
got ENOMEM. trying against with 203 pages 
second promote attempt return -1
pages migrated: 2462, lfu # items: 10199, lfu sample size: 12700000, samples: 12700000, node 0 mem 89916
CBF freq dist: (1) 850, (1-100) 3269, (100-1000) 5606, (1k-2k) 423, (2k-3k) 187, (3k-5k) 289, (5k-65534) 416, (65k) 9 
CBF freq dist: (1) 175, (1-100) 2836, (100-1000) 595, (1k-2k) 36, (2k-3k) 5, (3k-5k) 57, (5k-65534) 6, (65k) 0 
collected one batch of samples. pages to migrate = 467 
start promoting 332 pages
move page ret -1 
move page error: 12
got ENOMEM. trying against with 66 pages 
second promote attempt return -1
pages migrated: 2462, lfu # items: 10199, lfu sample size: 12800000, samples: 12800000, node 0 mem 89916
CBF freq dist: (1) 850, (1-100) 3260, (100-1000) 5610, (1k-2k) 422, (2k-3k) 184, (3k-5k) 298, (5k-65534) 416, (65k) 9 
CBF freq dist: (1) 165, (1-100) 2763, (100-1000) 655, (1k-2k) 54, (2k-3k) 3, (3k-5k) 44, (5k-65534) 22, (65k) 0 
collected one batch of samples. pages to migrate = 538 
start promoting 386 pages
move page ret -1 
move page error: 12
got ENOMEM. trying against with 77 pages 
second promote attempt return -1
pages migrated: 2462, lfu # items: 10199, lfu sample size: 12900000, samples: 12900000, node 0 mem 89916
CBF freq dist: (1) 850, (1-100) 3255, (100-1000) 5612, (1k-2k) 419, (2k-3k) 185, (3k-5k) 302, (5k-65534) 417, (65k) 9 
CBF freq dist: (1) 156, (1-100) 2666, (100-1000) 739, (1k-2k) 69, (2k-3k) 1, (3k-5k) 5, (5k-65534) 63, (65k) 0 
collected one batch of samples. pages to migrate = 588 
start promoting 454 pages
move page ret -1 
move page error: 12
got ENOMEM. trying against with 90 pages 
second promote attempt return -1
pages migrated: 2462, lfu # items: 10199, lfu sample size: 13000000, samples: 13000000, node 0 mem 89916
CBF freq dist: (1) 850, (1-100) 3250, (100-1000) 5615, (1k-2k) 418, (2k-3k) 180, (3k-5k) 309, (5k-65534) 418, (65k) 9 
CBF freq dist: (1) 150, (1-100) 2579, (100-1000) 823, (1k-2k) 73, (2k-3k) 5, (3k-5k) 5, (5k-65534) 63, (65k) 0 
collected one batch of samples. pages to migrate = 688 
start promoting 523 pages
move page ret -1 
move page error: 12
got ENOMEM. trying against with 104 pages 
second promote attempt return -1
pages migrated: 2462, lfu # items: 10199, lfu sample size: 13100000, samples: 13100000, node 0 mem 89916
CBF freq dist: (1) 850, (1-100) 3239, (100-1000) 5624, (1k-2k) 418, (2k-3k) 177, (3k-5k) 313, (5k-65534) 419, (65k) 9 
CBF freq dist: (1) 143, (1-100) 2478, (100-1000) 920, (1k-2k) 68, (2k-3k) 16, (3k-5k) 6, (5k-65534) 64, (65k) 0 
collected one batch of samples. pages to migrate = 748 
start promoting 583 pages
move page ret -1 
move page error: 12
got ENOMEM. trying against with 116 pages 
second promote attempt return -1
pages migrated: 2462, lfu # items: 10202, lfu sample size: 13200000, samples: 13200000, node 0 mem 90512
CBF freq dist: (1) 851, (1-100) 3231, (100-1000) 5631, (1k-2k) 420, (2k-3k) 175, (3k-5k) 316, (5k-65534) 420, (65k) 9 
CBF freq dist: (1) 135, (1-100) 2348, (100-1000) 1049, (1k-2k) 61, (2k-3k) 29, (3k-5k) 3, (5k-65534) 67, (65k) 0 
[DEBUG] Halving CBF counters.
collected one batch of samples. pages to migrate = 548 
start promoting 385 pages
move page ret -1 
move page error: 12
got ENOMEM. trying against with 77 pages 
second promote attempt return -1
pages migrated: 2462, lfu # items: 10214, lfu sample size: 13300000, samples: 13300000, node 0 mem 90532
CBF freq dist: (1) 850, (1-100) 3227, (100-1000) 5643, (1k-2k) 423, (2k-3k) 174, (3k-5k) 315, (5k-65534) 423, (65k) 9 
CBF freq dist: (1) 201, (1-100) 2895, (100-1000) 422, (1k-2k) 48, (2k-3k) 1, (3k-5k) 16, (5k-65534) 52, (65k) 0 
collected one batch of samples. pages to migrate = 522 
start promoting 370 pages
move page ret -1 
move page error: 12
got ENOMEM. trying against with 74 pages 
second promote attempt return -1
pages migrated: 2462, lfu # items: 10261, lfu sample size: 13400000, samples: 13400000, node 0 mem 90532
CBF freq dist: (1) 855, (1-100) 3251, (100-1000) 5664, (1k-2k) 419, (2k-3k) 177, (3k-5k) 312, (5k-65534) 429, (65k) 9 
CBF freq dist: (1) 187, (1-100) 2764, (100-1000) 552, (1k-2k) 58, (2k-3k) 1, (3k-5k) 6, (5k-65534) 63, (65k) 0 
collected one batch of samples. pages to migrate = 510 
start promoting 367 pages
move page ret -1 
move page error: 12
got ENOMEM. trying against with 73 pages 
second promote attempt return -1
pages migrated: 2462, lfu # items: 10317, lfu sample size: 13500000, samples: 13500000, node 0 mem 90532
CBF freq dist: (1) 856, (1-100) 3288, (100-1000) 5680, (1k-2k) 421, (2k-3k) 174, (3k-5k) 308, (5k-65534) 437, (65k) 9 
CBF freq dist: (1) 181, (1-100) 2630, (100-1000) 692, (1k-2k) 68, (2k-3k) 3, (3k-5k) 6, (5k-65534) 63, (65k) 0 
collected one batch of samples. pages to migrate = 669 
start promoting 499 pages
move page ret -1 
move page error: 12
got ENOMEM. trying against with 99 pages 
second promote attempt return -1
pages migrated: 2462, lfu # items: 10379, lfu sample size: 13600000, samples: 13600000, node 0 mem 90532
CBF freq dist: (1) 853, (1-100) 3328, (100-1000) 5701, (1k-2k) 416, (2k-3k) 178, (3k-5k) 305, (5k-65534) 442, (65k) 9 
CBF freq dist: (1) 168, (1-100) 2554, (100-1000) 780, (1k-2k) 63, (2k-3k) 15, (3k-5k) 5, (5k-65534) 64, (65k) 0 
collected one batch of samples. pages to migrate = 574 
start promoting 416 pages
move page ret -1 
move page error: 12
got ENOMEM. trying against with 83 pages 
second promote attempt return -1
pages migrated: 2462, lfu # items: 10476, lfu sample size: 13700000, samples: 13700000, node 0 mem 90384
CBF freq dist: (1) 863, (1-100) 3416, (100-1000) 5708, (1k-2k) 416, (2k-3k) 176, (3k-5k) 305, (5k-65534) 446, (65k) 9 
CBF freq dist: (1) 160, (1-100) 2478, (100-1000) 871, (1k-2k) 54, (2k-3k) 29, (3k-5k) 3, (5k-65534) 67, (65k) 0 
[DEBUG] Halving CBF counters.
collected one batch of samples. pages to migrate = 621 
start promoting 443 pages
move page ret -1 
move page error: 12
got ENOMEM. trying against with 88 pages 
second promote attempt return -1
pages migrated: 2462, lfu # items: 10561, lfu sample size: 13800000, samples: 13800000, node 0 mem 90616
CBF freq dist: (1) 860, (1-100) 3488, (100-1000) 5717, (1k-2k) 417, (2k-3k) 176, (3k-5k) 303, (5k-65534) 451, (65k) 9 
CBF freq dist: (1) 125, (1-100) 2975, (100-1000) 279, (1k-2k) 41, (2k-3k) 3, (3k-5k) 21, (5k-65534) 45, (65k) 0 
collected one batch of samples. pages to migrate = 485 
start promoting 306 pages
move page ret -1 
move page error: 12
got ENOMEM. trying against with 61 pages 
second promote attempt return -1
pages migrated: 2462, lfu # items: 10646, lfu sample size: 13900000, samples: 13900000, node 0 mem 90616
CBF freq dist: (1) 854, (1-100) 3550, (100-1000) 5737, (1k-2k) 418, (2k-3k) 176, (3k-5k) 304, (5k-65534) 452, (65k) 9 
CBF freq dist: (1) 114, (1-100) 2929, (100-1000) 334, (1k-2k) 57, (2k-3k) 1, (3k-5k) 5, (5k-65534) 63, (65k) 0 
collected one batch of samples. pages to migrate = 477 
start promoting 311 pages
move page ret -1 
move page error: 12
got ENOMEM. trying against with 62 pages 
second promote attempt return -1
pages migrated: 2462, lfu # items: 10729, lfu sample size: 14000000, samples: 14000000, node 0 mem 90616
CBF freq dist: (1) 856, (1-100) 3616, (100-1000) 5750, (1k-2k) 420, (2k-3k) 176, (3k-5k) 301, (5k-65534) 453, (65k) 13 
CBF freq dist: (1) 104, (1-100) 2843, (100-1000) 424, (1k-2k) 68, (2k-3k) 3, (3k-5k) 6, (5k-65534) 63, (65k) 0 
collected one batch of samples. pages to migrate = 488 
start promoting 326 pages
move page ret -1 
move page error: 12
got ENOMEM. trying against with 65 pages 
second promote attempt return -1
pages migrated: 2462, lfu # items: 10806, lfu sample size: 14100000, samples: 14100000, node 0 mem 90616
CBF freq dist: (1) 856, (1-100) 3676, (100-1000) 5763, (1k-2k) 421, (2k-3k) 178, (3k-5k) 299, (5k-65534) 456, (65k) 13 
CBF freq dist: (1) 94, (1-100) 2729, (100-1000) 545, (1k-2k) 67, (2k-3k) 10, (3k-5k) 5, (5k-65534) 64, (65k) 0 
collected one batch of samples. pages to migrate = 526 
start promoting 360 pages
move page ret -1 
move page error: 12
got ENOMEM. trying against with 72 pages 
second promote attempt return -1
pages migrated: 2462, lfu # items: 10888, lfu sample size: 14200000, samples: 14200000, node 0 mem 90616
CBF freq dist: (1) 852, (1-100) 3742, (100-1000) 5775, (1k-2k) 423, (2k-3k) 177, (3k-5k) 300, (5k-65534) 456, (65k) 15 
CBF freq dist: (1) 85, (1-100) 2573, (100-1000) 711, (1k-2k) 58, (2k-3k) 27, (3k-5k) 3, (5k-65534) 67, (65k) 0 
collected one batch of samples. pages to migrate = 546 
start promoting 384 pages
move page ret -1 
move page error: 12
got ENOMEM. trying against with 76 pages 
second promote attempt return -1
pages migrated: 2462, lfu # items: 10967, lfu sample size: 14300000, samples: 14300000, node 0 mem 91064
CBF freq dist: (1) 854, (1-100) 3803, (100-1000) 5791, (1k-2k) 423, (2k-3k) 178, (3k-5k) 299, (5k-65534) 458, (65k) 15 
CBF freq dist: (1) 84, (1-100) 2481, (100-1000) 815, (1k-2k) 54, (2k-3k) 36, (3k-5k) 1, (5k-65534) 69, (65k) 0 
[DEBUG] Halving CBF counters.
collected one batch of samples. pages to migrate = 498 
start promoting 319 pages
move page ret -1 
move page error: 12
got ENOMEM. trying against with 63 pages 
second promote attempt return -1
pages migrated: 2462, lfu # items: 11045, lfu sample size: 14400000, samples: 14400000, node 0 mem 89464
CBF freq dist: (1) 861, (1-100) 3870, (100-1000) 5798, (1k-2k) 425, (2k-3k) 180, (3k-5k) 296, (5k-65534) 461, (65k) 15 
CBF freq dist: (1) -102, (1-100) 2997, (100-1000) 274, (1k-2k) 51, (2k-3k) 2, (3k-5k) 4, (5k-65534) 63, (65k) 0 
collected one batch of samples. pages to migrate = 467 
start promoting 306 pages
move page ret -1 
move page error: 12
got ENOMEM. trying against with 61 pages 
second promote attempt return -1
pages migrated: 2462, lfu # items: 11117, lfu sample size: 14500000, samples: 14500000, node 0 mem 89464
CBF freq dist: (1) 860, (1-100) 3923, (100-1000) 5813, (1k-2k) 428, (2k-3k) 180, (3k-5k) 292, (5k-65534) 466, (65k) 15 
CBF freq dist: (1) -107, (1-100) 2923, (100-1000) 357, (1k-2k) 65, (2k-3k) 2, (3k-5k) 4, (5k-65534) 63, (65k) 0 
collected one batch of samples. pages to migrate = 494 
start promoting 319 pages
move page ret -1 
move page error: 12
got ENOMEM. trying against with 63 pages 
second promote attempt return -1
pages migrated: 2462, lfu # items: 11207, lfu sample size: 14600000, samples: 14600000, node 0 mem 89464
CBF freq dist: (1) 869, (1-100) 3991, (100-1000) 5832, (1k-2k) 429, (2k-3k) 180, (3k-5k) 293, (5k-65534) 467, (65k) 15 
CBF freq dist: (1) -118, (1-100) 2855, (100-1000) 434, (1k-2k) 72, (2k-3k) 4, (3k-5k) 4, (5k-65534) 64, (65k) 0 
collected one batch of samples. pages to migrate = 552 
start promoting 377 pages
move page ret -1 
move page error: 12
got ENOMEM. trying against with 75 pages 
second promote attempt return -1
pages migrated: 2462, lfu # items: 11285, lfu sample size: 14700000, samples: 14700000, node 0 mem 89464
CBF freq dist: (1) 860, (1-100) 4046, (100-1000) 5850, (1k-2k) 432, (2k-3k) 179, (3k-5k) 293, (5k-65534) 470, (65k) 15 
CBF freq dist: (1) -137, (1-100) 2747, (100-1000) 553, (1k-2k) 58, (2k-3k) 24, (3k-5k) 2, (5k-65534) 67, (65k) 0 
collected one batch of samples. pages to migrate = 493 
start promoting 335 pages
move page ret 332 
move page error: 12
got ENOMEM. trying against with 67 pages 
second promote attempt return -1
pages migrated: 2462, lfu # items: 11376, lfu sample size: 14800000, samples: 14800000, node 0 mem 88044
CBF freq dist: (1) 863, (1-100) 4111, (100-1000) 5875, (1k-2k) 431, (2k-3k) 179, (3k-5k) 293, (5k-65534) 472, (65k) 15 
CBF freq dist: (1) -144, (1-100) 2600, (100-1000) 711, (1k-2k) 54, (2k-3k) 31, (3k-5k) 1, (5k-65534) 68, (65k) 0 
[DEBUG] Halving CBF counters.
collected one batch of samples. pages to migrate = 523 
start promoting 364 pages
move page ret -1 
move page error: 12
got ENOMEM. trying against with 72 pages 
second promote attempt return -1
pages migrated: 2462, lfu # items: 11459, lfu sample size: 14900000, samples: 14900000, node 0 mem 88864
CBF freq dist: (1) 863, (1-100) 4174, (100-1000) 5891, (1k-2k) 434, (2k-3k) 178, (3k-5k) 293, (5k-65534) 474, (65k) 15 
CBF freq dist: (1) 166, (1-100) 3295, (100-1000) 229, (1k-2k) 39, (2k-3k) 1, (3k-5k) 19, (5k-65534) 49, (65k) 0 
[DEBUG] Number of hot pages promoted in 50 batches = 0 
[INFO] Reached promotion plateau. cur hot page size 2923429888, fast mem 80% 3435973836
[INFO] Decrease hot thresh to 900.
collected one batch of samples. pages to migrate = 504 
start promoting 323 pages
move page ret -1 
move page error: 12
got ENOMEM. trying against with 64 pages 
second promote attempt return -1
pages migrated: 2462, lfu # items: 11545, lfu sample size: 15000000, samples: 15000000, node 0 mem 88864
CBF freq dist: (1) 867, (1-100) 4239, (100-1000) 5908, (1k-2k) 434, (2k-3k) 182, (3k-5k) 291, (5k-65534) 476, (65k) 15 
CBF freq dist: (1) 162, (1-100) 3237, (100-1000) 300, (1k-2k) 54, (2k-3k) 1, (3k-5k) 5, (5k-65534) 63, (65k) 0 
collected one batch of samples. pages to migrate = 501 
start promoting 331 pages
move page ret -1 
move page error: 12
got ENOMEM. trying against with 66 pages 
second promote attempt return -1
pages migrated: 2462, lfu # items: 11630, lfu sample size: 15100000, samples: 15100000, node 0 mem 88864
CBF freq dist: (1) 856, (1-100) 4307, (100-1000) 5922, (1k-2k) 436, (2k-3k) 182, (3k-5k) 290, (5k-65534) 478, (65k) 15 
CBF freq dist: (1) 153, (1-100) 3167, (100-1000) 385, (1k-2k) 64, (2k-3k) 2, (3k-5k) 6, (5k-65534) 63, (65k) 0 
collected one batch of samples. pages to migrate = 516 
start promoting 348 pages
move page ret -1 
move page error: 12
got ENOMEM. trying against with 69 pages 
second promote attempt return -1
pages migrated: 2462, lfu # items: 11707, lfu sample size: 15200000, samples: 15200000, node 0 mem 88864
CBF freq dist: (1) 858, (1-100) 4368, (100-1000) 5935, (1k-2k) 437, (2k-3k) 181, (3k-5k) 292, (5k-65534) 479, (65k) 15 
CBF freq dist: (1) 151, (1-100) 3074, (100-1000) 490, (1k-2k) 61, (2k-3k) 11, (3k-5k) 5, (5k-65534) 65, (65k) 0 
collected one batch of samples. pages to migrate = 558 
start promoting 369 pages
move page ret -1 
move page error: 12
got ENOMEM. trying against with 73 pages 
second promote attempt return -1
pages migrated: 2462, lfu # items: 11784, lfu sample size: 15300000, samples: 15300000, node 0 mem 88864
CBF freq dist: (1) 853, (1-100) 4433, (100-1000) 5943, (1k-2k) 440, (2k-3k) 180, (3k-5k) 291, (5k-65534) 482, (65k) 15 
CBF freq dist: (1) 141, (1-100) 2962, (100-1000) 615, (1k-2k) 48, (2k-3k) 30, (3k-5k) 2, (5k-65534) 68, (65k) 0 
collected one batch of samples. pages to migrate = 577 
start promoting 394 pages
move page ret -1 
move page error: 12
got ENOMEM. trying against with 78 pages 
second promote attempt return -1
pages migrated: 2462, lfu # items: 11857, lfu sample size: 15400000, samples: 15400000, node 0 mem 90364
CBF freq dist: (1) 852, (1-100) 4498, (100-1000) 5945, (1k-2k) 444, (2k-3k) 179, (3k-5k) 291, (5k-65534) 485, (65k) 15 
CBF freq dist: (1) 136, (1-100) 2827, (100-1000) 755, (1k-2k) 48, (2k-3k) 37, (3k-5k) 2, (5k-65534) 69, (65k) 0 
[DEBUG] Halving CBF counters.
collected one batch of samples. pages to migrate = 532 
start promoting 349 pages
move page ret -1 
move page error: 12
got ENOMEM. trying against with 69 pages 
second promote attempt return -1
pages migrated: 2462, lfu # items: 11949, lfu sample size: 15500000, samples: 15500000, node 0 mem 90364
CBF freq dist: (1) 853, (1-100) 4575, (100-1000) 5951, (1k-2k) 451, (2k-3k) 178, (3k-5k) 293, (5k-65534) 486, (65k) 15 
CBF freq dist: (1) 261, (1-100) 3198, (100-1000) 302, (1k-2k) 49, (2k-3k) 3, (3k-5k) 4, (5k-65534) 63, (65k) 0 
collected one batch of samples. pages to migrate = 565 
start promoting 385 pages
move page ret -1 
move page error: 12
got ENOMEM. trying against with 77 pages 
second promote attempt return -1
pages migrated: 2462, lfu # items: 12030, lfu sample size: 15600000, samples: 15600000, node 0 mem 90616
CBF freq dist: (1) 853, (1-100) 4644, (100-1000) 5956, (1k-2k) 458, (2k-3k) 178, (3k-5k) 291, (5k-65534) 488, (65k) 15 
CBF freq dist: (1) 260, (1-100) 3120, (100-1000) 387, (1k-2k) 62, (2k-3k) 3, (3k-5k) 6, (5k-65534) 63, (65k) 0 
collected one batch of samples. pages to migrate = 561 
start promoting 385 pages
move page ret -1 
move page error: 12
got ENOMEM. trying against with 77 pages 
second promote attempt return -1
pages migrated: 2462, lfu # items: 12123, lfu sample size: 15700000, samples: 15700000, node 0 mem 90616
CBF freq dist: (1) 852, (1-100) 4721, (100-1000) 5968, (1k-2k) 459, (2k-3k) 179, (3k-5k) 290, (5k-65534) 491, (65k) 15 
CBF freq dist: (1) 256, (1-100) 3031, (100-1000) 482, (1k-2k) 67, (2k-3k) 6, (3k-5k) 5, (5k-65534) 64, (65k) 0 
collected one batch of samples. pages to migrate = 576 
start promoting 397 pages
move page ret -1 
move page error: 12
got ENOMEM. trying against with 79 pages 
second promote attempt return -1
pages migrated: 2462, lfu # items: 12227, lfu sample size: 15800000, samples: 15800000, node 0 mem 90616
CBF freq dist: (1) 849, (1-100) 4803, (100-1000) 5985, (1k-2k) 464, (2k-3k) 177, (3k-5k) 289, (5k-65534) 494, (65k) 15 
CBF freq dist: (1) 239, (1-100) 2931, (100-1000) 593, (1k-2k) 54, (2k-3k) 27, (3k-5k) 1, (5k-65534) 68, (65k) 0 
collected one batch of samples. pages to migrate = 577 
start promoting 410 pages
move page ret -1 
move page error: 12
got ENOMEM. trying against with 82 pages 
second promote attempt return -1
pages migrated: 2462, lfu # items: 12318, lfu sample size: 15900000, samples: 15900000, node 0 mem 90596
benchmark/large/tpch-sf100/q09.benchmark	1	CBF freq dist: (1) 846, (1-100) 4881, (100-1000) 5994, (1k-2k) 467, (2k-3k) 173, (3k-5k) 293, (5k-65534) 495, (65k) 15 
CBF freq dist: (1) 232, (1-100) 2809, (100-1000) 732, (1k-2k) 53, (2k-3k) 33, (3k-5k) 1, (5k-65534) 69, (65k) 0 
[DEBUG] Halving CBF counters.
collected one batch of samples. pages to migrate = 629 
start promoting 381 pages
move page ret -1 
move page error: 12
got ENOMEM. trying against with 76 pages 
second promote attempt return 0
pages migrated: 2462, lfu # items: 12417, lfu sample size: 16000000, samples: 16000000, node 0 mem 96380
CBF freq dist: (1) 851, (1-100) 4966, (100-1000) 6005, (1k-2k) 468, (2k-3k) 175, (3k-5k) 293, (5k-65534) 495, (65k) 15 
CBF freq dist: (1) 141, (1-100) 3072, (100-1000) 292, (1k-2k) 43, (2k-3k) 2, (3k-5k) 21, (5k-65534) 47, (65k) 0 
collected one batch of samples. pages to migrate = 1043 
start promoting 407 pages
move page ret 397 
move page error: 12
got ENOMEM. trying against with 81 pages 
second promote attempt return -1
pages migrated: 2462, lfu # items: 12467, lfu sample size: 16100000, samples: 16100000, node 0 mem 90724
CBF freq dist: (1) 865, (1-100) 5007, (100-1000) 5971, (1k-2k) 508, (2k-3k) 175, (3k-5k) 295, (5k-65534) 496, (65k) 15 
CBF freq dist: (1) 118, (1-100) 2954, (100-1000) 457, (1k-2k) 45, (2k-3k) 18, (3k-5k) 14, (5k-65534) 54, (65k) 0 
collected one batch of samples. pages to migrate = 417 
start promoting 184 pages
move page ret -1 
move page error: 12
got ENOMEM. trying against with 36 pages 
second promote attempt return 0
pages migrated: 2462, lfu # items: 12486, lfu sample size: 16200000, samples: 16200000, node 0 mem 72372
CBF freq dist: (1) 861, (1-100) 5026, (100-1000) 5967, (1k-2k) 512, (2k-3k) 175, (3k-5k) 295, (5k-65534) 496, (65k) 15 
CBF freq dist: (1) 114, (1-100) 2894, (100-1000) 526, (1k-2k) 45, (2k-3k) 2, (3k-5k) 13, (5k-65534) 71, (65k) 0 
collected one batch of samples. pages to migrate = 419 
start promoting 167 pages
move page ret -1 
move page error: 12
got ENOMEM. trying against with 33 pages 
second promote attempt return -1
pages migrated: 2462, lfu # items: 14233, lfu sample size: 16300000, samples: 16300000, node 0 mem 72436
CBF freq dist: (1) 826, (1-100) 6729, (100-1000) 5973, (1k-2k) 547, (2k-3k) 177, (3k-5k) 296, (5k-65534) 496, (65k) 15 
CBF freq dist: (1) 34, (1-100) 2722, (100-1000) 819, (1k-2k) 47, (2k-3k) 1, (3k-5k) 14, (5k-65534) 71, (65k) 0 
collected one batch of samples. pages to migrate = 586 
start promoting 378 pages
move page ret -1 
move page error: 12
got ENOMEM. trying against with 75 pages 
second promote attempt return -1
pages migrated: 2462, lfu # items: 14244, lfu sample size: 16400000, samples: 16400000, node 0 mem 72436
CBF freq dist: (1) 821, (1-100) 6634, (100-1000) 6077, (1k-2k) 549, (2k-3k) 177, (3k-5k) 296, (5k-65534) 496, (65k) 15 
CBF freq dist: (1) 33, (1-100) 1865, (100-1000) 1678, (1k-2k) 48, (2k-3k) 1, (3k-5k) 14, (5k-65534) 71, (65k) 0 
collected one batch of samples. pages to migrate = 1176 
start promoting 1001 pages
move page ret -1 
move page error: 12
got ENOMEM. trying against with 200 pages 
second promote attempt return -1
pages migrated: 2462, lfu # items: 14248, lfu sample size: 16500000, samples: 16500000, node 0 mem 71412
CBF freq dist: (1) 820, (1-100) 4849, (100-1000) 7863, (1k-2k) 552, (2k-3k) 177, (3k-5k) 296, (5k-65534) 496, (65k) 15 
CBF freq dist: (1) 31, (1-100) 1462, (100-1000) 2080, (1k-2k) 49, (2k-3k) 1, (3k-5k) 14, (5k-65534) 71, (65k) 0 
[DEBUG] Halving CBF counters.
collected one batch of samples. pages to migrate = 810 
start promoting 593 pages
move page ret -1 
move page error: 12
got ENOMEM. trying against with 118 pages 
second promote attempt return -1
pages migrated: 2462, lfu # items: 14254, lfu sample size: 16600000, samples: 16600000, node 0 mem 71392
CBF freq dist: (1) 819, (1-100) 4846, (100-1000) 7869, (1k-2k) 555, (2k-3k) 177, (3k-5k) 296, (5k-65534) 496, (65k) 15 
CBF freq dist: (1) -14, (1-100) 1597, (100-1000) 1965, (1k-2k) 10, (2k-3k) 54, (3k-5k) 22, (5k-65534) 0, (65k) 0 
collected one batch of samples. pages to migrate = 1160 
start promoting 978 pages
move page ret -1 
move page error: 12
got ENOMEM. trying against with 195 pages 
second promote attempt return -1
pages migrated: 2462, lfu # items: 14258, lfu sample size: 16700000, samples: 16700000, node 0 mem 71880
CBF freq dist: (1) 819, (1-100) 4849, (100-1000) 7869, (1k-2k) 555, (2k-3k) 177, (3k-5k) 297, (5k-65534) 496, (65k) 15 
CBF freq dist: (1) -15, (1-100) 1550, (100-1000) 2012, (1k-2k) 10, (2k-3k) 54, (3k-5k) 22, (5k-65534) 0, (65k) 0 
collected one batch of samples. pages to migrate = 2180 
start promoting 1982 pages
move page ret -1 
move page error: 12
got ENOMEM. trying against with 396 pages 
second promote attempt return -1
pages migrated: 2462, lfu # items: 14260, lfu sample size: 16800000, samples: 16800000, node 0 mem 71880
CBF freq dist: (1) 819, (1-100) 4851, (100-1000) 7866, (1k-2k) 558, (2k-3k) 177, (3k-5k) 297, (5k-65534) 496, (65k) 15 
CBF freq dist: (1) -15, (1-100) 1539, (100-1000) 2021, (1k-2k) 13, (2k-3k) 54, (3k-5k) 22, (5k-65534) 0, (65k) 0 
collected one batch of samples. pages to migrate = 2356 
start promoting 2137 pages
move page ret -1 
move page error: 12
got ENOMEM. trying against with 427 pages 
second promote attempt return -1
pages migrated: 2462, lfu # items: 14269, lfu sample size: 16900000, samples: 16900000, node 0 mem 71880
CBF freq dist: (1) 819, (1-100) 4860, (100-1000) 7864, (1k-2k) 559, (2k-3k) 178, (3k-5k) 297, (5k-65534) 496, (65k) 15 
CBF freq dist: (1) -16, (1-100) 1525, (100-1000) 2035, (1k-2k) 13, (2k-3k) 53, (3k-5k) 23, (5k-65534) 0, (65k) 0 
collected one batch of samples. pages to migrate = 2378 
start promoting 2126 pages
move page ret -1 
move page error: 12
got ENOMEM. trying against with 425 pages 
second promote attempt return -1
pages migrated: 2462, lfu # items: 14270, lfu sample size: 17000000, samples: 17000000, node 0 mem 71880
CBF freq dist: (1) 819, (1-100) 4860, (100-1000) 7859, (1k-2k) 565, (2k-3k) 178, (3k-5k) 297, (5k-65534) 496, (65k) 15 
CBF freq dist: (1) -16, (1-100) 1519, (100-1000) 2042, (1k-2k) 13, (2k-3k) 53, (3k-5k) 23, (5k-65534) 0, (65k) 0 
[DEBUG] Halving CBF counters.
collected one batch of samples. pages to migrate = 2201 
start promoting 1993 pages
move page ret -1 
move page error: 12
got ENOMEM. trying against with 398 pages 
second promote attempt return -1
pages migrated: 2462, lfu # items: 14270, lfu sample size: 17100000, samples: 17100000, node 0 mem 71880
CBF freq dist: (1) 819, (1-100) 4860, (100-1000) 7856, (1k-2k) 568, (2k-3k) 178, (3k-5k) 297, (5k-65534) 496, (65k) 15 
CBF freq dist: (1) 31, (1-100) 1688, (100-1000) 1902, (1k-2k) 72, (2k-3k) 4, (3k-5k) 0, (5k-65534) 0, (65k) 0 
collected one batch of samples. pages to migrate = 2301 
start promoting 2109 pages
move page ret -1 
move page error: 12
got ENOMEM. trying against with 421 pages 
second promote attempt return -1
pages migrated: 2462, lfu # items: 14270, lfu sample size: 17200000, samples: 17200000, node 0 mem 71880
CBF freq dist: (1) 819, (1-100) 4860, (100-1000) 7849, (1k-2k) 575, (2k-3k) 177, (3k-5k) 298, (5k-65534) 496, (65k) 15 
CBF freq dist: (1) 31, (1-100) 1685, (100-1000) 1905, (1k-2k) 73, (2k-3k) 4, (3k-5k) 0, (5k-65534) 0, (65k) 0 
collected one batch of samples. pages to migrate = 2337 
start promoting 2140 pages
move page ret -1 
move page error: 12
got ENOMEM. trying against with 428 pages 
second promote attempt return -1
pages migrated: 2462, lfu # items: 14272, lfu sample size: 17300000, samples: 17300000, node 0 mem 71880
CBF freq dist: (1) 820, (1-100) 4862, (100-1000) 7832, (1k-2k) 592, (2k-3k) 177, (3k-5k) 298, (5k-65534) 496, (65k) 15 
CBF freq dist: (1) 29, (1-100) 1680, (100-1000) 1909, (1k-2k) 74, (2k-3k) 4, (3k-5k) 0, (5k-65534) 0, (65k) 0 
collected one batch of samples. pages to migrate = 2350 
start promoting 2145 pages
move page ret -1 
move page error: 12
got ENOMEM. trying against with 429 pages 
second promote attempt return -1
pages migrated: 2462, lfu # items: 14272, lfu sample size: 17400000, samples: 17400000, node 0 mem 72580
CBF freq dist: (1) 820, (1-100) 4860, (100-1000) 7809, (1k-2k) 617, (2k-3k) 177, (3k-5k) 298, (5k-65534) 496, (65k) 15 
CBF freq dist: (1) 28, (1-100) 1674, (100-1000) 1910, (1k-2k) 79, (2k-3k) 4, (3k-5k) 0, (5k-65534) 0, (65k) 0 
collected one batch of samples. pages to migrate = 2337 
start promoting 2128 pages
move page ret -1 
move page error: 12
got ENOMEM. trying against with 425 pages 
second promote attempt return -1
pages migrated: 2462, lfu # items: 14272, lfu sample size: 17500000, samples: 17500000, node 0 mem 72580
CBF freq dist: (1) 819, (1-100) 4858, (100-1000) 7799, (1k-2k) 629, (2k-3k) 177, (3k-5k) 298, (5k-65534) 496, (65k) 15 
CBF freq dist: (1) 27, (1-100) 1667, (100-1000) 1909, (1k-2k) 87, (2k-3k) 4, (3k-5k) 0, (5k-65534) 0, (65k) 0 
collected one batch of samples. pages to migrate = 2509 
start promoting 2221 pages
move page ret -1 
move page error: 12
got ENOMEM. trying against with 444 pages 
second promote attempt return -1
pages migrated: 2462, lfu # items: 14279, lfu sample size: 17600000, samples: 17600000, node 0 mem 72704
CBF freq dist: (1) 818, (1-100) 4860, (100-1000) 7797, (1k-2k) 636, (2k-3k) 177, (3k-5k) 298, (5k-65534) 496, (65k) 15 
CBF freq dist: (1) 27, (1-100) 1650, (100-1000) 1925, (1k-2k) 90, (2k-3k) 4, (3k-5k) 0, (5k-65534) 0, (65k) 0 
[DEBUG] Halving CBF counters.
collected one batch of samples. pages to migrate = 2605 
start promoting 2270 pages
move page ret -1 
move page error: 12
got ENOMEM. trying against with 454 pages 
second promote attempt return -1
pages migrated: 2462, lfu # items: 14279, lfu sample size: 17700000, samples: 17700000, node 0 mem 72704
CBF freq dist: (1) 815, (1-100) 4833, (100-1000) 7816, (1k-2k) 612, (2k-3k) 190, (3k-5k) 317, (5k-65534) 496, (65k) 15 
CBF freq dist: (1) 94, (1-100) 1637, (100-1000) 1974, (1k-2k) 35, (2k-3k) 4, (3k-5k) 0, (5k-65534) 0, (65k) 0 
collected one batch of samples. pages to migrate = 2570 
start promoting 2291 pages
move page ret -1 
move page error: 12
got ENOMEM. trying against with 458 pages 
second promote attempt return -1
pages migrated: 2462, lfu # items: 14285, lfu sample size: 17800000, samples: 17800000, node 0 mem 72704
CBF freq dist: (1) 817, (1-100) 4831, (100-1000) 7809, (1k-2k) 623, (2k-3k) 183, (3k-5k) 324, (5k-65534) 500, (65k) 15 
CBF freq dist: (1) 90, (1-100) 1612, (100-1000) 2010, (1k-2k) 13, (2k-3k) 3, (3k-5k) 28, (5k-65534) 0, (65k) 0 
collected one batch of samples. pages to migrate = 2580 
start promoting 2313 pages
move page ret -1 
move page error: 12
got ENOMEM. trying against with 462 pages 
second promote attempt return -1
pages migrated: 2462, lfu # items: 14285, lfu sample size: 17900000, samples: 17900000, node 0 mem 72704
CBF freq dist: (1) 817, (1-100) 4823, (100-1000) 7778, (1k-2k) 657, (2k-3k) 187, (3k-5k) 301, (5k-65534) 524, (65k) 15 
CBF freq dist: (1) 86, (1-100) 1600, (100-1000) 2017, (1k-2k) 24, (2k-3k) 1, (3k-5k) 3, (5k-65534) 28, (65k) 0 
collected one batch of samples. pages to migrate = 2619 
start promoting 2338 pages
move page ret -1 
move page error: 12
got ENOMEM. trying against with 467 pages 
second promote attempt return -1
pages migrated: 2462, lfu # items: 14285, lfu sample size: 18000000, samples: 18000000, node 0 mem 73192
CBF freq dist: (1) 817, (1-100) 4816, (100-1000) 7765, (1k-2k) 669, (2k-3k) 193, (3k-5k) 302, (5k-65534) 525, (65k) 15 
CBF freq dist: (1) 84, (1-100) 1598, (100-1000) 2006, (1k-2k) 48, (2k-3k) 4, (3k-5k) 2, (5k-65534) 29, (65k) 0 
collected one batch of samples. pages to migrate = 2607 
start promoting 2324 pages
move page ret -1 
move page error: 12
got ENOMEM. trying against with 464 pages 
second promote attempt return -1
pages migrated: 2462, lfu # items: 14285, lfu sample size: 18100000, samples: 18100000, node 0 mem 73192
CBF freq dist: (1) 817, (1-100) 4811, (100-1000) 7762, (1k-2k) 672, (2k-3k) 198, (3k-5k) 301, (5k-65534) 526, (65k) 15 
CBF freq dist: (1) 83, (1-100) 1598, (100-1000) 2006, (1k-2k) 54, (2k-3k) 8, (3k-5k) 2, (5k-65534) 30, (65k) 0 
num_perf_record_lost count 100
[DEBUG] Halving CBF counters.
collected one batch of samples. pages to migrate = 2608 
start promoting 2331 pages
move page ret -1 
move page error: 12
got ENOMEM. trying against with 466 pages 
second promote attempt return -1
pages migrated: 2462, lfu # items: 14286, lfu sample size: 18200000, samples: 18200000, node 0 mem 72988
CBF freq dist: (1) 817, (1-100) 4807, (100-1000) 7753, (1k-2k) 675, (2k-3k) 208, (3k-5k) 300, (5k-65534) 528, (65k) 15 
CBF freq dist: (1) 299, (1-100) 1549, (100-1000) 2025, (1k-2k) 20, (2k-3k) 2, (3k-5k) 1, (5k-65534) 29, (65k) 0 
collected one batch of samples. pages to migrate = 1090 
start promoting 865 pages
move page ret -1 
move page error: 12
got ENOMEM. trying against with 173 pages 
second promote attempt return -1
pages migrated: 2462, lfu # items: 14286, lfu sample size: 18300000, samples: 18300000, node 0 mem 72988
CBF freq dist: (1) 817, (1-100) 4802, (100-1000) 7751, (1k-2k) 666, (2k-3k) 216, (3k-5k) 308, (5k-65534) 528, (65k) 15 
CBF freq dist: (1) 293, (1-100) 1545, (100-1000) 2021, (1k-2k) 44, (2k-3k) 1, (3k-5k) 2, (5k-65534) 29, (65k) 0 
collected one batch of samples. pages to migrate = 1171 
start promoting 930 pages
move page ret -1 
move page error: 12
got ENOMEM. trying against with 186 pages 
second promote attempt return -1
pages migrated: 2462, lfu # items: 14286, lfu sample size: 18400000, samples: 18400000, node 0 mem 72988
CBF freq dist: (1) 817, (1-100) 4795, (100-1000) 7750, (1k-2k) 669, (2k-3k) 212, (3k-5k) 315, (5k-65534) 530, (65k) 15 
CBF freq dist: (1) 278, (1-100) 1541, (100-1000) 2021, (1k-2k) 52, (2k-3k) 3, (3k-5k) 2, (5k-65534) 30, (65k) 0 
collected one batch of samples. pages to migrate = 1195 
start promoting 971 pages
move page ret -1 
move page error: 12
got ENOMEM. trying against with 194 pages 
second promote attempt return -1
pages migrated: 2462, lfu # items: 14287, lfu sample size: 18500000, samples: 18500000, node 0 mem 72744
CBF freq dist: (1) 817, (1-100) 4790, (100-1000) 7754, (1k-2k) 661, (2k-3k) 211, (3k-5k) 326, (5k-65534) 530, (65k) 15 
CBF freq dist: (1) 275, (1-100) 1538, (100-1000) 2026, (1k-2k) 50, (2k-3k) 17, (3k-5k) 1, (5k-65534) 31, (65k) 0 
collected one batch of samples. pages to migrate = 1246 
start promoting 1010 pages
move page ret -1 
move page error: 12
got ENOMEM. trying against with 202 pages 
second promote attempt return -1
pages migrated: 2462, lfu # items: 14287, lfu sample size: 18600000, samples: 18600000, node 0 mem 72728
CBF freq dist: (1) 815, (1-100) 4779, (100-1000) 7756, (1k-2k) 649, (2k-3k) 223, (3k-5k) 335, (5k-65534) 530, (65k) 15 
CBF freq dist: (1) 262, (1-100) 1526, (100-1000) 2036, (1k-2k) 46, (2k-3k) 32, (3k-5k) 1, (5k-65534) 31, (65k) 0 
collected one batch of samples. pages to migrate = 1296 
start promoting 1075 pages
move page ret -1 
move page error: 12
got ENOMEM. trying against with 215 pages 
second promote attempt return -1
pages migrated: 2462, lfu # items: 14296, lfu sample size: 18700000, samples: 18700000, node 0 mem 72728
CBF freq dist: (1) 816, (1-100) 4780, (100-1000) 7756, (1k-2k) 653, (2k-3k) 222, (3k-5k) 338, (5k-65534) 532, (65k) 15 
CBF freq dist: (1) 256, (1-100) 1512, (100-1000) 2040, (1k-2k) 52, (2k-3k) 39, (3k-5k) 6, (5k-65534) 32, (65k) 0 
[DEBUG] Halving CBF counters.
collected one batch of samples. pages to migrate = 618 
start promoting 391 pages
move page ret -1 
move page error: 12
got ENOMEM. trying against with 78 pages 
second promote attempt return -1
pages migrated: 2462, lfu # items: 14301, lfu sample size: 18800000, samples: 18800000, node 0 mem 72952
CBF freq dist: (1) 817, (1-100) 4774, (100-1000) 7760, (1k-2k) 654, (2k-3k) 225, (3k-5k) 341, (5k-65534) 532, (65k) 15 
CBF freq dist: (1) 256, (1-100) 2546, (100-1000) 810, (1k-2k) 56, (2k-3k) 0, (3k-5k) 2, (5k-65534) 30, (65k) 0 
collected one batch of samples. pages to migrate = 700 
start promoting 481 pages
move page ret -1 
move page error: 12
got ENOMEM. trying against with 96 pages 
second promote attempt return -1
pages migrated: 2462, lfu # items: 14309, lfu sample size: 18900000, samples: 18900000, node 0 mem 72952
CBF freq dist: (1) 816, (1-100) 4768, (100-1000) 7769, (1k-2k) 658, (2k-3k) 224, (3k-5k) 341, (5k-65534) 534, (65k) 15 
CBF freq dist: (1) 240, (1-100) 2214, (100-1000) 1145, (1k-2k) 51, (2k-3k) 11, (3k-5k) 1, (5k-65534) 31, (65k) 0 
collected one batch of samples. pages to migrate = 836 
start promoting 620 pages
move page ret -1 
move page error: 12
got ENOMEM. trying against with 124 pages 
second promote attempt return -1
pages migrated: 2462, lfu # items: 14322, lfu sample size: 19000000, samples: 19000000, node 0 mem 73196
CBF freq dist: (1) 815, (1-100) 4763, (100-1000) 7782, (1k-2k) 658, (2k-3k) 226, (3k-5k) 342, (5k-65534) 536, (65k) 15 
CBF freq dist: (1) 224, (1-100) 1871, (100-1000) 1480, (1k-2k) 46, (2k-3k) 30, (3k-5k) 1, (5k-65534) 31, (65k) 0 
collected one batch of samples. pages to migrate = 1061 
start promoting 730 pages
move page ret -1 
move page error: 12
got ENOMEM. trying against with 146 pages 
second promote attempt return -1
pages migrated: 2462, lfu # items: 14331, lfu sample size: 19100000, samples: 19100000, node 0 mem 72808
CBF freq dist: (1) 815, (1-100) 4766, (100-1000) 7777, (1k-2k) 665, (2k-3k) 203, (3k-5k) 356, (5k-65534) 549, (65k) 15 
CBF freq dist: (1) 211, (1-100) 1707, (100-1000) 1633, (1k-2k) 54, (2k-3k) 35, (3k-5k) 7, (5k-65534) 32, (65k) 0 
collected one batch of samples. pages to migrate = 1043 
start promoting 846 pages
move page ret -1 
move page error: 12
got ENOMEM. trying against with 169 pages 
second promote attempt return -1
pages migrated: 2462, lfu # items: 14344, lfu sample size: 19200000, samples: 19200000, node 0 mem 73060
CBF freq dist: (1) 814, (1-100) 4766, (100-1000) 7785, (1k-2k) 667, (2k-3k) 203, (3k-5k) 354, (5k-65534) 554, (65k) 15 
CBF freq dist: (1) 198, (1-100) 1601, (100-1000) 1746, (1k-2k) 48, (2k-3k) 34, (3k-5k) 18, (5k-65534) 32, (65k) 0 
[DEBUG] Halving CBF counters.
collected one batch of samples. pages to migrate = 1060 
start promoting 867 pages
move page ret -1 
move page error: 12
got ENOMEM. trying against with 173 pages 
second promote attempt return -1
pages migrated: 2462, lfu # items: 14360, lfu sample size: 19300000, samples: 19300000, node 0 mem 73176
CBF freq dist: (1) 813, (1-100) 4757, (100-1000) 7805, (1k-2k) 668, (2k-3k) 202, (3k-5k) 347, (5k-65534) 566, (65k) 15 
CBF freq dist: (1) -158, (1-100) 2730, (100-1000) 450, (1k-2k) 73, (2k-3k) 6, (3k-5k) 1, (5k-65534) 31, (65k) 0 
collected one batch of samples. pages to migrate = 532 
start promoting 356 pages
move page ret -1 
move page error: 12
got ENOMEM. trying against with 71 pages 
second promote attempt return -1
pages migrated: 2462, lfu # items: 14366, lfu sample size: 19400000, samples: 19400000, node 0 mem 73176
8.595328
CBF freq dist: (1) 811, (1-100) 4741, (100-1000) 7817, (1k-2k) 675, (2k-3k) 202, (3k-5k) 350, (5k-65534) 566, (65k) 15 
CBF freq dist: (1) -167, (1-100) 2634, (100-1000) 551, (1k-2k) 68, (2k-3k) 22, (3k-5k) 1, (5k-65534) 31, (65k) 0 
collected one batch of samples. pages to migrate = 731 
start promoting 240 pages
move page ret -1 
move page error: 12
got ENOMEM. trying against with 48 pages 
second promote attempt return -1
pages migrated: 2462, lfu # items: 14370, lfu sample size: 19500000, samples: 19500000, node 0 mem 67808
CBF freq dist: (1) 803, (1-100) 4720, (100-1000) 7837, (1k-2k) 678, (2k-3k) 203, (3k-5k) 347, (5k-65534) 570, (65k) 15 
CBF freq dist: (1) -187, (1-100) 2470, (100-1000) 727, (1k-2k) 57, (2k-3k) 34, (3k-5k) 5, (5k-65534) 32, (65k) 0 
collected one batch of samples. pages to migrate = 1516 
start promoting 95 pages
pages migrated: 2557, lfu # items: 14386, lfu sample size: 19600000, samples: 19600000, node 0 mem 114244
CBF freq dist: (1) 789, (1-100) 4712, (100-1000) 7822, (1k-2k) 688, (2k-3k) 231, (3k-5k) 347, (5k-65534) 571, (65k) 15 
CBF freq dist: (1) -236, (1-100) 2317, (100-1000) 917, (1k-2k) 77, (2k-3k) 42, (3k-5k) 5, (5k-65534) 32, (65k) 0 
collected one batch of samples. pages to migrate = 572 
start promoting 166 pages
pages migrated: 2723, lfu # items: 14386, lfu sample size: 19700000, samples: 19700000, node 0 mem 71984
CBF freq dist: (1) 789, (1-100) 4711, (100-1000) 7763, (1k-2k) 737, (2k-3k) 227, (3k-5k) 360, (5k-65534) 573, (65k) 15 
CBF freq dist: (1) -237, (1-100) 2136, (100-1000) 1088, (1k-2k) 69, (2k-3k) 59, (3k-5k) 9, (5k-65534) 33, (65k) 0 
collected one batch of samples. pages to migrate = 745 
start promoting 275 pages
move page ret -1 
move page error: 12
got ENOMEM. trying against with 55 pages 
second promote attempt return 62
pages migrated: 2723, lfu # items: 14393, lfu sample size: 19800000, samples: 19800000, node 0 mem 69016
CBF freq dist: (1) 789, (1-100) 4715, (100-1000) 7723, (1k-2k) 769, (2k-3k) 230, (3k-5k) 368, (5k-65534) 573, (65k) 15 
CBF freq dist: (1) -241, (1-100) 1957, (100-1000) 1258, (1k-2k) 79, (2k-3k) 57, (3k-5k) 15, (5k-65534) 33, (65k) 0 
[DEBUG] Halving CBF counters.
collected one batch of samples. pages to migrate = 1015 
start promoting 369 pages
move page ret -1 
move page error: 12
got ENOMEM. trying against with 73 pages 
second promote attempt return -1
pages migrated: 2723, lfu # items: 14396, lfu sample size: 19900000, samples: 19900000, node 0 mem 69360
CBF freq dist: (1) 789, (1-100) 4711, (100-1000) 7691, (1k-2k) 790, (2k-3k) 239, (3k-5k) 375, (5k-65534) 575, (65k) 15 
CBF freq dist: (1) -58, (1-100) 2650, (100-1000) 870, (1k-2k) 75, (2k-3k) 15, (3k-5k) 5, (5k-65534) 29, (65k) 0 
[DEBUG] Number of hot pages promoted in 50 batches = 261 
collected one batch of samples. pages to migrate = 1205 
start promoting 557 pages
move page ret -1 
move page error: 12
got ENOMEM. trying against with 111 pages 
second promote attempt return -1
pages migrated: 2723, lfu # items: 14396, lfu sample size: 20000000, samples: 20000000, node 0 mem 69360
CBF freq dist: (1) 789, (1-100) 4710, (100-1000) 7647, (1k-2k) 828, (2k-3k) 222, (3k-5k) 397, (5k-65534) 577, (65k) 15 
CBF freq dist: (1) -58, (1-100) 2483, (100-1000) 1033, (1k-2k) 66, (2k-3k) 14, (3k-5k) 19, (5k-65534) 31, (65k) 0 
collected one batch of samples. pages to migrate = 1393 
start promoting 714 pages
move page ret -1 
move page error: 12
got ENOMEM. trying against with 142 pages 
second promote attempt return -1
pages migrated: 2723, lfu # items: 14396, lfu sample size: 20100000, samples: 20100000, node 0 mem 69032
CBF freq dist: (1) 789, (1-100) 4708, (100-1000) 7606, (1k-2k) 865, (2k-3k) 221, (3k-5k) 388, (5k-65534) 593, (65k) 15 
CBF freq dist: (1) -59, (1-100) 2386, (100-1000) 1129, (1k-2k) 66, (2k-3k) 17, (3k-5k) 15, (5k-65534) 35, (65k) 0 
collected one batch of samples. pages to migrate = 1462 
start promoting 788 pages
move page ret -1 
move page error: 12
got ENOMEM. trying against with 157 pages 
second promote attempt return -1
pages migrated: 2723, lfu # items: 14396, lfu sample size: 20200000, samples: 20200000, node 0 mem 69032
CBF freq dist: (1) 789, (1-100) 4705, (100-1000) 7559, (1k-2k) 906, (2k-3k) 223, (3k-5k) 395, (5k-65534) 593, (65k) 15 
CBF freq dist: (1) -58, (1-100) 2320, (100-1000) 1187, (1k-2k) 73, (2k-3k) 20, (3k-5k) 2, (5k-65534) 48, (65k) 0 
collected one batch of samples. pages to migrate = 1529 
start promoting 841 pages
move page ret -1 
move page error: 12
got ENOMEM. trying against with 168 pages 
second promote attempt return -1
pages migrated: 2723, lfu # items: 14396, lfu sample size: 20300000, samples: 20300000, node 0 mem 64428
CBF freq dist: (1) 789, (1-100) 4695, (100-1000) 7508, (1k-2k) 962, (2k-3k) 224, (3k-5k) 397, (5k-65534) 595, (65k) 15 
CBF freq dist: (1) -60, (1-100) 2229, (100-1000) 1268, (1k-2k) 84, (2k-3k) 19, (3k-5k) 4, (5k-65534) 48, (65k) 0 
[DEBUG] Halving CBF counters.
collected one batch of samples. pages to migrate = 1565 
start promoting 857 pages
move page ret -1 
move page error: 12
got ENOMEM. trying against with 171 pages 
second promote attempt return -1
pages migrated: 2723, lfu # items: 14396, lfu sample size: 20400000, samples: 20400000, node 0 mem 64428
CBF freq dist: (1) 789, (1-100) 4689, (100-1000) 7458, (1k-2k) 1009, (2k-3k) 230, (3k-5k) 398, (5k-65534) 597, (65k) 15 
CBF freq dist: (1) 16, (1-100) 2561, (100-1000) 1085, (1k-2k) 24, (2k-3k) 28, (3k-5k) 14, (5k-65534) 8, (65k) 0 
collected one batch of samples. pages to migrate = 1447 
start promoting 796 pages
move page ret -1 
move page error: 12
got ENOMEM. trying against with 159 pages 
second promote attempt return -1
pages migrated: 2723, lfu # items: 14397, lfu sample size: 20500000, samples: 20500000, node 0 mem 64428
CBF freq dist: (1) 788, (1-100) 4684, (100-1000) 7428, (1k-2k) 1028, (2k-3k) 245, (3k-5k) 400, (5k-65534) 597, (65k) 15 
CBF freq dist: (1) 12, (1-100) 2445, (100-1000) 1203, (1k-2k) 28, (2k-3k) 30, (3k-5k) 3, (5k-65534) 19, (65k) 0 
collected one batch of samples. pages to migrate = 1514 
start promoting 845 pages
move page ret -1 
move page error: 12
got ENOMEM. trying against with 169 pages 
second promote attempt return -1
pages migrated: 2723, lfu # items: 14397, lfu sample size: 20600000, samples: 20600000, node 0 mem 64428
CBF freq dist: (1) 788, (1-100) 4665, (100-1000) 7415, (1k-2k) 1050, (2k-3k) 252, (3k-5k) 401, (5k-65534) 599, (65k) 15 
CBF freq dist: (1) 6, (1-100) 2367, (100-1000) 1278, (1k-2k) 36, (2k-3k) 31, (3k-5k) 2, (5k-65534) 20, (65k) 0 
collected one batch of samples. pages to migrate = 1637 
start promoting 942 pages
move page ret -1 
move page error: 12
got ENOMEM. trying against with 188 pages 
second promote attempt return -1
pages migrated: 2723, lfu # items: 14397, lfu sample size: 20700000, samples: 20700000, node 0 mem 69700
CBF freq dist: (1) 788, (1-100) 4655, (100-1000) 7382, (1k-2k) 1081, (2k-3k) 259, (3k-5k) 402, (5k-65534) 603, (65k) 15 
CBF freq dist: (1) -4, (1-100) 2275, (100-1000) 1352, (1k-2k) 55, (2k-3k) 32, (3k-5k) 2, (5k-65534) 20, (65k) 0 
collected one batch of samples. pages to migrate = 1708 
start promoting 1030 pages
move page ret -1 
move page error: 12
got ENOMEM. trying against with 206 pages 
second promote attempt return -1
pages migrated: 2723, lfu # items: 14397, lfu sample size: 20800000, samples: 20800000, node 0 mem 69700
CBF freq dist: (1) 788, (1-100) 4639, (100-1000) 7366, (1k-2k) 1104, (2k-3k) 263, (3k-5k) 406, (5k-65534) 604, (65k) 15 
CBF freq dist: (1) -6, (1-100) 2198, (100-1000) 1424, (1k-2k) 64, (2k-3k) 34, (3k-5k) 2, (5k-65534) 20, (65k) 0 
collected one batch of samples. pages to migrate = 1683 
start promoting 1009 pages
move page ret -1 
move page error: 12
got ENOMEM. trying against with 201 pages 
second promote attempt return -1
pages migrated: 2723, lfu # items: 14398, lfu sample size: 20900000, samples: 20900000, node 0 mem 73848
CBF freq dist: (1) 788, (1-100) 4627, (100-1000) 7344, (1k-2k) 1128, (2k-3k) 272, (3k-5k) 406, (5k-65534) 606, (65k) 15 
CBF freq dist: (1) -7, (1-100) 2138, (100-1000) 1470, (1k-2k) 79, (2k-3k) 34, (3k-5k) 3, (5k-65534) 20, (65k) 0 
[DEBUG] Halving CBF counters.
collected one batch of samples. pages to migrate = 1707 
start promoting 1028 pages
move page ret -1 
move page error: 12
got ENOMEM. trying against with 205 pages 
second promote attempt return 0
pages migrated: 2723, lfu # items: 14398, lfu sample size: 21000000, samples: 21000000, node 0 mem 64172
CBF freq dist: (1) 788, (1-100) 4613, (100-1000) 7332, (1k-2k) 1148, (2k-3k) 274, (3k-5k) 408, (5k-65534) 608, (65k) 15 
CBF freq dist: (1) 133, (1-100) 2387, (100-1000) 1305, (1k-2k) 44, (2k-3k) 0, (3k-5k) 1, (5k-65534) 19, (65k) 0 
collected one batch of samples. pages to migrate = 1738 
start promoting 882 pages
move page ret -1 
move page error: 12
got ENOMEM. trying against with 176 pages 
second promote attempt return -1
pages migrated: 2723, lfu # items: 14399, lfu sample size: 21100000, samples: 21100000, node 0 mem 65812
CBF freq dist: (1) 789, (1-100) 4599, (100-1000) 7328, (1k-2k) 1152, (2k-3k) 289, (3k-5k) 407, (5k-65534) 609, (65k) 15 
CBF freq dist: (1) 127, (1-100) 2313, (100-1000) 1381, (1k-2k) 50, (2k-3k) 1, (3k-5k) 0, (5k-65534) 20, (65k) 0 
collected one batch of samples. pages to migrate = 1798 
start promoting 937 pages
move page ret -1 
move page error: 12
got ENOMEM. trying against with 187 pages 
second promote attempt return -1
pages migrated: 2723, lfu # items: 14399, lfu sample size: 21200000, samples: 21200000, node 0 mem 66000
CBF freq dist: (1) 788, (1-100) 4591, (100-1000) 7314, (1k-2k) 1151, (2k-3k) 307, (3k-5k) 410, (5k-65534) 611, (65k) 15 
CBF freq dist: (1) 121, (1-100) 2261, (100-1000) 1424, (1k-2k) 70, (2k-3k) 2, (3k-5k) 0, (5k-65534) 20, (65k) 0 
collected one batch of samples. pages to migrate = 1991 
start promoting 1088 pages
move page ret -1 
move page error: 12
got ENOMEM. trying against with 217 pages 
second promote attempt return -1
pages migrated: 2723, lfu # items: 14399, lfu sample size: 21300000, samples: 21300000, node 0 mem 67488
CBF freq dist: (1) 788, (1-100) 4578, (100-1000) 7308, (1k-2k) 1145, (2k-3k) 326, (3k-5k) 412, (5k-65534) 615, (65k) 15 
CBF freq dist: (1) 111, (1-100) 2138, (100-1000) 1539, (1k-2k) 82, (2k-3k) 5, (3k-5k) 0, (5k-65534) 20, (65k) 0 
collected one batch of samples. pages to migrate = 1109 
start promoting 734 pages
move page ret -1 
move page error: 12
got ENOMEM. trying against with 146 pages 
second promote attempt return -1
pages migrated: 2723, lfu # items: 14399, lfu sample size: 21400000, samples: 21400000, node 0 mem 67744
benchmark/large/tpch-sf100/q10.benchmark	1	CBF freq dist: (1) 788, (1-100) 4537, (100-1000) 7321, (1k-2k) 1168, (2k-3k) 326, (3k-5k) 411, (5k-65534) 621, (65k) 15 
CBF freq dist: (1) 108, (1-100) 1897, (100-1000) 1774, (1k-2k) 84, (2k-3k) 3, (3k-5k) 5, (5k-65534) 22, (65k) 0 
[DEBUG] Halving CBF counters.
collected one batch of samples. pages to migrate = 1638 
start promoting 889 pages
move page ret -1 
move page error: 12
got ENOMEM. trying against with 177 pages 
second promote attempt return -1
pages migrated: 2723, lfu # items: 14402, lfu sample size: 21500000, samples: 21500000, node 0 mem 68548
CBF freq dist: (1) 788, (1-100) 4527, (100-1000) 7300, (1k-2k) 1192, (2k-3k) 335, (3k-5k) 408, (5k-65534) 625, (65k) 15 
CBF freq dist: (1) 207, (1-100) 2145, (100-1000) 1517, (1k-2k) 5, (2k-3k) 2, (3k-5k) 13, (5k-65534) 13, (65k) 0 
collected one batch of samples. pages to migrate = 975 
start promoting 538 pages
move page ret -1 
move page error: 12
got ENOMEM. trying against with 107 pages 
second promote attempt return -1
pages migrated: 2723, lfu # items: 14402, lfu sample size: 21600000, samples: 21600000, node 0 mem 68720
CBF freq dist: (1) 788, (1-100) 4513, (100-1000) 7297, (1k-2k) 1179, (2k-3k) 360, (3k-5k) 412, (5k-65534) 626, (65k) 15 
CBF freq dist: (1) 203, (1-100) 2017, (100-1000) 1607, (1k-2k) 43, (2k-3k) 3, (3k-5k) 7, (5k-65534) 19, (65k) 0 
collected one batch of samples. pages to migrate = 1064 
start promoting 568 pages
move page ret -1 
move page error: 12
got ENOMEM. trying against with 113 pages 
second promote attempt return -1
pages migrated: 2723, lfu # items: 14402, lfu sample size: 21700000, samples: 21700000, node 0 mem 69428
CBF freq dist: (1) 788, (1-100) 4507, (100-1000) 7265, (1k-2k) 1206, (2k-3k) 359, (3k-5k) 419, (5k-65534) 631, (65k) 15 
CBF freq dist: (1) 203, (1-100) 1933, (100-1000) 1653, (1k-2k) 79, (2k-3k) 6, (3k-5k) 8, (5k-65534) 19, (65k) 0 
collected one batch of samples. pages to migrate = 1068 
start promoting 639 pages
move page ret -1 
move page error: 12
got ENOMEM. trying against with 127 pages 
second promote attempt return -1
pages migrated: 2723, lfu # items: 14402, lfu sample size: 21800000, samples: 21800000, node 0 mem 68612
CBF freq dist: (1) 788, (1-100) 4506, (100-1000) 7228, (1k-2k) 1222, (2k-3k) 370, (3k-5k) 422, (5k-65534) 639, (65k) 15 
CBF freq dist: (1) 204, (1-100) 1877, (100-1000) 1689, (1k-2k) 94, (2k-3k) 11, (3k-5k) 10, (5k-65534) 19, (65k) 0 
collected one batch of samples. pages to migrate = 1416 
start promoting 912 pages
move page ret -1 
move page error: 12
got ENOMEM. trying against with 182 pages 
second promote attempt return -1
pages migrated: 2723, lfu # items: 14402, lfu sample size: 21900000, samples: 21900000, node 0 mem 64184
CBF freq dist: (1) 788, (1-100) 4493, (100-1000) 7225, (1k-2k) 1233, (2k-3k) 363, (3k-5k) 432, (5k-65534) 641, (65k) 15 
CBF freq dist: (1) 204, (1-100) 1786, (100-1000) 1776, (1k-2k) 55, (2k-3k) 52, (3k-5k) 13, (5k-65534) 19, (65k) 0 
collected one batch of samples. pages to migrate = 1727 
start promoting 1028 pages
move page ret -1 
move page error: 12
got ENOMEM. trying against with 205 pages 
second promote attempt return -1
pages migrated: 2723, lfu # items: 14402, lfu sample size: 22000000, samples: 22000000, node 0 mem 64256
CBF freq dist: (1) 788, (1-100) 4488, (100-1000) 7218, (1k-2k) 1232, (2k-3k) 373, (3k-5k) 430, (5k-65534) 646, (65k) 15 
CBF freq dist: (1) 201, (1-100) 1683, (100-1000) 1872, (1k-2k) 64, (2k-3k) 10, (3k-5k) 55, (5k-65534) 19, (65k) 0 
[DEBUG] Halving CBF counters.
collected one batch of samples. pages to migrate = 1602 
start promoting 881 pages
move page ret -1 
move page error: 12
got ENOMEM. trying against with 176 pages 
second promote attempt return -1
pages migrated: 2723, lfu # items: 14402, lfu sample size: 22100000, samples: 22100000, node 0 mem 64320
CBF freq dist: (1) 788, (1-100) 4479, (100-1000) 7209, (1k-2k) 1245, (2k-3k) 375, (3k-5k) 411, (5k-65534) 668, (65k) 15 
CBF freq dist: (1) 165, (1-100) 1934, (100-1000) 1475, (1k-2k) 28, (2k-3k) 49, (3k-5k) 15, (5k-65534) 3, (65k) 0 
collected one batch of samples. pages to migrate = 1612 
start promoting 933 pages
move page ret -1 
move page error: 12
got ENOMEM. trying against with 186 pages 
second promote attempt return -1
pages migrated: 2723, lfu # items: 14408, lfu sample size: 22200000, samples: 22200000, node 0 mem 64320
CBF freq dist: (1) 790, (1-100) 4484, (100-1000) 7193, (1k-2k) 1254, (2k-3k) 379, (3k-5k) 412, (5k-65534) 671, (65k) 15 
CBF freq dist: (1) 161, (1-100) 1806, (100-1000) 1603, (1k-2k) 30, (2k-3k) 24, (3k-5k) 30, (5k-65534) 18, (65k) 0 
collected one batch of samples. pages to migrate = 1701 
start promoting 1026 pages
move page ret -1 
move page error: 12
got ENOMEM. trying against with 205 pages 
second promote attempt return -1
pages migrated: 2723, lfu # items: 14408, lfu sample size: 22300000, samples: 22300000, node 0 mem 65420
CBF freq dist: (1) 790, (1-100) 4480, (100-1000) 7181, (1k-2k) 1261, (2k-3k) 381, (3k-5k) 416, (5k-65534) 674, (65k) 15 
CBF freq dist: (1) 157, (1-100) 1708, (100-1000) 1702, (1k-2k) 33, (2k-3k) 12, (3k-5k) 45, (5k-65534) 18, (65k) 0 
collected one batch of samples. pages to migrate = 1826 
start promoting 1103 pages
move page ret -1 
move page error: 12
got ENOMEM. trying against with 220 pages 
second promote attempt return -1
pages migrated: 2723, lfu # items: 14408, lfu sample size: 22400000, samples: 22400000, node 0 mem 64852
CBF freq dist: (1) 790, (1-100) 4478, (100-1000) 7157, (1k-2k) 1277, (2k-3k) 391, (3k-5k) 407, (5k-65534) 683, (65k) 15 
CBF freq dist: (1) 157, (1-100) 1641, (100-1000) 1769, (1k-2k) 36, (2k-3k) 11, (3k-5k) 49, (5k-65534) 18, (65k) 0 
collected one batch of samples. pages to migrate = 1870 
start promoting 1170 pages
move page ret -1 
move page error: 12
got ENOMEM. trying against with 234 pages 
second promote attempt return -1
pages migrated: 2723, lfu # items: 14412, lfu sample size: 22500000, samples: 22500000, node 0 mem 65432
CBF freq dist: (1) 793, (1-100) 4479, (100-1000) 7142, (1k-2k) 1281, (2k-3k) 404, (3k-5k) 406, (5k-65534) 685, (65k) 15 
CBF freq dist: (1) 152, (1-100) 1612, (100-1000) 1793, (1k-2k) 42, (2k-3k) 9, (3k-5k) 14, (5k-65534) 55, (65k) 0 
[DEBUG] Halving CBF counters.
collected one batch of samples. pages to migrate = 1965 
start promoting 1252 pages
move page ret -1 
move page error: 12
got ENOMEM. trying against with 250 pages 
second promote attempt return -1
pages migrated: 2723, lfu # items: 14412, lfu sample size: 22600000, samples: 22600000, node 0 mem 67024
CBF freq dist: (1) 793, (1-100) 4475, (100-1000) 7115, (1k-2k) 1305, (2k-3k) 409, (3k-5k) 403, (5k-65534) 690, (65k) 15 
CBF freq dist: (1) 483, (1-100) 2071, (100-1000) 1229, (1k-2k) 11, (2k-3k) 9, (3k-5k) 61, (5k-65534) 0, (65k) 0 
collected one batch of samples. pages to migrate = 1702 
start promoting 1016 pages
move page ret -1 
move page error: 12
got ENOMEM. trying against with 203 pages 
second promote attempt return -1
pages migrated: 2723, lfu # items: 14412, lfu sample size: 22700000, samples: 22700000, node 0 mem 67024
CBF freq dist: (1) 793, (1-100) 4472, (100-1000) 7090, (1k-2k) 1317, (2k-3k) 423, (3k-5k) 401, (5k-65534) 694, (65k) 15 
CBF freq dist: (1) 473, (1-100) 1968, (100-1000) 1333, (1k-2k) 16, (2k-3k) 3, (3k-5k) 60, (5k-65534) 9, (65k) 0 
collected one batch of samples. pages to migrate = 1807 
start promoting 1121 pages
move page ret -1 
move page error: 12
got ENOMEM. trying against with 224 pages 
second promote attempt return -1
pages migrated: 2723, lfu # items: 14412, lfu sample size: 22800000, samples: 22800000, node 0 mem 69348
CBF freq dist: (1) 793, (1-100) 4467, (100-1000) 7075, (1k-2k) 1322, (2k-3k) 434, (3k-5k) 404, (5k-65534) 695, (65k) 15 
CBF freq dist: (1) 463, (1-100) 1908, (100-1000) 1391, (1k-2k) 21, (2k-3k) 4, (3k-5k) 50, (5k-65534) 19, (65k) 0 
collected one batch of samples. pages to migrate = 1899 
start promoting 1209 pages
move page ret -1 
move page error: 12
got ENOMEM. trying against with 241 pages 
second promote attempt return -1
pages migrated: 2723, lfu # items: 14412, lfu sample size: 22900000, samples: 22900000, node 0 mem 64728
CBF freq dist: (1) 793, (1-100) 4463, (100-1000) 7056, (1k-2k) 1333, (2k-3k) 443, (3k-5k) 402, (5k-65534) 700, (65k) 15 
CBF freq dist: (1) 457, (1-100) 1844, (100-1000) 1453, (1k-2k) 26, (2k-3k) 5, (3k-5k) 5, (5k-65534) 65, (65k) 0 
collected one batch of samples. pages to migrate = 1947 
start promoting 1267 pages
move page ret -1 
move page error: 12
got ENOMEM. trying against with 253 pages 
second promote attempt return -1
pages migrated: 2723, lfu # items: 14412, lfu sample size: 23000000, samples: 23000000, node 0 mem 65524
CBF freq dist: (1) 793, (1-100) 4460, (100-1000) 7032, (1k-2k) 1350, (2k-3k) 449, (3k-5k) 403, (5k-65534) 703, (65k) 15 
CBF freq dist: (1) 456, (1-100) 1793, (100-1000) 1502, (1k-2k) 32, (2k-3k) 5, (3k-5k) 4, (5k-65534) 67, (65k) 0 
collected one batch of samples. pages to migrate = 1978 
start promoting 1286 pages
move page ret -1 
move page error: 12
got ENOMEM. trying against with 257 pages 
second promote attempt return -1
pages migrated: 2723, lfu # items: 14412, lfu sample size: 23100000, samples: 23100000, node 0 mem 65524
CBF freq dist: (1) 793, (1-100) 4459, (100-1000) 6999, (1k-2k) 1374, (2k-3k) 456, (3k-5k) 405, (5k-65534) 704, (65k) 15 
CBF freq dist: (1) 454, (1-100) 1759, (100-1000) 1533, (1k-2k) 39, (2k-3k) 6, (3k-5k) 3, (5k-65534) 68, (65k) 0 
[DEBUG] Halving CBF counters.
collected one batch of samples. pages to migrate = 2011 
start promoting 1151 pages
move page ret -1 
move page error: 12
got ENOMEM. trying against with 230 pages 
second promote attempt return -1
pages migrated: 2723, lfu # items: 14412, lfu sample size: 23200000, samples: 23200000, node 0 mem 65524
CBF freq dist: (1) 793, (1-100) 4458, (100-1000) 6965, (1k-2k) 1389, (2k-3k) 466, (3k-5k) 412, (5k-65534) 707, (65k) 15 
CBF freq dist: (1) -103, (1-100) 1583, (100-1000) 1303, (1k-2k) 10, (2k-3k) 8, (3k-5k) 67, (5k-65534) 0, (65k) 0 
collected one batch of samples. pages to migrate = 1375 
start promoting 772 pages
move page ret -1 
move page error: 12
got ENOMEM. trying against with 154 pages 
second promote attempt return -1
pages migrated: 2723, lfu # items: 14412, lfu sample size: 23300000, samples: 23300000, node 0 mem 67204
4.214153
benchmark/large/tpch-sf100/q11.benchmark	1	0.278465
CBF freq dist: (1) 793, (1-100) 4456, (100-1000) 6944, (1k-2k) 1384, (2k-3k) 488, (3k-5k) 413, (5k-65534) 712, (65k) 15 
CBF freq dist: (1) -113, (1-100) 1343, (100-1000) 1544, (1k-2k) 11, (2k-3k) 5, (3k-5k) 68, (5k-65534) 5, (65k) 0 
collected one batch of samples. pages to migrate = 2190 
start promoting 694 pages
move page ret -1 
move page error: 12
got ENOMEM. trying against with 138 pages 
second promote attempt return 0
pages migrated: 2723, lfu # items: 14459, lfu sample size: 23400000, samples: 23400000, node 0 mem 67500
CBF freq dist: (1) 833, (1-100) 4502, (100-1000) 6914, (1k-2k) 1392, (2k-3k) 501, (3k-5k) 418, (5k-65534) 717, (65k) 15 
CBF freq dist: (1) -206, (1-100) 1295, (100-1000) 1712, (1k-2k) 22, (2k-3k) 11, (3k-5k) 69, (5k-65534) 6, (65k) 0 
collected one batch of samples. pages to migrate = 1293 
start promoting 625 pages
move page ret -1 
move page error: 12
got ENOMEM. trying against with 125 pages 
second promote attempt return -1
pages migrated: 2723, lfu # items: 14463, lfu sample size: 23500000, samples: 23500000, node 0 mem 67420
CBF freq dist: (1) 835, (1-100) 4502, (100-1000) 6888, (1k-2k) 1385, (2k-3k) 525, (3k-5k) 431, (5k-65534) 717, (65k) 15 
CBF freq dist: (1) -216, (1-100) 1207, (100-1000) 1782, (1k-2k) 36, (2k-3k) 37, (3k-5k) 69, (5k-65534) 6, (65k) 0 
collected one batch of samples. pages to migrate = 420 
start promoting 190 pages
move page ret -1 
move page error: 12
got ENOMEM. trying against with 38 pages 
second promote attempt return -1
pages migrated: 2723, lfu # items: 14463, lfu sample size: 23600000, samples: 23600000, node 0 mem 67420
CBF freq dist: (1) 835, (1-100) 4502, (100-1000) 6887, (1k-2k) 1382, (2k-3k) 507, (3k-5k) 422, (5k-65534) 748, (65k) 15 
CBF freq dist: (1) -218, (1-100) 1184, (100-1000) 1805, (1k-2k) 30, (2k-3k) 11, (3k-5k) 91, (5k-65534) 16, (65k) 0 
[DEBUG] Halving CBF counters.
collected one batch of samples. pages to migrate = 294 
start promoting 157 pages
move page ret -1 
move page error: 12
got ENOMEM. trying against with 31 pages 
second promote attempt return -1
pages migrated: 2723, lfu # items: 14463, lfu sample size: 23700000, samples: 23700000, node 0 mem 66520
CBF freq dist: (1) 835, (1-100) 4502, (100-1000) 6884, (1k-2k) 1385, (2k-3k) 506, (3k-5k) 423, (5k-65534) 748, (65k) 15 
CBF freq dist: (1) 36, (1-100) 2216, (100-1000) 1024, (1k-2k) 61, (2k-3k) 21, (3k-5k) 22, (5k-65534) 14, (65k) 0 
collected one batch of samples. pages to migrate = 560 
start promoting 249 pages
move page ret -1 
move page error: 12
got ENOMEM. trying against with 49 pages 
second promote attempt return -1
pages migrated: 2723, lfu # items: 14464, lfu sample size: 23800000, samples: 23800000, node 0 mem 66520
CBF freq dist: (1) 835, (1-100) 4502, (100-1000) 6883, (1k-2k) 1387, (2k-3k) 506, (3k-5k) 423, (5k-65534) 748, (65k) 15 
CBF freq dist: (1) 28, (1-100) 2190, (100-1000) 1054, (1k-2k) 61, (2k-3k) 21, (3k-5k) 4, (5k-65534) 32, (65k) 0 
collected one batch of samples. pages to migrate = 307 
start promoting 171 pages
move page ret -1 
move page error: 12
got ENOMEM. trying against with 34 pages 
second promote attempt return -1
pages migrated: 2723, lfu # items: 14464, lfu sample size: 23900000, samples: 23900000, node 0 mem 66520
CBF freq dist: (1) 835, (1-100) 4502, (100-1000) 6880, (1k-2k) 1388, (2k-3k) 507, (3k-5k) 422, (5k-65534) 750, (65k) 15 
CBF freq dist: (1) 25, (1-100) 2163, (100-1000) 1082, (1k-2k) 61, (2k-3k) 21, (3k-5k) 4, (5k-65534) 32, (65k) 0 
collected one batch of samples. pages to migrate = 326 
start promoting 191 pages
move page ret -1 
move page error: 12
got ENOMEM. trying against with 38 pages 
second promote attempt return -1
pages migrated: 2723, lfu # items: 14464, lfu sample size: 24000000, samples: 24000000, node 0 mem 67088
benchmark/large/tpch-sf100/q12.benchmark	1	CBF freq dist: (1) 835, (1-100) 4502, (100-1000) 6877, (1k-2k) 1391, (2k-3k) 506, (3k-5k) 423, (5k-65534) 750, (65k) 15 
CBF freq dist: (1) 23, (1-100) 2143, (100-1000) 1104, (1k-2k) 61, (2k-3k) 21, (3k-5k) 4, (5k-65534) 32, (65k) 0 
collected one batch of samples. pages to migrate = 359 
start promoting 188 pages
move page ret -1 
move page error: 12
got ENOMEM. trying against with 37 pages 
second promote attempt return -1
pages migrated: 2723, lfu # items: 14464, lfu sample size: 24100000, samples: 24100000, node 0 mem 62236
CBF freq dist: (1) 835, (1-100) 4500, (100-1000) 6878, (1k-2k) 1390, (2k-3k) 507, (3k-5k) 423, (5k-65534) 751, (65k) 15 
CBF freq dist: (1) 22, (1-100) 2120, (100-1000) 1125, (1k-2k) 63, (2k-3k) 21, (3k-5k) 4, (5k-65534) 32, (65k) 0 
collected one batch of samples. pages to migrate = 2234 
start promoting 942 pages
move page ret -1 
move page error: 12
got ENOMEM. trying against with 188 pages 
second promote attempt return -1
pages migrated: 2723, lfu # items: 14471, lfu sample size: 24200000, samples: 24200000, node 0 mem 67788
CBF freq dist: (1) 832, (1-100) 4506, (100-1000) 6851, (1k-2k) 1402, (2k-3k) 520, (3k-5k) 423, (5k-65534) 754, (65k) 15 
CBF freq dist: (1) 6, (1-100) 1908, (100-1000) 1352, (1k-2k) 63, (2k-3k) 22, (3k-5k) 4, (5k-65534) 32, (65k) 0 
[DEBUG] Halving CBF counters.
collected one batch of samples. pages to migrate = 320 
start promoting 172 pages
move page ret -1 
move page error: 12
got ENOMEM. trying against with 34 pages 
second promote attempt return -1
pages migrated: 2723, lfu # items: 14471, lfu sample size: 24300000, samples: 24300000, node 0 mem 67788
CBF freq dist: (1) 832, (1-100) 4506, (100-1000) 6849, (1k-2k) 1404, (2k-3k) 519, (3k-5k) 424, (5k-65534) 754, (65k) 15 
CBF freq dist: (1) 56, (1-100) 2727, (100-1000) 591, (1k-2k) 26, (2k-3k) 0, (3k-5k) 0, (5k-65534) 32, (65k) 0 
collected one batch of samples. pages to migrate = 327 
start promoting 183 pages
move page ret -1 
move page error: 12
got ENOMEM. trying against with 36 pages 
second promote attempt return -1
pages migrated: 2723, lfu # items: 14471, lfu sample size: 24400000, samples: 24400000, node 0 mem 68760
CBF freq dist: (1) 832, (1-100) 4506, (100-1000) 6845, (1k-2k) 1407, (2k-3k) 518, (3k-5k) 426, (5k-65534) 754, (65k) 15 
CBF freq dist: (1) 56, (1-100) 2702, (100-1000) 618, (1k-2k) 26, (2k-3k) 0, (3k-5k) 0, (5k-65534) 32, (65k) 0 
collected one batch of samples. pages to migrate = 591 
start promoting 272 pages
move page ret -1 
move page error: 12
got ENOMEM. trying against with 54 pages 
second promote attempt return -1
pages migrated: 2723, lfu # items: 14478, lfu sample size: 24500000, samples: 24500000, node 0 mem 68828
1.907333
CBF freq dist: (1) 831, (1-100) 4513, (100-1000) 6845, (1k-2k) 1406, (2k-3k) 516, (3k-5k) 428, (5k-65534) 755, (65k) 15 
CBF freq dist: (1) 60, (1-100) 2688, (100-1000) 641, (1k-2k) 26, (2k-3k) 0, (3k-5k) 0, (5k-65534) 32, (65k) 0 
collected one batch of samples. pages to migrate = 1565 
start promoting 34 pages
pages migrated: 2757, lfu # items: 14505, lfu sample size: 24600000, samples: 24600000, node 0 mem 1299672
CBF freq dist: (1) 847, (1-100) 4534, (100-1000) 6837, (1k-2k) 1414, (2k-3k) 521, (3k-5k) 426, (5k-65534) 758, (65k) 15 
CBF freq dist: (1) 73, (1-100) 2576, (100-1000) 793, (1k-2k) 29, (2k-3k) 0, (3k-5k) 0, (5k-65534) 32, (65k) 0 
collected one batch of samples. pages to migrate = 741 
start promoting 241 pages
move page ret 241 
move page error: 12
got ENOMEM. trying against with 48 pages 
second promote attempt return 0
pages migrated: 2757, lfu # items: 14508, lfu sample size: 24700000, samples: 24700000, node 0 mem 68552
CBF freq dist: (1) 846, (1-100) 4537, (100-1000) 6805, (1k-2k) 1425, (2k-3k) 528, (3k-5k) 438, (5k-65534) 760, (65k) 15 
CBF freq dist: (1) 72, (1-100) 2344, (100-1000) 1022, (1k-2k) 43, (2k-3k) 1, (3k-5k) 2, (5k-65534) 33, (65k) 0 
[DEBUG] Halving CBF counters.
collected one batch of samples. pages to migrate = 745 
start promoting 267 pages
move page ret -1 
move page error: 12
got ENOMEM. trying against with 53 pages 
second promote attempt return -1
pages migrated: 2757, lfu # items: 14511, lfu sample size: 24800000, samples: 24800000, node 0 mem 68552
CBF freq dist: (1) 848, (1-100) 4540, (100-1000) 6780, (1k-2k) 1431, (2k-3k) 537, (3k-5k) 441, (5k-65534) 767, (65k) 15 
CBF freq dist: (1) 163, (1-100) 2672, (100-1000) 664, (1k-2k) 1, (2k-3k) 2, (3k-5k) 3, (5k-65534) 36, (65k) 0 
collected one batch of samples. pages to migrate = 704 
start promoting 300 pages
move page ret -1 
move page error: 12
got ENOMEM. trying against with 60 pages 
second promote attempt return -1
pages migrated: 2757, lfu # items: 14514, lfu sample size: 24900000, samples: 24900000, node 0 mem 68212
CBF freq dist: (1) 848, (1-100) 4543, (100-1000) 6754, (1k-2k) 1440, (2k-3k) 543, (3k-5k) 448, (5k-65534) 771, (65k) 15 
CBF freq dist: (1) 168, (1-100) 2537, (100-1000) 789, (1k-2k) 17, (2k-3k) 5, (3k-5k) 4, (5k-65534) 37, (65k) 0 
[DEBUG] Number of hot pages promoted in 50 batches = 34 
[INFO] Reached promotion plateau. cur hot page size 7430209536, fast mem 80% 3435973836
[INFO] Go to monitor mode from promotion plateau.
[INFO] Starting low overhead perf stat monitoring.
closing perf counters
munmap done 0
close fd done 0
munmap done 1
close fd done 1
munmap done 0
close fd done 0
munmap done 1
close fd done 1
munmap done 0
close fd done 0
munmap done 1
close fd done 1
munmap done 0
close fd done 0
munmap done 1
close fd done 1
munmap done 0
close fd done 0
munmap done 1
close fd done 1
munmap done 0
close fd done 0
munmap done 1
close fd done 1
munmap done 0
close fd done 0
munmap done 1
close fd done 1
munmap done 0
close fd done 0
munmap done 1
close fd done 1
munmap done 0
close fd done 0
munmap done 1
close fd done 1
munmap done 0
close fd done 0
munmap done 1
close fd done 1
munmap done 0
close fd done 0
munmap done 1
close fd done 1
munmap done 0
close fd done 0
munmap done 1
close fd done 1
munmap done 0
close fd done 0
munmap done 1
close fd done 1
munmap done 0
close fd done 0
munmap done 1
close fd done 1
munmap done 0
close fd done 0
munmap done 1
close fd done 1
munmap done 0
close fd done 0
munmap done 1
close fd done 1
[INFO] Sleep for 120s for fast memory hit ratio to stablize.
benchmark/large/tpch-sf100/q13.benchmark	1	6.174899
benchmark/large/tpch-sf100/q14.benchmark	1	1.244916
benchmark/large/tpch-sf100/q15.benchmark	1	1.043706
benchmark/large/tpch-sf100/q16.benchmark	1	1.042456
benchmark/large/tpch-sf100/q17.benchmark	1	1.500136
benchmark/large/tpch-sf100/q18.benchmark	1	6.685702
benchmark/large/tpch-sf100/q19.benchmark	1	1.107927
benchmark/large/tpch-sf100/q20.benchmark	1	1.382331
benchmark/large/tpch-sf100/q21.benchmark	1	7.054709
benchmark/large/tpch-sf100/q22.benchmark	1	0.811771
