!!!!!!!!!!!!!!!!!!!!Overridden __libc_start_main called!
executable name benchmark_runner
Target executable name is benchmark_runner
found process benchmark_runner
Hybridtier. huge page
[DEBUG] fast memory size = 4294967296
[DEBUG] number of pages in fast memory = 2048
[DEBUG] perf_pages = 2048
 perf_pages 33, sample_batch_size 100000 
pid: 86977
==== debug info
[INFO] Calculating CBF size = 10459
Actual LFU table size 16384 
block mask 7ff 
Blocked CBF + sample batch. 
vector start 0x701fd0000900, 
[INFO] Creating CBF with capacity = 16384 (each 8B), sample size (W) = 131072000
Actual LFU table size 2048 
block mask ff 
Blocked CBF + sample batch. 
vector start 0x701fd0020940, 
[INFO] Creating CBF with capacity = 2048 (each 8B), sample size (W) = 1100000
Starting hot threshold = 1000
Momentum threshold = 200
Stable fast mem hit ratio slope threshold = -0.02
False positive rate = 0.001
perf stat period = 60s 
allocation watermark = 53687091, demotion watermark = 214748364
[INFO] Starting perf stat monitoring.
/usr/bin/perf stat -I 60000 -e mem_load_l3_miss_retired.local_dram -e mem_load_l3_miss_retired.remote_dram -x , --output perf_stat_file &
!!!!!!!!!!!!!!!!!!!!Overridden __libc_start_main called!
executable name sh
Target executable name is benchmark_runner
executable not target app. just run 
[INFO] perf stat command return code: 0
start perf recording.
[INFO] Hybridtier perf sampling freq: 100000
Perf mmap size 135168, page size 4096 
[INFO] Hybridtier perf sampling freq: 100000
Perf mmap size 135168, page size 4096 
[INFO] Hybridtier perf sampling freq: 100000
Perf mmap size 135168, page size 4096 
[INFO] Hybridtier perf sampling freq: 100000
Perf mmap size 135168, page size 4096 
[INFO] Hybridtier perf sampling freq: 100000
Perf mmap size 135168, page size 4096 
[INFO] Hybridtier perf sampling freq: 100000
Perf mmap size 135168, page size 4096 
[INFO] Hybridtier perf sampling freq: 100000
Perf mmap size 135168, page size 4096 
[INFO] Hybridtier perf sampling freq: 100000
Perf mmap size 135168, page size 4096 
[INFO] Hybridtier perf sampling freq: 100000
Perf mmap size 135168, page size 4096 
[INFO] Hybridtier perf sampling freq: 100000
Perf mmap size 135168, page size 4096 
[INFO] Hybridtier perf sampling freq: 100000
Perf mmap size 135168, page size 4096 
[INFO] Hybridtier perf sampling freq: 100000
Perf mmap size 135168, page size 4096 
[INFO] Hybridtier perf sampling freq: 100000
Perf mmap size 135168, page size 4096 
[INFO] Hybridtier perf sampling freq: 100000
Perf mmap size 135168, page size 4096 
[INFO] Hybridtier perf sampling freq: 100000
Perf mmap size 135168, page size 4096 
[INFO] Hybridtier perf sampling freq: 100000
Perf mmap size 135168, page size 4096 
[INFO] Hybridtier perf sampling freq: 100000
Perf mmap size 135168, page size 4096 
[INFO] Hybridtier perf sampling freq: 100000
Perf mmap size 135168, page size 4096 
[INFO] Hybridtier perf sampling freq: 100000
Perf mmap size 135168, page size 4096 
[INFO] Hybridtier perf sampling freq: 100000
Perf mmap size 135168, page size 4096 
[INFO] Hybridtier perf sampling freq: 100000
Perf mmap size 135168, page size 4096 
[INFO] Hybridtier perf sampling freq: 100000
Perf mmap size 135168, page size 4096 
[INFO] Hybridtier perf sampling freq: 100000
Perf mmap size 135168, page size 4096 
[INFO] Hybridtier perf sampling freq: 100000
Perf mmap size 135168, page size 4096 
[INFO] Hybridtier perf sampling freq: 100000
Perf mmap size 135168, page size 4096 
[INFO] Hybridtier perf sampling freq: 100000
Perf mmap size 135168, page size 4096 
[INFO] Hybridtier perf sampling freq: 100000
Perf mmap size 135168, page size 4096 
[INFO] Hybridtier perf sampling freq: 100000
Perf mmap size 135168, page size 4096 
[INFO] Hybridtier perf sampling freq: 100000
Perf mmap size 135168, page size 4096 
[INFO] Hybridtier perf sampling freq: 100000
!!!!!!!!!!!!!!!!!!!!Overridden __libc_start_main called!
Perf mmap size 135168, page size 4096 
[INFO] Hybridtier perf sampling freq: 100000
executable name bash
Target executable name is benchmark_runner
executable not target app. just run 
Perf mmap size 135168, page size 4096 
[INFO] Hybridtier perf sampling freq: 100000
!!!!!!!!!!!!!!!!!!!!Overridden __libc_start_main called!
executable name dpkg
Target executable name is benchmark_runner
executable not target app. just run 
dpkg: error: version '!!!!!!!!!!!!!!!!!!!!Overridden __libc_start_main called!
executable name uname
Target executable name is benchmark_runner
executable not target app. just run 
6.18.1-061801' has bad syntax: version string has embedded spaces
!!!!!!!!!!!!!!!!!!!!Overridden __libc_start_main called!
executable name dpkg
Target executable name is benchmark_runner
executable not target app. just run 
dpkg: error: version '!!!!!!!!!!!!!!!!!!!!Overridden __libc_start_main called!
executable name uname
Target executable name is benchmark_runner
executable not target app. just run 
6.18.1-061801' has bad syntax: version string has embedded spaces
/usr/bin/lsb_release: 2: eval: executable: not found
WARNING: !!!!!!!!!!!!!!!!!!!!Overridden __libc_start_main called!
executable name basename
Target executable name is benchmark_runner
executable not target app. just run 
perf not found for kernel !!!!!!!!!!!!!!!!!!!!Overridden __libc_start_main called!
executable name uname
Target executable name is benchmark_runner
executable not target app. just run 
6.18.1-061801

  You may need to install the following packages for this specific kernel:
    linux-tools-!!!!!!!!!!!!!!!!!!!!Overridden __libc_start_main called!
executable name uname
Target executable name is benchmark_runner
executable not target app. just run 
6.18.1-061801-generic

  You may also want to install one of the following packages to keep up to date:
    linux-tools-generic
name	run	timing
Perf mmap size 135168, page size 4096 
collected one batch of samples. pages to migrate = 57 
no slow pages to promote
pages migrated: 0, lfu # items: 1175, lfu sample size: 100000, samples: 100000, node 0 mem 630180
CBF freq dist: (1) 171, (1-100) 993, (100-1000) 165, (1k-2k) 3, (2k-3k) 4, (3k-5k) 10, (5k-65534) 0, (65k) 0 
CBF freq dist: (1) 159, (1-100) 965, (100-1000) 166, (1k-2k) 3, (2k-3k) 4, (3k-5k) 10, (5k-65534) 0, (65k) 0 
collected one batch of samples. pages to migrate = 117 
no slow pages to promote
pages migrated: 0, lfu # items: 2454, lfu sample size: 200000, samples: 200000, node 0 mem 76040
CBF freq dist: (1) 475, (1-100) 2082, (100-1000) 350, (1k-2k) 4, (2k-3k) 1, (3k-5k) 8, (5k-65534) 9, (65k) 0 
CBF freq dist: (1) 350, (1-100) 1837, (100-1000) 357, (1k-2k) 4, (2k-3k) 1, (3k-5k) 8, (5k-65534) 9, (65k) 0 
collected one batch of samples. pages to migrate = 169 
start promoting 13 pages
pages migrated: 13, lfu # items: 3201, lfu sample size: 300000, samples: 300000, node 0 mem 81720
CBF freq dist: (1) 363, (1-100) 2677, (100-1000) 496, (1k-2k) 10, (2k-3k) 1, (3k-5k) 1, (5k-65534) 16, (65k) 0 
CBF freq dist: (1) 223, (1-100) 2163, (100-1000) 515, (1k-2k) 10, (2k-3k) 1, (3k-5k) 1, (5k-65534) 16, (65k) 0 
collected one batch of samples. pages to migrate = 241 
start promoting 12 pages
pages migrated: 25, lfu # items: 3707, lfu sample size: 400000, samples: 400000, node 0 mem 80948
CBF freq dist: (1) 184, (1-100) 2985, (100-1000) 690, (1k-2k) 12, (2k-3k) 2, (3k-5k) 0, (5k-65534) 18, (65k) 0 
CBF freq dist: (1) 103, (1-100) 2200, (100-1000) 740, (1k-2k) 12, (2k-3k) 2, (3k-5k) 0, (5k-65534) 18, (65k) 0 
collected one batch of samples. pages to migrate = 350 
start promoting 43 pages
pages migrated: 68, lfu # items: 4295, lfu sample size: 500000, samples: 500000, node 0 mem 61412
benchmark/large/tpch-sf100/q01.benchmark	1	CBF freq dist: (1) 149, (1-100) 3424, (100-1000) 836, (1k-2k) 14, (2k-3k) 2, (3k-5k) 1, (5k-65534) 18, (65k) 0 
CBF freq dist: (1) 86, (1-100) 2288, (100-1000) 921, (1k-2k) 14, (2k-3k) 2, (3k-5k) 1, (5k-65534) 18, (65k) 0 
collected one batch of samples. pages to migrate = 519 
start promoting 75 pages
move page ret -1 
move page error: 12
got ENOMEM. trying against with 15 pages 
second promote attempt return -1
pages migrated: 68, lfu # items: 4868, lfu sample size: 600000, samples: 600000, node 0 mem 74012
CBF freq dist: (1) 129, (1-100) 3799, (100-1000) 1032, (1k-2k) 13, (2k-3k) 5, (3k-5k) 1, (5k-65534) 18, (65k) 0 
CBF freq dist: (1) 61, (1-100) 2242, (100-1000) 1159, (1k-2k) 12, (2k-3k) 6, (3k-5k) 1, (5k-65534) 18, (65k) 0 
collected one batch of samples. pages to migrate = 1106 
start promoting 313 pages
pages migrated: 381, lfu # items: 5324, lfu sample size: 700000, samples: 700000, node 0 mem 123328
2.077879
CBF freq dist: (1) 480, (1-100) 3723, (100-1000) 1563, (1k-2k) 14, (2k-3k) 5, (3k-5k) 1, (5k-65534) 18, (65k) 0 
CBF freq dist: (1) 130, (1-100) 1946, (100-1000) 1567, (1k-2k) 14, (2k-3k) 6, (3k-5k) 1, (5k-65534) 18, (65k) 0 
collected one batch of samples. pages to migrate = 681 
start promoting 1 pages
pages migrated: 382, lfu # items: 5339, lfu sample size: 800000, samples: 800000, node 0 mem 1045004
benchmark/large/tpch-sf100/q02.benchmark	1	CBF freq dist: (1) 472, (1-100) 3470, (100-1000) 1822, (1k-2k) 19, (2k-3k) 6, (3k-5k) 4, (5k-65534) 18, (65k) 0 
CBF freq dist: (1) 126, (1-100) 1740, (100-1000) 1764, (1k-2k) 19, (2k-3k) 9, (3k-5k) 4, (5k-65534) 18, (65k) 0 
collected one batch of samples. pages to migrate = 760 
start promoting 10 pages
pages migrated: 392, lfu # items: 5360, lfu sample size: 900000, samples: 900000, node 0 mem 692072
0.450543
CBF freq dist: (1) 473, (1-100) 3379, (100-1000) 1919, (1k-2k) 30, (2k-3k) 9, (3k-5k) 3, (5k-65534) 20, (65k) 0 
CBF freq dist: (1) 127, (1-100) 1686, (100-1000) 1806, (1k-2k) 36, (2k-3k) 9, (3k-5k) 3, (5k-65534) 20, (65k) 0 
collected one batch of samples. pages to migrate = 654 
start promoting 2 pages
pages migrated: 394, lfu # items: 5376, lfu sample size: 1000000, samples: 1000000, node 0 mem 1283504
CBF freq dist: (1) 477, (1-100) 3352, (100-1000) 1927, (1k-2k) 59, (2k-3k) 11, (3k-5k) 7, (5k-65534) 20, (65k) 0 
CBF freq dist: (1) 128, (1-100) 1665, (100-1000) 1791, (1k-2k) 71, (2k-3k) 11, (3k-5k) 6, (5k-65534) 20, (65k) 0 
[DEBUG] Halving CBF counters.
collected one batch of samples. pages to migrate = 236 
no slow pages to promote
pages migrated: 394, lfu # items: 5379, lfu sample size: 1100000, samples: 1100000, node 0 mem 1007332
CBF freq dist: (1) 472, (1-100) 3352, (100-1000) 1915, (1k-2k) 41, (2k-3k) 25, (3k-5k) 26, (5k-65534) 20, (65k) 0 
CBF freq dist: (1) 146, (1-100) 2402, (100-1000) 968, (1k-2k) 44, (2k-3k) 6, (3k-5k) 3, (5k-65534) 17, (65k) 0 
collected one batch of samples. pages to migrate = 217 
no slow pages to promote
pages migrated: 394, lfu # items: 5381, lfu sample size: 1200000, samples: 1200000, node 0 mem 793340
CBF freq dist: (1) 474, (1-100) 3352, (100-1000) 1909, (1k-2k) 38, (2k-3k) 20, (3k-5k) 33, (5k-65534) 29, (65k) 0 
CBF freq dist: (1) 147, (1-100) 2392, (100-1000) 963, (1k-2k) 25, (2k-3k) 8, (3k-5k) 36, (5k-65534) 17, (65k) 0 
collected one batch of samples. pages to migrate = 232 
no slow pages to promote
pages migrated: 394, lfu # items: 5412, lfu sample size: 1300000, samples: 1300000, node 0 mem 572792
CBF freq dist: (1) 483, (1-100) 3381, (100-1000) 1908, (1k-2k) 37, (2k-3k) 10, (3k-5k) 20, (5k-65534) 56, (65k) 0 
CBF freq dist: (1) 149, (1-100) 2395, (100-1000) 965, (1k-2k) 16, (2k-3k) 19, (3k-5k) 21, (5k-65534) 36, (65k) 0 
collected one batch of samples. pages to migrate = 241 
no slow pages to promote
pages migrated: 394, lfu # items: 5412, lfu sample size: 1400000, samples: 1400000, node 0 mem 367176
CBF freq dist: (1) 481, (1-100) 3380, (100-1000) 1903, (1k-2k) 40, (2k-3k) 11, (3k-5k) 22, (5k-65534) 56, (65k) 0 
CBF freq dist: (1) 148, (1-100) 2395, (100-1000) 963, (1k-2k) 16, (2k-3k) 11, (3k-5k) 16, (5k-65534) 51, (65k) 0 
collected one batch of samples. pages to migrate = 272 
no slow pages to promote
pages migrated: 394, lfu # items: 5412, lfu sample size: 1500000, samples: 1500000, node 0 mem 165356
CBF freq dist: (1) 481, (1-100) 3380, (100-1000) 1901, (1k-2k) 39, (2k-3k) 12, (3k-5k) 16, (5k-65534) 64, (65k) 0 
CBF freq dist: (1) 147, (1-100) 2393, (100-1000) 959, (1k-2k) 20, (2k-3k) 10, (3k-5k) 15, (5k-65534) 55, (65k) 0 
collected one batch of samples. pages to migrate = 302 
start promoting 7 pages
pages migrated: 401, lfu # items: 5415, lfu sample size: 1600000, samples: 1600000, node 0 mem 80476
CBF freq dist: (1) 481, (1-100) 3383, (100-1000) 1898, (1k-2k) 42, (2k-3k) 10, (3k-5k) 13, (5k-65534) 69, (65k) 0 
CBF freq dist: (1) 146, (1-100) 2389, (100-1000) 960, (1k-2k) 20, (2k-3k) 8, (3k-5k) 13, (5k-65534) 62, (65k) 0 
[DEBUG] Halving CBF counters.
collected one batch of samples. pages to migrate = 334 
start promoting 12 pages
pages migrated: 413, lfu # items: 5553, lfu sample size: 1700000, samples: 1700000, node 0 mem 94184
CBF freq dist: (1) 394, (1-100) 3517, (100-1000) 1901, (1k-2k) 41, (2k-3k) 11, (3k-5k) 11, (5k-65534) 72, (65k) 0 
CBF freq dist: (1) 247, (1-100) 2801, (100-1000) 449, (1k-2k) 14, (2k-3k) 9, (3k-5k) 14, (5k-65534) 47, (65k) 0 
collected one batch of samples. pages to migrate = 193 
start promoting 4 pages
pages migrated: 417, lfu # items: 5556, lfu sample size: 1800000, samples: 1800000, node 0 mem 90352
CBF freq dist: (1) 391, (1-100) 3514, (100-1000) 1904, (1k-2k) 41, (2k-3k) 14, (3k-5k) 10, (5k-65534) 73, (65k) 0 
CBF freq dist: (1) 242, (1-100) 2770, (100-1000) 479, (1k-2k) 14, (2k-3k) 7, (3k-5k) 14, (5k-65534) 53, (65k) 0 
collected one batch of samples. pages to migrate = 193 
start promoting 4 pages
pages migrated: 421, lfu # items: 5557, lfu sample size: 1900000, samples: 1900000, node 0 mem 96884
CBF freq dist: (1) 389, (1-100) 3500, (100-1000) 1918, (1k-2k) 40, (2k-3k) 13, (3k-5k) 11, (5k-65534) 75, (65k) 0 
CBF freq dist: (1) 237, (1-100) 2744, (100-1000) 503, (1k-2k) 18, (2k-3k) 5, (3k-5k) 11, (5k-65534) 58, (65k) 0 
collected one batch of samples. pages to migrate = 301 
start promoting 74 pages
pages migrated: 495, lfu # items: 5559, lfu sample size: 2000000, samples: 2000000, node 0 mem 96720
CBF freq dist: (1) 388, (1-100) 3417, (100-1000) 2000, (1k-2k) 42, (2k-3k) 14, (3k-5k) 10, (5k-65534) 76, (65k) 0 
CBF freq dist: (1) 237, (1-100) 2603, (100-1000) 645, (1k-2k) 17, (2k-3k) 6, (3k-5k) 9, (5k-65534) 61, (65k) 0 
collected one batch of samples. pages to migrate = 360 
start promoting 48 pages
pages migrated: 543, lfu # items: 5559, lfu sample size: 2100000, samples: 2100000, node 0 mem 137120
CBF freq dist: (1) 386, (1-100) 3404, (100-1000) 1951, (1k-2k) 104, (2k-3k) 14, (3k-5k) 10, (5k-65534) 76, (65k) 0 
CBF freq dist: (1) 234, (1-100) 2567, (100-1000) 667, (1k-2k) 31, (2k-3k) 6, (3k-5k) 9, (5k-65534) 61, (65k) 0 
collected one batch of samples. pages to migrate = 463 
start promoting 9 pages
pages migrated: 552, lfu # items: 5600, lfu sample size: 2200000, samples: 2200000, node 0 mem 111116
CBF freq dist: (1) 391, (1-100) 3432, (100-1000) 1897, (1k-2k) 170, (2k-3k) 15, (3k-5k) 9, (5k-65534) 77, (65k) 0 
CBF freq dist: (1) 235, (1-100) 2562, (100-1000) 582, (1k-2k) 143, (2k-3k) 6, (3k-5k) 9, (5k-65534) 61, (65k) 0 
[DEBUG] Halving CBF counters.
collected one batch of samples. pages to migrate = 249 
start promoting 1 pages
pages migrated: 553, lfu # items: 5615, lfu sample size: 2300000, samples: 2300000, node 0 mem 79780
CBF freq dist: (1) 378, (1-100) 3429, (100-1000) 1913, (1k-2k) 51, (2k-3k) 136, (3k-5k) 9, (5k-65534) 77, (65k) 0 
CBF freq dist: (1) 207, (1-100) 2811, (100-1000) 258, (1k-2k) 139, (2k-3k) 9, (3k-5k) 12, (5k-65534) 45, (65k) 0 
collected one batch of samples. pages to migrate = 260 
start promoting 1 pages
pages migrated: 554, lfu # items: 5633, lfu sample size: 2400000, samples: 2400000, node 0 mem 69024
CBF freq dist: (1) 376, (1-100) 3424, (100-1000) 1933, (1k-2k) 46, (2k-3k) 66, (3k-5k) 87, (5k-65534) 77, (65k) 0 
CBF freq dist: (1) 199, (1-100) 2797, (100-1000) 286, (1k-2k) 32, (2k-3k) 117, (3k-5k) 12, (5k-65534) 45, (65k) 0 
collected one batch of samples. pages to migrate = 285 
start promoting 4 pages
pages migrated: 558, lfu # items: 5634, lfu sample size: 2500000, samples: 2500000, node 0 mem 73564
CBF freq dist: (1) 374, (1-100) 3410, (100-1000) 1944, (1k-2k) 49, (2k-3k) 29, (3k-5k) 125, (5k-65534) 77, (65k) 0 
CBF freq dist: (1) 199, (1-100) 2768, (100-1000) 315, (1k-2k) 12, (2k-3k) 120, (3k-5k) 31, (5k-65534) 45, (65k) 0 
collected one batch of samples. pages to migrate = 285 
start promoting 1 pages
pages migrated: 559, lfu # items: 5699, lfu sample size: 2600000, samples: 2600000, node 0 mem 72648
CBF freq dist: (1) 401, (1-100) 3441, (100-1000) 1978, (1k-2k) 48, (2k-3k) 16, (3k-5k) 139, (5k-65534) 77, (65k) 0 
CBF freq dist: (1) 206, (1-100) 2775, (100-1000) 335, (1k-2k) 14, (2k-3k) 32, (3k-5k) 119, (5k-65534) 45, (65k) 0 
collected one batch of samples. pages to migrate = 295 
start promoting 2 pages
pages migrated: 561, lfu # items: 5711, lfu sample size: 2700000, samples: 2700000, node 0 mem 77880
CBF freq dist: (1) 396, (1-100) 3428, (100-1000) 1999, (1k-2k) 52, (2k-3k) 16, (3k-5k) 36, (5k-65534) 180, (65k) 0 
CBF freq dist: (1) 208, (1-100) 2759, (100-1000) 359, (1k-2k) 16, (2k-3k) 12, (3k-5k) 139, (5k-65534) 45, (65k) 0 
[DEBUG] Halving CBF counters.
collected one batch of samples. pages to migrate = 296 
start promoting 1 pages
pages migrated: 562, lfu # items: 5713, lfu sample size: 2800000, samples: 2800000, node 0 mem 68348
CBF freq dist: (1) 391, (1-100) 3405, (100-1000) 2022, (1k-2k) 54, (2k-3k) 16, (3k-5k) 32, (5k-65534) 184, (65k) 0 
CBF freq dist: (1) 184, (1-100) 2790, (100-1000) 140, (1k-2k) 33, (2k-3k) 142, (3k-5k) 21, (5k-65534) 0, (65k) 0 
collected one batch of samples. pages to migrate = 267 
no slow pages to promote
pages migrated: 562, lfu # items: 5802, lfu sample size: 2900000, samples: 2900000, node 0 mem 76408
CBF freq dist: (1) 332, (1-100) 3466, (100-1000) 2049, (1k-2k) 55, (2k-3k) 16, (3k-5k) 29, (5k-65534) 187, (65k) 0 
CBF freq dist: (1) 273, (1-100) 2903, (100-1000) 162, (1k-2k) 19, (2k-3k) 53, (3k-5k) 124, (5k-65534) 0, (65k) 0 
collected one batch of samples. pages to migrate = 260 
no slow pages to promote
pages migrated: 562, lfu # items: 5803, lfu sample size: 3000000, samples: 3000000, node 0 mem 76764
CBF freq dist: (1) 329, (1-100) 3432, (100-1000) 2081, (1k-2k) 58, (2k-3k) 15, (3k-5k) 12, (5k-65534) 205, (65k) 0 
CBF freq dist: (1) 267, (1-100) 2873, (100-1000) 192, (1k-2k) 18, (2k-3k) 51, (3k-5k) 127, (5k-65534) 0, (65k) 0 
collected one batch of samples. pages to migrate = 274 
start promoting 3 pages
pages migrated: 565, lfu # items: 5828, lfu sample size: 3100000, samples: 3100000, node 0 mem 73564
CBF freq dist: (1) 344, (1-100) 3420, (100-1000) 2115, (1k-2k) 58, (2k-3k) 17, (3k-5k) 13, (5k-65534) 205, (65k) 0 
CBF freq dist: (1) 265, (1-100) 2843, (100-1000) 235, (1k-2k) 17, (2k-3k) 34, (3k-5k) 109, (5k-65534) 36, (65k) 0 
collected one batch of samples. pages to migrate = 280 
no slow pages to promote
pages migrated: 565, lfu # items: 5828, lfu sample size: 3200000, samples: 3200000, node 0 mem 72288
CBF freq dist: (1) 343, (1-100) 3390, (100-1000) 2139, (1k-2k) 64, (2k-3k) 16, (3k-5k) 13, (5k-65534) 206, (65k) 0 
CBF freq dist: (1) 263, (1-100) 2808, (100-1000) 267, (1k-2k) 20, (2k-3k) 33, (3k-5k) 39, (5k-65534) 107, (65k) 0 
collected one batch of samples. pages to migrate = 293 
start promoting 2 pages
pages migrated: 567, lfu # items: 5828, lfu sample size: 3300000, samples: 3300000, node 0 mem 73560
CBF freq dist: (1) 341, (1-100) 3362, (100-1000) 2160, (1k-2k) 71, (2k-3k) 16, (3k-5k) 13, (5k-65534) 206, (65k) 0 
CBF freq dist: (1) 257, (1-100) 2781, (100-1000) 292, (1k-2k) 23, (2k-3k) 34, (3k-5k) 38, (5k-65534) 108, (65k) 0 
[DEBUG] Halving CBF counters.
collected one batch of samples. pages to migrate = 252 
no slow pages to promote
pages migrated: 567, lfu # items: 5829, lfu sample size: 3400000, samples: 3400000, node 0 mem 87012
CBF freq dist: (1) 341, (1-100) 3334, (100-1000) 2188, (1k-2k) 71, (2k-3k) 16, (3k-5k) 14, (5k-65534) 206, (65k) 0 
CBF freq dist: (1) 269, (1-100) 2674, (100-1000) 167, (1k-2k) 43, (2k-3k) 30, (3k-5k) 107, (5k-65534) 0, (65k) 0 
collected one batch of samples. pages to migrate = 262 
no slow pages to promote
pages migrated: 567, lfu # items: 5829, lfu sample size: 3500000, samples: 3500000, node 0 mem 64080
CBF freq dist: (1) 338, (1-100) 3310, (100-1000) 2210, (1k-2k) 73, (2k-3k) 16, (3k-5k) 14, (5k-65534) 206, (65k) 0 
CBF freq dist: (1) 256, (1-100) 2652, (100-1000) 191, (1k-2k) 41, (2k-3k) 11, (3k-5k) 128, (5k-65534) 0, (65k) 0 
collected one batch of samples. pages to migrate = 270 
no slow pages to promote
pages migrated: 567, lfu # items: 5829, lfu sample size: 3600000, samples: 3600000, node 0 mem 85516
CBF freq dist: (1) 338, (1-100) 3281, (100-1000) 2235, (1k-2k) 76, (2k-3k) 17, (3k-5k) 13, (5k-65534) 207, (65k) 0 
CBF freq dist: (1) 247, (1-100) 2620, (100-1000) 222, (1k-2k) 44, (2k-3k) 9, (3k-5k) 23, (5k-65534) 107, (65k) 0 
collected one batch of samples. pages to migrate = 274 
start promoting 2 pages
pages migrated: 569, lfu # items: 5849, lfu sample size: 3700000, samples: 3700000, node 0 mem 75012
CBF freq dist: (1) 337, (1-100) 3263, (100-1000) 2273, (1k-2k) 75, (2k-3k) 18, (3k-5k) 13, (5k-65534) 207, (65k) 0 
CBF freq dist: (1) 229, (1-100) 2601, (100-1000) 254, (1k-2k) 46, (2k-3k) 9, (3k-5k) 24, (5k-65534) 107, (65k) 0 
collected one batch of samples. pages to migrate = 293 
start promoting 1 pages
pages migrated: 570, lfu # items: 5890, lfu sample size: 3800000, samples: 3800000, node 0 mem 61612
CBF freq dist: (1) 326, (1-100) 3264, (100-1000) 2311, (1k-2k) 76, (2k-3k) 19, (3k-5k) 13, (5k-65534) 207, (65k) 0 
CBF freq dist: (1) 307, (1-100) 2787, (100-1000) 293, (1k-2k) 44, (2k-3k) 8, (3k-5k) 27, (5k-65534) 107, (65k) 0 
[DEBUG] Halving CBF counters.
collected one batch of samples. pages to migrate = 308 
start promoting 1 pages
pages migrated: 571, lfu # items: 5948, lfu sample size: 3900000, samples: 3900000, node 0 mem 63128
CBF freq dist: (1) 329, (1-100) 3284, (100-1000) 2345, (1k-2k) 78, (2k-3k) 21, (3k-5k) 13, (5k-65534) 207, (65k) 0 
CBF freq dist: (1) 292, (1-100) 2666, (100-1000) 186, (1k-2k) 15, (2k-3k) 21, (3k-5k) 107, (5k-65534) 0, (65k) 0 
collected one batch of samples. pages to migrate = 267 
no slow pages to promote
pages migrated: 571, lfu # items: 6029, lfu sample size: 4000000, samples: 4000000, node 0 mem 88392
CBF freq dist: (1) 335, (1-100) 3333, (100-1000) 2374, (1k-2k) 79, (2k-3k) 23, (3k-5k) 13, (5k-65534) 207, (65k) 0 
CBF freq dist: (1) 261, (1-100) 2682, (100-1000) 214, (1k-2k) 18, (2k-3k) 5, (3k-5k) 123, (5k-65534) 0, (65k) 0 
collected one batch of samples. pages to migrate = 276 
start promoting 2 pages
pages migrated: 573, lfu # items: 6200, lfu sample size: 4100000, samples: 4100000, node 0 mem 69852
CBF freq dist: (1) 254, (1-100) 3478, (100-1000) 2398, (1k-2k) 78, (2k-3k) 26, (3k-5k) 13, (5k-65534) 207, (65k) 0 
CBF freq dist: (1) 317, (1-100) 2809, (100-1000) 251, (1k-2k) 18, (2k-3k) 5, (3k-5k) 47, (5k-65534) 80, (65k) 0 
collected one batch of samples. pages to migrate = 307 
start promoting 13 pages
pages migrated: 586, lfu # items: 6357, lfu sample size: 4200000, samples: 4200000, node 0 mem 108336
CBF freq dist: (1) 262, (1-100) 3617, (100-1000) 2414, (1k-2k) 78, (2k-3k) 27, (3k-5k) 14, (5k-65534) 207, (65k) 0 
CBF freq dist: (1) 305, (1-100) 2806, (100-1000) 306, (1k-2k) 17, (2k-3k) 7, (3k-5k) 20, (5k-65534) 107, (65k) 0 
collected one batch of samples. pages to migrate = 337 
start promoting 14 pages
pages migrated: 600, lfu # items: 6500, lfu sample size: 4300000, samples: 4300000, node 0 mem 112348
benchmark/large/tpch-sf100/q03.benchmark	1	CBF freq dist: (1) 272, (1-100) 3731, (100-1000) 2442, (1k-2k) 79, (2k-3k) 27, (3k-5k) 14, (5k-65534) 207, (65k) 0 
CBF freq dist: (1) 285, (1-100) 2815, (100-1000) 346, (1k-2k) 18, (2k-3k) 10, (3k-5k) 20, (5k-65534) 107, (65k) 0 
collected one batch of samples. pages to migrate = 457 
start promoting 55 pages
pages migrated: 655, lfu # items: 6635, lfu sample size: 4400000, samples: 4400000, node 0 mem 348812
CBF freq dist: (1) 268, (1-100) 3809, (100-1000) 2444, (1k-2k) 129, (2k-3k) 28, (3k-5k) 18, (5k-65534) 207, (65k) 0 
CBF freq dist: (1) 268, (1-100) 2764, (100-1000) 396, (1k-2k) 60, (2k-3k) 12, (3k-5k) 21, (5k-65534) 107, (65k) 0 
[DEBUG] Halving CBF counters.
collected one batch of samples. pages to migrate = 247 
start promoting 5 pages
pages migrated: 660, lfu # items: 6636, lfu sample size: 4500000, samples: 4500000, node 0 mem 332636
CBF freq dist: (1) 269, (1-100) 3809, (100-1000) 2428, (1k-2k) 95, (2k-3k) 68, (3k-5k) 29, (5k-65534) 207, (65k) 0 
CBF freq dist: (1) 198, (1-100) 2684, (100-1000) 206, (1k-2k) 56, (2k-3k) 40, (3k-5k) 107, (5k-65534) 0, (65k) 0 
collected one batch of samples. pages to migrate = 422 
start promoting 94 pages
pages migrated: 754, lfu # items: 6658, lfu sample size: 4600000, samples: 4600000, node 0 mem 231600
CBF freq dist: (1) 274, (1-100) 3825, (100-1000) 2422, (1k-2k) 96, (2k-3k) 35, (3k-5k) 67, (5k-65534) 213, (65k) 0 
CBF freq dist: (1) 192, (1-100) 2689, (100-1000) 200, (1k-2k) 33, (2k-3k) 57, (3k-5k) 128, (5k-65534) 0, (65k) 0 
collected one batch of samples. pages to migrate = 425 
start promoting 2 pages
pages migrated: 756, lfu # items: 6659, lfu sample size: 4700000, samples: 4700000, node 0 mem 236704
CBF freq dist: (1) 273, (1-100) 3818, (100-1000) 2428, (1k-2k) 96, (2k-3k) 37, (3k-5k) 67, (5k-65534) 213, (65k) 0 
CBF freq dist: (1) 183, (1-100) 2648, (100-1000) 243, (1k-2k) 34, (2k-3k) 40, (3k-5k) 145, (5k-65534) 0, (65k) 0 
collected one batch of samples. pages to migrate = 336 
start promoting 5 pages
pages migrated: 761, lfu # items: 6659, lfu sample size: 4800000, samples: 4800000, node 0 mem 260908
CBF freq dist: (1) 272, (1-100) 3792, (100-1000) 2452, (1k-2k) 98, (2k-3k) 37, (3k-5k) 67, (5k-65534) 213, (65k) 0 
CBF freq dist: (1) 172, (1-100) 2643, (100-1000) 257, (1k-2k) 34, (2k-3k) 35, (3k-5k) 148, (5k-65534) 3, (65k) 0 
collected one batch of samples. pages to migrate = 318 
start promoting 3 pages
pages migrated: 764, lfu # items: 6659, lfu sample size: 4900000, samples: 4900000, node 0 mem 289360
CBF freq dist: (1) 272, (1-100) 3761, (100-1000) 2482, (1k-2k) 99, (2k-3k) 37, (3k-5k) 67, (5k-65534) 213, (65k) 0 
CBF freq dist: (1) 162, (1-100) 2638, (100-1000) 264, (1k-2k) 36, (2k-3k) 35, (3k-5k) 45, (5k-65534) 106, (65k) 0 
[DEBUG] Number of hot pages promoted in 50 batches = 764 
[DEBUG] Halving CBF counters.
collected one batch of samples. pages to migrate = 307 
no slow pages to promote
pages migrated: 764, lfu # items: 6659, lfu sample size: 5000000, samples: 5000000, node 0 mem 298840
CBF freq dist: (1) 272, (1-100) 3742, (100-1000) 2498, (1k-2k) 102, (2k-3k) 37, (3k-5k) 67, (5k-65534) 213, (65k) 0 
CBF freq dist: (1) 74, (1-100) 2603, (100-1000) 187, (1k-2k) 52, (2k-3k) 39, (3k-5k) 95, (5k-65534) 0, (65k) 0 
collected one batch of samples. pages to migrate = 243 
start promoting 2 pages
pages migrated: 766, lfu # items: 6659, lfu sample size: 5100000, samples: 5100000, node 0 mem 335504
CBF freq dist: (1) 270, (1-100) 3723, (100-1000) 2517, (1k-2k) 102, (2k-3k) 36, (3k-5k) 68, (5k-65534) 213, (65k) 0 
CBF freq dist: (1) 61, (1-100) 2593, (100-1000) 209, (1k-2k) 52, (2k-3k) 11, (3k-5k) 124, (5k-65534) 0, (65k) 0 
collected one batch of samples. pages to migrate = 265 
start promoting 5 pages
pages migrated: 771, lfu # items: 6666, lfu sample size: 5200000, samples: 5200000, node 0 mem 335392
CBF freq dist: (1) 263, (1-100) 3701, (100-1000) 2544, (1k-2k) 104, (2k-3k) 35, (3k-5k) 69, (5k-65534) 213, (65k) 0 
CBF freq dist: (1) 48, (1-100) 2581, (100-1000) 228, (1k-2k) 57, (2k-3k) 7, (3k-5k) 105, (5k-65534) 23, (65k) 0 
collected one batch of samples. pages to migrate = 273 
start promoting 7 pages
pages migrated: 778, lfu # items: 6689, lfu sample size: 5300000, samples: 5300000, node 0 mem 334220
2.485017
CBF freq dist: (1) 251, (1-100) 3710, (100-1000) 2557, (1k-2k) 104, (2k-3k) 36, (3k-5k) 68, (5k-65534) 214, (65k) 0 
CBF freq dist: (1) 30, (1-100) 2574, (100-1000) 253, (1k-2k) 56, (2k-3k) 9, (3k-5k) 37, (5k-65534) 91, (65k) 0 
collected one batch of samples. pages to migrate = 447 
start promoting 5 pages
pages migrated: 783, lfu # items: 6801, lfu sample size: 5400000, samples: 5400000, node 0 mem 1680800
CBF freq dist: (1) 196, (1-100) 3744, (100-1000) 2630, (1k-2k) 100, (2k-3k) 37, (3k-5k) 74, (5k-65534) 216, (65k) 0 
CBF freq dist: (1) 98, (1-100) 2677, (100-1000) 311, (1k-2k) 66, (2k-3k) 18, (3k-5k) 28, (5k-65534) 102, (65k) 0 
collected one batch of samples. pages to migrate = 169 
start promoting 4 pages
pages migrated: 787, lfu # items: 6803, lfu sample size: 5500000, samples: 5500000, node 0 mem 1049396
CBF freq dist: (1) 197, (1-100) 3739, (100-1000) 2624, (1k-2k) 104, (2k-3k) 42, (3k-5k) 68, (5k-65534) 226, (65k) 0 
CBF freq dist: (1) 97, (1-100) 2616, (100-1000) 365, (1k-2k) 64, (2k-3k) 21, (3k-5k) 29, (5k-65534) 111, (65k) 0 
[DEBUG] Halving CBF counters.
collected one batch of samples. pages to migrate = 183 
no slow pages to promote
pages migrated: 787, lfu # items: 6804, lfu sample size: 5600000, samples: 5600000, node 0 mem 506400
CBF freq dist: (1) 196, (1-100) 3736, (100-1000) 2617, (1k-2k) 113, (2k-3k) 41, (3k-5k) 69, (5k-65534) 228, (65k) 0 
CBF freq dist: (1) 184, (1-100) 2656, (100-1000) 294, (1k-2k) 26, (2k-3k) 105, (3k-5k) 28, (5k-65534) 11, (65k) 0 
collected one batch of samples. pages to migrate = 330 
start promoting 29 pages
pages migrated: 816, lfu # items: 6804, lfu sample size: 5700000, samples: 5700000, node 0 mem 459688
CBF freq dist: (1) 196, (1-100) 3718, (100-1000) 2609, (1k-2k) 137, (2k-3k) 42, (3k-5k) 70, (5k-65534) 228, (65k) 0 
CBF freq dist: (1) 178, (1-100) 2486, (100-1000) 461, (1k-2k) 31, (2k-3k) 105, (3k-5k) 28, (5k-65534) 13, (65k) 0 
collected one batch of samples. pages to migrate = 332 
start promoting 65 pages
pages migrated: 881, lfu # items: 6804, lfu sample size: 5800000, samples: 5800000, node 0 mem 166776
CBF freq dist: (1) 196, (1-100) 3704, (100-1000) 2566, (1k-2k) 185, (2k-3k) 44, (3k-5k) 76, (5k-65534) 229, (65k) 0 
CBF freq dist: (1) 172, (1-100) 2404, (100-1000) 534, (1k-2k) 36, (2k-3k) 107, (3k-5k) 34, (5k-65534) 14, (65k) 0 
collected one batch of samples. pages to migrate = 425 
start promoting 1 pages
pages migrated: 882, lfu # items: 6804, lfu sample size: 5900000, samples: 5900000, node 0 mem 153464
CBF freq dist: (1) 196, (1-100) 3700, (100-1000) 2548, (1k-2k) 206, (2k-3k) 44, (3k-5k) 69, (5k-65534) 237, (65k) 0 
CBF freq dist: (1) 168, (1-100) 2390, (100-1000) 533, (1k-2k) 48, (2k-3k) 110, (3k-5k) 27, (5k-65534) 22, (65k) 0 
collected one batch of samples. pages to migrate = 365 
start promoting 3 pages
pages migrated: 885, lfu # items: 6810, lfu sample size: 6000000, samples: 6000000, node 0 mem 81432
CBF freq dist: (1) 194, (1-100) 3705, (100-1000) 2533, (1k-2k) 220, (2k-3k) 44, (3k-5k) 71, (5k-65534) 237, (65k) 0 
CBF freq dist: (1) 166, (1-100) 2386, (100-1000) 519, (1k-2k) 76, (2k-3k) 110, (3k-5k) 28, (5k-65534) 23, (65k) 0 
[DEBUG] Halving CBF counters.
collected one batch of samples. pages to migrate = 391 
start promoting 15 pages
pages migrated: 900, lfu # items: 6811, lfu sample size: 6100000, samples: 6100000, node 0 mem 111408
CBF freq dist: (1) 193, (1-100) 3700, (100-1000) 2531, (1k-2k) 227, (2k-3k) 45, (3k-5k) 70, (5k-65534) 238, (65k) 0 
CBF freq dist: (1) 159, (1-100) 2428, (100-1000) 390, (1k-2k) 138, (2k-3k) 4, (3k-5k) 4, (5k-65534) 17, (65k) 0 
collected one batch of samples. pages to migrate = 353 
start promoting 6 pages
pages migrated: 906, lfu # items: 6813, lfu sample size: 6200000, samples: 6200000, node 0 mem 93308
CBF freq dist: (1) 195, (1-100) 3697, (100-1000) 2528, (1k-2k) 235, (2k-3k) 44, (3k-5k) 70, (5k-65534) 239, (65k) 0 
CBF freq dist: (1) 154, (1-100) 2406, (100-1000) 419, (1k-2k) 138, (2k-3k) 4, (3k-5k) 3, (5k-65534) 18, (65k) 0 
collected one batch of samples. pages to migrate = 353 
start promoting 5 pages
pages migrated: 911, lfu # items: 6814, lfu sample size: 6300000, samples: 6300000, node 0 mem 95140
CBF freq dist: (1) 192, (1-100) 3689, (100-1000) 2534, (1k-2k) 238, (2k-3k) 44, (3k-5k) 70, (5k-65534) 239, (65k) 0 
CBF freq dist: (1) 149, (1-100) 2387, (100-1000) 440, (1k-2k) 141, (2k-3k) 4, (3k-5k) 3, (5k-65534) 18, (65k) 0 
collected one batch of samples. pages to migrate = 391 
start promoting 8 pages
pages migrated: 919, lfu # items: 6814, lfu sample size: 6400000, samples: 6400000, node 0 mem 91428
CBF freq dist: (1) 192, (1-100) 3681, (100-1000) 2535, (1k-2k) 244, (2k-3k) 44, (3k-5k) 71, (5k-65534) 232, (65k) 7 
CBF freq dist: (1) 157, (1-100) 2417, (100-1000) 455, (1k-2k) 142, (2k-3k) 4, (3k-5k) 3, (5k-65534) 18, (65k) 0 
collected one batch of samples. pages to migrate = 392 
start promoting 7 pages
pages migrated: 926, lfu # items: 6814, lfu sample size: 6500000, samples: 6500000, node 0 mem 74348
CBF freq dist: (1) 192, (1-100) 3680, (100-1000) 2530, (1k-2k) 250, (2k-3k) 44, (3k-5k) 71, (5k-65534) 232, (65k) 7 
CBF freq dist: (1) 153, (1-100) 2438, (100-1000) 469, (1k-2k) 142, (2k-3k) 4, (3k-5k) 3, (5k-65534) 15, (65k) 3 
collected one batch of samples. pages to migrate = 404 
start promoting 12 pages
pages migrated: 938, lfu # items: 6814, lfu sample size: 6600000, samples: 6600000, node 0 mem 106772
CBF freq dist: (1) 192, (1-100) 3672, (100-1000) 2533, (1k-2k) 255, (2k-3k) 44, (3k-5k) 71, (5k-65534) 231, (65k) 8 
CBF freq dist: (1) 145, (1-100) 2430, (100-1000) 486, (1k-2k) 142, (2k-3k) 5, (3k-5k) 3, (5k-65534) 11, (65k) 7 
[DEBUG] Halving CBF counters.
collected one batch of samples. pages to migrate = 366 
start promoting 5 pages
pages migrated: 943, lfu # items: 6815, lfu sample size: 6700000, samples: 6700000, node 0 mem 89164
CBF freq dist: (1) 193, (1-100) 3668, (100-1000) 2528, (1k-2k) 265, (2k-3k) 44, (3k-5k) 71, (5k-65534) 231, (65k) 8 
CBF freq dist: (1) 255, (1-100) 2459, (100-1000) 478, (1k-2k) 8, (2k-3k) 6, (3k-5k) 4, (5k-65534) 9, (65k) 0 
frac of unuseful samples too high. Dropping fast tier sampling frequency to 50000 
closing perf counter 0, 0
[INFO] Hybridtier perf sampling freq: 50000
Perf mmap size 135168, page size 4096 
closing perf counter 1, 0
[INFO] Hybridtier perf sampling freq: 50000
Perf mmap size 135168, page size 4096 
closing perf counter 2, 0
[INFO] Hybridtier perf sampling freq: 50000
Perf mmap size 135168, page size 4096 
closing perf counter 3, 0
[INFO] Hybridtier perf sampling freq: 50000
Perf mmap size 135168, page size 4096 
closing perf counter 4, 0
[INFO] Hybridtier perf sampling freq: 50000
Perf mmap size 135168, page size 4096 
closing perf counter 5, 0
[INFO] Hybridtier perf sampling freq: 50000
Perf mmap size 135168, page size 4096 
closing perf counter 6, 0
[INFO] Hybridtier perf sampling freq: 50000
Perf mmap size 135168, page size 4096 
closing perf counter 7, 0
[INFO] Hybridtier perf sampling freq: 50000
Perf mmap size 135168, page size 4096 
closing perf counter 8, 0
[INFO] Hybridtier perf sampling freq: 50000
Perf mmap size 135168, page size 4096 
closing perf counter 9, 0
[INFO] Hybridtier perf sampling freq: 50000
Perf mmap size 135168, page size 4096 
closing perf counter 10, 0
[INFO] Hybridtier perf sampling freq: 50000
Perf mmap size 135168, page size 4096 
closing perf counter 11, 0
[INFO] Hybridtier perf sampling freq: 50000
Perf mmap size 135168, page size 4096 
closing perf counter 12, 0
[INFO] Hybridtier perf sampling freq: 50000
Perf mmap size 135168, page size 4096 
closing perf counter 13, 0
[INFO] Hybridtier perf sampling freq: 50000
Perf mmap size 135168, page size 4096 
closing perf counter 14, 0
[INFO] Hybridtier perf sampling freq: 50000
Perf mmap size 135168, page size 4096 
closing perf counter 15, 0
[INFO] Hybridtier perf sampling freq: 50000
Perf mmap size 135168, page size 4096 
collected one batch of samples. pages to migrate = 386 
start promoting 14 pages
pages migrated: 957, lfu # items: 6818, lfu sample size: 6800000, samples: 6800000, node 0 mem 108260
CBF freq dist: (1) 178, (1-100) 3658, (100-1000) 2529, (1k-2k) 277, (2k-3k) 44, (3k-5k) 71, (5k-65534) 231, (65k) 8 
CBF freq dist: (1) 287, (1-100) 2518, (100-1000) 505, (1k-2k) 8, (2k-3k) 6, (3k-5k) 4, (5k-65534) 9, (65k) 0 
frac of unuseful samples too high. Dropping fast tier sampling frequency to 25000 
closing perf counter 0, 0
[INFO] Hybridtier perf sampling freq: 25000
Perf mmap size 135168, page size 4096 
closing perf counter 1, 0
[INFO] Hybridtier perf sampling freq: 25000
Perf mmap size 135168, page size 4096 
closing perf counter 2, 0
[INFO] Hybridtier perf sampling freq: 25000
Perf mmap size 135168, page size 4096 
closing perf counter 3, 0
[INFO] Hybridtier perf sampling freq: 25000
Perf mmap size 135168, page size 4096 
closing perf counter 4, 0
[INFO] Hybridtier perf sampling freq: 25000
Perf mmap size 135168, page size 4096 
closing perf counter 5, 0
[INFO] Hybridtier perf sampling freq: 25000
Perf mmap size 135168, page size 4096 
closing perf counter 6, 0
[INFO] Hybridtier perf sampling freq: 25000
Perf mmap size 135168, page size 4096 
closing perf counter 7, 0
[INFO] Hybridtier perf sampling freq: 25000
Perf mmap size 135168, page size 4096 
closing perf counter 8, 0
[INFO] Hybridtier perf sampling freq: 25000
Perf mmap size 135168, page size 4096 
closing perf counter 9, 0
[INFO] Hybridtier perf sampling freq: 25000
Perf mmap size 135168, page size 4096 
closing perf counter 10, 0
[INFO] Hybridtier perf sampling freq: 25000
Perf mmap size 135168, page size 4096 
closing perf counter 11, 0
[INFO] Hybridtier perf sampling freq: 25000
Perf mmap size 135168, page size 4096 
closing perf counter 12, 0
[INFO] Hybridtier perf sampling freq: 25000
Perf mmap size 135168, page size 4096 
closing perf counter 13, 0
[INFO] Hybridtier perf sampling freq: 25000
Perf mmap size 135168, page size 4096 
closing perf counter 14, 0
[INFO] Hybridtier perf sampling freq: 25000
Perf mmap size 135168, page size 4096 
closing perf counter 15, 0
[INFO] Hybridtier perf sampling freq: 25000
Perf mmap size 135168, page size 4096 
collected one batch of samples. pages to migrate = 385 
start promoting 9 pages
pages migrated: 966, lfu # items: 6835, lfu sample size: 6900000, samples: 6900000, node 0 mem 116912
CBF freq dist: (1) 175, (1-100) 3648, (100-1000) 2547, (1k-2k) 285, (2k-3k) 45, (3k-5k) 70, (5k-65534) 232, (65k) 8 
CBF freq dist: (1) 290, (1-100) 2567, (100-1000) 545, (1k-2k) 9, (2k-3k) 6, (3k-5k) 4, (5k-65534) 9, (65k) 0 
frac of unuseful samples too high. Dropping fast tier sampling frequency to 12500 
closing perf counter 0, 0
[INFO] Hybridtier perf sampling freq: 12500
Perf mmap size 135168, page size 4096 
closing perf counter 1, 0
[INFO] Hybridtier perf sampling freq: 12500
Perf mmap size 135168, page size 4096 
closing perf counter 2, 0
[INFO] Hybridtier perf sampling freq: 12500
Perf mmap size 135168, page size 4096 
closing perf counter 3, 0
[INFO] Hybridtier perf sampling freq: 12500
Perf mmap size 135168, page size 4096 
closing perf counter 4, 0
[INFO] Hybridtier perf sampling freq: 12500
Perf mmap size 135168, page size 4096 
closing perf counter 5, 0
[INFO] Hybridtier perf sampling freq: 12500
Perf mmap size 135168, page size 4096 
closing perf counter 6, 0
[INFO] Hybridtier perf sampling freq: 12500
Perf mmap size 135168, page size 4096 
closing perf counter 7, 0
[INFO] Hybridtier perf sampling freq: 12500
Perf mmap size 135168, page size 4096 
closing perf counter 8, 0
[INFO] Hybridtier perf sampling freq: 12500
Perf mmap size 135168, page size 4096 
closing perf counter 9, 0
[INFO] Hybridtier perf sampling freq: 12500
Perf mmap size 135168, page size 4096 
closing perf counter 10, 0
[INFO] Hybridtier perf sampling freq: 12500
Perf mmap size 135168, page size 4096 
closing perf counter 11, 0
[INFO] Hybridtier perf sampling freq: 12500
Perf mmap size 135168, page size 4096 
closing perf counter 12, 0
[INFO] Hybridtier perf sampling freq: 12500
Perf mmap size 135168, page size 4096 
closing perf counter 13, 0
[INFO] Hybridtier perf sampling freq: 12500
Perf mmap size 135168, page size 4096 
closing perf counter 14, 0
[INFO] Hybridtier perf sampling freq: 12500
Perf mmap size 135168, page size 4096 
closing perf counter 15, 0
[INFO] Hybridtier perf sampling freq: 12500
Perf mmap size 135168, page size 4096 
collected one batch of samples. pages to migrate = 395 
start promoting 24 pages
pages migrated: 990, lfu # items: 6871, lfu sample size: 7000000, samples: 7000000, node 0 mem 62528
benchmark/large/tpch-sf100/q04.benchmark	1	CBF freq dist: (1) 176, (1-100) 3620, (100-1000) 2607, (1k-2k) 289, (2k-3k) 45, (3k-5k) 70, (5k-65534) 232, (65k) 8 
CBF freq dist: (1) 257, (1-100) 2548, (100-1000) 594, (1k-2k) 8, (2k-3k) 6, (3k-5k) 5, (5k-65534) 2, (65k) 7 
collected one batch of samples. pages to migrate = 545 
start promoting 82 pages
pages migrated: 1072, lfu # items: 6942, lfu sample size: 7100000, samples: 7100000, node 0 mem 83048
CBF freq dist: (1) 179, (1-100) 3597, (100-1000) 2683, (1k-2k) 302, (2k-3k) 47, (3k-5k) 73, (5k-65534) 232, (65k) 8 
CBF freq dist: (1) 228, (1-100) 2426, (100-1000) 729, (1k-2k) 20, (2k-3k) 5, (3k-5k) 6, (5k-65534) 2, (65k) 7 
[DEBUG] Halving CBF counters.
collected one batch of samples. pages to migrate = 441 
start promoting 73 pages
pages migrated: 1145, lfu # items: 6984, lfu sample size: 7200000, samples: 7200000, node 0 mem 83992
CBF freq dist: (1) 175, (1-100) 3553, (100-1000) 2759, (1k-2k) 303, (2k-3k) 48, (3k-5k) 79, (5k-65534) 234, (65k) 8 
CBF freq dist: (1) 247, (1-100) 2422, (100-1000) 547, (1k-2k) 17, (2k-3k) 3, (3k-5k) 0, (5k-65534) 9, (65k) 0 
collected one batch of samples. pages to migrate = 535 
start promoting 16 pages
pages migrated: 1161, lfu # items: 6989, lfu sample size: 7300000, samples: 7300000, node 0 mem 138244
2.371598
CBF freq dist: (1) 176, (1-100) 3536, (100-1000) 2736, (1k-2k) 346, (2k-3k) 50, (3k-5k) 72, (5k-65534) 241, (65k) 8 
CBF freq dist: (1) 232, (1-100) 2412, (100-1000) 536, (1k-2k) 53, (2k-3k) 1, (3k-5k) 1, (5k-65534) 17, (65k) 0 
collected one batch of samples. pages to migrate = 539 
start promoting 3 pages
pages migrated: 1164, lfu # items: 6995, lfu sample size: 7400000, samples: 7400000, node 0 mem 1166632
CBF freq dist: (1) 177, (1-100) 3463, (100-1000) 2787, (1k-2k) 372, (2k-3k) 48, (3k-5k) 76, (5k-65534) 241, (65k) 8 
CBF freq dist: (1) 255, (1-100) 2329, (100-1000) 690, (1k-2k) 58, (2k-3k) 1, (3k-5k) 1, (5k-65534) 18, (65k) 0 
collected one batch of samples. pages to migrate = 380 
start promoting 72 pages
pages migrated: 1236, lfu # items: 7008, lfu sample size: 7500000, samples: 7500000, node 0 mem 78340
CBF freq dist: (1) 180, (1-100) 3467, (100-1000) 2788, (1k-2k) 321, (2k-3k) 105, (3k-5k) 78, (5k-65534) 241, (65k) 8 
CBF freq dist: (1) 259, (1-100) 2332, (100-1000) 664, (1k-2k) 117, (2k-3k) 2, (3k-5k) 1, (5k-65534) 18, (65k) 0 
collected one batch of samples. pages to migrate = 470 
start promoting 123 pages
pages migrated: 1359, lfu # items: 7012, lfu sample size: 7600000, samples: 7600000, node 0 mem 97580
CBF freq dist: (1) 183, (1-100) 3453, (100-1000) 2801, (1k-2k) 317, (2k-3k) 53, (3k-5k) 139, (5k-65534) 241, (65k) 8 
CBF freq dist: (1) 239, (1-100) 2285, (100-1000) 724, (1k-2k) 64, (2k-3k) 60, (3k-5k) 4, (5k-65534) 18, (65k) 0 
collected one batch of samples. pages to migrate = 474 
start promoting 106 pages
pages migrated: 1465, lfu # items: 7030, lfu sample size: 7700000, samples: 7700000, node 0 mem 59936
CBF freq dist: (1) 183, (1-100) 3425, (100-1000) 2842, (1k-2k) 317, (2k-3k) 58, (3k-5k) 135, (5k-65534) 245, (65k) 8 
CBF freq dist: (1) 221, (1-100) 2164, (100-1000) 895, (1k-2k) 75, (2k-3k) 3, (3k-5k) 62, (5k-65534) 18, (65k) 0 
[DEBUG] Halving CBF counters.
collected one batch of samples. pages to migrate = 505 
start promoting 145 pages
pages migrated: 1610, lfu # items: 7282, lfu sample size: 7800000, samples: 7800000, node 0 mem 59764
benchmark/large/tpch-sf100/q05.benchmark	1	CBF freq dist: (1) 194, (1-100) 3557, (100-1000) 2959, (1k-2k) 318, (2k-3k) 57, (3k-5k) 100, (5k-65534) 283, (65k) 8 
CBF freq dist: (1) 78, (1-100) 2278, (100-1000) 767, (1k-2k) 11, (2k-3k) 61, (3k-5k) 1, (5k-65534) 17, (65k) 0 
collected one batch of samples. pages to migrate = 492 
start promoting 55 pages
pages migrated: 1665, lfu # items: 7663, lfu sample size: 7900000, samples: 7900000, node 0 mem 129132
CBF freq dist: (1) 211, (1-100) 3893, (100-1000) 2982, (1k-2k) 331, (2k-3k) 61, (3k-5k) 87, (5k-65534) 301, (65k) 8 
CBF freq dist: (1) 53, (1-100) 2255, (100-1000) 900, (1k-2k) 20, (2k-3k) 36, (3k-5k) 33, (5k-65534) 17, (65k) 0 
collected one batch of samples. pages to migrate = 413 
start promoting 87 pages
pages migrated: 1752, lfu # items: 7783, lfu sample size: 8000000, samples: 8000000, node 0 mem 77856
CBF freq dist: (1) 210, (1-100) 3925, (100-1000) 2999, (1k-2k) 400, (2k-3k) 63, (3k-5k) 87, (5k-65534) 301, (65k) 8 
CBF freq dist: (1) 48, (1-100) 2208, (100-1000) 928, (1k-2k) 90, (2k-3k) 36, (3k-5k) 34, (5k-65534) 17, (65k) 0 
collected one batch of samples. pages to migrate = 529 
start promoting 50 pages
pages migrated: 1802, lfu # items: 7794, lfu sample size: 8100000, samples: 8100000, node 0 mem 70152
CBF freq dist: (1) 214, (1-100) 3915, (100-1000) 3020, (1k-2k) 335, (2k-3k) 120, (3k-5k) 95, (5k-65534) 301, (65k) 8 
CBF freq dist: (1) 44, (1-100) 2148, (100-1000) 1008, (1k-2k) 24, (2k-3k) 95, (3k-5k) 41, (5k-65534) 17, (65k) 0 
collected one batch of samples. pages to migrate = 704 
start promoting 247 pages
move page ret 243 
move page error: 12
got ENOMEM. trying against with 49 pages 
second promote attempt return -1
pages migrated: 1802, lfu # items: 7809, lfu sample size: 8200000, samples: 8200000, node 0 mem 68508
2.347699
CBF freq dist: (1) 210, (1-100) 3813, (100-1000) 3128, (1k-2k) 338, (2k-3k) 74, (3k-5k) 147, (5k-65534) 301, (65k) 8 
CBF freq dist: (1) 29, (1-100) 1986, (100-1000) 1176, (1k-2k) 19, (2k-3k) 47, (3k-5k) 95, (5k-65534) 17, (65k) 0 
[DEBUG] Halving CBF counters.
collected one batch of samples. pages to migrate = 913 
start promoting 156 pages
pages migrated: 1958, lfu # items: 7847, lfu sample size: 8300000, samples: 8300000, node 0 mem 80572
benchmark/large/tpch-sf100/q06.benchmark	1	0.578366
CBF freq dist: (1) 192, (1-100) 3762, (100-1000) 3213, (1k-2k) 337, (2k-3k) 73, (3k-5k) 153, (5k-65534) 301, (65k) 8 
CBF freq dist: (1) 77, (1-100) 2378, (100-1000) 821, (1k-2k) 133, (2k-3k) 9, (3k-5k) 8, (5k-65534) 9, (65k) 0 
collected one batch of samples. pages to migrate = 794 
start promoting 8 pages
pages migrated: 1966, lfu # items: 7853, lfu sample size: 8400000, samples: 8400000, node 0 mem 363808
CBF freq dist: (1) 197, (1-100) 3721, (100-1000) 3247, (1k-2k) 345, (2k-3k) 76, (3k-5k) 154, (5k-65534) 302, (65k) 8 
CBF freq dist: (1) 85, (1-100) 1935, (100-1000) 1296, (1k-2k) 146, (2k-3k) 10, (3k-5k) 8, (5k-65534) 9, (65k) 0 
collected one batch of samples. pages to migrate = 898 
start promoting 568 pages
move page ret -1 
move page error: 12
got ENOMEM. trying against with 113 pages 
second promote attempt return 0
pages migrated: 1966, lfu # items: 7853, lfu sample size: 8500000, samples: 8500000, node 0 mem 63256
CBF freq dist: (1) 197, (1-100) 3700, (100-1000) 3261, (1k-2k) 336, (2k-3k) 85, (3k-5k) 154, (5k-65534) 309, (65k) 8 
CBF freq dist: (1) 78, (1-100) 1742, (100-1000) 1487, (1k-2k) 146, (2k-3k) 10, (3k-5k) 12, (5k-65534) 13, (65k) 0 
collected one batch of samples. pages to migrate = 1002 
start promoting 499 pages
move page ret -1 
move page error: 12
got ENOMEM. trying against with 99 pages 
second promote attempt return -1
pages migrated: 1966, lfu # items: 7904, lfu sample size: 8600000, samples: 8600000, node 0 mem 63488
CBF freq dist: (1) 190, (1-100) 3581, (100-1000) 3422, (1k-2k) 343, (2k-3k) 86, (3k-5k) 154, (5k-65534) 310, (65k) 8 
CBF freq dist: (1) 70, (1-100) 1529, (100-1000) 1714, (1k-2k) 150, (2k-3k) 12, (3k-5k) 8, (5k-65534) 17, (65k) 0 
collected one batch of samples. pages to migrate = 1083 
start promoting 660 pages
move page ret -1 
move page error: 12
got ENOMEM. trying against with 132 pages 
second promote attempt return -1
pages migrated: 1966, lfu # items: 8165, lfu sample size: 8700000, samples: 8700000, node 0 mem 61524
CBF freq dist: (1) 193, (1-100) 3607, (100-1000) 3654, (1k-2k) 343, (2k-3k) 87, (3k-5k) 156, (5k-65534) 310, (65k) 8 
CBF freq dist: (1) 63, (1-100) 1370, (100-1000) 1932, (1k-2k) 157, (2k-3k) 13, (3k-5k) 8, (5k-65534) 17, (65k) 0 
collected one batch of samples. pages to migrate = 765 
start promoting 509 pages
move page ret -1 
move page error: 12
got ENOMEM. trying against with 101 pages 
second promote attempt return -1
pages migrated: 1966, lfu # items: 8171, lfu sample size: 8800000, samples: 8800000, node 0 mem 59704
CBF freq dist: (1) 190, (1-100) 3565, (100-1000) 3696, (1k-2k) 347, (2k-3k) 89, (3k-5k) 156, (5k-65534) 310, (65k) 8 
CBF freq dist: (1) 62, (1-100) 1306, (100-1000) 1961, (1k-2k) 193, (2k-3k) 13, (3k-5k) 8, (5k-65534) 17, (65k) 0 
[DEBUG] Halving CBF counters.
collected one batch of samples. pages to migrate = 575 
start promoting 280 pages
move page ret -1 
move page error: 12
got ENOMEM. trying against with 56 pages 
second promote attempt return -1
pages migrated: 1966, lfu # items: 8251, lfu sample size: 8900000, samples: 8900000, node 0 mem 61612
CBF freq dist: (1) 192, (1-100) 3612, (100-1000) 3583, (1k-2k) 491, (2k-3k) 90, (3k-5k) 157, (5k-65534) 310, (65k) 8 
CBF freq dist: (1) 60, (1-100) 2074, (100-1000) 1302, (1k-2k) 59, (2k-3k) 5, (3k-5k) 17, (5k-65534) 1, (65k) 0 
collected one batch of samples. pages to migrate = 631 
start promoting 361 pages
move page ret -1 
move page error: 12
got ENOMEM. trying against with 72 pages 
second promote attempt return -1
pages migrated: 1966, lfu # items: 8324, lfu sample size: 9000000, samples: 9000000, node 0 mem 61612
CBF freq dist: (1) 194, (1-100) 3653, (100-1000) 3614, (1k-2k) 473, (2k-3k) 109, (3k-5k) 156, (5k-65534) 311, (65k) 8 
CBF freq dist: (1) 64, (1-100) 2024, (100-1000) 1286, (1k-2k) 162, (2k-3k) 9, (3k-5k) 17, (5k-65534) 1, (65k) 0 
collected one batch of samples. pages to migrate = 785 
start promoting 540 pages
move page ret -1 
move page error: 12
got ENOMEM. trying against with 108 pages 
second promote attempt return -1
pages migrated: 1966, lfu # items: 8430, lfu sample size: 9100000, samples: 9100000, node 0 mem 70456
benchmark/large/tpch-sf100/q07.benchmark	1	CBF freq dist: (1) 200, (1-100) 3720, (100-1000) 3649, (1k-2k) 351, (2k-3k) 223, (3k-5k) 168, (5k-65534) 311, (65k) 8 
CBF freq dist: (1) 57, (1-100) 1951, (100-1000) 1380, (1k-2k) 153, (2k-3k) 26, (3k-5k) 16, (5k-65534) 2, (65k) 0 
collected one batch of samples. pages to migrate = 1083 
start promoting 425 pages
move page ret -1 
move page error: 12
got ENOMEM. trying against with 85 pages 
second promote attempt return -1
pages migrated: 1966, lfu # items: 8493, lfu sample size: 9200000, samples: 9200000, node 0 mem 73596
CBF freq dist: (1) 208, (1-100) 3728, (100-1000) 3690, (1k-2k) 357, (2k-3k) 216, (3k-5k) 175, (5k-65534) 319, (65k) 8 
CBF freq dist: (1) 53, (1-100) 1877, (100-1000) 1454, (1k-2k) 130, (2k-3k) 52, (3k-5k) 19, (5k-65534) 9, (65k) 0 
collected one batch of samples. pages to migrate = 708 
start promoting 296 pages
move page ret -1 
move page error: 12
got ENOMEM. trying against with 59 pages 
second promote attempt return -1
pages migrated: 1966, lfu # items: 8494, lfu sample size: 9300000, samples: 9300000, node 0 mem 74944
CBF freq dist: (1) 209, (1-100) 3719, (100-1000) 3699, (1k-2k) 355, (2k-3k) 219, (3k-5k) 174, (5k-65534) 320, (65k) 8 
CBF freq dist: (1) 51, (1-100) 1823, (100-1000) 1507, (1k-2k) 130, (2k-3k) 53, (3k-5k) 18, (5k-65534) 10, (65k) 0 
[DEBUG] Halving CBF counters.
collected one batch of samples. pages to migrate = 729 
start promoting 325 pages
move page ret -1 
move page error: 12
got ENOMEM. trying against with 65 pages 
second promote attempt return -1
pages migrated: 1966, lfu # items: 8494, lfu sample size: 9400000, samples: 9400000, node 0 mem 75352
CBF freq dist: (1) 208, (1-100) 3704, (100-1000) 3712, (1k-2k) 357, (2k-3k) 218, (3k-5k) 175, (5k-65534) 320, (65k) 8 
CBF freq dist: (1) 48, (1-100) 2535, (100-1000) 877, (1k-2k) 57, (2k-3k) 14, (3k-5k) 2, (5k-65534) 8, (65k) 0 
collected one batch of samples. pages to migrate = 343 
start promoting 209 pages
move page ret -1 
move page error: 12
got ENOMEM. trying against with 41 pages 
second promote attempt return -1
pages migrated: 1966, lfu # items: 8496, lfu sample size: 9500000, samples: 9500000, node 0 mem 75352
CBF freq dist: (1) 207, (1-100) 3677, (100-1000) 3739, (1k-2k) 359, (2k-3k) 218, (3k-5k) 174, (5k-65534) 321, (65k) 8 
CBF freq dist: (1) 42, (1-100) 2460, (100-1000) 956, (1k-2k) 56, (2k-3k) 14, (3k-5k) 2, (5k-65534) 9, (65k) 0 
collected one batch of samples. pages to migrate = 503 
start promoting 327 pages
move page ret -1 
move page error: 12
got ENOMEM. trying against with 65 pages 
second promote attempt return -1
pages migrated: 1966, lfu # items: 8520, lfu sample size: 9600000, samples: 9600000, node 0 mem 75480
CBF freq dist: (1) 206, (1-100) 3668, (100-1000) 3768, (1k-2k) 363, (2k-3k) 217, (3k-5k) 175, (5k-65534) 321, (65k) 8 
CBF freq dist: (1) 37, (1-100) 2393, (100-1000) 943, (1k-2k) 141, (2k-3k) 15, (3k-5k) 2, (5k-65534) 9, (65k) 0 
collected one batch of samples. pages to migrate = 528 
start promoting 333 pages
move page ret -1 
move page error: 12
got ENOMEM. trying against with 66 pages 
second promote attempt return -1
pages migrated: 1966, lfu # items: 8539, lfu sample size: 9700000, samples: 9700000, node 0 mem 75236
CBF freq dist: (1) 206, (1-100) 3653, (100-1000) 3797, (1k-2k) 367, (2k-3k) 175, (3k-5k) 218, (5k-65534) 321, (65k) 8 
CBF freq dist: (1) 37, (1-100) 2292, (100-1000) 1043, (1k-2k) 131, (2k-3k) 30, (3k-5k) 2, (5k-65534) 9, (65k) 0 
collected one batch of samples. pages to migrate = 799 
start promoting 520 pages
move page ret -1 
move page error: 12
got ENOMEM. trying against with 104 pages 
second promote attempt return -1
pages migrated: 1966, lfu # items: 8547, lfu sample size: 9800000, samples: 9800000, node 0 mem 75016
CBF freq dist: (1) 202, (1-100) 3635, (100-1000) 3813, (1k-2k) 376, (2k-3k) 93, (3k-5k) 301, (5k-65534) 321, (65k) 8 
CBF freq dist: (1) 35, (1-100) 2201, (100-1000) 1135, (1k-2k) 5, (2k-3k) 157, (3k-5k) 2, (5k-65534) 9, (65k) 0 
collected one batch of samples. pages to migrate = 1021 
start promoting 593 pages
move page ret -1 
move page error: 12
got ENOMEM. trying against with 118 pages 
second promote attempt return -1
pages migrated: 1966, lfu # items: 8565, lfu sample size: 9900000, samples: 9900000, node 0 mem 75016
1.962038
CBF freq dist: (1) 196, (1-100) 3625, (100-1000) 3832, (1k-2k) 383, (2k-3k) 95, (3k-5k) 301, (5k-65534) 321, (65k) 8 
CBF freq dist: (1) 35, (1-100) 2126, (100-1000) 1219, (1k-2k) 6, (2k-3k) 154, (3k-5k) 6, (5k-65534) 9, (65k) 0 
[DEBUG] Number of hot pages promoted in 50 batches = 1202 
[DEBUG] Halving CBF counters.
collected one batch of samples. pages to migrate = 882 
start promoting 140 pages
pages migrated: 2106, lfu # items: 8597, lfu sample size: 10000000, samples: 10000000, node 0 mem 74672
CBF freq dist: (1) 190, (1-100) 3634, (100-1000) 3842, (1k-2k) 389, (2k-3k) 99, (3k-5k) 296, (5k-65534) 329, (65k) 8 
CBF freq dist: (1) 108, (1-100) 2516, (100-1000) 839, (1k-2k) 166, (2k-3k) 2, (3k-5k) 1, (5k-65534) 10, (65k) 0 
collected one batch of samples. pages to migrate = 643 
start promoting 324 pages
move page ret 162 
move page error: 12
got ENOMEM. trying against with 64 pages 
second promote attempt return 0
pages migrated: 2106, lfu # items: 8599, lfu sample size: 10100000, samples: 10100000, node 0 mem 77548
CBF freq dist: (1) 191, (1-100) 3551, (100-1000) 3910, (1k-2k) 403, (2k-3k) 100, (3k-5k) 295, (5k-65534) 332, (65k) 8 
CBF freq dist: (1) 111, (1-100) 2224, (100-1000) 1128, (1k-2k) 185, (2k-3k) 2, (3k-5k) 0, (5k-65534) 12, (65k) 0 
collected one batch of samples. pages to migrate = 827 
start promoting 460 pages
move page ret -1 
move page error: 12
got ENOMEM. trying against with 92 pages 
second promote attempt return -1
pages migrated: 2106, lfu # items: 8841, lfu sample size: 10200000, samples: 10200000, node 0 mem 68228
CBF freq dist: (1) 196, (1-100) 3639, (100-1000) 4058, (1k-2k) 406, (2k-3k) 100, (3k-5k) 297, (5k-65534) 333, (65k) 8 
CBF freq dist: (1) 113, (1-100) 2047, (100-1000) 1366, (1k-2k) 183, (2k-3k) 8, (3k-5k) 0, (5k-65534) 12, (65k) 0 
collected one batch of samples. pages to migrate = 349 
start promoting 169 pages
move page ret -1 
move page error: 12
got ENOMEM. trying against with 33 pages 
second promote attempt return -1
pages migrated: 2106, lfu # items: 8954, lfu sample size: 10300000, samples: 10300000, node 0 mem 68228
CBF freq dist: (1) 201, (1-100) 3741, (100-1000) 4038, (1k-2k) 404, (2k-3k) 101, (3k-5k) 328, (5k-65534) 334, (65k) 8 
CBF freq dist: (1) 113, (1-100) 2034, (100-1000) 1370, (1k-2k) 182, (2k-3k) 9, (3k-5k) 32, (5k-65534) 12, (65k) 0 
collected one batch of samples. pages to migrate = 503 
start promoting 262 pages
move page ret -1 
move page error: 12
got ENOMEM. trying against with 52 pages 
second promote attempt return -1
pages migrated: 2106, lfu # items: 9099, lfu sample size: 10400000, samples: 10400000, node 0 mem 68228
CBF freq dist: (1) 212, (1-100) 3879, (100-1000) 4044, (1k-2k) 403, (2k-3k) 103, (3k-5k) 297, (5k-65534) 365, (65k) 8 
CBF freq dist: (1) 113, (1-100) 2034, (100-1000) 1398, (1k-2k) 182, (2k-3k) 8, (3k-5k) 1, (5k-65534) 44, (65k) 0 
[DEBUG] Halving CBF counters.
collected one batch of samples. pages to migrate = 350 
start promoting 201 pages
move page ret -1 
move page error: 12
got ENOMEM. trying against with 40 pages 
second promote attempt return -1
pages migrated: 2106, lfu # items: 9207, lfu sample size: 10500000, samples: 10500000, node 0 mem 63948
CBF freq dist: (1) 212, (1-100) 3982, (100-1000) 4047, (1k-2k) 405, (2k-3k) 103, (3k-5k) 297, (5k-65534) 365, (65k) 8 
CBF freq dist: (1) 77, (1-100) 2710, (100-1000) 815, (1k-2k) 9, (2k-3k) 1, (3k-5k) 18, (5k-65534) 25, (65k) 0 
collected one batch of samples. pages to migrate = 322 
start promoting 80 pages
move page ret -1 
move page error: 12
got ENOMEM. trying against with 16 pages 
second promote attempt return -1
pages migrated: 2106, lfu # items: 9302, lfu sample size: 10600000, samples: 10600000, node 0 mem 64624
benchmark/large/tpch-sf100/q08.benchmark	1	CBF freq dist: (1) 210, (1-100) 4048, (100-1000) 4066, (1k-2k) 415, (2k-3k) 103, (3k-5k) 286, (5k-65534) 376, (65k) 8 
CBF freq dist: (1) 90, (1-100) 2683, (100-1000) 863, (1k-2k) 27, (2k-3k) 1, (3k-5k) 3, (5k-65534) 40, (65k) 0 
collected one batch of samples. pages to migrate = 690 
start promoting 135 pages
move page ret -1 
move page error: 12
got ENOMEM. trying against with 27 pages 
second promote attempt return -1
pages migrated: 2106, lfu # items: 9311, lfu sample size: 10700000, samples: 10700000, node 0 mem 65128
CBF freq dist: (1) 210, (1-100) 4014, (100-1000) 4081, (1k-2k) 436, (2k-3k) 106, (3k-5k) 286, (5k-65534) 380, (65k) 8 
CBF freq dist: (1) 79, (1-100) 2575, (100-1000) 962, (1k-2k) 41, (2k-3k) 3, (3k-5k) 2, (5k-65534) 44, (65k) 0 
collected one batch of samples. pages to migrate = 537 
start promoting 244 pages
move page ret -1 
move page error: 12
got ENOMEM. trying against with 48 pages 
second promote attempt return -1
pages migrated: 2106, lfu # items: 9313, lfu sample size: 10800000, samples: 10800000, node 0 mem 65632
CBF freq dist: (1) 211, (1-100) 3980, (100-1000) 4101, (1k-2k) 440, (2k-3k) 113, (3k-5k) 290, (5k-65534) 381, (65k) 8 
CBF freq dist: (1) 81, (1-100) 2388, (100-1000) 1137, (1k-2k) 53, (2k-3k) 10, (3k-5k) 4, (5k-65534) 44, (65k) 0 
collected one batch of samples. pages to migrate = 711 
start promoting 331 pages
move page ret -1 
move page error: 12
got ENOMEM. trying against with 66 pages 
second promote attempt return -1
pages migrated: 2106, lfu # items: 9318, lfu sample size: 10900000, samples: 10900000, node 0 mem 66428
CBF freq dist: (1) 211, (1-100) 3923, (100-1000) 4149, (1k-2k) 439, (2k-3k) 122, (3k-5k) 294, (5k-65534) 383, (65k) 8 
CBF freq dist: (1) 77, (1-100) 2207, (100-1000) 1306, (1k-2k) 55, (2k-3k) 19, (3k-5k) 7, (5k-65534) 45, (65k) 0 
collected one batch of samples. pages to migrate = 775 
start promoting 516 pages
move page ret -1 
move page error: 12
got ENOMEM. trying against with 103 pages 
second promote attempt return -1
pages migrated: 2106, lfu # items: 9362, lfu sample size: 11000000, samples: 11000000, node 0 mem 67224
CBF freq dist: (1) 208, (1-100) 3887, (100-1000) 4220, (1k-2k) 440, (2k-3k) 119, (3k-5k) 302, (5k-65534) 386, (65k) 8 
CBF freq dist: (1) 78, (1-100) 2088, (100-1000) 1433, (1k-2k) 53, (2k-3k) 17, (3k-5k) 13, (5k-65534) 47, (65k) 0 
[DEBUG] Halving CBF counters.
collected one batch of samples. pages to migrate = 350 
start promoting 199 pages
move page ret -1 
move page error: 12
got ENOMEM. trying against with 39 pages 
second promote attempt return -1
pages migrated: 2106, lfu # items: 9391, lfu sample size: 11100000, samples: 11100000, node 0 mem 66308
CBF freq dist: (1) 200, (1-100) 3886, (100-1000) 4242, (1k-2k) 448, (2k-3k) 119, (3k-5k) 302, (5k-65534) 386, (65k) 8 
CBF freq dist: (1) 108, (1-100) 2856, (100-1000) 645, (1k-2k) 25, (2k-3k) 9, (3k-5k) 8, (5k-65534) 36, (65k) 0 
collected one batch of samples. pages to migrate = 240 
start promoting 112 pages
move page ret -1 
move page error: 12
got ENOMEM. trying against with 22 pages 
second promote attempt return -1
pages migrated: 2106, lfu # items: 9408, lfu sample size: 11200000, samples: 11200000, node 0 mem 67004
CBF freq dist: (1) 198, (1-100) 3891, (100-1000) 4247, (1k-2k) 451, (2k-3k) 122, (3k-5k) 303, (5k-65534) 386, (65k) 8 
CBF freq dist: (1) 106, (1-100) 2848, (100-1000) 655, (1k-2k) 35, (2k-3k) 9, (3k-5k) 8, (5k-65534) 36, (65k) 0 
collected one batch of samples. pages to migrate = 279 
start promoting 131 pages
move page ret -1 
move page error: 12
got ENOMEM. trying against with 26 pages 
second promote attempt return -1
pages migrated: 2106, lfu # items: 9415, lfu sample size: 11300000, samples: 11300000, node 0 mem 66796
CBF freq dist: (1) 192, (1-100) 3866, (100-1000) 4277, (1k-2k) 452, (2k-3k) 122, (3k-5k) 304, (5k-65534) 386, (65k) 8 
CBF freq dist: (1) 108, (1-100) 2815, (100-1000) 683, (1k-2k) 45, (2k-3k) 10, (3k-5k) 8, (5k-65534) 36, (65k) 0 
collected one batch of samples. pages to migrate = 241 
start promoting 124 pages
move page ret -1 
move page error: 12
got ENOMEM. trying against with 24 pages 
second promote attempt return -1
pages migrated: 2106, lfu # items: 9434, lfu sample size: 11400000, samples: 11400000, node 0 mem 67976
2.050063
CBF freq dist: (1) 188, (1-100) 3862, (100-1000) 4299, (1k-2k) 452, (2k-3k) 123, (3k-5k) 304, (5k-65534) 386, (65k) 8 
CBF freq dist: (1) 108, (1-100) 2798, (100-1000) 710, (1k-2k) 48, (2k-3k) 10, (3k-5k) 8, (5k-65534) 36, (65k) 0 
collected one batch of samples. pages to migrate = 1004 
start promoting 40 pages
pages migrated: 2146, lfu # items: 9443, lfu sample size: 11500000, samples: 11500000, node 0 mem 78552
CBF freq dist: (1) 188, (1-100) 3837, (100-1000) 4320, (1k-2k) 460, (2k-3k) 126, (3k-5k) 306, (5k-65534) 386, (65k) 8 
CBF freq dist: (1) 105, (1-100) 2623, (100-1000) 873, (1k-2k) 69, (2k-3k) 10, (3k-5k) 9, (5k-65534) 36, (65k) 0 
[DEBUG] Halving CBF counters.
collected one batch of samples. pages to migrate = 267 
start promoting 63 pages
move page ret -1 
move page error: 12
got ENOMEM. trying against with 12 pages 
second promote attempt return -1
pages migrated: 2146, lfu # items: 9443, lfu sample size: 11600000, samples: 11600000, node 0 mem 65568
CBF freq dist: (1) 187, (1-100) 3830, (100-1000) 4319, (1k-2k) 467, (2k-3k) 126, (3k-5k) 304, (5k-65534) 389, (65k) 8 
CBF freq dist: (1) 213, (1-100) 2913, (100-1000) 533, (1k-2k) 12, (2k-3k) 18, (3k-5k) 1, (5k-65534) 40, (65k) 0 
collected one batch of samples. pages to migrate = 160 
start promoting 64 pages
move page ret -1 
move page error: 12
got ENOMEM. trying against with 12 pages 
second promote attempt return -1
pages migrated: 2146, lfu # items: 9443, lfu sample size: 11700000, samples: 11700000, node 0 mem 65340
CBF freq dist: (1) 187, (1-100) 3829, (100-1000) 4319, (1k-2k) 467, (2k-3k) 127, (3k-5k) 304, (5k-65534) 389, (65k) 8 
CBF freq dist: (1) 217, (1-100) 2894, (100-1000) 556, (1k-2k) 12, (2k-3k) 8, (3k-5k) 0, (5k-65534) 51, (65k) 0 
collected one batch of samples. pages to migrate = 198 
start promoting 79 pages
move page ret -1 
move page error: 12
got ENOMEM. trying against with 15 pages 
second promote attempt return -1
pages migrated: 2146, lfu # items: 9443, lfu sample size: 11800000, samples: 11800000, node 0 mem 66192
CBF freq dist: (1) 187, (1-100) 3828, (100-1000) 4320, (1k-2k) 467, (2k-3k) 127, (3k-5k) 304, (5k-65534) 389, (65k) 8 
CBF freq dist: (1) 225, (1-100) 2887, (100-1000) 579, (1k-2k) 12, (2k-3k) 8, (3k-5k) 0, (5k-65534) 51, (65k) 0 
collected one batch of samples. pages to migrate = 177 
start promoting 76 pages
move page ret -1 
move page error: 12
got ENOMEM. trying against with 15 pages 
second promote attempt return -1
pages migrated: 2146, lfu # items: 9444, lfu sample size: 11900000, samples: 11900000, node 0 mem 66192
CBF freq dist: (1) 188, (1-100) 3827, (100-1000) 4320, (1k-2k) 468, (2k-3k) 128, (3k-5k) 304, (5k-65534) 389, (65k) 8 
CBF freq dist: (1) 227, (1-100) 2874, (100-1000) 595, (1k-2k) 13, (2k-3k) 8, (3k-5k) 0, (5k-65534) 51, (65k) 0 
collected one batch of samples. pages to migrate = 330 
start promoting 193 pages
move page ret 190 
move page error: 12
got ENOMEM. trying against with 38 pages 
second promote attempt return 29
pages migrated: 2146, lfu # items: 9444, lfu sample size: 12000000, samples: 12000000, node 0 mem 88124
CBF freq dist: (1) 187, (1-100) 3825, (100-1000) 4299, (1k-2k) 488, (2k-3k) 131, (3k-5k) 302, (5k-65534) 391, (65k) 8 
CBF freq dist: (1) 226, (1-100) 2744, (100-1000) 728, (1k-2k) 14, (2k-3k) 8, (3k-5k) 0, (5k-65534) 51, (65k) 0 
collected one batch of samples. pages to migrate = 589 
start promoting 262 pages
move page ret -1 
move page error: 12
got ENOMEM. trying against with 52 pages 
second promote attempt return -1
pages migrated: 2146, lfu # items: 10498, lfu sample size: 12100000, samples: 12100000, node 0 mem 90512
CBF freq dist: (1) 182, (1-100) 4786, (100-1000) 4387, (1k-2k) 434, (2k-3k) 188, (3k-5k) 304, (5k-65534) 391, (65k) 8 
CBF freq dist: (1) 165, (1-100) 2754, (100-1000) 835, (1k-2k) 77, (2k-3k) 9, (3k-5k) 0, (5k-65534) 51, (65k) 0 
[DEBUG] Halving CBF counters.
collected one batch of samples. pages to migrate = 279 
start promoting 115 pages
move page ret -1 
move page error: 12
got ENOMEM. trying against with 23 pages 
second promote attempt return -1
pages migrated: 2146, lfu # items: 10498, lfu sample size: 12200000, samples: 12200000, node 0 mem 91308
CBF freq dist: (1) 182, (1-100) 4451, (100-1000) 4719, (1k-2k) 437, (2k-3k) 188, (3k-5k) 304, (5k-65534) 391, (65k) 8 
CBF freq dist: (1) 107, (1-100) 2654, (100-1000) 851, (1k-2k) 9, (2k-3k) 0, (3k-5k) 33, (5k-65534) 18, (65k) 0 
collected one batch of samples. pages to migrate = 643 
start promoting 475 pages
move page ret -1 
move page error: 12
got ENOMEM. trying against with 95 pages 
second promote attempt return -1
pages migrated: 2146, lfu # items: 10499, lfu sample size: 12300000, samples: 12300000, node 0 mem 93832
CBF freq dist: (1) 182, (1-100) 3301, (100-1000) 5866, (1k-2k) 439, (2k-3k) 190, (3k-5k) 304, (5k-65534) 391, (65k) 8 
CBF freq dist: (1) 100, (1-100) 1644, (100-1000) 1863, (1k-2k) 8, (2k-3k) 1, (3k-5k) 33, (5k-65534) 18, (65k) 0 
collected one batch of samples. pages to migrate = 1069 
start promoting 901 pages
move page ret -1 
move page error: 12
got ENOMEM. trying against with 180 pages 
second promote attempt return -1
pages migrated: 2146, lfu # items: 10499, lfu sample size: 12400000, samples: 12400000, node 0 mem 93832
CBF freq dist: (1) 182, (1-100) 3192, (100-1000) 5972, (1k-2k) 441, (2k-3k) 191, (3k-5k) 304, (5k-65534) 391, (65k) 8 
CBF freq dist: (1) 99, (1-100) 1479, (100-1000) 2028, (1k-2k) 10, (2k-3k) 0, (3k-5k) 34, (5k-65534) 18, (65k) 0 
collected one batch of samples. pages to migrate = 1977 
start promoting 1771 pages
move page ret -1 
move page error: 12
got ENOMEM. trying against with 354 pages 
second promote attempt return -1
pages migrated: 2146, lfu # items: 10499, lfu sample size: 12500000, samples: 12500000, node 0 mem 93832
CBF freq dist: (1) 182, (1-100) 3191, (100-1000) 5970, (1k-2k) 444, (2k-3k) 191, (3k-5k) 304, (5k-65534) 391, (65k) 8 
CBF freq dist: (1) 99, (1-100) 1475, (100-1000) 2034, (1k-2k) 10, (2k-3k) 0, (3k-5k) 34, (5k-65534) 18, (65k) 0 
collected one batch of samples. pages to migrate = 2320 
start promoting 2081 pages
move page ret -1 
move page error: 12
got ENOMEM. trying against with 416 pages 
second promote attempt return -1
pages migrated: 2146, lfu # items: 10499, lfu sample size: 12600000, samples: 12600000, node 0 mem 93832
CBF freq dist: (1) 182, (1-100) 3190, (100-1000) 5967, (1k-2k) 444, (2k-3k) 195, (3k-5k) 304, (5k-65534) 391, (65k) 8 
CBF freq dist: (1) 97, (1-100) 1465, (100-1000) 2046, (1k-2k) 10, (2k-3k) 0, (3k-5k) 34, (5k-65534) 18, (65k) 0 
[DEBUG] Halving CBF counters.
collected one batch of samples. pages to migrate = 1787 
start promoting 1565 pages
move page ret -1 
move page error: 12
got ENOMEM. trying against with 313 pages 
second promote attempt return -1
pages migrated: 2146, lfu # items: 10499, lfu sample size: 12700000, samples: 12700000, node 0 mem 89352
CBF freq dist: (1) 182, (1-100) 3189, (100-1000) 5964, (1k-2k) 446, (2k-3k) 197, (3k-5k) 304, (5k-65534) 391, (65k) 8 
CBF freq dist: (1) 33, (1-100) 1510, (100-1000) 1915, (1k-2k) 30, (2k-3k) 5, (3k-5k) 2, (5k-65534) 15, (65k) 0 
collected one batch of samples. pages to migrate = 1997 
start promoting 1744 pages
move page ret -1 
move page error: 12
got ENOMEM. trying against with 348 pages 
second promote attempt return -1
pages migrated: 2146, lfu # items: 10499, lfu sample size: 12800000, samples: 12800000, node 0 mem 89916
CBF freq dist: (1) 182, (1-100) 3186, (100-1000) 5957, (1k-2k) 455, (2k-3k) 198, (3k-5k) 304, (5k-65534) 391, (65k) 8 
CBF freq dist: (1) 31, (1-100) 1505, (100-1000) 1922, (1k-2k) 30, (2k-3k) 5, (3k-5k) 2, (5k-65534) 15, (65k) 0 
collected one batch of samples. pages to migrate = 2303 
start promoting 2097 pages
move page ret -1 
move page error: 12
got ENOMEM. trying against with 419 pages 
second promote attempt return -1
pages migrated: 2146, lfu # items: 10499, lfu sample size: 12900000, samples: 12900000, node 0 mem 89916
CBF freq dist: (1) 182, (1-100) 3182, (100-1000) 5955, (1k-2k) 457, (2k-3k) 202, (3k-5k) 304, (5k-65534) 391, (65k) 8 
CBF freq dist: (1) 29, (1-100) 1501, (100-1000) 1927, (1k-2k) 30, (2k-3k) 5, (3k-5k) 2, (5k-65534) 15, (65k) 0 
collected one batch of samples. pages to migrate = 2322 
start promoting 2102 pages
move page ret -1 
move page error: 12
got ENOMEM. trying against with 420 pages 
second promote attempt return -1
pages migrated: 2146, lfu # items: 10499, lfu sample size: 13000000, samples: 13000000, node 0 mem 89916
CBF freq dist: (1) 182, (1-100) 3182, (100-1000) 5949, (1k-2k) 462, (2k-3k) 203, (3k-5k) 304, (5k-65534) 391, (65k) 8 
CBF freq dist: (1) 29, (1-100) 1497, (100-1000) 1931, (1k-2k) 30, (2k-3k) 5, (3k-5k) 2, (5k-65534) 15, (65k) 0 
collected one batch of samples. pages to migrate = 2306 
start promoting 2086 pages
move page ret -1 
move page error: 12
got ENOMEM. trying against with 417 pages 
second promote attempt return -1
pages migrated: 2146, lfu # items: 10499, lfu sample size: 13100000, samples: 13100000, node 0 mem 89916
CBF freq dist: (1) 182, (1-100) 3181, (100-1000) 5946, (1k-2k) 464, (2k-3k) 205, (3k-5k) 304, (5k-65534) 391, (65k) 8 
CBF freq dist: (1) 29, (1-100) 1490, (100-1000) 1934, (1k-2k) 34, (2k-3k) 5, (3k-5k) 2, (5k-65534) 15, (65k) 0 
collected one batch of samples. pages to migrate = 2513 
start promoting 2290 pages
move page ret -1 
move page error: 12
got ENOMEM. trying against with 458 pages 
second promote attempt return -1
pages migrated: 2146, lfu # items: 10499, lfu sample size: 13200000, samples: 13200000, node 0 mem 90172
CBF freq dist: (1) 182, (1-100) 3179, (100-1000) 5933, (1k-2k) 477, (2k-3k) 202, (3k-5k) 308, (5k-65534) 392, (65k) 8 
CBF freq dist: (1) 28, (1-100) 1410, (100-1000) 1993, (1k-2k) 57, (2k-3k) 5, (3k-5k) 2, (5k-65534) 15, (65k) 0 
[DEBUG] Halving CBF counters.
collected one batch of samples. pages to migrate = 1885 
start promoting 1739 pages
move page ret -1 
move page error: 12
got ENOMEM. trying against with 347 pages 
second promote attempt return -1
pages migrated: 2146, lfu # items: 10499, lfu sample size: 13300000, samples: 13300000, node 0 mem 87552
CBF freq dist: (1) 182, (1-100) 3177, (100-1000) 5910, (1k-2k) 489, (2k-3k) 158, (3k-5k) 364, (5k-65534) 393, (65k) 8 
CBF freq dist: (1) 95, (1-100) 1396, (100-1000) 1967, (1k-2k) 77, (2k-3k) 7, (3k-5k) 9, (5k-65534) 0, (65k) 0 
collected one batch of samples. pages to migrate = 1892 
start promoting 1706 pages
move page ret -1 
move page error: 12
got ENOMEM. trying against with 341 pages 
second promote attempt return -1
pages migrated: 2146, lfu # items: 10499, lfu sample size: 13400000, samples: 13400000, node 0 mem 87552
CBF freq dist: (1) 182, (1-100) 3174, (100-1000) 5889, (1k-2k) 512, (2k-3k) 152, (3k-5k) 369, (5k-65534) 395, (65k) 8 
CBF freq dist: (1) 89, (1-100) 1351, (100-1000) 2018, (1k-2k) 36, (2k-3k) 45, (3k-5k) 13, (5k-65534) 0, (65k) 0 
collected one batch of samples. pages to migrate = 2082 
start promoting 1893 pages
move page ret -1 
move page error: 12
got ENOMEM. trying against with 378 pages 
second promote attempt return -1
pages migrated: 2146, lfu # items: 10499, lfu sample size: 13500000, samples: 13500000, node 0 mem 87552
CBF freq dist: (1) 181, (1-100) 3168, (100-1000) 5869, (1k-2k) 534, (2k-3k) 154, (3k-5k) 327, (5k-65534) 439, (65k) 8 
CBF freq dist: (1) 85, (1-100) 1310, (100-1000) 2056, (1k-2k) 12, (2k-3k) 63, (3k-5k) 25, (5k-65534) 0, (65k) 0 
collected one batch of samples. pages to migrate = 2289 
start promoting 2100 pages
move page ret -1 
move page error: 12
got ENOMEM. trying against with 420 pages 
second promote attempt return -1
pages migrated: 2146, lfu # items: 10500, lfu sample size: 13600000, samples: 13600000, node 0 mem 88720
CBF freq dist: (1) 181, (1-100) 3165, (100-1000) 5854, (1k-2k) 549, (2k-3k) 157, (3k-5k) 299, (5k-65534) 468, (65k) 8 
CBF freq dist: (1) 83, (1-100) 1284, (100-1000) 2072, (1k-2k) 26, (2k-3k) 7, (3k-5k) 75, (5k-65534) 7, (65k) 0 
collected one batch of samples. pages to migrate = 2411 
start promoting 2232 pages
move page ret -1 
move page error: 12
got ENOMEM. trying against with 446 pages 
second promote attempt return -1
pages migrated: 2146, lfu # items: 10500, lfu sample size: 13700000, samples: 13700000, node 0 mem 90772
CBF freq dist: (1) 181, (1-100) 3157, (100-1000) 5852, (1k-2k) 554, (2k-3k) 158, (3k-5k) 302, (5k-65534) 469, (65k) 8 
CBF freq dist: (1) 78, (1-100) 1250, (100-1000) 2080, (1k-2k) 55, (2k-3k) 8, (3k-5k) 75, (5k-65534) 7, (65k) 0 
[DEBUG] Halving CBF counters.
collected one batch of samples. pages to migrate = 2495 
start promoting 2320 pages
move page ret -1 
move page error: 12
got ENOMEM. trying against with 464 pages 
second promote attempt return -1
pages migrated: 2146, lfu # items: 10500, lfu sample size: 13800000, samples: 13800000, node 0 mem 90772
CBF freq dist: (1) 181, (1-100) 3153, (100-1000) 5849, (1k-2k) 543, (2k-3k) 176, (3k-5k) 301, (5k-65534) 470, (65k) 8 
CBF freq dist: (1) 180, (1-100) 1508, (100-1000) 1805, (1k-2k) 21, (2k-3k) 51, (3k-5k) 21, (5k-65534) 0, (65k) 0 
collected one batch of samples. pages to migrate = 1086 
start promoting 914 pages
move page ret -1 
move page error: 12
got ENOMEM. trying against with 182 pages 
second promote attempt return -1
pages migrated: 2146, lfu # items: 10500, lfu sample size: 13900000, samples: 13900000, node 0 mem 90772
CBF freq dist: (1) 181, (1-100) 3145, (100-1000) 5842, (1k-2k) 546, (2k-3k) 186, (3k-5k) 302, (5k-65534) 471, (65k) 8 
CBF freq dist: (1) 167, (1-100) 1408, (100-1000) 1888, (1k-2k) 43, (2k-3k) 1, (3k-5k) 64, (5k-65534) 7, (65k) 0 
collected one batch of samples. pages to migrate = 1088 
start promoting 943 pages
move page ret -1 
move page error: 12
got ENOMEM. trying against with 188 pages 
second promote attempt return -1
pages migrated: 2146, lfu # items: 10500, lfu sample size: 14000000, samples: 14000000, node 0 mem 91276
CBF freq dist: (1) 181, (1-100) 3139, (100-1000) 5839, (1k-2k) 543, (2k-3k) 196, (3k-5k) 304, (5k-65534) 471, (65k) 8 
CBF freq dist: (1) 161, (1-100) 1364, (100-1000) 1916, (1k-2k) 64, (2k-3k) 1, (3k-5k) 65, (5k-65534) 7, (65k) 0 
collected one batch of samples. pages to migrate = 1169 
start promoting 1001 pages
move page ret -1 
move page error: 12
got ENOMEM. trying against with 200 pages 
second promote attempt return -1
pages migrated: 2146, lfu # items: 10500, lfu sample size: 14100000, samples: 14100000, node 0 mem 92008
CBF freq dist: (1) 181, (1-100) 3131, (100-1000) 5839, (1k-2k) 546, (2k-3k) 198, (3k-5k) 305, (5k-65534) 473, (65k) 8 
CBF freq dist: (1) 155, (1-100) 1353, (100-1000) 1926, (1k-2k) 75, (2k-3k) 1, (3k-5k) 26, (5k-65534) 47, (65k) 0 
collected one batch of samples. pages to migrate = 1205 
start promoting 1041 pages
move page ret -1 
move page error: 12
got ENOMEM. trying against with 208 pages 
second promote attempt return -1
pages migrated: 2146, lfu # items: 10505, lfu sample size: 14200000, samples: 14200000, node 0 mem 92512
CBF freq dist: (1) 182, (1-100) 3125, (100-1000) 5839, (1k-2k) 552, (2k-3k) 195, (3k-5k) 313, (5k-65534) 473, (65k) 8 
CBF freq dist: (1) 147, (1-100) 1337, (100-1000) 1938, (1k-2k) 84, (2k-3k) 2, (3k-5k) 2, (5k-65534) 71, (65k) 0 
collected one batch of samples. pages to migrate = 1299 
start promoting 1130 pages
move page ret -1 
move page error: 12
got ENOMEM. trying against with 226 pages 
second promote attempt return -1
pages migrated: 2146, lfu # items: 10509, lfu sample size: 14300000, samples: 14300000, node 0 mem 92512
CBF freq dist: (1) 184, (1-100) 3124, (100-1000) 5838, (1k-2k) 551, (2k-3k) 189, (3k-5k) 326, (5k-65534) 473, (65k) 8 
CBF freq dist: (1) 145, (1-100) 1318, (100-1000) 1957, (1k-2k) 79, (2k-3k) 14, (3k-5k) 3, (5k-65534) 71, (65k) 0 
[DEBUG] Halving CBF counters.
collected one batch of samples. pages to migrate = 785 
start promoting 659 pages
move page ret -1 
move page error: 12
got ENOMEM. trying against with 131 pages 
second promote attempt return -1
pages migrated: 2146, lfu # items: 10509, lfu sample size: 14400000, samples: 14400000, node 0 mem 92512
CBF freq dist: (1) 184, (1-100) 3117, (100-1000) 5840, (1k-2k) 550, (2k-3k) 187, (3k-5k) 332, (5k-65534) 475, (65k) 8 
CBF freq dist: (1) 160, (1-100) 2534, (100-1000) 651, (1k-2k) 46, (2k-3k) 2, (3k-5k) 64, (5k-65534) 7, (65k) 0 
collected one batch of samples. pages to migrate = 674 
start promoting 548 pages
move page ret -1 
move page error: 12
got ENOMEM. trying against with 109 pages 
second promote attempt return -1
pages migrated: 2146, lfu # items: 10516, lfu sample size: 14500000, samples: 14500000, node 0 mem 91880
CBF freq dist: (1) 184, (1-100) 3119, (100-1000) 5833, (1k-2k) 559, (2k-3k) 185, (3k-5k) 337, (5k-65534) 475, (65k) 8 
CBF freq dist: (1) 153, (1-100) 2435, (100-1000) 747, (1k-2k) 55, (2k-3k) 2, (3k-5k) 30, (5k-65534) 42, (65k) 0 
collected one batch of samples. pages to migrate = 708 
start promoting 595 pages
move page ret -1 
move page error: 12
got ENOMEM. trying against with 119 pages 
second promote attempt return -1
pages migrated: 2146, lfu # items: 10535, lfu sample size: 14600000, samples: 14600000, node 0 mem 91880
CBF freq dist: (1) 184, (1-100) 3131, (100-1000) 5831, (1k-2k) 567, (2k-3k) 183, (3k-5k) 340, (5k-65534) 475, (65k) 8 
CBF freq dist: (1) 144, (1-100) 2340, (100-1000) 847, (1k-2k) 60, (2k-3k) 4, (3k-5k) 1, (5k-65534) 71, (65k) 0 
collected one batch of samples. pages to migrate = 772 
start promoting 640 pages
move page ret -1 
move page error: 12
got ENOMEM. trying against with 128 pages 
second promote attempt return -1
pages migrated: 2146, lfu # items: 10580, lfu sample size: 14700000, samples: 14700000, node 0 mem 91884
CBF freq dist: (1) 183, (1-100) 3165, (100-1000) 5835, (1k-2k) 571, (2k-3k) 180, (3k-5k) 346, (5k-65534) 475, (65k) 8 
CBF freq dist: (1) 138, (1-100) 2244, (100-1000) 962, (1k-2k) 64, (2k-3k) 5, (3k-5k) 3, (5k-65534) 71, (65k) 0 
collected one batch of samples. pages to migrate = 858 
start promoting 710 pages
move page ret -1 
move page error: 12
got ENOMEM. trying against with 142 pages 
second promote attempt return -1
pages migrated: 2146, lfu # items: 10635, lfu sample size: 14800000, samples: 14800000, node 0 mem 93564
CBF freq dist: (1) 186, (1-100) 3209, (100-1000) 5839, (1k-2k) 576, (2k-3k) 182, (3k-5k) 345, (5k-65534) 475, (65k) 9 
CBF freq dist: (1) 135, (1-100) 2129, (100-1000) 1088, (1k-2k) 47, (2k-3k) 27, (3k-5k) 2, (5k-65534) 72, (65k) 0 
[DEBUG] Halving CBF counters.
collected one batch of samples. pages to migrate = 966 
start promoting 825 pages
move page ret -1 
move page error: 12
got ENOMEM. trying against with 165 pages 
second promote attempt return -1
pages migrated: 2146, lfu # items: 10694, lfu sample size: 14900000, samples: 14900000, node 0 mem 93564
CBF freq dist: (1) 192, (1-100) 3258, (100-1000) 5842, (1k-2k) 577, (2k-3k) 182, (3k-5k) 349, (5k-65534) 477, (65k) 9 
CBF freq dist: (1) -21, (1-100) 2746, (100-1000) 396, (1k-2k) 39, (2k-3k) 3, (3k-5k) 64, (5k-65534) 7, (65k) 0 
[DEBUG] Number of hot pages promoted in 50 batches = 180 
collected one batch of samples. pages to migrate = 609 
start promoting 478 pages
move page ret -1 
move page error: 12
got ENOMEM. trying against with 95 pages 
second promote attempt return -1
pages migrated: 2146, lfu # items: 10757, lfu sample size: 15000000, samples: 15000000, node 0 mem 93564
CBF freq dist: (1) 189, (1-100) 3304, (100-1000) 5853, (1k-2k) 581, (2k-3k) 176, (3k-5k) 355, (5k-65534) 479, (65k) 9 
CBF freq dist: (1) -35, (1-100) 2611, (100-1000) 534, (1k-2k) 51, (2k-3k) 2, (3k-5k) 12, (5k-65534) 60, (65k) 0 
collected one batch of samples. pages to migrate = 607 
start promoting 473 pages
move page ret -1 
move page error: 12
got ENOMEM. trying against with 94 pages 
second promote attempt return -1
pages migrated: 2146, lfu # items: 10824, lfu sample size: 15100000, samples: 15100000, node 0 mem 95936
CBF freq dist: (1) 194, (1-100) 3354, (100-1000) 5868, (1k-2k) 578, (2k-3k) 177, (3k-5k) 352, (5k-65534) 486, (65k) 9 
CBF freq dist: (1) -42, (1-100) 2518, (100-1000) 646, (1k-2k) 55, (2k-3k) 3, (3k-5k) 3, (5k-65534) 70, (65k) 0 
collected one batch of samples. pages to migrate = 642 
start promoting 510 pages
move page ret -1 
move page error: 12
got ENOMEM. trying against with 102 pages 
second promote attempt return -1
pages migrated: 2146, lfu # items: 10899, lfu sample size: 15200000, samples: 15200000, node 0 mem 95936
CBF freq dist: (1) 199, (1-100) 3410, (100-1000) 5883, (1k-2k) 578, (2k-3k) 178, (3k-5k) 345, (5k-65534) 496, (65k) 9 
CBF freq dist: (1) -54, (1-100) 2468, (100-1000) 713, (1k-2k) 63, (2k-3k) 3, (3k-5k) 3, (5k-65534) 71, (65k) 0 
collected one batch of samples. pages to migrate = 765 
start promoting 627 pages
move page ret -1 
move page error: 12
got ENOMEM. trying against with 125 pages 
second promote attempt return -1
pages migrated: 2146, lfu # items: 10971, lfu sample size: 15300000, samples: 15300000, node 0 mem 95936
CBF freq dist: (1) 199, (1-100) 3468, (100-1000) 5894, (1k-2k) 577, (2k-3k) 182, (3k-5k) 342, (5k-65534) 499, (65k) 9 
CBF freq dist: (1) -77, (1-100) 2405, (100-1000) 793, (1k-2k) 45, (2k-3k) 25, (3k-5k) 3, (5k-65534) 71, (65k) 0 
collected one batch of samples. pages to migrate = 706 
start promoting 575 pages
move page ret -1 
move page error: 12
got ENOMEM. trying against with 115 pages 
second promote attempt return -1
pages migrated: 2146, lfu # items: 11043, lfu sample size: 15400000, samples: 15400000, node 0 mem 95936
CBF freq dist: (1) 204, (1-100) 3524, (100-1000) 5904, (1k-2k) 581, (2k-3k) 182, (3k-5k) 339, (5k-65534) 504, (65k) 9 
CBF freq dist: (1) -80, (1-100) 2317, (100-1000) 897, (1k-2k) 40, (2k-3k) 36, (3k-5k) 2, (5k-65534) 72, (65k) 0 
[DEBUG] Halving CBF counters.
collected one batch of samples. pages to migrate = 599 
start promoting 476 pages
move page ret -1 
move page error: 12
got ENOMEM. trying against with 95 pages 
second promote attempt return -1
pages migrated: 2146, lfu # items: 11114, lfu sample size: 15500000, samples: 15500000, node 0 mem 95936
CBF freq dist: (1) 199, (1-100) 3582, (100-1000) 5914, (1k-2k) 582, (2k-3k) 183, (3k-5k) 337, (5k-65534) 507, (65k) 9 
CBF freq dist: (1) 176, (1-100) 3020, (100-1000) 323, (1k-2k) 52, (2k-3k) 1, (3k-5k) 18, (5k-65534) 55, (65k) 0 
collected one batch of samples. pages to migrate = 563 
start promoting 436 pages
move page ret -1 
move page error: 12
got ENOMEM. trying against with 87 pages 
second promote attempt return -1
pages migrated: 2146, lfu # items: 11190, lfu sample size: 15600000, samples: 15600000, node 0 mem 96996
CBF freq dist: (1) 201, (1-100) 3642, (100-1000) 5927, (1k-2k) 582, (2k-3k) 182, (3k-5k) 336, (5k-65534) 512, (65k) 9 
CBF freq dist: (1) 169, (1-100) 2942, (100-1000) 410, (1k-2k) 58, (2k-3k) 1, (3k-5k) 3, (5k-65534) 70, (65k) 0 
collected one batch of samples. pages to migrate = 595 
start promoting 457 pages
move page ret -1 
move page error: 12
got ENOMEM. trying against with 91 pages 
second promote attempt return -1
pages migrated: 2146, lfu # items: 11256, lfu sample size: 15700000, samples: 15700000, node 0 mem 95568
CBF freq dist: (1) 200, (1-100) 3689, (100-1000) 5942, (1k-2k) 584, (2k-3k) 183, (3k-5k) 337, (5k-65534) 512, (65k) 9 
CBF freq dist: (1) 163, (1-100) 2825, (100-1000) 545, (1k-2k) 64, (2k-3k) 3, (3k-5k) 3, (5k-65534) 70, (65k) 0 
collected one batch of samples. pages to migrate = 652 
start promoting 518 pages
move page ret -1 
move page error: 12
got ENOMEM. trying against with 103 pages 
second promote attempt return -1
pages migrated: 2146, lfu # items: 11322, lfu sample size: 15800000, samples: 15800000, node 0 mem 96048
CBF freq dist: (1) 202, (1-100) 3734, (100-1000) 5953, (1k-2k) 593, (2k-3k) 183, (3k-5k) 336, (5k-65534) 514, (65k) 9 
CBF freq dist: (1) 163, (1-100) 2717, (100-1000) 678, (1k-2k) 47, (2k-3k) 25, (3k-5k) 3, (5k-65534) 70, (65k) 0 
collected one batch of samples. pages to migrate = 642 
start promoting 491 pages
move page ret -1 
move page error: 12
got ENOMEM. trying against with 98 pages 
second promote attempt return -1
pages migrated: 2146, lfu # items: 11413, lfu sample size: 15900000, samples: 15900000, node 0 mem 96048
CBF freq dist: (1) 205, (1-100) 3811, (100-1000) 5961, (1k-2k) 596, (2k-3k) 183, (3k-5k) 336, (5k-65534) 517, (65k) 9 
CBF freq dist: (1) 157, (1-100) 2636, (100-1000) 779, (1k-2k) 44, (2k-3k) 33, (3k-5k) 1, (5k-65534) 72, (65k) 0 
[DEBUG] Halving CBF counters.
collected one batch of samples. pages to migrate = 700 
start promoting 545 pages
move page ret -1 
move page error: 12
got ENOMEM. trying against with 109 pages 
second promote attempt return -1
pages migrated: 2146, lfu # items: 11484, lfu sample size: 16000000, samples: 16000000, node 0 mem 96048
CBF freq dist: (1) 203, (1-100) 3863, (100-1000) 5976, (1k-2k) 598, (2k-3k) 185, (3k-5k) 333, (5k-65534) 520, (65k) 9 
CBF freq dist: (1) 0, (1-100) 3061, (100-1000) 260, (1k-2k) 41, (2k-3k) 2, (3k-5k) 50, (5k-65534) 22, (65k) 0 
collected one batch of samples. pages to migrate = 568 
start promoting 427 pages
move page ret -1 
move page error: 12
got ENOMEM. trying against with 85 pages 
second promote attempt return -1
pages migrated: 2146, lfu # items: 11559, lfu sample size: 16100000, samples: 16100000, node 0 mem 96048
CBF freq dist: (1) 202, (1-100) 3916, (100-1000) 5993, (1k-2k) 601, (2k-3k) 185, (3k-5k) 335, (5k-65534) 520, (65k) 9 
CBF freq dist: (1) -15, (1-100) 3001, (100-1000) 342, (1k-2k) 50, (2k-3k) 1, (3k-5k) 2, (5k-65534) 71, (65k) 0 
collected one batch of samples. pages to migrate = 589 
start promoting 435 pages
move page ret -1 
move page error: 12
got ENOMEM. trying against with 87 pages 
second promote attempt return -1
pages migrated: 2146, lfu # items: 11635, lfu sample size: 16200000, samples: 16200000, node 0 mem 97620
CBF freq dist: (1) 204, (1-100) 3972, (100-1000) 6007, (1k-2k) 600, (2k-3k) 190, (3k-5k) 336, (5k-65534) 521, (65k) 9 
CBF freq dist: (1) -8, (1-100) 2948, (100-1000) 428, (1k-2k) 53, (2k-3k) 4, (3k-5k) 1, (5k-65534) 72, (65k) 0 
collected one batch of samples. pages to migrate = 606 
start promoting 447 pages
move page ret -1 
move page error: 12
got ENOMEM. trying against with 89 pages 
second promote attempt return -1
pages migrated: 2146, lfu # items: 11715, lfu sample size: 16300000, samples: 16300000, node 0 mem 97620
CBF freq dist: (1) 207, (1-100) 4038, (100-1000) 6015, (1k-2k) 606, (2k-3k) 190, (3k-5k) 336, (5k-65534) 521, (65k) 9 
CBF freq dist: (1) -13, (1-100) 2861, (100-1000) 530, (1k-2k) 55, (2k-3k) 8, (3k-5k) 2, (5k-65534) 72, (65k) 0 
collected one batch of samples. pages to migrate = 652 
start promoting 484 pages
move page ret -1 
move page error: 12
got ENOMEM. trying against with 96 pages 
second promote attempt return -1
pages migrated: 2146, lfu # items: 11791, lfu sample size: 16400000, samples: 16400000, node 0 mem 97620
CBF freq dist: (1) 211, (1-100) 4094, (100-1000) 6031, (1k-2k) 610, (2k-3k) 188, (3k-5k) 335, (5k-65534) 524, (65k) 9 
CBF freq dist: (1) -11, (1-100) 2750, (100-1000) 662, (1k-2k) 39, (2k-3k) 30, (3k-5k) 2, (5k-65534) 72, (65k) 0 
collected one batch of samples. pages to migrate = 636 
start promoting 492 pages
move page ret -1 
move page error: 12
got ENOMEM. trying against with 98 pages 
second promote attempt return -1
pages migrated: 2146, lfu # items: 11871, lfu sample size: 16500000, samples: 16500000, node 0 mem 97620
CBF freq dist: (1) 213, (1-100) 4151, (100-1000) 6049, (1k-2k) 612, (2k-3k) 191, (3k-5k) 333, (5k-65534) 526, (65k) 9 
CBF freq dist: (1) -16, (1-100) 2623, (100-1000) 810, (1k-2k) 35, (2k-3k) 37, (3k-5k) 1, (5k-65534) 73, (65k) 0 
[DEBUG] Halving CBF counters.
collected one batch of samples. pages to migrate = 611 
start promoting 465 pages
move page ret -1 
move page error: 12
got ENOMEM. trying against with 93 pages 
second promote attempt return -1
pages migrated: 2146, lfu # items: 11963, lfu sample size: 16600000, samples: 16600000, node 0 mem 97620
CBF freq dist: (1) 212, (1-100) 4225, (100-1000) 6065, (1k-2k) 610, (2k-3k) 193, (3k-5k) 334, (5k-65534) 527, (65k) 9 
CBF freq dist: (1) 127, (1-100) 3212, (100-1000) 281, (1k-2k) 50, (2k-3k) 1, (3k-5k) 2, (5k-65534) 71, (65k) 0 
collected one batch of samples. pages to migrate = 577 
start promoting 443 pages
move page ret -1 
move page error: 12
got ENOMEM. trying against with 88 pages 
second promote attempt return -1
pages migrated: 2146, lfu # items: 12049, lfu sample size: 16700000, samples: 16700000, node 0 mem 98448
CBF freq dist: (1) 221, (1-100) 4292, (100-1000) 6079, (1k-2k) 615, (2k-3k) 192, (3k-5k) 334, (5k-65534) 528, (65k) 9 
CBF freq dist: (1) 112, (1-100) 3145, (100-1000) 358, (1k-2k) 59, (2k-3k) 1, (3k-5k) 2, (5k-65534) 71, (65k) 0 
collected one batch of samples. pages to migrate = 600 
start promoting 462 pages
move page ret -1 
move page error: 12
got ENOMEM. trying against with 92 pages 
second promote attempt return -1
pages migrated: 2146, lfu # items: 12129, lfu sample size: 16800000, samples: 16800000, node 0 mem 98320
CBF freq dist: (1) 218, (1-100) 4355, (100-1000) 6089, (1k-2k) 617, (2k-3k) 196, (3k-5k) 331, (5k-65534) 532, (65k) 9 
CBF freq dist: (1) 105, (1-100) 3060, (100-1000) 454, (1k-2k) 61, (2k-3k) 4, (3k-5k) 2, (5k-65534) 71, (65k) 0 
collected one batch of samples. pages to migrate = 607 
start promoting 477 pages
move page ret -1 
move page error: 12
got ENOMEM. trying against with 95 pages 
second promote attempt return -1
pages migrated: 2146, lfu # items: 12204, lfu sample size: 16900000, samples: 16900000, node 0 mem 98824
CBF freq dist: (1) 217, (1-100) 4408, (100-1000) 6106, (1k-2k) 619, (2k-3k) 198, (3k-5k) 329, (5k-65534) 535, (65k) 9 
CBF freq dist: (1) 99, (1-100) 2975, (100-1000) 558, (1k-2k) 46, (2k-3k) 24, (3k-5k) 2, (5k-65534) 72, (65k) 0 
collected one batch of samples. pages to migrate = 659 
start promoting 501 pages
move page ret -1 
move page error: 12
got ENOMEM. trying against with 100 pages 
second promote attempt return -1
pages migrated: 2146, lfu # items: 12296, lfu sample size: 17000000, samples: 17000000, node 0 mem 98824
CBF freq dist: (1) 221, (1-100) 4484, (100-1000) 6116, (1k-2k) 622, (2k-3k) 199, (3k-5k) 329, (5k-65534) 537, (65k) 9 
CBF freq dist: (1) 93, (1-100) 2858, (100-1000) 692, (1k-2k) 39, (2k-3k) 34, (3k-5k) 1, (5k-65534) 73, (65k) 0 
[DEBUG] Halving CBF counters.
collected one batch of samples. pages to migrate = 678 
start promoting 540 pages
move page ret -1 
move page error: 12
got ENOMEM. trying against with 108 pages 
second promote attempt return -1
pages migrated: 2146, lfu # items: 12380, lfu sample size: 17100000, samples: 17100000, node 0 mem 98824
CBF freq dist: (1) 229, (1-100) 4546, (100-1000) 6135, (1k-2k) 624, (2k-3k) 199, (3k-5k) 330, (5k-65534) 537, (65k) 9 
CBF freq dist: (1) 330, (1-100) 3243, (100-1000) 261, (1k-2k) 44, (2k-3k) 3, (3k-5k) 37, (5k-65534) 34, (65k) 0 
collected one batch of samples. pages to migrate = 596 
start promoting 467 pages
move page ret -1 
move page error: 12
got ENOMEM. trying against with 93 pages 
second promote attempt return -1
pages migrated: 2146, lfu # items: 12451, lfu sample size: 17200000, samples: 17200000, node 0 mem 98824
CBF freq dist: (1) 226, (1-100) 4599, (100-1000) 6148, (1k-2k) 629, (2k-3k) 198, (3k-5k) 330, (5k-65534) 538, (65k) 9 
CBF freq dist: (1) 321, (1-100) 3182, (100-1000) 338, (1k-2k) 53, (2k-3k) 3, (3k-5k) 0, (5k-65534) 71, (65k) 0 
collected one batch of samples. pages to migrate = 617 
start promoting 469 pages
move page ret -1 
move page error: 12
got ENOMEM. trying against with 93 pages 
second promote attempt return -1
pages migrated: 2146, lfu # items: 12541, lfu sample size: 17300000, samples: 17300000, node 0 mem 98192
CBF freq dist: (1) 232, (1-100) 4671, (100-1000) 6161, (1k-2k) 628, (2k-3k) 204, (3k-5k) 329, (5k-65534) 539, (65k) 9 
CBF freq dist: (1) 321, (1-100) 3114, (100-1000) 423, (1k-2k) 60, (2k-3k) 5, (3k-5k) 0, (5k-65534) 71, (65k) 0 
collected one batch of samples. pages to migrate = 623 
start promoting 485 pages
move page ret -1 
move page error: 12
got ENOMEM. trying against with 97 pages 
second promote attempt return -1
pages migrated: 2146, lfu # items: 12624, lfu sample size: 17400000, samples: 17400000, node 0 mem 98192
CBF freq dist: (1) 234, (1-100) 4741, (100-1000) 6169, (1k-2k) 632, (2k-3k) 204, (3k-5k) 326, (5k-65534) 543, (65k) 9 
CBF freq dist: (1) 314, (1-100) 3041, (100-1000) 514, (1k-2k) 54, (2k-3k) 13, (3k-5k) 2, (5k-65534) 71, (65k) 0 
collected one batch of samples. pages to migrate = 686 
start promoting 531 pages
move page ret -1 
move page error: 12
got ENOMEM. trying against with 106 pages 
second promote attempt return -1
pages migrated: 2146, lfu # items: 12710, lfu sample size: 17500000, samples: 17500000, node 0 mem 98192
CBF freq dist: (1) 222, (1-100) 4808, (100-1000) 6184, (1k-2k) 634, (2k-3k) 206, (3k-5k) 325, (5k-65534) 544, (65k) 9 
CBF freq dist: (1) 307, (1-100) 2946, (100-1000) 649, (1k-2k) 41, (2k-3k) 32, (3k-5k) 2, (5k-65534) 71, (65k) 0 
collected one batch of samples. pages to migrate = 694 
start promoting 547 pages
move page ret -1 
move page error: 12
got ENOMEM. trying against with 109 pages 
second promote attempt return -1
pages migrated: 2146, lfu # items: 12797, lfu sample size: 17600000, samples: 17600000, node 0 mem 98192
CBF freq dist: (1) 227, (1-100) 4878, (100-1000) 6197, (1k-2k) 638, (2k-3k) 204, (3k-5k) 326, (5k-65534) 545, (65k) 9 
CBF freq dist: (1) 303, (1-100) 2825, (100-1000) 781, (1k-2k) 42, (2k-3k) 40, (3k-5k) 2, (5k-65534) 71, (65k) 0 
[DEBUG] Halving CBF counters.
collected one batch of samples. pages to migrate = 629 
start promoting 502 pages
move page ret -1 
move page error: 12
got ENOMEM. trying against with 100 pages 
second promote attempt return -1
pages migrated: 2146, lfu # items: 12874, lfu sample size: 17700000, samples: 17700000, node 0 mem 98192
benchmark/large/tpch-sf100/q09.benchmark	1	CBF freq dist: (1) 223, (1-100) 4936, (100-1000) 6209, (1k-2k) 641, (2k-3k) 205, (3k-5k) 326, (5k-65534) 548, (65k) 9 
CBF freq dist: (1) 113, (1-100) 3016, (100-1000) 332, (1k-2k) 52, (2k-3k) 1, (3k-5k) 2, (5k-65534) 70, (65k) 0 
collected one batch of samples. pages to migrate = 1066 
start promoting 446 pages
move page ret -1 
move page error: 12
got ENOMEM. trying against with 89 pages 
second promote attempt return -1
pages migrated: 2146, lfu # items: 12924, lfu sample size: 17800000, samples: 17800000, node 0 mem 96248
CBF freq dist: (1) 223, (1-100) 4969, (100-1000) 6196, (1k-2k) 663, (2k-3k) 213, (3k-5k) 324, (5k-65534) 550, (65k) 9 
CBF freq dist: (1) 86, (1-100) 2882, (100-1000) 526, (1k-2k) 54, (2k-3k) 1, (3k-5k) 2, (5k-65534) 70, (65k) 0 
collected one batch of samples. pages to migrate = 315 
start promoting 155 pages
move page ret -1 
move page error: 12
got ENOMEM. trying against with 31 pages 
second promote attempt return -1
pages migrated: 2146, lfu # items: 12926, lfu sample size: 17900000, samples: 17900000, node 0 mem 96248
CBF freq dist: (1) 222, (1-100) 4971, (100-1000) 6195, (1k-2k) 662, (2k-3k) 214, (3k-5k) 325, (5k-65534) 550, (65k) 9 
CBF freq dist: (1) 83, (1-100) 2888, (100-1000) 514, (1k-2k) 56, (2k-3k) 1, (3k-5k) 2, (5k-65534) 86, (65k) 0 
collected one batch of samples. pages to migrate = 438 
start promoting 216 pages
move page ret -1 
move page error: 12
got ENOMEM. trying against with 43 pages 
second promote attempt return -1
pages migrated: 2146, lfu # items: 12950, lfu sample size: 18000000, samples: 18000000, node 0 mem 69256
CBF freq dist: (1) 221, (1-100) 4994, (100-1000) 6163, (1k-2k) 695, (2k-3k) 214, (3k-5k) 325, (5k-65534) 550, (65k) 9 
CBF freq dist: (1) 78, (1-100) 2825, (100-1000) 587, (1k-2k) 55, (2k-3k) 2, (3k-5k) 2, (5k-65534) 86, (65k) 0 
collected one batch of samples. pages to migrate = 401 
start promoting 196 pages
move page ret -1 
move page error: 12
got ENOMEM. trying against with 39 pages 
second promote attempt return -1
pages migrated: 2146, lfu # items: 14635, lfu sample size: 18100000, samples: 18100000, node 0 mem 67548
CBF freq dist: (1) 207, (1-100) 6650, (100-1000) 6177, (1k-2k) 706, (2k-3k) 217, (3k-5k) 325, (5k-65534) 551, (65k) 9 
CBF freq dist: (1) 23, (1-100) 2712, (100-1000) 832, (1k-2k) 63, (2k-3k) 1, (3k-5k) 3, (5k-65534) 86, (65k) 0 
[DEBUG] Halving CBF counters.
collected one batch of samples. pages to migrate = 402 
start promoting 240 pages
move page ret -1 
move page error: 12
got ENOMEM. trying against with 48 pages 
second promote attempt return -1
pages migrated: 2146, lfu # items: 14641, lfu sample size: 18200000, samples: 18200000, node 0 mem 67548
CBF freq dist: (1) 205, (1-100) 6534, (100-1000) 6299, (1k-2k) 706, (2k-3k) 217, (3k-5k) 325, (5k-65534) 551, (65k) 9 
CBF freq dist: (1) 68, (1-100) 2804, (100-1000) 785, (1k-2k) 3, (2k-3k) 64, (3k-5k) 8, (5k-65534) 15, (65k) 0 
collected one batch of samples. pages to migrate = 547 
start promoting 378 pages
move page ret -1 
move page error: 12
got ENOMEM. trying against with 75 pages 
second promote attempt return -1
pages migrated: 2146, lfu # items: 14649, lfu sample size: 18300000, samples: 18300000, node 0 mem 67548
CBF freq dist: (1) 204, (1-100) 4827, (100-1000) 8011, (1k-2k) 707, (2k-3k) 219, (3k-5k) 325, (5k-65534) 551, (65k) 9 
CBF freq dist: (1) 69, (1-100) 1844, (100-1000) 1748, (1k-2k) 3, (2k-3k) 63, (3k-5k) 9, (5k-65534) 15, (65k) 0 
collected one batch of samples. pages to migrate = 1083 
start promoting 929 pages
move page ret -1 
move page error: 12
got ENOMEM. trying against with 185 pages 
second promote attempt return -1
pages migrated: 2146, lfu # items: 14656, lfu sample size: 18400000, samples: 18400000, node 0 mem 67700
CBF freq dist: (1) 202, (1-100) 4820, (100-1000) 8023, (1k-2k) 709, (2k-3k) 219, (3k-5k) 325, (5k-65534) 551, (65k) 9 
CBF freq dist: (1) 69, (1-100) 1561, (100-1000) 2034, (1k-2k) 3, (2k-3k) 63, (3k-5k) 9, (5k-65534) 15, (65k) 0 
collected one batch of samples. pages to migrate = 1896 
start promoting 1722 pages
move page ret -1 
move page error: 12
got ENOMEM. trying against with 344 pages 
second promote attempt return -1
pages migrated: 2146, lfu # items: 14659, lfu sample size: 18500000, samples: 18500000, node 0 mem 67700
CBF freq dist: (1) 201, (1-100) 4823, (100-1000) 8018, (1k-2k) 713, (2k-3k) 220, (3k-5k) 325, (5k-65534) 551, (65k) 9 
CBF freq dist: (1) 68, (1-100) 1551, (100-1000) 2045, (1k-2k) 3, (2k-3k) 63, (3k-5k) 8, (5k-65534) 16, (65k) 0 
num_perf_record_lost count 100
collected one batch of samples. pages to migrate = 2311 
start promoting 2090 pages
move page ret -1 
move page error: 12
got ENOMEM. trying against with 418 pages 
second promote attempt return -1
pages migrated: 2146, lfu # items: 14662, lfu sample size: 18600000, samples: 18600000, node 0 mem 67700
CBF freq dist: (1) 202, (1-100) 4825, (100-1000) 8010, (1k-2k) 721, (2k-3k) 221, (3k-5k) 325, (5k-65534) 551, (65k) 9 
CBF freq dist: (1) 67, (1-100) 1541, (100-1000) 2056, (1k-2k) 4, (2k-3k) 63, (3k-5k) 8, (5k-65534) 16, (65k) 0 
collected one batch of samples. pages to migrate = 2302 
start promoting 2109 pages
move page ret -1 
move page error: 12
got ENOMEM. trying against with 421 pages 
second promote attempt return -1
pages migrated: 2146, lfu # items: 14663, lfu sample size: 18700000, samples: 18700000, node 0 mem 69552
CBF freq dist: (1) 200, (1-100) 4826, (100-1000) 8003, (1k-2k) 728, (2k-3k) 219, (3k-5k) 327, (5k-65534) 551, (65k) 9 
CBF freq dist: (1) 67, (1-100) 1534, (100-1000) 2065, (1k-2k) 5, (2k-3k) 63, (3k-5k) 8, (5k-65534) 16, (65k) 0 
[DEBUG] Halving CBF counters.
collected one batch of samples. pages to migrate = 1809 
start promoting 1587 pages
move page ret -1 
move page error: 12
got ENOMEM. trying against with 317 pages 
second promote attempt return -1
pages migrated: 2146, lfu # items: 14666, lfu sample size: 18800000, samples: 18800000, node 0 mem 69896
CBF freq dist: (1) 200, (1-100) 4829, (100-1000) 7999, (1k-2k) 731, (2k-3k) 220, (3k-5k) 327, (5k-65534) 551, (65k) 9 
CBF freq dist: (1) 24, (1-100) 1627, (100-1000) 1911, (1k-2k) 63, (2k-3k) 18, (3k-5k) 6, (5k-65534) 0, (65k) 0 
collected one batch of samples. pages to migrate = 2305 
start promoting 2110 pages
move page ret -1 
move page error: 12
got ENOMEM. trying against with 422 pages 
second promote attempt return -1
pages migrated: 2146, lfu # items: 14666, lfu sample size: 18900000, samples: 18900000, node 0 mem 69896
CBF freq dist: (1) 200, (1-100) 4829, (100-1000) 7995, (1k-2k) 734, (2k-3k) 221, (3k-5k) 327, (5k-65534) 551, (65k) 9 
CBF freq dist: (1) 20, (1-100) 1619, (100-1000) 1921, (1k-2k) 63, (2k-3k) 18, (3k-5k) 6, (5k-65534) 0, (65k) 0 
collected one batch of samples. pages to migrate = 2344 
start promoting 2102 pages
move page ret -1 
move page error: 12
got ENOMEM. trying against with 420 pages 
second promote attempt return -1
pages migrated: 2146, lfu # items: 14666, lfu sample size: 19000000, samples: 19000000, node 0 mem 69896
CBF freq dist: (1) 200, (1-100) 4829, (100-1000) 7989, (1k-2k) 740, (2k-3k) 221, (3k-5k) 326, (5k-65534) 552, (65k) 9 
CBF freq dist: (1) 19, (1-100) 1614, (100-1000) 1927, (1k-2k) 64, (2k-3k) 18, (3k-5k) 5, (5k-65534) 1, (65k) 0 
collected one batch of samples. pages to migrate = 2315 
start promoting 2107 pages
move page ret -1 
move page error: 12
got ENOMEM. trying against with 421 pages 
second promote attempt return -1
pages migrated: 2146, lfu # items: 14667, lfu sample size: 19100000, samples: 19100000, node 0 mem 69896
CBF freq dist: (1) 200, (1-100) 4829, (100-1000) 7970, (1k-2k) 760, (2k-3k) 221, (3k-5k) 326, (5k-65534) 552, (65k) 9 
CBF freq dist: (1) 20, (1-100) 1607, (100-1000) 1925, (1k-2k) 74, (2k-3k) 18, (3k-5k) 5, (5k-65534) 1, (65k) 0 
collected one batch of samples. pages to migrate = 2326 
start promoting 2109 pages
move page ret -1 
move page error: 12
got ENOMEM. trying against with 421 pages 
second promote attempt return -1
pages migrated: 2146, lfu # items: 14667, lfu sample size: 19200000, samples: 19200000, node 0 mem 70060
CBF freq dist: (1) 200, (1-100) 4827, (100-1000) 7963, (1k-2k) 769, (2k-3k) 221, (3k-5k) 326, (5k-65534) 552, (65k) 9 
CBF freq dist: (1) 20, (1-100) 1598, (100-1000) 1931, (1k-2k) 78, (2k-3k) 18, (3k-5k) 5, (5k-65534) 1, (65k) 0 
[DEBUG] Halving CBF counters.
collected one batch of samples. pages to migrate = 2320 
start promoting 2103 pages
move page ret -1 
move page error: 12
got ENOMEM. trying against with 420 pages 
second promote attempt return -1
pages migrated: 2146, lfu # items: 14667, lfu sample size: 19300000, samples: 19300000, node 0 mem 70060
CBF freq dist: (1) 200, (1-100) 4822, (100-1000) 7957, (1k-2k) 779, (2k-3k) 222, (3k-5k) 326, (5k-65534) 552, (65k) 9 
CBF freq dist: (1) 100, (1-100) 1657, (100-1000) 1935, (1k-2k) 23, (2k-3k) 0, (3k-5k) 1, (5k-65534) 0, (65k) 0 
collected one batch of samples. pages to migrate = 2538 
start promoting 2236 pages
move page ret -1 
move page error: 12
got ENOMEM. trying against with 447 pages 
second promote attempt return -1
pages migrated: 2146, lfu # items: 14669, lfu sample size: 19400000, samples: 19400000, node 0 mem 70368
CBF freq dist: (1) 201, (1-100) 4814, (100-1000) 7960, (1k-2k) 783, (2k-3k) 224, (3k-5k) 327, (5k-65534) 552, (65k) 9 
CBF freq dist: (1) 96, (1-100) 1653, (100-1000) 1938, (1k-2k) 26, (2k-3k) 0, (3k-5k) 1, (5k-65534) 0, (65k) 0 
collected one batch of samples. pages to migrate = 2568 
start promoting 2302 pages
move page ret -1 
move page error: 12
got ENOMEM. trying against with 460 pages 
second promote attempt return -1
pages migrated: 2146, lfu # items: 14671, lfu sample size: 19500000, samples: 19500000, node 0 mem 69984
CBF freq dist: (1) 199, (1-100) 4804, (100-1000) 7955, (1k-2k) 762, (2k-3k) 250, (3k-5k) 339, (5k-65534) 552, (65k) 9 
CBF freq dist: (1) 88, (1-100) 1585, (100-1000) 1962, (1k-2k) 73, (2k-3k) 6, (3k-5k) 0, (5k-65534) 1, (65k) 0 
collected one batch of samples. pages to migrate = 2550 
start promoting 2284 pages
move page ret -1 
move page error: 12
got ENOMEM. trying against with 456 pages 
second promote attempt return -1
pages migrated: 2146, lfu # items: 14672, lfu sample size: 19600000, samples: 19600000, node 0 mem 69876
CBF freq dist: (1) 200, (1-100) 4793, (100-1000) 7954, (1k-2k) 767, (2k-3k) 230, (3k-5k) 365, (5k-65534) 554, (65k) 9 
CBF freq dist: (1) 93, (1-100) 1572, (100-1000) 1992, (1k-2k) 35, (2k-3k) 36, (3k-5k) 9, (5k-65534) 1, (65k) 0 
collected one batch of samples. pages to migrate = 2568 
start promoting 2287 pages
move page ret -1 
move page error: 12
got ENOMEM. trying against with 457 pages 
second promote attempt return -1
pages migrated: 2146, lfu # items: 14672, lfu sample size: 19700000, samples: 19700000, node 0 mem 69948
CBF freq dist: (1) 199, (1-100) 4785, (100-1000) 7945, (1k-2k) 781, (2k-3k) 232, (3k-5k) 346, (5k-65534) 574, (65k) 9 
CBF freq dist: (1) 83, (1-100) 1551, (100-1000) 2011, (1k-2k) 42, (2k-3k) 2, (3k-5k) 37, (5k-65534) 9, (65k) 0 
collected one batch of samples. pages to migrate = 2537 
start promoting 2300 pages
move page ret -1 
move page error: 12
got ENOMEM. trying against with 460 pages 
second promote attempt return -1
pages migrated: 2146, lfu # items: 14672, lfu sample size: 19800000, samples: 19800000, node 0 mem 69948
CBF freq dist: (1) 199, (1-100) 4778, (100-1000) 7935, (1k-2k) 796, (2k-3k) 233, (3k-5k) 330, (5k-65534) 591, (65k) 9 
CBF freq dist: (1) 80, (1-100) 1532, (100-1000) 2007, (1k-2k) 67, (2k-3k) 8, (3k-5k) 35, (5k-65534) 12, (65k) 0 
[DEBUG] Halving CBF counters.
collected one batch of samples. pages to migrate = 1312 
start promoting 1033 pages
move page ret -1 
move page error: 12
got ENOMEM. trying against with 206 pages 
second promote attempt return -1
pages migrated: 2146, lfu # items: 14675, lfu sample size: 19900000, samples: 19900000, node 0 mem 69516
CBF freq dist: (1) 197, (1-100) 4769, (100-1000) 7935, (1k-2k) 802, (2k-3k) 231, (3k-5k) 338, (5k-65534) 591, (65k) 9 
CBF freq dist: (1) 209, (1-100) 1581, (100-1000) 1976, (1k-2k) 15, (2k-3k) 1, (3k-5k) 39, (5k-65534) 7, (65k) 0 
[DEBUG] Number of hot pages promoted in 50 batches = 0 
[INFO] Reached promotion plateau. cur hot page size 4133486592, fast mem 80% 3435973836
[INFO] Go to monitor mode from promotion plateau.
[INFO] Starting low overhead perf stat monitoring.
closing perf counters
munmap done 0
close fd done 0
munmap done 1
close fd done 1
munmap done 0
close fd done 0
munmap done 1
close fd done 1
munmap done 0
close fd done 0
munmap done 1
close fd done 1
munmap done 0
close fd done 0
munmap done 1
close fd done 1
munmap done 0
close fd done 0
munmap done 1
close fd done 1
munmap done 0
close fd done 0
munmap done 1
close fd done 1
munmap done 0
close fd done 0
munmap done 1
close fd done 1
munmap done 0
close fd done 0
munmap done 1
close fd done 1
munmap done 0
close fd done 0
munmap done 1
close fd done 1
munmap done 0
close fd done 0
munmap done 1
close fd done 1
munmap done 0
close fd done 0
munmap done 1
close fd done 1
munmap done 0
close fd done 0
munmap done 1
close fd done 1
munmap done 0
close fd done 0
munmap done 1
close fd done 1
munmap done 0
close fd done 0
munmap done 1
close fd done 1
munmap done 0
close fd done 0
munmap done 1
close fd done 1
munmap done 0
close fd done 0
munmap done 1
close fd done 1
[INFO] Sleep for 120s for fast memory hit ratio to stablize.
8.369097
benchmark/large/tpch-sf100/q10.benchmark	1	3.717956
benchmark/large/tpch-sf100/q11.benchmark	1	0.251114
benchmark/large/tpch-sf100/q12.benchmark	1	1.706446
benchmark/large/tpch-sf100/q13.benchmark	1	6.047026
benchmark/large/tpch-sf100/q14.benchmark	1	1.272476
benchmark/large/tpch-sf100/q15.benchmark	1	1.083543
benchmark/large/tpch-sf100/q16.benchmark	1	1.075797
benchmark/large/tpch-sf100/q17.benchmark	1	1.510452
benchmark/large/tpch-sf100/q18.benchmark	1	6.733836
benchmark/large/tpch-sf100/q19.benchmark	1	1.104614
benchmark/large/tpch-sf100/q20.benchmark	1	1.472120
benchmark/large/tpch-sf100/q21.benchmark	1	7.089129
benchmark/large/tpch-sf100/q22.benchmark	1	0.828653
