!!!!!!!!!!!!!!!!!!!!Overridden __libc_start_main called!
executable name XSBench
Target executable name is XSBench
found process XSBench
================================================================================
                   __   __ ___________                 _                        
                   \ \ / //  ___| ___ \               | |                       
                    \ V / \ `--.| |_/ / ___ _ __   ___| |__                     
                    /   \  `--. \ ___ \/ _ \ '_ \ / __| '_ \                    
                   / /^\ \/\__/ / |_/ /  __/ | | | (__| | | |                   
                   \/   \/\____/\____/ \___|_| |_|\___|_| |_|                   

================================================================================
                    Developed at Argonne National Laboratory
                                   Version: 20
================================================================================
                                  INPUT SUMMARY
================================================================================
Simulation Method:            History Based
Grid Type:                    Unionized Grid
Materials:                    12
H-M Benchmark Size:           large
Total Nuclides:               355
Gridpoints (per Nuclide):     50,000
Unionized Energy Gridpoints:  17,750,000
Particle Histories:           10,000,000
XS Lookups per Particle:      34
Total XS Lookups:             34
Threads:                      16
Est. Memory Usage (MB):       24,986
Binary File Mode:             Off
================================================================================
                         INITIALIZATION - DO NOT PROFILE
================================================================================
Intializing nuclide grids...
Hybridtier. huge page
[DEBUG] fast memory size = 4294967296
[DEBUG] number of pages in fast memory = 2048
[DEBUG] perf_pages = 2048
 perf_pages 33, sample_batch_size 100000 
pid: 58279
==== debug info
[INFO] Calculating CBF size = 10459
Actual LFU table size 16384 
block mask 7ff 
Blocked CBF + sample batch. 
vector start 0x7cf820000900, 
[INFO] Creating CBF with capacity = 16384 (each 8B), sample size (W) = 131072000
Actual LFU table size 2048 
block mask ff 
Blocked CBF + sample batch. 
vector start 0x7cf820020940, 
[INFO] Creating CBF with capacity = 2048 (each 8B), sample size (W) = 1100000
Starting hot threshold = 1000
Momentum threshold = 200
Stable fast mem hit ratio slope threshold = -0.02
False positive rate = 0.001
perf stat period = 60s 
allocation watermark = 53687091, demotion watermark = 214748364
[INFO] Starting perf stat monitoring.
/usr/bin/perf stat -I 60000 -e mem_load_l3_miss_retired.local_dram -e mem_load_l3_miss_retired.remote_dram -x , --output perf_stat_file &
!!!!!!!!!!!!!!!!!!!!Overridden __libc_start_main called!
executable name sh
Target executable name is XSBench
executable not target app. just run 
[INFO] perf stat command return code: 0
start perf recording.
[INFO] Hybridtier perf sampling freq: 100000
Perf mmap size 135168, page size 4096 
[INFO] Hybridtier perf sampling freq: 100000
Perf mmap size 135168, page size 4096 
[INFO] Hybridtier perf sampling freq: 100000
Perf mmap size 135168, page size 4096 
[INFO] Hybridtier perf sampling freq: 100000
Perf mmap size 135168, page size 4096 
[INFO] Hybridtier perf sampling freq: 100000
Perf mmap size 135168, page size 4096 
[INFO] Hybridtier perf sampling freq: 100000
Perf mmap size 135168, page size 4096 
[INFO] Hybridtier perf sampling freq: 100000
Perf mmap size 135168, page size 4096 
[INFO] Hybridtier perf sampling freq: 100000
Perf mmap size 135168, page size 4096 
[INFO] Hybridtier perf sampling freq: 100000
Perf mmap size 135168, page size 4096 
[INFO] Hybridtier perf sampling freq: 100000
Perf mmap size 135168, page size 4096 
[INFO] Hybridtier perf sampling freq: 100000
Perf mmap size 135168, page size 4096 
[INFO] Hybridtier perf sampling freq: 100000
Perf mmap size 135168, page size 4096 
[INFO] Hybridtier perf sampling freq: 100000
Perf mmap size 135168, page size 4096 
[INFO] Hybridtier perf sampling freq: 100000
Perf mmap size 135168, page size 4096 
[INFO] Hybridtier perf sampling freq: 100000
Perf mmap size 135168, page size 4096 
[INFO] Hybridtier perf sampling freq: 100000
Perf mmap size 135168, page size 4096 
[INFO] Hybridtier perf sampling freq: 100000
Perf mmap size 135168, page size 4096 
[INFO] Hybridtier perf sampling freq: 100000
Perf mmap size 135168, page size 4096 
[INFO] Hybridtier perf sampling freq: 100000
Perf mmap size 135168, page size 4096 
[INFO] Hybridtier perf sampling freq: 100000
Perf mmap size 135168, page size 4096 
[INFO] Hybridtier perf sampling freq: 100000
Perf mmap size 135168, page size 4096 
[INFO] Hybridtier perf sampling freq: 100000
Perf mmap size 135168, page size 4096 
[INFO] Hybridtier perf sampling freq: 100000
Perf mmap size 135168, page size 4096 
[INFO] Hybridtier perf sampling freq: 100000
Perf mmap size 135168, page size 4096 
[INFO] Hybridtier perf sampling freq: 100000
Perf mmap size 135168, page size 4096 
[INFO] Hybridtier perf sampling freq: 100000
Perf mmap size 135168, page size 4096 
[INFO] Hybridtier perf sampling freq: 100000
Perf mmap size 135168, page size 4096 
[INFO] Hybridtier perf sampling freq: 100000
Perf mmap size 135168, page size 4096 
[INFO] Hybridtier perf sampling freq: 100000
Perf mmap size 135168, page size 4096 
[INFO] Hybridtier perf sampling freq: 100000
!!!!!!!!!!!!!!!!!!!!Overridden __libc_start_main called!
Perf mmap size 135168, page size 4096 
[INFO] Hybridtier perf sampling freq: 100000
executable name bash
Target executable name is XSBench
executable not target app. just run 
Perf mmap size 135168, page size 4096 
[INFO] Hybridtier perf sampling freq: 100000
!!!!!!!!!!!!!!!!!!!!Overridden __libc_start_main called!
executable name dpkg
Target executable name is XSBench
executable not target app. just run 
dpkg: error: version '!!!!!!!!!!!!!!!!!!!!Overridden __libc_start_main called!
executable name uname
Target executable name is XSBench
executable not target app. just run 
6.18.1-061801' has bad syntax: version string has embedded spaces
!!!!!!!!!!!!!!!!!!!!Overridden __libc_start_main called!
executable name dpkg
Target executable name is XSBench
executable not target app. just run 
dpkg: error: version '!!!!!!!!!!!!!!!!!!!!Overridden __libc_start_main called!
executable name uname
Target executable name is XSBench
executable not target app. just run 
6.18.1-061801' has bad syntax: version string has embedded spaces
/usr/bin/lsb_release: 2: eval: executable: not found
WARNING: !!!!!!!!!!!!!!!!!!!!Overridden __libc_start_main called!
executable name basename
Target executable name is XSBench
executable not target app. just run 
perf not found for kernel !!!!!!!!!!!!!!!!!!!!Overridden __libc_start_main called!
executable name uname
Target executable name is XSBench
executable not target app. just run 
6.18.1-061801

  You may need to install the following packages for this specific kernel:
    linux-tools-!!!!!!!!!!!!!!!!!!!!Overridden __libc_start_main called!
executable name uname
Target executable name is XSBench
executable not target app. just run 
6.18.1-061801-generic

  You may also want to install one of the following packages to keep up to date:
    linux-tools-generic
Perf mmap size 135168, page size 4096 
Intializing unionized grid...
collected one batch of samples. pages to migrate = 105 
no slow pages to promote
pages migrated: 0, lfu # items: 749, lfu sample size: 100000, samples: 100000, node 0 mem 1489812
CBF freq dist: (1) 29, (1-100) 585, (100-1000) 146, (1k-2k) 18, (2k-3k) 0, (3k-5k) 0, (5k-65534) 0, (65k) 0 
CBF freq dist: (1) 27, (1-100) 579, (100-1000) 146, (1k-2k) 18, (2k-3k) 0, (3k-5k) 0, (5k-65534) 0, (65k) 0 
collected one batch of samples. pages to migrate = 367 
no slow pages to promote
pages migrated: 0, lfu # items: 778, lfu sample size: 200000, samples: 200000, node 0 mem 1066528
CBF freq dist: (1) 22, (1-100) 284, (100-1000) 444, (1k-2k) 50, (2k-3k) 0, (3k-5k) 0, (5k-65534) 0, (65k) 0 
CBF freq dist: (1) 21, (1-100) 281, (100-1000) 442, (1k-2k) 49, (2k-3k) 0, (3k-5k) 0, (5k-65534) 0, (65k) 0 
collected one batch of samples. pages to migrate = 386 
no slow pages to promote
pages migrated: 0, lfu # items: 865, lfu sample size: 300000, samples: 300000, node 0 mem 1063112
CBF freq dist: (1) 35, (1-100) 334, (100-1000) 480, (1k-2k) 51, (2k-3k) 0, (3k-5k) 0, (5k-65534) 0, (65k) 0 
CBF freq dist: (1) 34, (1-100) 330, (100-1000) 478, (1k-2k) 50, (2k-3k) 0, (3k-5k) 0, (5k-65534) 0, (65k) 0 
collected one batch of samples. pages to migrate = 421 
no slow pages to promote
pages migrated: 0, lfu # items: 982, lfu sample size: 400000, samples: 400000, node 0 mem 1052584
CBF freq dist: (1) 54, (1-100) 449, (100-1000) 475, (1k-2k) 57, (2k-3k) 1, (3k-5k) 0, (5k-65534) 0, (65k) 0 
CBF freq dist: (1) 52, (1-100) 439, (100-1000) 474, (1k-2k) 55, (2k-3k) 2, (3k-5k) 0, (5k-65534) 0, (65k) 0 
collected one batch of samples. pages to migrate = 403 
no slow pages to promote
pages migrated: 0, lfu # items: 1031, lfu sample size: 500000, samples: 500000, node 0 mem 1052132
CBF freq dist: (1) 55, (1-100) 490, (100-1000) 275, (1k-2k) 253, (2k-3k) 13, (3k-5k) 0, (5k-65534) 0, (65k) 0 
CBF freq dist: (1) 53, (1-100) 477, (100-1000) 273, (1k-2k) 253, (2k-3k) 13, (3k-5k) 0, (5k-65534) 0, (65k) 0 
collected one batch of samples. pages to migrate = 402 
no slow pages to promote
pages migrated: 0, lfu # items: 1045, lfu sample size: 600000, samples: 600000, node 0 mem 1049024
CBF freq dist: (1) 56, (1-100) 502, (100-1000) 197, (1k-2k) 312, (2k-3k) 34, (3k-5k) 0, (5k-65534) 0, (65k) 0 
CBF freq dist: (1) 54, (1-100) 489, (100-1000) 196, (1k-2k) 309, (2k-3k) 36, (3k-5k) 0, (5k-65534) 0, (65k) 0 
collected one batch of samples. pages to migrate = 405 
no slow pages to promote
pages migrated: 0, lfu # items: 1080, lfu sample size: 700000, samples: 700000, node 0 mem 1045284
CBF freq dist: (1) 58, (1-100) 534, (100-1000) 131, (1k-2k) 365, (2k-3k) 49, (3k-5k) 1, (5k-65534) 0, (65k) 0 
CBF freq dist: (1) 55, (1-100) 519, (100-1000) 132, (1k-2k) 360, (2k-3k) 50, (3k-5k) 2, (5k-65534) 0, (65k) 0 
collected one batch of samples. pages to migrate = 408 
no slow pages to promote
pages migrated: 0, lfu # items: 1133, lfu sample size: 800000, samples: 800000, node 0 mem 1043160
CBF freq dist: (1) 64, (1-100) 583, (100-1000) 135, (1k-2k) 361, (2k-3k) 52, (3k-5k) 2, (5k-65534) 0, (65k) 0 
CBF freq dist: (1) 60, (1-100) 564, (100-1000) 136, (1k-2k) 356, (2k-3k) 52, (3k-5k) 4, (5k-65534) 0, (65k) 0 
collected one batch of samples. pages to migrate = 406 
no slow pages to promote
pages migrated: 0, lfu # items: 1155, lfu sample size: 900000, samples: 900000, node 0 mem 1038208
CBF freq dist: (1) 67, (1-100) 602, (100-1000) 138, (1k-2k) 247, (2k-3k) 151, (3k-5k) 17, (5k-65534) 0, (65k) 0 
CBF freq dist: (1) 61, (1-100) 581, (100-1000) 139, (1k-2k) 242, (2k-3k) 152, (3k-5k) 18, (5k-65534) 0, (65k) 0 
collected one batch of samples. pages to migrate = 409 
no slow pages to promote
pages migrated: 0, lfu # items: 1223, lfu sample size: 1000000, samples: 1000000, node 0 mem 1034504
CBF freq dist: (1) 86, (1-100) 660, (100-1000) 147, (1k-2k) 96, (2k-3k) 295, (3k-5k) 25, (5k-65534) 0, (65k) 0 
CBF freq dist: (1) 79, (1-100) 634, (100-1000) 148, (1k-2k) 93, (2k-3k) 294, (3k-5k) 25, (5k-65534) 1, (65k) 0 
[DEBUG] Halving CBF counters.
collected one batch of samples. pages to migrate = 409 
no slow pages to promote
pages migrated: 0, lfu # items: 1286, lfu sample size: 1100000, samples: 1100000, node 0 mem 1032560
CBF freq dist: (1) 98, (1-100) 702, (100-1000) 168, (1k-2k) 8, (2k-3k) 356, (3k-5k) 51, (5k-65534) 1, (65k) 0 
CBF freq dist: (1) 104, (1-100) 651, (100-1000) 104, (1k-2k) 405, (2k-3k) 2, (3k-5k) 0, (5k-65534) 0, (65k) 0 
collected one batch of samples. pages to migrate = 404 
no slow pages to promote
pages migrated: 0, lfu # items: 1320, lfu sample size: 1200000, samples: 1200000, node 0 mem 1027532
CBF freq dist: (1) 104, (1-100) 730, (100-1000) 174, (1k-2k) 8, (2k-3k) 355, (3k-5k) 52, (5k-65534) 1, (65k) 0 
CBF freq dist: (1) 110, (1-100) 678, (100-1000) 111, (1k-2k) 398, (2k-3k) 8, (3k-5k) 1, (5k-65534) 0, (65k) 0 
collected one batch of samples. pages to migrate = 404 
no slow pages to promote
pages migrated: 0, lfu # items: 1352, lfu sample size: 1300000, samples: 1300000, node 0 mem 1025480
CBF freq dist: (1) 117, (1-100) 753, (100-1000) 183, (1k-2k) 8, (2k-3k) 336, (3k-5k) 71, (5k-65534) 1, (65k) 0 
CBF freq dist: (1) 129, (1-100) 710, (100-1000) 115, (1k-2k) 360, (2k-3k) 46, (3k-5k) 1, (5k-65534) 0, (65k) 0 
Intializing material data...
Intialization complete. Allocated 24985 MB of data.

================================================================================
                                   SIMULATION
================================================================================
Beginning history based simulation...
collected one batch of samples. pages to migrate = 531 
start promoting 49 pages
pages migrated: 49, lfu # items: 6800, lfu sample size: 1400000, samples: 1400000, node 0 mem 921928
CBF freq dist: (1) 3940, (1-100) 6196, (100-1000) 188, (1k-2k) 8, (2k-3k) 79, (3k-5k) 328, (5k-65534) 1, (65k) 0 
CBF freq dist: (1) 784, (1-100) 3277, (100-1000) 127, (1k-2k) 324, (2k-3k) 82, (3k-5k) 1, (5k-65534) 0, (65k) 0 
collected one batch of samples. pages to migrate = 557 
start promoting 50 pages
pages migrated: 99, lfu # items: 11950, lfu sample size: 1500000, samples: 1500000, node 0 mem 819520
CBF freq dist: (1) 2081, (1-100) 11344, (100-1000) 190, (1k-2k) 8, (2k-3k) -1, (3k-5k) 408, (5k-65534) 1, (65k) 0 
CBF freq dist: (1) 261, (1-100) 3548, (100-1000) 128, (1k-2k) 103, (2k-3k) 302, (3k-5k) 2, (5k-65534) 0, (65k) 0 
collected one batch of samples. pages to migrate = 544 
start promoting 7 pages
pages migrated: 106, lfu # items: 12568, lfu sample size: 1600000, samples: 1600000, node 0 mem 804340
CBF freq dist: (1) 592, (1-100) 11955, (100-1000) 197, (1k-2k) 8, (2k-3k) -1, (3k-5k) 407, (5k-65534) 2, (65k) 0 
CBF freq dist: (1) 255, (1-100) 3545, (100-1000) 132, (1k-2k) 39, (2k-3k) 361, (3k-5k) 7, (5k-65534) 0, (65k) 0 
[DEBUG] Halving CBF counters.
collected one batch of samples. pages to migrate = 509 
no slow pages to promote
pages migrated: 106, lfu # items: 12715, lfu sample size: 1700000, samples: 1700000, node 0 mem 805868
CBF freq dist: (1) 450, (1-100) 12101, (100-1000) 197, (1k-2k) 9, (2k-3k) -1, (3k-5k) 404, (5k-65534) 5, (65k) 0 
CBF freq dist: (1) 196, (1-100) 3322, (100-1000) 119, (1k-2k) 383, (2k-3k) 5, (3k-5k) 0, (5k-65534) 0, (65k) 0 
collected one batch of samples. pages to migrate = 506 
no slow pages to promote
pages migrated: 106, lfu # items: 12744, lfu sample size: 1800000, samples: 1800000, node 0 mem 805868
CBF freq dist: (1) 384, (1-100) 12127, (100-1000) 200, (1k-2k) 9, (2k-3k) -1, (3k-5k) 398, (5k-65534) 11, (65k) 0 
CBF freq dist: (1) 193, (1-100) 3319, (100-1000) 122, (1k-2k) 363, (2k-3k) 22, (3k-5k) 3, (5k-65534) 0, (65k) 0 
collected one batch of samples. pages to migrate = 501 
no slow pages to promote
pages migrated: 106, lfu # items: 12770, lfu sample size: 1900000, samples: 1900000, node 0 mem 804468
CBF freq dist: (1) 355, (1-100) 12152, (100-1000) 201, (1k-2k) 9, (2k-3k) -1, (3k-5k) 382, (5k-65534) 27, (65k) 0 
CBF freq dist: (1) 193, (1-100) 3319, (100-1000) 123, (1k-2k) 357, (2k-3k) 24, (3k-5k) 7, (5k-65534) 0, (65k) 0 
collected one batch of samples. pages to migrate = 501 
no slow pages to promote
pages migrated: 106, lfu # items: 12787, lfu sample size: 2000000, samples: 2000000, node 0 mem 805988
CBF freq dist: (1) 350, (1-100) 12168, (100-1000) 198, (1k-2k) 13, (2k-3k) -1, (3k-5k) 365, (5k-65534) 44, (65k) 0 
CBF freq dist: (1) 192, (1-100) 3315, (100-1000) 127, (1k-2k) 337, (2k-3k) 31, (3k-5k) 19, (5k-65534) 1, (65k) 0 
collected one batch of samples. pages to migrate = 501 
no slow pages to promote
pages migrated: 106, lfu # items: 12797, lfu sample size: 2100000, samples: 2100000, node 0 mem 805988
CBF freq dist: (1) 334, (1-100) 12176, (100-1000) 185, (1k-2k) 28, (2k-3k) -1, (3k-5k) 337, (5k-65534) 72, (65k) 0 
CBF freq dist: (1) 192, (1-100) 3312, (100-1000) 130, (1k-2k) 214, (2k-3k) 148, (3k-5k) 23, (5k-65534) 3, (65k) 0 
collected one batch of samples. pages to migrate = 507 
no slow pages to promote
pages migrated: 106, lfu # items: 12808, lfu sample size: 2200000, samples: 2200000, node 0 mem 805988
CBF freq dist: (1) 331, (1-100) 12184, (100-1000) 158, (1k-2k) 58, (2k-3k) -1, (3k-5k) 327, (5k-65534) 82, (65k) 0 
CBF freq dist: (1) 192, (1-100) 3304, (100-1000) 138, (1k-2k) 8, (2k-3k) 350, (3k-5k) 24, (5k-65534) 6, (65k) 0 
[DEBUG] Halving CBF counters.
collected one batch of samples. pages to migrate = 502 
no slow pages to promote
pages migrated: 106, lfu # items: 12811, lfu sample size: 2300000, samples: 2300000, node 0 mem 805988
CBF freq dist: (1) 318, (1-100) 12184, (100-1000) 151, (1k-2k) 68, (2k-3k) -1, (3k-5k) 323, (5k-65534) 86, (65k) 0 
CBF freq dist: (1) 116, (1-100) 3154, (100-1000) 88, (1k-2k) 366, (2k-3k) 24, (3k-5k) 6, (5k-65534) 0, (65k) 0 
collected one batch of samples. pages to migrate = 503 
no slow pages to promote
pages migrated: 106, lfu # items: 12815, lfu sample size: 2400000, samples: 2400000, node 0 mem 805988
CBF freq dist: (1) 308, (1-100) 12184, (100-1000) 152, (1k-2k) 71, (2k-3k) -1, (3k-5k) 312, (5k-65534) 97, (65k) 0 
CBF freq dist: (1) 116, (1-100) 3153, (100-1000) 88, (1k-2k) 365, (2k-3k) 18, (3k-5k) 13, (5k-65534) 1, (65k) 0 
collected one batch of samples. pages to migrate = 501 
no slow pages to promote
pages migrated: 106, lfu # items: 12818, lfu sample size: 2500000, samples: 2500000, node 0 mem 805904
CBF freq dist: (1) 303, (1-100) 12187, (100-1000) 151, (1k-2k) 72, (2k-3k) -1, (3k-5k) 206, (5k-65534) 203, (65k) 0 
CBF freq dist: (1) 116, (1-100) 3151, (100-1000) 90, (1k-2k) 363, (2k-3k) 8, (3k-5k) 24, (5k-65534) 2, (65k) 0 
collected one batch of samples. pages to migrate = 507 
no slow pages to promote
pages migrated: 106, lfu # items: 12822, lfu sample size: 2600000, samples: 2600000, node 0 mem 805904
CBF freq dist: (1) 296, (1-100) 12190, (100-1000) 151, (1k-2k) 73, (2k-3k) -1, (3k-5k) 24, (5k-65534) 385, (65k) 0 
CBF freq dist: (1) 117, (1-100) 3147, (100-1000) 94, (1k-2k) 354, (2k-3k) 15, (3k-5k) 24, (5k-65534) 5, (65k) 0 
collected one batch of samples. pages to migrate = 500 
no slow pages to promote
pages migrated: 106, lfu # items: 12823, lfu sample size: 2700000, samples: 2700000, node 0 mem 805904
CBF freq dist: (1) 289, (1-100) 12191, (100-1000) 150, (1k-2k) 74, (2k-3k) -1, (3k-5k) 9, (5k-65534) 400, (65k) 0 
CBF freq dist: (1) 116, (1-100) 3138, (100-1000) 103, (1k-2k) 154, (2k-3k) 213, (3k-5k) 26, (5k-65534) 5, (65k) 0 
[DEBUG] Halving CBF counters.
collected one batch of samples. pages to migrate = 499 
no slow pages to promote
pages migrated: 106, lfu # items: 12824, lfu sample size: 2800000, samples: 2800000, node 0 mem 805904
CBF freq dist: (1) 281, (1-100) 12191, (100-1000) 149, (1k-2k) 76, (2k-3k) -1, (3k-5k) 9, (5k-65534) 400, (65k) 0 
CBF freq dist: (1) 191, (1-100) 3050, (100-1000) 81, (1k-2k) 366, (2k-3k) 21, (3k-5k) 5, (5k-65534) 0, (65k) 0 
collected one batch of samples. pages to migrate = 500 
no slow pages to promote
pages migrated: 106, lfu # items: 12825, lfu sample size: 2900000, samples: 2900000, node 0 mem 805904
CBF freq dist: (1) 277, (1-100) 12191, (100-1000) 150, (1k-2k) 76, (2k-3k) -1, (3k-5k) 5, (5k-65534) 404, (65k) 0 
CBF freq dist: (1) 191, (1-100) 3050, (100-1000) 78, (1k-2k) 365, (2k-3k) 16, (3k-5k) 13, (5k-65534) 1, (65k) 0 
collected one batch of samples. pages to migrate = 505 
no slow pages to promote
pages migrated: 106, lfu # items: 12825, lfu sample size: 3000000, samples: 3000000, node 0 mem 805904
CBF freq dist: (1) 273, (1-100) 12190, (100-1000) 151, (1k-2k) 76, (2k-3k) -1, (3k-5k) 2, (5k-65534) 407, (65k) 0 
CBF freq dist: (1) 191, (1-100) 3047, (100-1000) 78, (1k-2k) 368, (2k-3k) 8, (3k-5k) 19, (5k-65534) 3, (65k) 0 
collected one batch of samples. pages to migrate = 504 
no slow pages to promote
pages migrated: 106, lfu # items: 12825, lfu sample size: 3100000, samples: 3100000, node 0 mem 805904
CBF freq dist: (1) 270, (1-100) 12189, (100-1000) 152, (1k-2k) 76, (2k-3k) -1, (3k-5k) 1, (5k-65534) 408, (65k) 0 
CBF freq dist: (1) 190, (1-100) 3041, (100-1000) 84, (1k-2k) 365, (2k-3k) 6, (3k-5k) 21, (5k-65534) 6, (65k) 0 
collected one batch of samples. pages to migrate = 509 
no slow pages to promote
pages migrated: 106, lfu # items: 12827, lfu sample size: 3200000, samples: 3200000, node 0 mem 805908
CBF freq dist: (1) 269, (1-100) 12191, (100-1000) 151, (1k-2k) 77, (2k-3k) -1, (3k-5k) 1, (5k-65534) 408, (65k) 0 
CBF freq dist: (1) 190, (1-100) 3020, (100-1000) 104, (1k-2k) 341, (2k-3k) 28, (3k-5k) 24, (5k-65534) 6, (65k) 0 
collected one batch of samples. pages to migrate = 503 
no slow pages to promote
pages migrated: 106, lfu # items: 12827, lfu sample size: 3300000, samples: 3300000, node 0 mem 805904
CBF freq dist: (1) 268, (1-100) 12191, (100-1000) 151, (1k-2k) 77, (2k-3k) -1, (3k-5k) 1, (5k-65534) 408, (65k) 0 
CBF freq dist: (1) 190, (1-100) 2992, (100-1000) 131, (1k-2k) 92, (2k-3k) 278, (3k-5k) 20, (5k-65534) 10, (65k) 0 
[DEBUG] Halving CBF counters.
collected one batch of samples. pages to migrate = 495 
no slow pages to promote
pages migrated: 106, lfu # items: 12827, lfu sample size: 3400000, samples: 3400000, node 0 mem 805904
CBF freq dist: (1) 265, (1-100) 12191, (100-1000) 151, (1k-2k) 75, (2k-3k) 1, (3k-5k) 1, (5k-65534) 408, (65k) 0 
CBF freq dist: (1) -33, (1-100) 2858, (100-1000) 87, (1k-2k) 358, (2k-3k) 22, (3k-5k) 7, (5k-65534) 1, (65k) 0 
collected one batch of samples. pages to migrate = 509 
no slow pages to promote
pages migrated: 106, lfu # items: 12828, lfu sample size: 3500000, samples: 3500000, node 0 mem 805904
CBF freq dist: (1) 265, (1-100) 12192, (100-1000) 151, (1k-2k) 72, (2k-3k) 4, (3k-5k) 1, (5k-65534) 408, (65k) 0 
CBF freq dist: (1) -33, (1-100) 2857, (100-1000) 84, (1k-2k) 362, (2k-3k) 8, (3k-5k) 19, (5k-65534) 3, (65k) 0 
collected one batch of samples. pages to migrate = 504 
no slow pages to promote
pages migrated: 106, lfu # items: 12828, lfu sample size: 3600000, samples: 3600000, node 0 mem 805904
CBF freq dist: (1) 265, (1-100) 12190, (100-1000) 153, (1k-2k) 62, (2k-3k) 14, (3k-5k) 1, (5k-65534) 408, (65k) 0 
CBF freq dist: (1) -33, (1-100) 2850, (100-1000) 89, (1k-2k) 361, (2k-3k) 7, (3k-5k) 20, (5k-65534) 6, (65k) 0 
collected one batch of samples. pages to migrate = 507 
no slow pages to promote
pages migrated: 106, lfu # items: 12830, lfu sample size: 3700000, samples: 3700000, node 0 mem 805904
CBF freq dist: (1) 266, (1-100) 12190, (100-1000) 155, (1k-2k) 33, (2k-3k) 43, (3k-5k) 0, (5k-65534) 409, (65k) 0 
CBF freq dist: (1) -33, (1-100) 2842, (100-1000) 97, (1k-2k) 355, (2k-3k) 10, (3k-5k) 23, (5k-65534) 6, (65k) 0 
collected one batch of samples. pages to migrate = 508 
no slow pages to promote
pages migrated: 106, lfu # items: 12830, lfu sample size: 3800000, samples: 3800000, node 0 mem 805904
CBF freq dist: (1) 265, (1-100) 12190, (100-1000) 155, (1k-2k) 18, (2k-3k) 58, (3k-5k) 0, (5k-65534) 409, (65k) 0 
CBF freq dist: (1) -33, (1-100) 2821, (100-1000) 118, (1k-2k) 278, (2k-3k) 87, (3k-5k) 22, (5k-65534) 7, (65k) 0 
[DEBUG] Halving CBF counters.
collected one batch of samples. pages to migrate = 497 
no slow pages to promote
pages migrated: 106, lfu # items: 12830, lfu sample size: 3900000, samples: 3900000, node 0 mem 805904
CBF freq dist: (1) 265, (1-100) 12190, (100-1000) 155, (1k-2k) 15, (2k-3k) 61, (3k-5k) 0, (5k-65534) 409, (65k) 0 
CBF freq dist: (1) 155, (1-100) 2897, (100-1000) 79, (1k-2k) 361, (2k-3k) 22, (3k-5k) 6, (5k-65534) 1, (65k) 0 
collected one batch of samples. pages to migrate = 501 
no slow pages to promote
pages migrated: 106, lfu # items: 12830, lfu sample size: 4000000, samples: 4000000, node 0 mem 805904
CBF freq dist: (1) 265, (1-100) 12190, (100-1000) 155, (1k-2k) 14, (2k-3k) 62, (3k-5k) 0, (5k-65534) 409, (65k) 0 
CBF freq dist: (1) 155, (1-100) 2897, (100-1000) 73, (1k-2k) 365, (2k-3k) 9, (3k-5k) 20, (5k-65534) 2, (65k) 0 
collected one batch of samples. pages to migrate = 498 
no slow pages to promote
pages migrated: 106, lfu # items: 12830, lfu sample size: 4100000, samples: 4100000, node 0 mem 805904
CBF freq dist: (1) 265, (1-100) 12187, (100-1000) 158, (1k-2k) 12, (2k-3k) 64, (3k-5k) 0, (5k-65534) 409, (65k) 0 
CBF freq dist: (1) 154, (1-100) 2891, (100-1000) 77, (1k-2k) 366, (2k-3k) 7, (3k-5k) 21, (5k-65534) 4, (65k) 0 
collected one batch of samples. pages to migrate = 501 
no slow pages to promote
pages migrated: 106, lfu # items: 12830, lfu sample size: 4200000, samples: 4200000, node 0 mem 805904
CBF freq dist: (1) 264, (1-100) 12183, (100-1000) 162, (1k-2k) 11, (2k-3k) 65, (3k-5k) 0, (5k-65534) 409, (65k) 0 
CBF freq dist: (1) 154, (1-100) 2878, (100-1000) 89, (1k-2k) 362, (2k-3k) 7, (3k-5k) 24, (5k-65534) 6, (65k) 0 
collected one batch of samples. pages to migrate = 503 
no slow pages to promote
pages migrated: 106, lfu # items: 12830, lfu sample size: 4300000, samples: 4300000, node 0 mem 805900
CBF freq dist: (1) 264, (1-100) 12180, (100-1000) 165, (1k-2k) 9, (2k-3k) 67, (3k-5k) 0, (5k-65534) 409, (65k) 0 
CBF freq dist: (1) 154, (1-100) 2855, (100-1000) 112, (1k-2k) 348, (2k-3k) 20, (3k-5k) 24, (5k-65534) 7, (65k) 0 
collected one batch of samples. pages to migrate = 500 
no slow pages to promote
pages migrated: 106, lfu # items: 12830, lfu sample size: 4400000, samples: 4400000, node 0 mem 805900
CBF freq dist: (1) 264, (1-100) 12175, (100-1000) 170, (1k-2k) 9, (2k-3k) 67, (3k-5k) 0, (5k-65534) 409, (65k) 0 
CBF freq dist: (1) 154, (1-100) 2818, (100-1000) 149, (1k-2k) 174, (2k-3k) 194, (3k-5k) 15, (5k-65534) 16, (65k) 0 
[DEBUG] Halving CBF counters.
collected one batch of samples. pages to migrate = 505 
no slow pages to promote
pages migrated: 106, lfu # items: 12830, lfu sample size: 4500000, samples: 4500000, node 0 mem 805900
CBF freq dist: (1) 263, (1-100) 12172, (100-1000) 173, (1k-2k) 9, (2k-3k) 67, (3k-5k) 0, (5k-65534) 409, (65k) 0 
CBF freq dist: (1) -67, (1-100) 2748, (100-1000) 75, (1k-2k) 358, (2k-3k) 15, (3k-5k) 15, (5k-65534) 1, (65k) 0 
collected one batch of samples. pages to migrate = 497 
no slow pages to promote
pages migrated: 106, lfu # items: 12833, lfu sample size: 4600000, samples: 4600000, node 0 mem 805900
CBF freq dist: (1) 263, (1-100) 12172, (100-1000) 176, (1k-2k) 9, (2k-3k) 67, (3k-5k) 0, (5k-65534) 409, (65k) 0 
CBF freq dist: (1) -66, (1-100) 2745, (100-1000) 74, (1k-2k) 363, (2k-3k) 7, (3k-5k) 21, (5k-65534) 3, (65k) 0 
collected one batch of samples. pages to migrate = 501 
no slow pages to promote
pages migrated: 106, lfu # items: 12833, lfu sample size: 4700000, samples: 4700000, node 0 mem 805900
CBF freq dist: (1) 263, (1-100) 12169, (100-1000) 179, (1k-2k) 9, (2k-3k) 67, (3k-5k) 0, (5k-65534) 409, (65k) 0 
CBF freq dist: (1) -66, (1-100) 2740, (100-1000) 77, (1k-2k) 363, (2k-3k) 5, (3k-5k) 22, (5k-65534) 6, (65k) 0 
collected one batch of samples. pages to migrate = 504 
no slow pages to promote
pages migrated: 106, lfu # items: 12834, lfu sample size: 4800000, samples: 4800000, node 0 mem 805900
CBF freq dist: (1) 263, (1-100) 12160, (100-1000) 189, (1k-2k) 9, (2k-3k) 67, (3k-5k) 0, (5k-65534) 409, (65k) 0 
CBF freq dist: (1) -67, (1-100) 2722, (100-1000) 95, (1k-2k) 358, (2k-3k) 8, (3k-5k) 24, (5k-65534) 6, (65k) 0 
collected one batch of samples. pages to migrate = 497 
no slow pages to promote
pages migrated: 106, lfu # items: 12835, lfu sample size: 4900000, samples: 4900000, node 0 mem 805900
CBF freq dist: (1) 264, (1-100) 12153, (100-1000) 197, (1k-2k) 9, (2k-3k) 67, (3k-5k) 0, (5k-65534) 409, (65k) 0 
CBF freq dist: (1) -67, (1-100) 2684, (100-1000) 133, (1k-2k) 317, (2k-3k) 48, (3k-5k) 20, (5k-65534) 11, (65k) 0 
[DEBUG] Number of hot pages promoted in 50 batches = 106 
[DEBUG] Halving CBF counters.
collected one batch of samples. pages to migrate = 502 
no slow pages to promote
pages migrated: 106, lfu # items: 12836, lfu sample size: 5000000, samples: 5000000, node 0 mem 805900
CBF freq dist: (1) 265, (1-100) 12142, (100-1000) 209, (1k-2k) 9, (2k-3k) 63, (3k-5k) 4, (5k-65534) 409, (65k) 0 
CBF freq dist: (1) -7, (1-100) 2815, (100-1000) 86, (1k-2k) 349, (2k-3k) 22, (3k-5k) 7, (5k-65534) 1, (65k) 0 
collected one batch of samples. pages to migrate = 502 
no slow pages to promote
pages migrated: 106, lfu # items: 12841, lfu sample size: 5100000, samples: 5100000, node 0 mem 805900
CBF freq dist: (1) 265, (1-100) 12123, (100-1000) 233, (1k-2k) 9, (2k-3k) 49, (3k-5k) 18, (5k-65534) 409, (65k) 0 
CBF freq dist: (1) -7, (1-100) 2811, (100-1000) 77, (1k-2k) 361, (2k-3k) 10, (3k-5k) 18, (5k-65534) 3, (65k) 0 
collected one batch of samples. pages to migrate = 498 
no slow pages to promote
pages migrated: 106, lfu # items: 12842, lfu sample size: 5200000, samples: 5200000, node 0 mem 805900
CBF freq dist: (1) 265, (1-100) 12088, (100-1000) 269, (1k-2k) 9, (2k-3k) 31, (3k-5k) 36, (5k-65534) 409, (65k) 0 
CBF freq dist: (1) -7, (1-100) 2804, (100-1000) 80, (1k-2k) 365, (2k-3k) 7, (3k-5k) 18, (5k-65534) 6, (65k) 0 
collected one batch of samples. pages to migrate = 495 
no slow pages to promote
pages migrated: 106, lfu # items: 12842, lfu sample size: 5300000, samples: 5300000, node 0 mem 805896
CBF freq dist: (1) 265, (1-100) 12042, (100-1000) 315, (1k-2k) 8, (2k-3k) 16, (3k-5k) 52, (5k-65534) 409, (65k) 0 
CBF freq dist: (1) -7, (1-100) 2787, (100-1000) 95, (1k-2k) 362, (2k-3k) 6, (3k-5k) 24, (5k-65534) 6, (65k) 0 
collected one batch of samples. pages to migrate = 504 
no slow pages to promote
pages migrated: 106, lfu # items: 12842, lfu sample size: 5400000, samples: 5400000, node 0 mem 805896
CBF freq dist: (1) 264, (1-100) 12001, (100-1000) 356, (1k-2k) 8, (2k-3k) 7, (3k-5k) 61, (5k-65534) 409, (65k) 0 
CBF freq dist: (1) -7, (1-100) 2757, (100-1000) 125, (1k-2k) 351, (2k-3k) 16, (3k-5k) 23, (5k-65534) 8, (65k) 0 
collected one batch of samples. pages to migrate = 514 
start promoting 2 pages
pages migrated: 108, lfu # items: 12842, lfu sample size: 5500000, samples: 5500000, node 0 mem 801080
CBF freq dist: (1) 264, (1-100) 11941, (100-1000) 416, (1k-2k) 8, (2k-3k) 6, (3k-5k) 62, (5k-65534) 409, (65k) 0 
CBF freq dist: (1) -7, (1-100) 2721, (100-1000) 161, (1k-2k) 183, (2k-3k) 184, (3k-5k) 13, (5k-65534) 18, (65k) 0 
[DEBUG] Halving CBF counters.
collected one batch of samples. pages to migrate = 498 
no slow pages to promote
pages migrated: 108, lfu # items: 12846, lfu sample size: 5600000, samples: 5600000, node 0 mem 801804
CBF freq dist: (1) 264, (1-100) 11886, (100-1000) 475, (1k-2k) 8, (2k-3k) 4, (3k-5k) 64, (5k-65534) 409, (65k) 0 
CBF freq dist: (1) -1, (1-100) 2818, (100-1000) 78, (1k-2k) 363, (2k-3k) 10, (3k-5k) 17, (5k-65534) 1, (65k) 0 
collected one batch of samples. pages to migrate = 500 
no slow pages to promote
pages migrated: 108, lfu # items: 12846, lfu sample size: 5700000, samples: 5700000, node 0 mem 801804
CBF freq dist: (1) 264, (1-100) 11825, (100-1000) 536, (1k-2k) 8, (2k-3k) 2, (3k-5k) 66, (5k-65534) 409, (65k) 0 
CBF freq dist: (1) -1, (1-100) 2816, (100-1000) 75, (1k-2k) 368, (2k-3k) 5, (3k-5k) 20, (5k-65534) 3, (65k) 0 
collected one batch of samples. pages to migrate = 498 
no slow pages to promote
pages migrated: 108, lfu # items: 12846, lfu sample size: 5800000, samples: 5800000, node 0 mem 801804
CBF freq dist: (1) 264, (1-100) 11770, (100-1000) 591, (1k-2k) 8, (2k-3k) 1, (3k-5k) 67, (5k-65534) 409, (65k) 0 
CBF freq dist: (1) 0, (1-100) 2813, (100-1000) 77, (1k-2k) 367, (2k-3k) 3, (3k-5k) 22, (5k-65534) 6, (65k) 0 
collected one batch of samples. pages to migrate = 498 
no slow pages to promote
pages migrated: 108, lfu # items: 12846, lfu sample size: 5900000, samples: 5900000, node 0 mem 801804
CBF freq dist: (1) 264, (1-100) 11711, (100-1000) 650, (1k-2k) 8, (2k-3k) 0, (3k-5k) 68, (5k-65534) 409, (65k) 0 
CBF freq dist: (1) 1, (1-100) 2793, (100-1000) 98, (1k-2k) 360, (2k-3k) 7, (3k-5k) 25, (5k-65534) 6, (65k) 0 
collected one batch of samples. pages to migrate = 498 
no slow pages to promote
pages migrated: 108, lfu # items: 12860, lfu sample size: 6000000, samples: 6000000, node 0 mem 801804
CBF freq dist: (1) 269, (1-100) 11671, (100-1000) 704, (1k-2k) 8, (2k-3k) 0, (3k-5k) 68, (5k-65534) 409, (65k) 0 
CBF freq dist: (1) 2, (1-100) 2762, (100-1000) 130, (1k-2k) 316, (2k-3k) 51, (3k-5k) 21, (5k-65534) 10, (65k) 0 
[DEBUG] Halving CBF counters.
collected one batch of samples. pages to migrate = 500 
no slow pages to promote
pages migrated: 108, lfu # items: 12873, lfu sample size: 6100000, samples: 6100000, node 0 mem 801804
CBF freq dist: (1) 271, (1-100) 11651, (100-1000) 737, (1k-2k) 8, (2k-3k) 0, (3k-5k) 68, (5k-65534) 409, (65k) 0 
CBF freq dist: (1) 47, (1-100) 2829, (100-1000) 84, (1k-2k) 345, (2k-3k) 21, (3k-5k) 9, (5k-65534) 0, (65k) 0 
collected one batch of samples. pages to migrate = 502 
no slow pages to promote
pages migrated: 108, lfu # items: 12874, lfu sample size: 6200000, samples: 6200000, node 0 mem 802020
CBF freq dist: (1) 271, (1-100) 11631, (100-1000) 758, (1k-2k) 8, (2k-3k) 0, (3k-5k) 68, (5k-65534) 409, (65k) 0 
CBF freq dist: (1) 47, (1-100) 2826, (100-1000) 71, (1k-2k) 360, (2k-3k) 9, (3k-5k) 19, (5k-65534) 3, (65k) 0 
collected one batch of samples. pages to migrate = 503 
no slow pages to promote
pages migrated: 108, lfu # items: 12874, lfu sample size: 6300000, samples: 6300000, node 0 mem 802020
CBF freq dist: (1) 271, (1-100) 11610, (100-1000) 779, (1k-2k) 8, (2k-3k) 0, (3k-5k) 68, (5k-65534) 409, (65k) 0 
CBF freq dist: (1) 48, (1-100) 2821, (100-1000) 75, (1k-2k) 362, (2k-3k) 7, (3k-5k) 18, (5k-65534) 6, (65k) 0 
collected one batch of samples. pages to migrate = 501 
no slow pages to promote
pages migrated: 108, lfu # items: 12874, lfu sample size: 6400000, samples: 6400000, node 0 mem 802020
CBF freq dist: (1) 271, (1-100) 11596, (100-1000) 793, (1k-2k) 8, (2k-3k) 0, (3k-5k) 68, (5k-65534) 409, (65k) 0 
CBF freq dist: (1) 47, (1-100) 2807, (100-1000) 88, (1k-2k) 357, (2k-3k) 7, (3k-5k) 24, (5k-65534) 6, (65k) 0 
collected one batch of samples. pages to migrate = 505 
no slow pages to promote
pages migrated: 108, lfu # items: 12874, lfu sample size: 6500000, samples: 6500000, node 0 mem 802020
CBF freq dist: (1) 271, (1-100) 11578, (100-1000) 811, (1k-2k) 8, (2k-3k) 0, (3k-5k) 68, (5k-65534) 409, (65k) 0 
CBF freq dist: (1) 47, (1-100) 2781, (100-1000) 114, (1k-2k) 345, (2k-3k) 18, (3k-5k) 24, (5k-65534) 7, (65k) 0 
collected one batch of samples. pages to migrate = 504 
no slow pages to promote
pages migrated: 108, lfu # items: 12874, lfu sample size: 6600000, samples: 6600000, node 0 mem 802020
CBF freq dist: (1) 271, (1-100) 11567, (100-1000) 822, (1k-2k) 8, (2k-3k) 0, (3k-5k) 68, (5k-65534) 409, (65k) 0 
CBF freq dist: (1) 47, (1-100) 2740, (100-1000) 155, (1k-2k) 172, (2k-3k) 191, (3k-5k) 14, (5k-65534) 17, (65k) 0 
[DEBUG] Halving CBF counters.
collected one batch of samples. pages to migrate = 510 
no slow pages to promote
pages migrated: 108, lfu # items: 12874, lfu sample size: 6700000, samples: 6700000, node 0 mem 802020
CBF freq dist: (1) 271, (1-100) 11558, (100-1000) 831, (1k-2k) 8, (2k-3k) 0, (3k-5k) 68, (5k-65534) 409, (65k) 0 
CBF freq dist: (1) -38, (1-100) 2775, (100-1000) 77, (1k-2k) 358, (2k-3k) 14, (3k-5k) 16, (5k-65534) 2, (65k) 0 
collected one batch of samples. pages to migrate = 508 
no slow pages to promote
pages migrated: 108, lfu # items: 12874, lfu sample size: 6800000, samples: 6800000, node 0 mem 801800
CBF freq dist: (1) 271, (1-100) 11554, (100-1000) 835, (1k-2k) 8, (2k-3k) 0, (3k-5k) 68, (5k-65534) 409, (65k) 0 
CBF freq dist: (1) -38, (1-100) 2773, (100-1000) 73, (1k-2k) 364, (2k-3k) 8, (3k-5k) 21, (5k-65534) 3, (65k) 0 
collected one batch of samples. pages to migrate = 506 
no slow pages to promote
pages migrated: 108, lfu # items: 12874, lfu sample size: 6900000, samples: 6900000, node 0 mem 801800
CBF freq dist: (1) 271, (1-100) 11550, (100-1000) 839, (1k-2k) 8, (2k-3k) 0, (3k-5k) 68, (5k-65534) 409, (65k) 0 
CBF freq dist: (1) -38, (1-100) 2763, (100-1000) 82, (1k-2k) 362, (2k-3k) 7, (3k-5k) 22, (5k-65534) 6, (65k) 0 
collected one batch of samples. pages to migrate = 500 
no slow pages to promote
pages migrated: 108, lfu # items: 12874, lfu sample size: 7000000, samples: 7000000, node 0 mem 801800
CBF freq dist: (1) 271, (1-100) 11546, (100-1000) 843, (1k-2k) 8, (2k-3k) 0, (3k-5k) 68, (5k-65534) 409, (65k) 0 
CBF freq dist: (1) -38, (1-100) 2748, (100-1000) 97, (1k-2k) 356, (2k-3k) 10, (3k-5k) 25, (5k-65534) 6, (65k) 0 
collected one batch of samples. pages to migrate = 498 
no slow pages to promote
pages migrated: 108, lfu # items: 12874, lfu sample size: 7100000, samples: 7100000, node 0 mem 801800
CBF freq dist: (1) 271, (1-100) 11544, (100-1000) 845, (1k-2k) 8, (2k-3k) 0, (3k-5k) 68, (5k-65534) 409, (65k) 0 
CBF freq dist: (1) -39, (1-100) 2723, (100-1000) 122, (1k-2k) 317, (2k-3k) 49, (3k-5k) 20, (5k-65534) 11, (65k) 0 
[DEBUG] Halving CBF counters.
collected one batch of samples. pages to migrate = 494 
no slow pages to promote
pages migrated: 108, lfu # items: 12874, lfu sample size: 7200000, samples: 7200000, node 0 mem 801580
CBF freq dist: (1) 271, (1-100) 11540, (100-1000) 849, (1k-2k) 8, (2k-3k) 0, (3k-5k) 68, (5k-65534) 409, (65k) 0 
CBF freq dist: (1) 23, (1-100) 2815, (100-1000) 88, (1k-2k) 347, (2k-3k) 22, (3k-5k) 9, (5k-65534) 0, (65k) 0 
collected one batch of samples. pages to migrate = 511 
no slow pages to promote
pages migrated: 108, lfu # items: 12874, lfu sample size: 7300000, samples: 7300000, node 0 mem 801580
CBF freq dist: (1) 271, (1-100) 11535, (100-1000) 854, (1k-2k) 8, (2k-3k) 0, (3k-5k) 68, (5k-65534) 409, (65k) 0 
CBF freq dist: (1) 23, (1-100) 2814, (100-1000) 73, (1k-2k) 361, (2k-3k) 13, (3k-5k) 17, (5k-65534) 3, (65k) 0 
collected one batch of samples. pages to migrate = 499 
no slow pages to promote
pages migrated: 108, lfu # items: 12874, lfu sample size: 7400000, samples: 7400000, node 0 mem 801580
CBF freq dist: (1) 271, (1-100) 11527, (100-1000) 862, (1k-2k) 8, (2k-3k) 0, (3k-5k) 68, (5k-65534) 409, (65k) 0 
CBF freq dist: (1) 23, (1-100) 2809, (100-1000) 75, (1k-2k) 364, (2k-3k) 6, (3k-5k) 21, (5k-65534) 6, (65k) 0 
collected one batch of samples. pages to migrate = 500 
no slow pages to promote
pages migrated: 108, lfu # items: 12875, lfu sample size: 7500000, samples: 7500000, node 0 mem 801796
CBF freq dist: (1) 271, (1-100) 11519, (100-1000) 871, (1k-2k) 8, (2k-3k) -1, (3k-5k) 69, (5k-65534) 409, (65k) 0 
CBF freq dist: (1) 23, (1-100) 2800, (100-1000) 83, (1k-2k) 358, (2k-3k) 10, (3k-5k) 24, (5k-65534) 6, (65k) 0 
collected one batch of samples. pages to migrate = 501 
no slow pages to promote
pages migrated: 108, lfu # items: 12875, lfu sample size: 7600000, samples: 7600000, node 0 mem 801796
CBF freq dist: (1) 271, (1-100) 11509, (100-1000) 881, (1k-2k) 8, (2k-3k) -1, (3k-5k) 69, (5k-65534) 409, (65k) 0 
CBF freq dist: (1) 23, (1-100) 2784, (100-1000) 99, (1k-2k) 349, (2k-3k) 18, (3k-5k) 24, (5k-65534) 7, (65k) 0 
collected one batch of samples. pages to migrate = 507 
no slow pages to promote
pages migrated: 108, lfu # items: 12875, lfu sample size: 7700000, samples: 7700000, node 0 mem 801796
CBF freq dist: (1) 271, (1-100) 11491, (100-1000) 899, (1k-2k) 8, (2k-3k) -1, (3k-5k) 69, (5k-65534) 409, (65k) 0 
CBF freq dist: (1) 23, (1-100) 2743, (100-1000) 140, (1k-2k) 169, (2k-3k) 198, (3k-5k) 13, (5k-65534) 18, (65k) 0 
[DEBUG] Halving CBF counters.
collected one batch of samples. pages to migrate = 504 
no slow pages to promote
pages migrated: 108, lfu # items: 12875, lfu sample size: 7800000, samples: 7800000, node 0 mem 801796
CBF freq dist: (1) 271, (1-100) 11461, (100-1000) 929, (1k-2k) 8, (2k-3k) -1, (3k-5k) 69, (5k-65534) 409, (65k) 0 
CBF freq dist: (1) 19, (1-100) 2793, (100-1000) 77, (1k-2k) 357, (2k-3k) 14, (3k-5k) 16, (5k-65534) 1, (65k) 0 
collected one batch of samples. pages to migrate = 499 
no slow pages to promote
pages migrated: 108, lfu # items: 12875, lfu sample size: 7900000, samples: 7900000, node 0 mem 801796
CBF freq dist: (1) 271, (1-100) 11423, (100-1000) 967, (1k-2k) 8, (2k-3k) -1, (3k-5k) 67, (5k-65534) 411, (65k) 0 
CBF freq dist: (1) 19, (1-100) 2792, (100-1000) 74, (1k-2k) 361, (2k-3k) 7, (3k-5k) 20, (5k-65534) 4, (65k) 0 
collected one batch of samples. pages to migrate = 505 
no slow pages to promote
pages migrated: 108, lfu # items: 12875, lfu sample size: 8000000, samples: 8000000, node 0 mem 801796
CBF freq dist: (1) 271, (1-100) 11375, (100-1000) 1015, (1k-2k) 8, (2k-3k) -1, (3k-5k) 65, (5k-65534) 413, (65k) 0 
CBF freq dist: (1) 19, (1-100) 2779, (100-1000) 84, (1k-2k) 361, (2k-3k) 6, (3k-5k) 22, (5k-65534) 6, (65k) 0 
collected one batch of samples. pages to migrate = 501 
no slow pages to promote
pages migrated: 108, lfu # items: 12875, lfu sample size: 8100000, samples: 8100000, node 0 mem 801796
CBF freq dist: (1) 271, (1-100) 11330, (100-1000) 1060, (1k-2k) 8, (2k-3k) -1, (3k-5k) 60, (5k-65534) 418, (65k) 0 
CBF freq dist: (1) 19, (1-100) 2760, (100-1000) 103, (1k-2k) 356, (2k-3k) 7, (3k-5k) 26, (5k-65534) 6, (65k) 0 
collected one batch of samples. pages to migrate = 499 
no slow pages to promote
pages migrated: 108, lfu # items: 12875, lfu sample size: 8200000, samples: 8200000, node 0 mem 801792
CBF freq dist: (1) 271, (1-100) 11263, (100-1000) 1127, (1k-2k) 7, (2k-3k) 0, (3k-5k) 44, (5k-65534) 433, (65k) 1 
CBF freq dist: (1) 19, (1-100) 2738, (100-1000) 125, (1k-2k) 301, (2k-3k) 62, (3k-5k) 22, (5k-65534) 10, (65k) 0 
[DEBUG] Halving CBF counters.
collected one batch of samples. pages to migrate = 499 
no slow pages to promote
pages migrated: 108, lfu # items: 12875, lfu sample size: 8300000, samples: 8300000, node 0 mem 801792
CBF freq dist: (1) 271, (1-100) 11199, (100-1000) 1191, (1k-2k) 7, (2k-3k) 0, (3k-5k) 27, (5k-65534) 450, (65k) 1 
CBF freq dist: (1) 3, (1-100) 2782, (100-1000) 89, (1k-2k) 336, (2k-3k) 23, (3k-5k) 9, (5k-65534) 0, (65k) 0 
collected one batch of samples. pages to migrate = 494 
no slow pages to promote
pages migrated: 108, lfu # items: 12875, lfu sample size: 8400000, samples: 8400000, node 0 mem 801792
CBF freq dist: (1) 271, (1-100) 11126, (100-1000) 1264, (1k-2k) 7, (2k-3k) 0, (3k-5k) 18, (5k-65534) 459, (65k) 1 
CBF freq dist: (1) 3, (1-100) 2781, (100-1000) 74, (1k-2k) 351, (2k-3k) 12, (3k-5k) 18, (5k-65534) 3, (65k) 0 
collected one batch of samples. pages to migrate = 500 
no slow pages to promote
pages migrated: 108, lfu # items: 12875, lfu sample size: 8500000, samples: 8500000, node 0 mem 801792
CBF freq dist: (1) 270, (1-100) 11002, (100-1000) 1388, (1k-2k) 7, (2k-3k) 0, (3k-5k) 9, (5k-65534) 468, (65k) 1 
CBF freq dist: (1) 3, (1-100) 2777, (100-1000) 75, (1k-2k) 353, (2k-3k) 9, (3k-5k) 19, (5k-65534) 6, (65k) 0 
collected one batch of samples. pages to migrate = 501 
no slow pages to promote
pages migrated: 108, lfu # items: 12883, lfu sample size: 8600000, samples: 8600000, node 0 mem 801792
CBF freq dist: (1) 274, (1-100) 10864, (100-1000) 1534, (1k-2k) 7, (2k-3k) 0, (3k-5k) 8, (5k-65534) 469, (65k) 1 
CBF freq dist: (1) 3, (1-100) 2764, (100-1000) 86, (1k-2k) 350, (2k-3k) 8, (3k-5k) 25, (5k-65534) 6, (65k) 0 
collected one batch of samples. pages to migrate = 506 
no slow pages to promote
pages migrated: 108, lfu # items: 12883, lfu sample size: 8700000, samples: 8700000, node 0 mem 801792
CBF freq dist: (1) 274, (1-100) 10693, (100-1000) 1705, (1k-2k) 7, (2k-3k) 0, (3k-5k) 5, (5k-65534) 472, (65k) 1 
CBF freq dist: (1) 4, (1-100) 2737, (100-1000) 115, (1k-2k) 335, (2k-3k) 22, (3k-5k) 25, (5k-65534) 7, (65k) 0 
collected one batch of samples. pages to migrate = 507 
start promoting 1 pages
pages migrated: 109, lfu # items: 12883, lfu sample size: 8800000, samples: 8800000, node 0 mem 799892
CBF freq dist: (1) 274, (1-100) 10485, (100-1000) 1913, (1k-2k) 7, (2k-3k) 0, (3k-5k) 3, (5k-65534) 474, (65k) 1 
CBF freq dist: (1) 4, (1-100) 2701, (100-1000) 151, (1k-2k) 164, (2k-3k) 193, (3k-5k) 15, (5k-65534) 17, (65k) 0 
[DEBUG] Halving CBF counters.
collected one batch of samples. pages to migrate = 497 
no slow pages to promote
pages migrated: 109, lfu # items: 12883, lfu sample size: 8900000, samples: 8900000, node 0 mem 799744
CBF freq dist: (1) 274, (1-100) 10264, (100-1000) 2134, (1k-2k) 7, (2k-3k) 0, (3k-5k) 2, (5k-65534) 475, (65k) 1 
CBF freq dist: (1) -40, (1-100) 2775, (100-1000) 69, (1k-2k) 362, (2k-3k) 15, (3k-5k) 15, (5k-65534) 1, (65k) 0 
collected one batch of samples. pages to migrate = 502 
no slow pages to promote
pages migrated: 109, lfu # items: 12883, lfu sample size: 9000000, samples: 9000000, node 0 mem 799744
CBF freq dist: (1) 274, (1-100) 9982, (100-1000) 2416, (1k-2k) 7, (2k-3k) 0, (3k-5k) 2, (5k-65534) 475, (65k) 1 
CBF freq dist: (1) -39, (1-100) 2772, (100-1000) 69, (1k-2k) 366, (2k-3k) 9, (3k-5k) 18, (5k-65534) 4, (65k) 0 
collected one batch of samples. pages to migrate = 503 
no slow pages to promote
pages migrated: 109, lfu # items: 12883, lfu sample size: 9100000, samples: 9100000, node 0 mem 799744
CBF freq dist: (1) 274, (1-100) 9657, (100-1000) 2741, (1k-2k) 7, (2k-3k) 0, (3k-5k) 2, (5k-65534) 475, (65k) 1 
CBF freq dist: (1) -40, (1-100) 2763, (100-1000) 75, (1k-2k) 366, (2k-3k) 5, (3k-5k) 23, (5k-65534) 6, (65k) 0 
collected one batch of samples. pages to migrate = 500 
no slow pages to promote
pages migrated: 109, lfu # items: 12883, lfu sample size: 9200000, samples: 9200000, node 0 mem 799744
CBF freq dist: (1) 274, (1-100) 9334, (100-1000) 3064, (1k-2k) 7, (2k-3k) 0, (3k-5k) 2, (5k-65534) 475, (65k) 1 
CBF freq dist: (1) -40, (1-100) 2746, (100-1000) 92, (1k-2k) 361, (2k-3k) 7, (3k-5k) 26, (5k-65534) 6, (65k) 0 
collected one batch of samples. pages to migrate = 501 
no slow pages to promote
pages migrated: 109, lfu # items: 12883, lfu sample size: 9300000, samples: 9300000, node 0 mem 799744
CBF freq dist: (1) 274, (1-100) 8957, (100-1000) 3441, (1k-2k) 7, (2k-3k) 0, (3k-5k) 2, (5k-65534) 475, (65k) 1 
CBF freq dist: (1) -40, (1-100) 2704, (100-1000) 134, (1k-2k) 317, (2k-3k) 51, (3k-5k) 22, (5k-65534) 10, (65k) 0 
[DEBUG] Halving CBF counters.
collected one batch of samples. pages to migrate = 506 
no slow pages to promote
pages migrated: 109, lfu # items: 12883, lfu sample size: 9400000, samples: 9400000, node 0 mem 799744
CBF freq dist: (1) 274, (1-100) 8604, (100-1000) 3794, (1k-2k) 7, (2k-3k) 0, (3k-5k) 2, (5k-65534) 475, (65k) 1 
CBF freq dist: (1) 19, (1-100) 2814, (100-1000) 94, (1k-2k) 340, (2k-3k) 22, (3k-5k) 8, (5k-65534) 0, (65k) 0 
collected one batch of samples. pages to migrate = 498 
no slow pages to promote
pages migrated: 109, lfu # items: 12883, lfu sample size: 9500000, samples: 9500000, node 0 mem 799744
CBF freq dist: (1) 274, (1-100) 8181, (100-1000) 4217, (1k-2k) 7, (2k-3k) 0, (3k-5k) 1, (5k-65534) 476, (65k) 1 
CBF freq dist: (1) 18, (1-100) 2814, (100-1000) 72, (1k-2k) 363, (2k-3k) 10, (3k-5k) 17, (5k-65534) 3, (65k) 0 
collected one batch of samples. pages to migrate = 503 
no slow pages to promote
pages migrated: 109, lfu # items: 12883, lfu sample size: 9600000, samples: 9600000, node 0 mem 799740
CBF freq dist: (1) 274, (1-100) 7793, (100-1000) 4605, (1k-2k) 7, (2k-3k) 0, (3k-5k) 1, (5k-65534) 476, (65k) 1 
CBF freq dist: (1) 18, (1-100) 2810, (100-1000) 72, (1k-2k) 365, (2k-3k) 7, (3k-5k) 19, (5k-65534) 6, (65k) 0 
collected one batch of samples. pages to migrate = 500 
no slow pages to promote
pages migrated: 109, lfu # items: 12883, lfu sample size: 9700000, samples: 9700000, node 0 mem 799740
CBF freq dist: (1) 273, (1-100) 7317, (100-1000) 5081, (1k-2k) 7, (2k-3k) 0, (3k-5k) 1, (5k-65534) 476, (65k) 1 
CBF freq dist: (1) 18, (1-100) 2792, (100-1000) 89, (1k-2k) 363, (2k-3k) 5, (3k-5k) 24, (5k-65534) 6, (65k) 0 
collected one batch of samples. pages to migrate = 497 
no slow pages to promote
pages migrated: 109, lfu # items: 12883, lfu sample size: 9800000, samples: 9800000, node 0 mem 799740
CBF freq dist: (1) 273, (1-100) 6947, (100-1000) 5451, (1k-2k) 7, (2k-3k) 0, (3k-5k) 1, (5k-65534) 475, (65k) 2 
CBF freq dist: (1) 18, (1-100) 2770, (100-1000) 111, (1k-2k) 348, (2k-3k) 20, (3k-5k) 22, (5k-65534) 8, (65k) 0 
collected one batch of samples. pages to migrate = 503 
no slow pages to promote
pages migrated: 109, lfu # items: 12883, lfu sample size: 9900000, samples: 9900000, node 0 mem 799740
CBF freq dist: (1) 273, (1-100) 6509, (100-1000) 5889, (1k-2k) 7, (2k-3k) 0, (3k-5k) 1, (5k-65534) 475, (65k) 2 
CBF freq dist: (1) 18, (1-100) 2722, (100-1000) 159, (1k-2k) 175, (2k-3k) 193, (3k-5k) 15, (5k-65534) 15, (65k) 0 
[DEBUG] Number of hot pages promoted in 50 batches = 3 
[DEBUG] Halving CBF counters.
collected one batch of samples. pages to migrate = 501 
no slow pages to promote
pages migrated: 109, lfu # items: 12883, lfu sample size: 10000000, samples: 10000000, node 0 mem 799740
CBF freq dist: (1) 273, (1-100) 6081, (100-1000) 6317, (1k-2k) 6, (2k-3k) 1, (3k-5k) 1, (5k-65534) 475, (65k) 2 
CBF freq dist: (1) 28, (1-100) 2799, (100-1000) 74, (1k-2k) 357, (2k-3k) 18, (3k-5k) 11, (5k-65534) 2, (65k) 0 
collected one batch of samples. pages to migrate = 498 
no slow pages to promote
pages migrated: 109, lfu # items: 12883, lfu sample size: 10100000, samples: 10100000, node 0 mem 799740
CBF freq dist: (1) 273, (1-100) 5648, (100-1000) 6750, (1k-2k) 6, (2k-3k) 1, (3k-5k) 1, (5k-65534) 475, (65k) 2 
CBF freq dist: (1) 28, (1-100) 2794, (100-1000) 76, (1k-2k) 360, (2k-3k) 8, (3k-5k) 20, (5k-65534) 3, (65k) 0 
collected one batch of samples. pages to migrate = 497 
no slow pages to promote
pages migrated: 109, lfu # items: 12883, lfu sample size: 10200000, samples: 10200000, node 0 mem 799724
CBF freq dist: (1) 273, (1-100) 5299, (100-1000) 7099, (1k-2k) 6, (2k-3k) 1, (3k-5k) 1, (5k-65534) 475, (65k) 2 
CBF freq dist: (1) 28, (1-100) 2790, (100-1000) 77, (1k-2k) 360, (2k-3k) 8, (3k-5k) 20, (5k-65534) 6, (65k) 0 
collected one batch of samples. pages to migrate = 505 
no slow pages to promote
pages migrated: 109, lfu # items: 12888, lfu sample size: 10300000, samples: 10300000, node 0 mem 799724
CBF freq dist: (1) 274, (1-100) 4898, (100-1000) 7505, (1k-2k) 6, (2k-3k) 1, (3k-5k) 1, (5k-65534) 475, (65k) 2 
CBF freq dist: (1) 29, (1-100) 2776, (100-1000) 92, (1k-2k) 351, (2k-3k) 13, (3k-5k) 24, (5k-65534) 6, (65k) 0 
collected one batch of samples. pages to migrate = 503 
no slow pages to promote
pages migrated: 109, lfu # items: 12888, lfu sample size: 10400000, samples: 10400000, node 0 mem 799724
CBF freq dist: (1) 274, (1-100) 4482, (100-1000) 7919, (1k-2k) 8, (2k-3k) 1, (3k-5k) 1, (5k-65534) 475, (65k) 2 
CBF freq dist: (1) 28, (1-100) 2739, (100-1000) 129, (1k-2k) 306, (2k-3k) 58, (3k-5k) 21, (5k-65534) 9, (65k) 0 
[DEBUG] Halving CBF counters.
collected one batch of samples. pages to migrate = 498 
no slow pages to promote
pages migrated: 109, lfu # items: 12888, lfu sample size: 10500000, samples: 10500000, node 0 mem 799724
CBF freq dist: (1) 274, (1-100) 4133, (100-1000) 8268, (1k-2k) 8, (2k-3k) 1, (3k-5k) 1, (5k-65534) 475, (65k) 2 
CBF freq dist: (1) 9, (1-100) 2776, (100-1000) 82, (1k-2k) 344, (2k-3k) 25, (3k-5k) 6, (5k-65534) 1, (65k) 0 
collected one batch of samples. pages to migrate = 505 
no slow pages to promote
pages migrated: 109, lfu # items: 12888, lfu sample size: 10600000, samples: 10600000, node 0 mem 799724
CBF freq dist: (1) 274, (1-100) 3789, (100-1000) 8612, (1k-2k) 8, (2k-3k) 1, (3k-5k) 1, (5k-65534) 474, (65k) 3 
CBF freq dist: (1) 9, (1-100) 2772, (100-1000) 69, (1k-2k) 360, (2k-3k) 10, (3k-5k) 21, (5k-65534) 2, (65k) 0 
collected one batch of samples. pages to migrate = 505 
no slow pages to promote
pages migrated: 109, lfu # items: 12888, lfu sample size: 10700000, samples: 10700000, node 0 mem 799724
CBF freq dist: (1) 274, (1-100) 3466, (100-1000) 8935, (1k-2k) 8, (2k-3k) 1, (3k-5k) 1, (5k-65534) 474, (65k) 3 
CBF freq dist: (1) 9, (1-100) 2765, (100-1000) 72, (1k-2k) 363, (2k-3k) 9, (3k-5k) 20, (5k-65534) 5, (65k) 0 
collected one batch of samples. pages to migrate = 504 
no slow pages to promote
pages migrated: 109, lfu # items: 12888, lfu sample size: 10800000, samples: 10800000, node 0 mem 799724
CBF freq dist: (1) 274, (1-100) 3148, (100-1000) 9253, (1k-2k) 8, (2k-3k) 1, (3k-5k) 1, (5k-65534) 474, (65k) 3 
CBF freq dist: (1) 9, (1-100) 2754, (100-1000) 82, (1k-2k) 361, (2k-3k) 7, (3k-5k) 24, (5k-65534) 6, (65k) 0 
collected one batch of samples. pages to migrate = 508 
no slow pages to promote
pages migrated: 109, lfu # items: 12888, lfu sample size: 10900000, samples: 10900000, node 0 mem 799724
CBF freq dist: (1) 274, (1-100) 2908, (100-1000) 9493, (1k-2k) 8, (2k-3k) 1, (3k-5k) 1, (5k-65534) 474, (65k) 3 
CBF freq dist: (1) 9, (1-100) 2726, (100-1000) 110, (1k-2k) 345, (2k-3k) 22, (3k-5k) 24, (5k-65534) 7, (65k) 0 
collected one batch of samples. pages to migrate = 496 
no slow pages to promote
pages migrated: 109, lfu # items: 12888, lfu sample size: 11000000, samples: 11000000, node 0 mem 799724
CBF freq dist: (1) 274, (1-100) 2714, (100-1000) 9687, (1k-2k) 8, (2k-3k) 1, (3k-5k) 1, (5k-65534) 474, (65k) 3 
CBF freq dist: (1) 9, (1-100) 2683, (100-1000) 153, (1k-2k) 176, (2k-3k) 191, (3k-5k) 14, (5k-65534) 17, (65k) 0 
[DEBUG] Halving CBF counters.
collected one batch of samples. pages to migrate = 504 
no slow pages to promote
pages migrated: 109, lfu # items: 12888, lfu sample size: 11100000, samples: 11100000, node 0 mem 799724
CBF freq dist: (1) 274, (1-100) 2496, (100-1000) 9905, (1k-2k) 8, (2k-3k) 1, (3k-5k) 1, (5k-65534) 473, (65k) 4 
CBF freq dist: (1) -8, (1-100) 2758, (100-1000) 77, (1k-2k) 359, (2k-3k) 16, (3k-5k) 14, (5k-65534) 1, (65k) 0 
collected one batch of samples. pages to migrate = 502 
no slow pages to promote
pages migrated: 109, lfu # items: 12888, lfu sample size: 11200000, samples: 11200000, node 0 mem 799724
CBF freq dist: (1) 274, (1-100) 2357, (100-1000) 10044, (1k-2k) 8, (2k-3k) 1, (3k-5k) 1, (5k-65534) 473, (65k) 4 
CBF freq dist: (1) -8, (1-100) 2758, (100-1000) 73, (1k-2k) 363, (2k-3k) 7, (3k-5k) 21, (5k-65534) 3, (65k) 0 
collected one batch of samples. pages to migrate = 504 
no slow pages to promote
pages migrated: 109, lfu # items: 12888, lfu sample size: 11300000, samples: 11300000, node 0 mem 799724
CBF freq dist: (1) 274, (1-100) 2167, (100-1000) 10234, (1k-2k) 8, (2k-3k) 1, (3k-5k) 1, (5k-65534) 473, (65k) 4 
CBF freq dist: (1) -8, (1-100) 2752, (100-1000) 76, (1k-2k) 363, (2k-3k) 7, (3k-5k) 21, (5k-65534) 6, (65k) 0 
collected one batch of samples. pages to migrate = 504 
no slow pages to promote
pages migrated: 109, lfu # items: 12888, lfu sample size: 11400000, samples: 11400000, node 0 mem 799724
CBF freq dist: (1) 274, (1-100) 2051, (100-1000) 10350, (1k-2k) 8, (2k-3k) 1, (3k-5k) 1, (5k-65534) 473, (65k) 4 
CBF freq dist: (1) -8, (1-100) 2739, (100-1000) 89, (1k-2k) 356, (2k-3k) 11, (3k-5k) 24, (5k-65534) 6, (65k) 0 
collected one batch of samples. pages to migrate = 504 
no slow pages to promote
pages migrated: 109, lfu # items: 12888, lfu sample size: 11500000, samples: 11500000, node 0 mem 799724
CBF freq dist: (1) 274, (1-100) 1946, (100-1000) 10455, (1k-2k) 8, (2k-3k) 1, (3k-5k) 1, (5k-65534) 472, (65k) 5 
CBF freq dist: (1) -8, (1-100) 2701, (100-1000) 127, (1k-2k) 313, (2k-3k) 54, (3k-5k) 20, (5k-65534) 10, (65k) 0 
[DEBUG] Halving CBF counters.
collected one batch of samples. pages to migrate = 500 
no slow pages to promote
pages migrated: 109, lfu # items: 12888, lfu sample size: 11600000, samples: 11600000, node 0 mem 799724
CBF freq dist: (1) 274, (1-100) 1841, (100-1000) 10560, (1k-2k) 8, (2k-3k) 1, (3k-5k) 1, (5k-65534) 472, (65k) 5 
CBF freq dist: (1) -51, (1-100) 2774, (100-1000) 80, (1k-2k) 349, (2k-3k) 23, (3k-5k) 7, (5k-65534) 0, (65k) 0 
collected one batch of samples. pages to migrate = 505 
no slow pages to promote
pages migrated: 109, lfu # items: 12888, lfu sample size: 11700000, samples: 11700000, node 0 mem 799724
CBF freq dist: (1) 274, (1-100) 1759, (100-1000) 10642, (1k-2k) 8, (2k-3k) 1, (3k-5k) 1, (5k-65534) 472, (65k) 5 
CBF freq dist: (1) -52, (1-100) 2773, (100-1000) 70, (1k-2k) 359, (2k-3k) 9, (3k-5k) 20, (5k-65534) 2, (65k) 0 
collected one batch of samples. pages to migrate = 507 
no slow pages to promote
pages migrated: 109, lfu # items: 12888, lfu sample size: 11800000, samples: 11800000, node 0 mem 799720
CBF freq dist: (1) 273, (1-100) 1692, (100-1000) 10709, (1k-2k) 8, (2k-3k) 1, (3k-5k) 0, (5k-65534) 472, (65k) 6 
CBF freq dist: (1) -52, (1-100) 2769, (100-1000) 70, (1k-2k) 363, (2k-3k) 6, (3k-5k) 20, (5k-65534) 5, (65k) 0 
collected one batch of samples. pages to migrate = 505 
no slow pages to promote
pages migrated: 109, lfu # items: 12888, lfu sample size: 11900000, samples: 11900000, node 0 mem 799720
CBF freq dist: (1) 273, (1-100) 1639, (100-1000) 10762, (1k-2k) 8, (2k-3k) 1, (3k-5k) 0, (5k-65534) 472, (65k) 6 
CBF freq dist: (1) -52, (1-100) 2751, (100-1000) 87, (1k-2k) 358, (2k-3k) 8, (3k-5k) 23, (5k-65534) 6, (65k) 0 
collected one batch of samples. pages to migrate = 505 
no slow pages to promote
pages migrated: 109, lfu # items: 12888, lfu sample size: 12000000, samples: 12000000, node 0 mem 799720
CBF freq dist: (1) 273, (1-100) 1578, (100-1000) 10823, (1k-2k) 8, (2k-3k) 1, (3k-5k) 0, (5k-65534) 472, (65k) 6 
CBF freq dist: (1) -52, (1-100) 2725, (100-1000) 113, (1k-2k) 346, (2k-3k) 19, (3k-5k) 23, (5k-65534) 7, (65k) 0 
collected one batch of samples. pages to migrate = 503 
no slow pages to promote
pages migrated: 109, lfu # items: 12888, lfu sample size: 12100000, samples: 12100000, node 0 mem 799716
CBF freq dist: (1) 273, (1-100) 1535, (100-1000) 10866, (1k-2k) 8, (2k-3k) 1, (3k-5k) 0, (5k-65534) 472, (65k) 6 
CBF freq dist: (1) -53, (1-100) 2682, (100-1000) 156, (1k-2k) 173, (2k-3k) 192, (3k-5k) 13, (5k-65534) 17, (65k) 0 
[DEBUG] Halving CBF counters.
collected one batch of samples. pages to migrate = 504 
no slow pages to promote
pages migrated: 109, lfu # items: 12888, lfu sample size: 12200000, samples: 12200000, node 0 mem 799716
CBF freq dist: (1) 273, (1-100) 1494, (100-1000) 10907, (1k-2k) 8, (2k-3k) 1, (3k-5k) 0, (5k-65534) 472, (65k) 6 
CBF freq dist: (1) 4, (1-100) 2821, (100-1000) 75, (1k-2k) 360, (2k-3k) 14, (3k-5k) 15, (5k-65534) 1, (65k) 0 
collected one batch of samples. pages to migrate = 497 
no slow pages to promote
pages migrated: 109, lfu # items: 12888, lfu sample size: 12300000, samples: 12300000, node 0 mem 799716
CBF freq dist: (1) 273, (1-100) 1472, (100-1000) 10928, (1k-2k) 9, (2k-3k) 1, (3k-5k) 0, (5k-65534) 472, (65k) 6 
CBF freq dist: (1) 3, (1-100) 2821, (100-1000) 69, (1k-2k) 366, (2k-3k) 6, (3k-5k) 21, (5k-65534) 3, (65k) 0 
collected one batch of samples. pages to migrate = 505 
no slow pages to promote
pages migrated: 109, lfu # items: 12888, lfu sample size: 12400000, samples: 12400000, node 0 mem 799716
CBF freq dist: (1) 273, (1-100) 1447, (100-1000) 10953, (1k-2k) 9, (2k-3k) 1, (3k-5k) 0, (5k-65534) 472, (65k) 6 
CBF freq dist: (1) 2, (1-100) 2815, (100-1000) 73, (1k-2k) 366, (2k-3k) 5, (3k-5k) 21, (5k-65534) 6, (65k) 0 
collected one batch of samples. pages to migrate = 500 
no slow pages to promote
pages migrated: 109, lfu # items: 12888, lfu sample size: 12500000, samples: 12500000, node 0 mem 799716
CBF freq dist: (1) 273, (1-100) 1427, (100-1000) 10973, (1k-2k) 9, (2k-3k) 1, (3k-5k) 0, (5k-65534) 472, (65k) 6 
CBF freq dist: (1) 2, (1-100) 2795, (100-1000) 93, (1k-2k) 358, (2k-3k) 11, (3k-5k) 23, (5k-65534) 6, (65k) 0 
collected one batch of samples. pages to migrate = 504 
no slow pages to promote
pages migrated: 109, lfu # items: 12889, lfu sample size: 12600000, samples: 12600000, node 0 mem 799716
CBF freq dist: (1) 274, (1-100) 1419, (100-1000) 10982, (1k-2k) 9, (2k-3k) 1, (3k-5k) 0, (5k-65534) 472, (65k) 6 
CBF freq dist: (1) 2, (1-100) 2755, (100-1000) 133, (1k-2k) 313, (2k-3k) 56, (3k-5k) 21, (5k-65534) 8, (65k) 0 
[DEBUG] Halving CBF counters.
collected one batch of samples. pages to migrate = 497 
no slow pages to promote
pages migrated: 109, lfu # items: 12889, lfu sample size: 12700000, samples: 12700000, node 0 mem 799716
CBF freq dist: (1) 274, (1-100) 1413, (100-1000) 10988, (1k-2k) 9, (2k-3k) 1, (3k-5k) 0, (5k-65534) 472, (65k) 6 
CBF freq dist: (1) 16, (1-100) 2823, (100-1000) 86, (1k-2k) 343, (2k-3k) 25, (3k-5k) 7, (5k-65534) 0, (65k) 0 
collected one batch of samples. pages to migrate = 502 
no slow pages to promote
pages migrated: 109, lfu # items: 12889, lfu sample size: 12800000, samples: 12800000, node 0 mem 799716
CBF freq dist: (1) 274, (1-100) 1405, (100-1000) 10996, (1k-2k) 9, (2k-3k) 1, (3k-5k) 0, (5k-65534) 472, (65k) 6 
CBF freq dist: (1) 15, (1-100) 2819, (100-1000) 74, (1k-2k) 358, (2k-3k) 10, (3k-5k) 20, (5k-65534) 3, (65k) 0 
collected one batch of samples. pages to migrate = 506 
no slow pages to promote
pages migrated: 109, lfu # items: 12889, lfu sample size: 12900000, samples: 12900000, node 0 mem 799716
CBF freq dist: (1) 274, (1-100) 1396, (100-1000) 11005, (1k-2k) 9, (2k-3k) 1, (3k-5k) 0, (5k-65534) 472, (65k) 6 
CBF freq dist: (1) 16, (1-100) 2815, (100-1000) 76, (1k-2k) 360, (2k-3k) 8, (3k-5k) 21, (5k-65534) 5, (65k) 0 
collected one batch of samples. pages to migrate = 499 
no slow pages to promote
pages migrated: 109, lfu # items: 12889, lfu sample size: 13000000, samples: 13000000, node 0 mem 799716
CBF freq dist: (1) 274, (1-100) 1393, (100-1000) 11008, (1k-2k) 9, (2k-3k) 1, (3k-5k) 0, (5k-65534) 472, (65k) 6 
CBF freq dist: (1) 15, (1-100) 2802, (100-1000) 87, (1k-2k) 357, (2k-3k) 10, (3k-5k) 23, (5k-65534) 6, (65k) 0 
collected one batch of samples. pages to migrate = 506 
no slow pages to promote
pages migrated: 109, lfu # items: 12889, lfu sample size: 13100000, samples: 13100000, node 0 mem 799716
CBF freq dist: (1) 274, (1-100) 1389, (100-1000) 11012, (1k-2k) 9, (2k-3k) 1, (3k-5k) 0, (5k-65534) 472, (65k) 6 
CBF freq dist: (1) 15, (1-100) 2786, (100-1000) 103, (1k-2k) 342, (2k-3k) 24, (3k-5k) 23, (5k-65534) 7, (65k) 0 
collected one batch of samples. pages to migrate = 502 
no slow pages to promote
pages migrated: 109, lfu # items: 12889, lfu sample size: 13200000, samples: 13200000, node 0 mem 799712
CBF freq dist: (1) 274, (1-100) 1388, (100-1000) 11013, (1k-2k) 9, (2k-3k) 1, (3k-5k) 0, (5k-65534) 472, (65k) 6 
CBF freq dist: (1) 15, (1-100) 2737, (100-1000) 152, (1k-2k) 192, (2k-3k) 174, (3k-5k) 12, (5k-65534) 18, (65k) 0 
[DEBUG] Halving CBF counters.
collected one batch of samples. pages to migrate = 508 
no slow pages to promote
pages migrated: 109, lfu # items: 12889, lfu sample size: 13300000, samples: 13300000, node 0 mem 799712
CBF freq dist: (1) 274, (1-100) 1387, (100-1000) 11014, (1k-2k) 9, (2k-3k) 1, (3k-5k) 0, (5k-65534) 472, (65k) 6 
CBF freq dist: (1) 12, (1-100) 2800, (100-1000) 81, (1k-2k) 359, (2k-3k) 13, (3k-5k) 17, (5k-65534) 0, (65k) 0 
collected one batch of samples. pages to migrate = 502 
no slow pages to promote
pages migrated: 109, lfu # items: 12889, lfu sample size: 13400000, samples: 13400000, node 0 mem 799712
CBF freq dist: (1) 274, (1-100) 1385, (100-1000) 11016, (1k-2k) 9, (2k-3k) 1, (3k-5k) 0, (5k-65534) 472, (65k) 6 
CBF freq dist: (1) 12, (1-100) 2799, (100-1000) 77, (1k-2k) 364, (2k-3k) 6, (3k-5k) 20, (5k-65534) 4, (65k) 0 
collected one batch of samples. pages to migrate = 502 
no slow pages to promote
pages migrated: 109, lfu # items: 12889, lfu sample size: 13500000, samples: 13500000, node 0 mem 799712
CBF freq dist: (1) 274, (1-100) 1384, (100-1000) 11017, (1k-2k) 9, (2k-3k) 1, (3k-5k) 0, (5k-65534) 472, (65k) 6 
CBF freq dist: (1) 11, (1-100) 2793, (100-1000) 80, (1k-2k) 365, (2k-3k) 3, (3k-5k) 23, (5k-65534) 6, (65k) 0 
collected one batch of samples. pages to migrate = 502 
no slow pages to promote
pages migrated: 109, lfu # items: 12889, lfu sample size: 13600000, samples: 13600000, node 0 mem 799712
CBF freq dist: (1) 274, (1-100) 1383, (100-1000) 11018, (1k-2k) 9, (2k-3k) 1, (3k-5k) 0, (5k-65534) 472, (65k) 6 
CBF freq dist: (1) 11, (1-100) 2776, (100-1000) 97, (1k-2k) 358, (2k-3k) 8, (3k-5k) 25, (5k-65534) 6, (65k) 0 
collected one batch of samples. pages to migrate = 504 
no slow pages to promote
pages migrated: 109, lfu # items: 12889, lfu sample size: 13700000, samples: 13700000, node 0 mem 799712
CBF freq dist: (1) 274, (1-100) 1381, (100-1000) 11020, (1k-2k) 9, (2k-3k) 1, (3k-5k) 0, (5k-65534) 472, (65k) 6 
CBF freq dist: (1) 11, (1-100) 2745, (100-1000) 128, (1k-2k) 310, (2k-3k) 56, (3k-5k) 21, (5k-65534) 10, (65k) 0 
[DEBUG] Halving CBF counters.
collected one batch of samples. pages to migrate = 508 
no slow pages to promote
pages migrated: 109, lfu # items: 12889, lfu sample size: 13800000, samples: 13800000, node 0 mem 799712
CBF freq dist: (1) 274, (1-100) 1381, (100-1000) 11020, (1k-2k) 9, (2k-3k) 1, (3k-5k) 0, (5k-65534) 472, (65k) 6 
CBF freq dist: (1) 17, (1-100) 2799, (100-1000) 87, (1k-2k) 346, (2k-3k) 20, (3k-5k) 7, (5k-65534) 0, (65k) 0 
collected one batch of samples. pages to migrate = 508 
no slow pages to promote
pages migrated: 109, lfu # items: 12889, lfu sample size: 13900000, samples: 13900000, node 0 mem 799712
CBF freq dist: (1) 274, (1-100) 1380, (100-1000) 11021, (1k-2k) 9, (2k-3k) 1, (3k-5k) 0, (5k-65534) 472, (65k) 6 
CBF freq dist: (1) 17, (1-100) 2796, (100-1000) 73, (1k-2k) 361, (2k-3k) 6, (3k-5k) 21, (5k-65534) 2, (65k) 0 
collected one batch of samples. pages to migrate = 502 
no slow pages to promote
pages migrated: 109, lfu # items: 12889, lfu sample size: 14000000, samples: 14000000, node 0 mem 799712
CBF freq dist: (1) 274, (1-100) 1380, (100-1000) 11021, (1k-2k) 9, (2k-3k) 1, (3k-5k) 0, (5k-65534) 471, (65k) 7 
CBF freq dist: (1) 17, (1-100) 2789, (100-1000) 75, (1k-2k) 366, (2k-3k) 3, (3k-5k) 20, (5k-65534) 6, (65k) 0 
collected one batch of samples. pages to migrate = 515 
no slow pages to promote
pages migrated: 109, lfu # items: 12889, lfu sample size: 14100000, samples: 14100000, node 0 mem 799880
CBF freq dist: (1) 274, (1-100) 1380, (100-1000) 11021, (1k-2k) 9, (2k-3k) 1, (3k-5k) 0, (5k-65534) 471, (65k) 7 
CBF freq dist: (1) 17, (1-100) 2778, (100-1000) 86, (1k-2k) 360, (2k-3k) 7, (3k-5k) 22, (5k-65534) 6, (65k) 0 
collected one batch of samples. pages to migrate = 503 
no slow pages to promote
pages migrated: 109, lfu # items: 12889, lfu sample size: 14200000, samples: 14200000, node 0 mem 799880
CBF freq dist: (1) 274, (1-100) 1380, (100-1000) 11021, (1k-2k) 9, (2k-3k) 1, (3k-5k) 0, (5k-65534) 471, (65k) 7 
CBF freq dist: (1) 17, (1-100) 2744, (100-1000) 120, (1k-2k) 347, (2k-3k) 18, (3k-5k) 24, (5k-65534) 6, (65k) 0 
collected one batch of samples. pages to migrate = 508 
no slow pages to promote
pages migrated: 109, lfu # items: 12889, lfu sample size: 14300000, samples: 14300000, node 0 mem 799880
CBF freq dist: (1) 274, (1-100) 1380, (100-1000) 11021, (1k-2k) 9, (2k-3k) 1, (3k-5k) 0, (5k-65534) 471, (65k) 7 
CBF freq dist: (1) 17, (1-100) 2691, (100-1000) 173, (1k-2k) 176, (2k-3k) 189, (3k-5k) 11, (5k-65534) 19, (65k) 0 
[DEBUG] Halving CBF counters.
collected one batch of samples. pages to migrate = 499 
no slow pages to promote
pages migrated: 109, lfu # items: 12889, lfu sample size: 14400000, samples: 14400000, node 0 mem 799880
CBF freq dist: (1) 274, (1-100) 1380, (100-1000) 11021, (1k-2k) 9, (2k-3k) 1, (3k-5k) 0, (5k-65534) 471, (65k) 7 
CBF freq dist: (1) -18, (1-100) 2777, (100-1000) 80, (1k-2k) 354, (2k-3k) 16, (3k-5k) 14, (5k-65534) 1, (65k) 0 
collected one batch of samples. pages to migrate = 507 
no slow pages to promote
pages migrated: 109, lfu # items: 12889, lfu sample size: 14500000, samples: 14500000, node 0 mem 799700
CBF freq dist: (1) 270, (1-100) 1379, (100-1000) 11022, (1k-2k) 9, (2k-3k) 1, (3k-5k) 0, (5k-65534) 470, (65k) 8 
CBF freq dist: (1) -17, (1-100) 2775, (100-1000) 79, (1k-2k) 358, (2k-3k) 8, (3k-5k) 20, (5k-65534) 3, (65k) 0 
collected one batch of samples. pages to migrate = 504 
no slow pages to promote
pages migrated: 109, lfu # items: 12896, lfu sample size: 14600000, samples: 14600000, node 0 mem 799700
CBF freq dist: (1) 274, (1-100) 1384, (100-1000) 11023, (1k-2k) 10, (2k-3k) 1, (3k-5k) 0, (5k-65534) 469, (65k) 9 
CBF freq dist: (1) -17, (1-100) 2764, (100-1000) 88, (1k-2k) 357, (2k-3k) 5, (3k-5k) 23, (5k-65534) 6, (65k) 0 
collected one batch of samples. pages to migrate = 504 
no slow pages to promote
pages migrated: 109, lfu # items: 12896, lfu sample size: 14700000, samples: 14700000, node 0 mem 799700
CBF freq dist: (1) 274, (1-100) 1384, (100-1000) 11023, (1k-2k) 10, (2k-3k) 1, (3k-5k) 0, (5k-65534) 469, (65k) 9 
CBF freq dist: (1) -18, (1-100) 2747, (100-1000) 105, (1k-2k) 351, (2k-3k) 8, (3k-5k) 26, (5k-65534) 6, (65k) 0 
collected one batch of samples. pages to migrate = 508 
no slow pages to promote
pages migrated: 109, lfu # items: 12903, lfu sample size: 14800000, samples: 14800000, node 0 mem 799700
CBF freq dist: (1) 277, (1-100) 1391, (100-1000) 11023, (1k-2k) 10, (2k-3k) 1, (3k-5k) 0, (5k-65534) 467, (65k) 11 
CBF freq dist: (1) -18, (1-100) 2718, (100-1000) 134, (1k-2k) 305, (2k-3k) 54, (3k-5k) 22, (5k-65534) 10, (65k) 0 
[DEBUG] Halving CBF counters.
collected one batch of samples. pages to migrate = 506 
no slow pages to promote
pages migrated: 109, lfu # items: 12903, lfu sample size: 14900000, samples: 14900000, node 0 mem 799700
CBF freq dist: (1) 277, (1-100) 1390, (100-1000) 11024, (1k-2k) 10, (2k-3k) 1, (3k-5k) 0, (5k-65534) 467, (65k) 11 
CBF freq dist: (1) -61, (1-100) 2801, (100-1000) 95, (1k-2k) 333, (2k-3k) 24, (3k-5k) 8, (5k-65534) 0, (65k) 0 
[DEBUG] Number of hot pages promoted in 50 batches = 0 
[INFO] Reached promotion plateau. cur hot page size 1025507328, fast mem 80% 3435973836
[INFO] Decrease hot thresh to 900.
collected one batch of samples. pages to migrate = 508 
no slow pages to promote
pages migrated: 109, lfu # items: 12903, lfu sample size: 15000000, samples: 15000000, node 0 mem 799480
CBF freq dist: (1) 277, (1-100) 1389, (100-1000) 11025, (1k-2k) 10, (2k-3k) 1, (3k-5k) 0, (5k-65534) 464, (65k) 14 
CBF freq dist: (1) -62, (1-100) 2798, (100-1000) 77, (1k-2k) 353, (2k-3k) 10, (3k-5k) 21, (5k-65534) 2, (65k) 0 
collected one batch of samples. pages to migrate = 515 
no slow pages to promote
pages migrated: 109, lfu # items: 12906, lfu sample size: 15100000, samples: 15100000, node 0 mem 799480
CBF freq dist: (1) 278, (1-100) 1392, (100-1000) 11025, (1k-2k) 10, (2k-3k) 1, (3k-5k) 0, (5k-65534) 463, (65k) 15 
CBF freq dist: (1) -62, (1-100) 2789, (100-1000) 80, (1k-2k) 358, (2k-3k) 8, (3k-5k) 20, (5k-65534) 6, (65k) 0 
collected one batch of samples. pages to migrate = 499 
no slow pages to promote
pages migrated: 109, lfu # items: 12910, lfu sample size: 15200000, samples: 15200000, node 0 mem 799480
CBF freq dist: (1) 279, (1-100) 1395, (100-1000) 11026, (1k-2k) 10, (2k-3k) 1, (3k-5k) 0, (5k-65534) 461, (65k) 17 
CBF freq dist: (1) -62, (1-100) 2780, (100-1000) 89, (1k-2k) 355, (2k-3k) 7, (3k-5k) 24, (5k-65534) 6, (65k) 0 
collected one batch of samples. pages to migrate = 504 
no slow pages to promote
pages migrated: 109, lfu # items: 12910, lfu sample size: 15300000, samples: 15300000, node 0 mem 799704
CBF freq dist: (1) 279, (1-100) 1395, (100-1000) 11026, (1k-2k) 10, (2k-3k) 1, (3k-5k) 0, (5k-65534) 461, (65k) 17 
CBF freq dist: (1) -62, (1-100) 2747, (100-1000) 122, (1k-2k) 344, (2k-3k) 17, (3k-5k) 24, (5k-65534) 7, (65k) 0 
collected one batch of samples. pages to migrate = 503 
no slow pages to promote
pages migrated: 109, lfu # items: 12910, lfu sample size: 15400000, samples: 15400000, node 0 mem 799704
CBF freq dist: (1) 279, (1-100) 1395, (100-1000) 11026, (1k-2k) 10, (2k-3k) 1, (3k-5k) 0, (5k-65534) 460, (65k) 18 
CBF freq dist: (1) -62, (1-100) 2684, (100-1000) 185, (1k-2k) 182, (2k-3k) 179, (3k-5k) 13, (5k-65534) 18, (65k) 0 
[DEBUG] Halving CBF counters.
collected one batch of samples. pages to migrate = 512 
no slow pages to promote
pages migrated: 109, lfu # items: 12910, lfu sample size: 15500000, samples: 15500000, node 0 mem 799704
CBF freq dist: (1) 279, (1-100) 1395, (100-1000) 11026, (1k-2k) 10, (2k-3k) 1, (3k-5k) 0, (5k-65534) 459, (65k) 19 
CBF freq dist: (1) 77, (1-100) 2859, (100-1000) 74, (1k-2k) 358, (2k-3k) 15, (3k-5k) 16, (5k-65534) 1, (65k) 0 
collected one batch of samples. pages to migrate = 510 
no slow pages to promote
pages migrated: 109, lfu # items: 12910, lfu sample size: 15600000, samples: 15600000, node 0 mem 799704
CBF freq dist: (1) 279, (1-100) 1395, (100-1000) 11026, (1k-2k) 10, (2k-3k) 1, (3k-5k) 0, (5k-65534) 459, (65k) 19 
CBF freq dist: (1) 77, (1-100) 2855, (100-1000) 73, (1k-2k) 363, (2k-3k) 8, (3k-5k) 21, (5k-65534) 3, (65k) 0 
collected one batch of samples. pages to migrate = 504 
no slow pages to promote
pages migrated: 109, lfu # items: 12910, lfu sample size: 15700000, samples: 15700000, node 0 mem 799704
CBF freq dist: (1) 279, (1-100) 1394, (100-1000) 11027, (1k-2k) 10, (2k-3k) 1, (3k-5k) 0, (5k-65534) 459, (65k) 19 
CBF freq dist: (1) 77, (1-100) 2847, (100-1000) 78, (1k-2k) 363, (2k-3k) 6, (3k-5k) 23, (5k-65534) 6, (65k) 0 
collected one batch of samples. pages to migrate = 512 
no slow pages to promote
pages migrated: 109, lfu # items: 12910, lfu sample size: 15800000, samples: 15800000, node 0 mem 799704
CBF freq dist: (1) 277, (1-100) 1392, (100-1000) 11029, (1k-2k) 10, (2k-3k) 1, (3k-5k) 0, (5k-65534) 459, (65k) 19 
CBF freq dist: (1) 77, (1-100) 2822, (100-1000) 103, (1k-2k) 358, (2k-3k) 9, (3k-5k) 25, (5k-65534) 6, (65k) 0 
collected one batch of samples. pages to migrate = 509 
no slow pages to promote
pages migrated: 109, lfu # items: 12910, lfu sample size: 15900000, samples: 15900000, node 0 mem 799704
CBF freq dist: (1) 277, (1-100) 1392, (100-1000) 11029, (1k-2k) 10, (2k-3k) 1, (3k-5k) 0, (5k-65534) 458, (65k) 20 
CBF freq dist: (1) 77, (1-100) 2786, (100-1000) 139, (1k-2k) 313, (2k-3k) 54, (3k-5k) 21, (5k-65534) 10, (65k) 0 
[DEBUG] Halving CBF counters.
collected one batch of samples. pages to migrate = 514 
no slow pages to promote
pages migrated: 109, lfu # items: 12910, lfu sample size: 16000000, samples: 16000000, node 0 mem 799920
CBF freq dist: (1) 277, (1-100) 1392, (100-1000) 11029, (1k-2k) 10, (2k-3k) 1, (3k-5k) 0, (5k-65534) 457, (65k) 21 
CBF freq dist: (1) -19, (1-100) 2784, (100-1000) 91, (1k-2k) 341, (2k-3k) 21, (3k-5k) 9, (5k-65534) 0, (65k) 0 
collected one batch of samples. pages to migrate = 507 
no slow pages to promote
pages migrated: 109, lfu # items: 12910, lfu sample size: 16100000, samples: 16100000, node 0 mem 799920
CBF freq dist: (1) 277, (1-100) 1391, (100-1000) 11030, (1k-2k) 10, (2k-3k) 1, (3k-5k) 0, (5k-65534) 456, (65k) 22 
CBF freq dist: (1) -19, (1-100) 2781, (100-1000) 73, (1k-2k) 361, (2k-3k) 8, (3k-5k) 20, (5k-65534) 3, (65k) 0 
collected one batch of samples. pages to migrate = 507 
no slow pages to promote
pages migrated: 109, lfu # items: 12910, lfu sample size: 16200000, samples: 16200000, node 0 mem 799920
CBF freq dist: (1) 277, (1-100) 1391, (100-1000) 11030, (1k-2k) 10, (2k-3k) 1, (3k-5k) 0, (5k-65534) 456, (65k) 22 
CBF freq dist: (1) -19, (1-100) 2776, (100-1000) 74, (1k-2k) 363, (2k-3k) 5, (3k-5k) 23, (5k-65534) 5, (65k) 0 
collected one batch of samples. pages to migrate = 505 
no slow pages to promote
pages migrated: 109, lfu # items: 12910, lfu sample size: 16300000, samples: 16300000, node 0 mem 799920
CBF freq dist: (1) 277, (1-100) 1391, (100-1000) 11030, (1k-2k) 10, (2k-3k) 1, (3k-5k) 0, (5k-65534) 456, (65k) 22 
CBF freq dist: (1) -19, (1-100) 2762, (100-1000) 87, (1k-2k) 362, (2k-3k) 5, (3k-5k) 24, (5k-65534) 6, (65k) 0 
collected one batch of samples. pages to migrate = 506 
no slow pages to promote
pages migrated: 109, lfu # items: 12910, lfu sample size: 16400000, samples: 16400000, node 0 mem 799920
CBF freq dist: (1) 277, (1-100) 1391, (100-1000) 11030, (1k-2k) 10, (2k-3k) 1, (3k-5k) 0, (5k-65534) 456, (65k) 22 
CBF freq dist: (1) -19, (1-100) 2737, (100-1000) 112, (1k-2k) 349, (2k-3k) 17, (3k-5k) 24, (5k-65534) 7, (65k) 0 
collected one batch of samples. pages to migrate = 501 
no slow pages to promote
pages migrated: 109, lfu # items: 12910, lfu sample size: 16500000, samples: 16500000, node 0 mem 799920
CBF freq dist: (1) 277, (1-100) 1388, (100-1000) 11032, (1k-2k) 11, (2k-3k) 1, (3k-5k) 0, (5k-65534) 455, (65k) 23 
CBF freq dist: (1) -19, (1-100) 2697, (100-1000) 153, (1k-2k) 190, (2k-3k) 176, (3k-5k) 16, (5k-65534) 15, (65k) 0 
[DEBUG] Halving CBF counters.
collected one batch of samples. pages to migrate = 506 
no slow pages to promote
pages migrated: 109, lfu # items: 12910, lfu sample size: 16600000, samples: 16600000, node 0 mem 799920
CBF freq dist: (1) 277, (1-100) 1388, (100-1000) 11032, (1k-2k) 11, (2k-3k) 1, (3k-5k) 0, (5k-65534) 455, (65k) 23 
CBF freq dist: (1) 17, (1-100) 2798, (100-1000) 83, (1k-2k) 358, (2k-3k) 13, (3k-5k) 14, (5k-65534) 1, (65k) 0 
collected one batch of samples. pages to migrate = 503 
no slow pages to promote
pages migrated: 109, lfu # items: 12910, lfu sample size: 16700000, samples: 16700000, node 0 mem 799700
CBF freq dist: (1) 277, (1-100) 1388, (100-1000) 11032, (1k-2k) 11, (2k-3k) 1, (3k-5k) 0, (5k-65534) 455, (65k) 23 
CBF freq dist: (1) 17, (1-100) 2796, (100-1000) 80, (1k-2k) 363, (2k-3k) 4, (3k-5k) 20, (5k-65534) 4, (65k) 0 
collected one batch of samples. pages to migrate = 500 
no slow pages to promote
pages migrated: 109, lfu # items: 12910, lfu sample size: 16800000, samples: 16800000, node 0 mem 799700
CBF freq dist: (1) 277, (1-100) 1388, (100-1000) 11032, (1k-2k) 11, (2k-3k) 1, (3k-5k) 0, (5k-65534) 455, (65k) 23 
CBF freq dist: (1) 17, (1-100) 2792, (100-1000) 81, (1k-2k) 363, (2k-3k) 3, (3k-5k) 22, (5k-65534) 6, (65k) 0 
collected one batch of samples. pages to migrate = 508 
no slow pages to promote
pages migrated: 109, lfu # items: 12910, lfu sample size: 16900000, samples: 16900000, node 0 mem 799700
CBF freq dist: (1) 277, (1-100) 1388, (100-1000) 11032, (1k-2k) 11, (2k-3k) 1, (3k-5k) 0, (5k-65534) 454, (65k) 24 
CBF freq dist: (1) 17, (1-100) 2778, (100-1000) 95, (1k-2k) 356, (2k-3k) 8, (3k-5k) 24, (5k-65534) 6, (65k) 0 
collected one batch of samples. pages to migrate = 508 
no slow pages to promote
pages migrated: 109, lfu # items: 12910, lfu sample size: 17000000, samples: 17000000, node 0 mem 799696
CBF freq dist: (1) 277, (1-100) 1388, (100-1000) 11032, (1k-2k) 11, (2k-3k) 1, (3k-5k) 0, (5k-65534) 454, (65k) 24 
CBF freq dist: (1) 17, (1-100) 2746, (100-1000) 127, (1k-2k) 314, (2k-3k) 50, (3k-5k) 20, (5k-65534) 10, (65k) 0 
[DEBUG] Halving CBF counters.
collected one batch of samples. pages to migrate = 509 
no slow pages to promote
pages migrated: 109, lfu # items: 12910, lfu sample size: 17100000, samples: 17100000, node 0 mem 799696
CBF freq dist: (1) 277, (1-100) 1387, (100-1000) 11033, (1k-2k) 11, (2k-3k) 1, (3k-5k) 0, (5k-65534) 454, (65k) 24 
CBF freq dist: (1) -47, (1-100) 2791, (100-1000) 89, (1k-2k) 340, (2k-3k) 23, (3k-5k) 7, (5k-65534) 0, (65k) 0 
collected one batch of samples. pages to migrate = 501 
no slow pages to promote
pages migrated: 109, lfu # items: 12910, lfu sample size: 17200000, samples: 17200000, node 0 mem 799696
CBF freq dist: (1) 277, (1-100) 1387, (100-1000) 11033, (1k-2k) 11, (2k-3k) 1, (3k-5k) 0, (5k-65534) 454, (65k) 24 
CBF freq dist: (1) -46, (1-100) 2791, (100-1000) 75, (1k-2k) 354, (2k-3k) 8, (3k-5k) 20, (5k-65534) 3, (65k) 0 
collected one batch of samples. pages to migrate = 505 
no slow pages to promote
pages migrated: 109, lfu # items: 12910, lfu sample size: 17300000, samples: 17300000, node 0 mem 799696
CBF freq dist: (1) 277, (1-100) 1387, (100-1000) 11033, (1k-2k) 11, (2k-3k) 1, (3k-5k) 0, (5k-65534) 454, (65k) 24 
CBF freq dist: (1) -46, (1-100) 2782, (100-1000) 79, (1k-2k) 358, (2k-3k) 5, (3k-5k) 22, (5k-65534) 5, (65k) 0 
collected one batch of samples. pages to migrate = 499 
no slow pages to promote
pages migrated: 109, lfu # items: 12910, lfu sample size: 17400000, samples: 17400000, node 0 mem 799696
CBF freq dist: (1) 277, (1-100) 1387, (100-1000) 11033, (1k-2k) 11, (2k-3k) 1, (3k-5k) 0, (5k-65534) 454, (65k) 24 
CBF freq dist: (1) -47, (1-100) 2766, (100-1000) 94, (1k-2k) 354, (2k-3k) 8, (3k-5k) 23, (5k-65534) 6, (65k) 0 
collected one batch of samples. pages to migrate = 500 
no slow pages to promote
pages migrated: 109, lfu # items: 12910, lfu sample size: 17500000, samples: 17500000, node 0 mem 799696
CBF freq dist: (1) 277, (1-100) 1387, (100-1000) 11033, (1k-2k) 11, (2k-3k) 1, (3k-5k) 0, (5k-65534) 454, (65k) 24 
CBF freq dist: (1) -47, (1-100) 2743, (100-1000) 117, (1k-2k) 342, (2k-3k) 19, (3k-5k) 23, (5k-65534) 7, (65k) 0 
collected one batch of samples. pages to migrate = 511 
no slow pages to promote
pages migrated: 109, lfu # items: 12910, lfu sample size: 17600000, samples: 17600000, node 0 mem 799696
CBF freq dist: (1) 277, (1-100) 1387, (100-1000) 11033, (1k-2k) 11, (2k-3k) 1, (3k-5k) 0, (5k-65534) 454, (65k) 24 
CBF freq dist: (1) -47, (1-100) 2689, (100-1000) 171, (1k-2k) 183, (2k-3k) 178, (3k-5k) 14, (5k-65534) 16, (65k) 0 
[DEBUG] Halving CBF counters.
collected one batch of samples. pages to migrate = 502 
no slow pages to promote
pages migrated: 109, lfu # items: 12910, lfu sample size: 17700000, samples: 17700000, node 0 mem 799696
CBF freq dist: (1) 277, (1-100) 1387, (100-1000) 11033, (1k-2k) 11, (2k-3k) 1, (3k-5k) 0, (5k-65534) 454, (65k) 24 
CBF freq dist: (1) 46, (1-100) 2833, (100-1000) 74, (1k-2k) 362, (2k-3k) 15, (3k-5k) 13, (5k-65534) 1, (65k) 0 
collected one batch of samples. pages to migrate = 499 
no slow pages to promote
pages migrated: 109, lfu # items: 12918, lfu sample size: 17800000, samples: 17800000, node 0 mem 799696
CBF freq dist: (1) 276, (1-100) 1395, (100-1000) 11033, (1k-2k) 11, (2k-3k) 1, (3k-5k) 0, (5k-65534) 454, (65k) 24 
CBF freq dist: (1) 46, (1-100) 2825, (100-1000) 76, (1k-2k) 368, (2k-3k) 5, (3k-5k) 20, (5k-65534) 4, (65k) 0 
collected one batch of samples. pages to migrate = 511 
no slow pages to promote
pages migrated: 109, lfu # items: 12918, lfu sample size: 17900000, samples: 17900000, node 0 mem 799696
CBF freq dist: (1) 276, (1-100) 1395, (100-1000) 11033, (1k-2k) 11, (2k-3k) 1, (3k-5k) 0, (5k-65534) 454, (65k) 24 
CBF freq dist: (1) 46, (1-100) 2816, (100-1000) 83, (1k-2k) 368, (2k-3k) 3, (3k-5k) 22, (5k-65534) 6, (65k) 0 
collected one batch of samples. pages to migrate = 502 
no slow pages to promote
pages migrated: 109, lfu # items: 12918, lfu sample size: 18000000, samples: 18000000, node 0 mem 799696
CBF freq dist: (1) 275, (1-100) 1395, (100-1000) 11033, (1k-2k) 11, (2k-3k) 1, (3k-5k) 0, (5k-65534) 452, (65k) 26 
CBF freq dist: (1) 46, (1-100) 2799, (100-1000) 100, (1k-2k) 358, (2k-3k) 11, (3k-5k) 24, (5k-65534) 6, (65k) 0 
collected one batch of samples. pages to migrate = 518 
no slow pages to promote
pages migrated: 109, lfu # items: 12918, lfu sample size: 18100000, samples: 18100000, node 0 mem 799692
CBF freq dist: (1) 275, (1-100) 1395, (100-1000) 11033, (1k-2k) 11, (2k-3k) 1, (3k-5k) 0, (5k-65534) 452, (65k) 26 
CBF freq dist: (1) 45, (1-100) 2756, (100-1000) 143, (1k-2k) 323, (2k-3k) 46, (3k-5k) 22, (5k-65534) 8, (65k) 0 
[DEBUG] Halving CBF counters.
collected one batch of samples. pages to migrate = 512 
no slow pages to promote
pages migrated: 109, lfu # items: 12918, lfu sample size: 18200000, samples: 18200000, node 0 mem 799692
CBF freq dist: (1) 275, (1-100) 1394, (100-1000) 11033, (1k-2k) 12, (2k-3k) 0, (3k-5k) 1, (5k-65534) 452, (65k) 26 
CBF freq dist: (1) -18, (1-100) 2796, (100-1000) 89, (1k-2k) 339, (2k-3k) 21, (3k-5k) 8, (5k-65534) 0, (65k) 0 
collected one batch of samples. pages to migrate = 512 
no slow pages to promote
pages migrated: 109, lfu # items: 12918, lfu sample size: 18300000, samples: 18300000, node 0 mem 799692
CBF freq dist: (1) 274, (1-100) 1394, (100-1000) 11033, (1k-2k) 12, (2k-3k) 0, (3k-5k) 1, (5k-65534) 452, (65k) 26 
CBF freq dist: (1) -18, (1-100) 2795, (100-1000) 69, (1k-2k) 359, (2k-3k) 10, (3k-5k) 17, (5k-65534) 3, (65k) 0 
collected one batch of samples. pages to migrate = 504 
no slow pages to promote
pages migrated: 109, lfu # items: 12918, lfu sample size: 18400000, samples: 18400000, node 0 mem 799692
CBF freq dist: (1) 274, (1-100) 1394, (100-1000) 11033, (1k-2k) 12, (2k-3k) 0, (3k-5k) 1, (5k-65534) 452, (65k) 26 
CBF freq dist: (1) -19, (1-100) 2784, (100-1000) 77, (1k-2k) 360, (2k-3k) 6, (3k-5k) 21, (5k-65534) 5, (65k) 0 
collected one batch of samples. pages to migrate = 507 
no slow pages to promote
pages migrated: 109, lfu # items: 12918, lfu sample size: 18500000, samples: 18500000, node 0 mem 799692
CBF freq dist: (1) 274, (1-100) 1394, (100-1000) 11033, (1k-2k) 12, (2k-3k) 0, (3k-5k) 1, (5k-65534) 452, (65k) 26 
CBF freq dist: (1) -19, (1-100) 2770, (100-1000) 89, (1k-2k) 361, (2k-3k) 3, (3k-5k) 24, (5k-65534) 6, (65k) 0 
collected one batch of samples. pages to migrate = 504 
no slow pages to promote
pages migrated: 109, lfu # items: 12918, lfu sample size: 18600000, samples: 18600000, node 0 mem 799692
CBF freq dist: (1) 274, (1-100) 1394, (100-1000) 11033, (1k-2k) 12, (2k-3k) 0, (3k-5k) 1, (5k-65534) 452, (65k) 26 
CBF freq dist: (1) -19, (1-100) 2732, (100-1000) 127, (1k-2k) 349, (2k-3k) 14, (3k-5k) 24, (5k-65534) 7, (65k) 0 
collected one batch of samples. pages to migrate = 510 
no slow pages to promote
pages migrated: 109, lfu # items: 12918, lfu sample size: 18700000, samples: 18700000, node 0 mem 799692
CBF freq dist: (1) 274, (1-100) 1394, (100-1000) 11033, (1k-2k) 12, (2k-3k) 0, (3k-5k) 1, (5k-65534) 452, (65k) 26 
CBF freq dist: (1) -19, (1-100) 2685, (100-1000) 174, (1k-2k) 185, (2k-3k) 178, (3k-5k) 14, (5k-65534) 17, (65k) 0 
[DEBUG] Halving CBF counters.
collected one batch of samples. pages to migrate = 512 
no slow pages to promote
pages migrated: 109, lfu # items: 12918, lfu sample size: 18800000, samples: 18800000, node 0 mem 799692
CBF freq dist: (1) 274, (1-100) 1394, (100-1000) 11033, (1k-2k) 12, (2k-3k) 0, (3k-5k) 1, (5k-65534) 452, (65k) 26 
CBF freq dist: (1) 25, (1-100) 2803, (100-1000) 82, (1k-2k) 357, (2k-3k) 16, (3k-5k) 13, (5k-65534) 1, (65k) 0 
collected one batch of samples. pages to migrate = 503 
no slow pages to promote
pages migrated: 109, lfu # items: 12925, lfu sample size: 18900000, samples: 18900000, node 0 mem 799692
CBF freq dist: (1) 274, (1-100) 1399, (100-1000) 11035, (1k-2k) 12, (2k-3k) 0, (3k-5k) 1, (5k-65534) 451, (65k) 27 
CBF freq dist: (1) 25, (1-100) 2799, (100-1000) 80, (1k-2k) 363, (2k-3k) 6, (3k-5k) 20, (5k-65534) 4, (65k) 0 
collected one batch of samples. pages to migrate = 511 
no slow pages to promote
pages migrated: 109, lfu # items: 12936, lfu sample size: 19000000, samples: 19000000, node 0 mem 799692
CBF freq dist: (1) 274, (1-100) 1408, (100-1000) 11037, (1k-2k) 12, (2k-3k) 0, (3k-5k) 1, (5k-65534) 451, (65k) 27 
CBF freq dist: (1) 26, (1-100) 2793, (100-1000) 86, (1k-2k) 362, (2k-3k) 5, (3k-5k) 22, (5k-65534) 6, (65k) 0 
collected one batch of samples. pages to migrate = 513 
start promoting 1 pages
pages migrated: 110, lfu # items: 12939, lfu sample size: 19100000, samples: 19100000, node 0 mem 797648
CBF freq dist: (1) 275, (1-100) 1411, (100-1000) 11037, (1k-2k) 12, (2k-3k) 0, (3k-5k) 1, (5k-65534) 451, (65k) 27 
CBF freq dist: (1) 24, (1-100) 2771, (100-1000) 108, (1k-2k) 356, (2k-3k) 8, (3k-5k) 25, (5k-65534) 6, (65k) 0 
collected one batch of samples. pages to migrate = 518 
no slow pages to promote
pages migrated: 110, lfu # items: 12939, lfu sample size: 19200000, samples: 19200000, node 0 mem 797648
CBF freq dist: (1) 275, (1-100) 1410, (100-1000) 11038, (1k-2k) 12, (2k-3k) 0, (3k-5k) 1, (5k-65534) 451, (65k) 27 
CBF freq dist: (1) 24, (1-100) 2739, (100-1000) 140, (1k-2k) 313, (2k-3k) 51, (3k-5k) 23, (5k-65534) 8, (65k) 0 
[DEBUG] Halving CBF counters.
collected one batch of samples. pages to migrate = 510 
no slow pages to promote
pages migrated: 110, lfu # items: 12939, lfu sample size: 19300000, samples: 19300000, node 0 mem 797648
CBF freq dist: (1) 275, (1-100) 1410, (100-1000) 11038, (1k-2k) 12, (2k-3k) 0, (3k-5k) 1, (5k-65534) 451, (65k) 27 
CBF freq dist: (1) -29, (1-100) 2789, (100-1000) 96, (1k-2k) 339, (2k-3k) 19, (3k-5k) 7, (5k-65534) 0, (65k) 0 
collected one batch of samples. pages to migrate = 514 
no slow pages to promote
pages migrated: 110, lfu # items: 12939, lfu sample size: 19400000, samples: 19400000, node 0 mem 797648
CBF freq dist: (1) 275, (1-100) 1409, (100-1000) 11039, (1k-2k) 12, (2k-3k) 0, (3k-5k) 1, (5k-65534) 451, (65k) 27 
CBF freq dist: (1) -29, (1-100) 2789, (100-1000) 77, (1k-2k) 356, (2k-3k) 6, (3k-5k) 19, (5k-65534) 3, (65k) 0 
collected one batch of samples. pages to migrate = 511 
no slow pages to promote
pages migrated: 110, lfu # items: 12939, lfu sample size: 19500000, samples: 19500000, node 0 mem 797640
CBF freq dist: (1) 275, (1-100) 1409, (100-1000) 11039, (1k-2k) 12, (2k-3k) 0, (3k-5k) 1, (5k-65534) 451, (65k) 27 
CBF freq dist: (1) -29, (1-100) 2782, (100-1000) 79, (1k-2k) 361, (2k-3k) 3, (3k-5k) 19, (5k-65534) 6, (65k) 0 
collected one batch of samples. pages to migrate = 513 
no slow pages to promote
pages migrated: 110, lfu # items: 12939, lfu sample size: 19600000, samples: 19600000, node 0 mem 797640
CBF freq dist: (1) 275, (1-100) 1409, (100-1000) 11039, (1k-2k) 12, (2k-3k) 0, (3k-5k) 1, (5k-65534) 451, (65k) 27 
CBF freq dist: (1) -29, (1-100) 2762, (100-1000) 98, (1k-2k) 358, (2k-3k) 5, (3k-5k) 21, (5k-65534) 6, (65k) 0 
collected one batch of samples. pages to migrate = 505 
no slow pages to promote
pages migrated: 110, lfu # items: 12939, lfu sample size: 19700000, samples: 19700000, node 0 mem 797640
CBF freq dist: (1) 275, (1-100) 1409, (100-1000) 11039, (1k-2k) 12, (2k-3k) 0, (3k-5k) 1, (5k-65534) 451, (65k) 27 
CBF freq dist: (1) -29, (1-100) 2726, (100-1000) 134, (1k-2k) 344, (2k-3k) 17, (3k-5k) 22, (5k-65534) 7, (65k) 0 
collected one batch of samples. pages to migrate = 501 
no slow pages to promote
pages migrated: 110, lfu # items: 12939, lfu sample size: 19800000, samples: 19800000, node 0 mem 797640
CBF freq dist: (1) 275, (1-100) 1409, (100-1000) 11039, (1k-2k) 12, (2k-3k) 0, (3k-5k) 1, (5k-65534) 451, (65k) 27 
CBF freq dist: (1) -29, (1-100) 2664, (100-1000) 196, (1k-2k) 189, (2k-3k) 172, (3k-5k) 14, (5k-65534) 15, (65k) 0 
[DEBUG] Halving CBF counters.
collected one batch of samples. pages to migrate = 509 
no slow pages to promote
pages migrated: 110, lfu # items: 12939, lfu sample size: 19900000, samples: 19900000, node 0 mem 797636
CBF freq dist: (1) 275, (1-100) 1408, (100-1000) 11039, (1k-2k) 13, (2k-3k) 0, (3k-5k) 1, (5k-65534) 451, (65k) 27 
CBF freq dist: (1) 45, (1-100) 2815, (100-1000) 83, (1k-2k) 349, (2k-3k) 18, (3k-5k) 13, (5k-65534) 1, (65k) 0 
[DEBUG] Number of hot pages promoted in 50 batches = 1 
[INFO] Reached promotion plateau. cur hot page size 1033895936, fast mem 80% 3435973836
[INFO] Decrease hot thresh to 800.
collected one batch of samples. pages to migrate = 519 
start promoting 1 pages
pages migrated: 111, lfu # items: 12939, lfu sample size: 20000000, samples: 20000000, node 0 mem 795548
CBF freq dist: (1) 275, (1-100) 1407, (100-1000) 11040, (1k-2k) 13, (2k-3k) 0, (3k-5k) 1, (5k-65534) 451, (65k) 27 
CBF freq dist: (1) 45, (1-100) 2814, (100-1000) 80, (1k-2k) 354, (2k-3k) 9, (3k-5k) 19, (5k-65534) 4, (65k) 0 
collected one batch of samples. pages to migrate = 503 
no slow pages to promote
pages migrated: 111, lfu # items: 12939, lfu sample size: 20100000, samples: 20100000, node 0 mem 795588
CBF freq dist: (1) 275, (1-100) 1407, (100-1000) 11040, (1k-2k) 13, (2k-3k) 0, (3k-5k) 1, (5k-65534) 451, (65k) 27 
CBF freq dist: (1) 45, (1-100) 2803, (100-1000) 89, (1k-2k) 353, (2k-3k) 7, (3k-5k) 22, (5k-65534) 6, (65k) 0 
collected one batch of samples. pages to migrate = 507 
start promoting 1 pages
pages migrated: 112, lfu # items: 12939, lfu sample size: 20200000, samples: 20200000, node 0 mem 793544
CBF freq dist: (1) 275, (1-100) 1407, (100-1000) 11040, (1k-2k) 13, (2k-3k) 0, (3k-5k) 1, (5k-65534) 451, (65k) 27 
CBF freq dist: (1) 45, (1-100) 2787, (100-1000) 105, (1k-2k) 345, (2k-3k) 13, (3k-5k) 24, (5k-65534) 6, (65k) 0 
collected one batch of samples. pages to migrate = 507 
no slow pages to promote
pages migrated: 112, lfu # items: 12939, lfu sample size: 20300000, samples: 20300000, node 0 mem 793544
CBF freq dist: (1) 275, (1-100) 1407, (100-1000) 11040, (1k-2k) 13, (2k-3k) 0, (3k-5k) 1, (5k-65534) 451, (65k) 27 
CBF freq dist: (1) 45, (1-100) 2761, (100-1000) 131, (1k-2k) 296, (2k-3k) 62, (3k-5k) 21, (5k-65534) 9, (65k) 0 
[DEBUG] Halving CBF counters.
collected one batch of samples. pages to migrate = 516 
no slow pages to promote
pages migrated: 112, lfu # items: 12939, lfu sample size: 20400000, samples: 20400000, node 0 mem 793544
CBF freq dist: (1) 275, (1-100) 1407, (100-1000) 11040, (1k-2k) 13, (2k-3k) 0, (3k-5k) 1, (5k-65534) 450, (65k) 28 
CBF freq dist: (1) -8, (1-100) 2776, (100-1000) 76, (1k-2k) 353, (2k-3k) 23, (3k-5k) 7, (5k-65534) 0, (65k) 0 
collected one batch of samples. pages to migrate = 507 
no slow pages to promote
pages migrated: 112, lfu # items: 12939, lfu sample size: 20500000, samples: 20500000, node 0 mem 793544
CBF freq dist: (1) 275, (1-100) 1407, (100-1000) 11040, (1k-2k) 13, (2k-3k) 0, (3k-5k) 1, (5k-65534) 450, (65k) 28 
CBF freq dist: (1) -8, (1-100) 2771, (100-1000) 67, (1k-2k) 366, (2k-3k) 11, (3k-5k) 17, (5k-65534) 3, (65k) 0 
collected one batch of samples. pages to migrate = 507 
no slow pages to promote
pages migrated: 112, lfu # items: 12939, lfu sample size: 20600000, samples: 20600000, node 0 mem 793544
CBF freq dist: (1) 275, (1-100) 1406, (100-1000) 11041, (1k-2k) 13, (2k-3k) 0, (3k-5k) 1, (5k-65534) 450, (65k) 28 
CBF freq dist: (1) -8, (1-100) 2767, (100-1000) 67, (1k-2k) 369, (2k-3k) 8, (3k-5k) 19, (5k-65534) 5, (65k) 0 
collected one batch of samples. pages to migrate = 509 
no slow pages to promote
pages migrated: 112, lfu # items: 12940, lfu sample size: 20700000, samples: 20700000, node 0 mem 793544
CBF freq dist: (1) 274, (1-100) 1406, (100-1000) 11042, (1k-2k) 13, (2k-3k) 0, (3k-5k) 1, (5k-65534) 449, (65k) 29 
CBF freq dist: (1) -8, (1-100) 2755, (100-1000) 79, (1k-2k) 366, (2k-3k) 6, (3k-5k) 23, (5k-65534) 6, (65k) 0 
collected one batch of samples. pages to migrate = 510 
no slow pages to promote
pages migrated: 112, lfu # items: 12940, lfu sample size: 20800000, samples: 20800000, node 0 mem 793544
CBF freq dist: (1) 274, (1-100) 1406, (100-1000) 11042, (1k-2k) 13, (2k-3k) 0, (3k-5k) 1, (5k-65534) 449, (65k) 29 
CBF freq dist: (1) -8, (1-100) 2734, (100-1000) 100, (1k-2k) 347, (2k-3k) 24, (3k-5k) 23, (5k-65534) 7, (65k) 0 
collected one batch of samples. pages to migrate = 501 
no slow pages to promote
pages migrated: 112, lfu # items: 12940, lfu sample size: 20900000, samples: 20900000, node 0 mem 793536
CBF freq dist: (1) 274, (1-100) 1406, (100-1000) 11042, (1k-2k) 13, (2k-3k) 0, (3k-5k) 1, (5k-65534) 449, (65k) 29 
CBF freq dist: (1) -8, (1-100) 2682, (100-1000) 151, (1k-2k) 190, (2k-3k) 182, (3k-5k) 15, (5k-65534) 15, (65k) 0 
[DEBUG] Halving CBF counters.
collected one batch of samples. pages to migrate = 514 
no slow pages to promote
pages migrated: 112, lfu # items: 12940, lfu sample size: 21000000, samples: 21000000, node 0 mem 793536
CBF freq dist: (1) 274, (1-100) 1406, (100-1000) 11042, (1k-2k) 13, (2k-3k) 0, (3k-5k) 1, (5k-65534) 449, (65k) 29 
CBF freq dist: (1) 4, (1-100) 2775, (100-1000) 84, (1k-2k) 354, (2k-3k) 16, (3k-5k) 14, (5k-65534) 1, (65k) 0 
collected one batch of samples. pages to migrate = 512 
no slow pages to promote
pages migrated: 112, lfu # items: 12940, lfu sample size: 21100000, samples: 21100000, node 0 mem 793536
CBF freq dist: (1) 274, (1-100) 1406, (100-1000) 11042, (1k-2k) 13, (2k-3k) 0, (3k-5k) 1, (5k-65534) 449, (65k) 29 
CBF freq dist: (1) 4, (1-100) 2775, (100-1000) 78, (1k-2k) 360, (2k-3k) 7, (3k-5k) 21, (5k-65534) 3, (65k) 0 
collected one batch of samples. pages to migrate = 507 
no slow pages to promote
pages migrated: 112, lfu # items: 12940, lfu sample size: 21200000, samples: 21200000, node 0 mem 793536
CBF freq dist: (1) 274, (1-100) 1406, (100-1000) 11042, (1k-2k) 13, (2k-3k) 0, (3k-5k) 1, (5k-65534) 449, (65k) 29 
CBF freq dist: (1) 4, (1-100) 2768, (100-1000) 83, (1k-2k) 359, (2k-3k) 7, (3k-5k) 21, (5k-65534) 6, (65k) 0 
collected one batch of samples. pages to migrate = 506 
no slow pages to promote
pages migrated: 112, lfu # items: 12940, lfu sample size: 21300000, samples: 21300000, node 0 mem 793536
CBF freq dist: (1) 274, (1-100) 1406, (100-1000) 11042, (1k-2k) 13, (2k-3k) 0, (3k-5k) 1, (5k-65534) 449, (65k) 29 
CBF freq dist: (1) 4, (1-100) 2752, (100-1000) 99, (1k-2k) 352, (2k-3k) 11, (3k-5k) 24, (5k-65534) 6, (65k) 0 
collected one batch of samples. pages to migrate = 507 
no slow pages to promote
pages migrated: 112, lfu # items: 12940, lfu sample size: 21400000, samples: 21400000, node 0 mem 793536
CBF freq dist: (1) 274, (1-100) 1406, (100-1000) 11042, (1k-2k) 13, (2k-3k) 0, (3k-5k) 1, (5k-65534) 449, (65k) 29 
CBF freq dist: (1) 4, (1-100) 2721, (100-1000) 130, (1k-2k) 310, (2k-3k) 53, (3k-5k) 20, (5k-65534) 10, (65k) 0 
[DEBUG] Halving CBF counters.
collected one batch of samples. pages to migrate = 511 
no slow pages to promote
pages migrated: 112, lfu # items: 12940, lfu sample size: 21500000, samples: 21500000, node 0 mem 793536
CBF freq dist: (1) 274, (1-100) 1406, (100-1000) 11042, (1k-2k) 13, (2k-3k) 0, (3k-5k) 1, (5k-65534) 449, (65k) 29 
CBF freq dist: (1) -41, (1-100) 2783, (100-1000) 86, (1k-2k) 341, (2k-3k) 21, (3k-5k) 8, (5k-65534) 1, (65k) 0 
collected one batch of samples. pages to migrate = 504 
no slow pages to promote
pages migrated: 112, lfu # items: 12940, lfu sample size: 21600000, samples: 21600000, node 0 mem 793536
CBF freq dist: (1) 274, (1-100) 1406, (100-1000) 11042, (1k-2k) 12, (2k-3k) 1, (3k-5k) 1, (5k-65534) 449, (65k) 29 
CBF freq dist: (1) -41, (1-100) 2783, (100-1000) 69, (1k-2k) 356, (2k-3k) 11, (3k-5k) 18, (5k-65534) 3, (65k) 0 
collected one batch of samples. pages to migrate = 508 
no slow pages to promote
pages migrated: 112, lfu # items: 12940, lfu sample size: 21700000, samples: 21700000, node 0 mem 793536
CBF freq dist: (1) 274, (1-100) 1406, (100-1000) 11042, (1k-2k) 12, (2k-3k) 1, (3k-5k) 1, (5k-65534) 449, (65k) 29 
CBF freq dist: (1) -41, (1-100) 2777, (100-1000) 70, (1k-2k) 361, (2k-3k) 5, (3k-5k) 21, (5k-65534) 6, (65k) 0 
collected one batch of samples. pages to migrate = 511 
no slow pages to promote
pages migrated: 112, lfu # items: 12940, lfu sample size: 21800000, samples: 21800000, node 0 mem 793536
CBF freq dist: (1) 274, (1-100) 1406, (100-1000) 11042, (1k-2k) 12, (2k-3k) 1, (3k-5k) 1, (5k-65534) 449, (65k) 29 
CBF freq dist: (1) -41, (1-100) 2759, (100-1000) 88, (1k-2k) 356, (2k-3k) 10, (3k-5k) 22, (5k-65534) 6, (65k) 0 
collected one batch of samples. pages to migrate = 505 
no slow pages to promote
pages migrated: 112, lfu # items: 12940, lfu sample size: 21900000, samples: 21900000, node 0 mem 793536
CBF freq dist: (1) 274, (1-100) 1406, (100-1000) 11042, (1k-2k) 12, (2k-3k) 1, (3k-5k) 1, (5k-65534) 449, (65k) 29 
CBF freq dist: (1) -41, (1-100) 2739, (100-1000) 108, (1k-2k) 347, (2k-3k) 17, (3k-5k) 23, (5k-65534) 7, (65k) 0 
collected one batch of samples. pages to migrate = 504 
no slow pages to promote
pages migrated: 112, lfu # items: 12940, lfu sample size: 22000000, samples: 22000000, node 0 mem 793536
CBF freq dist: (1) 274, (1-100) 1406, (100-1000) 11042, (1k-2k) 12, (2k-3k) 1, (3k-5k) 1, (5k-65534) 449, (65k) 29 
CBF freq dist: (1) -41, (1-100) 2679, (100-1000) 168, (1k-2k) 191, (2k-3k) 173, (3k-5k) 13, (5k-65534) 17, (65k) 0 
[DEBUG] Halving CBF counters.
collected one batch of samples. pages to migrate = 509 
no slow pages to promote
pages migrated: 112, lfu # items: 12940, lfu sample size: 22100000, samples: 22100000, node 0 mem 793536
CBF freq dist: (1) 274, (1-100) 1406, (100-1000) 11042, (1k-2k) 12, (2k-3k) 1, (3k-5k) 1, (5k-65534) 449, (65k) 29 
CBF freq dist: (1) 47, (1-100) 2813, (100-1000) 77, (1k-2k) 361, (2k-3k) 17, (3k-5k) 13, (5k-65534) 1, (65k) 0 
collected one batch of samples. pages to migrate = 510 
no slow pages to promote
pages migrated: 112, lfu # items: 12940, lfu sample size: 22200000, samples: 22200000, node 0 mem 793536
CBF freq dist: (1) 274, (1-100) 1406, (100-1000) 11042, (1k-2k) 12, (2k-3k) 1, (3k-5k) 1, (5k-65534) 449, (65k) 29 
CBF freq dist: (1) 47, (1-100) 2810, (100-1000) 75, (1k-2k) 366, (2k-3k) 7, (3k-5k) 20, (5k-65534) 4, (65k) 0 
collected one batch of samples. pages to migrate = 507 
no slow pages to promote
pages migrated: 112, lfu # items: 12940, lfu sample size: 22300000, samples: 22300000, node 0 mem 793532
CBF freq dist: (1) 274, (1-100) 1405, (100-1000) 11043, (1k-2k) 12, (2k-3k) 1, (3k-5k) 1, (5k-65534) 449, (65k) 29 
CBF freq dist: (1) 47, (1-100) 2805, (100-1000) 77, (1k-2k) 366, (2k-3k) 5, (3k-5k) 23, (5k-65534) 6, (65k) 0 
collected one batch of samples. pages to migrate = 509 
no slow pages to promote
pages migrated: 112, lfu # items: 12940, lfu sample size: 22400000, samples: 22400000, node 0 mem 793532
CBF freq dist: (1) 274, (1-100) 1405, (100-1000) 11043, (1k-2k) 12, (2k-3k) 1, (3k-5k) 1, (5k-65534) 449, (65k) 29 
CBF freq dist: (1) 47, (1-100) 2786, (100-1000) 96, (1k-2k) 358, (2k-3k) 10, (3k-5k) 26, (5k-65534) 6, (65k) 0 
collected one batch of samples. pages to migrate = 512 
no slow pages to promote
pages migrated: 112, lfu # items: 12940, lfu sample size: 22500000, samples: 22500000, node 0 mem 793536
CBF freq dist: (1) 274, (1-100) 1405, (100-1000) 11043, (1k-2k) 12, (2k-3k) 1, (3k-5k) 1, (5k-65534) 449, (65k) 29 
CBF freq dist: (1) 47, (1-100) 2754, (100-1000) 128, (1k-2k) 317, (2k-3k) 51, (3k-5k) 22, (5k-65534) 10, (65k) 0 
[DEBUG] Halving CBF counters.
collected one batch of samples. pages to migrate = 512 
no slow pages to promote
pages migrated: 112, lfu # items: 12940, lfu sample size: 22600000, samples: 22600000, node 0 mem 793536
CBF freq dist: (1) 274, (1-100) 1405, (100-1000) 11043, (1k-2k) 12, (2k-3k) 1, (3k-5k) 1, (5k-65534) 449, (65k) 29 
CBF freq dist: (1) -50, (1-100) 2772, (100-1000) 87, (1k-2k) 346, (2k-3k) 22, (3k-5k) 8, (5k-65534) 0, (65k) 0 
collected one batch of samples. pages to migrate = 510 
start promoting 1 pages
pages migrated: 113, lfu # items: 12940, lfu sample size: 22700000, samples: 22700000, node 0 mem 790324
CBF freq dist: (1) 274, (1-100) 1405, (100-1000) 11043, (1k-2k) 12, (2k-3k) 1, (3k-5k) 1, (5k-65534) 449, (65k) 29 
CBF freq dist: (1) -50, (1-100) 2772, (100-1000) 66, (1k-2k) 366, (2k-3k) 10, (3k-5k) 18, (5k-65534) 3, (65k) 0 
collected one batch of samples. pages to migrate = 514 
no slow pages to promote
pages migrated: 113, lfu # items: 12940, lfu sample size: 22800000, samples: 22800000, node 0 mem 791484
CBF freq dist: (1) 274, (1-100) 1405, (100-1000) 11043, (1k-2k) 12, (2k-3k) 1, (3k-5k) 1, (5k-65534) 449, (65k) 29 
CBF freq dist: (1) -49, (1-100) 2761, (100-1000) 77, (1k-2k) 367, (2k-3k) 5, (3k-5k) 20, (5k-65534) 6, (65k) 0 
collected one batch of samples. pages to migrate = 507 
start promoting 1 pages
pages migrated: 114, lfu # items: 12940, lfu sample size: 22900000, samples: 22900000, node 0 mem 788016
CBF freq dist: (1) 274, (1-100) 1404, (100-1000) 11044, (1k-2k) 12, (2k-3k) 1, (3k-5k) 1, (5k-65534) 449, (65k) 29 
CBF freq dist: (1) -49, (1-100) 2743, (100-1000) 93, (1k-2k) 363, (2k-3k) 5, (3k-5k) 26, (5k-65534) 6, (65k) 0 
collected one batch of samples. pages to migrate = 506 
no slow pages to promote
pages migrated: 114, lfu # items: 12940, lfu sample size: 23000000, samples: 23000000, node 0 mem 789436
CBF freq dist: (1) 274, (1-100) 1404, (100-1000) 11044, (1k-2k) 12, (2k-3k) 1, (3k-5k) 1, (5k-65534) 449, (65k) 29 
CBF freq dist: (1) -49, (1-100) 2710, (100-1000) 126, (1k-2k) 352, (2k-3k) 15, (3k-5k) 26, (5k-65534) 7, (65k) 0 
collected one batch of samples. pages to migrate = 514 
start promoting 1 pages
pages migrated: 115, lfu # items: 12940, lfu sample size: 23100000, samples: 23100000, node 0 mem 787388
CBF freq dist: (1) 274, (1-100) 1404, (100-1000) 11044, (1k-2k) 12, (2k-3k) 1, (3k-5k) 1, (5k-65534) 449, (65k) 29 
CBF freq dist: (1) -49, (1-100) 2652, (100-1000) 184, (1k-2k) 204, (2k-3k) 163, (3k-5k) 15, (5k-65534) 18, (65k) 0 
[DEBUG] Halving CBF counters.
collected one batch of samples. pages to migrate = 509 
no slow pages to promote
pages migrated: 115, lfu # items: 12946, lfu sample size: 23200000, samples: 23200000, node 0 mem 787388
CBF freq dist: (1) 276, (1-100) 1409, (100-1000) 11045, (1k-2k) 12, (2k-3k) 1, (3k-5k) 1, (5k-65534) 449, (65k) 29 
CBF freq dist: (1) 43, (1-100) 2812, (100-1000) 77, (1k-2k) 366, (2k-3k) 14, (3k-5k) 15, (5k-65534) 1, (65k) 0 
collected one batch of samples. pages to migrate = 511 
no slow pages to promote
pages migrated: 115, lfu # items: 12951, lfu sample size: 23300000, samples: 23300000, node 0 mem 787388
CBF freq dist: (1) 276, (1-100) 1414, (100-1000) 11045, (1k-2k) 12, (2k-3k) 1, (3k-5k) 1, (5k-65534) 449, (65k) 29 
CBF freq dist: (1) 45, (1-100) 2811, (100-1000) 75, (1k-2k) 371, (2k-3k) 7, (3k-5k) 20, (5k-65534) 3, (65k) 0 
collected one batch of samples. pages to migrate = 517 
start promoting 3 pages
pages migrated: 118, lfu # items: 12951, lfu sample size: 23400000, samples: 23400000, node 0 mem 780672
CBF freq dist: (1) 276, (1-100) 1414, (100-1000) 11045, (1k-2k) 12, (2k-3k) 1, (3k-5k) 1, (5k-65534) 449, (65k) 29 
CBF freq dist: (1) 45, (1-100) 2806, (100-1000) 79, (1k-2k) 371, (2k-3k) 5, (3k-5k) 21, (5k-65534) 6, (65k) 0 
collected one batch of samples. pages to migrate = 502 
start promoting 1 pages
pages migrated: 119, lfu # items: 12951, lfu sample size: 23500000, samples: 23500000, node 0 mem 779212
CBF freq dist: (1) 276, (1-100) 1414, (100-1000) 11045, (1k-2k) 12, (2k-3k) 1, (3k-5k) 1, (5k-65534) 449, (65k) 29 
CBF freq dist: (1) 45, (1-100) 2791, (100-1000) 94, (1k-2k) 362, (2k-3k) 12, (3k-5k) 23, (5k-65534) 6, (65k) 0 
collected one batch of samples. pages to migrate = 503 
no slow pages to promote
pages migrated: 119, lfu # items: 12951, lfu sample size: 23600000, samples: 23600000, node 0 mem 779212
CBF freq dist: (1) 275, (1-100) 1413, (100-1000) 11046, (1k-2k) 12, (2k-3k) 1, (3k-5k) 1, (5k-65534) 449, (65k) 29 
CBF freq dist: (1) 45, (1-100) 2755, (100-1000) 130, (1k-2k) 322, (2k-3k) 52, (3k-5k) 18, (5k-65534) 11, (65k) 0 
[DEBUG] Halving CBF counters.
collected one batch of samples. pages to migrate = 507 
start promoting 1 pages
pages migrated: 120, lfu # items: 12951, lfu sample size: 23700000, samples: 23700000, node 0 mem 775708
CBF freq dist: (1) 275, (1-100) 1413, (100-1000) 11046, (1k-2k) 12, (2k-3k) 1, (3k-5k) 1, (5k-65534) 449, (65k) 29 
CBF freq dist: (1) -18, (1-100) 2782, (100-1000) 83, (1k-2k) 348, (2k-3k) 22, (3k-5k) 8, (5k-65534) 0, (65k) 0 
collected one batch of samples. pages to migrate = 522 
no slow pages to promote
pages migrated: 120, lfu # items: 12951, lfu sample size: 23800000, samples: 23800000, node 0 mem 777144
CBF freq dist: (1) 275, (1-100) 1411, (100-1000) 11048, (1k-2k) 12, (2k-3k) 1, (3k-5k) 1, (5k-65534) 449, (65k) 29 
CBF freq dist: (1) -17, (1-100) 2781, (100-1000) 69, (1k-2k) 362, (2k-3k) 12, (3k-5k) 18, (5k-65534) 2, (65k) 0 
collected one batch of samples. pages to migrate = 511 
start promoting 1 pages
pages migrated: 121, lfu # items: 12951, lfu sample size: 23900000, samples: 23900000, node 0 mem 775328
CBF freq dist: (1) 275, (1-100) 1411, (100-1000) 11048, (1k-2k) 12, (2k-3k) 1, (3k-5k) 1, (5k-65534) 449, (65k) 29 
CBF freq dist: (1) -17, (1-100) 2776, (100-1000) 70, (1k-2k) 364, (2k-3k) 9, (3k-5k) 19, (5k-65534) 6, (65k) 0 
collected one batch of samples. pages to migrate = 511 
no slow pages to promote
pages migrated: 121, lfu # items: 12951, lfu sample size: 24000000, samples: 24000000, node 0 mem 775096
CBF freq dist: (1) 275, (1-100) 1410, (100-1000) 11049, (1k-2k) 12, (2k-3k) 1, (3k-5k) 1, (5k-65534) 449, (65k) 29 
CBF freq dist: (1) -17, (1-100) 2757, (100-1000) 88, (1k-2k) 361, (2k-3k) 9, (3k-5k) 23, (5k-65534) 6, (65k) 0 
collected one batch of samples. pages to migrate = 514 
start promoting 1 pages
pages migrated: 122, lfu # items: 12951, lfu sample size: 24100000, samples: 24100000, node 0 mem 773128
CBF freq dist: (1) 275, (1-100) 1409, (100-1000) 11050, (1k-2k) 12, (2k-3k) 1, (3k-5k) 1, (5k-65534) 449, (65k) 29 
CBF freq dist: (1) -17, (1-100) 2717, (100-1000) 128, (1k-2k) 350, (2k-3k) 18, (3k-5k) 24, (5k-65534) 7, (65k) 0 
collected one batch of samples. pages to migrate = 510 
start promoting 1 pages
pages migrated: 123, lfu # items: 12951, lfu sample size: 24200000, samples: 24200000, node 0 mem 771148
CBF freq dist: (1) 275, (1-100) 1409, (100-1000) 11050, (1k-2k) 12, (2k-3k) 1, (3k-5k) 1, (5k-65534) 449, (65k) 29 
CBF freq dist: (1) -17, (1-100) 2674, (100-1000) 171, (1k-2k) 210, (2k-3k) 158, (3k-5k) 13, (5k-65534) 18, (65k) 0 
[DEBUG] Halving CBF counters.
collected one batch of samples. pages to migrate = 504 
no slow pages to promote
pages migrated: 123, lfu # items: 12951, lfu sample size: 24300000, samples: 24300000, node 0 mem 771000
CBF freq dist: (1) 275, (1-100) 1409, (100-1000) 11050, (1k-2k) 12, (2k-3k) 1, (3k-5k) 1, (5k-65534) 449, (65k) 29 
CBF freq dist: (1) 15, (1-100) 2795, (100-1000) 76, (1k-2k) 360, (2k-3k) 14, (3k-5k) 15, (5k-65534) 1, (65k) 0 
collected one batch of samples. pages to migrate = 512 
start promoting 7 pages
pages migrated: 130, lfu # items: 12951, lfu sample size: 24400000, samples: 24400000, node 0 mem 755212
CBF freq dist: (1) 275, (1-100) 1409, (100-1000) 11050, (1k-2k) 12, (2k-3k) 1, (3k-5k) 1, (5k-65534) 449, (65k) 29 
CBF freq dist: (1) 15, (1-100) 2793, (100-1000) 75, (1k-2k) 363, (2k-3k) 6, (3k-5k) 20, (5k-65534) 4, (65k) 0 
collected one batch of samples. pages to migrate = 515 
start promoting 2 pages
pages migrated: 132, lfu # items: 12951, lfu sample size: 24500000, samples: 24500000, node 0 mem 752584
CBF freq dist: (1) 275, (1-100) 1409, (100-1000) 11050, (1k-2k) 12, (2k-3k) 1, (3k-5k) 1, (5k-65534) 449, (65k) 29 
CBF freq dist: (1) 16, (1-100) 2783, (100-1000) 84, (1k-2k) 362, (2k-3k) 6, (3k-5k) 21, (5k-65534) 6, (65k) 0 
collected one batch of samples. pages to migrate = 518 
start promoting 1 pages
pages migrated: 133, lfu # items: 12951, lfu sample size: 24600000, samples: 24600000, node 0 mem 750540
CBF freq dist: (1) 275, (1-100) 1409, (100-1000) 11050, (1k-2k) 12, (2k-3k) 1, (3k-5k) 1, (5k-65534) 449, (65k) 29 
CBF freq dist: (1) 16, (1-100) 2767, (100-1000) 100, (1k-2k) 358, (2k-3k) 6, (3k-5k) 25, (5k-65534) 6, (65k) 0 
collected one batch of samples. pages to migrate = 518 
start promoting 2 pages
pages migrated: 135, lfu # items: 12951, lfu sample size: 24700000, samples: 24700000, node 0 mem 745576
CBF freq dist: (1) 275, (1-100) 1409, (100-1000) 11050, (1k-2k) 12, (2k-3k) 1, (3k-5k) 1, (5k-65534) 449, (65k) 29 
CBF freq dist: (1) 15, (1-100) 2741, (100-1000) 126, (1k-2k) 320, (2k-3k) 44, (3k-5k) 18, (5k-65534) 13, (65k) 0 
[DEBUG] Halving CBF counters.
collected one batch of samples. pages to migrate = 515 
start promoting 3 pages
pages migrated: 138, lfu # items: 12951, lfu sample size: 24800000, samples: 24800000, node 0 mem 740324
CBF freq dist: (1) 275, (1-100) 1407, (100-1000) 11052, (1k-2k) 12, (2k-3k) 1, (3k-5k) 1, (5k-65534) 449, (65k) 29 
CBF freq dist: (1) 90, (1-100) 2786, (100-1000) 104, (1k-2k) 328, (2k-3k) 20, (3k-5k) 8, (5k-65534) 1, (65k) 0 
collected one batch of samples. pages to migrate = 516 
start promoting 1 pages
pages migrated: 139, lfu # items: 12952, lfu sample size: 24900000, samples: 24900000, node 0 mem 737112
CBF freq dist: (1) 276, (1-100) 1408, (100-1000) 11052, (1k-2k) 12, (2k-3k) 1, (3k-5k) 1, (5k-65534) 449, (65k) 29 
CBF freq dist: (1) 89, (1-100) 2786, (100-1000) 79, (1k-2k) 352, (2k-3k) 9, (3k-5k) 19, (5k-65534) 2, (65k) 0 
[DEBUG] Number of hot pages promoted in 50 batches = 29 
[INFO] Reached promotion plateau. cur hot page size 1056964608, fast mem 80% 3435973836
[INFO] Decrease hot thresh to 700.
collected one batch of samples. pages to migrate = 535 
start promoting 20 pages
pages migrated: 159, lfu # items: 12952, lfu sample size: 25000000, samples: 25000000, node 0 mem 696772
CBF freq dist: (1) 276, (1-100) 1408, (100-1000) 11052, (1k-2k) 11, (2k-3k) 2, (3k-5k) 1, (5k-65534) 449, (65k) 29 
CBF freq dist: (1) 89, (1-100) 2779, (100-1000) 81, (1k-2k) 356, (2k-3k) 5, (3k-5k) 22, (5k-65534) 4, (65k) 0 
collected one batch of samples. pages to migrate = 544 
start promoting 14 pages
pages migrated: 173, lfu # items: 12952, lfu sample size: 25100000, samples: 25100000, node 0 mem 668756
CBF freq dist: (1) 276, (1-100) 1408, (100-1000) 11052, (1k-2k) 11, (2k-3k) 2, (3k-5k) 1, (5k-65534) 449, (65k) 29 
CBF freq dist: (1) 89, (1-100) 2754, (100-1000) 105, (1k-2k) 353, (2k-3k) 7, (3k-5k) 23, (5k-65534) 5, (65k) 0 
collected one batch of samples. pages to migrate = 529 
start promoting 2 pages
pages migrated: 175, lfu # items: 12952, lfu sample size: 25200000, samples: 25200000, node 0 mem 663952
CBF freq dist: (1) 276, (1-100) 1408, (100-1000) 11052, (1k-2k) 11, (2k-3k) 2, (3k-5k) 1, (5k-65534) 449, (65k) 29 
CBF freq dist: (1) 89, (1-100) 2716, (100-1000) 143, (1k-2k) 345, (2k-3k) 13, (3k-5k) 24, (5k-65534) 6, (65k) 0 
collected one batch of samples. pages to migrate = 526 
no slow pages to promote
pages migrated: 175, lfu # items: 12952, lfu sample size: 25300000, samples: 25300000, node 0 mem 664504
CBF freq dist: (1) 276, (1-100) 1408, (100-1000) 11052, (1k-2k) 11, (2k-3k) 2, (3k-5k) 1, (5k-65534) 449, (65k) 29 
CBF freq dist: (1) 89, (1-100) 2643, (100-1000) 216, (1k-2k) 216, (2k-3k) 142, (3k-5k) 15, (5k-65534) 15, (65k) 0 
[DEBUG] Halving CBF counters.
collected one batch of samples. pages to migrate = 532 
no slow pages to promote
pages migrated: 175, lfu # items: 12952, lfu sample size: 25400000, samples: 25400000, node 0 mem 664504
CBF freq dist: (1) 276, (1-100) 1408, (100-1000) 11052, (1k-2k) 11, (2k-3k) 2, (3k-5k) 1, (5k-65534) 449, (65k) 29 
CBF freq dist: (1) -57, (1-100) 2694, (100-1000) 78, (1k-2k) 358, (2k-3k) 13, (3k-5k) 13, (5k-65534) 2, (65k) 0 
collected one batch of samples. pages to migrate = 520 
no slow pages to promote
pages migrated: 175, lfu # items: 12952, lfu sample size: 25500000, samples: 25500000, node 0 mem 664504
CBF freq dist: (1) 276, (1-100) 1408, (100-1000) 11052, (1k-2k) 11, (2k-3k) 2, (3k-5k) 1, (5k-65534) 449, (65k) 29 
CBF freq dist: (1) -57, (1-100) 2690, (100-1000) 76, (1k-2k) 364, (2k-3k) 4, (3k-5k) 21, (5k-65534) 3, (65k) 0 
collected one batch of samples. pages to migrate = 516 
no slow pages to promote
pages migrated: 175, lfu # items: 12952, lfu sample size: 25600000, samples: 25600000, node 0 mem 664504
CBF freq dist: (1) 276, (1-100) 1408, (100-1000) 11052, (1k-2k) 11, (2k-3k) 2, (3k-5k) 1, (5k-65534) 449, (65k) 29 
CBF freq dist: (1) -57, (1-100) 2678, (100-1000) 86, (1k-2k) 364, (2k-3k) 3, (3k-5k) 21, (5k-65534) 6, (65k) 0 
collected one batch of samples. pages to migrate = 516 
no slow pages to promote
pages migrated: 175, lfu # items: 12952, lfu sample size: 25700000, samples: 25700000, node 0 mem 664500
CBF freq dist: (1) 276, (1-100) 1408, (100-1000) 11052, (1k-2k) 11, (2k-3k) 2, (3k-5k) 1, (5k-65534) 449, (65k) 29 
CBF freq dist: (1) -57, (1-100) 2648, (100-1000) 116, (1k-2k) 359, (2k-3k) 4, (3k-5k) 25, (5k-65534) 6, (65k) 0 
collected one batch of samples. pages to migrate = 529 
no slow pages to promote
pages migrated: 175, lfu # items: 12952, lfu sample size: 25800000, samples: 25800000, node 0 mem 664500
CBF freq dist: (1) 276, (1-100) 1408, (100-1000) 11052, (1k-2k) 11, (2k-3k) 2, (3k-5k) 1, (5k-65534) 449, (65k) 29 
CBF freq dist: (1) -57, (1-100) 2614, (100-1000) 150, (1k-2k) 324, (2k-3k) 38, (3k-5k) 21, (5k-65534) 11, (65k) 0 
[DEBUG] Halving CBF counters.
collected one batch of samples. pages to migrate = 525 
start promoting 1 pages
pages migrated: 176, lfu # items: 12952, lfu sample size: 25900000, samples: 25900000, node 0 mem 662304
CBF freq dist: (1) 276, (1-100) 1408, (100-1000) 11052, (1k-2k) 11, (2k-3k) 2, (3k-5k) 1, (5k-65534) 449, (65k) 29 
CBF freq dist: (1) 33, (1-100) 2749, (100-1000) 103, (1k-2k) 334, (2k-3k) 20, (3k-5k) 8, (5k-65534) 1, (65k) 0 
collected one batch of samples. pages to migrate = 527 
no slow pages to promote
pages migrated: 176, lfu # items: 12952, lfu sample size: 26000000, samples: 26000000, node 0 mem 662304
CBF freq dist: (1) 276, (1-100) 1408, (100-1000) 11052, (1k-2k) 11, (2k-3k) 2, (3k-5k) 1, (5k-65534) 449, (65k) 29 
CBF freq dist: (1) 33, (1-100) 2745, (100-1000) 86, (1k-2k) 354, (2k-3k) 8, (3k-5k) 19, (5k-65534) 3, (65k) 0 
collected one batch of samples. pages to migrate = 521 
no slow pages to promote
pages migrated: 176, lfu # items: 12952, lfu sample size: 26100000, samples: 26100000, node 0 mem 662304
CBF freq dist: (1) 276, (1-100) 1408, (100-1000) 11052, (1k-2k) 11, (2k-3k) 2, (3k-5k) 1, (5k-65534) 449, (65k) 29 
CBF freq dist: (1) 32, (1-100) 2738, (100-1000) 87, (1k-2k) 360, (2k-3k) 4, (3k-5k) 21, (5k-65534) 5, (65k) 0 
collected one batch of samples. pages to migrate = 526 
no slow pages to promote
pages migrated: 176, lfu # items: 12952, lfu sample size: 26200000, samples: 26200000, node 0 mem 662304
CBF freq dist: (1) 276, (1-100) 1408, (100-1000) 11052, (1k-2k) 11, (2k-3k) 2, (3k-5k) 1, (5k-65534) 449, (65k) 29 
CBF freq dist: (1) 32, (1-100) 2720, (100-1000) 104, (1k-2k) 358, (2k-3k) 4, (3k-5k) 23, (5k-65534) 6, (65k) 0 
collected one batch of samples. pages to migrate = 533 
no slow pages to promote
pages migrated: 176, lfu # items: 12952, lfu sample size: 26300000, samples: 26300000, node 0 mem 662304
CBF freq dist: (1) 276, (1-100) 1408, (100-1000) 11052, (1k-2k) 11, (2k-3k) 2, (3k-5k) 1, (5k-65534) 449, (65k) 29 
CBF freq dist: (1) 33, (1-100) 2696, (100-1000) 129, (1k-2k) 343, (2k-3k) 18, (3k-5k) 23, (5k-65534) 7, (65k) 0 
collected one batch of samples. pages to migrate = 530 
no slow pages to promote
pages migrated: 176, lfu # items: 12952, lfu sample size: 26400000, samples: 26400000, node 0 mem 662304
CBF freq dist: (1) 276, (1-100) 1408, (100-1000) 11052, (1k-2k) 11, (2k-3k) 2, (3k-5k) 1, (5k-65534) 449, (65k) 29 
CBF freq dist: (1) 33, (1-100) 2650, (100-1000) 174, (1k-2k) 178, (2k-3k) 184, (3k-5k) 15, (5k-65534) 15, (65k) 0 
[DEBUG] Halving CBF counters.
collected one batch of samples. pages to migrate = 532 
no slow pages to promote
pages migrated: 176, lfu # items: 12952, lfu sample size: 26500000, samples: 26500000, node 0 mem 662456
CBF freq dist: (1) 276, (1-100) 1408, (100-1000) 11052, (1k-2k) 11, (2k-3k) 2, (3k-5k) 1, (5k-65534) 449, (65k) 29 
CBF freq dist: (1) -42, (1-100) 2717, (100-1000) 76, (1k-2k) 360, (2k-3k) 15, (3k-5k) 14, (5k-65534) 1, (65k) 0 
collected one batch of samples. pages to migrate = 534 
no slow pages to promote
pages migrated: 176, lfu # items: 12952, lfu sample size: 26600000, samples: 26600000, node 0 mem 662452
CBF freq dist: (1) 276, (1-100) 1408, (100-1000) 11052, (1k-2k) 11, (2k-3k) 2, (3k-5k) 1, (5k-65534) 449, (65k) 29 
CBF freq dist: (1) -42, (1-100) 2712, (100-1000) 76, (1k-2k) 365, (2k-3k) 6, (3k-5k) 21, (5k-65534) 3, (65k) 0 
collected one batch of samples. pages to migrate = 527 
start promoting 1 pages
pages migrated: 177, lfu # items: 12952, lfu sample size: 26700000, samples: 26700000, node 0 mem 660260
CBF freq dist: (1) 276, (1-100) 1408, (100-1000) 11052, (1k-2k) 11, (2k-3k) 2, (3k-5k) 1, (5k-65534) 449, (65k) 29 
CBF freq dist: (1) -42, (1-100) 2702, (100-1000) 85, (1k-2k) 363, (2k-3k) 5, (3k-5k) 22, (5k-65534) 6, (65k) 0 
collected one batch of samples. pages to migrate = 530 
start promoting 1 pages
pages migrated: 178, lfu # items: 12952, lfu sample size: 26800000, samples: 26800000, node 0 mem 657964
CBF freq dist: (1) 276, (1-100) 1408, (100-1000) 11052, (1k-2k) 10, (2k-3k) 3, (3k-5k) 1, (5k-65534) 449, (65k) 29 
CBF freq dist: (1) -42, (1-100) 2686, (100-1000) 100, (1k-2k) 357, (2k-3k) 9, (3k-5k) 25, (5k-65534) 6, (65k) 0 
collected one batch of samples. pages to migrate = 525 
no slow pages to promote
pages migrated: 178, lfu # items: 12952, lfu sample size: 26900000, samples: 26900000, node 0 mem 658356
CBF freq dist: (1) 276, (1-100) 1408, (100-1000) 11052, (1k-2k) 10, (2k-3k) 3, (3k-5k) 1, (5k-65534) 447, (65k) 31 
CBF freq dist: (1) -41, (1-100) 2660, (100-1000) 127, (1k-2k) 312, (2k-3k) 54, (3k-5k) 21, (5k-65534) 10, (65k) 0 
[DEBUG] Halving CBF counters.
collected one batch of samples. pages to migrate = 526 
start promoting 1 pages
pages migrated: 179, lfu # items: 12952, lfu sample size: 27000000, samples: 27000000, node 0 mem 656500
CBF freq dist: (1) 276, (1-100) 1408, (100-1000) 11052, (1k-2k) 10, (2k-3k) 3, (3k-5k) 1, (5k-65534) 447, (65k) 31 
CBF freq dist: (1) -1, (1-100) 2776, (100-1000) 73, (1k-2k) 348, (2k-3k) 20, (3k-5k) 9, (5k-65534) 0, (65k) 0 
collected one batch of samples. pages to migrate = 533 
start promoting 2 pages
pages migrated: 181, lfu # items: 12952, lfu sample size: 27100000, samples: 27100000, node 0 mem 651332
CBF freq dist: (1) 276, (1-100) 1408, (100-1000) 11052, (1k-2k) 10, (2k-3k) 3, (3k-5k) 1, (5k-65534) 447, (65k) 31 
CBF freq dist: (1) -1, (1-100) 2774, (100-1000) 61, (1k-2k) 362, (2k-3k) 6, (3k-5k) 20, (5k-65534) 3, (65k) 0 
collected one batch of samples. pages to migrate = 532 
start promoting 1 pages
pages migrated: 182, lfu # items: 12952, lfu sample size: 27200000, samples: 27200000, node 0 mem 650016
CBF freq dist: (1) 276, (1-100) 1408, (100-1000) 11052, (1k-2k) 10, (2k-3k) 3, (3k-5k) 1, (5k-65534) 447, (65k) 31 
CBF freq dist: (1) -1, (1-100) 2772, (100-1000) 59, (1k-2k) 364, (2k-3k) 6, (3k-5k) 21, (5k-65534) 4, (65k) 0 
collected one batch of samples. pages to migrate = 511 
no slow pages to promote
pages migrated: 182, lfu # items: 12952, lfu sample size: 27300000, samples: 27300000, node 0 mem 650356
CBF freq dist: (1) 276, (1-100) 1408, (100-1000) 11052, (1k-2k) 10, (2k-3k) 3, (3k-5k) 1, (5k-65534) 447, (65k) 31 
CBF freq dist: (1) -1, (1-100) 2757, (100-1000) 73, (1k-2k) 364, (2k-3k) 2, (3k-5k) 24, (5k-65534) 6, (65k) 0 
collected one batch of samples. pages to migrate = 524 
no slow pages to promote
pages migrated: 182, lfu # items: 12952, lfu sample size: 27400000, samples: 27400000, node 0 mem 650356
CBF freq dist: (1) 276, (1-100) 1408, (100-1000) 11052, (1k-2k) 10, (2k-3k) 3, (3k-5k) 1, (5k-65534) 447, (65k) 31 
CBF freq dist: (1) -1, (1-100) 2739, (100-1000) 91, (1k-2k) 345, (2k-3k) 21, (3k-5k) 24, (5k-65534) 6, (65k) 0 
collected one batch of samples. pages to migrate = 528 
no slow pages to promote
pages migrated: 182, lfu # items: 12955, lfu sample size: 27500000, samples: 27500000, node 0 mem 650356
CBF freq dist: (1) 276, (1-100) 1411, (100-1000) 11052, (1k-2k) 10, (2k-3k) 3, (3k-5k) 1, (5k-65534) 447, (65k) 31 
CBF freq dist: (1) -1, (1-100) 2693, (100-1000) 137, (1k-2k) 179, (2k-3k) 187, (3k-5k) 14, (5k-65534) 16, (65k) 0 
[DEBUG] Halving CBF counters.
collected one batch of samples. pages to migrate = 518 
start promoting 1 pages
pages migrated: 183, lfu # items: 12960, lfu sample size: 27600000, samples: 27600000, node 0 mem 647764
CBF freq dist: (1) 277, (1-100) 1416, (100-1000) 11052, (1k-2k) 10, (2k-3k) 3, (3k-5k) 1, (5k-65534) 447, (65k) 31 
CBF freq dist: (1) 11, (1-100) 2760, (100-1000) 78, (1k-2k) 359, (2k-3k) 15, (3k-5k) 15, (5k-65534) 0, (65k) 0 
collected one batch of samples. pages to migrate = 529 
start promoting 1 pages
pages migrated: 184, lfu # items: 12960, lfu sample size: 27700000, samples: 27700000, node 0 mem 645944
CBF freq dist: (1) 277, (1-100) 1416, (100-1000) 11052, (1k-2k) 10, (2k-3k) 3, (3k-5k) 1, (5k-65534) 447, (65k) 31 
CBF freq dist: (1) 12, (1-100) 2760, (100-1000) 77, (1k-2k) 361, (2k-3k) 7, (3k-5k) 21, (5k-65534) 2, (65k) 0 
collected one batch of samples. pages to migrate = 523 
no slow pages to promote
pages migrated: 184, lfu # items: 12960, lfu sample size: 27800000, samples: 27800000, node 0 mem 646284
CBF freq dist: (1) 277, (1-100) 1416, (100-1000) 11052, (1k-2k) 10, (2k-3k) 3, (3k-5k) 1, (5k-65534) 447, (65k) 31 
CBF freq dist: (1) 12, (1-100) 2755, (100-1000) 79, (1k-2k) 361, (2k-3k) 7, (3k-5k) 21, (5k-65534) 5, (65k) 0 
collected one batch of samples. pages to migrate = 540 
no slow pages to promote
pages migrated: 184, lfu # items: 12960, lfu sample size: 27900000, samples: 27900000, node 0 mem 646064
CBF freq dist: (1) 277, (1-100) 1416, (100-1000) 11052, (1k-2k) 10, (2k-3k) 3, (3k-5k) 1, (5k-65534) 447, (65k) 31 
CBF freq dist: (1) 12, (1-100) 2737, (100-1000) 96, (1k-2k) 353, (2k-3k) 14, (3k-5k) 23, (5k-65534) 5, (65k) 0 
collected one batch of samples. pages to migrate = 537 
start promoting 1 pages
pages migrated: 185, lfu # items: 12960, lfu sample size: 28000000, samples: 28000000, node 0 mem 644112
CBF freq dist: (1) 277, (1-100) 1416, (100-1000) 11052, (1k-2k) 10, (2k-3k) 3, (3k-5k) 1, (5k-65534) 447, (65k) 31 
CBF freq dist: (1) 11, (1-100) 2718, (100-1000) 115, (1k-2k) 310, (2k-3k) 57, (3k-5k) 18, (5k-65534) 10, (65k) 0 
[DEBUG] Halving CBF counters.
collected one batch of samples. pages to migrate = 528 
no slow pages to promote
pages migrated: 185, lfu # items: 12960, lfu sample size: 28100000, samples: 28100000, node 0 mem 643920
CBF freq dist: (1) 277, (1-100) 1416, (100-1000) 11052, (1k-2k) 10, (2k-3k) 3, (3k-5k) 1, (5k-65534) 446, (65k) 32 
CBF freq dist: (1) -75, (1-100) 2759, (100-1000) 85, (1k-2k) 345, (2k-3k) 20, (3k-5k) 8, (5k-65534) 0, (65k) 0 
collected one batch of samples. pages to migrate = 530 
start promoting 1 pages
pages migrated: 186, lfu # items: 12960, lfu sample size: 28200000, samples: 28200000, node 0 mem 641968
CBF freq dist: (1) 277, (1-100) 1416, (100-1000) 11052, (1k-2k) 10, (2k-3k) 3, (3k-5k) 1, (5k-65534) 446, (65k) 32 
CBF freq dist: (1) -76, (1-100) 2758, (100-1000) 73, (1k-2k) 357, (2k-3k) 8, (3k-5k) 19, (5k-65534) 2, (65k) 0 
collected one batch of samples. pages to migrate = 527 
start promoting 2 pages
pages migrated: 188, lfu # items: 12960, lfu sample size: 28300000, samples: 28300000, node 0 mem 637872
CBF freq dist: (1) 277, (1-100) 1416, (100-1000) 11052, (1k-2k) 10, (2k-3k) 3, (3k-5k) 1, (5k-65534) 446, (65k) 32 
CBF freq dist: (1) -76, (1-100) 2755, (100-1000) 72, (1k-2k) 359, (2k-3k) 6, (3k-5k) 19, (5k-65534) 6, (65k) 0 
collected one batch of samples. pages to migrate = 522 
start promoting 1 pages
pages migrated: 189, lfu # items: 12960, lfu sample size: 28400000, samples: 28400000, node 0 mem 635632
CBF freq dist: (1) 277, (1-100) 1416, (100-1000) 11052, (1k-2k) 10, (2k-3k) 3, (3k-5k) 1, (5k-65534) 446, (65k) 32 
CBF freq dist: (1) -76, (1-100) 2736, (100-1000) 90, (1k-2k) 355, (2k-3k) 7, (3k-5k) 23, (5k-65534) 6, (65k) 0 
collected one batch of samples. pages to migrate = 523 
start promoting 1 pages
pages migrated: 190, lfu # items: 12960, lfu sample size: 28500000, samples: 28500000, node 0 mem 633728
CBF freq dist: (1) 277, (1-100) 1416, (100-1000) 11052, (1k-2k) 10, (2k-3k) 3, (3k-5k) 1, (5k-65534) 446, (65k) 32 
CBF freq dist: (1) -76, (1-100) 2717, (100-1000) 109, (1k-2k) 340, (2k-3k) 21, (3k-5k) 22, (5k-65534) 8, (65k) 0 
collected one batch of samples. pages to migrate = 527 
no slow pages to promote
pages migrated: 190, lfu # items: 12960, lfu sample size: 28600000, samples: 28600000, node 0 mem 633772
CBF freq dist: (1) 277, (1-100) 1416, (100-1000) 11052, (1k-2k) 10, (2k-3k) 3, (3k-5k) 1, (5k-65534) 446, (65k) 32 
CBF freq dist: (1) -76, (1-100) 2680, (100-1000) 145, (1k-2k) 173, (2k-3k) 189, (3k-5k) 16, (5k-65534) 14, (65k) 0 
[DEBUG] Halving CBF counters.
collected one batch of samples. pages to migrate = 526 
no slow pages to promote
pages migrated: 190, lfu # items: 12960, lfu sample size: 28700000, samples: 28700000, node 0 mem 633772
CBF freq dist: (1) 277, (1-100) 1416, (100-1000) 11052, (1k-2k) 10, (2k-3k) 3, (3k-5k) 1, (5k-65534) 446, (65k) 32 
CBF freq dist: (1) 59, (1-100) 2830, (100-1000) 74, (1k-2k) 357, (2k-3k) 19, (3k-5k) 12, (5k-65534) 1, (65k) 0 
collected one batch of samples. pages to migrate = 524 
start promoting 1 pages
pages migrated: 191, lfu # items: 12960, lfu sample size: 28800000, samples: 28800000, node 0 mem 631916
CBF freq dist: (1) 277, (1-100) 1415, (100-1000) 11053, (1k-2k) 10, (2k-3k) 3, (3k-5k) 1, (5k-65534) 446, (65k) 32 
CBF freq dist: (1) 59, (1-100) 2829, (100-1000) 72, (1k-2k) 360, (2k-3k) 8, (3k-5k) 21, (5k-65534) 3, (65k) 0 
collected one batch of samples. pages to migrate = 527 
start promoting 1 pages
pages migrated: 192, lfu # items: 12960, lfu sample size: 28900000, samples: 28900000, node 0 mem 629816
CBF freq dist: (1) 277, (1-100) 1415, (100-1000) 11053, (1k-2k) 10, (2k-3k) 3, (3k-5k) 1, (5k-65534) 446, (65k) 32 
CBF freq dist: (1) 59, (1-100) 2818, (100-1000) 80, (1k-2k) 361, (2k-3k) 7, (3k-5k) 21, (5k-65534) 6, (65k) 0 
collected one batch of samples. pages to migrate = 524 
no slow pages to promote
pages migrated: 192, lfu # items: 12960, lfu sample size: 29000000, samples: 29000000, node 0 mem 629816
CBF freq dist: (1) 277, (1-100) 1415, (100-1000) 11053, (1k-2k) 10, (2k-3k) 3, (3k-5k) 1, (5k-65534) 446, (65k) 32 
CBF freq dist: (1) 59, (1-100) 2806, (100-1000) 92, (1k-2k) 352, (2k-3k) 13, (3k-5k) 24, (5k-65534) 6, (65k) 0 
collected one batch of samples. pages to migrate = 535 
start promoting 2 pages
pages migrated: 194, lfu # items: 12962, lfu sample size: 29100000, samples: 29100000, node 0 mem 625616
CBF freq dist: (1) 278, (1-100) 1417, (100-1000) 11053, (1k-2k) 10, (2k-3k) 3, (3k-5k) 1, (5k-65534) 446, (65k) 32 
CBF freq dist: (1) 59, (1-100) 2781, (100-1000) 117, (1k-2k) 304, (2k-3k) 61, (3k-5k) 21, (5k-65534) 9, (65k) 0 
[DEBUG] Halving CBF counters.
collected one batch of samples. pages to migrate = 526 
start promoting 1 pages
pages migrated: 195, lfu # items: 12962, lfu sample size: 29200000, samples: 29200000, node 0 mem 623420
CBF freq dist: (1) 278, (1-100) 1417, (100-1000) 11053, (1k-2k) 10, (2k-3k) 3, (3k-5k) 1, (5k-65534) 446, (65k) 32 
CBF freq dist: (1) -25, (1-100) 2778, (100-1000) 75, (1k-2k) 352, (2k-3k) 20, (3k-5k) 9, (5k-65534) 0, (65k) 0 
collected one batch of samples. pages to migrate = 539 
start promoting 6 pages
pages migrated: 201, lfu # items: 12962, lfu sample size: 29300000, samples: 29300000, node 0 mem 611332
CBF freq dist: (1) 278, (1-100) 1417, (100-1000) 11053, (1k-2k) 10, (2k-3k) 3, (3k-5k) 1, (5k-65534) 446, (65k) 32 
CBF freq dist: (1) -25, (1-100) 2776, (100-1000) 64, (1k-2k) 364, (2k-3k) 8, (3k-5k) 20, (5k-65534) 2, (65k) 0 
collected one batch of samples. pages to migrate = 537 
start promoting 5 pages
pages migrated: 206, lfu # items: 12962, lfu sample size: 29400000, samples: 29400000, node 0 mem 600912
CBF freq dist: (1) 278, (1-100) 1417, (100-1000) 11053, (1k-2k) 10, (2k-3k) 3, (3k-5k) 1, (5k-65534) 446, (65k) 32 
CBF freq dist: (1) -25, (1-100) 2772, (100-1000) 65, (1k-2k) 366, (2k-3k) 4, (3k-5k) 21, (5k-65534) 6, (65k) 0 
collected one batch of samples. pages to migrate = 538 
start promoting 2 pages
pages migrated: 208, lfu # items: 12962, lfu sample size: 29500000, samples: 29500000, node 0 mem 596656
CBF freq dist: (1) 278, (1-100) 1417, (100-1000) 11053, (1k-2k) 10, (2k-3k) 3, (3k-5k) 1, (5k-65534) 446, (65k) 32 
CBF freq dist: (1) -25, (1-100) 2761, (100-1000) 74, (1k-2k) 364, (2k-3k) 6, (3k-5k) 23, (5k-65534) 6, (65k) 0 
collected one batch of samples. pages to migrate = 547 
start promoting 9 pages
pages migrated: 217, lfu # items: 12962, lfu sample size: 29600000, samples: 29600000, node 0 mem 577972
CBF freq dist: (1) 278, (1-100) 1416, (100-1000) 11054, (1k-2k) 10, (2k-3k) 3, (3k-5k) 1, (5k-65534) 445, (65k) 33 
CBF freq dist: (1) -24, (1-100) 2735, (100-1000) 101, (1k-2k) 351, (2k-3k) 17, (3k-5k) 24, (5k-65534) 7, (65k) 0 
collected one batch of samples. pages to migrate = 542 
start promoting 7 pages
pages migrated: 224, lfu # items: 12962, lfu sample size: 29700000, samples: 29700000, node 0 mem 563756
CBF freq dist: (1) 278, (1-100) 1416, (100-1000) 11054, (1k-2k) 10, (2k-3k) 3, (3k-5k) 1, (5k-65534) 445, (65k) 33 
CBF freq dist: (1) -24, (1-100) 2692, (100-1000) 143, (1k-2k) 197, (2k-3k) 172, (3k-5k) 14, (5k-65534) 17, (65k) 0 
[DEBUG] Halving CBF counters.
collected one batch of samples. pages to migrate = 537 
start promoting 6 pages
pages migrated: 230, lfu # items: 12962, lfu sample size: 29800000, samples: 29800000, node 0 mem 551144
CBF freq dist: (1) 278, (1-100) 1415, (100-1000) 11055, (1k-2k) 10, (2k-3k) 3, (3k-5k) 1, (5k-65534) 445, (65k) 33 
CBF freq dist: (1) -9, (1-100) 2799, (100-1000) 71, (1k-2k) 358, (2k-3k) 19, (3k-5k) 11, (5k-65534) 2, (65k) 0 
collected one batch of samples. pages to migrate = 535 
start promoting 10 pages
pages migrated: 240, lfu # items: 12962, lfu sample size: 29900000, samples: 29900000, node 0 mem 531076
CBF freq dist: (1) 278, (1-100) 1415, (100-1000) 11055, (1k-2k) 10, (2k-3k) 3, (3k-5k) 1, (5k-65534) 445, (65k) 33 
CBF freq dist: (1) -9, (1-100) 2799, (100-1000) 66, (1k-2k) 363, (2k-3k) 9, (3k-5k) 20, (5k-65534) 3, (65k) 0 
[DEBUG] Number of hot pages promoted in 50 batches = 101 
collected one batch of samples. pages to migrate = 546 
start promoting 5 pages
pages migrated: 245, lfu # items: 12962, lfu sample size: 30000000, samples: 30000000, node 0 mem 520848
CBF freq dist: (1) 278, (1-100) 1415, (100-1000) 11055, (1k-2k) 10, (2k-3k) 3, (3k-5k) 1, (5k-65534) 445, (65k) 33 
CBF freq dist: (1) -9, (1-100) 2788, (100-1000) 75, (1k-2k) 362, (2k-3k) 8, (3k-5k) 21, (5k-65534) 6, (65k) 0 
collected one batch of samples. pages to migrate = 556 
start promoting 6 pages
pages migrated: 251, lfu # items: 12962, lfu sample size: 30100000, samples: 30100000, node 0 mem 508640
CBF freq dist: (1) 278, (1-100) 1415, (100-1000) 11055, (1k-2k) 10, (2k-3k) 3, (3k-5k) 1, (5k-65534) 445, (65k) 33 
CBF freq dist: (1) -9, (1-100) 2775, (100-1000) 88, (1k-2k) 358, (2k-3k) 9, (3k-5k) 24, (5k-65534) 6, (65k) 0 
collected one batch of samples. pages to migrate = 553 
start promoting 10 pages
pages migrated: 261, lfu # items: 12962, lfu sample size: 30200000, samples: 30200000, node 0 mem 488160
CBF freq dist: (1) 278, (1-100) 1415, (100-1000) 11055, (1k-2k) 10, (2k-3k) 3, (3k-5k) 1, (5k-65534) 445, (65k) 33 
CBF freq dist: (1) -9, (1-100) 2738, (100-1000) 125, (1k-2k) 314, (2k-3k) 53, (3k-5k) 19, (5k-65534) 11, (65k) 0 
[DEBUG] Halving CBF counters.
collected one batch of samples. pages to migrate = 548 
start promoting 4 pages
pages migrated: 265, lfu # items: 12962, lfu sample size: 30300000, samples: 30300000, node 0 mem 479852
CBF freq dist: (1) 278, (1-100) 1415, (100-1000) 11055, (1k-2k) 10, (2k-3k) 3, (3k-5k) 1, (5k-65534) 444, (65k) 34 
CBF freq dist: (1) 19, (1-100) 2809, (100-1000) 98, (1k-2k) 333, (2k-3k) 20, (3k-5k) 9, (5k-65534) 0, (65k) 0 
collected one batch of samples. pages to migrate = 562 
start promoting 12 pages
pages migrated: 277, lfu # items: 12962, lfu sample size: 30400000, samples: 30400000, node 0 mem 455284
CBF freq dist: (1) 278, (1-100) 1415, (100-1000) 11055, (1k-2k) 10, (2k-3k) 3, (3k-5k) 1, (5k-65534) 444, (65k) 34 
CBF freq dist: (1) 20, (1-100) 2809, (100-1000) 74, (1k-2k) 356, (2k-3k) 10, (3k-5k) 18, (5k-65534) 3, (65k) 0 
collected one batch of samples. pages to migrate = 568 
start promoting 14 pages
pages migrated: 291, lfu # items: 12962, lfu sample size: 30500000, samples: 30500000, node 0 mem 426656
CBF freq dist: (1) 278, (1-100) 1414, (100-1000) 11056, (1k-2k) 10, (2k-3k) 3, (3k-5k) 1, (5k-65534) 444, (65k) 34 
CBF freq dist: (1) 20, (1-100) 2806, (100-1000) 74, (1k-2k) 360, (2k-3k) 5, (3k-5k) 21, (5k-65534) 5, (65k) 0 
collected one batch of samples. pages to migrate = 582 
start promoting 29 pages
pages migrated: 320, lfu # items: 12962, lfu sample size: 30600000, samples: 30600000, node 0 mem 367256
CBF freq dist: (1) 278, (1-100) 1414, (100-1000) 11056, (1k-2k) 10, (2k-3k) 3, (3k-5k) 1, (5k-65534) 442, (65k) 36 
CBF freq dist: (1) 20, (1-100) 2785, (100-1000) 94, (1k-2k) 356, (2k-3k) 6, (3k-5k) 24, (5k-65534) 6, (65k) 0 
num_perf_record_lost count 100
collected one batch of samples. pages to migrate = 602 
start promoting 36 pages
pages migrated: 356, lfu # items: 12962, lfu sample size: 30700000, samples: 30700000, node 0 mem 293172
CBF freq dist: (1) 278, (1-100) 1414, (100-1000) 11056, (1k-2k) 10, (2k-3k) 3, (3k-5k) 1, (5k-65534) 442, (65k) 36 
CBF freq dist: (1) 20, (1-100) 2715, (100-1000) 164, (1k-2k) 344, (2k-3k) 16, (3k-5k) 24, (5k-65534) 8, (65k) 0 
collected one batch of samples. pages to migrate = 628 
start promoting 49 pages
pages migrated: 405, lfu # items: 12962, lfu sample size: 30800000, samples: 30800000, node 0 mem 193276
CBF freq dist: (1) 278, (1-100) 1414, (100-1000) 11056, (1k-2k) 10, (2k-3k) 3, (3k-5k) 1, (5k-65534) 442, (65k) 36 
CBF freq dist: (1) 20, (1-100) 2582, (100-1000) 296, (1k-2k) 243, (2k-3k) 118, (3k-5k) 16, (5k-65534) 16, (65k) 0 
[DEBUG] Halving CBF counters.
collected one batch of samples. pages to migrate = 640 
start promoting 40 pages
pages migrated: 445, lfu # items: 13505, lfu sample size: 30900000, samples: 30900000, node 0 mem 111720
CBF freq dist: (1) 724, (1-100) 1955, (100-1000) 11058, (1k-2k) 10, (2k-3k) 3, (3k-5k) 1, (5k-65534) 442, (65k) 36 
CBF freq dist: (1) 29, (1-100) 2776, (100-1000) 96, (1k-2k) 351, (2k-3k) 21, (3k-5k) 9, (5k-65534) 1, (65k) 0 
collected one batch of samples. pages to migrate = 654 
start promoting 57 pages
move page ret 57 
move page error: 2
pages migrated: 445, lfu # items: 13505, lfu sample size: 31000000, samples: 31000000, node 0 mem 69432
CBF freq dist: (1) 719, (1-100) 1953, (100-1000) 11060, (1k-2k) 10, (2k-3k) 3, (3k-5k) 1, (5k-65534) 442, (65k) 36 
CBF freq dist: (1) 28, (1-100) 2747, (100-1000) 120, (1k-2k) 356, (2k-3k) 9, (3k-5k) 19, (5k-65534) 3, (65k) 0 
collected one batch of samples. pages to migrate = 693 
start promoting 132 pages
move page ret -1 
move page error: 12
got ENOMEM. trying against with 26 pages 
second promote attempt return -1
pages migrated: 445, lfu # items: 13519, lfu sample size: 31100000, samples: 31100000, node 0 mem 69292
CBF freq dist: (1) 719, (1-100) 1966, (100-1000) 11061, (1k-2k) 10, (2k-3k) 3, (3k-5k) 1, (5k-65534) 442, (65k) 36 
CBF freq dist: (1) 26, (1-100) 2561, (100-1000) 304, (1k-2k) 358, (2k-3k) 6, (3k-5k) 21, (5k-65534) 4, (65k) 0 
collected one batch of samples. pages to migrate = 757 
start promoting 154 pages
move page ret -1 
move page error: 12
got ENOMEM. trying against with 30 pages 
second promote attempt return -1
pages migrated: 445, lfu # items: 13526, lfu sample size: 31200000, samples: 31200000, node 0 mem 69292
CBF freq dist: (1) 719, (1-100) 1971, (100-1000) 11063, (1k-2k) 10, (2k-3k) 3, (3k-5k) 1, (5k-65534) 441, (65k) 37 
CBF freq dist: (1) 26, (1-100) 2418, (100-1000) 445, (1k-2k) 355, (2k-3k) 9, (3k-5k) 21, (5k-65534) 6, (65k) 0 
collected one batch of samples. pages to migrate = 761 
start promoting 165 pages
move page ret -1 
move page error: 12
got ENOMEM. trying against with 33 pages 
second promote attempt return -1
pages migrated: 445, lfu # items: 13539, lfu sample size: 31300000, samples: 31300000, node 0 mem 69292
CBF freq dist: (1) 721, (1-100) 1982, (100-1000) 11065, (1k-2k) 10, (2k-3k) 3, (3k-5k) 1, (5k-65534) 441, (65k) 37 
CBF freq dist: (1) 26, (1-100) 2273, (100-1000) 590, (1k-2k) 347, (2k-3k) 15, (3k-5k) 22, (5k-65534) 7, (65k) 0 
[DEBUG] Halving CBF counters.
collected one batch of samples. pages to migrate = 789 
start promoting 205 pages
move page ret -1 
move page error: 12
got ENOMEM. trying against with 41 pages 
second promote attempt return -1
pages migrated: 445, lfu # items: 13539, lfu sample size: 31400000, samples: 31400000, node 0 mem 69292
CBF freq dist: (1) 721, (1-100) 1980, (100-1000) 11067, (1k-2k) 10, (2k-3k) 2, (3k-5k) 2, (5k-65534) 441, (65k) 37 
CBF freq dist: (1) -60, (1-100) 2756, (100-1000) 222, (1k-2k) 223, (2k-3k) 20, (3k-5k) 6, (5k-65534) 1, (65k) 0 
collected one batch of samples. pages to migrate = 819 
start promoting 233 pages
move page ret -1 
move page error: 12
got ENOMEM. trying against with 46 pages 
second promote attempt return -1
pages migrated: 445, lfu # items: 13539, lfu sample size: 31500000, samples: 31500000, node 0 mem 68844
CBF freq dist: (1) 721, (1-100) 1980, (100-1000) 11067, (1k-2k) 10, (2k-3k) 2, (3k-5k) 2, (5k-65534) 441, (65k) 37 
CBF freq dist: (1) -60, (1-100) 2734, (100-1000) 105, (1k-2k) 358, (2k-3k) 12, (3k-5k) 17, (5k-65534) 2, (65k) 0 
collected one batch of samples. pages to migrate = 883 
start promoting 304 pages
move page ret -1 
move page error: 12
got ENOMEM. trying against with 60 pages 
second promote attempt return -1
pages migrated: 445, lfu # items: 13539, lfu sample size: 31600000, samples: 31600000, node 0 mem 68844
CBF freq dist: (1) 721, (1-100) 1980, (100-1000) 11067, (1k-2k) 10, (2k-3k) 2, (3k-5k) 2, (5k-65534) 440, (65k) 38 
CBF freq dist: (1) -60, (1-100) 2689, (100-1000) 145, (1k-2k) 363, (2k-3k) 7, (3k-5k) 21, (5k-65534) 3, (65k) 0 
collected one batch of samples. pages to migrate = 887 
start promoting 305 pages
move page ret -1 
move page error: 12
got ENOMEM. trying against with 61 pages 
second promote attempt return -1
pages migrated: 445, lfu # items: 13539, lfu sample size: 31700000, samples: 31700000, node 0 mem 68844
CBF freq dist: (1) 721, (1-100) 1978, (100-1000) 11067, (1k-2k) 12, (2k-3k) 2, (3k-5k) 2, (5k-65534) 440, (65k) 38 
CBF freq dist: (1) -60, (1-100) 2612, (100-1000) 221, (1k-2k) 361, (2k-3k) 7, (3k-5k) 21, (5k-65534) 6, (65k) 0 
collected one batch of samples. pages to migrate = 916 
start promoting 312 pages
move page ret -1 
move page error: 12
got ENOMEM. trying against with 62 pages 
second promote attempt return -1
pages migrated: 445, lfu # items: 13539, lfu sample size: 31800000, samples: 31800000, node 0 mem 68844
CBF freq dist: (1) 721, (1-100) 1978, (100-1000) 11067, (1k-2k) 12, (2k-3k) 2, (3k-5k) 2, (5k-65534) 440, (65k) 38 
CBF freq dist: (1) -62, (1-100) 2507, (100-1000) 326, (1k-2k) 353, (2k-3k) 12, (3k-5k) 24, (5k-65534) 6, (65k) 0 
collected one batch of samples. pages to migrate = 925 
start promoting 333 pages
move page ret -1 
move page error: 12
got ENOMEM. trying against with 66 pages 
second promote attempt return -1
pages migrated: 445, lfu # items: 13539, lfu sample size: 31900000, samples: 31900000, node 0 mem 68844
CBF freq dist: (1) 721, (1-100) 1978, (100-1000) 11067, (1k-2k) 12, (2k-3k) 2, (3k-5k) 2, (5k-65534) 440, (65k) 38 
CBF freq dist: (1) -62, (1-100) 2387, (100-1000) 446, (1k-2k) 292, (2k-3k) 73, (3k-5k) 19, (5k-65534) 11, (65k) 0 
[DEBUG] Halving CBF counters.
collected one batch of samples. pages to migrate = 991 
start promoting 394 pages
move page ret -1 
move page error: 12
got ENOMEM. trying against with 78 pages 
second promote attempt return -1
pages migrated: 445, lfu # items: 13539, lfu sample size: 32000000, samples: 32000000, node 0 mem 68844
CBF freq dist: (1) 721, (1-100) 1978, (100-1000) 11067, (1k-2k) 12, (2k-3k) 2, (3k-5k) 2, (5k-65534) 440, (65k) 38 
CBF freq dist: (1) 29, (1-100) 2819, (100-1000) 83, (1k-2k) 355, (2k-3k) 24, (3k-5k) 8, (5k-65534) 1, (65k) 0 
collected one batch of samples. pages to migrate = 983 
start promoting 398 pages
move page ret -1 
move page error: 12
got ENOMEM. trying against with 79 pages 
second promote attempt return -1
pages migrated: 445, lfu # items: 13539, lfu sample size: 32100000, samples: 32100000, node 0 mem 68844
CBF freq dist: (1) 721, (1-100) 1977, (100-1000) 11068, (1k-2k) 12, (2k-3k) 2, (3k-5k) 2, (5k-65534) 440, (65k) 38 
CBF freq dist: (1) 29, (1-100) 2796, (100-1000) 101, (1k-2k) 360, (2k-3k) 11, (3k-5k) 19, (5k-65534) 3, (65k) 0 
collected one batch of samples. pages to migrate = 1012 
start promoting 427 pages
move page ret -1 
move page error: 12
got ENOMEM. trying against with 85 pages 
second promote attempt return -1
pages migrated: 445, lfu # items: 13539, lfu sample size: 32200000, samples: 32200000, node 0 mem 68844
CBF freq dist: (1) 721, (1-100) 1973, (100-1000) 11072, (1k-2k) 12, (2k-3k) 2, (3k-5k) 2, (5k-65534) 438, (65k) 40 
CBF freq dist: (1) 28, (1-100) 2774, (100-1000) 120, (1k-2k) 361, (2k-3k) 8, (3k-5k) 21, (5k-65534) 6, (65k) 0 
collected one batch of samples. pages to migrate = 1178 
start promoting 587 pages
move page ret -1 
move page error: 12
got ENOMEM. trying against with 117 pages 
second promote attempt return -1
pages migrated: 445, lfu # items: 13539, lfu sample size: 32300000, samples: 32300000, node 0 mem 68844
CBF freq dist: (1) 721, (1-100) 1973, (100-1000) 11072, (1k-2k) 12, (2k-3k) 2, (3k-5k) 2, (5k-65534) 437, (65k) 41 
CBF freq dist: (1) 28, (1-100) 2678, (100-1000) 215, (1k-2k) 359, (2k-3k) 8, (3k-5k) 24, (5k-65534) 6, (65k) 0 
collected one batch of samples. pages to migrate = 1084 
start promoting 468 pages
move page ret -1 
move page error: 12
got ENOMEM. trying against with 93 pages 
second promote attempt return -1
pages migrated: 445, lfu # items: 13539, lfu sample size: 32400000, samples: 32400000, node 0 mem 68844
CBF freq dist: (1) 721, (1-100) 1971, (100-1000) 11074, (1k-2k) 12, (2k-3k) 2, (3k-5k) 2, (5k-65534) 436, (65k) 42 
CBF freq dist: (1) 27, (1-100) 2582, (100-1000) 311, (1k-2k) 343, (2k-3k) 22, (3k-5k) 24, (5k-65534) 8, (65k) 0 
[DEBUG] Halving CBF counters.
collected one batch of samples. pages to migrate = 1130 
start promoting 546 pages
move page ret -1 
move page error: 12
got ENOMEM. trying against with 109 pages 
second promote attempt return -1
pages migrated: 445, lfu # items: 13539, lfu sample size: 32500000, samples: 32500000, node 0 mem 68844
CBF freq dist: (1) 721, (1-100) 1969, (100-1000) 11076, (1k-2k) 12, (2k-3k) 2, (3k-5k) 2, (5k-65534) 435, (65k) 43 
CBF freq dist: (1) 5, (1-100) 2800, (100-1000) 146, (1k-2k) 291, (2k-3k) 19, (3k-5k) 6, (5k-65534) 1, (65k) 0 
collected one batch of samples. pages to migrate = 1098 
start promoting 515 pages
move page ret -1 
move page error: 12
got ENOMEM. trying against with 103 pages 
second promote attempt return -1
pages migrated: 445, lfu # items: 13539, lfu sample size: 32600000, samples: 32600000, node 0 mem 68844
CBF freq dist: (1) 721, (1-100) 1969, (100-1000) 11075, (1k-2k) 13, (2k-3k) 2, (3k-5k) 2, (5k-65534) 434, (65k) 44 
CBF freq dist: (1) 3, (1-100) 2793, (100-1000) 83, (1k-2k) 359, (2k-3k) 8, (3k-5k) 18, (5k-65534) 2, (65k) 0 
num_perf_record_lost count 200
collected one batch of samples. pages to migrate = 1167 
start promoting 566 pages
move page ret -1 
move page error: 12
got ENOMEM. trying against with 113 pages 
second promote attempt return -1
pages migrated: 445, lfu # items: 13539, lfu sample size: 32700000, samples: 32700000, node 0 mem 68844
CBF freq dist: (1) 721, (1-100) 1969, (100-1000) 11075, (1k-2k) 13, (2k-3k) 2, (3k-5k) 2, (5k-65534) 434, (65k) 44 
CBF freq dist: (1) 3, (1-100) 2770, (100-1000) 99, (1k-2k) 366, (2k-3k) 3, (3k-5k) 19, (5k-65534) 6, (65k) 0 
collected one batch of samples. pages to migrate = 1168 
start promoting 567 pages
move page ret -1 
move page error: 12
got ENOMEM. trying against with 113 pages 
second promote attempt return -1
pages migrated: 445, lfu # items: 13539, lfu sample size: 32800000, samples: 32800000, node 0 mem 68844
CBF freq dist: (1) 721, (1-100) 1967, (100-1000) 11077, (1k-2k) 13, (2k-3k) 2, (3k-5k) 2, (5k-65534) 434, (65k) 44 
CBF freq dist: (1) 3, (1-100) 2729, (100-1000) 139, (1k-2k) 363, (2k-3k) 2, (3k-5k) 24, (5k-65534) 6, (65k) 0 
collected one batch of samples. pages to migrate = 1294 
start promoting 709 pages
move page ret -1 
move page error: 12
got ENOMEM. trying against with 141 pages 
second promote attempt return -1
pages migrated: 445, lfu # items: 13539, lfu sample size: 32900000, samples: 32900000, node 0 mem 68844
CBF freq dist: (1) 721, (1-100) 1967, (100-1000) 11076, (1k-2k) 14, (2k-3k) 2, (3k-5k) 2, (5k-65534) 433, (65k) 45 
CBF freq dist: (1) 3, (1-100) 2612, (100-1000) 256, (1k-2k) 358, (2k-3k) 5, (3k-5k) 25, (5k-65534) 7, (65k) 0 
collected one batch of samples. pages to migrate = 1183 
start promoting 582 pages
move page ret -1 
move page error: 12
got ENOMEM. trying against with 116 pages 
second promote attempt return -1
pages migrated: 445, lfu # items: 13539, lfu sample size: 33000000, samples: 33000000, node 0 mem 68844
CBF freq dist: (1) 721, (1-100) 1966, (100-1000) 11077, (1k-2k) 14, (2k-3k) 2, (3k-5k) 2, (5k-65534) 432, (65k) 46 
CBF freq dist: (1) 3, (1-100) 2517, (100-1000) 351, (1k-2k) 270, (2k-3k) 93, (3k-5k) 20, (5k-65534) 12, (65k) 0 
[DEBUG] Halving CBF counters.
collected one batch of samples. pages to migrate = 1422 
start promoting 828 pages
move page ret -1 
move page error: 12
got ENOMEM. trying against with 165 pages 
second promote attempt return -1
pages migrated: 445, lfu # items: 13542, lfu sample size: 33100000, samples: 33100000, node 0 mem 68844
CBF freq dist: (1) 723, (1-100) 1966, (100-1000) 11080, (1k-2k) 14, (2k-3k) 2, (3k-5k) 2, (5k-65534) 432, (65k) 46 
CBF freq dist: (1) 77, (1-100) 2780, (100-1000) 99, (1k-2k) 352, (2k-3k) 22, (3k-5k) 7, (5k-65534) 1, (65k) 0 
collected one batch of samples. pages to migrate = 1414 
start promoting 820 pages
move page ret -1 
move page error: 12
got ENOMEM. trying against with 164 pages 
second promote attempt return -1
pages migrated: 445, lfu # items: 13542, lfu sample size: 33200000, samples: 33200000, node 0 mem 68844
CBF freq dist: (1) 720, (1-100) 1964, (100-1000) 11081, (1k-2k) 15, (2k-3k) 2, (3k-5k) 2, (5k-65534) 432, (65k) 46 
CBF freq dist: (1) 77, (1-100) 2722, (100-1000) 153, (1k-2k) 354, (2k-3k) 12, (3k-5k) 18, (5k-65534) 2, (65k) 0 
collected one batch of samples. pages to migrate = 1195 
start promoting 605 pages
move page ret -1 
move page error: 12
got ENOMEM. trying against with 121 pages 
second promote attempt return -1
pages migrated: 445, lfu # items: 13542, lfu sample size: 33300000, samples: 33300000, node 0 mem 68844
CBF freq dist: (1) 719, (1-100) 1962, (100-1000) 11083, (1k-2k) 15, (2k-3k) 2, (3k-5k) 2, (5k-65534) 431, (65k) 47 
CBF freq dist: (1) 77, (1-100) 2654, (100-1000) 217, (1k-2k) 358, (2k-3k) 7, (3k-5k) 19, (5k-65534) 6, (65k) 0 
collected one batch of samples. pages to migrate = 1314 
start promoting 713 pages
move page ret -1 
move page error: 12
got ENOMEM. trying against with 142 pages 
second promote attempt return -1
pages migrated: 445, lfu # items: 13542, lfu sample size: 33400000, samples: 33400000, node 0 mem 68844
CBF freq dist: (1) 719, (1-100) 1962, (100-1000) 11082, (1k-2k) 16, (2k-3k) 2, (3k-5k) 2, (5k-65534) 431, (65k) 47 
CBF freq dist: (1) 76, (1-100) 2528, (100-1000) 342, (1k-2k) 355, (2k-3k) 7, (3k-5k) 23, (5k-65534) 6, (65k) 0 
collected one batch of samples. pages to migrate = 1332 
start promoting 736 pages
move page ret -1 
move page error: 12
got ENOMEM. trying against with 147 pages 
second promote attempt return -1
pages migrated: 445, lfu # items: 13542, lfu sample size: 33500000, samples: 33500000, node 0 mem 68844
CBF freq dist: (1) 719, (1-100) 1962, (100-1000) 11082, (1k-2k) 16, (2k-3k) 2, (3k-5k) 2, (5k-65534) 431, (65k) 47 
CBF freq dist: (1) 76, (1-100) 2380, (100-1000) 490, (1k-2k) 340, (2k-3k) 20, (3k-5k) 24, (5k-65534) 7, (65k) 0 
[DEBUG] Halving CBF counters.
collected one batch of samples. pages to migrate = 1272 
start promoting 686 pages
move page ret -1 
move page error: 12
got ENOMEM. trying against with 137 pages 
second promote attempt return -1
pages migrated: 445, lfu # items: 13542, lfu sample size: 33600000, samples: 33600000, node 0 mem 68844
CBF freq dist: (1) 719, (1-100) 1961, (100-1000) 11082, (1k-2k) 17, (2k-3k) 2, (3k-5k) 2, (5k-65534) 431, (65k) 47 
CBF freq dist: (1) -15, (1-100) 2710, (100-1000) 187, (1k-2k) 260, (2k-3k) 21, (3k-5k) 6, (5k-65534) 1, (65k) 0 
collected one batch of samples. pages to migrate = 1227 
start promoting 633 pages
move page ret -1 
move page error: 12
got ENOMEM. trying against with 126 pages 
second promote attempt return -1
pages migrated: 445, lfu # items: 13542, lfu sample size: 33700000, samples: 33700000, node 0 mem 68844
CBF freq dist: (1) 719, (1-100) 1960, (100-1000) 11083, (1k-2k) 17, (2k-3k) 2, (3k-5k) 2, (5k-65534) 431, (65k) 47 
CBF freq dist: (1) -15, (1-100) 2705, (100-1000) 90, (1k-2k) 360, (2k-3k) 13, (3k-5k) 15, (5k-65534) 2, (65k) 0 
collected one batch of samples. pages to migrate = 1431 
start promoting 862 pages
move page ret -1 
move page error: 12
got ENOMEM. trying against with 172 pages 
second promote attempt return -1
pages migrated: 445, lfu # items: 13542, lfu sample size: 33800000, samples: 33800000, node 0 mem 68844
CBF freq dist: (1) 719, (1-100) 1959, (100-1000) 11084, (1k-2k) 17, (2k-3k) 2, (3k-5k) 2, (5k-65534) 431, (65k) 47 
CBF freq dist: (1) -16, (1-100) 2640, (100-1000) 148, (1k-2k) 367, (2k-3k) 7, (3k-5k) 19, (5k-65534) 4, (65k) 0 
collected one batch of samples. pages to migrate = 1440 
start promoting 841 pages
move page ret -1 
move page error: 12
got ENOMEM. trying against with 168 pages 
second promote attempt return -1
pages migrated: 445, lfu # items: 13542, lfu sample size: 33900000, samples: 33900000, node 0 mem 68844
CBF freq dist: (1) 717, (1-100) 1959, (100-1000) 11084, (1k-2k) 17, (2k-3k) 2, (3k-5k) 2, (5k-65534) 431, (65k) 47 
CBF freq dist: (1) -16, (1-100) 2508, (100-1000) 280, (1k-2k) 364, (2k-3k) 6, (3k-5k) 21, (5k-65534) 6, (65k) 0 
collected one batch of samples. pages to migrate = 1348 
start promoting 730 pages
move page ret -1 
move page error: 12
got ENOMEM. trying against with 146 pages 
second promote attempt return -1
pages migrated: 445, lfu # items: 13542, lfu sample size: 34000000, samples: 34000000, node 0 mem 68844
CBF freq dist: (1) 717, (1-100) 1959, (100-1000) 11084, (1k-2k) 17, (2k-3k) 2, (3k-5k) 2, (5k-65534) 431, (65k) 47 
CBF freq dist: (1) -16, (1-100) 2392, (100-1000) 395, (1k-2k) 358, (2k-3k) 11, (3k-5k) 23, (5k-65534) 6, (65k) 0 
collected one batch of samples. pages to migrate = 1284 
start promoting 687 pages
move page ret -1 
move page error: 12
got ENOMEM. trying against with 137 pages 
second promote attempt return -1
pages migrated: 445, lfu # items: 13542, lfu sample size: 34100000, samples: 34100000, node 0 mem 68844
CBF freq dist: (1) 717, (1-100) 1958, (100-1000) 11085, (1k-2k) 17, (2k-3k) 2, (3k-5k) 2, (5k-65534) 431, (65k) 47 
CBF freq dist: (1) -16, (1-100) 2253, (100-1000) 534, (1k-2k) 304, (2k-3k) 64, (3k-5k) 20, (5k-65534) 10, (65k) 0 
[DEBUG] Halving CBF counters.
collected one batch of samples. pages to migrate = 1295 
start promoting 704 pages
move page ret -1 
move page error: 12
got ENOMEM. trying against with 140 pages 
second promote attempt return -1
pages migrated: 445, lfu # items: 13542, lfu sample size: 34200000, samples: 34200000, node 0 mem 68844
CBF freq dist: (1) 717, (1-100) 1958, (100-1000) 11085, (1k-2k) 17, (2k-3k) 2, (3k-5k) 2, (5k-65534) 431, (65k) 47 
CBF freq dist: (1) -35, (1-100) 2742, (100-1000) 72, (1k-2k) 358, (2k-3k) 22, (3k-5k) 6, (5k-65534) 1, (65k) 0 
collected one batch of samples. pages to migrate = 1228 
start promoting 647 pages
move page ret -1 
move page error: 12
got ENOMEM. trying against with 129 pages 
second promote attempt return -1
pages migrated: 445, lfu # items: 13542, lfu sample size: 34300000, samples: 34300000, node 0 mem 68844
CBF freq dist: (1) 717, (1-100) 1955, (100-1000) 11088, (1k-2k) 17, (2k-3k) 2, (3k-5k) 2, (5k-65534) 431, (65k) 47 
CBF freq dist: (1) -35, (1-100) 2735, (100-1000) 72, (1k-2k) 364, (2k-3k) 9, (3k-5k) 19, (5k-65534) 2, (65k) 0 
collected one batch of samples. pages to migrate = 1346 
start promoting 736 pages
move page ret -1 
move page error: 12
got ENOMEM. trying against with 147 pages 
second promote attempt return -1
pages migrated: 445, lfu # items: 13542, lfu sample size: 34400000, samples: 34400000, node 0 mem 68844
CBF freq dist: (1) 717, (1-100) 1952, (100-1000) 11091, (1k-2k) 17, (2k-3k) 2, (3k-5k) 2, (5k-65534) 430, (65k) 48 
CBF freq dist: (1) -36, (1-100) 2702, (100-1000) 103, (1k-2k) 363, (2k-3k) 8, (3k-5k) 20, (5k-65534) 5, (65k) 0 
collected one batch of samples. pages to migrate = 1307 
start promoting 697 pages
move page ret -1 
move page error: 12
got ENOMEM. trying against with 139 pages 
second promote attempt return -1
pages migrated: 445, lfu # items: 13542, lfu sample size: 34500000, samples: 34500000, node 0 mem 68844
CBF freq dist: (1) 717, (1-100) 1950, (100-1000) 11093, (1k-2k) 17, (2k-3k) 2, (3k-5k) 2, (5k-65534) 429, (65k) 49 
CBF freq dist: (1) -36, (1-100) 2632, (100-1000) 172, (1k-2k) 360, (2k-3k) 9, (3k-5k) 23, (5k-65534) 5, (65k) 0 
collected one batch of samples. pages to migrate = 1301 
start promoting 704 pages
move page ret -1 
move page error: 12
got ENOMEM. trying against with 140 pages 
second promote attempt return -1
pages migrated: 445, lfu # items: 13542, lfu sample size: 34600000, samples: 34600000, node 0 mem 68844
CBF freq dist: (1) 717, (1-100) 1948, (100-1000) 11095, (1k-2k) 17, (2k-3k) 2, (3k-5k) 2, (5k-65534) 427, (65k) 51 
CBF freq dist: (1) -36, (1-100) 2555, (100-1000) 249, (1k-2k) 336, (2k-3k) 32, (3k-5k) 22, (5k-65534) 7, (65k) 0 
num_perf_record_lost count 300
[DEBUG] Halving CBF counters.
collected one batch of samples. pages to migrate = 1374 
start promoting 769 pages
move page ret -1 
move page error: 12
got ENOMEM. trying against with 153 pages 
second promote attempt return -1
pages migrated: 445, lfu # items: 13547, lfu sample size: 34700000, samples: 34700000, node 0 mem 68844
CBF freq dist: (1) 717, (1-100) 1952, (100-1000) 11096, (1k-2k) 17, (2k-3k) 2, (3k-5k) 1, (5k-65534) 428, (65k) 51 
CBF freq dist: (1) 17, (1-100) 2785, (100-1000) 119, (1k-2k) 304, (2k-3k) 23, (3k-5k) 5, (5k-65534) 1, (65k) 0 
collected one batch of samples. pages to migrate = 1328 
start promoting 733 pages
move page ret -1 
move page error: 12
got ENOMEM. trying against with 146 pages 
second promote attempt return -1
pages migrated: 445, lfu # items: 13554, lfu sample size: 34800000, samples: 34800000, node 0 mem 68844
CBF freq dist: (1) 719, (1-100) 1958, (100-1000) 11097, (1k-2k) 17, (2k-3k) 2, (3k-5k) 1, (5k-65534) 427, (65k) 52 
CBF freq dist: (1) 17, (1-100) 2780, (100-1000) 68, (1k-2k) 359, (2k-3k) 11, (3k-5k) 18, (5k-65534) 2, (65k) 0 
collected one batch of samples. pages to migrate = 1462 
start promoting 870 pages
move page ret -1 
move page error: 12
got ENOMEM. trying against with 174 pages 
second promote attempt return -1
pages migrated: 445, lfu # items: 13554, lfu sample size: 34900000, samples: 34900000, node 0 mem 69096
CBF freq dist: (1) 719, (1-100) 1955, (100-1000) 11100, (1k-2k) 17, (2k-3k) 2, (3k-5k) 1, (5k-65534) 423, (65k) 56 
CBF freq dist: (1) 17, (1-100) 2747, (100-1000) 96, (1k-2k) 364, (2k-3k) 6, (3k-5k) 21, (5k-65534) 4, (65k) 0 
[DEBUG] Number of hot pages promoted in 50 batches = 205 
collected one batch of samples. pages to migrate = 1296 
start promoting 686 pages
move page ret -1 
move page error: 12
got ENOMEM. trying against with 137 pages 
second promote attempt return -1
pages migrated: 445, lfu # items: 13554, lfu sample size: 35000000, samples: 35000000, node 0 mem 69096
CBF freq dist: (1) 718, (1-100) 1953, (100-1000) 11102, (1k-2k) 17, (2k-3k) 2, (3k-5k) 1, (5k-65534) 419, (65k) 60 
CBF freq dist: (1) 18, (1-100) 2691, (100-1000) 152, (1k-2k) 362, (2k-3k) 5, (3k-5k) 23, (5k-65534) 6, (65k) 0 
collected one batch of samples. pages to migrate = 1266 
start promoting 655 pages
move page ret -1 
move page error: 12
got ENOMEM. trying against with 131 pages 
second promote attempt return -1
pages migrated: 445, lfu # items: 13554, lfu sample size: 35100000, samples: 35100000, node 0 mem 69096
CBF freq dist: (1) 718, (1-100) 1951, (100-1000) 11104, (1k-2k) 17, (2k-3k) 2, (3k-5k) 1, (5k-65534) 416, (65k) 63 
CBF freq dist: (1) 18, (1-100) 2627, (100-1000) 215, (1k-2k) 356, (2k-3k) 10, (3k-5k) 25, (5k-65534) 6, (65k) 0 
collected one batch of samples. pages to migrate = 1262 
start promoting 653 pages
move page ret -1 
move page error: 12
got ENOMEM. trying against with 130 pages 
second promote attempt return -1
pages migrated: 445, lfu # items: 13554, lfu sample size: 35200000, samples: 35200000, node 0 mem 69096
CBF freq dist: (1) 718, (1-100) 1951, (100-1000) 11104, (1k-2k) 17, (2k-3k) 2, (3k-5k) 1, (5k-65534) 408, (65k) 71 
CBF freq dist: (1) 18, (1-100) 2504, (100-1000) 338, (1k-2k) 274, (2k-3k) 92, (3k-5k) 18, (5k-65534) 13, (65k) 0 
[DEBUG] Halving CBF counters.
collected one batch of samples. pages to migrate = 1284 
start promoting 687 pages
move page ret -1 
move page error: 12
got ENOMEM. trying against with 137 pages 
second promote attempt return -1
pages migrated: 445, lfu # items: 13554, lfu sample size: 35300000, samples: 35300000, node 0 mem 69096
CBF freq dist: (1) 718, (1-100) 1950, (100-1000) 11105, (1k-2k) 17, (2k-3k) 2, (3k-5k) 1, (5k-65534) 403, (65k) 76 
CBF freq dist: (1) -11, (1-100) 2749, (100-1000) 78, (1k-2k) 364, (2k-3k) 19, (3k-5k) 10, (5k-65534) 1, (65k) 0 
collected one batch of samples. pages to migrate = 1311 
start promoting 713 pages
move page ret -1 
move page error: 12
got ENOMEM. trying against with 142 pages 
second promote attempt return -1
pages migrated: 445, lfu # items: 13554, lfu sample size: 35400000, samples: 35400000, node 0 mem 69096
CBF freq dist: (1) 718, (1-100) 1945, (100-1000) 11110, (1k-2k) 17, (2k-3k) 2, (3k-5k) 1, (5k-65534) 397, (65k) 82 
CBF freq dist: (1) -11, (1-100) 2742, (100-1000) 80, (1k-2k) 369, (2k-3k) 8, (3k-5k) 19, (5k-65534) 3, (65k) 0 
collected one batch of samples. pages to migrate = 1285 
start promoting 688 pages
move page ret -1 
move page error: 12
got ENOMEM. trying against with 137 pages 
second promote attempt return -1
pages migrated: 445, lfu # items: 13554, lfu sample size: 35500000, samples: 35500000, node 0 mem 69096
CBF freq dist: (1) 716, (1-100) 1943, (100-1000) 11111, (1k-2k) 18, (2k-3k) 2, (3k-5k) 1, (5k-65534) 391, (65k) 88 
CBF freq dist: (1) -11, (1-100) 2727, (100-1000) 92, (1k-2k) 370, (2k-3k) 6, (3k-5k) 20, (5k-65534) 6, (65k) 0 
collected one batch of samples. pages to migrate = 1318 
start promoting 712 pages
move page ret -1 
move page error: 12
got ENOMEM. trying against with 142 pages 
second promote attempt return -1
pages migrated: 445, lfu # items: 13554, lfu sample size: 35600000, samples: 35600000, node 0 mem 69348
CBF freq dist: (1) 716, (1-100) 1939, (100-1000) 11115, (1k-2k) 18, (2k-3k) 2, (3k-5k) 1, (5k-65534) 381, (65k) 98 
CBF freq dist: (1) -11, (1-100) 2688, (100-1000) 131, (1k-2k) 365, (2k-3k) 6, (3k-5k) 25, (5k-65534) 6, (65k) 0 
collected one batch of samples. pages to migrate = 1414 
start promoting 815 pages
move page ret -1 
move page error: 12
got ENOMEM. trying against with 163 pages 
second promote attempt return -1
pages migrated: 445, lfu # items: 13554, lfu sample size: 35700000, samples: 35700000, node 0 mem 69348
CBF freq dist: (1) 716, (1-100) 1936, (100-1000) 11118, (1k-2k) 18, (2k-3k) 2, (3k-5k) 1, (5k-65534) 367, (65k) 112 
CBF freq dist: (1) -11, (1-100) 2603, (100-1000) 216, (1k-2k) 349, (2k-3k) 22, (3k-5k) 23, (5k-65534) 8, (65k) 0 
[DEBUG] Halving CBF counters.
collected one batch of samples. pages to migrate = 1345 
start promoting 744 pages
move page ret -1 
move page error: 12
got ENOMEM. trying against with 148 pages 
second promote attempt return -1
pages migrated: 445, lfu # items: 13554, lfu sample size: 35800000, samples: 35800000, node 0 mem 69348
CBF freq dist: (1) 716, (1-100) 1935, (100-1000) 11119, (1k-2k) 18, (2k-3k) 2, (3k-5k) 1, (5k-65534) 359, (65k) 120 
CBF freq dist: (1) -34, (1-100) 2780, (100-1000) 115, (1k-2k) 309, (2k-3k) 21, (3k-5k) 6, (5k-65534) 1, (65k) 0 
collected one batch of samples. pages to migrate = 1402 
start promoting 812 pages
move page ret -1 
move page error: 12
got ENOMEM. trying against with 162 pages 
second promote attempt return -1
pages migrated: 445, lfu # items: 13554, lfu sample size: 35900000, samples: 35900000, node 0 mem 69348
CBF freq dist: (1) 716, (1-100) 1934, (100-1000) 11120, (1k-2k) 18, (2k-3k) 2, (3k-5k) 1, (5k-65534) 347, (65k) 132 
CBF freq dist: (1) -34, (1-100) 2767, (100-1000) 83, (1k-2k) 353, (2k-3k) 10, (3k-5k) 18, (5k-65534) 1, (65k) 0 
collected one batch of samples. pages to migrate = 1262 
start promoting 671 pages
move page ret -1 
move page error: 12
got ENOMEM. trying against with 134 pages 
second promote attempt return -1
pages migrated: 445, lfu # items: 13554, lfu sample size: 36000000, samples: 36000000, node 0 mem 69348
CBF freq dist: (1) 716, (1-100) 1933, (100-1000) 11121, (1k-2k) 18, (2k-3k) 2, (3k-5k) 1, (5k-65534) 331, (65k) 148 
CBF freq dist: (1) -33, (1-100) 2749, (100-1000) 98, (1k-2k) 356, (2k-3k) 5, (3k-5k) 21, (5k-65534) 4, (65k) 0 
collected one batch of samples. pages to migrate = 1249 
start promoting 640 pages
move page ret -1 
move page error: 12
got ENOMEM. trying against with 128 pages 
second promote attempt return -1
pages migrated: 445, lfu # items: 13554, lfu sample size: 36100000, samples: 36100000, node 0 mem 69348
CBF freq dist: (1) 716, (1-100) 1931, (100-1000) 11123, (1k-2k) 18, (2k-3k) 2, (3k-5k) 1, (5k-65534) 320, (65k) 159 
CBF freq dist: (1) -34, (1-100) 2729, (100-1000) 117, (1k-2k) 357, (2k-3k) 4, (3k-5k) 21, (5k-65534) 6, (65k) 0 
collected one batch of samples. pages to migrate = 1337 
start promoting 745 pages
move page ret -1 
move page error: 12
got ENOMEM. trying against with 149 pages 
second promote attempt return -1
pages migrated: 445, lfu # items: 13554, lfu sample size: 36200000, samples: 36200000, node 0 mem 69348
CBF freq dist: (1) 716, (1-100) 1930, (100-1000) 11124, (1k-2k) 18, (2k-3k) 2, (3k-5k) 1, (5k-65534) 304, (65k) 175 
CBF freq dist: (1) -34, (1-100) 2658, (100-1000) 188, (1k-2k) 346, (2k-3k) 13, (3k-5k) 23, (5k-65534) 6, (65k) 0 
collected one batch of samples. pages to migrate = 1307 
start promoting 714 pages
move page ret -1 
move page error: 12
got ENOMEM. trying against with 142 pages 
second promote attempt return -1
pages migrated: 445, lfu # items: 13554, lfu sample size: 36300000, samples: 36300000, node 0 mem 69348
CBF freq dist: (1) 716, (1-100) 1928, (100-1000) 11126, (1k-2k) 18, (2k-3k) 2, (3k-5k) 1, (5k-65534) 294, (65k) 185 
CBF freq dist: (1) -34, (1-100) 2556, (100-1000) 290, (1k-2k) 245, (2k-3k) 114, (3k-5k) 15, (5k-65534) 14, (65k) 0 
[DEBUG] Halving CBF counters.
collected one batch of samples. pages to migrate = 1259 
start promoting 663 pages
move page ret -1 
move page error: 12
got ENOMEM. trying against with 132 pages 
second promote attempt return -1
pages migrated: 445, lfu # items: 13554, lfu sample size: 36400000, samples: 36400000, node 0 mem 69348
CBF freq dist: (1) 716, (1-100) 1927, (100-1000) 11127, (1k-2k) 18, (2k-3k) 2, (3k-5k) 1, (5k-65534) 282, (65k) 197 
CBF freq dist: (1) 34, (1-100) 2801, (100-1000) 83, (1k-2k) 352, (2k-3k) 18, (3k-5k) 13, (5k-65534) 1, (65k) 0 
collected one batch of samples. pages to migrate = 1375 
start promoting 770 pages
move page ret -1 
move page error: 12
got ENOMEM. trying against with 154 pages 
second promote attempt return -1
pages migrated: 445, lfu # items: 13554, lfu sample size: 36500000, samples: 36500000, node 0 mem 69348
CBF freq dist: (1) 716, (1-100) 1923, (100-1000) 11131, (1k-2k) 18, (2k-3k) 2, (3k-5k) 1, (5k-65534) 269, (65k) 210 
CBF freq dist: (1) 34, (1-100) 2790, (100-1000) 89, (1k-2k) 357, (2k-3k) 9, (3k-5k) 20, (5k-65534) 3, (65k) 0 
collected one batch of samples. pages to migrate = 1328 
start promoting 745 pages
move page ret -1 
move page error: 12
got ENOMEM. trying against with 149 pages 
second promote attempt return -1
pages migrated: 445, lfu # items: 13554, lfu sample size: 36600000, samples: 36600000, node 0 mem 69348
CBF freq dist: (1) 716, (1-100) 1918, (100-1000) 11136, (1k-2k) 18, (2k-3k) 2, (3k-5k) 1, (5k-65534) 257, (65k) 222 
CBF freq dist: (1) 34, (1-100) 2764, (100-1000) 112, (1k-2k) 358, (2k-3k) 7, (3k-5k) 22, (5k-65534) 5, (65k) 0 
collected one batch of samples. pages to migrate = 1310 
start promoting 711 pages
move page ret -1 
move page error: 12
got ENOMEM. trying against with 142 pages 
second promote attempt return -1
pages migrated: 445, lfu # items: 13554, lfu sample size: 36700000, samples: 36700000, node 0 mem 69348
CBF freq dist: (1) 716, (1-100) 1913, (100-1000) 11141, (1k-2k) 18, (2k-3k) 2, (3k-5k) 1, (5k-65534) 240, (65k) 239 
CBF freq dist: (1) 34, (1-100) 2719, (100-1000) 157, (1k-2k) 353, (2k-3k) 8, (3k-5k) 25, (5k-65534) 6, (65k) 0 
num_perf_record_lost count 400
collected one batch of samples. pages to migrate = 1312 
start promoting 735 pages
move page ret -1 
move page error: 12
got ENOMEM. trying against with 147 pages 
second promote attempt return -1
pages migrated: 445, lfu # items: 13554, lfu sample size: 36800000, samples: 36800000, node 0 mem 69348
CBF freq dist: (1) 716, (1-100) 1911, (100-1000) 11143, (1k-2k) 18, (2k-3k) 2, (3k-5k) 1, (5k-65534) 229, (65k) 250 
CBF freq dist: (1) 33, (1-100) 2652, (100-1000) 224, (1k-2k) 330, (2k-3k) 31, (3k-5k) 24, (5k-65534) 7, (65k) 0 
[DEBUG] Halving CBF counters.
collected one batch of samples. pages to migrate = 1320 
start promoting 725 pages
move page ret -1 
move page error: 12
got ENOMEM. trying against with 145 pages 
second promote attempt return -1
pages migrated: 445, lfu # items: 13554, lfu sample size: 36900000, samples: 36900000, node 0 mem 69348
CBF freq dist: (1) 716, (1-100) 1910, (100-1000) 11144, (1k-2k) 18, (2k-3k) 2, (3k-5k) 1, (5k-65534) 218, (65k) 261 
CBF freq dist: (1) 0, (1-100) 2774, (100-1000) 122, (1k-2k) 309, (2k-3k) 23, (3k-5k) 6, (5k-65534) 1, (65k) 0 
collected one batch of samples. pages to migrate = 1508 
start promoting 937 pages
move page ret -1 
move page error: 12
got ENOMEM. trying against with 187 pages 
second promote attempt return -1
pages migrated: 445, lfu # items: 13557, lfu sample size: 37000000, samples: 37000000, node 0 mem 69348
CBF freq dist: (1) 716, (1-100) 1911, (100-1000) 11146, (1k-2k) 18, (2k-3k) 2, (3k-5k) 1, (5k-65534) 207, (65k) 272 
CBF freq dist: (1) 0, (1-100) 2760, (100-1000) 94, (1k-2k) 351, (2k-3k) 11, (3k-5k) 17, (5k-65534) 2, (65k) 0 
collected one batch of samples. pages to migrate = 1360 
start promoting 762 pages
move page ret -1 
move page error: 12
got ENOMEM. trying against with 152 pages 
second promote attempt return -1
pages migrated: 445, lfu # items: 13565, lfu sample size: 37100000, samples: 37100000, node 0 mem 69348
CBF freq dist: (1) 716, (1-100) 1916, (100-1000) 11149, (1k-2k) 18, (2k-3k) 2, (3k-5k) 1, (5k-65534) 187, (65k) 292 
CBF freq dist: (1) 0, (1-100) 2727, (100-1000) 122, (1k-2k) 357, (2k-3k) 7, (3k-5k) 19, (5k-65534) 4, (65k) 0 
collected one batch of samples. pages to migrate = 1293 
start promoting 691 pages
move page ret -1 
move page error: 12
got ENOMEM. trying against with 138 pages 
second promote attempt return -1
pages migrated: 445, lfu # items: 13565, lfu sample size: 37200000, samples: 37200000, node 0 mem 69348
CBF freq dist: (1) 715, (1-100) 1914, (100-1000) 11151, (1k-2k) 18, (2k-3k) 2, (3k-5k) 1, (5k-65534) 163, (65k) 316 
CBF freq dist: (1) 0, (1-100) 2663, (100-1000) 184, (1k-2k) 356, (2k-3k) 6, (3k-5k) 21, (5k-65534) 6, (65k) 0 
collected one batch of samples. pages to migrate = 1282 
start promoting 673 pages
move page ret -1 
move page error: 12
got ENOMEM. trying against with 134 pages 
second promote attempt return -1
pages migrated: 445, lfu # items: 13565, lfu sample size: 37300000, samples: 37300000, node 0 mem 69348
CBF freq dist: (1) 715, (1-100) 1910, (100-1000) 11155, (1k-2k) 18, (2k-3k) 2, (3k-5k) 1, (5k-65534) 143, (65k) 336 
CBF freq dist: (1) 0, (1-100) 2576, (100-1000) 271, (1k-2k) 348, (2k-3k) 12, (3k-5k) 23, (5k-65534) 6, (65k) 0 
collected one batch of samples. pages to migrate = 1303 
start promoting 696 pages
move page ret -1 
move page error: 12
got ENOMEM. trying against with 139 pages 
second promote attempt return -1
pages migrated: 445, lfu # items: 13565, lfu sample size: 37400000, samples: 37400000, node 0 mem 69348
CBF freq dist: (1) 715, (1-100) 1905, (100-1000) 11160, (1k-2k) 18, (2k-3k) 2, (3k-5k) 1, (5k-65534) 134, (65k) 345 
CBF freq dist: (1) 0, (1-100) 2472, (100-1000) 375, (1k-2k) 268, (2k-3k) 92, (3k-5k) 19, (5k-65534) 10, (65k) 0 
frac of unuseful samples too high. Dropping fast tier sampling frequency to 50000 
closing perf counter 0, 0
[INFO] Hybridtier perf sampling freq: 50000
Perf mmap size 135168, page size 4096 
closing perf counter 1, 0
[INFO] Hybridtier perf sampling freq: 50000
Perf mmap size 135168, page size 4096 
closing perf counter 2, 0
[INFO] Hybridtier perf sampling freq: 50000
Perf mmap size 135168, page size 4096 
closing perf counter 3, 0
[INFO] Hybridtier perf sampling freq: 50000
Perf mmap size 135168, page size 4096 
closing perf counter 4, 0
[INFO] Hybridtier perf sampling freq: 50000
Perf mmap size 135168, page size 4096 
closing perf counter 5, 0
[INFO] Hybridtier perf sampling freq: 50000
Perf mmap size 135168, page size 4096 
closing perf counter 6, 0
[INFO] Hybridtier perf sampling freq: 50000
Perf mmap size 135168, page size 4096 
closing perf counter 7, 0
[INFO] Hybridtier perf sampling freq: 50000
Perf mmap size 135168, page size 4096 
closing perf counter 8, 0
[INFO] Hybridtier perf sampling freq: 50000
Perf mmap size 135168, page size 4096 
closing perf counter 9, 0
[INFO] Hybridtier perf sampling freq: 50000
Perf mmap size 135168, page size 4096 
closing perf counter 10, 0
[INFO] Hybridtier perf sampling freq: 50000
Perf mmap size 135168, page size 4096 
closing perf counter 11, 0
[INFO] Hybridtier perf sampling freq: 50000
Perf mmap size 135168, page size 4096 
closing perf counter 12, 0
[INFO] Hybridtier perf sampling freq: 50000
Perf mmap size 135168, page size 4096 
closing perf counter 13, 0
[INFO] Hybridtier perf sampling freq: 50000
Perf mmap size 135168, page size 4096 
closing perf counter 14, 0
[INFO] Hybridtier perf sampling freq: 50000
Perf mmap size 135168, page size 4096 
closing perf counter 15, 0
[INFO] Hybridtier perf sampling freq: 50000
Perf mmap size 135168, page size 4096 
[DEBUG] Halving CBF counters.
collected one batch of samples. pages to migrate = 1521 
start promoting 932 pages
move page ret -1 
move page error: 12
got ENOMEM. trying against with 186 pages 
second promote attempt return -1
pages migrated: 445, lfu # items: 13565, lfu sample size: 37500000, samples: 37500000, node 0 mem 69376
CBF freq dist: (1) 715, (1-100) 1902, (100-1000) 11163, (1k-2k) 18, (2k-3k) 2, (3k-5k) 1, (5k-65534) 118, (65k) 361 
CBF freq dist: (1) 58, (1-100) 2764, (100-1000) 84, (1k-2k) 356, (2k-3k) 24, (3k-5k) 7, (5k-65534) 1, (65k) 0 
frac of unuseful samples too high. Dropping fast tier sampling frequency to 25000 
closing perf counter 0, 0
[INFO] Hybridtier perf sampling freq: 25000
Perf mmap size 135168, page size 4096 
closing perf counter 1, 0
[INFO] Hybridtier perf sampling freq: 25000
Perf mmap size 135168, page size 4096 
closing perf counter 2, 0
[INFO] Hybridtier perf sampling freq: 25000
Perf mmap size 135168, page size 4096 
closing perf counter 3, 0
[INFO] Hybridtier perf sampling freq: 25000
Perf mmap size 135168, page size 4096 
closing perf counter 4, 0
[INFO] Hybridtier perf sampling freq: 25000
Perf mmap size 135168, page size 4096 
closing perf counter 5, 0
[INFO] Hybridtier perf sampling freq: 25000
Perf mmap size 135168, page size 4096 
closing perf counter 6, 0
[INFO] Hybridtier perf sampling freq: 25000
Perf mmap size 135168, page size 4096 
closing perf counter 7, 0
[INFO] Hybridtier perf sampling freq: 25000
Perf mmap size 135168, page size 4096 
closing perf counter 8, 0
[INFO] Hybridtier perf sampling freq: 25000
Perf mmap size 135168, page size 4096 
closing perf counter 9, 0
[INFO] Hybridtier perf sampling freq: 25000
Perf mmap size 135168, page size 4096 
closing perf counter 10, 0
[INFO] Hybridtier perf sampling freq: 25000
Perf mmap size 135168, page size 4096 
closing perf counter 11, 0
[INFO] Hybridtier perf sampling freq: 25000
Perf mmap size 135168, page size 4096 
closing perf counter 12, 0
[INFO] Hybridtier perf sampling freq: 25000
Perf mmap size 135168, page size 4096 
closing perf counter 13, 0
[INFO] Hybridtier perf sampling freq: 25000
Perf mmap size 135168, page size 4096 
closing perf counter 14, 0
[INFO] Hybridtier perf sampling freq: 25000
Perf mmap size 135168, page size 4096 
closing perf counter 15, 0
[INFO] Hybridtier perf sampling freq: 25000
Perf mmap size 135168, page size 4096 
collected one batch of samples. pages to migrate = 1557 
start promoting 996 pages
move page ret -1 
move page error: 12
got ENOMEM. trying against with 199 pages 
second promote attempt return -1
pages migrated: 445, lfu # items: 13603, lfu sample size: 37600000, samples: 37600000, node 0 mem 69632
CBF freq dist: (1) 740, (1-100) 1940, (100-1000) 11163, (1k-2k) 18, (2k-3k) 2, (3k-5k) 1, (5k-65534) 107, (65k) 372 
CBF freq dist: (1) 58, (1-100) 2603, (100-1000) 244, (1k-2k) 357, (2k-3k) 12, (3k-5k) 18, (5k-65534) 2, (65k) 0 
frac of unuseful samples too high. Dropping fast tier sampling frequency to 12500 
closing perf counter 0, 0
[INFO] Hybridtier perf sampling freq: 12500
Perf mmap size 135168, page size 4096 
closing perf counter 1, 0
[INFO] Hybridtier perf sampling freq: 12500
Perf mmap size 135168, page size 4096 
closing perf counter 2, 0
[INFO] Hybridtier perf sampling freq: 12500
Perf mmap size 135168, page size 4096 
closing perf counter 3, 0
[INFO] Hybridtier perf sampling freq: 12500
Perf mmap size 135168, page size 4096 
closing perf counter 4, 0
[INFO] Hybridtier perf sampling freq: 12500
Perf mmap size 135168, page size 4096 
closing perf counter 5, 0
[INFO] Hybridtier perf sampling freq: 12500
Perf mmap size 135168, page size 4096 
closing perf counter 6, 0
[INFO] Hybridtier perf sampling freq: 12500
Perf mmap size 135168, page size 4096 
closing perf counter 7, 0
[INFO] Hybridtier perf sampling freq: 12500
Perf mmap size 135168, page size 4096 
closing perf counter 8, 0
[INFO] Hybridtier perf sampling freq: 12500
Perf mmap size 135168, page size 4096 
closing perf counter 9, 0
[INFO] Hybridtier perf sampling freq: 12500
Perf mmap size 135168, page size 4096 
closing perf counter 10, 0
[INFO] Hybridtier perf sampling freq: 12500
Perf mmap size 135168, page size 4096 
closing perf counter 11, 0
[INFO] Hybridtier perf sampling freq: 12500
Perf mmap size 135168, page size 4096 
closing perf counter 12, 0
[INFO] Hybridtier perf sampling freq: 12500
Perf mmap size 135168, page size 4096 
closing perf counter 13, 0
[INFO] Hybridtier perf sampling freq: 12500
Perf mmap size 135168, page size 4096 
closing perf counter 14, 0
[INFO] Hybridtier perf sampling freq: 12500
Perf mmap size 135168, page size 4096 
closing perf counter 15, 0
[INFO] Hybridtier perf sampling freq: 12500
Perf mmap size 135168, page size 4096 
collected one batch of samples. pages to migrate = 1572 
start promoting 1044 pages
move page ret -1 
move page error: 12
got ENOMEM. trying against with 208 pages 
second promote attempt return -1
pages migrated: 445, lfu # items: 13608, lfu sample size: 37700000, samples: 37700000, node 0 mem 69632
CBF freq dist: (1) 740, (1-100) 1944, (100-1000) 11164, (1k-2k) 18, (2k-3k) 2, (3k-5k) 1, (5k-65534) 100, (65k) 379 
CBF freq dist: (1) 58, (1-100) 1837, (100-1000) 1010, (1k-2k) 357, (2k-3k) 10, (3k-5k) 20, (5k-65534) 2, (65k) 0 
collected one batch of samples. pages to migrate = 1931 
start promoting 1395 pages
move page ret -1 
move page error: 12
got ENOMEM. trying against with 279 pages 
second promote attempt return -1
pages migrated: 445, lfu # items: 13612, lfu sample size: 37800000, samples: 37800000, node 0 mem 69632
CBF freq dist: (1) 741, (1-100) 1946, (100-1000) 11166, (1k-2k) 18, (2k-3k) 2, (3k-5k) 1, (5k-65534) 99, (65k) 380 
CBF freq dist: (1) 58, (1-100) 1142, (100-1000) 1704, (1k-2k) 358, (2k-3k) 10, (3k-5k) 20, (5k-65534) 2, (65k) 0 
collected one batch of samples. pages to migrate = 3020 
start promoting 2503 pages
move page ret -1 
move page error: 12
got ENOMEM. trying against with 500 pages 
second promote attempt return -1
pages migrated: 445, lfu # items: 13614, lfu sample size: 37900000, samples: 37900000, node 0 mem 69632
CBF freq dist: (1) 742, (1-100) 1947, (100-1000) 11167, (1k-2k) 18, (2k-3k) 2, (3k-5k) 1, (5k-65534) 94, (65k) 385 
CBF freq dist: (1) 58, (1-100) 701, (100-1000) 2144, (1k-2k) 358, (2k-3k) 9, (3k-5k) 21, (5k-65534) 3, (65k) 0 
[DEBUG] Halving CBF counters.
collected one batch of samples. pages to migrate = 2711 
start promoting 2179 pages
move page ret -1 
move page error: 12
got ENOMEM. trying against with 435 pages 
second promote attempt return -1
pages migrated: 445, lfu # items: 13617, lfu sample size: 38000000, samples: 38000000, node 0 mem 69632
CBF freq dist: (1) 744, (1-100) 1950, (100-1000) 11167, (1k-2k) 18, (2k-3k) 2, (3k-5k) 1, (5k-65534) 91, (65k) 388 
CBF freq dist: (1) -106, (1-100) 1693, (100-1000) 1451, (1k-2k) 27, (2k-3k) 6, (3k-5k) 1, (5k-65534) 0, (65k) 0 
collected one batch of samples. pages to migrate = 1926 
start promoting 1395 pages
move page ret -1 
move page error: 12
got ENOMEM. trying against with 279 pages 
second promote attempt return -1
pages migrated: 445, lfu # items: 13631, lfu sample size: 38100000, samples: 38100000, node 0 mem 69632
CBF freq dist: (1) 751, (1-100) 1963, (100-1000) 11168, (1k-2k) 18, (2k-3k) 2, (3k-5k) 1, (5k-65534) 90, (65k) 389 
CBF freq dist: (1) -106, (1-100) 1118, (100-1000) 2018, (1k-2k) 22, (2k-3k) 17, (3k-5k) 3, (5k-65534) 0, (65k) 0 
collected one batch of samples. pages to migrate = 2915 
start promoting 2391 pages
move page ret -1 
move page error: 12
got ENOMEM. trying against with 478 pages 
second promote attempt return -1
pages migrated: 445, lfu # items: 13631, lfu sample size: 38200000, samples: 38200000, node 0 mem 69088
CBF freq dist: (1) 751, (1-100) 1963, (100-1000) 11166, (1k-2k) 20, (2k-3k) 2, (3k-5k) 1, (5k-65534) 85, (65k) 394 
CBF freq dist: (1) -106, (1-100) 703, (100-1000) 2357, (1k-2k) 95, (2k-3k) 17, (3k-5k) 6, (5k-65534) 0, (65k) 0 
collected one batch of samples. pages to migrate = 4702 
start promoting 4166 pages
move page ret -1 
move page error: 12
got ENOMEM. trying against with 833 pages 
second promote attempt return -1
pages migrated: 445, lfu # items: 13644, lfu sample size: 38300000, samples: 38300000, node 0 mem 69252
CBF freq dist: (1) 761, (1-100) 1976, (100-1000) 11158, (1k-2k) 28, (2k-3k) 2, (3k-5k) 1, (5k-65534) 85, (65k) 394 
CBF freq dist: (1) -105, (1-100) 453, (100-1000) 2482, (1k-2k) 218, (2k-3k) 20, (3k-5k) 6, (5k-65534) 0, (65k) 0 
collected one batch of samples. pages to migrate = 6397 
start promoting 5841 pages
move page ret -1 
move page error: 12
got ENOMEM. trying against with 1168 pages 
second promote attempt return -1
pages migrated: 445, lfu # items: 13646, lfu sample size: 38400000, samples: 38400000, node 0 mem 69252
CBF freq dist: (1) 761, (1-100) 1976, (100-1000) 11140, (1k-2k) 48, (2k-3k) 2, (3k-5k) 1, (5k-65534) 83, (65k) 396 
CBF freq dist: (1) -105, (1-100) 380, (100-1000) 2502, (1k-2k) 269, (2k-3k) 22, (3k-5k) 6, (5k-65534) 0, (65k) 0 
collected one batch of samples. pages to migrate = 7533 
start promoting 6996 pages
move page ret -1 
move page error: 12
got ENOMEM. trying against with 1399 pages 
second promote attempt return -1
pages migrated: 445, lfu # items: 13647, lfu sample size: 38500000, samples: 38500000, node 0 mem 69252
CBF freq dist: (1) 762, (1-100) 1976, (100-1000) 11100, (1k-2k) 89, (2k-3k) 2, (3k-5k) 1, (5k-65534) 83, (65k) 396 
CBF freq dist: (1) -105, (1-100) 228, (100-1000) 2650, (1k-2k) 272, (2k-3k) 18, (3k-5k) 11, (5k-65534) 0, (65k) 0 
[DEBUG] Halving CBF counters.
collected one batch of samples. pages to migrate = 2514 
start promoting 1982 pages
move page ret -1 
move page error: 12
got ENOMEM. trying against with 396 pages 
second promote attempt return -1
pages migrated: 445, lfu # items: 13647, lfu sample size: 38600000, samples: 38600000, node 0 mem 69252
CBF freq dist: (1) 762, (1-100) 1975, (100-1000) 11027, (1k-2k) 163, (2k-3k) 2, (3k-5k) 1, (5k-65534) 83, (65k) 396 
CBF freq dist: (1) 71, (1-100) 978, (100-1000) 2277, (1k-2k) 23, (2k-3k) 6, (3k-5k) 0, (5k-65534) 0, (65k) 0 
collected one batch of samples. pages to migrate = 4146 
start promoting 3625 pages
move page ret -1 
move page error: 12
got ENOMEM. trying against with 725 pages 
second promote attempt return -1
pages migrated: 445, lfu # items: 13648, lfu sample size: 38700000, samples: 38700000, node 0 mem 69252
CBF freq dist: (1) 760, (1-100) 1972, (100-1000) 10954, (1k-2k) 240, (2k-3k) 2, (3k-5k) 1, (5k-65534) 83, (65k) 396 
CBF freq dist: (1) 72, (1-100) 547, (100-1000) 2707, (1k-2k) 26, (2k-3k) 6, (3k-5k) 0, (5k-65534) 0, (65k) 0 
collected one batch of samples. pages to migrate = 6102 
start promoting 5565 pages
move page ret -1 
move page error: 12
got ENOMEM. trying against with 1113 pages 
second promote attempt return -1
pages migrated: 445, lfu # items: 13652, lfu sample size: 38800000, samples: 38800000, node 0 mem 69252
CBF freq dist: (1) 763, (1-100) 1975, (100-1000) 10894, (1k-2k) 300, (2k-3k) 3, (3k-5k) 1, (5k-65534) 83, (65k) 396 
CBF freq dist: (1) 72, (1-100) 486, (100-1000) 2758, (1k-2k) 30, (2k-3k) 11, (3k-5k) 1, (5k-65534) 0, (65k) 0 
collected one batch of samples. pages to migrate = 7499 
start promoting 6949 pages
move page ret -1 
move page error: 12
got ENOMEM. trying against with 1389 pages 
second promote attempt return -1
pages migrated: 445, lfu # items: 13653, lfu sample size: 38900000, samples: 38900000, node 0 mem 69252
CBF freq dist: (1) 763, (1-100) 1976, (100-1000) 10828, (1k-2k) 366, (2k-3k) 3, (3k-5k) 1, (5k-65534) 83, (65k) 396 
CBF freq dist: (1) 72, (1-100) 298, (100-1000) 2890, (1k-2k) 80, (2k-3k) 15, (3k-5k) 3, (5k-65534) 0, (65k) 0 
collected one batch of samples. pages to migrate = 8968 
start promoting 8431 pages
move page ret -1 
move page error: 12
got ENOMEM. trying against with 1686 pages 
second promote attempt return -1
pages migrated: 445, lfu # items: 13655, lfu sample size: 39000000, samples: 39000000, node 0 mem 69252
CBF freq dist: (1) 762, (1-100) 1978, (100-1000) 10784, (1k-2k) 410, (2k-3k) 3, (3k-5k) 1, (5k-65534) 83, (65k) 396 
CBF freq dist: (1) 72, (1-100) 173, (100-1000) 2921, (1k-2k) 171, (2k-3k) 16, (3k-5k) 5, (5k-65534) 0, (65k) 0 
[DEBUG] Halving CBF counters.
collected one batch of samples. pages to migrate = 5564 
start promoting 5007 pages
move page ret -1 
move page error: 12
got ENOMEM. trying against with 1001 pages 
second promote attempt return -1
pages migrated: 445, lfu # items: 13658, lfu sample size: 39100000, samples: 39100000, node 0 mem 69252
CBF freq dist: (1) 763, (1-100) 1979, (100-1000) 10755, (1k-2k) 441, (2k-3k) 3, (3k-5k) 1, (5k-65534) 83, (65k) 396 
CBF freq dist: (1) -26, (1-100) 773, (100-1000) 2416, (1k-2k) 25, (2k-3k) 0, (3k-5k) 0, (5k-65534) 0, (65k) 0 
collected one batch of samples. pages to migrate = 4719 
start promoting 4191 pages
move page ret -1 
move page error: 12
got ENOMEM. trying against with 838 pages 
second promote attempt return -1
pages migrated: 445, lfu # items: 13658, lfu sample size: 39200000, samples: 39200000, node 0 mem 69252
CBF freq dist: (1) 763, (1-100) 1979, (100-1000) 10733, (1k-2k) 463, (2k-3k) 3, (3k-5k) 1, (5k-65534) 83, (65k) 396 
CBF freq dist: (1) -26, (1-100) 486, (100-1000) 2701, (1k-2k) 25, (2k-3k) 2, (3k-5k) 0, (5k-65534) 0, (65k) 0 
collected one batch of samples. pages to migrate = 6638 
start promoting 6088 pages
move page ret -1 
move page error: 12
got ENOMEM. trying against with 1217 pages 
second promote attempt return -1
pages migrated: 445, lfu # items: 13660, lfu sample size: 39300000, samples: 39300000, node 0 mem 69252
CBF freq dist: (1) 763, (1-100) 1981, (100-1000) 10721, (1k-2k) 475, (2k-3k) 3, (3k-5k) 1, (5k-65534) 83, (65k) 396 
CBF freq dist: (1) -26, (1-100) 422, (100-1000) 2761, (1k-2k) 25, (2k-3k) 6, (3k-5k) 0, (5k-65534) 0, (65k) 0 
collected one batch of samples. pages to migrate = 7799 
start promoting 7234 pages
move page ret -1 
move page error: 12
got ENOMEM. trying against with 1446 pages 
second promote attempt return -1
pages migrated: 445, lfu # items: 13661, lfu sample size: 39400000, samples: 39400000, node 0 mem 69332
CBF freq dist: (1) 761, (1-100) 1978, (100-1000) 10714, (1k-2k) 486, (2k-3k) 3, (3k-5k) 1, (5k-65534) 83, (65k) 396 
CBF freq dist: (1) -26, (1-100) 246, (100-1000) 2926, (1k-2k) 36, (2k-3k) 6, (3k-5k) 0, (5k-65534) 0, (65k) 0 
collected one batch of samples. pages to migrate = 8893 
start promoting 8303 pages
move page ret -1 
move page error: 12
got ENOMEM. trying against with 1660 pages 
second promote attempt return -1
pages migrated: 445, lfu # items: 13674, lfu sample size: 39500000, samples: 39500000, node 0 mem 69332
CBF freq dist: (1) 771, (1-100) 1991, (100-1000) 10712, (1k-2k) 488, (2k-3k) 3, (3k-5k) 1, (5k-65534) 82, (65k) 397 
CBF freq dist: (1) -26, (1-100) 159, (100-1000) 2939, (1k-2k) 97, (2k-3k) 17, (3k-5k) 2, (5k-65534) 0, (65k) 0 
collected one batch of samples. pages to migrate = 9418 
start promoting 8867 pages
move page ret -1 
move page error: 12
got ENOMEM. trying against with 1773 pages 
second promote attempt return -1
pages migrated: 445, lfu # items: 13678, lfu sample size: 39600000, samples: 39600000, node 0 mem 69332
CBF freq dist: (1) 775, (1-100) 1993, (100-1000) 10712, (1k-2k) 490, (2k-3k) 3, (3k-5k) 1, (5k-65534) 82, (65k) 397 
CBF freq dist: (1) -26, (1-100) 118, (100-1000) 2894, (1k-2k) 180, (2k-3k) 19, (3k-5k) 3, (5k-65534) 0, (65k) 0 
[DEBUG] Halving CBF counters.
collected one batch of samples. pages to migrate = 3712 
start promoting 3155 pages
move page ret -1 
move page error: 12
got ENOMEM. trying against with 631 pages 
second promote attempt return -1
pages migrated: 445, lfu # items: 13678, lfu sample size: 39700000, samples: 39700000, node 0 mem 69332
CBF freq dist: (1) 775, (1-100) 1988, (100-1000) 10716, (1k-2k) 491, (2k-3k) 3, (3k-5k) 1, (5k-65534) 82, (65k) 397 
CBF freq dist: (1) -26, (1-100) 699, (100-1000) 2511, (1k-2k) 28, (2k-3k) 2, (3k-5k) 0, (5k-65534) 0, (65k) 0 
collected one batch of samples. pages to migrate = 5400 
start promoting 4849 pages
move page ret -1 
move page error: 12
got ENOMEM. trying against with 969 pages 
second promote attempt return -1
pages migrated: 445, lfu # items: 13680, lfu sample size: 39800000, samples: 39800000, node 0 mem 69332
CBF freq dist: (1) 773, (1-100) 1989, (100-1000) 10715, (1k-2k) 493, (2k-3k) 2, (3k-5k) 2, (5k-65534) 82, (65k) 397 
CBF freq dist: (1) -27, (1-100) 605, (100-1000) 2602, (1k-2k) 29, (2k-3k) 4, (3k-5k) 0, (5k-65534) 0, (65k) 0 
num_perf_record_lost count 500
collected one batch of samples. pages to migrate = 7061 
start promoting 6504 pages
move page ret -1 
move page error: 12
got ENOMEM. trying against with 1300 pages 
second promote attempt return -1
pages migrated: 445, lfu # items: 13685, lfu sample size: 39900000, samples: 39900000, node 0 mem 69332
CBF freq dist: (1) 775, (1-100) 1993, (100-1000) 10713, (1k-2k) 496, (2k-3k) 2, (3k-5k) 2, (5k-65534) 82, (65k) 397 
CBF freq dist: (1) -27, (1-100) 492, (100-1000) 2710, (1k-2k) 33, (2k-3k) 5, (3k-5k) 0, (5k-65534) 0, (65k) 0 
[DEBUG] Number of hot pages promoted in 50 batches = 0 
[INFO] Reached promotion plateau. cur hot page size 2573205504, fast mem 80% 3435973836
[INFO] Decrease hot thresh to 600.
collected one batch of samples. pages to migrate = 9585 
start promoting 9037 pages
move page ret -1 
move page error: 12
got ENOMEM. trying against with 1807 pages 
second promote attempt return -1
pages migrated: 445, lfu # items: 13688, lfu sample size: 40000000, samples: 40000000, node 0 mem 69332
CBF freq dist: (1) 775, (1-100) 1995, (100-1000) 10708, (1k-2k) 502, (2k-3k) 2, (3k-5k) 2, (5k-65534) 82, (65k) 397 
CBF freq dist: (1) -27, (1-100) 307, (100-1000) 2879, (1k-2k) 44, (2k-3k) 10, (3k-5k) 0, (5k-65534) 0, (65k) 0 
collected one batch of samples. pages to migrate = 10373 
start promoting 9820 pages
move page ret -1 
move page error: 12
got ENOMEM. trying against with 1964 pages 
second promote attempt return -1
pages migrated: 445, lfu # items: 13689, lfu sample size: 40100000, samples: 40100000, node 0 mem 69584
CBF freq dist: (1) 774, (1-100) 1995, (100-1000) 10707, (1k-2k) 504, (2k-3k) 2, (3k-5k) 2, (5k-65534) 82, (65k) 397 
CBF freq dist: (1) -27, (1-100) 250, (100-1000) 2876, (1k-2k) 100, (2k-3k) 12, (3k-5k) 2, (5k-65534) 0, (65k) 0 
[DEBUG] Halving CBF counters.
collected one batch of samples. pages to migrate = 9015 
start promoting 8456 pages
move page ret -1 
move page error: 12
got ENOMEM. trying against with 1691 pages 
second promote attempt return -1
pages migrated: 445, lfu # items: 13691, lfu sample size: 40200000, samples: 40200000, node 0 mem 69584
CBF freq dist: (1) 774, (1-100) 1994, (100-1000) 10705, (1k-2k) 509, (2k-3k) 2, (3k-5k) 2, (5k-65534) 82, (65k) 397 
CBF freq dist: (1) 30, (1-100) 737, (100-1000) 2510, (1k-2k) 20, (2k-3k) 0, (3k-5k) 0, (5k-65534) 0, (65k) 0 
collected one batch of samples. pages to migrate = 9058 
start promoting 8527 pages
move page ret -1 
move page error: 12
got ENOMEM. trying against with 1705 pages 
second promote attempt return -1
pages migrated: 445, lfu # items: 13693, lfu sample size: 40300000, samples: 40300000, node 0 mem 69584
CBF freq dist: (1) 776, (1-100) 1996, (100-1000) 10700, (1k-2k) 514, (2k-3k) 2, (3k-5k) 2, (5k-65534) 82, (65k) 397 
CBF freq dist: (1) 30, (1-100) 637, (100-1000) 2604, (1k-2k) 26, (2k-3k) 0, (3k-5k) 0, (5k-65534) 0, (65k) 0 
collected one batch of samples. pages to migrate = 10187 
start promoting 9639 pages
move page ret -1 
move page error: 12
got ENOMEM. trying against with 1927 pages 
second promote attempt return -1
pages migrated: 445, lfu # items: 13693, lfu sample size: 40400000, samples: 40400000, node 0 mem 69584
CBF freq dist: (1) 775, (1-100) 1995, (100-1000) 10695, (1k-2k) 520, (2k-3k) 2, (3k-5k) 2, (5k-65534) 82, (65k) 397 
CBF freq dist: (1) 31, (1-100) 521, (100-1000) 2721, (1k-2k) 24, (2k-3k) 2, (3k-5k) 0, (5k-65534) 0, (65k) 0 
collected one batch of samples. pages to migrate = 10928 
start promoting 10386 pages
move page ret -1 
move page error: 12
got ENOMEM. trying against with 2077 pages 
second promote attempt return -1
pages migrated: 445, lfu # items: 13693, lfu sample size: 40500000, samples: 40500000, node 0 mem 69584
CBF freq dist: (1) 775, (1-100) 1995, (100-1000) 10689, (1k-2k) 526, (2k-3k) 2, (3k-5k) 2, (5k-65534) 82, (65k) 397 
CBF freq dist: (1) 31, (1-100) 334, (100-1000) 2902, (1k-2k) 27, (2k-3k) 5, (3k-5k) 0, (5k-65534) 0, (65k) 0 
collected one batch of samples. pages to migrate = 11189 
start promoting 10593 pages
move page ret -1 
move page error: 12
got ENOMEM. trying against with 2118 pages 
second promote attempt return -1
pages migrated: 445, lfu # items: 13694, lfu sample size: 40600000, samples: 40600000, node 0 mem 69584
CBF freq dist: (1) 774, (1-100) 1994, (100-1000) 10687, (1k-2k) 530, (2k-3k) 2, (3k-5k) 2, (5k-65534) 82, (65k) 397 
CBF freq dist: (1) 31, (1-100) 287, (100-1000) 2907, (1k-2k) 65, (2k-3k) 9, (3k-5k) 0, (5k-65534) 0, (65k) 0 
collected one batch of samples. pages to migrate = 11492 
start promoting 10902 pages
move page ret -1 
move page error: 12
got ENOMEM. trying against with 2180 pages 
second promote attempt return -1
pages migrated: 445, lfu # items: 13704, lfu sample size: 40700000, samples: 40700000, node 0 mem 69584
CBF freq dist: (1) 782, (1-100) 2003, (100-1000) 10681, (1k-2k) 537, (2k-3k) 2, (3k-5k) 2, (5k-65534) 82, (65k) 397 
CBF freq dist: (1) 30, (1-100) 279, (100-1000) 2855, (1k-2k) 119, (2k-3k) 13, (3k-5k) 2, (5k-65534) 0, (65k) 0 
[DEBUG] Halving CBF counters.
collected one batch of samples. pages to migrate = 10910 
start promoting 10358 pages
move page ret -1 
move page error: 12
got ENOMEM. trying against with 2071 pages 
second promote attempt return -1
pages migrated: 445, lfu # items: 13704, lfu sample size: 40800000, samples: 40800000, node 0 mem 69584
CBF freq dist: (1) 782, (1-100) 2002, (100-1000) 10678, (1k-2k) 541, (2k-3k) 2, (3k-5k) 2, (5k-65534) 82, (65k) 397 
CBF freq dist: (1) 92, (1-100) 522, (100-1000) 2694, (1k-2k) 22, (2k-3k) 0, (3k-5k) 0, (5k-65534) 0, (65k) 0 
collected one batch of samples. pages to migrate = 11155 
start promoting 10602 pages
move page ret -1 
move page error: 12
got ENOMEM. trying against with 2120 pages 
second promote attempt return -1
pages migrated: 445, lfu # items: 13708, lfu sample size: 40900000, samples: 40900000, node 0 mem 69040
CBF freq dist: (1) 785, (1-100) 2005, (100-1000) 10678, (1k-2k) 542, (2k-3k) 2, (3k-5k) 2, (5k-65534) 82, (65k) 397 
CBF freq dist: (1) 92, (1-100) 498, (100-1000) 2712, (1k-2k) 25, (2k-3k) 3, (3k-5k) 0, (5k-65534) 0, (65k) 0 
collected one batch of samples. pages to migrate = 11420 
start promoting 10870 pages
move page ret -1 
move page error: 12
got ENOMEM. trying against with 2174 pages 
second promote attempt return -1
pages migrated: 445, lfu # items: 13708, lfu sample size: 41000000, samples: 41000000, node 0 mem 69040
CBF freq dist: (1) 785, (1-100) 2005, (100-1000) 10676, (1k-2k) 544, (2k-3k) 2, (3k-5k) 2, (5k-65534) 82, (65k) 397 
CBF freq dist: (1) 92, (1-100) 381, (100-1000) 2826, (1k-2k) 26, (2k-3k) 5, (3k-5k) 0, (5k-65534) 0, (65k) 0 
collected one batch of samples. pages to migrate = 11652 
start promoting 11074 pages
move page ret -1 
move page error: 12
got ENOMEM. trying against with 2214 pages 
second promote attempt return -1
pages migrated: 445, lfu # items: 13715, lfu sample size: 41100000, samples: 41100000, node 0 mem 69040
CBF freq dist: (1) 789, (1-100) 2009, (100-1000) 10678, (1k-2k) 545, (2k-3k) 2, (3k-5k) 2, (5k-65534) 82, (65k) 397 
CBF freq dist: (1) 92, (1-100) 201, (100-1000) 2985, (1k-2k) 44, (2k-3k) 8, (3k-5k) 0, (5k-65534) 0, (65k) 0 
collected one batch of samples. pages to migrate = 11752 
start promoting 11189 pages
move page ret -1 
move page error: 12
got ENOMEM. trying against with 2237 pages 
second promote attempt return -1
pages migrated: 445, lfu # items: 13716, lfu sample size: 41200000, samples: 41200000, node 0 mem 69040
CBF freq dist: (1) 790, (1-100) 2009, (100-1000) 10678, (1k-2k) 546, (2k-3k) 2, (3k-5k) 2, (5k-65534) 82, (65k) 397 
CBF freq dist: (1) 91, (1-100) 146, (100-1000) 2983, (1k-2k) 94, (2k-3k) 13, (3k-5k) 2, (5k-65534) 0, (65k) 0 
[DEBUG] Halving CBF counters.
collected one batch of samples. pages to migrate = 11579 
start promoting 10985 pages
move page ret -1 
move page error: 12
got ENOMEM. trying against with 2197 pages 
second promote attempt return -1
pages migrated: 445, lfu # items: 13719, lfu sample size: 41300000, samples: 41300000, node 0 mem 69040
CBF freq dist: (1) 790, (1-100) 2009, (100-1000) 10678, (1k-2k) 549, (2k-3k) 2, (3k-5k) 2, (5k-65534) 82, (65k) 397 
CBF freq dist: (1) -66, (1-100) 627, (100-1000) 2496, (1k-2k) 24, (2k-3k) 0, (3k-5k) 0, (5k-65534) 0, (65k) 0 
collected one batch of samples. pages to migrate = 11718 
start promoting 11165 pages
move page ret -1 
move page error: 12
got ENOMEM. trying against with 2233 pages 
second promote attempt return -1
pages migrated: 445, lfu # items: 13719, lfu sample size: 41400000, samples: 41400000, node 0 mem 69040
CBF freq dist: (1) 790, (1-100) 2009, (100-1000) 10677, (1k-2k) 550, (2k-3k) 2, (3k-5k) 2, (5k-65534) 82, (65k) 397 
CBF freq dist: (1) -67, (1-100) 455, (100-1000) 2664, (1k-2k) 27, (2k-3k) 1, (3k-5k) 0, (5k-65534) 0, (65k) 0 
collected one batch of samples. pages to migrate = 11780 
start promoting 11219 pages
move page ret -1 
move page error: 12
got ENOMEM. trying against with 2243 pages 
second promote attempt return -1
pages migrated: 445, lfu # items: 13721, lfu sample size: 41500000, samples: 41500000, node 0 mem 69040
CBF freq dist: (1) 790, (1-100) 2011, (100-1000) 10677, (1k-2k) 550, (2k-3k) 2, (3k-5k) 2, (5k-65534) 82, (65k) 397 
CBF freq dist: (1) -66, (1-100) 363, (100-1000) 2755, (1k-2k) 27, (2k-3k) 3, (3k-5k) 0, (5k-65534) 0, (65k) 0 
collected one batch of samples. pages to migrate = 11723 
start promoting 11115 pages
move page ret -1 
move page error: 12
got ENOMEM. trying against with 2223 pages 
second promote attempt return -1
pages migrated: 445, lfu # items: 13722, lfu sample size: 41600000, samples: 41600000, node 0 mem 69040
CBF freq dist: (1) 790, (1-100) 2011, (100-1000) 10677, (1k-2k) 551, (2k-3k) 2, (3k-5k) 2, (5k-65534) 82, (65k) 397 
CBF freq dist: (1) -66, (1-100) 205, (100-1000) 2902, (1k-2k) 37, (2k-3k) 5, (3k-5k) 0, (5k-65534) 0, (65k) 0 
collected one batch of samples. pages to migrate = 11797 
start promoting 11239 pages
move page ret -1 
move page error: 12
got ENOMEM. trying against with 2247 pages 
second promote attempt return -1
pages migrated: 445, lfu # items: 13722, lfu sample size: 41700000, samples: 41700000, node 0 mem 69040
CBF freq dist: (1) 789, (1-100) 2010, (100-1000) 10678, (1k-2k) 551, (2k-3k) 2, (3k-5k) 2, (5k-65534) 82, (65k) 397 
CBF freq dist: (1) -66, (1-100) 112, (100-1000) 2958, (1k-2k) 68, (2k-3k) 11, (3k-5k) 0, (5k-65534) 0, (65k) 0 
collected one batch of samples. pages to migrate = 11828 
start promoting 11256 pages
move page ret -1 
move page error: 12
got ENOMEM. trying against with 2251 pages 
second promote attempt return -1
pages migrated: 445, lfu # items: 13723, lfu sample size: 41800000, samples: 41800000, node 0 mem 69292
CBF freq dist: (1) 788, (1-100) 2010, (100-1000) 10678, (1k-2k) 552, (2k-3k) 2, (3k-5k) 2, (5k-65534) 82, (65k) 397 
CBF freq dist: (1) -66, (1-100) 98, (100-1000) 2917, (1k-2k) 117, (2k-3k) 15, (3k-5k) 2, (5k-65534) 0, (65k) 0 
[DEBUG] Halving CBF counters.
collected one batch of samples. pages to migrate = 11807 
start promoting 11249 pages
move page ret -1 
move page error: 12
got ENOMEM. trying against with 2249 pages 
second promote attempt return -1
pages migrated: 445, lfu # items: 13724, lfu sample size: 41900000, samples: 41900000, node 0 mem 69292
CBF freq dist: (1) 786, (1-100) 2010, (100-1000) 10679, (1k-2k) 552, (2k-3k) 2, (3k-5k) 2, (5k-65534) 82, (65k) 397 
CBF freq dist: (1) 15, (1-100) 539, (100-1000) 2654, (1k-2k) 22, (2k-3k) 0, (3k-5k) 0, (5k-65534) 0, (65k) 0 
collected one batch of samples. pages to migrate = 11816 
start promoting 11247 pages
move page ret -1 
move page error: 12
got ENOMEM. trying against with 2249 pages 
second promote attempt return -1
pages migrated: 445, lfu # items: 13735, lfu sample size: 42000000, samples: 42000000, node 0 mem 69292
CBF freq dist: (1) 794, (1-100) 2021, (100-1000) 10677, (1k-2k) 554, (2k-3k) 2, (3k-5k) 2, (5k-65534) 82, (65k) 397 
CBF freq dist: (1) 15, (1-100) 512, (100-1000) 2678, (1k-2k) 23, (2k-3k) 2, (3k-5k) 0, (5k-65534) 0, (65k) 0 
collected one batch of samples. pages to migrate = 11696 
start promoting 11131 pages
move page ret -1 
move page error: 12
got ENOMEM. trying against with 2226 pages 
second promote attempt return -1
pages migrated: 445, lfu # items: 13735, lfu sample size: 42100000, samples: 42100000, node 0 mem 69292
CBF freq dist: (1) 792, (1-100) 2019, (100-1000) 10679, (1k-2k) 554, (2k-3k) 2, (3k-5k) 2, (5k-65534) 82, (65k) 397 
CBF freq dist: (1) 14, (1-100) 363, (100-1000) 2822, (1k-2k) 25, (2k-3k) 5, (3k-5k) 0, (5k-65534) 0, (65k) 0 
collected one batch of samples. pages to migrate = 11794 
start promoting 11235 pages
move page ret -1 
move page error: 12
got ENOMEM. trying against with 2247 pages 
second promote attempt return -1
pages migrated: 445, lfu # items: 13735, lfu sample size: 42200000, samples: 42200000, node 0 mem 69292
CBF freq dist: (1) 791, (1-100) 2017, (100-1000) 10681, (1k-2k) 554, (2k-3k) 2, (3k-5k) 2, (5k-65534) 82, (65k) 397 
CBF freq dist: (1) 14, (1-100) 213, (100-1000) 2949, (1k-2k) 44, (2k-3k) 9, (3k-5k) 0, (5k-65534) 0, (65k) 0 
collected one batch of samples. pages to migrate = 11804 
start promoting 11254 pages
move page ret -1 
move page error: 12
got ENOMEM. trying against with 2250 pages 
second promote attempt return -1
pages migrated: 445, lfu # items: 13736, lfu sample size: 42300000, samples: 42300000, node 0 mem 69292
CBF freq dist: (1) 792, (1-100) 2015, (100-1000) 10682, (1k-2k) 556, (2k-3k) 2, (3k-5k) 2, (5k-65534) 82, (65k) 397 
CBF freq dist: (1) 14, (1-100) 163, (100-1000) 2931, (1k-2k) 103, (2k-3k) 16, (3k-5k) 2, (5k-65534) 0, (65k) 0 
[DEBUG] Halving CBF counters.
collected one batch of samples. pages to migrate = 11823 
start promoting 11256 pages
move page ret -1 
move page error: 12
got ENOMEM. trying against with 2251 pages 
second promote attempt return -1
pages migrated: 445, lfu # items: 13738, lfu sample size: 42400000, samples: 42400000, node 0 mem 69292
CBF freq dist: (1) 794, (1-100) 2015, (100-1000) 10683, (1k-2k) 557, (2k-3k) 2, (3k-5k) 2, (5k-65534) 82, (65k) 397 
CBF freq dist: (1) -10, (1-100) 581, (100-1000) 2598, (1k-2k) 22, (2k-3k) 0, (3k-5k) 0, (5k-65534) 0, (65k) 0 
collected one batch of samples. pages to migrate = 11782 
start promoting 11244 pages
move page ret -1 
move page error: 12
got ENOMEM. trying against with 2248 pages 
second promote attempt return -1
pages migrated: 445, lfu # items: 13738, lfu sample size: 42500000, samples: 42500000, node 0 mem 69292
CBF freq dist: (1) 793, (1-100) 2013, (100-1000) 10684, (1k-2k) 558, (2k-3k) 2, (3k-5k) 2, (5k-65534) 82, (65k) 397 
CBF freq dist: (1) -9, (1-100) 466, (100-1000) 2708, (1k-2k) 28, (2k-3k) 0, (3k-5k) 0, (5k-65534) 0, (65k) 0 
collected one batch of samples. pages to migrate = 11806 
start promoting 11260 pages
move page ret -1 
move page error: 12
got ENOMEM. trying against with 2252 pages 
second promote attempt return -1
pages migrated: 445, lfu # items: 13739, lfu sample size: 42600000, samples: 42600000, node 0 mem 68780
CBF freq dist: (1) 793, (1-100) 2013, (100-1000) 10685, (1k-2k) 558, (2k-3k) 2, (3k-5k) 2, (5k-65534) 82, (65k) 397 
CBF freq dist: (1) -10, (1-100) 338, (100-1000) 2835, (1k-2k) 27, (2k-3k) 2, (3k-5k) 0, (5k-65534) 0, (65k) 0 
collected one batch of samples. pages to migrate = 11800 
start promoting 11260 pages
move page ret -1 
move page error: 12
got ENOMEM. trying against with 2252 pages 
second promote attempt return -1
pages migrated: 445, lfu # items: 13739, lfu sample size: 42700000, samples: 42700000, node 0 mem 68780
CBF freq dist: (1) 793, (1-100) 2011, (100-1000) 10686, (1k-2k) 559, (2k-3k) 2, (3k-5k) 2, (5k-65534) 82, (65k) 397 
CBF freq dist: (1) -10, (1-100) 153, (100-1000) 3015, (1k-2k) 29, (2k-3k) 5, (3k-5k) 0, (5k-65534) 0, (65k) 0 
collected one batch of samples. pages to migrate = 11788 
start promoting 11232 pages
move page ret -1 
move page error: 12
got ENOMEM. trying against with 2246 pages 
second promote attempt return -1
pages migrated: 445, lfu # items: 13739, lfu sample size: 42800000, samples: 42800000, node 0 mem 68780
CBF freq dist: (1) 793, (1-100) 2008, (100-1000) 10687, (1k-2k) 561, (2k-3k) 2, (3k-5k) 2, (5k-65534) 82, (65k) 397 
CBF freq dist: (1) -10, (1-100) 111, (100-1000) 3038, (1k-2k) 47, (2k-3k) 6, (3k-5k) 0, (5k-65534) 0, (65k) 0 
num_perf_record_lost count 600
collected one batch of samples. pages to migrate = 11823 
start promoting 11256 pages
move page ret -1 
move page error: 12
got ENOMEM. trying against with 2251 pages 
second promote attempt return -1
pages migrated: 445, lfu # items: 13740, lfu sample size: 42900000, samples: 42900000, node 0 mem 68780
CBF freq dist: (1) 792, (1-100) 2009, (100-1000) 10686, (1k-2k) 562, (2k-3k) 2, (3k-5k) 2, (5k-65534) 82, (65k) 397 
CBF freq dist: (1) -10, (1-100) 108, (100-1000) 2993, (1k-2k) 86, (2k-3k) 15, (3k-5k) 0, (5k-65534) 0, (65k) 0 
[DEBUG] Halving CBF counters.
collected one batch of samples. pages to migrate = 11816 
start promoting 11258 pages
move page ret -1 
move page error: 12
got ENOMEM. trying against with 2251 pages 
second promote attempt return -1
pages migrated: 445, lfu # items: 13740, lfu sample size: 43000000, samples: 43000000, node 0 mem 69032
CBF freq dist: (1) 792, (1-100) 2009, (100-1000) 10685, (1k-2k) 563, (2k-3k) 2, (3k-5k) 2, (5k-65534) 82, (65k) 397 
CBF freq dist: (1) 73, (1-100) 540, (100-1000) 2649, (1k-2k) 23, (2k-3k) 0, (3k-5k) 0, (5k-65534) 0, (65k) 0 
collected one batch of samples. pages to migrate = 11695 
start promoting 11119 pages
move page ret -1 
move page error: 12
got ENOMEM. trying against with 2223 pages 
second promote attempt return -1
pages migrated: 445, lfu # items: 13740, lfu sample size: 43100000, samples: 43100000, node 0 mem 69032
CBF freq dist: (1) 790, (1-100) 2006, (100-1000) 10688, (1k-2k) 563, (2k-3k) 2, (3k-5k) 2, (5k-65534) 82, (65k) 397 
CBF freq dist: (1) 73, (1-100) 511, (100-1000) 2672, (1k-2k) 27, (2k-3k) 2, (3k-5k) 0, (5k-65534) 0, (65k) 0 
collected one batch of samples. pages to migrate = 11822 
start promoting 11252 pages
move page ret -1 
move page error: 12
got ENOMEM. trying against with 2250 pages 
second promote attempt return -1
pages migrated: 445, lfu # items: 13751, lfu sample size: 43200000, samples: 43200000, node 0 mem 69032
CBF freq dist: (1) 798, (1-100) 2015, (100-1000) 10690, (1k-2k) 563, (2k-3k) 2, (3k-5k) 2, (5k-65534) 82, (65k) 397 
CBF freq dist: (1) 74, (1-100) 330, (100-1000) 2848, (1k-2k) 31, (2k-3k) 4, (3k-5k) 0, (5k-65534) 0, (65k) 0 
collected one batch of samples. pages to migrate = 11729 
start promoting 11138 pages
move page ret -1 
move page error: 12
got ENOMEM. trying against with 2227 pages 
second promote attempt return -1
pages migrated: 445, lfu # items: 13751, lfu sample size: 43300000, samples: 43300000, node 0 mem 69032
CBF freq dist: (1) 797, (1-100) 2015, (100-1000) 10690, (1k-2k) 563, (2k-3k) 2, (3k-5k) 2, (5k-65534) 82, (65k) 397 
CBF freq dist: (1) 73, (1-100) 222, (100-1000) 2931, (1k-2k) 52, (2k-3k) 8, (3k-5k) 0, (5k-65534) 0, (65k) 0 
collected one batch of samples. pages to migrate = 11818 
start promoting 11250 pages
move page ret -1 
move page error: 12
got ENOMEM. trying against with 2250 pages 
second promote attempt return -1
pages migrated: 445, lfu # items: 13752, lfu sample size: 43400000, samples: 43400000, node 0 mem 69032
CBF freq dist: (1) 796, (1-100) 2016, (100-1000) 10690, (1k-2k) 563, (2k-3k) 2, (3k-5k) 2, (5k-65534) 82, (65k) 397 
CBF freq dist: (1) 73, (1-100) 179, (100-1000) 2922, (1k-2k) 98, (2k-3k) 13, (3k-5k) 1, (5k-65534) 0, (65k) 0 
[DEBUG] Halving CBF counters.
collected one batch of samples. pages to migrate = 11803 
start promoting 11258 pages
move page ret -1 
move page error: 12
got ENOMEM. trying against with 2251 pages 
second promote attempt return -1
pages migrated: 445, lfu # items: 13753, lfu sample size: 43500000, samples: 43500000, node 0 mem 69032
CBF freq dist: (1) 794, (1-100) 2017, (100-1000) 10689, (1k-2k) 564, (2k-3k) 2, (3k-5k) 2, (5k-65534) 82, (65k) 397 
CBF freq dist: (1) 24, (1-100) 564, (100-1000) 2559, (1k-2k) 17, (2k-3k) 0, (3k-5k) 0, (5k-65534) 0, (65k) 0 
collected one batch of samples. pages to migrate = 11799 
start promoting 11253 pages
move page ret -1 
move page error: 12
got ENOMEM. trying against with 2250 pages 
second promote attempt return -1
pages migrated: 445, lfu # items: 13753, lfu sample size: 43600000, samples: 43600000, node 0 mem 69032
CBF freq dist: (1) 794, (1-100) 2016, (100-1000) 10689, (1k-2k) 565, (2k-3k) 2, (3k-5k) 2, (5k-65534) 82, (65k) 397 
CBF freq dist: (1) 23, (1-100) 453, (100-1000) 2664, (1k-2k) 23, (2k-3k) 0, (3k-5k) 0, (5k-65534) 0, (65k) 0 
collected one batch of samples. pages to migrate = 11693 
start promoting 11117 pages
move page ret -1 
move page error: 12
got ENOMEM. trying against with 2223 pages 
second promote attempt return -1
pages migrated: 445, lfu # items: 13753, lfu sample size: 43700000, samples: 43700000, node 0 mem 69536
CBF freq dist: (1) 794, (1-100) 2013, (100-1000) 10692, (1k-2k) 565, (2k-3k) 2, (3k-5k) 2, (5k-65534) 82, (65k) 397 
CBF freq dist: (1) 23, (1-100) 379, (100-1000) 2735, (1k-2k) 22, (2k-3k) 4, (3k-5k) 0, (5k-65534) 0, (65k) 0 
collected one batch of samples. pages to migrate = 11816 
start promoting 11264 pages
move page ret -1 
move page error: 12
got ENOMEM. trying against with 2252 pages 
second promote attempt return -1
pages migrated: 445, lfu # items: 13753, lfu sample size: 43800000, samples: 43800000, node 0 mem 69536
CBF freq dist: (1) 794, (1-100) 2010, (100-1000) 10693, (1k-2k) 567, (2k-3k) 2, (3k-5k) 2, (5k-65534) 82, (65k) 397 
CBF freq dist: (1) 23, (1-100) 178, (100-1000) 2931, (1k-2k) 26, (2k-3k) 5, (3k-5k) 0, (5k-65534) 0, (65k) 0 
collected one batch of samples. pages to migrate = 11829 
start promoting 11254 pages
move page ret -1 
move page error: 12
got ENOMEM. trying against with 2250 pages 
second promote attempt return -1
pages migrated: 445, lfu # items: 13754, lfu sample size: 43900000, samples: 43900000, node 0 mem 69536
CBF freq dist: (1) 794, (1-100) 2010, (100-1000) 10690, (1k-2k) 571, (2k-3k) 2, (3k-5k) 2, (5k-65534) 82, (65k) 397 
CBF freq dist: (1) 23, (1-100) 104, (100-1000) 2984, (1k-2k) 43, (2k-3k) 9, (3k-5k) 0, (5k-65534) 0, (65k) 0 
collected one batch of samples. pages to migrate = 11793 
start promoting 11247 pages
move page ret -1 
move page error: 12
got ENOMEM. trying against with 2249 pages 
second promote attempt return -1
pages migrated: 445, lfu # items: 13754, lfu sample size: 44000000, samples: 44000000, node 0 mem 69536
CBF freq dist: (1) 793, (1-100) 2009, (100-1000) 10689, (1k-2k) 573, (2k-3k) 2, (3k-5k) 2, (5k-65534) 82, (65k) 397 
CBF freq dist: (1) 23, (1-100) 95, (100-1000) 2931, (1k-2k) 97, (2k-3k) 16, (3k-5k) 1, (5k-65534) 0, (65k) 0 
[DEBUG] Halving CBF counters.
collected one batch of samples. pages to migrate = 11808 
start promoting 11250 pages
move page ret -1 
move page error: 12
got ENOMEM. trying against with 2250 pages 
second promote attempt return -1
pages migrated: 445, lfu # items: 13754, lfu sample size: 44100000, samples: 44100000, node 0 mem 69536
CBF freq dist: (1) 793, (1-100) 2008, (100-1000) 10686, (1k-2k) 577, (2k-3k) 2, (3k-5k) 2, (5k-65534) 82, (65k) 397 
CBF freq dist: (1) -52, (1-100) 408, (100-1000) 2684, (1k-2k) 25, (2k-3k) 0, (3k-5k) 0, (5k-65534) 0, (65k) 0 
collected one batch of samples. pages to migrate = 11793 
start promoting 11248 pages
move page ret -1 
move page error: 12
got ENOMEM. trying against with 2249 pages 
second promote attempt return -1
pages migrated: 445, lfu # items: 13754, lfu sample size: 44200000, samples: 44200000, node 0 mem 69536
CBF freq dist: (1) 793, (1-100) 2008, (100-1000) 10684, (1k-2k) 579, (2k-3k) 2, (3k-5k) 2, (5k-65534) 82, (65k) 397 
CBF freq dist: (1) -53, (1-100) 368, (100-1000) 2720, (1k-2k) 28, (2k-3k) 1, (3k-5k) 0, (5k-65534) 0, (65k) 0 
collected one batch of samples. pages to migrate = 11800 
start promoting 11249 pages
move page ret -1 
move page error: 12
got ENOMEM. trying against with 2249 pages 
second promote attempt return -1
pages migrated: 445, lfu # items: 13754, lfu sample size: 44300000, samples: 44300000, node 0 mem 69536
CBF freq dist: (1) 793, (1-100) 2008, (100-1000) 10681, (1k-2k) 582, (2k-3k) 2, (3k-5k) 2, (5k-65534) 82, (65k) 397 
CBF freq dist: (1) -53, (1-100) 155, (100-1000) 2929, (1k-2k) 29, (2k-3k) 4, (3k-5k) 0, (5k-65534) 0, (65k) 0 
collected one batch of samples. pages to migrate = 11813 
start promoting 11255 pages
move page ret -1 
move page error: 12
got ENOMEM. trying against with 2251 pages 
second promote attempt return -1
pages migrated: 445, lfu # items: 13763, lfu sample size: 44400000, samples: 44400000, node 0 mem 69536
CBF freq dist: (1) 801, (1-100) 2017, (100-1000) 10677, (1k-2k) 586, (2k-3k) 2, (3k-5k) 2, (5k-65534) 82, (65k) 397 
CBF freq dist: (1) -53, (1-100) 58, (100-1000) 3022, (1k-2k) 32, (2k-3k) 5, (3k-5k) 0, (5k-65534) 0, (65k) 0 
collected one batch of samples. pages to migrate = 11833 
start promoting 11262 pages
move page ret -1 
move page error: 12
got ENOMEM. trying against with 2252 pages 
second promote attempt return -1
pages migrated: 445, lfu # items: 13772, lfu sample size: 44500000, samples: 44500000, node 0 mem 69536
CBF freq dist: (1) 805, (1-100) 2025, (100-1000) 10673, (1k-2k) 591, (2k-3k) 2, (3k-5k) 2, (5k-65534) 82, (65k) 397 
CBF freq dist: (1) -53, (1-100) 41, (100-1000) 3008, (1k-2k) 60, (2k-3k) 8, (3k-5k) 0, (5k-65534) 0, (65k) 0 
[DEBUG] Halving CBF counters.
collected one batch of samples. pages to migrate = 11827 
start promoting 11257 pages
move page ret -1 
move page error: 12
got ENOMEM. trying against with 2251 pages 
second promote attempt return -1
pages migrated: 445, lfu # items: 13772, lfu sample size: 44600000, samples: 44600000, node 0 mem 69536
CBF freq dist: (1) 803, (1-100) 2023, (100-1000) 10669, (1k-2k) 597, (2k-3k) 2, (3k-5k) 2, (5k-65534) 82, (65k) 397 
CBF freq dist: (1) 57, (1-100) 568, (100-1000) 2586, (1k-2k) 16, (2k-3k) 0, (3k-5k) 0, (5k-65534) 0, (65k) 0 
collected one batch of samples. pages to migrate = 11791 
start promoting 11252 pages
move page ret -1 
move page error: 12
got ENOMEM. trying against with 2250 pages 
second promote attempt return -1
pages migrated: 445, lfu # items: 13773, lfu sample size: 44700000, samples: 44700000, node 0 mem 69308
CBF freq dist: (1) 804, (1-100) 2022, (100-1000) 10663, (1k-2k) 605, (2k-3k) 2, (3k-5k) 2, (5k-65534) 82, (65k) 397 
CBF freq dist: (1) 57, (1-100) 520, (100-1000) 2627, (1k-2k) 24, (2k-3k) 0, (3k-5k) 0, (5k-65534) 0, (65k) 0 
collected one batch of samples. pages to migrate = 11788 
start promoting 11251 pages
move page ret -1 
move page error: 12
got ENOMEM. trying against with 2250 pages 
second promote attempt return -1
pages migrated: 445, lfu # items: 13773, lfu sample size: 44800000, samples: 44800000, node 0 mem 69244
CBF freq dist: (1) 804, (1-100) 2021, (100-1000) 10647, (1k-2k) 622, (2k-3k) 2, (3k-5k) 2, (5k-65534) 82, (65k) 397 
CBF freq dist: (1) 57, (1-100) 363, (100-1000) 2779, (1k-2k) 28, (2k-3k) 1, (3k-5k) 0, (5k-65534) 0, (65k) 0 
collected one batch of samples. pages to migrate = 11800 
start promoting 11256 pages
move page ret -1 
move page error: 12
got ENOMEM. trying against with 2251 pages 
second promote attempt return -1
pages migrated: 445, lfu # items: 13773, lfu sample size: 44900000, samples: 44900000, node 0 mem 69244
CBF freq dist: (1) 804, (1-100) 2021, (100-1000) 10631, (1k-2k) 638, (2k-3k) 2, (3k-5k) 2, (5k-65534) 82, (65k) 397 
CBF freq dist: (1) 57, (1-100) 209, (100-1000) 2929, (1k-2k) 30, (2k-3k) 3, (3k-5k) 0, (5k-65534) 0, (65k) 0 
[DEBUG] Number of hot pages promoted in 50 batches = 0 
[INFO] Reached promotion plateau. cur hot page size 23995613184, fast mem 80% 3435973836
[INFO] Go to monitor mode from promotion plateau.
[INFO] Starting low overhead perf stat monitoring.
closing perf counters
munmap done 0
close fd done 0
munmap done 1
close fd done 1
munmap done 0
close fd done 0
munmap done 1
close fd done 1
munmap done 0
close fd done 0
munmap done 1
close fd done 1
munmap done 0
close fd done 0
munmap done 1
close fd done 1
munmap done 0
close fd done 0
munmap done 1
close fd done 1
munmap done 0
close fd done 0
munmap done 1
close fd done 1
munmap done 0
close fd done 0
munmap done 1
close fd done 1
munmap done 0
close fd done 0
munmap done 1
close fd done 1
munmap done 0
close fd done 0
munmap done 1
close fd done 1
munmap done 0
close fd done 0
munmap done 1
close fd done 1
munmap done 0
close fd done 0
munmap done 1
close fd done 1
munmap done 0
close fd done 0
munmap done 1
close fd done 1
munmap done 0
close fd done 0
munmap done 1
close fd done 1
munmap done 0
close fd done 0
munmap done 1
close fd done 1
munmap done 0
close fd done 0
munmap done 1
close fd done 1
munmap done 0
close fd done 0
munmap done 1
close fd done 1
[INFO] Sleep for 120s for fast memory hit ratio to stablize.

Simulation complete.
================================================================================
                                     RESULTS
================================================================================
Threads:     16
Runtime:     137.722 seconds
Lookups:     340,000,000
Lookups/s:   2,468,734
Verification checksum: 350878 (WARNING - INVALID CHECKSUM!)
================================================================================
