!!!!!!!!!!!!!!!!!!!!Overridden __libc_start_main called!
executable name XSBench
Target executable name is XSBench
found process XSBench
Hybridtier. huge page
[DEBUG] fast memory size = ================================================================================
                   __   __ ___________                 _                        
                   \ \ / //  ___| ___ \               | |                       
                    \ V / \ `--.| |_/ / ___ _ __   ___| |__                     
                    /   \  `--. \ ___ \/ _ \ '_ \ / __| '_ \                    
                   / /^\ \/\__/ / |_/ /  __/ | | | (__| | | |                   
                   \/   \/\____/\____/ \___|_| |_|\___|_| |_|                   

================================================================================
                    Developed at Argonne National Laboratory4294967296

[DEBUG] number of pages in fast memory = 2048
[DEBUG] perf_pages = 2048
 perf_pages 33, sample_batch_size 100000 
                                   Version: 20
================================================================================
                                  INPUT SUMMARY
================================================================================
Simulation Method:            History Based
Grid Type:                    Unionized Grid
Materials:                    12
H-M Benchmark Size:           large
pid: Total Nuclides:               355
Gridpoints (per Nuclide):     50,000
Unionized Energy Gridpoints:  17,750,000
213724Particle Histories:           10,000,000
XS Lookups per Particle:      
34
==== debug info
Total XS Lookups:             34
Threads:                      16
Est. Memory Usage (MB):       24,986
Binary File Mode:             Off
================================================================================
                         INITIALIZATION - DO NOT PROFILE
================================================================================
Intializing nuclide grids...
[INFO] Calculating CBF size = 10459
Actual LFU table size 16384 
block mask 7ff 
Blocked CBF + sample batch. 
vector start 0x742560000900, 
[INFO] Creating CBF with capacity = 16384 (each 8B), sample size (W) = 131072000
Actual LFU table size 2048 
block mask ff 
Blocked CBF + sample batch. 
vector start 0x742560020940, 
[INFO] Creating CBF with capacity = 2048 (each 8B), sample size (W) = 1100000
Starting hot threshold = 1000
Momentum threshold = 200
Stable fast mem hit ratio slope threshold = -0.02
False positive rate = 0.001
perf stat period = 60s 
allocation watermark = 53687091, demotion watermark = 214748364
[INFO] Starting perf stat monitoring.
/usr/bin/perf stat -I 60000 -e mem_load_l3_miss_retired.local_dram -e mem_load_l3_miss_retired.remote_dram -x , --output perf_stat_file &
!!!!!!!!!!!!!!!!!!!!Overridden __libc_start_main called!
executable name sh
Target executable name is XSBench
executable not target app. just run 
[INFO] perf stat command return code: 0
start perf recording.
[INFO] Hybridtier perf sampling freq: 100000
Perf mmap size 135168, page size 4096 
[INFO] Hybridtier perf sampling freq: 100000
Perf mmap size 135168, page size 4096 
[INFO] Hybridtier perf sampling freq: 100000
Perf mmap size 135168, page size 4096 
[INFO] Hybridtier perf sampling freq: 100000
Perf mmap size 135168, page size 4096 
[INFO] Hybridtier perf sampling freq: 100000
Perf mmap size 135168, page size 4096 
[INFO] Hybridtier perf sampling freq: 100000
Perf mmap size 135168, page size 4096 
[INFO] Hybridtier perf sampling freq: 100000
Perf mmap size 135168, page size 4096 
[INFO] Hybridtier perf sampling freq: 100000
Perf mmap size 135168, page size 4096 
[INFO] Hybridtier perf sampling freq: 100000
Perf mmap size 135168, page size 4096 
[INFO] Hybridtier perf sampling freq: 100000
Perf mmap size 135168, page size 4096 
[INFO] Hybridtier perf sampling freq: 100000
Perf mmap size 135168, page size 4096 
[INFO] Hybridtier perf sampling freq: 100000
Perf mmap size 135168, page size 4096 
[INFO] Hybridtier perf sampling freq: 100000
Perf mmap size 135168, page size 4096 
[INFO] Hybridtier perf sampling freq: 100000
Perf mmap size 135168, page size 4096 
[INFO] Hybridtier perf sampling freq: 100000
Perf mmap size 135168, page size 4096 
[INFO] Hybridtier perf sampling freq: 100000
Perf mmap size 135168, page size 4096 
[INFO] Hybridtier perf sampling freq: 100000
Perf mmap size 135168, page size 4096 
[INFO] Hybridtier perf sampling freq: 100000
Perf mmap size 135168, page size 4096 
[INFO] Hybridtier perf sampling freq: 100000
Perf mmap size 135168, page size 4096 
[INFO] Hybridtier perf sampling freq: 100000
Perf mmap size 135168, page size 4096 
[INFO] Hybridtier perf sampling freq: 100000
Perf mmap size 135168, page size 4096 
[INFO] Hybridtier perf sampling freq: 100000
Perf mmap size 135168, page size 4096 
[INFO] Hybridtier perf sampling freq: 100000
Perf mmap size 135168, page size 4096 
[INFO] Hybridtier perf sampling freq: 100000
Perf mmap size 135168, page size 4096 
[INFO] Hybridtier perf sampling freq: 100000
Perf mmap size 135168, page size 4096 
[INFO] Hybridtier perf sampling freq: 100000
Perf mmap size 135168, page size 4096 
[INFO] Hybridtier perf sampling freq: 100000
Perf mmap size 135168, page size 4096 
[INFO] Hybridtier perf sampling freq: 100000
Perf mmap size 135168, page size 4096 
[INFO] Hybridtier perf sampling freq: 100000
!!!!!!!!!!!!!!!!!!!!Overridden __libc_start_main called!
Perf mmap size 135168, page size 4096 
[INFO] Hybridtier perf sampling freq: 100000
executable name bash
Target executable name is XSBench
executable not target app. just run 
Perf mmap size 135168, page size 4096 
[INFO] Hybridtier perf sampling freq: 100000
Perf mmap size 135168, page size 4096 
[INFO] Hybridtier perf sampling freq: 100000
!!!!!!!!!!!!!!!!!!!!Overridden __libc_start_main called!
executable name dpkg
Target executable name is XSBench
executable not target app. just run 
dpkg: error: version '!!!!!!!!!!!!!!!!!!!!Overridden __libc_start_main called!
executable name uname
Target executable name is XSBench
executable not target app. just run 
6.18.1-061801' has bad syntax: version string has embedded spaces
!!!!!!!!!!!!!!!!!!!!Overridden __libc_start_main called!
executable name dpkg
Target executable name is XSBench
executable not target app. just run 
dpkg: error: version '!!!!!!!!!!!!!!!!!!!!Overridden __libc_start_main called!
executable name uname
Target executable name is XSBench
executable not target app. just run 
6.18.1-061801' has bad syntax: version string has embedded spaces
/usr/bin/lsb_release: 2: eval: executable: not found
WARNING: !!!!!!!!!!!!!!!!!!!!Overridden __libc_start_main called!
executable name basename
Target executable name is XSBench
executable not target app. just run 
perf not found for kernel !!!!!!!!!!!!!!!!!!!!Overridden __libc_start_main called!
executable name uname
Target executable name is XSBench
executable not target app. just run 
6.18.1-061801

  You may need to install the following packages for this specific kernel:
    linux-tools-!!!!!!!!!!!!!!!!!!!!Overridden __libc_start_main called!
executable name uname
Target executable name is XSBench
executable not target app. just run 
6.18.1-061801-generic

  You may also want to install one of the following packages to keep up to date:
    linux-tools-generic
Perf mmap size 135168, page size 4096 
collected one batch of samples. pages to migrate = 105 
no slow pages to promote
pages migrated: 0, lfu # items: 1551, lfu sample size: 100000, samples: 100000, node 0 mem 1697956
CBF freq dist: (1) 729, (1-100) 1438, (100-1000) 96, (1k-2k) 17, (2k-3k) 0, (3k-5k) 0, (5k-65534) 0, (65k) 0 
CBF freq dist: (1) 670, (1-100) 1385, (100-1000) 96, (1k-2k) 17, (2k-3k) 0, (3k-5k) 0, (5k-65534) 0, (65k) 0 
collected one batch of samples. pages to migrate = 110 
no slow pages to promote
pages migrated: 0, lfu # items: 2217, lfu sample size: 200000, samples: 200000, node 0 mem 1699200
CBF freq dist: (1) 260, (1-100) 1990, (100-1000) 188, (1k-2k) 39, (2k-3k) 0, (3k-5k) 0, (5k-65534) 0, (65k) 0 
CBF freq dist: (1) 240, (1-100) 1823, (100-1000) 188, (1k-2k) 39, (2k-3k) 0, (3k-5k) 0, (5k-65534) 0, (65k) 0 
collected one batch of samples. pages to migrate = 121 
no slow pages to promote
pages migrated: 0, lfu # items: 2377, lfu sample size: 300000, samples: 300000, node 0 mem 1698460
CBF freq dist: (1) 199, (1-100) 2039, (100-1000) 286, (1k-2k) 52, (2k-3k) 0, (3k-5k) 0, (5k-65534) 0, (65k) 0 
CBF freq dist: (1) 190, (1-100) 1822, (100-1000) 286, (1k-2k) 54, (2k-3k) 0, (3k-5k) 0, (5k-65534) 0, (65k) 0 
Intializing unionized grid...
collected one batch of samples. pages to migrate = 344 
no slow pages to promote
pages migrated: 0, lfu # items: 2512, lfu sample size: 400000, samples: 400000, node 0 mem 1570584
CBF freq dist: (1) 138, (1-100) 2062, (100-1000) 363, (1k-2k) 87, (2k-3k) 0, (3k-5k) 0, (5k-65534) 0, (65k) 0 
CBF freq dist: (1) 141, (1-100) 1809, (100-1000) 359, (1k-2k) 90, (2k-3k) 0, (3k-5k) 0, (5k-65534) 0, (65k) 0 
collected one batch of samples. pages to migrate = 497 
no slow pages to promote
pages migrated: 0, lfu # items: 2778, lfu sample size: 500000, samples: 500000, node 0 mem 1116892
CBF freq dist: (1) 44, (1-100) 2092, (100-1000) 524, (1k-2k) 160, (2k-3k) 1, (3k-5k) 1, (5k-65534) 0, (65k) 0 
CBF freq dist: (1) 64, (1-100) 1738, (100-1000) 522, (1k-2k) 163, (2k-3k) 2, (3k-5k) 1, (5k-65534) 0, (65k) 0 
collected one batch of samples. pages to migrate = 511 
no slow pages to promote
pages migrated: 0, lfu # items: 2823, lfu sample size: 600000, samples: 600000, node 0 mem 1107112
CBF freq dist: (1) 45, (1-100) 2101, (100-1000) 359, (1k-2k) 360, (2k-3k) 1, (3k-5k) 2, (5k-65534) 0, (65k) 0 
CBF freq dist: (1) 62, (1-100) 1723, (100-1000) 369, (1k-2k) 357, (2k-3k) 2, (3k-5k) 2, (5k-65534) 0, (65k) 0 
collected one batch of samples. pages to migrate = 505 
no slow pages to promote
pages migrated: 0, lfu # items: 2841, lfu sample size: 700000, samples: 700000, node 0 mem 1100560
CBF freq dist: (1) 42, (1-100) 2109, (100-1000) 314, (1k-2k) 415, (2k-3k) 1, (3k-5k) 2, (5k-65534) 0, (65k) 0 
CBF freq dist: (1) 61, (1-100) 1724, (100-1000) 334, (1k-2k) 401, (2k-3k) 3, (3k-5k) 2, (5k-65534) 0, (65k) 0 
collected one batch of samples. pages to migrate = 396 
no slow pages to promote
pages migrated: 0, lfu # items: 2859, lfu sample size: 800000, samples: 800000, node 0 mem 1098168
CBF freq dist: (1) 43, (1-100) 2126, (100-1000) 313, (1k-2k) 417, (2k-3k) 1, (3k-5k) 2, (5k-65534) 0, (65k) 0 
CBF freq dist: (1) 62, (1-100) 1734, (100-1000) 333, (1k-2k) 401, (2k-3k) 4, (3k-5k) 3, (5k-65534) 0, (65k) 0 
collected one batch of samples. pages to migrate = 402 
no slow pages to promote
pages migrated: 0, lfu # items: 2865, lfu sample size: 900000, samples: 900000, node 0 mem 1092872
CBF freq dist: (1) 40, (1-100) 2131, (100-1000) 314, (1k-2k) 295, (2k-3k) 123, (3k-5k) 2, (5k-65534) 0, (65k) 0 
CBF freq dist: (1) 59, (1-100) 1735, (100-1000) 334, (1k-2k) 277, (2k-3k) 128, (3k-5k) 3, (5k-65534) 0, (65k) 0 
collected one batch of samples. pages to migrate = 497 
no slow pages to promote
pages migrated: 0, lfu # items: 2895, lfu sample size: 1000000, samples: 1000000, node 0 mem 1087004
CBF freq dist: (1) 47, (1-100) 2157, (100-1000) 318, (1k-2k) 154, (2k-3k) 264, (3k-5k) 2, (5k-65534) 0, (65k) 0 
CBF freq dist: (1) 63, (1-100) 1743, (100-1000) 341, (1k-2k) 133, (2k-3k) 272, (3k-5k) 3, (5k-65534) 0, (65k) 0 
[DEBUG] Halving CBF counters.
collected one batch of samples. pages to migrate = 530 
no slow pages to promote
pages migrated: 0, lfu # items: 2910, lfu sample size: 1100000, samples: 1100000, node 0 mem 1078044
CBF freq dist: (1) 48, (1-100) 2147, (100-1000) 343, (1k-2k) 22, (2k-3k) 395, (3k-5k) 3, (5k-65534) 0, (65k) 0 
CBF freq dist: (1) 35, (1-100) 1860, (100-1000) 177, (1k-2k) 399, (2k-3k) 2, (3k-5k) 0, (5k-65534) 0, (65k) 0 
collected one batch of samples. pages to migrate = 426 
no slow pages to promote
pages migrated: 0, lfu # items: 2910, lfu sample size: 1200000, samples: 1200000, node 0 mem 1074400
CBF freq dist: (1) 48, (1-100) 2142, (100-1000) 347, (1k-2k) 11, (2k-3k) 407, (3k-5k) 3, (5k-65534) 0, (65k) 0 
CBF freq dist: (1) 32, (1-100) 1852, (100-1000) 176, (1k-2k) 407, (2k-3k) 3, (3k-5k) 0, (5k-65534) 0, (65k) 0 
collected one batch of samples. pages to migrate = 442 
no slow pages to promote
pages migrated: 0, lfu # items: 2929, lfu sample size: 1300000, samples: 1300000, node 0 mem 1069956
CBF freq dist: (1) 50, (1-100) 2153, (100-1000) 353, (1k-2k) 13, (2k-3k) 390, (3k-5k) 20, (5k-65534) 0, (65k) 0 
CBF freq dist: (1) 32, (1-100) 1854, (100-1000) 185, (1k-2k) 405, (2k-3k) 7, (3k-5k) 0, (5k-65534) 0, (65k) 0 
Intializing material data...
Intialization complete. Allocated 24985 MB of data.

================================================================================
                                   SIMULATION
================================================================================
Beginning history based simulation...
collected one batch of samples. pages to migrate = 529 
start promoting 75 pages
pages migrated: 75, lfu # items: 9766, lfu sample size: 1400000, samples: 1400000, node 0 mem 916580
CBF freq dist: (1) 3978, (1-100) 8983, (100-1000) 360, (1k-2k) 12, (2k-3k) 226, (3k-5k) 185, (5k-65534) 0, (65k) 0 
CBF freq dist: (1) 198, (1-100) 3390, (100-1000) 205, (1k-2k) 377, (2k-3k) 35, (3k-5k) 0, (5k-65534) 0, (65k) 0 
collected one batch of samples. pages to migrate = 584 
start promoting 63 pages
pages migrated: 138, lfu # items: 13716, lfu sample size: 1500000, samples: 1500000, node 0 mem 784416
CBF freq dist: (1) 1042, (1-100) 12925, (100-1000) 368, (1k-2k) 12, (2k-3k) 88, (3k-5k) 323, (5k-65534) 0, (65k) 0 
CBF freq dist: (1) 75, (1-100) 3449, (100-1000) 211, (1k-2k) 247, (2k-3k) 162, (3k-5k) 3, (5k-65534) 0, (65k) 0 
collected one batch of samples. pages to migrate = 559 
start promoting 27 pages
pages migrated: 165, lfu # items: 13928, lfu sample size: 1600000, samples: 1600000, node 0 mem 730564
CBF freq dist: (1) 309, (1-100) 13137, (100-1000) 368, (1k-2k) 12, (2k-3k) 19, (3k-5k) 392, (5k-65534) 0, (65k) 0 
CBF freq dist: (1) 74, (1-100) 3434, (100-1000) 226, (1k-2k) 66, (2k-3k) 339, (3k-5k) 7, (5k-65534) 0, (65k) 0 
[DEBUG] Halving CBF counters.
collected one batch of samples. pages to migrate = 511 
no slow pages to promote
pages migrated: 165, lfu # items: 13962, lfu sample size: 1700000, samples: 1700000, node 0 mem 731568
CBF freq dist: (1) 256, (1-100) 13171, (100-1000) 368, (1k-2k) 12, (2k-3k) 1, (3k-5k) 406, (5k-65534) 4, (65k) 0 
CBF freq dist: (1) 113, (1-100) 3466, (100-1000) 141, (1k-2k) 386, (2k-3k) 4, (3k-5k) 1, (5k-65534) 0, (65k) 0 
collected one batch of samples. pages to migrate = 514 
no slow pages to promote
pages migrated: 165, lfu # items: 13974, lfu sample size: 1800000, samples: 1800000, node 0 mem 731620
CBF freq dist: (1) 220, (1-100) 13183, (100-1000) 368, (1k-2k) 11, (2k-3k) 2, (3k-5k) 401, (5k-65534) 9, (65k) 0 
CBF freq dist: (1) 113, (1-100) 3464, (100-1000) 143, (1k-2k) 367, (2k-3k) 21, (3k-5k) 3, (5k-65534) 0, (65k) 0 
collected one batch of samples. pages to migrate = 519 
no slow pages to promote
pages migrated: 165, lfu # items: 13991, lfu sample size: 1900000, samples: 1900000, node 0 mem 731620
CBF freq dist: (1) 208, (1-100) 13199, (100-1000) 369, (1k-2k) 11, (2k-3k) 2, (3k-5k) 386, (5k-65534) 24, (65k) 0 
CBF freq dist: (1) 113, (1-100) 3458, (100-1000) 147, (1k-2k) 364, (2k-3k) 23, (3k-5k) 5, (5k-65534) 1, (65k) 0 
collected one batch of samples. pages to migrate = 527 
no slow pages to promote
pages migrated: 165, lfu # items: 14004, lfu sample size: 2000000, samples: 2000000, node 0 mem 731620
CBF freq dist: (1) 203, (1-100) 13210, (100-1000) 371, (1k-2k) 11, (2k-3k) 2, (3k-5k) 383, (5k-65534) 27, (65k) 0 
CBF freq dist: (1) 112, (1-100) 3449, (100-1000) 156, (1k-2k) 358, (2k-3k) 15, (3k-5k) 19, (5k-65534) 1, (65k) 0 
collected one batch of samples. pages to migrate = 514 
no slow pages to promote
pages migrated: 165, lfu # items: 14010, lfu sample size: 2100000, samples: 2100000, node 0 mem 731620
CBF freq dist: (1) 190, (1-100) 13214, (100-1000) 367, (1k-2k) 17, (2k-3k) 2, (3k-5k) 381, (5k-65534) 29, (65k) 0 
CBF freq dist: (1) 112, (1-100) 3421, (100-1000) 184, (1k-2k) 304, (2k-3k) 65, (3k-5k) 22, (5k-65534) 2, (65k) 0 
collected one batch of samples. pages to migrate = 529 
no slow pages to promote
pages migrated: 165, lfu # items: 14021, lfu sample size: 2200000, samples: 2200000, node 0 mem 731620
CBF freq dist: (1) 186, (1-100) 13223, (100-1000) 356, (1k-2k) 30, (2k-3k) 2, (3k-5k) 380, (5k-65534) 30, (65k) 0 
CBF freq dist: (1) 112, (1-100) 3392, (100-1000) 213, (1k-2k) 43, (2k-3k) 322, (3k-5k) 22, (5k-65534) 6, (65k) 0 
[DEBUG] Halving CBF counters.
collected one batch of samples. pages to migrate = 507 
no slow pages to promote
pages migrated: 165, lfu # items: 14026, lfu sample size: 2300000, samples: 2300000, node 0 mem 731836
CBF freq dist: (1) 176, (1-100) 13228, (100-1000) 341, (1k-2k) 45, (2k-3k) 2, (3k-5k) 378, (5k-65534) 32, (65k) 0 
CBF freq dist: (1) 262, (1-100) 3397, (100-1000) 94, (1k-2k) 367, (2k-3k) 22, (3k-5k) 5, (5k-65534) 1, (65k) 0 
collected one batch of samples. pages to migrate = 503 
no slow pages to promote
pages migrated: 165, lfu # items: 14030, lfu sample size: 2400000, samples: 2400000, node 0 mem 731836
CBF freq dist: (1) 173, (1-100) 13232, (100-1000) 333, (1k-2k) 53, (2k-3k) 2, (3k-5k) 370, (5k-65534) 40, (65k) 0 
CBF freq dist: (1) 262, (1-100) 3394, (100-1000) 95, (1k-2k) 367, (2k-3k) 18, (3k-5k) 11, (5k-65534) 1, (65k) 0 
collected one batch of samples. pages to migrate = 519 
no slow pages to promote
pages migrated: 165, lfu # items: 14039, lfu sample size: 2500000, samples: 2500000, node 0 mem 731836
CBF freq dist: (1) 170, (1-100) 13241, (100-1000) 330, (1k-2k) 56, (2k-3k) 2, (3k-5k) 320, (5k-65534) 90, (65k) 0 
CBF freq dist: (1) 262, (1-100) 3389, (100-1000) 100, (1k-2k) 365, (2k-3k) 8, (3k-5k) 22, (5k-65534) 2, (65k) 0 
collected one batch of samples. pages to migrate = 506 
no slow pages to promote
pages migrated: 165, lfu # items: 14039, lfu sample size: 2600000, samples: 2600000, node 0 mem 731616
CBF freq dist: (1) 155, (1-100) 13239, (100-1000) 326, (1k-2k) 62, (2k-3k) 2, (3k-5k) 162, (5k-65534) 248, (65k) 0 
CBF freq dist: (1) 262, (1-100) 3375, (100-1000) 113, (1k-2k) 357, (2k-3k) 14, (3k-5k) 21, (5k-65534) 6, (65k) 0 
collected one batch of samples. pages to migrate = 511 
no slow pages to promote
pages migrated: 165, lfu # items: 14042, lfu sample size: 2700000, samples: 2700000, node 0 mem 731616
CBF freq dist: (1) 148, (1-100) 13241, (100-1000) 318, (1k-2k) 71, (2k-3k) 2, (3k-5k) 47, (5k-65534) 363, (65k) 0 
CBF freq dist: (1) 262, (1-100) 3350, (100-1000) 138, (1k-2k) 257, (2k-3k) 112, (3k-5k) 23, (5k-65534) 6, (65k) 0 
[DEBUG] Halving CBF counters.
collected one batch of samples. pages to migrate = 505 
no slow pages to promote
pages migrated: 165, lfu # items: 14046, lfu sample size: 2800000, samples: 2800000, node 0 mem 731616
CBF freq dist: (1) 149, (1-100) 13243, (100-1000) 311, (1k-2k) 80, (2k-3k) 2, (3k-5k) 17, (5k-65534) 393, (65k) 0 
CBF freq dist: (1) 187, (1-100) 3143, (100-1000) 97, (1k-2k) 359, (2k-3k) 19, (3k-5k) 5, (5k-65534) 1, (65k) 0 
collected one batch of samples. pages to migrate = 500 
no slow pages to promote
pages migrated: 165, lfu # items: 14048, lfu sample size: 2900000, samples: 2900000, node 0 mem 731616
CBF freq dist: (1) 146, (1-100) 13245, (100-1000) 311, (1k-2k) 80, (2k-3k) 2, (3k-5k) 9, (5k-65534) 401, (65k) 0 
CBF freq dist: (1) 187, (1-100) 3143, (100-1000) 89, (1k-2k) 363, (2k-3k) 13, (3k-5k) 15, (5k-65534) 1, (65k) 0 
collected one batch of samples. pages to migrate = 512 
no slow pages to promote
pages migrated: 165, lfu # items: 14049, lfu sample size: 3000000, samples: 3000000, node 0 mem 731616
CBF freq dist: (1) 144, (1-100) 13245, (100-1000) 312, (1k-2k) 80, (2k-3k) 2, (3k-5k) 6, (5k-65534) 404, (65k) 0 
CBF freq dist: (1) 187, (1-100) 3140, (100-1000) 91, (1k-2k) 363, (2k-3k) 6, (3k-5k) 21, (5k-65534) 3, (65k) 0 
collected one batch of samples. pages to migrate = 513 
no slow pages to promote
pages migrated: 165, lfu # items: 14049, lfu sample size: 3100000, samples: 3100000, node 0 mem 731616
CBF freq dist: (1) 138, (1-100) 13242, (100-1000) 314, (1k-2k) 81, (2k-3k) 2, (3k-5k) 5, (5k-65534) 405, (65k) 0 
CBF freq dist: (1) 187, (1-100) 3121, (100-1000) 110, (1k-2k) 360, (2k-3k) 5, (3k-5k) 22, (5k-65534) 6, (65k) 0 
collected one batch of samples. pages to migrate = 525 
no slow pages to promote
pages migrated: 165, lfu # items: 14052, lfu sample size: 3200000, samples: 3200000, node 0 mem 731616
CBF freq dist: (1) 137, (1-100) 13240, (100-1000) 317, (1k-2k) 83, (2k-3k) 2, (3k-5k) 5, (5k-65534) 405, (65k) 0 
CBF freq dist: (1) 183, (1-100) 3069, (100-1000) 162, (1k-2k) 343, (2k-3k) 20, (3k-5k) 24, (5k-65534) 6, (65k) 0 
collected one batch of samples. pages to migrate = 518 
start promoting 1 pages
pages migrated: 166, lfu # items: 14054, lfu sample size: 3300000, samples: 3300000, node 0 mem 728072
CBF freq dist: (1) 134, (1-100) 13240, (100-1000) 319, (1k-2k) 83, (2k-3k) 1, (3k-5k) 6, (5k-65534) 405, (65k) 0 
CBF freq dist: (1) 183, (1-100) 3024, (100-1000) 206, (1k-2k) 133, (2k-3k) 231, (3k-5k) 19, (5k-65534) 11, (65k) 0 
[DEBUG] Halving CBF counters.
collected one batch of samples. pages to migrate = 516 
no slow pages to promote
pages migrated: 166, lfu # items: 14055, lfu sample size: 3400000, samples: 3400000, node 0 mem 729572
CBF freq dist: (1) 135, (1-100) 13236, (100-1000) 324, (1k-2k) 83, (2k-3k) 1, (3k-5k) 5, (5k-65534) 406, (65k) 0 
CBF freq dist: (1) 93, (1-100) 2964, (100-1000) 84, (1k-2k) 363, (2k-3k) 21, (3k-5k) 8, (5k-65534) 1, (65k) 0 
collected one batch of samples. pages to migrate = 511 
no slow pages to promote
pages migrated: 166, lfu # items: 14055, lfu sample size: 3500000, samples: 3500000, node 0 mem 729572
CBF freq dist: (1) 133, (1-100) 13235, (100-1000) 325, (1k-2k) 81, (2k-3k) 3, (3k-5k) 5, (5k-65534) 406, (65k) 0 
CBF freq dist: (1) 93, (1-100) 2960, (100-1000) 83, (1k-2k) 368, (2k-3k) 7, (3k-5k) 21, (5k-65534) 2, (65k) 0 
collected one batch of samples. pages to migrate = 512 
no slow pages to promote
pages migrated: 166, lfu # items: 14055, lfu sample size: 3600000, samples: 3600000, node 0 mem 729572
CBF freq dist: (1) 130, (1-100) 13234, (100-1000) 326, (1k-2k) 77, (2k-3k) 7, (3k-5k) 5, (5k-65534) 406, (65k) 0 
CBF freq dist: (1) 93, (1-100) 2952, (100-1000) 90, (1k-2k) 367, (2k-3k) 4, (3k-5k) 22, (5k-65534) 6, (65k) 0 
collected one batch of samples. pages to migrate = 514 
no slow pages to promote
pages migrated: 166, lfu # items: 14055, lfu sample size: 3700000, samples: 3700000, node 0 mem 729572
CBF freq dist: (1) 127, (1-100) 13233, (100-1000) 327, (1k-2k) 67, (2k-3k) 17, (3k-5k) 5, (5k-65534) 406, (65k) 0 
CBF freq dist: (1) 93, (1-100) 2932, (100-1000) 110, (1k-2k) 360, (2k-3k) 9, (3k-5k) 24, (5k-65534) 6, (65k) 0 
collected one batch of samples. pages to migrate = 511 
no slow pages to promote
pages migrated: 166, lfu # items: 14055, lfu sample size: 3800000, samples: 3800000, node 0 mem 729572
CBF freq dist: (1) 127, (1-100) 13227, (100-1000) 333, (1k-2k) 54, (2k-3k) 30, (3k-5k) 5, (5k-65534) 406, (65k) 0 
CBF freq dist: (1) 93, (1-100) 2898, (100-1000) 144, (1k-2k) 321, (2k-3k) 48, (3k-5k) 23, (5k-65534) 7, (65k) 0 
[DEBUG] Halving CBF counters.
collected one batch of samples. pages to migrate = 519 
no slow pages to promote
pages migrated: 166, lfu # items: 14055, lfu sample size: 3900000, samples: 3900000, node 0 mem 729572
CBF freq dist: (1) 127, (1-100) 13221, (100-1000) 339, (1k-2k) 45, (2k-3k) 39, (3k-5k) 5, (5k-65534) 406, (65k) 0 
CBF freq dist: (1) 107, (1-100) 2881, (100-1000) 86, (1k-2k) 352, (2k-3k) 22, (3k-5k) 6, (5k-65534) 1, (65k) 0 
collected one batch of samples. pages to migrate = 501 
no slow pages to promote
pages migrated: 166, lfu # items: 14055, lfu sample size: 4000000, samples: 4000000, node 0 mem 729564
CBF freq dist: (1) 127, (1-100) 13212, (100-1000) 348, (1k-2k) 39, (2k-3k) 45, (3k-5k) 4, (5k-65534) 407, (65k) 0 
CBF freq dist: (1) 107, (1-100) 2881, (100-1000) 70, (1k-2k) 367, (2k-3k) 10, (3k-5k) 18, (5k-65534) 2, (65k) 0 
collected one batch of samples. pages to migrate = 509 
no slow pages to promote
pages migrated: 166, lfu # items: 14055, lfu sample size: 4100000, samples: 4100000, node 0 mem 729564
CBF freq dist: (1) 127, (1-100) 13210, (100-1000) 350, (1k-2k) 34, (2k-3k) 50, (3k-5k) 4, (5k-65534) 407, (65k) 0 
CBF freq dist: (1) 107, (1-100) 2877, (100-1000) 70, (1k-2k) 370, (2k-3k) 6, (3k-5k) 20, (5k-65534) 5, (65k) 0 
collected one batch of samples. pages to migrate = 509 
no slow pages to promote
pages migrated: 166, lfu # items: 14055, lfu sample size: 4200000, samples: 4200000, node 0 mem 729564
CBF freq dist: (1) 126, (1-100) 13207, (100-1000) 353, (1k-2k) 26, (2k-3k) 58, (3k-5k) 4, (5k-65534) 407, (65k) 0 
CBF freq dist: (1) 107, (1-100) 2863, (100-1000) 83, (1k-2k) 368, (2k-3k) 6, (3k-5k) 22, (5k-65534) 6, (65k) 0 
collected one batch of samples. pages to migrate = 506 
no slow pages to promote
pages migrated: 166, lfu # items: 14055, lfu sample size: 4300000, samples: 4300000, node 0 mem 729560
CBF freq dist: (1) 125, (1-100) 13204, (100-1000) 356, (1k-2k) 18, (2k-3k) 66, (3k-5k) 4, (5k-65534) 407, (65k) 0 
CBF freq dist: (1) 107, (1-100) 2840, (100-1000) 106, (1k-2k) 353, (2k-3k) 20, (3k-5k) 22, (5k-65534) 7, (65k) 0 
collected one batch of samples. pages to migrate = 510 
start promoting 1 pages
pages migrated: 167, lfu # items: 14055, lfu sample size: 4400000, samples: 4400000, node 0 mem 727188
CBF freq dist: (1) 125, (1-100) 13202, (100-1000) 358, (1k-2k) 15, (2k-3k) 69, (3k-5k) 4, (5k-65534) 407, (65k) 0 
CBF freq dist: (1) 107, (1-100) 2798, (100-1000) 148, (1k-2k) 181, (2k-3k) 192, (3k-5k) 14, (5k-65534) 15, (65k) 0 
[DEBUG] Halving CBF counters.
collected one batch of samples. pages to migrate = 515 
no slow pages to promote
pages migrated: 167, lfu # items: 14055, lfu sample size: 4500000, samples: 4500000, node 0 mem 727512
CBF freq dist: (1) 125, (1-100) 13197, (100-1000) 363, (1k-2k) 15, (2k-3k) 69, (3k-5k) 4, (5k-65534) 407, (65k) 0 
CBF freq dist: (1) -25, (1-100) 2787, (100-1000) 73, (1k-2k) 356, (2k-3k) 15, (3k-5k) 13, (5k-65534) 1, (65k) 0 
collected one batch of samples. pages to migrate = 506 
no slow pages to promote
pages migrated: 167, lfu # items: 14055, lfu sample size: 4600000, samples: 4600000, node 0 mem 727512
CBF freq dist: (1) 125, (1-100) 13188, (100-1000) 372, (1k-2k) 15, (2k-3k) 69, (3k-5k) 4, (5k-65534) 407, (65k) 0 
CBF freq dist: (1) -25, (1-100) 2784, (100-1000) 71, (1k-2k) 361, (2k-3k) 6, (3k-5k) 20, (5k-65534) 3, (65k) 0 
collected one batch of samples. pages to migrate = 511 
no slow pages to promote
pages migrated: 167, lfu # items: 14055, lfu sample size: 4700000, samples: 4700000, node 0 mem 727512
CBF freq dist: (1) 125, (1-100) 13178, (100-1000) 382, (1k-2k) 15, (2k-3k) 69, (3k-5k) 4, (5k-65534) 407, (65k) 0 
CBF freq dist: (1) -25, (1-100) 2774, (100-1000) 79, (1k-2k) 361, (2k-3k) 4, (3k-5k) 21, (5k-65534) 6, (65k) 0 
collected one batch of samples. pages to migrate = 512 
no slow pages to promote
pages migrated: 167, lfu # items: 14055, lfu sample size: 4800000, samples: 4800000, node 0 mem 727512
CBF freq dist: (1) 125, (1-100) 13170, (100-1000) 390, (1k-2k) 15, (2k-3k) 68, (3k-5k) 5, (5k-65534) 407, (65k) 0 
CBF freq dist: (1) -25, (1-100) 2757, (100-1000) 96, (1k-2k) 356, (2k-3k) 7, (3k-5k) 23, (5k-65534) 6, (65k) 0 
collected one batch of samples. pages to migrate = 508 
no slow pages to promote
pages migrated: 167, lfu # items: 14055, lfu sample size: 4900000, samples: 4900000, node 0 mem 727512
CBF freq dist: (1) 125, (1-100) 13149, (100-1000) 411, (1k-2k) 15, (2k-3k) 68, (3k-5k) 5, (5k-65534) 407, (65k) 0 
CBF freq dist: (1) -25, (1-100) 2733, (100-1000) 120, (1k-2k) 313, (2k-3k) 50, (3k-5k) 19, (5k-65534) 10, (65k) 0 
[DEBUG] Number of hot pages promoted in 50 batches = 167 
[DEBUG] Halving CBF counters.
collected one batch of samples. pages to migrate = 515 
no slow pages to promote
pages migrated: 167, lfu # items: 14055, lfu sample size: 5000000, samples: 5000000, node 0 mem 727512
CBF freq dist: (1) 124, (1-100) 13135, (100-1000) 425, (1k-2k) 15, (2k-3k) 66, (3k-5k) 7, (5k-65534) 407, (65k) 0 
CBF freq dist: (1) 0, (1-100) 2803, (100-1000) 89, (1k-2k) 348, (2k-3k) 21, (3k-5k) 8, (5k-65534) 1, (65k) 0 
collected one batch of samples. pages to migrate = 508 
no slow pages to promote
pages migrated: 167, lfu # items: 14055, lfu sample size: 5100000, samples: 5100000, node 0 mem 727512
CBF freq dist: (1) 124, (1-100) 13087, (100-1000) 472, (1k-2k) 16, (2k-3k) 62, (3k-5k) 11, (5k-65534) 407, (65k) 0 
CBF freq dist: (1) 0, (1-100) 2801, (100-1000) 75, (1k-2k) 364, (2k-3k) 8, (3k-5k) 20, (5k-65534) 2, (65k) 0 
collected one batch of samples. pages to migrate = 505 
no slow pages to promote
pages migrated: 167, lfu # items: 14055, lfu sample size: 5200000, samples: 5200000, node 0 mem 727728
CBF freq dist: (1) 124, (1-100) 13047, (100-1000) 512, (1k-2k) 15, (2k-3k) 58, (3k-5k) 16, (5k-65534) 407, (65k) 0 
CBF freq dist: (1) 0, (1-100) 2800, (100-1000) 71, (1k-2k) 368, (2k-3k) 6, (3k-5k) 20, (5k-65534) 5, (65k) 0 
collected one batch of samples. pages to migrate = 514 
no slow pages to promote
pages migrated: 167, lfu # items: 14055, lfu sample size: 5300000, samples: 5300000, node 0 mem 727728
CBF freq dist: (1) 124, (1-100) 12992, (100-1000) 567, (1k-2k) 15, (2k-3k) 45, (3k-5k) 29, (5k-65534) 407, (65k) 0 
CBF freq dist: (1) 0, (1-100) 2791, (100-1000) 79, (1k-2k) 364, (2k-3k) 7, (3k-5k) 23, (5k-65534) 6, (65k) 0 
collected one batch of samples. pages to migrate = 515 
no slow pages to promote
pages migrated: 167, lfu # items: 14055, lfu sample size: 5400000, samples: 5400000, node 0 mem 727728
CBF freq dist: (1) 124, (1-100) 12938, (100-1000) 621, (1k-2k) 14, (2k-3k) 36, (3k-5k) 39, (5k-65534) 407, (65k) 0 
CBF freq dist: (1) 0, (1-100) 2769, (100-1000) 101, (1k-2k) 351, (2k-3k) 19, (3k-5k) 23, (5k-65534) 7, (65k) 0 
collected one batch of samples. pages to migrate = 509 
no slow pages to promote
pages migrated: 167, lfu # items: 14055, lfu sample size: 5500000, samples: 5500000, node 0 mem 727508
CBF freq dist: (1) 124, (1-100) 12882, (100-1000) 677, (1k-2k) 14, (2k-3k) 29, (3k-5k) 46, (5k-65534) 407, (65k) 0 
CBF freq dist: (1) 0, (1-100) 2722, (100-1000) 147, (1k-2k) 174, (2k-3k) 197, (3k-5k) 16, (5k-65534) 14, (65k) 0 
[DEBUG] Halving CBF counters.
collected one batch of samples. pages to migrate = 506 
no slow pages to promote
pages migrated: 167, lfu # items: 14055, lfu sample size: 5600000, samples: 5600000, node 0 mem 727508
CBF freq dist: (1) 124, (1-100) 12806, (100-1000) 753, (1k-2k) 14, (2k-3k) 24, (3k-5k) 51, (5k-65534) 407, (65k) 0 
CBF freq dist: (1) 82, (1-100) 2807, (100-1000) 75, (1k-2k) 359, (2k-3k) 16, (3k-5k) 12, (5k-65534) 1, (65k) 0 
collected one batch of samples. pages to migrate = 504 
no slow pages to promote
pages migrated: 167, lfu # items: 14055, lfu sample size: 5700000, samples: 5700000, node 0 mem 727508
CBF freq dist: (1) 124, (1-100) 12732, (100-1000) 827, (1k-2k) 14, (2k-3k) 17, (3k-5k) 58, (5k-65534) 407, (65k) 0 
CBF freq dist: (1) 82, (1-100) 2803, (100-1000) 74, (1k-2k) 364, (2k-3k) 6, (3k-5k) 19, (5k-65534) 4, (65k) 0 
collected one batch of samples. pages to migrate = 510 
no slow pages to promote
pages migrated: 167, lfu # items: 14055, lfu sample size: 5800000, samples: 5800000, node 0 mem 727508
CBF freq dist: (1) 124, (1-100) 12682, (100-1000) 877, (1k-2k) 14, (2k-3k) 10, (3k-5k) 65, (5k-65534) 407, (65k) 0 
CBF freq dist: (1) 82, (1-100) 2799, (100-1000) 76, (1k-2k) 363, (2k-3k) 5, (3k-5k) 22, (5k-65534) 5, (65k) 0 
collected one batch of samples. pages to migrate = 512 
no slow pages to promote
pages migrated: 167, lfu # items: 14055, lfu sample size: 5900000, samples: 5900000, node 0 mem 727508
CBF freq dist: (1) 124, (1-100) 12641, (100-1000) 918, (1k-2k) 14, (2k-3k) 3, (3k-5k) 72, (5k-65534) 407, (65k) 0 
CBF freq dist: (1) 82, (1-100) 2785, (100-1000) 90, (1k-2k) 356, (2k-3k) 10, (3k-5k) 24, (5k-65534) 5, (65k) 0 
collected one batch of samples. pages to migrate = 508 
no slow pages to promote
pages migrated: 167, lfu # items: 14055, lfu sample size: 6000000, samples: 6000000, node 0 mem 727508
CBF freq dist: (1) 124, (1-100) 12600, (100-1000) 959, (1k-2k) 14, (2k-3k) 3, (3k-5k) 72, (5k-65534) 407, (65k) 0 
CBF freq dist: (1) 82, (1-100) 2751, (100-1000) 124, (1k-2k) 309, (2k-3k) 57, (3k-5k) 21, (5k-65534) 8, (65k) 0 
[DEBUG] Halving CBF counters.
collected one batch of samples. pages to migrate = 515 
no slow pages to promote
pages migrated: 167, lfu # items: 14055, lfu sample size: 6100000, samples: 6100000, node 0 mem 727508
CBF freq dist: (1) 124, (1-100) 12561, (100-1000) 998, (1k-2k) 14, (2k-3k) 3, (3k-5k) 71, (5k-65534) 408, (65k) 0 
CBF freq dist: (1) -96, (1-100) 2735, (100-1000) 76, (1k-2k) 349, (2k-3k) 21, (3k-5k) 7, (5k-65534) 1, (65k) 0 
collected one batch of samples. pages to migrate = 513 
no slow pages to promote
pages migrated: 167, lfu # items: 14055, lfu sample size: 6200000, samples: 6200000, node 0 mem 727504
CBF freq dist: (1) 124, (1-100) 12540, (100-1000) 1019, (1k-2k) 14, (2k-3k) 3, (3k-5k) 71, (5k-65534) 408, (65k) 0 
CBF freq dist: (1) -96, (1-100) 2734, (100-1000) 65, (1k-2k) 360, (2k-3k) 8, (3k-5k) 20, (5k-65534) 2, (65k) 0 
collected one batch of samples. pages to migrate = 510 
no slow pages to promote
pages migrated: 167, lfu # items: 14055, lfu sample size: 6300000, samples: 6300000, node 0 mem 727504
CBF freq dist: (1) 124, (1-100) 12517, (100-1000) 1042, (1k-2k) 14, (2k-3k) 3, (3k-5k) 71, (5k-65534) 408, (65k) 0 
CBF freq dist: (1) -96, (1-100) 2726, (100-1000) 68, (1k-2k) 363, (2k-3k) 6, (3k-5k) 22, (5k-65534) 4, (65k) 0 
collected one batch of samples. pages to migrate = 511 
no slow pages to promote
pages migrated: 167, lfu # items: 14055, lfu sample size: 6400000, samples: 6400000, node 0 mem 727504
CBF freq dist: (1) 124, (1-100) 12506, (100-1000) 1053, (1k-2k) 14, (2k-3k) 3, (3k-5k) 71, (5k-65534) 408, (65k) 0 
CBF freq dist: (1) -97, (1-100) 2710, (100-1000) 83, (1k-2k) 362, (2k-3k) 5, (3k-5k) 23, (5k-65534) 6, (65k) 0 
collected one batch of samples. pages to migrate = 510 
no slow pages to promote
pages migrated: 167, lfu # items: 14055, lfu sample size: 6500000, samples: 6500000, node 0 mem 727504
CBF freq dist: (1) 124, (1-100) 12495, (100-1000) 1064, (1k-2k) 14, (2k-3k) 3, (3k-5k) 71, (5k-65534) 408, (65k) 0 
CBF freq dist: (1) -97, (1-100) 2676, (100-1000) 117, (1k-2k) 350, (2k-3k) 16, (3k-5k) 23, (5k-65534) 7, (65k) 0 
collected one batch of samples. pages to migrate = 504 
start promoting 1 pages
pages migrated: 168, lfu # items: 14055, lfu sample size: 6600000, samples: 6600000, node 0 mem 725536
CBF freq dist: (1) 124, (1-100) 12489, (100-1000) 1070, (1k-2k) 14, (2k-3k) 3, (3k-5k) 71, (5k-65534) 408, (65k) 0 
CBF freq dist: (1) -97, (1-100) 2625, (100-1000) 168, (1k-2k) 174, (2k-3k) 192, (3k-5k) 15, (5k-65534) 15, (65k) 0 
[DEBUG] Halving CBF counters.
collected one batch of samples. pages to migrate = 513 
no slow pages to promote
pages migrated: 168, lfu # items: 14055, lfu sample size: 6700000, samples: 6700000, node 0 mem 725536
CBF freq dist: (1) 124, (1-100) 12482, (100-1000) 1077, (1k-2k) 14, (2k-3k) 3, (3k-5k) 71, (5k-65534) 408, (65k) 0 
CBF freq dist: (1) 54, (1-100) 2819, (100-1000) 75, (1k-2k) 363, (2k-3k) 15, (3k-5k) 13, (5k-65534) 1, (65k) 0 
collected one batch of samples. pages to migrate = 510 
no slow pages to promote
pages migrated: 168, lfu # items: 14055, lfu sample size: 6800000, samples: 6800000, node 0 mem 725532
CBF freq dist: (1) 124, (1-100) 12473, (100-1000) 1086, (1k-2k) 13, (2k-3k) 4, (3k-5k) 71, (5k-65534) 408, (65k) 0 
CBF freq dist: (1) 55, (1-100) 2816, (100-1000) 73, (1k-2k) 369, (2k-3k) 6, (3k-5k) 20, (5k-65534) 3, (65k) 0 
collected one batch of samples. pages to migrate = 507 
no slow pages to promote
pages migrated: 168, lfu # items: 14058, lfu sample size: 6900000, samples: 6900000, node 0 mem 725452
CBF freq dist: (1) 124, (1-100) 12464, (100-1000) 1098, (1k-2k) 13, (2k-3k) 4, (3k-5k) 71, (5k-65534) 408, (65k) 0 
CBF freq dist: (1) 55, (1-100) 2803, (100-1000) 84, (1k-2k) 368, (2k-3k) 5, (3k-5k) 21, (5k-65534) 6, (65k) 0 
collected one batch of samples. pages to migrate = 512 
no slow pages to promote
pages migrated: 168, lfu # items: 14058, lfu sample size: 7000000, samples: 7000000, node 0 mem 725452
CBF freq dist: (1) 124, (1-100) 12458, (100-1000) 1103, (1k-2k) 14, (2k-3k) 4, (3k-5k) 71, (5k-65534) 408, (65k) 0 
CBF freq dist: (1) 54, (1-100) 2784, (100-1000) 103, (1k-2k) 360, (2k-3k) 11, (3k-5k) 23, (5k-65534) 6, (65k) 0 
collected one batch of samples. pages to migrate = 509 
no slow pages to promote
pages migrated: 168, lfu # items: 14058, lfu sample size: 7100000, samples: 7100000, node 0 mem 725452
CBF freq dist: (1) 124, (1-100) 12450, (100-1000) 1111, (1k-2k) 14, (2k-3k) 4, (3k-5k) 71, (5k-65534) 408, (65k) 0 
CBF freq dist: (1) 54, (1-100) 2749, (100-1000) 138, (1k-2k) 319, (2k-3k) 52, (3k-5k) 20, (5k-65534) 9, (65k) 0 
[DEBUG] Halving CBF counters.
collected one batch of samples. pages to migrate = 501 
no slow pages to promote
pages migrated: 168, lfu # items: 14058, lfu sample size: 7200000, samples: 7200000, node 0 mem 725232
CBF freq dist: (1) 124, (1-100) 12440, (100-1000) 1121, (1k-2k) 14, (2k-3k) 4, (3k-5k) 71, (5k-65534) 408, (65k) 0 
CBF freq dist: (1) -50, (1-100) 2773, (100-1000) 88, (1k-2k) 346, (2k-3k) 20, (3k-5k) 6, (5k-65534) 1, (65k) 0 
collected one batch of samples. pages to migrate = 513 
no slow pages to promote
pages migrated: 168, lfu # items: 14058, lfu sample size: 7300000, samples: 7300000, node 0 mem 725232
CBF freq dist: (1) 124, (1-100) 12425, (100-1000) 1136, (1k-2k) 14, (2k-3k) 4, (3k-5k) 71, (5k-65534) 408, (65k) 0 
CBF freq dist: (1) -51, (1-100) 2773, (100-1000) 69, (1k-2k) 363, (2k-3k) 7, (3k-5k) 19, (5k-65534) 3, (65k) 0 
collected one batch of samples. pages to migrate = 514 
no slow pages to promote
pages migrated: 168, lfu # items: 14058, lfu sample size: 7400000, samples: 7400000, node 0 mem 725232
CBF freq dist: (1) 124, (1-100) 12414, (100-1000) 1147, (1k-2k) 14, (2k-3k) 3, (3k-5k) 72, (5k-65534) 408, (65k) 0 
CBF freq dist: (1) -52, (1-100) 2766, (100-1000) 73, (1k-2k) 366, (2k-3k) 4, (3k-5k) 19, (5k-65534) 6, (65k) 0 
collected one batch of samples. pages to migrate = 512 
no slow pages to promote
pages migrated: 168, lfu # items: 14058, lfu sample size: 7500000, samples: 7500000, node 0 mem 725232
CBF freq dist: (1) 124, (1-100) 12396, (100-1000) 1165, (1k-2k) 14, (2k-3k) 3, (3k-5k) 72, (5k-65534) 408, (65k) 0 
CBF freq dist: (1) -52, (1-100) 2748, (100-1000) 89, (1k-2k) 364, (2k-3k) 5, (3k-5k) 22, (5k-65534) 6, (65k) 0 
collected one batch of samples. pages to migrate = 509 
no slow pages to promote
pages migrated: 168, lfu # items: 14058, lfu sample size: 7600000, samples: 7600000, node 0 mem 725448
CBF freq dist: (1) 124, (1-100) 12366, (100-1000) 1195, (1k-2k) 14, (2k-3k) 3, (3k-5k) 72, (5k-65534) 408, (65k) 0 
CBF freq dist: (1) -52, (1-100) 2713, (100-1000) 124, (1k-2k) 349, (2k-3k) 18, (3k-5k) 24, (5k-65534) 6, (65k) 0 
collected one batch of samples. pages to migrate = 519 
no slow pages to promote
pages migrated: 168, lfu # items: 14058, lfu sample size: 7700000, samples: 7700000, node 0 mem 725448
CBF freq dist: (1) 124, (1-100) 12331, (100-1000) 1230, (1k-2k) 14, (2k-3k) 3, (3k-5k) 72, (5k-65534) 408, (65k) 0 
CBF freq dist: (1) -48, (1-100) 2653, (100-1000) 189, (1k-2k) 186, (2k-3k) 181, (3k-5k) 15, (5k-65534) 15, (65k) 0 
[DEBUG] Halving CBF counters.
collected one batch of samples. pages to migrate = 524 
no slow pages to promote
pages migrated: 168, lfu # items: 14062, lfu sample size: 7800000, samples: 7800000, node 0 mem 725448
CBF freq dist: (1) 125, (1-100) 12283, (100-1000) 1281, (1k-2k) 15, (2k-3k) 3, (3k-5k) 72, (5k-65534) 407, (65k) 1 
CBF freq dist: (1) 25, (1-100) 2819, (100-1000) 80, (1k-2k) 360, (2k-3k) 18, (3k-5k) 11, (5k-65534) 1, (65k) 0 
collected one batch of samples. pages to migrate = 512 
no slow pages to promote
pages migrated: 168, lfu # items: 14064, lfu sample size: 7900000, samples: 7900000, node 0 mem 725448
CBF freq dist: (1) 125, (1-100) 12226, (100-1000) 1340, (1k-2k) 15, (2k-3k) 3, (3k-5k) 71, (5k-65534) 408, (65k) 1 
CBF freq dist: (1) 25, (1-100) 2816, (100-1000) 77, (1k-2k) 366, (2k-3k) 7, (3k-5k) 20, (5k-65534) 3, (65k) 0 
collected one batch of samples. pages to migrate = 507 
no slow pages to promote
pages migrated: 168, lfu # items: 14064, lfu sample size: 8000000, samples: 8000000, node 0 mem 725448
CBF freq dist: (1) 125, (1-100) 12167, (100-1000) 1399, (1k-2k) 15, (2k-3k) 3, (3k-5k) 70, (5k-65534) 409, (65k) 1 
CBF freq dist: (1) 25, (1-100) 2805, (100-1000) 86, (1k-2k) 365, (2k-3k) 8, (3k-5k) 20, (5k-65534) 5, (65k) 0 
collected one batch of samples. pages to migrate = 507 
no slow pages to promote
pages migrated: 168, lfu # items: 14064, lfu sample size: 8100000, samples: 8100000, node 0 mem 725448
CBF freq dist: (1) 125, (1-100) 12097, (100-1000) 1469, (1k-2k) 15, (2k-3k) 3, (3k-5k) 64, (5k-65534) 415, (65k) 1 
CBF freq dist: (1) 25, (1-100) 2783, (100-1000) 108, (1k-2k) 359, (2k-3k) 12, (3k-5k) 22, (5k-65534) 5, (65k) 0 
collected one batch of samples. pages to migrate = 508 
no slow pages to promote
pages migrated: 168, lfu # items: 14064, lfu sample size: 8200000, samples: 8200000, node 0 mem 725664
CBF freq dist: (1) 125, (1-100) 11995, (100-1000) 1570, (1k-2k) 16, (2k-3k) 3, (3k-5k) 59, (5k-65534) 420, (65k) 1 
CBF freq dist: (1) 25, (1-100) 2751, (100-1000) 140, (1k-2k) 327, (2k-3k) 44, (3k-5k) 19, (5k-65534) 8, (65k) 0 
[DEBUG] Halving CBF counters.
collected one batch of samples. pages to migrate = 518 
no slow pages to promote
pages migrated: 168, lfu # items: 14064, lfu sample size: 8300000, samples: 8300000, node 0 mem 725444
CBF freq dist: (1) 125, (1-100) 11879, (100-1000) 1686, (1k-2k) 16, (2k-3k) 3, (3k-5k) 50, (5k-65534) 429, (65k) 1 
CBF freq dist: (1) 17, (1-100) 2806, (100-1000) 91, (1k-2k) 340, (2k-3k) 21, (3k-5k) 7, (5k-65534) 1, (65k) 0 
collected one batch of samples. pages to migrate = 517 
no slow pages to promote
pages migrated: 168, lfu # items: 14064, lfu sample size: 8400000, samples: 8400000, node 0 mem 725444
CBF freq dist: (1) 125, (1-100) 11759, (100-1000) 1806, (1k-2k) 16, (2k-3k) 3, (3k-5k) 45, (5k-65534) 434, (65k) 1 
CBF freq dist: (1) 17, (1-100) 2804, (100-1000) 73, (1k-2k) 359, (2k-3k) 8, (3k-5k) 20, (5k-65534) 2, (65k) 0 
collected one batch of samples. pages to migrate = 521 
no slow pages to promote
pages migrated: 168, lfu # items: 14064, lfu sample size: 8500000, samples: 8500000, node 0 mem 725444
CBF freq dist: (1) 125, (1-100) 11612, (100-1000) 1953, (1k-2k) 16, (2k-3k) 3, (3k-5k) 34, (5k-65534) 445, (65k) 1 
CBF freq dist: (1) 17, (1-100) 2798, (100-1000) 77, (1k-2k) 361, (2k-3k) 4, (3k-5k) 20, (5k-65534) 6, (65k) 0 
collected one batch of samples. pages to migrate = 516 
no slow pages to promote
pages migrated: 168, lfu # items: 14064, lfu sample size: 8600000, samples: 8600000, node 0 mem 725444
CBF freq dist: (1) 125, (1-100) 11444, (100-1000) 2121, (1k-2k) 16, (2k-3k) 3, (3k-5k) 29, (5k-65534) 450, (65k) 1 
CBF freq dist: (1) 17, (1-100) 2788, (100-1000) 85, (1k-2k) 358, (2k-3k) 6, (3k-5k) 23, (5k-65534) 6, (65k) 0 
collected one batch of samples. pages to migrate = 502 
no slow pages to promote
pages migrated: 168, lfu # items: 14064, lfu sample size: 8700000, samples: 8700000, node 0 mem 725444
CBF freq dist: (1) 124, (1-100) 11249, (100-1000) 2316, (1k-2k) 16, (2k-3k) 3, (3k-5k) 20, (5k-65534) 459, (65k) 1 
CBF freq dist: (1) 17, (1-100) 2764, (100-1000) 109, (1k-2k) 344, (2k-3k) 19, (3k-5k) 23, (5k-65534) 7, (65k) 0 
collected one batch of samples. pages to migrate = 521 
no slow pages to promote
pages migrated: 168, lfu # items: 14064, lfu sample size: 8800000, samples: 8800000, node 0 mem 725444
CBF freq dist: (1) 124, (1-100) 11043, (100-1000) 2522, (1k-2k) 16, (2k-3k) 3, (3k-5k) 13, (5k-65534) 466, (65k) 1 
CBF freq dist: (1) 17, (1-100) 2714, (100-1000) 159, (1k-2k) 179, (2k-3k) 184, (3k-5k) 15, (5k-65534) 15, (65k) 0 
[DEBUG] Halving CBF counters.
collected one batch of samples. pages to migrate = 517 
no slow pages to promote
pages migrated: 168, lfu # items: 14064, lfu sample size: 8900000, samples: 8900000, node 0 mem 725444
CBF freq dist: (1) 124, (1-100) 10747, (100-1000) 2818, (1k-2k) 16, (2k-3k) 3, (3k-5k) 11, (5k-65534) 468, (65k) 1 
CBF freq dist: (1) 8, (1-100) 2783, (100-1000) 77, (1k-2k) 360, (2k-3k) 18, (3k-5k) 10, (5k-65534) 1, (65k) 0 
collected one batch of samples. pages to migrate = 512 
no slow pages to promote
pages migrated: 168, lfu # items: 14064, lfu sample size: 9000000, samples: 9000000, node 0 mem 725444
CBF freq dist: (1) 124, (1-100) 10485, (100-1000) 3080, (1k-2k) 16, (2k-3k) 3, (3k-5k) 4, (5k-65534) 475, (65k) 1 
CBF freq dist: (1) 8, (1-100) 2780, (100-1000) 75, (1k-2k) 365, (2k-3k) 5, (3k-5k) 21, (5k-65534) 3, (65k) 0 
collected one batch of samples. pages to migrate = 515 
no slow pages to promote
pages migrated: 168, lfu # items: 14065, lfu sample size: 9100000, samples: 9100000, node 0 mem 725444
CBF freq dist: (1) 125, (1-100) 10130, (100-1000) 3436, (1k-2k) 16, (2k-3k) 3, (3k-5k) 4, (5k-65534) 475, (65k) 1 
CBF freq dist: (1) 8, (1-100) 2775, (100-1000) 78, (1k-2k) 365, (2k-3k) 3, (3k-5k) 22, (5k-65534) 6, (65k) 0 
collected one batch of samples. pages to migrate = 519 
no slow pages to promote
pages migrated: 168, lfu # items: 14065, lfu sample size: 9200000, samples: 9200000, node 0 mem 725444
CBF freq dist: (1) 125, (1-100) 9797, (100-1000) 3769, (1k-2k) 16, (2k-3k) 3, (3k-5k) 4, (5k-65534) 475, (65k) 1 
CBF freq dist: (1) 8, (1-100) 2764, (100-1000) 89, (1k-2k) 355, (2k-3k) 11, (3k-5k) 24, (5k-65534) 6, (65k) 0 
collected one batch of samples. pages to migrate = 509 
start promoting 1 pages
pages migrated: 169, lfu # items: 14065, lfu sample size: 9300000, samples: 9300000, node 0 mem 720468
CBF freq dist: (1) 125, (1-100) 9400, (100-1000) 4166, (1k-2k) 16, (2k-3k) 3, (3k-5k) 4, (5k-65534) 475, (65k) 1 
CBF freq dist: (1) 8, (1-100) 2725, (100-1000) 128, (1k-2k) 315, (2k-3k) 51, (3k-5k) 20, (5k-65534) 10, (65k) 0 
[DEBUG] Halving CBF counters.
collected one batch of samples. pages to migrate = 503 
no slow pages to promote
pages migrated: 169, lfu # items: 14065, lfu sample size: 9400000, samples: 9400000, node 0 mem 723468
CBF freq dist: (1) 125, (1-100) 9029, (100-1000) 4537, (1k-2k) 16, (2k-3k) 3, (3k-5k) 4, (5k-65534) 475, (65k) 1 
CBF freq dist: (1) -56, (1-100) 2779, (100-1000) 83, (1k-2k) 352, (2k-3k) 20, (3k-5k) 6, (5k-65534) 1, (65k) 0 
collected one batch of samples. pages to migrate = 519 
no slow pages to promote
pages migrated: 169, lfu # items: 14065, lfu sample size: 9500000, samples: 9500000, node 0 mem 723468
CBF freq dist: (1) 125, (1-100) 8561, (100-1000) 5005, (1k-2k) 16, (2k-3k) 3, (3k-5k) 4, (5k-65534) 475, (65k) 1 
CBF freq dist: (1) -56, (1-100) 2774, (100-1000) 75, (1k-2k) 363, (2k-3k) 7, (3k-5k) 20, (5k-65534) 2, (65k) 0 
collected one batch of samples. pages to migrate = 510 
no slow pages to promote
pages migrated: 169, lfu # items: 14065, lfu sample size: 9600000, samples: 9600000, node 0 mem 723468
CBF freq dist: (1) 125, (1-100) 8183, (100-1000) 5383, (1k-2k) 16, (2k-3k) 3, (3k-5k) 4, (5k-65534) 475, (65k) 1 
CBF freq dist: (1) -56, (1-100) 2767, (100-1000) 77, (1k-2k) 367, (2k-3k) 3, (3k-5k) 21, (5k-65534) 6, (65k) 0 
collected one batch of samples. pages to migrate = 516 
no slow pages to promote
pages migrated: 169, lfu # items: 14065, lfu sample size: 9700000, samples: 9700000, node 0 mem 723396
CBF freq dist: (1) 125, (1-100) 7714, (100-1000) 5852, (1k-2k) 16, (2k-3k) 3, (3k-5k) 4, (5k-65534) 475, (65k) 1 
CBF freq dist: (1) -55, (1-100) 2755, (100-1000) 90, (1k-2k) 363, (2k-3k) 7, (3k-5k) 21, (5k-65534) 6, (65k) 0 
collected one batch of samples. pages to migrate = 509 
no slow pages to promote
pages migrated: 169, lfu # items: 14065, lfu sample size: 9800000, samples: 9800000, node 0 mem 723396
CBF freq dist: (1) 125, (1-100) 7287, (100-1000) 6279, (1k-2k) 16, (2k-3k) 3, (3k-5k) 4, (5k-65534) 474, (65k) 2 
CBF freq dist: (1) -55, (1-100) 2729, (100-1000) 116, (1k-2k) 352, (2k-3k) 16, (3k-5k) 22, (5k-65534) 7, (65k) 0 
collected one batch of samples. pages to migrate = 513 
no slow pages to promote
pages migrated: 169, lfu # items: 14065, lfu sample size: 9900000, samples: 9900000, node 0 mem 723396
CBF freq dist: (1) 125, (1-100) 6884, (100-1000) 6681, (1k-2k) 17, (2k-3k) 3, (3k-5k) 4, (5k-65534) 474, (65k) 2 
CBF freq dist: (1) -53, (1-100) 2672, (100-1000) 178, (1k-2k) 183, (2k-3k) 185, (3k-5k) 15, (5k-65534) 14, (65k) 0 
[DEBUG] Number of hot pages promoted in 50 batches = 2 
[DEBUG] Halving CBF counters.
collected one batch of samples. pages to migrate = 517 
no slow pages to promote
pages migrated: 169, lfu # items: 14065, lfu sample size: 10000000, samples: 10000000, node 0 mem 723396
CBF freq dist: (1) 125, (1-100) 6472, (100-1000) 7093, (1k-2k) 17, (2k-3k) 3, (3k-5k) 4, (5k-65534) 474, (65k) 2 
CBF freq dist: (1) 74, (1-100) 2833, (100-1000) 78, (1k-2k) 360, (2k-3k) 17, (3k-5k) 11, (5k-65534) 1, (65k) 0 
collected one batch of samples. pages to migrate = 506 
no slow pages to promote
pages migrated: 169, lfu # items: 14066, lfu sample size: 10100000, samples: 10100000, node 0 mem 723380
CBF freq dist: (1) 125, (1-100) 5990, (100-1000) 7576, (1k-2k) 17, (2k-3k) 3, (3k-5k) 3, (5k-65534) 475, (65k) 2 
CBF freq dist: (1) 73, (1-100) 2828, (100-1000) 77, (1k-2k) 366, (2k-3k) 6, (3k-5k) 19, (5k-65534) 4, (65k) 0 
collected one batch of samples. pages to migrate = 512 
no slow pages to promote
pages migrated: 169, lfu # items: 14066, lfu sample size: 10200000, samples: 10200000, node 0 mem 723380
CBF freq dist: (1) 125, (1-100) 5569, (100-1000) 7997, (1k-2k) 17, (2k-3k) 3, (3k-5k) 3, (5k-65534) 475, (65k) 2 
CBF freq dist: (1) 73, (1-100) 2821, (100-1000) 82, (1k-2k) 365, (2k-3k) 6, (3k-5k) 20, (5k-65534) 6, (65k) 0 
collected one batch of samples. pages to migrate = 508 
no slow pages to promote
pages migrated: 169, lfu # items: 14066, lfu sample size: 10300000, samples: 10300000, node 0 mem 723380
CBF freq dist: (1) 125, (1-100) 5246, (100-1000) 8320, (1k-2k) 17, (2k-3k) 3, (3k-5k) 3, (5k-65534) 475, (65k) 2 
CBF freq dist: (1) 73, (1-100) 2803, (100-1000) 100, (1k-2k) 359, (2k-3k) 10, (3k-5k) 22, (5k-65534) 6, (65k) 0 
collected one batch of samples. pages to migrate = 517 
no slow pages to promote
pages migrated: 169, lfu # items: 14066, lfu sample size: 10400000, samples: 10400000, node 0 mem 723380
CBF freq dist: (1) 125, (1-100) 4922, (100-1000) 8644, (1k-2k) 17, (2k-3k) 3, (3k-5k) 3, (5k-65534) 475, (65k) 2 
CBF freq dist: (1) 73, (1-100) 2757, (100-1000) 146, (1k-2k) 322, (2k-3k) 47, (3k-5k) 19, (5k-65534) 9, (65k) 0 
[DEBUG] Halving CBF counters.
collected one batch of samples. pages to migrate = 518 
no slow pages to promote
pages migrated: 169, lfu # items: 14066, lfu sample size: 10500000, samples: 10500000, node 0 mem 723380
CBF freq dist: (1) 125, (1-100) 4606, (100-1000) 8960, (1k-2k) 17, (2k-3k) 3, (3k-5k) 3, (5k-65534) 475, (65k) 2 
CBF freq dist: (1) -29, (1-100) 2775, (100-1000) 81, (1k-2k) 343, (2k-3k) 23, (3k-5k) 5, (5k-65534) 1, (65k) 0 
collected one batch of samples. pages to migrate = 517 
no slow pages to promote
pages migrated: 169, lfu # items: 14066, lfu sample size: 10600000, samples: 10600000, node 0 mem 723380
CBF freq dist: (1) 125, (1-100) 4367, (100-1000) 9199, (1k-2k) 17, (2k-3k) 3, (3k-5k) 3, (5k-65534) 475, (65k) 2 
CBF freq dist: (1) -29, (1-100) 2773, (100-1000) 64, (1k-2k) 361, (2k-3k) 10, (3k-5k) 17, (5k-65534) 3, (65k) 0 
collected one batch of samples. pages to migrate = 510 
start promoting 2 pages
pages migrated: 171, lfu # items: 14100, lfu sample size: 10700000, samples: 10700000, node 0 mem 719292
CBF freq dist: (1) 128, (1-100) 4127, (100-1000) 9473, (1k-2k) 17, (2k-3k) 3, (3k-5k) 3, (5k-65534) 474, (65k) 3 
CBF freq dist: (1) -30, (1-100) 2759, (100-1000) 74, (1k-2k) 364, (2k-3k) 5, (3k-5k) 21, (5k-65534) 5, (65k) 0 
collected one batch of samples. pages to migrate = 512 
no slow pages to promote
pages migrated: 171, lfu # items: 14100, lfu sample size: 10800000, samples: 10800000, node 0 mem 719292
CBF freq dist: (1) 128, (1-100) 3882, (100-1000) 9718, (1k-2k) 17, (2k-3k) 3, (3k-5k) 3, (5k-65534) 474, (65k) 3 
CBF freq dist: (1) -30, (1-100) 2739, (100-1000) 92, (1k-2k) 362, (2k-3k) 6, (3k-5k) 23, (5k-65534) 6, (65k) 0 
collected one batch of samples. pages to migrate = 516 
no slow pages to promote
pages migrated: 171, lfu # items: 14100, lfu sample size: 10900000, samples: 10900000, node 0 mem 719292
CBF freq dist: (1) 128, (1-100) 3683, (100-1000) 9917, (1k-2k) 17, (2k-3k) 3, (3k-5k) 3, (5k-65534) 474, (65k) 3 
CBF freq dist: (1) -30, (1-100) 2709, (100-1000) 122, (1k-2k) 351, (2k-3k) 16, (3k-5k) 24, (5k-65534) 6, (65k) 0 
collected one batch of samples. pages to migrate = 514 
no slow pages to promote
pages migrated: 171, lfu # items: 14100, lfu sample size: 11000000, samples: 11000000, node 0 mem 719292
CBF freq dist: (1) 128, (1-100) 3495, (100-1000) 10105, (1k-2k) 17, (2k-3k) 3, (3k-5k) 3, (5k-65534) 474, (65k) 3 
CBF freq dist: (1) -30, (1-100) 2645, (100-1000) 185, (1k-2k) 190, (2k-3k) 178, (3k-5k) 16, (5k-65534) 14, (65k) 0 
[DEBUG] Halving CBF counters.
collected one batch of samples. pages to migrate = 512 
no slow pages to promote
pages migrated: 171, lfu # items: 14102, lfu sample size: 11100000, samples: 11100000, node 0 mem 719280
CBF freq dist: (1) 128, (1-100) 3326, (100-1000) 10276, (1k-2k) 17, (2k-3k) 3, (3k-5k) 3, (5k-65534) 473, (65k) 4 
CBF freq dist: (1) -16, (1-100) 2791, (100-1000) 77, (1k-2k) 360, (2k-3k) 18, (3k-5k) 11, (5k-65534) 1, (65k) 0 
collected one batch of samples. pages to migrate = 512 
no slow pages to promote
pages migrated: 171, lfu # items: 14102, lfu sample size: 11200000, samples: 11200000, node 0 mem 719280
CBF freq dist: (1) 128, (1-100) 3169, (100-1000) 10433, (1k-2k) 17, (2k-3k) 3, (3k-5k) 3, (5k-65534) 473, (65k) 4 
CBF freq dist: (1) -16, (1-100) 2788, (100-1000) 74, (1k-2k) 366, (2k-3k) 8, (3k-5k) 19, (5k-65534) 3, (65k) 0 
collected one batch of samples. pages to migrate = 513 
no slow pages to promote
pages migrated: 171, lfu # items: 14102, lfu sample size: 11300000, samples: 11300000, node 0 mem 719280
CBF freq dist: (1) 128, (1-100) 3044, (100-1000) 10558, (1k-2k) 17, (2k-3k) 3, (3k-5k) 3, (5k-65534) 472, (65k) 5 
CBF freq dist: (1) -16, (1-100) 2781, (100-1000) 79, (1k-2k) 365, (2k-3k) 7, (3k-5k) 20, (5k-65534) 6, (65k) 0 
collected one batch of samples. pages to migrate = 516 
no slow pages to promote
pages migrated: 171, lfu # items: 14102, lfu sample size: 11400000, samples: 11400000, node 0 mem 719280
CBF freq dist: (1) 128, (1-100) 2940, (100-1000) 10662, (1k-2k) 17, (2k-3k) 3, (3k-5k) 3, (5k-65534) 472, (65k) 5 
CBF freq dist: (1) -15, (1-100) 2762, (100-1000) 99, (1k-2k) 360, (2k-3k) 11, (3k-5k) 21, (5k-65534) 6, (65k) 0 
collected one batch of samples. pages to migrate = 519 
no slow pages to promote
pages migrated: 171, lfu # items: 14102, lfu sample size: 11500000, samples: 11500000, node 0 mem 719408
CBF freq dist: (1) 128, (1-100) 2820, (100-1000) 10782, (1k-2k) 17, (2k-3k) 3, (3k-5k) 3, (5k-65534) 472, (65k) 5 
CBF freq dist: (1) -15, (1-100) 2698, (100-1000) 163, (1k-2k) 330, (2k-3k) 40, (3k-5k) 21, (5k-65534) 7, (65k) 0 
[DEBUG] Halving CBF counters.
collected one batch of samples. pages to migrate = 511 
no slow pages to promote
pages migrated: 171, lfu # items: 14102, lfu sample size: 11600000, samples: 11600000, node 0 mem 719408
CBF freq dist: (1) 128, (1-100) 2736, (100-1000) 10866, (1k-2k) 17, (2k-3k) 3, (3k-5k) 2, (5k-65534) 473, (65k) 5 
CBF freq dist: (1) 35, (1-100) 2802, (100-1000) 101, (1k-2k) 343, (2k-3k) 22, (3k-5k) 5, (5k-65534) 1, (65k) 0 
collected one batch of samples. pages to migrate = 529 
no slow pages to promote
pages migrated: 171, lfu # items: 14102, lfu sample size: 11700000, samples: 11700000, node 0 mem 719408
CBF freq dist: (1) 128, (1-100) 2676, (100-1000) 10925, (1k-2k) 18, (2k-3k) 3, (3k-5k) 2, (5k-65534) 473, (65k) 5 
CBF freq dist: (1) 39, (1-100) 2806, (100-1000) 82, (1k-2k) 362, (2k-3k) 9, (3k-5k) 19, (5k-65534) 2, (65k) 0 
collected one batch of samples. pages to migrate = 517 
no slow pages to promote
pages migrated: 171, lfu # items: 14102, lfu sample size: 11800000, samples: 11800000, node 0 mem 719276
CBF freq dist: (1) 128, (1-100) 2627, (100-1000) 10974, (1k-2k) 18, (2k-3k) 3, (3k-5k) 2, (5k-65534) 472, (65k) 6 
CBF freq dist: (1) 39, (1-100) 2794, (100-1000) 91, (1k-2k) 364, (2k-3k) 7, (3k-5k) 19, (5k-65534) 5, (65k) 0 
collected one batch of samples. pages to migrate = 510 
no slow pages to promote
pages migrated: 171, lfu # items: 14102, lfu sample size: 11900000, samples: 11900000, node 0 mem 719276
CBF freq dist: (1) 128, (1-100) 2597, (100-1000) 11004, (1k-2k) 18, (2k-3k) 3, (3k-5k) 2, (5k-65534) 472, (65k) 6 
CBF freq dist: (1) 39, (1-100) 2777, (100-1000) 106, (1k-2k) 361, (2k-3k) 10, (3k-5k) 20, (5k-65534) 6, (65k) 0 
collected one batch of samples. pages to migrate = 520 
no slow pages to promote
pages migrated: 171, lfu # items: 14102, lfu sample size: 12000000, samples: 12000000, node 0 mem 719276
CBF freq dist: (1) 128, (1-100) 2563, (100-1000) 11038, (1k-2k) 18, (2k-3k) 3, (3k-5k) 2, (5k-65534) 472, (65k) 6 
CBF freq dist: (1) 39, (1-100) 2744, (100-1000) 139, (1k-2k) 350, (2k-3k) 19, (3k-5k) 21, (5k-65534) 7, (65k) 0 
collected one batch of samples. pages to migrate = 510 
no slow pages to promote
pages migrated: 171, lfu # items: 14108, lfu sample size: 12100000, samples: 12100000, node 0 mem 719276
CBF freq dist: (1) 130, (1-100) 2540, (100-1000) 11067, (1k-2k) 18, (2k-3k) 3, (3k-5k) 2, (5k-65534) 472, (65k) 6 
CBF freq dist: (1) 39, (1-100) 2675, (100-1000) 208, (1k-2k) 212, (2k-3k) 157, (3k-5k) 11, (5k-65534) 17, (65k) 0 
[DEBUG] Halving CBF counters.
collected one batch of samples. pages to migrate = 520 
no slow pages to promote
pages migrated: 171, lfu # items: 14109, lfu sample size: 12200000, samples: 12200000, node 0 mem 719276
CBF freq dist: (1) 131, (1-100) 2524, (100-1000) 11084, (1k-2k) 18, (2k-3k) 3, (3k-5k) 2, (5k-65534) 472, (65k) 6 
CBF freq dist: (1) -1, (1-100) 2779, (100-1000) 75, (1k-2k) 359, (2k-3k) 15, (3k-5k) 13, (5k-65534) 1, (65k) 0 
collected one batch of samples. pages to migrate = 519 
no slow pages to promote
pages migrated: 171, lfu # items: 14110, lfu sample size: 12300000, samples: 12300000, node 0 mem 719276
CBF freq dist: (1) 131, (1-100) 2505, (100-1000) 11104, (1k-2k) 18, (2k-3k) 3, (3k-5k) 2, (5k-65534) 472, (65k) 6 
CBF freq dist: (1) 1, (1-100) 2776, (100-1000) 78, (1k-2k) 364, (2k-3k) 5, (3k-5k) 22, (5k-65534) 2, (65k) 0 
collected one batch of samples. pages to migrate = 519 
no slow pages to promote
pages migrated: 171, lfu # items: 14110, lfu sample size: 12400000, samples: 12400000, node 0 mem 719276
CBF freq dist: (1) 131, (1-100) 2489, (100-1000) 11120, (1k-2k) 18, (2k-3k) 3, (3k-5k) 2, (5k-65534) 472, (65k) 6 
CBF freq dist: (1) -1, (1-100) 2762, (100-1000) 91, (1k-2k) 362, (2k-3k) 6, (3k-5k) 21, (5k-65534) 6, (65k) 0 
collected one batch of samples. pages to migrate = 512 
no slow pages to promote
pages migrated: 171, lfu # items: 14110, lfu sample size: 12500000, samples: 12500000, node 0 mem 719272
CBF freq dist: (1) 131, (1-100) 2474, (100-1000) 11135, (1k-2k) 18, (2k-3k) 3, (3k-5k) 2, (5k-65534) 472, (65k) 6 
CBF freq dist: (1) -1, (1-100) 2736, (100-1000) 117, (1k-2k) 357, (2k-3k) 9, (3k-5k) 23, (5k-65534) 6, (65k) 0 
collected one batch of samples. pages to migrate = 514 
no slow pages to promote
pages migrated: 171, lfu # items: 14110, lfu sample size: 12600000, samples: 12600000, node 0 mem 719272
CBF freq dist: (1) 131, (1-100) 2464, (100-1000) 11145, (1k-2k) 18, (2k-3k) 3, (3k-5k) 2, (5k-65534) 472, (65k) 6 
CBF freq dist: (1) -2, (1-100) 2669, (100-1000) 184, (1k-2k) 321, (2k-3k) 45, (3k-5k) 19, (5k-65534) 10, (65k) 0 
[DEBUG] Halving CBF counters.
collected one batch of samples. pages to migrate = 518 
no slow pages to promote
pages migrated: 171, lfu # items: 14110, lfu sample size: 12700000, samples: 12700000, node 0 mem 719272
CBF freq dist: (1) 131, (1-100) 2454, (100-1000) 11155, (1k-2k) 18, (2k-3k) 3, (3k-5k) 2, (5k-65534) 472, (65k) 6 
CBF freq dist: (1) -39, (1-100) 2786, (100-1000) 96, (1k-2k) 340, (2k-3k) 21, (3k-5k) 6, (5k-65534) 1, (65k) 0 
collected one batch of samples. pages to migrate = 525 
no slow pages to promote
pages migrated: 171, lfu # items: 14110, lfu sample size: 12800000, samples: 12800000, node 0 mem 719272
CBF freq dist: (1) 131, (1-100) 2452, (100-1000) 11157, (1k-2k) 18, (2k-3k) 3, (3k-5k) 2, (5k-65534) 472, (65k) 6 
CBF freq dist: (1) -39, (1-100) 2784, (100-1000) 70, (1k-2k) 367, (2k-3k) 5, (3k-5k) 22, (5k-65534) 2, (65k) 0 
collected one batch of samples. pages to migrate = 512 
no slow pages to promote
pages migrated: 171, lfu # items: 14110, lfu sample size: 12900000, samples: 12900000, node 0 mem 719272
CBF freq dist: (1) 131, (1-100) 2445, (100-1000) 11164, (1k-2k) 18, (2k-3k) 3, (3k-5k) 2, (5k-65534) 472, (65k) 6 
CBF freq dist: (1) -39, (1-100) 2775, (100-1000) 77, (1k-2k) 368, (2k-3k) 5, (3k-5k) 20, (5k-65534) 5, (65k) 0 
collected one batch of samples. pages to migrate = 516 
no slow pages to promote
pages migrated: 171, lfu # items: 14110, lfu sample size: 13000000, samples: 13000000, node 0 mem 719272
CBF freq dist: (1) 131, (1-100) 2443, (100-1000) 11166, (1k-2k) 18, (2k-3k) 3, (3k-5k) 2, (5k-65534) 472, (65k) 6 
CBF freq dist: (1) -39, (1-100) 2757, (100-1000) 93, (1k-2k) 366, (2k-3k) 5, (3k-5k) 23, (5k-65534) 6, (65k) 0 
collected one batch of samples. pages to migrate = 514 
no slow pages to promote
pages migrated: 171, lfu # items: 14110, lfu sample size: 13100000, samples: 13100000, node 0 mem 719268
CBF freq dist: (1) 131, (1-100) 2437, (100-1000) 11172, (1k-2k) 18, (2k-3k) 3, (3k-5k) 2, (5k-65534) 472, (65k) 6 
CBF freq dist: (1) -39, (1-100) 2724, (100-1000) 126, (1k-2k) 354, (2k-3k) 16, (3k-5k) 23, (5k-65534) 7, (65k) 0 
collected one batch of samples. pages to migrate = 520 
no slow pages to promote
pages migrated: 171, lfu # items: 14110, lfu sample size: 13200000, samples: 13200000, node 0 mem 719268
CBF freq dist: (1) 131, (1-100) 2436, (100-1000) 11173, (1k-2k) 18, (2k-3k) 3, (3k-5k) 2, (5k-65534) 472, (65k) 6 
CBF freq dist: (1) -39, (1-100) 2663, (100-1000) 187, (1k-2k) 203, (2k-3k) 167, (3k-5k) 13, (5k-65534) 17, (65k) 0 
[DEBUG] Halving CBF counters.
collected one batch of samples. pages to migrate = 516 
no slow pages to promote
pages migrated: 171, lfu # items: 14110, lfu sample size: 13300000, samples: 13300000, node 0 mem 719268
CBF freq dist: (1) 131, (1-100) 2436, (100-1000) 11173, (1k-2k) 17, (2k-3k) 4, (3k-5k) 2, (5k-65534) 472, (65k) 6 
CBF freq dist: (1) 29, (1-100) 2817, (100-1000) 80, (1k-2k) 363, (2k-3k) 13, (3k-5k) 15, (5k-65534) 1, (65k) 0 
collected one batch of samples. pages to migrate = 515 
no slow pages to promote
pages migrated: 171, lfu # items: 14110, lfu sample size: 13400000, samples: 13400000, node 0 mem 719268
CBF freq dist: (1) 131, (1-100) 2435, (100-1000) 11174, (1k-2k) 17, (2k-3k) 4, (3k-5k) 2, (5k-65534) 472, (65k) 6 
CBF freq dist: (1) 29, (1-100) 2815, (100-1000) 75, (1k-2k) 370, (2k-3k) 5, (3k-5k) 21, (5k-65534) 3, (65k) 0 
collected one batch of samples. pages to migrate = 525 
no slow pages to promote
pages migrated: 171, lfu # items: 14110, lfu sample size: 13500000, samples: 13500000, node 0 mem 719268
CBF freq dist: (1) 131, (1-100) 2435, (100-1000) 11173, (1k-2k) 18, (2k-3k) 4, (3k-5k) 2, (5k-65534) 472, (65k) 6 
CBF freq dist: (1) 29, (1-100) 2809, (100-1000) 79, (1k-2k) 369, (2k-3k) 5, (3k-5k) 21, (5k-65534) 6, (65k) 0 
collected one batch of samples. pages to migrate = 513 
no slow pages to promote
pages migrated: 171, lfu # items: 14110, lfu sample size: 13600000, samples: 13600000, node 0 mem 719268
CBF freq dist: (1) 131, (1-100) 2435, (100-1000) 11173, (1k-2k) 18, (2k-3k) 4, (3k-5k) 2, (5k-65534) 472, (65k) 6 
CBF freq dist: (1) 29, (1-100) 2795, (100-1000) 93, (1k-2k) 362, (2k-3k) 10, (3k-5k) 23, (5k-65534) 6, (65k) 0 
collected one batch of samples. pages to migrate = 513 
no slow pages to promote
pages migrated: 171, lfu # items: 14111, lfu sample size: 13700000, samples: 13700000, node 0 mem 719268
CBF freq dist: (1) 130, (1-100) 2434, (100-1000) 11175, (1k-2k) 18, (2k-3k) 4, (3k-5k) 2, (5k-65534) 472, (65k) 6 
CBF freq dist: (1) 29, (1-100) 2760, (100-1000) 128, (1k-2k) 326, (2k-3k) 46, (3k-5k) 21, (5k-65534) 8, (65k) 0 
[DEBUG] Halving CBF counters.
collected one batch of samples. pages to migrate = 521 
no slow pages to promote
pages migrated: 171, lfu # items: 14111, lfu sample size: 13800000, samples: 13800000, node 0 mem 719268
CBF freq dist: (1) 130, (1-100) 2433, (100-1000) 11176, (1k-2k) 18, (2k-3k) 4, (3k-5k) 2, (5k-65534) 472, (65k) 6 
CBF freq dist: (1) 1, (1-100) 2800, (100-1000) 88, (1k-2k) 344, (2k-3k) 20, (3k-5k) 8, (5k-65534) 0, (65k) 0 
collected one batch of samples. pages to migrate = 524 
no slow pages to promote
pages migrated: 171, lfu # items: 14112, lfu sample size: 13900000, samples: 13900000, node 0 mem 719268
CBF freq dist: (1) 131, (1-100) 2434, (100-1000) 11176, (1k-2k) 18, (2k-3k) 4, (3k-5k) 2, (5k-65534) 472, (65k) 6 
CBF freq dist: (1) 5, (1-100) 2804, (100-1000) 70, (1k-2k) 362, (2k-3k) 9, (3k-5k) 17, (5k-65534) 3, (65k) 0 
collected one batch of samples. pages to migrate = 521 
no slow pages to promote
pages migrated: 171, lfu # items: 14112, lfu sample size: 14000000, samples: 14000000, node 0 mem 719252
CBF freq dist: (1) 131, (1-100) 2433, (100-1000) 11177, (1k-2k) 18, (2k-3k) 4, (3k-5k) 2, (5k-65534) 471, (65k) 7 
CBF freq dist: (1) 5, (1-100) 2797, (100-1000) 71, (1k-2k) 366, (2k-3k) 5, (3k-5k) 20, (5k-65534) 6, (65k) 0 
collected one batch of samples. pages to migrate = 519 
no slow pages to promote
pages migrated: 171, lfu # items: 14112, lfu sample size: 14100000, samples: 14100000, node 0 mem 719252
CBF freq dist: (1) 131, (1-100) 2433, (100-1000) 11177, (1k-2k) 18, (2k-3k) 4, (3k-5k) 2, (5k-65534) 471, (65k) 7 
CBF freq dist: (1) 5, (1-100) 2787, (100-1000) 80, (1k-2k) 364, (2k-3k) 5, (3k-5k) 23, (5k-65534) 6, (65k) 0 
collected one batch of samples. pages to migrate = 511 
no slow pages to promote
pages migrated: 171, lfu # items: 14112, lfu sample size: 14200000, samples: 14200000, node 0 mem 719252
CBF freq dist: (1) 131, (1-100) 2433, (100-1000) 11177, (1k-2k) 18, (2k-3k) 4, (3k-5k) 2, (5k-65534) 471, (65k) 7 
CBF freq dist: (1) 5, (1-100) 2748, (100-1000) 119, (1k-2k) 353, (2k-3k) 15, (3k-5k) 23, (5k-65534) 7, (65k) 0 
collected one batch of samples. pages to migrate = 517 
no slow pages to promote
pages migrated: 171, lfu # items: 14117, lfu sample size: 14300000, samples: 14300000, node 0 mem 719252
CBF freq dist: (1) 129, (1-100) 2436, (100-1000) 11179, (1k-2k) 18, (2k-3k) 4, (3k-5k) 2, (5k-65534) 471, (65k) 7 
CBF freq dist: (1) 5, (1-100) 2678, (100-1000) 189, (1k-2k) 201, (2k-3k) 167, (3k-5k) 17, (5k-65534) 13, (65k) 0 
[DEBUG] Halving CBF counters.
collected one batch of samples. pages to migrate = 510 
no slow pages to promote
pages migrated: 171, lfu # items: 14117, lfu sample size: 14400000, samples: 14400000, node 0 mem 719252
CBF freq dist: (1) 129, (1-100) 2435, (100-1000) 11180, (1k-2k) 18, (2k-3k) 4, (3k-5k) 2, (5k-65534) 471, (65k) 7 
CBF freq dist: (1) 14, (1-100) 2791, (100-1000) 84, (1k-2k) 356, (2k-3k) 16, (3k-5k) 11, (5k-65534) 2, (65k) 0 
collected one batch of samples. pages to migrate = 511 
no slow pages to promote
pages migrated: 171, lfu # items: 14117, lfu sample size: 14500000, samples: 14500000, node 0 mem 719252
CBF freq dist: (1) 129, (1-100) 2435, (100-1000) 11180, (1k-2k) 18, (2k-3k) 4, (3k-5k) 2, (5k-65534) 471, (65k) 7 
CBF freq dist: (1) 14, (1-100) 2791, (100-1000) 77, (1k-2k) 363, (2k-3k) 5, (3k-5k) 21, (5k-65534) 3, (65k) 0 
collected one batch of samples. pages to migrate = 515 
no slow pages to promote
pages migrated: 171, lfu # items: 14117, lfu sample size: 14600000, samples: 14600000, node 0 mem 719252
CBF freq dist: (1) 129, (1-100) 2435, (100-1000) 11179, (1k-2k) 19, (2k-3k) 4, (3k-5k) 2, (5k-65534) 470, (65k) 8 
CBF freq dist: (1) 15, (1-100) 2781, (100-1000) 86, (1k-2k) 362, (2k-3k) 4, (3k-5k) 22, (5k-65534) 6, (65k) 0 
collected one batch of samples. pages to migrate = 516 
no slow pages to promote
pages migrated: 171, lfu # items: 14117, lfu sample size: 14700000, samples: 14700000, node 0 mem 719252
CBF freq dist: (1) 129, (1-100) 2435, (100-1000) 11179, (1k-2k) 19, (2k-3k) 4, (3k-5k) 2, (5k-65534) 470, (65k) 8 
CBF freq dist: (1) 15, (1-100) 2761, (100-1000) 106, (1k-2k) 356, (2k-3k) 8, (3k-5k) 24, (5k-65534) 6, (65k) 0 
collected one batch of samples. pages to migrate = 522 
no slow pages to promote
pages migrated: 171, lfu # items: 14117, lfu sample size: 14800000, samples: 14800000, node 0 mem 719252
CBF freq dist: (1) 129, (1-100) 2435, (100-1000) 11179, (1k-2k) 19, (2k-3k) 4, (3k-5k) 2, (5k-65534) 467, (65k) 11 
CBF freq dist: (1) 15, (1-100) 2727, (100-1000) 140, (1k-2k) 312, (2k-3k) 52, (3k-5k) 18, (5k-65534) 12, (65k) 0 
[DEBUG] Halving CBF counters.
collected one batch of samples. pages to migrate = 508 
no slow pages to promote
pages migrated: 171, lfu # items: 14117, lfu sample size: 14900000, samples: 14900000, node 0 mem 719252
CBF freq dist: (1) 129, (1-100) 2435, (100-1000) 11179, (1k-2k) 19, (2k-3k) 4, (3k-5k) 2, (5k-65534) 467, (65k) 11 
CBF freq dist: (1) -11, (1-100) 2785, (100-1000) 82, (1k-2k) 352, (2k-3k) 20, (3k-5k) 6, (5k-65534) 1, (65k) 0 
[DEBUG] Number of hot pages promoted in 50 batches = 2 
[INFO] Reached promotion plateau. cur hot page size 1054867456, fast mem 80% 3435973836
[INFO] Decrease hot thresh to 900.
collected one batch of samples. pages to migrate = 513 
no slow pages to promote
pages migrated: 171, lfu # items: 14117, lfu sample size: 15000000, samples: 15000000, node 0 mem 719252
CBF freq dist: (1) 129, (1-100) 2434, (100-1000) 11180, (1k-2k) 19, (2k-3k) 4, (3k-5k) 2, (5k-65534) 465, (65k) 13 
CBF freq dist: (1) -12, (1-100) 2782, (100-1000) 68, (1k-2k) 367, (2k-3k) 10, (3k-5k) 16, (5k-65534) 3, (65k) 0 
collected one batch of samples. pages to migrate = 515 
no slow pages to promote
pages migrated: 171, lfu # items: 14117, lfu sample size: 15100000, samples: 15100000, node 0 mem 719252
CBF freq dist: (1) 129, (1-100) 2434, (100-1000) 11180, (1k-2k) 19, (2k-3k) 4, (3k-5k) 2, (5k-65534) 463, (65k) 15 
CBF freq dist: (1) -12, (1-100) 2780, (100-1000) 67, (1k-2k) 369, (2k-3k) 5, (3k-5k) 19, (5k-65534) 6, (65k) 0 
collected one batch of samples. pages to migrate = 512 
no slow pages to promote
pages migrated: 171, lfu # items: 14117, lfu sample size: 15200000, samples: 15200000, node 0 mem 719252
CBF freq dist: (1) 129, (1-100) 2433, (100-1000) 11181, (1k-2k) 19, (2k-3k) 4, (3k-5k) 2, (5k-65534) 463, (65k) 15 
CBF freq dist: (1) -12, (1-100) 2758, (100-1000) 88, (1k-2k) 365, (2k-3k) 8, (3k-5k) 21, (5k-65534) 6, (65k) 0 
collected one batch of samples. pages to migrate = 515 
no slow pages to promote
pages migrated: 171, lfu # items: 14117, lfu sample size: 15300000, samples: 15300000, node 0 mem 719252
CBF freq dist: (1) 129, (1-100) 2433, (100-1000) 11181, (1k-2k) 19, (2k-3k) 4, (3k-5k) 2, (5k-65534) 462, (65k) 16 
CBF freq dist: (1) -11, (1-100) 2730, (100-1000) 117, (1k-2k) 352, (2k-3k) 19, (3k-5k) 22, (5k-65534) 7, (65k) 0 
collected one batch of samples. pages to migrate = 524 
no slow pages to promote
pages migrated: 171, lfu # items: 14117, lfu sample size: 15400000, samples: 15400000, node 0 mem 719248
CBF freq dist: (1) 129, (1-100) 2433, (100-1000) 11181, (1k-2k) 19, (2k-3k) 4, (3k-5k) 2, (5k-65534) 461, (65k) 17 
CBF freq dist: (1) -12, (1-100) 2672, (100-1000) 175, (1k-2k) 199, (2k-3k) 172, (3k-5k) 14, (5k-65534) 15, (65k) 0 
[DEBUG] Halving CBF counters.
collected one batch of samples. pages to migrate = 507 
no slow pages to promote
pages migrated: 171, lfu # items: 14117, lfu sample size: 15500000, samples: 15500000, node 0 mem 719248
CBF freq dist: (1) 129, (1-100) 2433, (100-1000) 11181, (1k-2k) 19, (2k-3k) 4, (3k-5k) 2, (5k-65534) 460, (65k) 18 
CBF freq dist: (1) 10, (1-100) 2791, (100-1000) 78, (1k-2k) 361, (2k-3k) 16, (3k-5k) 12, (5k-65534) 1, (65k) 0 
collected one batch of samples. pages to migrate = 515 
no slow pages to promote
pages migrated: 171, lfu # items: 14117, lfu sample size: 15600000, samples: 15600000, node 0 mem 719248
CBF freq dist: (1) 129, (1-100) 2431, (100-1000) 11183, (1k-2k) 19, (2k-3k) 4, (3k-5k) 2, (5k-65534) 459, (65k) 19 
CBF freq dist: (1) 12, (1-100) 2789, (100-1000) 79, (1k-2k) 367, (2k-3k) 6, (3k-5k) 20, (5k-65534) 3, (65k) 0 
collected one batch of samples. pages to migrate = 524 
no slow pages to promote
pages migrated: 171, lfu # items: 14117, lfu sample size: 15700000, samples: 15700000, node 0 mem 719248
CBF freq dist: (1) 129, (1-100) 2431, (100-1000) 11183, (1k-2k) 19, (2k-3k) 4, (3k-5k) 2, (5k-65534) 459, (65k) 19 
CBF freq dist: (1) 12, (1-100) 2782, (100-1000) 84, (1k-2k) 366, (2k-3k) 5, (3k-5k) 21, (5k-65534) 6, (65k) 0 
collected one batch of samples. pages to migrate = 508 
no slow pages to promote
pages migrated: 171, lfu # items: 14117, lfu sample size: 15800000, samples: 15800000, node 0 mem 719248
CBF freq dist: (1) 129, (1-100) 2430, (100-1000) 11184, (1k-2k) 19, (2k-3k) 4, (3k-5k) 2, (5k-65534) 459, (65k) 19 
CBF freq dist: (1) 12, (1-100) 2762, (100-1000) 104, (1k-2k) 359, (2k-3k) 10, (3k-5k) 23, (5k-65534) 6, (65k) 0 
collected one batch of samples. pages to migrate = 515 
no slow pages to promote
pages migrated: 171, lfu # items: 14117, lfu sample size: 15900000, samples: 15900000, node 0 mem 719248
CBF freq dist: (1) 129, (1-100) 2430, (100-1000) 11184, (1k-2k) 19, (2k-3k) 4, (3k-5k) 2, (5k-65534) 459, (65k) 19 
CBF freq dist: (1) 12, (1-100) 2703, (100-1000) 163, (1k-2k) 324, (2k-3k) 45, (3k-5k) 21, (5k-65534) 8, (65k) 0 
[DEBUG] Halving CBF counters.
collected one batch of samples. pages to migrate = 527 
no slow pages to promote
pages migrated: 171, lfu # items: 14117, lfu sample size: 16000000, samples: 16000000, node 0 mem 719244
CBF freq dist: (1) 129, (1-100) 2430, (100-1000) 11184, (1k-2k) 19, (2k-3k) 4, (3k-5k) 2, (5k-65534) 458, (65k) 20 
CBF freq dist: (1) 44, (1-100) 2796, (100-1000) 85, (1k-2k) 341, (2k-3k) 23, (3k-5k) 6, (5k-65534) 1, (65k) 0 
collected one batch of samples. pages to migrate = 517 
no slow pages to promote
pages migrated: 171, lfu # items: 14117, lfu sample size: 16100000, samples: 16100000, node 0 mem 719244
CBF freq dist: (1) 129, (1-100) 2430, (100-1000) 11184, (1k-2k) 19, (2k-3k) 4, (3k-5k) 2, (5k-65534) 458, (65k) 20 
CBF freq dist: (1) 44, (1-100) 2793, (100-1000) 65, (1k-2k) 364, (2k-3k) 9, (3k-5k) 19, (5k-65534) 2, (65k) 0 
collected one batch of samples. pages to migrate = 510 
no slow pages to promote
pages migrated: 171, lfu # items: 14117, lfu sample size: 16200000, samples: 16200000, node 0 mem 719244
CBF freq dist: (1) 129, (1-100) 2430, (100-1000) 11184, (1k-2k) 19, (2k-3k) 4, (3k-5k) 2, (5k-65534) 457, (65k) 21 
CBF freq dist: (1) 44, (1-100) 2785, (100-1000) 67, (1k-2k) 368, (2k-3k) 8, (3k-5k) 20, (5k-65534) 4, (65k) 0 
collected one batch of samples. pages to migrate = 510 
no slow pages to promote
pages migrated: 171, lfu # items: 14117, lfu sample size: 16300000, samples: 16300000, node 0 mem 719244
CBF freq dist: (1) 129, (1-100) 2429, (100-1000) 11185, (1k-2k) 19, (2k-3k) 4, (3k-5k) 2, (5k-65534) 456, (65k) 22 
CBF freq dist: (1) 44, (1-100) 2774, (100-1000) 77, (1k-2k) 366, (2k-3k) 6, (3k-5k) 23, (5k-65534) 6, (65k) 0 
collected one batch of samples. pages to migrate = 515 
no slow pages to promote
pages migrated: 171, lfu # items: 14117, lfu sample size: 16400000, samples: 16400000, node 0 mem 719244
CBF freq dist: (1) 129, (1-100) 2429, (100-1000) 11185, (1k-2k) 19, (2k-3k) 4, (3k-5k) 2, (5k-65534) 456, (65k) 22 
CBF freq dist: (1) 44, (1-100) 2741, (100-1000) 110, (1k-2k) 350, (2k-3k) 22, (3k-5k) 22, (5k-65534) 7, (65k) 0 
collected one batch of samples. pages to migrate = 520 
no slow pages to promote
pages migrated: 171, lfu # items: 14117, lfu sample size: 16500000, samples: 16500000, node 0 mem 719244
CBF freq dist: (1) 129, (1-100) 2429, (100-1000) 11185, (1k-2k) 19, (2k-3k) 4, (3k-5k) 2, (5k-65534) 456, (65k) 22 
CBF freq dist: (1) 44, (1-100) 2693, (100-1000) 158, (1k-2k) 183, (2k-3k) 189, (3k-5k) 13, (5k-65534) 16, (65k) 0 
[DEBUG] Halving CBF counters.
collected one batch of samples. pages to migrate = 511 
no slow pages to promote
pages migrated: 171, lfu # items: 14117, lfu sample size: 16600000, samples: 16600000, node 0 mem 719244
CBF freq dist: (1) 129, (1-100) 2429, (100-1000) 11185, (1k-2k) 19, (2k-3k) 4, (3k-5k) 2, (5k-65534) 456, (65k) 22 
CBF freq dist: (1) -58, (1-100) 2744, (100-1000) 74, (1k-2k) 361, (2k-3k) 14, (3k-5k) 14, (5k-65534) 1, (65k) 0 
collected one batch of samples. pages to migrate = 521 
no slow pages to promote
pages migrated: 171, lfu # items: 14117, lfu sample size: 16700000, samples: 16700000, node 0 mem 719244
CBF freq dist: (1) 129, (1-100) 2429, (100-1000) 11185, (1k-2k) 19, (2k-3k) 4, (3k-5k) 2, (5k-65534) 455, (65k) 23 
CBF freq dist: (1) -58, (1-100) 2740, (100-1000) 72, (1k-2k) 367, (2k-3k) 6, (3k-5k) 19, (5k-65534) 4, (65k) 0 
collected one batch of samples. pages to migrate = 529 
no slow pages to promote
pages migrated: 171, lfu # items: 14119, lfu sample size: 16800000, samples: 16800000, node 0 mem 719244
CBF freq dist: (1) 130, (1-100) 2430, (100-1000) 11184, (1k-2k) 21, (2k-3k) 4, (3k-5k) 2, (5k-65534) 455, (65k) 23 
CBF freq dist: (1) -57, (1-100) 2732, (100-1000) 82, (1k-2k) 365, (2k-3k) 7, (3k-5k) 20, (5k-65534) 6, (65k) 0 
collected one batch of samples. pages to migrate = 527 
no slow pages to promote
pages migrated: 171, lfu # items: 14119, lfu sample size: 16900000, samples: 16900000, node 0 mem 719240
CBF freq dist: (1) 130, (1-100) 2428, (100-1000) 11186, (1k-2k) 21, (2k-3k) 4, (3k-5k) 2, (5k-65534) 455, (65k) 23 
CBF freq dist: (1) -53, (1-100) 2717, (100-1000) 102, (1k-2k) 360, (2k-3k) 10, (3k-5k) 22, (5k-65534) 6, (65k) 0 
collected one batch of samples. pages to migrate = 520 
no slow pages to promote
pages migrated: 171, lfu # items: 14119, lfu sample size: 17000000, samples: 17000000, node 0 mem 719240
CBF freq dist: (1) 130, (1-100) 2427, (100-1000) 11187, (1k-2k) 21, (2k-3k) 4, (3k-5k) 2, (5k-65534) 455, (65k) 23 
CBF freq dist: (1) -53, (1-100) 2695, (100-1000) 124, (1k-2k) 324, (2k-3k) 46, (3k-5k) 20, (5k-65534) 8, (65k) 0 
[DEBUG] Halving CBF counters.
collected one batch of samples. pages to migrate = 527 
no slow pages to promote
pages migrated: 171, lfu # items: 14119, lfu sample size: 17100000, samples: 17100000, node 0 mem 719240
CBF freq dist: (1) 130, (1-100) 2427, (100-1000) 11187, (1k-2k) 21, (2k-3k) 4, (3k-5k) 2, (5k-65534) 454, (65k) 24 
CBF freq dist: (1) -11, (1-100) 2812, (100-1000) 82, (1k-2k) 346, (2k-3k) 23, (3k-5k) 6, (5k-65534) 1, (65k) 0 
collected one batch of samples. pages to migrate = 532 
no slow pages to promote
pages migrated: 171, lfu # items: 14119, lfu sample size: 17200000, samples: 17200000, node 0 mem 719240
CBF freq dist: (1) 130, (1-100) 2427, (100-1000) 11187, (1k-2k) 21, (2k-3k) 4, (3k-5k) 2, (5k-65534) 454, (65k) 24 
CBF freq dist: (1) -11, (1-100) 2811, (100-1000) 64, (1k-2k) 365, (2k-3k) 11, (3k-5k) 17, (5k-65534) 2, (65k) 0 
collected one batch of samples. pages to migrate = 528 
no slow pages to promote
pages migrated: 171, lfu # items: 14119, lfu sample size: 17300000, samples: 17300000, node 0 mem 719240
CBF freq dist: (1) 130, (1-100) 2426, (100-1000) 11188, (1k-2k) 21, (2k-3k) 4, (3k-5k) 2, (5k-65534) 454, (65k) 24 
CBF freq dist: (1) -11, (1-100) 2802, (100-1000) 69, (1k-2k) 368, (2k-3k) 7, (3k-5k) 18, (5k-65534) 6, (65k) 0 
collected one batch of samples. pages to migrate = 525 
no slow pages to promote
pages migrated: 171, lfu # items: 14119, lfu sample size: 17400000, samples: 17400000, node 0 mem 719240
CBF freq dist: (1) 130, (1-100) 2425, (100-1000) 11189, (1k-2k) 21, (2k-3k) 4, (3k-5k) 2, (5k-65534) 454, (65k) 24 
CBF freq dist: (1) -11, (1-100) 2787, (100-1000) 84, (1k-2k) 365, (2k-3k) 6, (3k-5k) 22, (5k-65534) 6, (65k) 0 
collected one batch of samples. pages to migrate = 526 
no slow pages to promote
pages migrated: 171, lfu # items: 14119, lfu sample size: 17500000, samples: 17500000, node 0 mem 719240
CBF freq dist: (1) 130, (1-100) 2425, (100-1000) 11189, (1k-2k) 21, (2k-3k) 4, (3k-5k) 2, (5k-65534) 454, (65k) 24 
CBF freq dist: (1) -11, (1-100) 2763, (100-1000) 108, (1k-2k) 353, (2k-3k) 18, (3k-5k) 20, (5k-65534) 8, (65k) 0 
collected one batch of samples. pages to migrate = 516 
no slow pages to promote
pages migrated: 171, lfu # items: 14119, lfu sample size: 17600000, samples: 17600000, node 0 mem 719240
CBF freq dist: (1) 130, (1-100) 2425, (100-1000) 11189, (1k-2k) 20, (2k-3k) 5, (3k-5k) 2, (5k-65534) 454, (65k) 24 
CBF freq dist: (1) -11, (1-100) 2701, (100-1000) 170, (1k-2k) 201, (2k-3k) 170, (3k-5k) 13, (5k-65534) 15, (65k) 0 
[DEBUG] Halving CBF counters.
collected one batch of samples. pages to migrate = 523 
no slow pages to promote
pages migrated: 171, lfu # items: 14119, lfu sample size: 17700000, samples: 17700000, node 0 mem 719240
CBF freq dist: (1) 130, (1-100) 2425, (100-1000) 11189, (1k-2k) 20, (2k-3k) 5, (3k-5k) 2, (5k-65534) 454, (65k) 24 
CBF freq dist: (1) 37, (1-100) 2810, (100-1000) 80, (1k-2k) 362, (2k-3k) 15, (3k-5k) 13, (5k-65534) 1, (65k) 0 
collected one batch of samples. pages to migrate = 520 
no slow pages to promote
pages migrated: 171, lfu # items: 14119, lfu sample size: 17800000, samples: 17800000, node 0 mem 719240
CBF freq dist: (1) 130, (1-100) 2425, (100-1000) 11189, (1k-2k) 20, (2k-3k) 5, (3k-5k) 2, (5k-65534) 454, (65k) 24 
CBF freq dist: (1) 37, (1-100) 2806, (100-1000) 79, (1k-2k) 367, (2k-3k) 5, (3k-5k) 22, (5k-65534) 2, (65k) 0 
collected one batch of samples. pages to migrate = 511 
no slow pages to promote
pages migrated: 171, lfu # items: 14119, lfu sample size: 17900000, samples: 17900000, node 0 mem 719240
CBF freq dist: (1) 130, (1-100) 2424, (100-1000) 11190, (1k-2k) 20, (2k-3k) 5, (3k-5k) 2, (5k-65534) 454, (65k) 24 
CBF freq dist: (1) 37, (1-100) 2799, (100-1000) 84, (1k-2k) 366, (2k-3k) 4, (3k-5k) 22, (5k-65534) 6, (65k) 0 
collected one batch of samples. pages to migrate = 519 
no slow pages to promote
pages migrated: 171, lfu # items: 14119, lfu sample size: 18000000, samples: 18000000, node 0 mem 719240
CBF freq dist: (1) 130, (1-100) 2424, (100-1000) 11190, (1k-2k) 20, (2k-3k) 5, (3k-5k) 2, (5k-65534) 454, (65k) 24 
CBF freq dist: (1) 37, (1-100) 2777, (100-1000) 106, (1k-2k) 360, (2k-3k) 8, (3k-5k) 24, (5k-65534) 6, (65k) 0 
collected one batch of samples. pages to migrate = 512 
no slow pages to promote
pages migrated: 171, lfu # items: 14119, lfu sample size: 18100000, samples: 18100000, node 0 mem 719240
CBF freq dist: (1) 130, (1-100) 2424, (100-1000) 11190, (1k-2k) 20, (2k-3k) 5, (3k-5k) 2, (5k-65534) 452, (65k) 26 
CBF freq dist: (1) 37, (1-100) 2743, (100-1000) 140, (1k-2k) 328, (2k-3k) 40, (3k-5k) 21, (5k-65534) 9, (65k) 0 
[DEBUG] Halving CBF counters.
collected one batch of samples. pages to migrate = 520 
no slow pages to promote
pages migrated: 171, lfu # items: 14119, lfu sample size: 18200000, samples: 18200000, node 0 mem 719236
CBF freq dist: (1) 129, (1-100) 2423, (100-1000) 11191, (1k-2k) 20, (2k-3k) 5, (3k-5k) 2, (5k-65534) 452, (65k) 26 
CBF freq dist: (1) 16, (1-100) 2790, (100-1000) 83, (1k-2k) 343, (2k-3k) 21, (3k-5k) 6, (5k-65534) 1, (65k) 0 
collected one batch of samples. pages to migrate = 516 
no slow pages to promote
pages migrated: 171, lfu # items: 14119, lfu sample size: 18300000, samples: 18300000, node 0 mem 719236
CBF freq dist: (1) 129, (1-100) 2422, (100-1000) 11192, (1k-2k) 20, (2k-3k) 5, (3k-5k) 2, (5k-65534) 452, (65k) 26 
CBF freq dist: (1) 16, (1-100) 2785, (100-1000) 67, (1k-2k) 362, (2k-3k) 11, (3k-5k) 17, (5k-65534) 2, (65k) 0 
collected one batch of samples. pages to migrate = 529 
no slow pages to promote
pages migrated: 171, lfu # items: 14119, lfu sample size: 18400000, samples: 18400000, node 0 mem 719236
CBF freq dist: (1) 129, (1-100) 2422, (100-1000) 11192, (1k-2k) 20, (2k-3k) 5, (3k-5k) 2, (5k-65534) 452, (65k) 26 
CBF freq dist: (1) 22, (1-100) 2783, (100-1000) 73, (1k-2k) 365, (2k-3k) 5, (3k-5k) 21, (5k-65534) 5, (65k) 0 
collected one batch of samples. pages to migrate = 520 
no slow pages to promote
pages migrated: 171, lfu # items: 14119, lfu sample size: 18500000, samples: 18500000, node 0 mem 719236
CBF freq dist: (1) 129, (1-100) 2421, (100-1000) 11192, (1k-2k) 21, (2k-3k) 5, (3k-5k) 2, (5k-65534) 452, (65k) 26 
CBF freq dist: (1) 22, (1-100) 2764, (100-1000) 91, (1k-2k) 363, (2k-3k) 7, (3k-5k) 21, (5k-65534) 6, (65k) 0 
collected one batch of samples. pages to migrate = 520 
no slow pages to promote
pages migrated: 171, lfu # items: 14119, lfu sample size: 18600000, samples: 18600000, node 0 mem 719236
CBF freq dist: (1) 129, (1-100) 2420, (100-1000) 11193, (1k-2k) 21, (2k-3k) 5, (3k-5k) 2, (5k-65534) 452, (65k) 26 
CBF freq dist: (1) 22, (1-100) 2733, (100-1000) 122, (1k-2k) 348, (2k-3k) 20, (3k-5k) 23, (5k-65534) 6, (65k) 0 
collected one batch of samples. pages to migrate = 516 
no slow pages to promote
pages migrated: 171, lfu # items: 14119, lfu sample size: 18700000, samples: 18700000, node 0 mem 719236
CBF freq dist: (1) 129, (1-100) 2420, (100-1000) 11193, (1k-2k) 21, (2k-3k) 5, (3k-5k) 2, (5k-65534) 452, (65k) 26 
CBF freq dist: (1) 22, (1-100) 2668, (100-1000) 187, (1k-2k) 191, (2k-3k) 177, (3k-5k) 14, (5k-65534) 15, (65k) 0 
[DEBUG] Halving CBF counters.
collected one batch of samples. pages to migrate = 519 
no slow pages to promote
pages migrated: 171, lfu # items: 14119, lfu sample size: 18800000, samples: 18800000, node 0 mem 719236
CBF freq dist: (1) 129, (1-100) 2420, (100-1000) 11193, (1k-2k) 20, (2k-3k) 6, (3k-5k) 2, (5k-65534) 452, (65k) 26 
CBF freq dist: (1) -61, (1-100) 2763, (100-1000) 75, (1k-2k) 364, (2k-3k) 15, (3k-5k) 12, (5k-65534) 1, (65k) 0 
collected one batch of samples. pages to migrate = 519 
no slow pages to promote
pages migrated: 171, lfu # items: 14119, lfu sample size: 18900000, samples: 18900000, node 0 mem 719232
CBF freq dist: (1) 129, (1-100) 2420, (100-1000) 11193, (1k-2k) 19, (2k-3k) 7, (3k-5k) 2, (5k-65534) 451, (65k) 27 
CBF freq dist: (1) -61, (1-100) 2759, (100-1000) 74, (1k-2k) 369, (2k-3k) 4, (3k-5k) 21, (5k-65534) 3, (65k) 0 
collected one batch of samples. pages to migrate = 516 
no slow pages to promote
pages migrated: 171, lfu # items: 14119, lfu sample size: 19000000, samples: 19000000, node 0 mem 719232
CBF freq dist: (1) 129, (1-100) 2420, (100-1000) 11193, (1k-2k) 19, (2k-3k) 7, (3k-5k) 2, (5k-65534) 451, (65k) 27 
CBF freq dist: (1) -61, (1-100) 2753, (100-1000) 78, (1k-2k) 368, (2k-3k) 3, (3k-5k) 22, (5k-65534) 6, (65k) 0 
collected one batch of samples. pages to migrate = 520 
no slow pages to promote
pages migrated: 171, lfu # items: 14119, lfu sample size: 19100000, samples: 19100000, node 0 mem 719232
CBF freq dist: (1) 129, (1-100) 2420, (100-1000) 11192, (1k-2k) 20, (2k-3k) 7, (3k-5k) 2, (5k-65534) 451, (65k) 27 
CBF freq dist: (1) -61, (1-100) 2739, (100-1000) 93, (1k-2k) 361, (2k-3k) 8, (3k-5k) 24, (5k-65534) 6, (65k) 0 
collected one batch of samples. pages to migrate = 523 
no slow pages to promote
pages migrated: 171, lfu # items: 14119, lfu sample size: 19200000, samples: 19200000, node 0 mem 719232
CBF freq dist: (1) 129, (1-100) 2420, (100-1000) 11192, (1k-2k) 20, (2k-3k) 7, (3k-5k) 2, (5k-65534) 451, (65k) 27 
CBF freq dist: (1) -62, (1-100) 2698, (100-1000) 134, (1k-2k) 326, (2k-3k) 43, (3k-5k) 20, (5k-65534) 10, (65k) 0 
[DEBUG] Halving CBF counters.
collected one batch of samples. pages to migrate = 525 
no slow pages to promote
pages migrated: 171, lfu # items: 14119, lfu sample size: 19300000, samples: 19300000, node 0 mem 719232
CBF freq dist: (1) 129, (1-100) 2420, (100-1000) 11192, (1k-2k) 20, (2k-3k) 7, (3k-5k) 2, (5k-65534) 451, (65k) 27 
CBF freq dist: (1) -1, (1-100) 2834, (100-1000) 89, (1k-2k) 341, (2k-3k) 21, (3k-5k) 7, (5k-65534) 1, (65k) 0 
collected one batch of samples. pages to migrate = 515 
no slow pages to promote
pages migrated: 171, lfu # items: 14119, lfu sample size: 19400000, samples: 19400000, node 0 mem 719232
CBF freq dist: (1) 129, (1-100) 2420, (100-1000) 11192, (1k-2k) 20, (2k-3k) 7, (3k-5k) 2, (5k-65534) 451, (65k) 27 
CBF freq dist: (1) -1, (1-100) 2833, (100-1000) 72, (1k-2k) 358, (2k-3k) 9, (3k-5k) 19, (5k-65534) 2, (65k) 0 
collected one batch of samples. pages to migrate = 537 
no slow pages to promote
pages migrated: 171, lfu # items: 14119, lfu sample size: 19500000, samples: 19500000, node 0 mem 719232
CBF freq dist: (1) 129, (1-100) 2420, (100-1000) 11192, (1k-2k) 20, (2k-3k) 7, (3k-5k) 2, (5k-65534) 451, (65k) 27 
CBF freq dist: (1) -2, (1-100) 2826, (100-1000) 75, (1k-2k) 361, (2k-3k) 5, (3k-5k) 21, (5k-65534) 5, (65k) 0 
collected one batch of samples. pages to migrate = 533 
no slow pages to promote
pages migrated: 171, lfu # items: 14119, lfu sample size: 19600000, samples: 19600000, node 0 mem 719232
CBF freq dist: (1) 129, (1-100) 2420, (100-1000) 11192, (1k-2k) 20, (2k-3k) 6, (3k-5k) 3, (5k-65534) 451, (65k) 27 
CBF freq dist: (1) -2, (1-100) 2807, (100-1000) 93, (1k-2k) 358, (2k-3k) 7, (3k-5k) 22, (5k-65534) 6, (65k) 0 
collected one batch of samples. pages to migrate = 516 
no slow pages to promote
pages migrated: 171, lfu # items: 14120, lfu sample size: 19700000, samples: 19700000, node 0 mem 719232
CBF freq dist: (1) 130, (1-100) 2421, (100-1000) 11192, (1k-2k) 20, (2k-3k) 6, (3k-5k) 3, (5k-65534) 451, (65k) 27 
CBF freq dist: (1) -2, (1-100) 2775, (100-1000) 126, (1k-2k) 344, (2k-3k) 20, (3k-5k) 21, (5k-65534) 8, (65k) 0 
collected one batch of samples. pages to migrate = 521 
no slow pages to promote
pages migrated: 171, lfu # items: 14120, lfu sample size: 19800000, samples: 19800000, node 0 mem 719232
CBF freq dist: (1) 130, (1-100) 2421, (100-1000) 11192, (1k-2k) 20, (2k-3k) 6, (3k-5k) 3, (5k-65534) 451, (65k) 27 
CBF freq dist: (1) -2, (1-100) 2720, (100-1000) 181, (1k-2k) 182, (2k-3k) 182, (3k-5k) 14, (5k-65534) 15, (65k) 0 
[DEBUG] Halving CBF counters.
collected one batch of samples. pages to migrate = 520 
no slow pages to promote
pages migrated: 171, lfu # items: 14120, lfu sample size: 19900000, samples: 19900000, node 0 mem 719232
CBF freq dist: (1) 130, (1-100) 2421, (100-1000) 11192, (1k-2k) 20, (2k-3k) 6, (3k-5k) 3, (5k-65534) 451, (65k) 27 
CBF freq dist: (1) 78, (1-100) 2828, (100-1000) 76, (1k-2k) 362, (2k-3k) 15, (3k-5k) 14, (5k-65534) 1, (65k) 0 
[DEBUG] Number of hot pages promoted in 50 batches = 0 
[INFO] Reached promotion plateau. cur hot page size 1069547520, fast mem 80% 3435973836
[INFO] Decrease hot thresh to 800.
collected one batch of samples. pages to migrate = 539 
start promoting 3 pages
pages migrated: 174, lfu # items: 14120, lfu sample size: 20000000, samples: 20000000, node 0 mem 711640
CBF freq dist: (1) 130, (1-100) 2421, (100-1000) 11192, (1k-2k) 20, (2k-3k) 6, (3k-5k) 3, (5k-65534) 451, (65k) 27 
CBF freq dist: (1) 78, (1-100) 2824, (100-1000) 74, (1k-2k) 368, (2k-3k) 6, (3k-5k) 21, (5k-65534) 3, (65k) 0 
collected one batch of samples. pages to migrate = 536 
start promoting 2 pages
pages migrated: 176, lfu # items: 14120, lfu sample size: 20100000, samples: 20100000, node 0 mem 708136
CBF freq dist: (1) 130, (1-100) 2421, (100-1000) 11192, (1k-2k) 20, (2k-3k) 6, (3k-5k) 3, (5k-65534) 451, (65k) 27 
CBF freq dist: (1) 78, (1-100) 2819, (100-1000) 77, (1k-2k) 367, (2k-3k) 6, (3k-5k) 21, (5k-65534) 6, (65k) 0 
collected one batch of samples. pages to migrate = 531 
no slow pages to promote
pages migrated: 176, lfu # items: 14120, lfu sample size: 20200000, samples: 20200000, node 0 mem 709012
CBF freq dist: (1) 130, (1-100) 2418, (100-1000) 11195, (1k-2k) 20, (2k-3k) 6, (3k-5k) 3, (5k-65534) 451, (65k) 27 
CBF freq dist: (1) 81, (1-100) 2791, (100-1000) 110, (1k-2k) 361, (2k-3k) 10, (3k-5k) 23, (5k-65534) 6, (65k) 0 
collected one batch of samples. pages to migrate = 543 
start promoting 1 pages
pages migrated: 177, lfu # items: 14120, lfu sample size: 20300000, samples: 20300000, node 0 mem 706840
CBF freq dist: (1) 130, (1-100) 2418, (100-1000) 11195, (1k-2k) 20, (2k-3k) 6, (3k-5k) 3, (5k-65534) 451, (65k) 27 
CBF freq dist: (1) 81, (1-100) 2752, (100-1000) 149, (1k-2k) 324, (2k-3k) 47, (3k-5k) 21, (5k-65534) 8, (65k) 0 
[DEBUG] Halving CBF counters.
collected one batch of samples. pages to migrate = 530 
no slow pages to promote
pages migrated: 177, lfu # items: 14120, lfu sample size: 20400000, samples: 20400000, node 0 mem 706940
CBF freq dist: (1) 130, (1-100) 2417, (100-1000) 11196, (1k-2k) 20, (2k-3k) 6, (3k-5k) 3, (5k-65534) 451, (65k) 27 
CBF freq dist: (1) -69, (1-100) 2751, (100-1000) 96, (1k-2k) 346, (2k-3k) 19, (3k-5k) 7, (5k-65534) 1, (65k) 0 
collected one batch of samples. pages to migrate = 526 
no slow pages to promote
pages migrated: 177, lfu # items: 14124, lfu sample size: 20500000, samples: 20500000, node 0 mem 706940
CBF freq dist: (1) 131, (1-100) 2421, (100-1000) 11196, (1k-2k) 20, (2k-3k) 6, (3k-5k) 3, (5k-65534) 450, (65k) 28 
CBF freq dist: (1) -69, (1-100) 2747, (100-1000) 80, (1k-2k) 365, (2k-3k) 8, (3k-5k) 18, (5k-65534) 2, (65k) 0 
collected one batch of samples. pages to migrate = 529 
no slow pages to promote
pages migrated: 177, lfu # items: 14124, lfu sample size: 20600000, samples: 20600000, node 0 mem 706940
CBF freq dist: (1) 131, (1-100) 2421, (100-1000) 11196, (1k-2k) 20, (2k-3k) 6, (3k-5k) 3, (5k-65534) 450, (65k) 28 
CBF freq dist: (1) -69, (1-100) 2739, (100-1000) 85, (1k-2k) 367, (2k-3k) 3, (3k-5k) 23, (5k-65534) 3, (65k) 0 
collected one batch of samples. pages to migrate = 527 
no slow pages to promote
pages migrated: 177, lfu # items: 14124, lfu sample size: 20700000, samples: 20700000, node 0 mem 706940
CBF freq dist: (1) 131, (1-100) 2420, (100-1000) 11197, (1k-2k) 20, (2k-3k) 6, (3k-5k) 3, (5k-65534) 450, (65k) 28 
CBF freq dist: (1) -69, (1-100) 2722, (100-1000) 100, (1k-2k) 365, (2k-3k) 5, (3k-5k) 23, (5k-65534) 5, (65k) 0 
collected one batch of samples. pages to migrate = 538 
no slow pages to promote
pages migrated: 177, lfu # items: 14124, lfu sample size: 20800000, samples: 20800000, node 0 mem 706936
CBF freq dist: (1) 131, (1-100) 2420, (100-1000) 11197, (1k-2k) 20, (2k-3k) 6, (3k-5k) 3, (5k-65534) 450, (65k) 28 
CBF freq dist: (1) -69, (1-100) 2690, (100-1000) 132, (1k-2k) 351, (2k-3k) 18, (3k-5k) 23, (5k-65534) 6, (65k) 0 
collected one batch of samples. pages to migrate = 535 
no slow pages to promote
pages migrated: 177, lfu # items: 14124, lfu sample size: 20900000, samples: 20900000, node 0 mem 706936
CBF freq dist: (1) 131, (1-100) 2420, (100-1000) 11196, (1k-2k) 21, (2k-3k) 6, (3k-5k) 3, (5k-65534) 449, (65k) 29 
CBF freq dist: (1) -69, (1-100) 2639, (100-1000) 183, (1k-2k) 198, (2k-3k) 171, (3k-5k) 13, (5k-65534) 16, (65k) 0 
[DEBUG] Halving CBF counters.
collected one batch of samples. pages to migrate = 544 
no slow pages to promote
pages migrated: 177, lfu # items: 14124, lfu sample size: 21000000, samples: 21000000, node 0 mem 706936
CBF freq dist: (1) 131, (1-100) 2420, (100-1000) 11196, (1k-2k) 21, (2k-3k) 6, (3k-5k) 3, (5k-65534) 449, (65k) 29 
CBF freq dist: (1) 38, (1-100) 2817, (100-1000) 81, (1k-2k) 362, (2k-3k) 13, (3k-5k) 15, (5k-65534) 1, (65k) 0 
collected one batch of samples. pages to migrate = 525 
no slow pages to promote
pages migrated: 177, lfu # items: 14124, lfu sample size: 21100000, samples: 21100000, node 0 mem 706936
CBF freq dist: (1) 131, (1-100) 2420, (100-1000) 11196, (1k-2k) 21, (2k-3k) 6, (3k-5k) 3, (5k-65534) 449, (65k) 29 
CBF freq dist: (1) 38, (1-100) 2812, (100-1000) 81, (1k-2k) 367, (2k-3k) 6, (3k-5k) 20, (5k-65534) 3, (65k) 0 
collected one batch of samples. pages to migrate = 539 
no slow pages to promote
pages migrated: 177, lfu # items: 14124, lfu sample size: 21200000, samples: 21200000, node 0 mem 706936
CBF freq dist: (1) 131, (1-100) 2420, (100-1000) 11196, (1k-2k) 21, (2k-3k) 5, (3k-5k) 4, (5k-65534) 449, (65k) 29 
CBF freq dist: (1) 38, (1-100) 2807, (100-1000) 83, (1k-2k) 367, (2k-3k) 5, (3k-5k) 21, (5k-65534) 6, (65k) 0 
collected one batch of samples. pages to migrate = 544 
no slow pages to promote
pages migrated: 177, lfu # items: 14129, lfu sample size: 21300000, samples: 21300000, node 0 mem 706936
CBF freq dist: (1) 134, (1-100) 2422, (100-1000) 11198, (1k-2k) 22, (2k-3k) 5, (3k-5k) 4, (5k-65534) 449, (65k) 29 
CBF freq dist: (1) 40, (1-100) 2784, (100-1000) 112, (1k-2k) 361, (2k-3k) 9, (3k-5k) 23, (5k-65534) 6, (65k) 0 
collected one batch of samples. pages to migrate = 539 
no slow pages to promote
pages migrated: 177, lfu # items: 14133, lfu sample size: 21400000, samples: 21400000, node 0 mem 706936
CBF freq dist: (1) 134, (1-100) 2423, (100-1000) 11201, (1k-2k) 22, (2k-3k) 5, (3k-5k) 4, (5k-65534) 449, (65k) 29 
CBF freq dist: (1) 39, (1-100) 2732, (100-1000) 164, (1k-2k) 334, (2k-3k) 36, (3k-5k) 18, (5k-65534) 11, (65k) 0 
[DEBUG] Halving CBF counters.
collected one batch of samples. pages to migrate = 535 
no slow pages to promote
pages migrated: 177, lfu # items: 14133, lfu sample size: 21500000, samples: 21500000, node 0 mem 706936
CBF freq dist: (1) 134, (1-100) 2423, (100-1000) 11201, (1k-2k) 22, (2k-3k) 5, (3k-5k) 4, (5k-65534) 449, (65k) 29 
CBF freq dist: (1) -43, (1-100) 2794, (100-1000) 105, (1k-2k) 329, (2k-3k) 21, (3k-5k) 6, (5k-65534) 1, (65k) 0 
collected one batch of samples. pages to migrate = 534 
no slow pages to promote
pages migrated: 177, lfu # items: 14133, lfu sample size: 21600000, samples: 21600000, node 0 mem 706936
CBF freq dist: (1) 134, (1-100) 2422, (100-1000) 11202, (1k-2k) 22, (2k-3k) 5, (3k-5k) 4, (5k-65534) 449, (65k) 29 
CBF freq dist: (1) -43, (1-100) 2787, (100-1000) 81, (1k-2k) 359, (2k-3k) 8, (3k-5k) 19, (5k-65534) 2, (65k) 0 
collected one batch of samples. pages to migrate = 536 
no slow pages to promote
pages migrated: 177, lfu # items: 14133, lfu sample size: 21700000, samples: 21700000, node 0 mem 706936
CBF freq dist: (1) 134, (1-100) 2422, (100-1000) 11202, (1k-2k) 22, (2k-3k) 5, (3k-5k) 4, (5k-65534) 449, (65k) 29 
CBF freq dist: (1) -43, (1-100) 2778, (100-1000) 85, (1k-2k) 364, (2k-3k) 6, (3k-5k) 19, (5k-65534) 4, (65k) 0 
collected one batch of samples. pages to migrate = 537 
no slow pages to promote
pages migrated: 177, lfu # items: 14133, lfu sample size: 21800000, samples: 21800000, node 0 mem 706932
CBF freq dist: (1) 134, (1-100) 2422, (100-1000) 11202, (1k-2k) 22, (2k-3k) 5, (3k-5k) 4, (5k-65534) 449, (65k) 29 
CBF freq dist: (1) -43, (1-100) 2760, (100-1000) 103, (1k-2k) 359, (2k-3k) 7, (3k-5k) 21, (5k-65534) 6, (65k) 0 
collected one batch of samples. pages to migrate = 534 
no slow pages to promote
pages migrated: 177, lfu # items: 14133, lfu sample size: 21900000, samples: 21900000, node 0 mem 706932
CBF freq dist: (1) 134, (1-100) 2421, (100-1000) 11203, (1k-2k) 22, (2k-3k) 5, (3k-5k) 4, (5k-65534) 449, (65k) 29 
CBF freq dist: (1) -43, (1-100) 2730, (100-1000) 133, (1k-2k) 347, (2k-3k) 18, (3k-5k) 22, (5k-65534) 6, (65k) 0 
collected one batch of samples. pages to migrate = 534 
no slow pages to promote
pages migrated: 177, lfu # items: 14133, lfu sample size: 22000000, samples: 22000000, node 0 mem 706932
CBF freq dist: (1) 134, (1-100) 2420, (100-1000) 11204, (1k-2k) 22, (2k-3k) 5, (3k-5k) 4, (5k-65534) 449, (65k) 29 
CBF freq dist: (1) -43, (1-100) 2676, (100-1000) 187, (1k-2k) 201, (2k-3k) 164, (3k-5k) 13, (5k-65534) 15, (65k) 0 
[DEBUG] Halving CBF counters.
collected one batch of samples. pages to migrate = 527 
no slow pages to promote
pages migrated: 177, lfu # items: 14133, lfu sample size: 22100000, samples: 22100000, node 0 mem 706932
CBF freq dist: (1) 134, (1-100) 2420, (100-1000) 11204, (1k-2k) 22, (2k-3k) 5, (3k-5k) 4, (5k-65534) 449, (65k) 29 
CBF freq dist: (1) 53, (1-100) 2835, (100-1000) 76, (1k-2k) 358, (2k-3k) 17, (3k-5k) 11, (5k-65534) 2, (65k) 0 
collected one batch of samples. pages to migrate = 525 
no slow pages to promote
pages migrated: 177, lfu # items: 14133, lfu sample size: 22200000, samples: 22200000, node 0 mem 706932
CBF freq dist: (1) 134, (1-100) 2420, (100-1000) 11204, (1k-2k) 22, (2k-3k) 5, (3k-5k) 4, (5k-65534) 449, (65k) 29 
CBF freq dist: (1) 53, (1-100) 2830, (100-1000) 75, (1k-2k) 364, (2k-3k) 6, (3k-5k) 21, (5k-65534) 3, (65k) 0 
collected one batch of samples. pages to migrate = 533 
no slow pages to promote
pages migrated: 177, lfu # items: 14133, lfu sample size: 22300000, samples: 22300000, node 0 mem 706932
CBF freq dist: (1) 134, (1-100) 2420, (100-1000) 11204, (1k-2k) 22, (2k-3k) 5, (3k-5k) 4, (5k-65534) 449, (65k) 29 
CBF freq dist: (1) 53, (1-100) 2819, (100-1000) 84, (1k-2k) 363, (2k-3k) 6, (3k-5k) 21, (5k-65534) 6, (65k) 0 
collected one batch of samples. pages to migrate = 549 
no slow pages to promote
pages migrated: 177, lfu # items: 14133, lfu sample size: 22400000, samples: 22400000, node 0 mem 706932
CBF freq dist: (1) 134, (1-100) 2420, (100-1000) 11204, (1k-2k) 22, (2k-3k) 5, (3k-5k) 4, (5k-65534) 449, (65k) 29 
CBF freq dist: (1) 53, (1-100) 2796, (100-1000) 107, (1k-2k) 357, (2k-3k) 9, (3k-5k) 24, (5k-65534) 6, (65k) 0 
collected one batch of samples. pages to migrate = 537 
no slow pages to promote
pages migrated: 177, lfu # items: 14133, lfu sample size: 22500000, samples: 22500000, node 0 mem 706932
CBF freq dist: (1) 134, (1-100) 2419, (100-1000) 11205, (1k-2k) 22, (2k-3k) 5, (3k-5k) 4, (5k-65534) 449, (65k) 29 
CBF freq dist: (1) 53, (1-100) 2754, (100-1000) 149, (1k-2k) 331, (2k-3k) 35, (3k-5k) 20, (5k-65534) 10, (65k) 0 
[DEBUG] Halving CBF counters.
collected one batch of samples. pages to migrate = 510 
no slow pages to promote
pages migrated: 177, lfu # items: 14133, lfu sample size: 22600000, samples: 22600000, node 0 mem 706932
CBF freq dist: (1) 134, (1-100) 2419, (100-1000) 11205, (1k-2k) 22, (2k-3k) 5, (3k-5k) 4, (5k-65534) 449, (65k) 29 
CBF freq dist: (1) -31, (1-100) 2785, (100-1000) 95, (1k-2k) 339, (2k-3k) 19, (3k-5k) 7, (5k-65534) 1, (65k) 0 
collected one batch of samples. pages to migrate = 509 
no slow pages to promote
pages migrated: 177, lfu # items: 14133, lfu sample size: 22700000, samples: 22700000, node 0 mem 707148
CBF freq dist: (1) 134, (1-100) 2419, (100-1000) 11205, (1k-2k) 22, (2k-3k) 5, (3k-5k) 4, (5k-65534) 449, (65k) 29 
CBF freq dist: (1) -31, (1-100) 2783, (100-1000) 73, (1k-2k) 361, (2k-3k) 10, (3k-5k) 16, (5k-65534) 3, (65k) 0 
collected one batch of samples. pages to migrate = 511 
no slow pages to promote
pages migrated: 177, lfu # items: 14133, lfu sample size: 22800000, samples: 22800000, node 0 mem 707148
CBF freq dist: (1) 134, (1-100) 2419, (100-1000) 11205, (1k-2k) 22, (2k-3k) 5, (3k-5k) 4, (5k-65534) 449, (65k) 29 
CBF freq dist: (1) -31, (1-100) 2777, (100-1000) 75, (1k-2k) 364, (2k-3k) 5, (3k-5k) 20, (5k-65534) 5, (65k) 0 
collected one batch of samples. pages to migrate = 511 
start promoting 1 pages
pages migrated: 178, lfu # items: 14133, lfu sample size: 22900000, samples: 22900000, node 0 mem 704956
CBF freq dist: (1) 134, (1-100) 2419, (100-1000) 11205, (1k-2k) 22, (2k-3k) 5, (3k-5k) 4, (5k-65534) 449, (65k) 29 
CBF freq dist: (1) -31, (1-100) 2771, (100-1000) 80, (1k-2k) 361, (2k-3k) 7, (3k-5k) 21, (5k-65534) 6, (65k) 0 
collected one batch of samples. pages to migrate = 507 
no slow pages to promote
pages migrated: 178, lfu # items: 14133, lfu sample size: 23000000, samples: 23000000, node 0 mem 704956
CBF freq dist: (1) 134, (1-100) 2419, (100-1000) 11205, (1k-2k) 22, (2k-3k) 5, (3k-5k) 4, (5k-65534) 449, (65k) 29 
CBF freq dist: (1) -31, (1-100) 2737, (100-1000) 114, (1k-2k) 349, (2k-3k) 17, (3k-5k) 22, (5k-65534) 7, (65k) 0 
collected one batch of samples. pages to migrate = 511 
no slow pages to promote
pages migrated: 178, lfu # items: 14133, lfu sample size: 23100000, samples: 23100000, node 0 mem 704880
CBF freq dist: (1) 134, (1-100) 2419, (100-1000) 11205, (1k-2k) 22, (2k-3k) 5, (3k-5k) 4, (5k-65534) 449, (65k) 29 
CBF freq dist: (1) -31, (1-100) 2678, (100-1000) 173, (1k-2k) 181, (2k-3k) 185, (3k-5k) 12, (5k-65534) 17, (65k) 0 
[DEBUG] Halving CBF counters.
collected one batch of samples. pages to migrate = 506 
start promoting 2 pages
pages migrated: 180, lfu # items: 14133, lfu sample size: 23200000, samples: 23200000, node 0 mem 699712
CBF freq dist: (1) 134, (1-100) 2419, (100-1000) 11205, (1k-2k) 22, (2k-3k) 5, (3k-5k) 4, (5k-65534) 449, (65k) 29 
CBF freq dist: (1) 54, (1-100) 2812, (100-1000) 73, (1k-2k) 363, (2k-3k) 15, (3k-5k) 12, (5k-65534) 2, (65k) 0 
collected one batch of samples. pages to migrate = 506 
no slow pages to promote
pages migrated: 180, lfu # items: 14133, lfu sample size: 23300000, samples: 23300000, node 0 mem 700784
CBF freq dist: (1) 134, (1-100) 2419, (100-1000) 11205, (1k-2k) 22, (2k-3k) 5, (3k-5k) 4, (5k-65534) 449, (65k) 29 
CBF freq dist: (1) 54, (1-100) 2809, (100-1000) 71, (1k-2k) 368, (2k-3k) 6, (3k-5k) 20, (5k-65534) 3, (65k) 0 
collected one batch of samples. pages to migrate = 518 
no slow pages to promote
pages migrated: 180, lfu # items: 14133, lfu sample size: 23400000, samples: 23400000, node 0 mem 700784
CBF freq dist: (1) 134, (1-100) 2419, (100-1000) 11205, (1k-2k) 22, (2k-3k) 5, (3k-5k) 4, (5k-65534) 449, (65k) 29 
CBF freq dist: (1) 54, (1-100) 2804, (100-1000) 73, (1k-2k) 369, (2k-3k) 4, (3k-5k) 21, (5k-65534) 6, (65k) 0 
collected one batch of samples. pages to migrate = 508 
start promoting 2 pages
pages migrated: 182, lfu # items: 14133, lfu sample size: 23500000, samples: 23500000, node 0 mem 696840
CBF freq dist: (1) 134, (1-100) 2419, (100-1000) 11205, (1k-2k) 22, (2k-3k) 5, (3k-5k) 4, (5k-65534) 449, (65k) 29 
CBF freq dist: (1) 54, (1-100) 2791, (100-1000) 86, (1k-2k) 361, (2k-3k) 10, (3k-5k) 23, (5k-65534) 6, (65k) 0 
collected one batch of samples. pages to migrate = 505 
start promoting 1 pages
pages migrated: 183, lfu # items: 14133, lfu sample size: 23600000, samples: 23600000, node 0 mem 694352
CBF freq dist: (1) 134, (1-100) 2419, (100-1000) 11205, (1k-2k) 22, (2k-3k) 5, (3k-5k) 4, (5k-65534) 449, (65k) 29 
CBF freq dist: (1) 54, (1-100) 2748, (100-1000) 129, (1k-2k) 317, (2k-3k) 54, (3k-5k) 19, (5k-65534) 10, (65k) 0 
[DEBUG] Halving CBF counters.
collected one batch of samples. pages to migrate = 504 
no slow pages to promote
pages migrated: 183, lfu # items: 14133, lfu sample size: 23700000, samples: 23700000, node 0 mem 694636
CBF freq dist: (1) 134, (1-100) 2419, (100-1000) 11205, (1k-2k) 22, (2k-3k) 5, (3k-5k) 4, (5k-65534) 449, (65k) 29 
CBF freq dist: (1) -20, (1-100) 2760, (100-1000) 88, (1k-2k) 346, (2k-3k) 20, (3k-5k) 8, (5k-65534) 1, (65k) 0 
collected one batch of samples. pages to migrate = 501 
start promoting 1 pages
pages migrated: 184, lfu # items: 14133, lfu sample size: 23800000, samples: 23800000, node 0 mem 691004
CBF freq dist: (1) 134, (1-100) 2419, (100-1000) 11205, (1k-2k) 22, (2k-3k) 5, (3k-5k) 4, (5k-65534) 449, (65k) 29 
CBF freq dist: (1) -20, (1-100) 2756, (100-1000) 72, (1k-2k) 366, (2k-3k) 7, (3k-5k) 20, (5k-65534) 2, (65k) 0 
collected one batch of samples. pages to migrate = 513 
start promoting 2 pages
pages migrated: 186, lfu # items: 14133, lfu sample size: 23900000, samples: 23900000, node 0 mem 688096
CBF freq dist: (1) 134, (1-100) 2419, (100-1000) 11205, (1k-2k) 22, (2k-3k) 5, (3k-5k) 4, (5k-65534) 449, (65k) 29 
CBF freq dist: (1) -20, (1-100) 2754, (100-1000) 71, (1k-2k) 369, (2k-3k) 4, (3k-5k) 19, (5k-65534) 6, (65k) 0 
collected one batch of samples. pages to migrate = 513 
start promoting 4 pages
pages migrated: 190, lfu # items: 14133, lfu sample size: 24000000, samples: 24000000, node 0 mem 680400
CBF freq dist: (1) 134, (1-100) 2419, (100-1000) 11205, (1k-2k) 22, (2k-3k) 5, (3k-5k) 4, (5k-65534) 449, (65k) 29 
CBF freq dist: (1) -20, (1-100) 2745, (100-1000) 79, (1k-2k) 365, (2k-3k) 5, (3k-5k) 23, (5k-65534) 6, (65k) 0 
collected one batch of samples. pages to migrate = 519 
start promoting 2 pages
pages migrated: 192, lfu # items: 14133, lfu sample size: 24100000, samples: 24100000, node 0 mem 676308
CBF freq dist: (1) 134, (1-100) 2419, (100-1000) 11205, (1k-2k) 22, (2k-3k) 5, (3k-5k) 4, (5k-65534) 449, (65k) 29 
CBF freq dist: (1) -20, (1-100) 2721, (100-1000) 103, (1k-2k) 348, (2k-3k) 22, (3k-5k) 22, (5k-65534) 7, (65k) 0 
collected one batch of samples. pages to migrate = 525 
start promoting 6 pages
pages migrated: 198, lfu # items: 14133, lfu sample size: 24200000, samples: 24200000, node 0 mem 663772
CBF freq dist: (1) 134, (1-100) 2419, (100-1000) 11205, (1k-2k) 22, (2k-3k) 5, (3k-5k) 4, (5k-65534) 449, (65k) 29 
CBF freq dist: (1) -20, (1-100) 2681, (100-1000) 143, (1k-2k) 186, (2k-3k) 184, (3k-5k) 15, (5k-65534) 14, (65k) 0 
[DEBUG] Halving CBF counters.
collected one batch of samples. pages to migrate = 515 
start promoting 2 pages
pages migrated: 200, lfu # items: 14133, lfu sample size: 24300000, samples: 24300000, node 0 mem 659988
CBF freq dist: (1) 134, (1-100) 2419, (100-1000) 11205, (1k-2k) 22, (2k-3k) 5, (3k-5k) 4, (5k-65534) 449, (65k) 29 
CBF freq dist: (1) 9, (1-100) 2787, (100-1000) 68, (1k-2k) 358, (2k-3k) 17, (3k-5k) 12, (5k-65534) 1, (65k) 0 
collected one batch of samples. pages to migrate = 522 
start promoting 3 pages
pages migrated: 203, lfu # items: 14133, lfu sample size: 24400000, samples: 24400000, node 0 mem 653680
CBF freq dist: (1) 134, (1-100) 2419, (100-1000) 11205, (1k-2k) 22, (2k-3k) 5, (3k-5k) 4, (5k-65534) 449, (65k) 29 
CBF freq dist: (1) 9, (1-100) 2781, (100-1000) 68, (1k-2k) 364, (2k-3k) 6, (3k-5k) 21, (5k-65534) 3, (65k) 0 
collected one batch of samples. pages to migrate = 527 
start promoting 1 pages
pages migrated: 204, lfu # items: 14133, lfu sample size: 24500000, samples: 24500000, node 0 mem 651824
CBF freq dist: (1) 134, (1-100) 2419, (100-1000) 11205, (1k-2k) 22, (2k-3k) 5, (3k-5k) 4, (5k-65534) 449, (65k) 29 
CBF freq dist: (1) 9, (1-100) 2776, (100-1000) 71, (1k-2k) 363, (2k-3k) 6, (3k-5k) 21, (5k-65534) 6, (65k) 0 
collected one batch of samples. pages to migrate = 514 
start promoting 3 pages
pages migrated: 207, lfu # items: 14133, lfu sample size: 24600000, samples: 24600000, node 0 mem 645708
CBF freq dist: (1) 134, (1-100) 2419, (100-1000) 11205, (1k-2k) 22, (2k-3k) 5, (3k-5k) 4, (5k-65534) 449, (65k) 29 
CBF freq dist: (1) 9, (1-100) 2755, (100-1000) 92, (1k-2k) 355, (2k-3k) 12, (3k-5k) 23, (5k-65534) 6, (65k) 0 
collected one batch of samples. pages to migrate = 520 
start promoting 2 pages
pages migrated: 209, lfu # items: 14133, lfu sample size: 24700000, samples: 24700000, node 0 mem 641152
CBF freq dist: (1) 134, (1-100) 2419, (100-1000) 11205, (1k-2k) 22, (2k-3k) 5, (3k-5k) 4, (5k-65534) 449, (65k) 29 
CBF freq dist: (1) 9, (1-100) 2721, (100-1000) 126, (1k-2k) 304, (2k-3k) 63, (3k-5k) 18, (5k-65534) 11, (65k) 0 
[DEBUG] Halving CBF counters.
collected one batch of samples. pages to migrate = 524 
start promoting 6 pages
pages migrated: 215, lfu # items: 14133, lfu sample size: 24800000, samples: 24800000, node 0 mem 628984
CBF freq dist: (1) 134, (1-100) 2419, (100-1000) 11205, (1k-2k) 22, (2k-3k) 5, (3k-5k) 4, (5k-65534) 449, (65k) 29 
CBF freq dist: (1) -17, (1-100) 2766, (100-1000) 96, (1k-2k) 343, (2k-3k) 21, (3k-5k) 8, (5k-65534) 0, (65k) 0 
collected one batch of samples. pages to migrate = 522 
start promoting 3 pages
pages migrated: 218, lfu # items: 14133, lfu sample size: 24900000, samples: 24900000, node 0 mem 622724
CBF freq dist: (1) 134, (1-100) 2419, (100-1000) 11205, (1k-2k) 22, (2k-3k) 5, (3k-5k) 4, (5k-65534) 449, (65k) 29 
CBF freq dist: (1) -17, (1-100) 2766, (100-1000) 76, (1k-2k) 362, (2k-3k) 9, (3k-5k) 19, (5k-65534) 2, (65k) 0 
[DEBUG] Number of hot pages promoted in 50 batches = 47 
[INFO] Reached promotion plateau. cur hot page size 1124073472, fast mem 80% 3435973836
[INFO] Decrease hot thresh to 700.
collected one batch of samples. pages to migrate = 545 
start promoting 24 pages
pages migrated: 242, lfu # items: 14133, lfu sample size: 25000000, samples: 25000000, node 0 mem 573904
CBF freq dist: (1) 134, (1-100) 2418, (100-1000) 11206, (1k-2k) 22, (2k-3k) 5, (3k-5k) 4, (5k-65534) 449, (65k) 29 
CBF freq dist: (1) -17, (1-100) 2760, (100-1000) 77, (1k-2k) 367, (2k-3k) 2, (3k-5k) 23, (5k-65534) 5, (65k) 0 
collected one batch of samples. pages to migrate = 536 
start promoting 4 pages
pages migrated: 246, lfu # items: 14133, lfu sample size: 25100000, samples: 25100000, node 0 mem 565636
CBF freq dist: (1) 134, (1-100) 2418, (100-1000) 11206, (1k-2k) 22, (2k-3k) 5, (3k-5k) 4, (5k-65534) 449, (65k) 29 
CBF freq dist: (1) -18, (1-100) 2753, (100-1000) 83, (1k-2k) 364, (2k-3k) 5, (3k-5k) 23, (5k-65534) 6, (65k) 0 
collected one batch of samples. pages to migrate = 526 
start promoting 1 pages
pages migrated: 247, lfu # items: 14133, lfu sample size: 25200000, samples: 25200000, node 0 mem 563656
CBF freq dist: (1) 134, (1-100) 2418, (100-1000) 11206, (1k-2k) 22, (2k-3k) 5, (3k-5k) 4, (5k-65534) 449, (65k) 29 
CBF freq dist: (1) -18, (1-100) 2724, (100-1000) 112, (1k-2k) 350, (2k-3k) 18, (3k-5k) 23, (5k-65534) 7, (65k) 0 
collected one batch of samples. pages to migrate = 522 
no slow pages to promote
pages migrated: 247, lfu # items: 14133, lfu sample size: 25300000, samples: 25300000, node 0 mem 563656
CBF freq dist: (1) 134, (1-100) 2418, (100-1000) 11206, (1k-2k) 22, (2k-3k) 5, (3k-5k) 4, (5k-65534) 449, (65k) 29 
CBF freq dist: (1) -18, (1-100) 2675, (100-1000) 161, (1k-2k) 202, (2k-3k) 166, (3k-5k) 13, (5k-65534) 17, (65k) 0 
[DEBUG] Halving CBF counters.
collected one batch of samples. pages to migrate = 527 
no slow pages to promote
pages migrated: 247, lfu # items: 14133, lfu sample size: 25400000, samples: 25400000, node 0 mem 563656
CBF freq dist: (1) 134, (1-100) 2418, (100-1000) 11206, (1k-2k) 22, (2k-3k) 5, (3k-5k) 4, (5k-65534) 449, (65k) 29 
CBF freq dist: (1) 19, (1-100) 2777, (100-1000) 90, (1k-2k) 356, (2k-3k) 12, (3k-5k) 16, (5k-65534) 1, (65k) 0 
collected one batch of samples. pages to migrate = 526 
start promoting 1 pages
pages migrated: 248, lfu # items: 14133, lfu sample size: 25500000, samples: 25500000, node 0 mem 561704
CBF freq dist: (1) 134, (1-100) 2418, (100-1000) 11206, (1k-2k) 22, (2k-3k) 5, (3k-5k) 4, (5k-65534) 449, (65k) 29 
CBF freq dist: (1) 19, (1-100) 2774, (100-1000) 88, (1k-2k) 361, (2k-3k) 5, (3k-5k) 21, (5k-65534) 3, (65k) 0 
collected one batch of samples. pages to migrate = 521 
no slow pages to promote
pages migrated: 248, lfu # items: 14133, lfu sample size: 25600000, samples: 25600000, node 0 mem 561460
CBF freq dist: (1) 134, (1-100) 2418, (100-1000) 11206, (1k-2k) 22, (2k-3k) 5, (3k-5k) 4, (5k-65534) 449, (65k) 29 
CBF freq dist: (1) 19, (1-100) 2767, (100-1000) 93, (1k-2k) 360, (2k-3k) 4, (3k-5k) 22, (5k-65534) 6, (65k) 0 
collected one batch of samples. pages to migrate = 533 
no slow pages to promote
pages migrated: 248, lfu # items: 14133, lfu sample size: 25700000, samples: 25700000, node 0 mem 561460
CBF freq dist: (1) 134, (1-100) 2418, (100-1000) 11206, (1k-2k) 22, (2k-3k) 5, (3k-5k) 4, (5k-65534) 449, (65k) 29 
CBF freq dist: (1) 19, (1-100) 2756, (100-1000) 104, (1k-2k) 352, (2k-3k) 10, (3k-5k) 24, (5k-65534) 6, (65k) 0 
collected one batch of samples. pages to migrate = 527 
no slow pages to promote
pages migrated: 248, lfu # items: 14143, lfu sample size: 25800000, samples: 25800000, node 0 mem 561460
CBF freq dist: (1) 142, (1-100) 2427, (100-1000) 11207, (1k-2k) 22, (2k-3k) 5, (3k-5k) 4, (5k-65534) 449, (65k) 29 
CBF freq dist: (1) 19, (1-100) 2717, (100-1000) 143, (1k-2k) 310, (2k-3k) 52, (3k-5k) 20, (5k-65534) 10, (65k) 0 
[DEBUG] Halving CBF counters.
collected one batch of samples. pages to migrate = 515 
no slow pages to promote
pages migrated: 248, lfu # items: 14152, lfu sample size: 25900000, samples: 25900000, node 0 mem 561508
CBF freq dist: (1) 141, (1-100) 2436, (100-1000) 11207, (1k-2k) 22, (2k-3k) 5, (3k-5k) 4, (5k-65534) 449, (65k) 29 
CBF freq dist: (1) -47, (1-100) 2773, (100-1000) 77, (1k-2k) 357, (2k-3k) 19, (3k-5k) 7, (5k-65534) 1, (65k) 0 
collected one batch of samples. pages to migrate = 534 
no slow pages to promote
pages migrated: 248, lfu # items: 14154, lfu sample size: 26000000, samples: 26000000, node 0 mem 561508
CBF freq dist: (1) 138, (1-100) 2438, (100-1000) 11207, (1k-2k) 22, (2k-3k) 5, (3k-5k) 4, (5k-65534) 449, (65k) 29 
CBF freq dist: (1) -47, (1-100) 2774, (100-1000) 63, (1k-2k) 369, (2k-3k) 7, (3k-5k) 19, (5k-65534) 3, (65k) 0 
collected one batch of samples. pages to migrate = 535 
no slow pages to promote
pages migrated: 248, lfu # items: 14155, lfu sample size: 26100000, samples: 26100000, node 0 mem 561516
CBF freq dist: (1) 137, (1-100) 2439, (100-1000) 11207, (1k-2k) 22, (2k-3k) 5, (3k-5k) 4, (5k-65534) 449, (65k) 29 
CBF freq dist: (1) -47, (1-100) 2769, (100-1000) 65, (1k-2k) 370, (2k-3k) 5, (3k-5k) 20, (5k-65534) 6, (65k) 0 
collected one batch of samples. pages to migrate = 526 
no slow pages to promote
pages migrated: 248, lfu # items: 14155, lfu sample size: 26200000, samples: 26200000, node 0 mem 561516
CBF freq dist: (1) 136, (1-100) 2439, (100-1000) 11207, (1k-2k) 22, (2k-3k) 5, (3k-5k) 4, (5k-65534) 449, (65k) 29 
CBF freq dist: (1) -47, (1-100) 2761, (100-1000) 71, (1k-2k) 370, (2k-3k) 5, (3k-5k) 22, (5k-65534) 6, (65k) 0 
collected one batch of samples. pages to migrate = 531 
no slow pages to promote
pages migrated: 248, lfu # items: 14155, lfu sample size: 26300000, samples: 26300000, node 0 mem 561516
CBF freq dist: (1) 136, (1-100) 2439, (100-1000) 11207, (1k-2k) 22, (2k-3k) 5, (3k-5k) 4, (5k-65534) 449, (65k) 29 
CBF freq dist: (1) -47, (1-100) 2734, (100-1000) 98, (1k-2k) 358, (2k-3k) 15, (3k-5k) 23, (5k-65534) 7, (65k) 0 
collected one batch of samples. pages to migrate = 520 
no slow pages to promote
pages migrated: 248, lfu # items: 14155, lfu sample size: 26400000, samples: 26400000, node 0 mem 561516
CBF freq dist: (1) 136, (1-100) 2439, (100-1000) 11207, (1k-2k) 22, (2k-3k) 5, (3k-5k) 4, (5k-65534) 449, (65k) 29 
CBF freq dist: (1) -47, (1-100) 2680, (100-1000) 152, (1k-2k) 207, (2k-3k) 166, (3k-5k) 13, (5k-65534) 17, (65k) 0 
[DEBUG] Halving CBF counters.
collected one batch of samples. pages to migrate = 526 
start promoting 1 pages
pages migrated: 249, lfu # items: 14155, lfu sample size: 26500000, samples: 26500000, node 0 mem 559564
CBF freq dist: (1) 136, (1-100) 2438, (100-1000) 11208, (1k-2k) 22, (2k-3k) 5, (3k-5k) 4, (5k-65534) 449, (65k) 29 
CBF freq dist: (1) -14, (1-100) 2816, (100-1000) 80, (1k-2k) 356, (2k-3k) 16, (3k-5k) 13, (5k-65534) 1, (65k) 0 
collected one batch of samples. pages to migrate = 542 
no slow pages to promote
pages migrated: 249, lfu # items: 14156, lfu sample size: 26600000, samples: 26600000, node 0 mem 559672
CBF freq dist: (1) 137, (1-100) 2439, (100-1000) 11208, (1k-2k) 22, (2k-3k) 5, (3k-5k) 4, (5k-65534) 449, (65k) 29 
CBF freq dist: (1) -14, (1-100) 2814, (100-1000) 77, (1k-2k) 361, (2k-3k) 6, (3k-5k) 21, (5k-65534) 3, (65k) 0 
collected one batch of samples. pages to migrate = 522 
no slow pages to promote
pages migrated: 249, lfu # items: 14156, lfu sample size: 26700000, samples: 26700000, node 0 mem 559464
CBF freq dist: (1) 137, (1-100) 2439, (100-1000) 11208, (1k-2k) 22, (2k-3k) 5, (3k-5k) 4, (5k-65534) 449, (65k) 29 
CBF freq dist: (1) -14, (1-100) 2810, (100-1000) 78, (1k-2k) 362, (2k-3k) 4, (3k-5k) 22, (5k-65534) 6, (65k) 0 
collected one batch of samples. pages to migrate = 511 
start promoting 1 pages
pages migrated: 250, lfu # items: 14156, lfu sample size: 26800000, samples: 26800000, node 0 mem 557512
CBF freq dist: (1) 137, (1-100) 2439, (100-1000) 11208, (1k-2k) 22, (2k-3k) 5, (3k-5k) 4, (5k-65534) 449, (65k) 29 
CBF freq dist: (1) -14, (1-100) 2792, (100-1000) 96, (1k-2k) 355, (2k-3k) 10, (3k-5k) 23, (5k-65534) 6, (65k) 0 
collected one batch of samples. pages to migrate = 535 
start promoting 2 pages
pages migrated: 252, lfu # items: 14156, lfu sample size: 26900000, samples: 26900000, node 0 mem 553416
CBF freq dist: (1) 137, (1-100) 2439, (100-1000) 11208, (1k-2k) 22, (2k-3k) 5, (3k-5k) 4, (5k-65534) 448, (65k) 30 
CBF freq dist: (1) -14, (1-100) 2762, (100-1000) 126, (1k-2k) 308, (2k-3k) 56, (3k-5k) 22, (5k-65534) 8, (65k) 0 
[DEBUG] Halving CBF counters.
collected one batch of samples. pages to migrate = 524 
start promoting 1 pages
pages migrated: 253, lfu # items: 14156, lfu sample size: 27000000, samples: 27000000, node 0 mem 551080
CBF freq dist: (1) 137, (1-100) 2439, (100-1000) 11208, (1k-2k) 22, (2k-3k) 5, (3k-5k) 4, (5k-65534) 447, (65k) 31 
CBF freq dist: (1) 11, (1-100) 2838, (100-1000) 88, (1k-2k) 341, (2k-3k) 22, (3k-5k) 6, (5k-65534) 1, (65k) 0 
collected one batch of samples. pages to migrate = 516 
no slow pages to promote
pages migrated: 253, lfu # items: 14156, lfu sample size: 27100000, samples: 27100000, node 0 mem 551132
CBF freq dist: (1) 136, (1-100) 2439, (100-1000) 11208, (1k-2k) 22, (2k-3k) 5, (3k-5k) 4, (5k-65534) 447, (65k) 31 
CBF freq dist: (1) 11, (1-100) 2835, (100-1000) 66, (1k-2k) 365, (2k-3k) 8, (3k-5k) 20, (5k-65534) 2, (65k) 0 
collected one batch of samples. pages to migrate = 524 
start promoting 1 pages
pages migrated: 254, lfu # items: 14156, lfu sample size: 27200000, samples: 27200000, node 0 mem 548936
CBF freq dist: (1) 136, (1-100) 2439, (100-1000) 11208, (1k-2k) 22, (2k-3k) 5, (3k-5k) 4, (5k-65534) 447, (65k) 31 
CBF freq dist: (1) 11, (1-100) 2832, (100-1000) 66, (1k-2k) 366, (2k-3k) 6, (3k-5k) 21, (5k-65534) 5, (65k) 0 
collected one batch of samples. pages to migrate = 536 
start promoting 1 pages
pages migrated: 255, lfu # items: 14156, lfu sample size: 27300000, samples: 27300000, node 0 mem 546304
CBF freq dist: (1) 136, (1-100) 2439, (100-1000) 11208, (1k-2k) 22, (2k-3k) 5, (3k-5k) 4, (5k-65534) 447, (65k) 31 
CBF freq dist: (1) 11, (1-100) 2815, (100-1000) 82, (1k-2k) 364, (2k-3k) 7, (3k-5k) 22, (5k-65534) 6, (65k) 0 
collected one batch of samples. pages to migrate = 519 
no slow pages to promote
pages migrated: 255, lfu # items: 14156, lfu sample size: 27400000, samples: 27400000, node 0 mem 547176
CBF freq dist: (1) 136, (1-100) 2439, (100-1000) 11208, (1k-2k) 22, (2k-3k) 5, (3k-5k) 4, (5k-65534) 447, (65k) 31 
CBF freq dist: (1) 11, (1-100) 2795, (100-1000) 102, (1k-2k) 351, (2k-3k) 19, (3k-5k) 22, (5k-65534) 7, (65k) 0 
collected one batch of samples. pages to migrate = 544 
start promoting 2 pages
pages migrated: 257, lfu # items: 14156, lfu sample size: 27500000, samples: 27500000, node 0 mem 543220
CBF freq dist: (1) 136, (1-100) 2439, (100-1000) 11208, (1k-2k) 22, (2k-3k) 5, (3k-5k) 4, (5k-65534) 447, (65k) 31 
CBF freq dist: (1) 10, (1-100) 2751, (100-1000) 146, (1k-2k) 184, (2k-3k) 186, (3k-5k) 12, (5k-65534) 17, (65k) 0 
[DEBUG] Halving CBF counters.
collected one batch of samples. pages to migrate = 530 
no slow pages to promote
pages migrated: 257, lfu # items: 14156, lfu sample size: 27600000, samples: 27600000, node 0 mem 543076
CBF freq dist: (1) 136, (1-100) 2439, (100-1000) 11208, (1k-2k) 22, (2k-3k) 5, (3k-5k) 4, (5k-65534) 447, (65k) 31 
CBF freq dist: (1) 67, (1-100) 2827, (100-1000) 69, (1k-2k) 361, (2k-3k) 15, (3k-5k) 12, (5k-65534) 2, (65k) 0 
collected one batch of samples. pages to migrate = 527 
start promoting 1 pages
pages migrated: 258, lfu # items: 14157, lfu sample size: 27700000, samples: 27700000, node 0 mem 541220
CBF freq dist: (1) 137, (1-100) 2440, (100-1000) 11208, (1k-2k) 22, (2k-3k) 5, (3k-5k) 4, (5k-65534) 447, (65k) 31 
CBF freq dist: (1) 66, (1-100) 2823, (100-1000) 67, (1k-2k) 367, (2k-3k) 5, (3k-5k) 20, (5k-65534) 4, (65k) 0 
collected one batch of samples. pages to migrate = 525 
start promoting 2 pages
pages migrated: 260, lfu # items: 14157, lfu sample size: 27800000, samples: 27800000, node 0 mem 537092
CBF freq dist: (1) 137, (1-100) 2440, (100-1000) 11208, (1k-2k) 22, (2k-3k) 4, (3k-5k) 5, (5k-65534) 447, (65k) 31 
CBF freq dist: (1) 66, (1-100) 2821, (100-1000) 67, (1k-2k) 367, (2k-3k) 4, (3k-5k) 21, (5k-65534) 6, (65k) 0 
collected one batch of samples. pages to migrate = 526 
start promoting 1 pages
pages migrated: 261, lfu # items: 14157, lfu sample size: 27900000, samples: 27900000, node 0 mem 535076
CBF freq dist: (1) 137, (1-100) 2438, (100-1000) 11210, (1k-2k) 22, (2k-3k) 4, (3k-5k) 5, (5k-65534) 446, (65k) 32 
CBF freq dist: (1) 66, (1-100) 2810, (100-1000) 78, (1k-2k) 359, (2k-3k) 10, (3k-5k) 23, (5k-65534) 6, (65k) 0 
collected one batch of samples. pages to migrate = 526 
start promoting 2 pages
pages migrated: 263, lfu # items: 14157, lfu sample size: 28000000, samples: 28000000, node 0 mem 530424
CBF freq dist: (1) 137, (1-100) 2437, (100-1000) 11211, (1k-2k) 22, (2k-3k) 4, (3k-5k) 5, (5k-65534) 446, (65k) 32 
CBF freq dist: (1) 66, (1-100) 2783, (100-1000) 105, (1k-2k) 319, (2k-3k) 50, (3k-5k) 21, (5k-65534) 8, (65k) 0 
[DEBUG] Halving CBF counters.
collected one batch of samples. pages to migrate = 534 
start promoting 1 pages
pages migrated: 264, lfu # items: 14157, lfu sample size: 28100000, samples: 28100000, node 0 mem 528496
CBF freq dist: (1) 137, (1-100) 2436, (100-1000) 11212, (1k-2k) 22, (2k-3k) 4, (3k-5k) 5, (5k-65534) 446, (65k) 32 
CBF freq dist: (1) -38, (1-100) 2759, (100-1000) 87, (1k-2k) 346, (2k-3k) 21, (3k-5k) 6, (5k-65534) 1, (65k) 0 
collected one batch of samples. pages to migrate = 526 
start promoting 1 pages
pages migrated: 265, lfu # items: 14157, lfu sample size: 28200000, samples: 28200000, node 0 mem 526736
CBF freq dist: (1) 137, (1-100) 2435, (100-1000) 11213, (1k-2k) 22, (2k-3k) 4, (3k-5k) 5, (5k-65534) 446, (65k) 32 
CBF freq dist: (1) -38, (1-100) 2758, (100-1000) 72, (1k-2k) 361, (2k-3k) 7, (3k-5k) 20, (5k-65534) 2, (65k) 0 
collected one batch of samples. pages to migrate = 532 
no slow pages to promote
pages migrated: 265, lfu # items: 14157, lfu sample size: 28300000, samples: 28300000, node 0 mem 526736
CBF freq dist: (1) 137, (1-100) 2435, (100-1000) 11213, (1k-2k) 22, (2k-3k) 4, (3k-5k) 5, (5k-65534) 446, (65k) 32 
CBF freq dist: (1) -38, (1-100) 2752, (100-1000) 73, (1k-2k) 364, (2k-3k) 5, (3k-5k) 22, (5k-65534) 4, (65k) 0 
collected one batch of samples. pages to migrate = 526 
start promoting 3 pages
pages migrated: 268, lfu # items: 14157, lfu sample size: 28400000, samples: 28400000, node 0 mem 520344
CBF freq dist: (1) 137, (1-100) 2435, (100-1000) 11213, (1k-2k) 22, (2k-3k) 4, (3k-5k) 5, (5k-65534) 446, (65k) 32 
CBF freq dist: (1) -39, (1-100) 2740, (100-1000) 84, (1k-2k) 363, (2k-3k) 5, (3k-5k) 23, (5k-65534) 5, (65k) 0 
collected one batch of samples. pages to migrate = 534 
start promoting 6 pages
pages migrated: 274, lfu # items: 14157, lfu sample size: 28500000, samples: 28500000, node 0 mem 508416
CBF freq dist: (1) 137, (1-100) 2435, (100-1000) 11213, (1k-2k) 22, (2k-3k) 4, (3k-5k) 5, (5k-65534) 446, (65k) 32 
CBF freq dist: (1) -39, (1-100) 2714, (100-1000) 110, (1k-2k) 349, (2k-3k) 18, (3k-5k) 23, (5k-65534) 6, (65k) 0 
collected one batch of samples. pages to migrate = 542 
start promoting 2 pages
pages migrated: 276, lfu # items: 14157, lfu sample size: 28600000, samples: 28600000, node 0 mem 504184
CBF freq dist: (1) 137, (1-100) 2435, (100-1000) 11213, (1k-2k) 22, (2k-3k) 4, (3k-5k) 5, (5k-65534) 446, (65k) 32 
CBF freq dist: (1) -39, (1-100) 2668, (100-1000) 155, (1k-2k) 190, (2k-3k) 178, (3k-5k) 13, (5k-65534) 16, (65k) 0 
[DEBUG] Halving CBF counters.
collected one batch of samples. pages to migrate = 535 
start promoting 3 pages
pages migrated: 279, lfu # items: 14157, lfu sample size: 28700000, samples: 28700000, node 0 mem 497780
CBF freq dist: (1) 137, (1-100) 2435, (100-1000) 11213, (1k-2k) 22, (2k-3k) 4, (3k-5k) 5, (5k-65534) 446, (65k) 32 
CBF freq dist: (1) 8, (1-100) 2798, (100-1000) 72, (1k-2k) 359, (2k-3k) 14, (3k-5k) 15, (5k-65534) 1, (65k) 0 
collected one batch of samples. pages to migrate = 542 
start promoting 7 pages
pages migrated: 286, lfu # items: 14157, lfu sample size: 28800000, samples: 28800000, node 0 mem 483908
CBF freq dist: (1) 136, (1-100) 2435, (100-1000) 11213, (1k-2k) 22, (2k-3k) 4, (3k-5k) 5, (5k-65534) 446, (65k) 32 
CBF freq dist: (1) 7, (1-100) 2790, (100-1000) 74, (1k-2k) 365, (2k-3k) 7, (3k-5k) 20, (5k-65534) 3, (65k) 0 
collected one batch of samples. pages to migrate = 542 
start promoting 5 pages
pages migrated: 291, lfu # items: 14157, lfu sample size: 28900000, samples: 28900000, node 0 mem 473196
CBF freq dist: (1) 136, (1-100) 2435, (100-1000) 11213, (1k-2k) 22, (2k-3k) 4, (3k-5k) 5, (5k-65534) 446, (65k) 32 
CBF freq dist: (1) 7, (1-100) 2778, (100-1000) 84, (1k-2k) 365, (2k-3k) 5, (3k-5k) 21, (5k-65534) 6, (65k) 0 
collected one batch of samples. pages to migrate = 558 
start promoting 4 pages
pages migrated: 295, lfu # items: 14158, lfu sample size: 29000000, samples: 29000000, node 0 mem 465248
CBF freq dist: (1) 137, (1-100) 2436, (100-1000) 11213, (1k-2k) 22, (2k-3k) 4, (3k-5k) 5, (5k-65534) 446, (65k) 32 
CBF freq dist: (1) 7, (1-100) 2750, (100-1000) 112, (1k-2k) 357, (2k-3k) 11, (3k-5k) 23, (5k-65534) 6, (65k) 0 
collected one batch of samples. pages to migrate = 533 
start promoting 3 pages
pages migrated: 298, lfu # items: 14159, lfu sample size: 29100000, samples: 29100000, node 0 mem 459340
CBF freq dist: (1) 138, (1-100) 2437, (100-1000) 11213, (1k-2k) 22, (2k-3k) 4, (3k-5k) 5, (5k-65534) 446, (65k) 32 
CBF freq dist: (1) 7, (1-100) 2708, (100-1000) 154, (1k-2k) 332, (2k-3k) 36, (3k-5k) 20, (5k-65534) 9, (65k) 0 
[DEBUG] Halving CBF counters.
collected one batch of samples. pages to migrate = 536 
start promoting 2 pages
pages migrated: 300, lfu # items: 14159, lfu sample size: 29200000, samples: 29200000, node 0 mem 454536
CBF freq dist: (1) 137, (1-100) 2435, (100-1000) 11215, (1k-2k) 22, (2k-3k) 4, (3k-5k) 5, (5k-65534) 446, (65k) 32 
CBF freq dist: (1) -26, (1-100) 2789, (100-1000) 95, (1k-2k) 342, (2k-3k) 18, (3k-5k) 7, (5k-65534) 1, (65k) 0 
collected one batch of samples. pages to migrate = 549 
start promoting 2 pages
pages migrated: 302, lfu # items: 14159, lfu sample size: 29300000, samples: 29300000, node 0 mem 450856
CBF freq dist: (1) 135, (1-100) 2433, (100-1000) 11217, (1k-2k) 22, (2k-3k) 4, (3k-5k) 5, (5k-65534) 446, (65k) 32 
CBF freq dist: (1) -26, (1-100) 2784, (100-1000) 76, (1k-2k) 364, (2k-3k) 5, (3k-5k) 21, (5k-65534) 2, (65k) 0 
collected one batch of samples. pages to migrate = 546 
start promoting 8 pages
pages migrated: 310, lfu # items: 14159, lfu sample size: 29400000, samples: 29400000, node 0 mem 434508
CBF freq dist: (1) 135, (1-100) 2433, (100-1000) 11217, (1k-2k) 22, (2k-3k) 4, (3k-5k) 5, (5k-65534) 446, (65k) 32 
CBF freq dist: (1) -26, (1-100) 2777, (100-1000) 78, (1k-2k) 369, (2k-3k) 4, (3k-5k) 19, (5k-65534) 5, (65k) 0 
collected one batch of samples. pages to migrate = 558 
start promoting 5 pages
pages migrated: 315, lfu # items: 14159, lfu sample size: 29500000, samples: 29500000, node 0 mem 424344
CBF freq dist: (1) 135, (1-100) 2433, (100-1000) 11217, (1k-2k) 22, (2k-3k) 4, (3k-5k) 5, (5k-65534) 446, (65k) 32 
CBF freq dist: (1) -26, (1-100) 2757, (100-1000) 96, (1k-2k) 367, (2k-3k) 6, (3k-5k) 20, (5k-65534) 6, (65k) 0 
collected one batch of samples. pages to migrate = 562 
start promoting 6 pages
pages migrated: 321, lfu # items: 14159, lfu sample size: 29600000, samples: 29600000, node 0 mem 412144
CBF freq dist: (1) 135, (1-100) 2433, (100-1000) 11217, (1k-2k) 21, (2k-3k) 5, (3k-5k) 5, (5k-65534) 446, (65k) 32 
CBF freq dist: (1) -26, (1-100) 2722, (100-1000) 131, (1k-2k) 351, (2k-3k) 20, (3k-5k) 21, (5k-65534) 7, (65k) 0 
collected one batch of samples. pages to migrate = 564 
start promoting 9 pages
pages migrated: 330, lfu # items: 14159, lfu sample size: 29700000, samples: 29700000, node 0 mem 392868
CBF freq dist: (1) 135, (1-100) 2433, (100-1000) 11217, (1k-2k) 21, (2k-3k) 5, (3k-5k) 5, (5k-65534) 446, (65k) 32 
CBF freq dist: (1) -26, (1-100) 2645, (100-1000) 208, (1k-2k) 215, (2k-3k) 156, (3k-5k) 13, (5k-65534) 15, (65k) 0 
[DEBUG] Halving CBF counters.
collected one batch of samples. pages to migrate = 565 
start promoting 6 pages
pages migrated: 336, lfu # items: 14159, lfu sample size: 29800000, samples: 29800000, node 0 mem 381156
CBF freq dist: (1) 134, (1-100) 2433, (100-1000) 11217, (1k-2k) 21, (2k-3k) 5, (3k-5k) 5, (5k-65534) 446, (65k) 32 
CBF freq dist: (1) 15, (1-100) 2817, (100-1000) 71, (1k-2k) 360, (2k-3k) 16, (3k-5k) 13, (5k-65534) 1, (65k) 0 
collected one batch of samples. pages to migrate = 556 
start promoting 10 pages
pages migrated: 346, lfu # items: 14159, lfu sample size: 29900000, samples: 29900000, node 0 mem 359768
CBF freq dist: (1) 134, (1-100) 2433, (100-1000) 11217, (1k-2k) 21, (2k-3k) 5, (3k-5k) 5, (5k-65534) 446, (65k) 32 
CBF freq dist: (1) 15, (1-100) 2810, (100-1000) 74, (1k-2k) 364, (2k-3k) 6, (3k-5k) 20, (5k-65534) 4, (65k) 0 
[DEBUG] Number of hot pages promoted in 50 batches = 128 
collected one batch of samples. pages to migrate = 570 
start promoting 7 pages
pages migrated: 353, lfu # items: 14163, lfu sample size: 30000000, samples: 30000000, node 0 mem 345860
CBF freq dist: (1) 133, (1-100) 2436, (100-1000) 11218, (1k-2k) 21, (2k-3k) 5, (3k-5k) 5, (5k-65534) 445, (65k) 33 
CBF freq dist: (1) 15, (1-100) 2805, (100-1000) 76, (1k-2k) 365, (2k-3k) 5, (3k-5k) 21, (5k-65534) 6, (65k) 0 
collected one batch of samples. pages to migrate = 589 
start promoting 20 pages
pages migrated: 373, lfu # items: 14168, lfu sample size: 30100000, samples: 30100000, node 0 mem 305208
CBF freq dist: (1) 134, (1-100) 2439, (100-1000) 11220, (1k-2k) 21, (2k-3k) 5, (3k-5k) 5, (5k-65534) 445, (65k) 33 
CBF freq dist: (1) 15, (1-100) 2772, (100-1000) 109, (1k-2k) 360, (2k-3k) 8, (3k-5k) 23, (5k-65534) 6, (65k) 0 
collected one batch of samples. pages to migrate = 589 
start promoting 24 pages
pages migrated: 397, lfu # items: 14168, lfu sample size: 30200000, samples: 30200000, node 0 mem 256544
CBF freq dist: (1) 133, (1-100) 2438, (100-1000) 11221, (1k-2k) 21, (2k-3k) 5, (3k-5k) 5, (5k-65534) 444, (65k) 34 
CBF freq dist: (1) 15, (1-100) 2668, (100-1000) 213, (1k-2k) 337, (2k-3k) 31, (3k-5k) 22, (5k-65534) 7, (65k) 0 
[DEBUG] Halving CBF counters.
collected one batch of samples. pages to migrate = 609 
start promoting 29 pages
pages migrated: 426, lfu # items: 14180, lfu sample size: 30300000, samples: 30300000, node 0 mem 195344
CBF freq dist: (1) 136, (1-100) 2450, (100-1000) 11221, (1k-2k) 21, (2k-3k) 5, (3k-5k) 5, (5k-65534) 444, (65k) 34 
CBF freq dist: (1) 19, (1-100) 2792, (100-1000) 132, (1k-2k) 310, (2k-3k) 23, (3k-5k) 5, (5k-65534) 1, (65k) 0 
collected one batch of samples. pages to migrate = 603 
start promoting 35 pages
pages migrated: 461, lfu # items: 14180, lfu sample size: 30400000, samples: 30400000, node 0 mem 125352
CBF freq dist: (1) 136, (1-100) 2449, (100-1000) 11222, (1k-2k) 20, (2k-3k) 6, (3k-5k) 5, (5k-65534) 444, (65k) 34 
CBF freq dist: (1) 19, (1-100) 2782, (100-1000) 88, (1k-2k) 363, (2k-3k) 13, (3k-5k) 15, (5k-65534) 2, (65k) 0 
num_perf_record_lost count 100
collected one batch of samples. pages to migrate = 629 
start promoting 34 pages
move page ret 34 
move page error: 2
pages migrated: 461, lfu # items: 14180, lfu sample size: 30500000, samples: 30500000, node 0 mem 70924
CBF freq dist: (1) 136, (1-100) 2449, (100-1000) 11222, (1k-2k) 20, (2k-3k) 6, (3k-5k) 5, (5k-65534) 443, (65k) 35 
CBF freq dist: (1) 19, (1-100) 2748, (100-1000) 119, (1k-2k) 365, (2k-3k) 6, (3k-5k) 21, (5k-65534) 4, (65k) 0 
collected one batch of samples. pages to migrate = 631 
start promoting 47 pages
move page ret -1 
move page error: 12
got ENOMEM. trying against with 9 pages 
second promote attempt return -1
pages migrated: 461, lfu # items: 14189, lfu sample size: 30600000, samples: 30600000, node 0 mem 70852
CBF freq dist: (1) 136, (1-100) 2456, (100-1000) 11224, (1k-2k) 20, (2k-3k) 6, (3k-5k) 5, (5k-65534) 442, (65k) 36 
CBF freq dist: (1) 19, (1-100) 2632, (100-1000) 233, (1k-2k) 366, (2k-3k) 5, (3k-5k) 21, (5k-65534) 6, (65k) 0 
collected one batch of samples. pages to migrate = 648 
start promoting 70 pages
move page ret -1 
move page error: 12
got ENOMEM. trying against with 14 pages 
second promote attempt return -1
pages migrated: 461, lfu # items: 14189, lfu sample size: 30700000, samples: 30700000, node 0 mem 70852
CBF freq dist: (1) 136, (1-100) 2456, (100-1000) 11224, (1k-2k) 20, (2k-3k) 6, (3k-5k) 5, (5k-65534) 442, (65k) 36 
CBF freq dist: (1) 19, (1-100) 2535, (100-1000) 330, (1k-2k) 358, (2k-3k) 11, (3k-5k) 23, (5k-65534) 6, (65k) 0 
collected one batch of samples. pages to migrate = 692 
start promoting 121 pages
move page ret -1 
move page error: 12
got ENOMEM. trying against with 24 pages 
second promote attempt return -1
pages migrated: 461, lfu # items: 14189, lfu sample size: 30800000, samples: 30800000, node 0 mem 69980
CBF freq dist: (1) 136, (1-100) 2456, (100-1000) 11224, (1k-2k) 20, (2k-3k) 6, (3k-5k) 5, (5k-65534) 442, (65k) 36 
CBF freq dist: (1) 19, (1-100) 2381, (100-1000) 484, (1k-2k) 293, (2k-3k) 76, (3k-5k) 18, (5k-65534) 11, (65k) 0 
[DEBUG] Halving CBF counters.
collected one batch of samples. pages to migrate = 721 
start promoting 136 pages
move page ret -1 
move page error: 12
got ENOMEM. trying against with 27 pages 
second promote attempt return -1
pages migrated: 461, lfu # items: 14189, lfu sample size: 30900000, samples: 30900000, node 0 mem 69980
CBF freq dist: (1) 136, (1-100) 2455, (100-1000) 11225, (1k-2k) 20, (2k-3k) 6, (3k-5k) 5, (5k-65534) 442, (65k) 36 
CBF freq dist: (1) 40, (1-100) 2766, (100-1000) 83, (1k-2k) 366, (2k-3k) 20, (3k-5k) 8, (5k-65534) 1, (65k) 0 
collected one batch of samples. pages to migrate = 737 
start promoting 151 pages
move page ret -1 
move page error: 12
got ENOMEM. trying against with 30 pages 
second promote attempt return -1
pages migrated: 461, lfu # items: 14189, lfu sample size: 31000000, samples: 31000000, node 0 mem 69980
CBF freq dist: (1) 136, (1-100) 2455, (100-1000) 11225, (1k-2k) 20, (2k-3k) 6, (3k-5k) 4, (5k-65534) 443, (65k) 36 
CBF freq dist: (1) 40, (1-100) 2750, (100-1000) 94, (1k-2k) 370, (2k-3k) 6, (3k-5k) 22, (5k-65534) 2, (65k) 0 
collected one batch of samples. pages to migrate = 790 
start promoting 195 pages
move page ret -1 
move page error: 12
got ENOMEM. trying against with 39 pages 
second promote attempt return -1
pages migrated: 461, lfu # items: 14198, lfu sample size: 31100000, samples: 31100000, node 0 mem 69720
CBF freq dist: (1) 141, (1-100) 2463, (100-1000) 11225, (1k-2k) 21, (2k-3k) 6, (3k-5k) 4, (5k-65534) 443, (65k) 36 
CBF freq dist: (1) 40, (1-100) 2712, (100-1000) 131, (1k-2k) 369, (2k-3k) 5, (3k-5k) 21, (5k-65534) 6, (65k) 0 
collected one batch of samples. pages to migrate = 796 
start promoting 213 pages
move page ret -1 
move page error: 12
got ENOMEM. trying against with 42 pages 
second promote attempt return -1
pages migrated: 461, lfu # items: 14198, lfu sample size: 31200000, samples: 31200000, node 0 mem 69720
CBF freq dist: (1) 141, (1-100) 2462, (100-1000) 11226, (1k-2k) 21, (2k-3k) 6, (3k-5k) 4, (5k-65534) 443, (65k) 36 
CBF freq dist: (1) 40, (1-100) 2643, (100-1000) 199, (1k-2k) 364, (2k-3k) 9, (3k-5k) 23, (5k-65534) 6, (65k) 0 
collected one batch of samples. pages to migrate = 823 
start promoting 240 pages
move page ret -1 
move page error: 12
got ENOMEM. trying against with 48 pages 
second promote attempt return -1
pages migrated: 461, lfu # items: 14198, lfu sample size: 31300000, samples: 31300000, node 0 mem 69720
CBF freq dist: (1) 140, (1-100) 2461, (100-1000) 11227, (1k-2k) 21, (2k-3k) 6, (3k-5k) 4, (5k-65534) 443, (65k) 36 
CBF freq dist: (1) 39, (1-100) 2574, (100-1000) 268, (1k-2k) 346, (2k-3k) 26, (3k-5k) 22, (5k-65534) 8, (65k) 0 
[DEBUG] Halving CBF counters.
collected one batch of samples. pages to migrate = 889 
start promoting 293 pages
move page ret -1 
move page error: 12
got ENOMEM. trying against with 58 pages 
second promote attempt return -1
pages migrated: 461, lfu # items: 14199, lfu sample size: 31400000, samples: 31400000, node 0 mem 69720
CBF freq dist: (1) 140, (1-100) 2462, (100-1000) 11227, (1k-2k) 21, (2k-3k) 6, (3k-5k) 4, (5k-65534) 443, (65k) 36 
CBF freq dist: (1) -70, (1-100) 2749, (100-1000) 138, (1k-2k) 291, (2k-3k) 20, (3k-5k) 6, (5k-65534) 1, (65k) 0 
collected one batch of samples. pages to migrate = 976 
start promoting 398 pages
move page ret -1 
move page error: 12
got ENOMEM. trying against with 79 pages 
second promote attempt return -1
pages migrated: 461, lfu # items: 14199, lfu sample size: 31500000, samples: 31500000, node 0 mem 69720
CBF freq dist: (1) 140, (1-100) 2461, (100-1000) 11227, (1k-2k) 22, (2k-3k) 6, (3k-5k) 4, (5k-65534) 443, (65k) 36 
CBF freq dist: (1) -70, (1-100) 2732, (100-1000) 80, (1k-2k) 364, (2k-3k) 10, (3k-5k) 17, (5k-65534) 2, (65k) 0 
collected one batch of samples. pages to migrate = 945 
start promoting 361 pages
move page ret -1 
move page error: 12
got ENOMEM. trying against with 72 pages 
second promote attempt return -1
pages migrated: 461, lfu # items: 14199, lfu sample size: 31600000, samples: 31600000, node 0 mem 69720
CBF freq dist: (1) 140, (1-100) 2461, (100-1000) 11226, (1k-2k) 23, (2k-3k) 6, (3k-5k) 4, (5k-65534) 443, (65k) 36 
CBF freq dist: (1) -70, (1-100) 2705, (100-1000) 104, (1k-2k) 367, (2k-3k) 4, (3k-5k) 21, (5k-65534) 4, (65k) 0 
collected one batch of samples. pages to migrate = 1013 
start promoting 406 pages
move page ret -1 
move page error: 12
got ENOMEM. trying against with 81 pages 
second promote attempt return -1
pages migrated: 461, lfu # items: 14199, lfu sample size: 31700000, samples: 31700000, node 0 mem 69720
CBF freq dist: (1) 140, (1-100) 2460, (100-1000) 11227, (1k-2k) 23, (2k-3k) 6, (3k-5k) 4, (5k-65534) 443, (65k) 36 
CBF freq dist: (1) -71, (1-100) 2650, (100-1000) 157, (1k-2k) 367, (2k-3k) 3, (3k-5k) 22, (5k-65534) 6, (65k) 0 
collected one batch of samples. pages to migrate = 1028 
start promoting 424 pages
move page ret -1 
move page error: 12
got ENOMEM. trying against with 84 pages 
second promote attempt return -1
pages migrated: 461, lfu # items: 14199, lfu sample size: 31800000, samples: 31800000, node 0 mem 69720
CBF freq dist: (1) 140, (1-100) 2460, (100-1000) 11227, (1k-2k) 23, (2k-3k) 6, (3k-5k) 4, (5k-65534) 442, (65k) 37 
CBF freq dist: (1) -71, (1-100) 2569, (100-1000) 238, (1k-2k) 355, (2k-3k) 13, (3k-5k) 24, (5k-65534) 6, (65k) 0 
collected one batch of samples. pages to migrate = 1136 
start promoting 563 pages
move page ret -1 
move page error: 12
got ENOMEM. trying against with 112 pages 
second promote attempt return -1
pages migrated: 461, lfu # items: 14199, lfu sample size: 31900000, samples: 31900000, node 0 mem 69720
CBF freq dist: (1) 140, (1-100) 2459, (100-1000) 11228, (1k-2k) 23, (2k-3k) 6, (3k-5k) 4, (5k-65534) 442, (65k) 37 
CBF freq dist: (1) -71, (1-100) 2417, (100-1000) 389, (1k-2k) 275, (2k-3k) 94, (3k-5k) 18, (5k-65534) 12, (65k) 0 
[DEBUG] Halving CBF counters.
collected one batch of samples. pages to migrate = 1195 
start promoting 613 pages
move page ret -1 
move page error: 12
got ENOMEM. trying against with 122 pages 
second promote attempt return -1
pages migrated: 461, lfu # items: 14199, lfu sample size: 32000000, samples: 32000000, node 0 mem 69720
CBF freq dist: (1) 140, (1-100) 2455, (100-1000) 11232, (1k-2k) 23, (2k-3k) 6, (3k-5k) 4, (5k-65534) 442, (65k) 37 
CBF freq dist: (1) 45, (1-100) 2802, (100-1000) 82, (1k-2k) 364, (2k-3k) 21, (3k-5k) 6, (5k-65534) 1, (65k) 0 
collected one batch of samples. pages to migrate = 1212 
start promoting 636 pages
move page ret -1 
move page error: 12
got ENOMEM. trying against with 127 pages 
second promote attempt return -1
pages migrated: 461, lfu # items: 14199, lfu sample size: 32100000, samples: 32100000, node 0 mem 69720
CBF freq dist: (1) 140, (1-100) 2454, (100-1000) 11233, (1k-2k) 23, (2k-3k) 6, (3k-5k) 4, (5k-65534) 442, (65k) 37 
CBF freq dist: (1) 45, (1-100) 2771, (100-1000) 107, (1k-2k) 369, (2k-3k) 8, (3k-5k) 19, (5k-65534) 2, (65k) 0 
collected one batch of samples. pages to migrate = 1227 
start promoting 635 pages
move page ret -1 
move page error: 12
got ENOMEM. trying against with 127 pages 
second promote attempt return -1
pages migrated: 461, lfu # items: 14199, lfu sample size: 32200000, samples: 32200000, node 0 mem 69720
CBF freq dist: (1) 140, (1-100) 2454, (100-1000) 11233, (1k-2k) 23, (2k-3k) 6, (3k-5k) 4, (5k-65534) 441, (65k) 38 
CBF freq dist: (1) 45, (1-100) 2708, (100-1000) 169, (1k-2k) 369, (2k-3k) 4, (3k-5k) 21, (5k-65534) 5, (65k) 0 
collected one batch of samples. pages to migrate = 1181 
start promoting 592 pages
move page ret -1 
move page error: 12
got ENOMEM. trying against with 118 pages 
second promote attempt return -1
pages migrated: 461, lfu # items: 14199, lfu sample size: 32300000, samples: 32300000, node 0 mem 69720
CBF freq dist: (1) 140, (1-100) 2453, (100-1000) 11233, (1k-2k) 24, (2k-3k) 6, (3k-5k) 4, (5k-65534) 441, (65k) 38 
CBF freq dist: (1) 45, (1-100) 2630, (100-1000) 246, (1k-2k) 367, (2k-3k) 6, (3k-5k) 21, (5k-65534) 6, (65k) 0 
collected one batch of samples. pages to migrate = 1204 
start promoting 612 pages
move page ret -1 
move page error: 12
got ENOMEM. trying against with 122 pages 
second promote attempt return -1
pages migrated: 461, lfu # items: 14199, lfu sample size: 32400000, samples: 32400000, node 0 mem 69972
CBF freq dist: (1) 140, (1-100) 2452, (100-1000) 11234, (1k-2k) 24, (2k-3k) 6, (3k-5k) 4, (5k-65534) 439, (65k) 40 
CBF freq dist: (1) 45, (1-100) 2522, (100-1000) 354, (1k-2k) 352, (2k-3k) 19, (3k-5k) 22, (5k-65534) 7, (65k) 0 
[DEBUG] Halving CBF counters.
collected one batch of samples. pages to migrate = 1239 
start promoting 645 pages
move page ret -1 
move page error: 12
got ENOMEM. trying against with 129 pages 
second promote attempt return -1
pages migrated: 461, lfu # items: 14199, lfu sample size: 32500000, samples: 32500000, node 0 mem 69972
CBF freq dist: (1) 140, (1-100) 2450, (100-1000) 11235, (1k-2k) 25, (2k-3k) 6, (3k-5k) 4, (5k-65534) 439, (65k) 40 
CBF freq dist: (1) 29, (1-100) 2778, (100-1000) 168, (1k-2k) 258, (2k-3k) 20, (3k-5k) 6, (5k-65534) 1, (65k) 0 
num_perf_record_lost count 200
collected one batch of samples. pages to migrate = 1353 
start promoting 776 pages
move page ret -1 
move page error: 12
got ENOMEM. trying against with 155 pages 
second promote attempt return -1
pages migrated: 461, lfu # items: 14199, lfu sample size: 32600000, samples: 32600000, node 0 mem 69972
CBF freq dist: (1) 140, (1-100) 2450, (100-1000) 11235, (1k-2k) 25, (2k-3k) 6, (3k-5k) 4, (5k-65534) 437, (65k) 42 
CBF freq dist: (1) 30, (1-100) 2759, (100-1000) 90, (1k-2k) 354, (2k-3k) 10, (3k-5k) 18, (5k-65534) 1, (65k) 0 
collected one batch of samples. pages to migrate = 1226 
start promoting 623 pages
move page ret -1 
move page error: 12
got ENOMEM. trying against with 124 pages 
second promote attempt return -1
pages migrated: 461, lfu # items: 14199, lfu sample size: 32700000, samples: 32700000, node 0 mem 69972
CBF freq dist: (1) 140, (1-100) 2449, (100-1000) 11236, (1k-2k) 25, (2k-3k) 6, (3k-5k) 4, (5k-65534) 437, (65k) 42 
CBF freq dist: (1) 30, (1-100) 2723, (100-1000) 120, (1k-2k) 360, (2k-3k) 3, (3k-5k) 22, (5k-65534) 4, (65k) 0 
collected one batch of samples. pages to migrate = 1232 
start promoting 654 pages
move page ret -1 
move page error: 12
got ENOMEM. trying against with 130 pages 
second promote attempt return -1
pages migrated: 461, lfu # items: 14199, lfu sample size: 32800000, samples: 32800000, node 0 mem 69108
CBF freq dist: (1) 140, (1-100) 2446, (100-1000) 11239, (1k-2k) 25, (2k-3k) 6, (3k-5k) 4, (5k-65534) 436, (65k) 43 
CBF freq dist: (1) 30, (1-100) 2665, (100-1000) 176, (1k-2k) 359, (2k-3k) 5, (3k-5k) 21, (5k-65534) 6, (65k) 0 
collected one batch of samples. pages to migrate = 1292 
start promoting 685 pages
move page ret -1 
move page error: 12
got ENOMEM. trying against with 137 pages 
second promote attempt return -1
pages migrated: 461, lfu # items: 14199, lfu sample size: 32900000, samples: 32900000, node 0 mem 69108
CBF freq dist: (1) 140, (1-100) 2445, (100-1000) 11240, (1k-2k) 25, (2k-3k) 6, (3k-5k) 4, (5k-65534) 435, (65k) 44 
CBF freq dist: (1) 30, (1-100) 2585, (100-1000) 256, (1k-2k) 351, (2k-3k) 11, (3k-5k) 22, (5k-65534) 7, (65k) 0 
collected one batch of samples. pages to migrate = 1265 
start promoting 686 pages
move page ret -1 
move page error: 12
got ENOMEM. trying against with 137 pages 
second promote attempt return -1
pages migrated: 461, lfu # items: 14199, lfu sample size: 33000000, samples: 33000000, node 0 mem 69108
CBF freq dist: (1) 140, (1-100) 2444, (100-1000) 11241, (1k-2k) 25, (2k-3k) 6, (3k-5k) 4, (5k-65534) 435, (65k) 44 
CBF freq dist: (1) 30, (1-100) 2486, (100-1000) 354, (1k-2k) 280, (2k-3k) 83, (3k-5k) 17, (5k-65534) 12, (65k) 0 
[DEBUG] Halving CBF counters.
collected one batch of samples. pages to migrate = 1320 
start promoting 717 pages
move page ret -1 
move page error: 12
got ENOMEM. trying against with 143 pages 
second promote attempt return -1
pages migrated: 461, lfu # items: 14210, lfu sample size: 33100000, samples: 33100000, node 0 mem 69108
CBF freq dist: (1) 142, (1-100) 2452, (100-1000) 11243, (1k-2k) 26, (2k-3k) 6, (3k-5k) 4, (5k-65534) 435, (65k) 44 
CBF freq dist: (1) -14, (1-100) 2733, (100-1000) 80, (1k-2k) 359, (2k-3k) 20, (3k-5k) 9, (5k-65534) 1, (65k) 0 
collected one batch of samples. pages to migrate = 1455 
start promoting 871 pages
move page ret -1 
move page error: 12
got ENOMEM. trying against with 174 pages 
second promote attempt return -1
pages migrated: 461, lfu # items: 14219, lfu sample size: 33200000, samples: 33200000, node 0 mem 69108
CBF freq dist: (1) 142, (1-100) 2460, (100-1000) 11244, (1k-2k) 26, (2k-3k) 6, (3k-5k) 4, (5k-65534) 434, (65k) 45 
CBF freq dist: (1) -14, (1-100) 2707, (100-1000) 102, (1k-2k) 363, (2k-3k) 8, (3k-5k) 20, (5k-65534) 2, (65k) 0 
collected one batch of samples. pages to migrate = 1294 
start promoting 700 pages
move page ret -1 
move page error: 12
got ENOMEM. trying against with 140 pages 
second promote attempt return -1
pages migrated: 461, lfu # items: 14223, lfu sample size: 33300000, samples: 33300000, node 0 mem 69104
CBF freq dist: (1) 142, (1-100) 2462, (100-1000) 11246, (1k-2k) 26, (2k-3k) 6, (3k-5k) 4, (5k-65534) 434, (65k) 45 
CBF freq dist: (1) -14, (1-100) 2652, (100-1000) 155, (1k-2k) 364, (2k-3k) 5, (3k-5k) 20, (5k-65534) 6, (65k) 0 
collected one batch of samples. pages to migrate = 1296 
start promoting 713 pages
move page ret -1 
move page error: 12
got ENOMEM. trying against with 142 pages 
second promote attempt return -1
pages migrated: 461, lfu # items: 14223, lfu sample size: 33400000, samples: 33400000, node 0 mem 69104
CBF freq dist: (1) 142, (1-100) 2461, (100-1000) 11247, (1k-2k) 26, (2k-3k) 6, (3k-5k) 4, (5k-65534) 434, (65k) 45 
CBF freq dist: (1) -14, (1-100) 2585, (100-1000) 221, (1k-2k) 360, (2k-3k) 6, (3k-5k) 24, (5k-65534) 6, (65k) 0 
collected one batch of samples. pages to migrate = 1449 
start promoting 880 pages
move page ret -1 
move page error: 12
got ENOMEM. trying against with 176 pages 
second promote attempt return -1
pages migrated: 461, lfu # items: 14223, lfu sample size: 33500000, samples: 33500000, node 0 mem 69104
CBF freq dist: (1) 142, (1-100) 2458, (100-1000) 11250, (1k-2k) 26, (2k-3k) 6, (3k-5k) 4, (5k-65534) 433, (65k) 46 
CBF freq dist: (1) -13, (1-100) 2411, (100-1000) 396, (1k-2k) 346, (2k-3k) 20, (3k-5k) 23, (5k-65534) 7, (65k) 0 
[DEBUG] Halving CBF counters.
collected one batch of samples. pages to migrate = 1497 
start promoting 924 pages
move page ret -1 
move page error: 12
got ENOMEM. trying against with 184 pages 
second promote attempt return -1
pages migrated: 461, lfu # items: 14224, lfu sample size: 33600000, samples: 33600000, node 0 mem 69104
CBF freq dist: (1) 143, (1-100) 2459, (100-1000) 11250, (1k-2k) 26, (2k-3k) 6, (3k-5k) 4, (5k-65534) 433, (65k) 46 
CBF freq dist: (1) -36, (1-100) 2743, (100-1000) 219, (1k-2k) 227, (2k-3k) 21, (3k-5k) 5, (5k-65534) 1, (65k) 0 
collected one batch of samples. pages to migrate = 1308 
start promoting 714 pages
move page ret -1 
move page error: 12
got ENOMEM. trying against with 142 pages 
second promote attempt return -1
pages migrated: 461, lfu # items: 14224, lfu sample size: 33700000, samples: 33700000, node 0 mem 69104
CBF freq dist: (1) 143, (1-100) 2456, (100-1000) 11253, (1k-2k) 26, (2k-3k) 6, (3k-5k) 4, (5k-65534) 433, (65k) 46 
CBF freq dist: (1) -36, (1-100) 2722, (100-1000) 126, (1k-2k) 338, (2k-3k) 12, (3k-5k) 16, (5k-65534) 2, (65k) 0 
collected one batch of samples. pages to migrate = 1256 
start promoting 680 pages
move page ret -1 
move page error: 12
got ENOMEM. trying against with 136 pages 
second promote attempt return -1
pages migrated: 461, lfu # items: 14224, lfu sample size: 33800000, samples: 33800000, node 0 mem 69104
CBF freq dist: (1) 143, (1-100) 2454, (100-1000) 11255, (1k-2k) 26, (2k-3k) 6, (3k-5k) 4, (5k-65534) 433, (65k) 46 
CBF freq dist: (1) -35, (1-100) 2692, (100-1000) 151, (1k-2k) 344, (2k-3k) 6, (3k-5k) 20, (5k-65534) 4, (65k) 0 
collected one batch of samples. pages to migrate = 1344 
start promoting 765 pages
move page ret -1 
move page error: 12
got ENOMEM. trying against with 153 pages 
second promote attempt return -1
pages migrated: 461, lfu # items: 14224, lfu sample size: 33900000, samples: 33900000, node 0 mem 69104
CBF freq dist: (1) 143, (1-100) 2453, (100-1000) 11256, (1k-2k) 26, (2k-3k) 6, (3k-5k) 4, (5k-65534) 433, (65k) 46 
CBF freq dist: (1) -35, (1-100) 2629, (100-1000) 212, (1k-2k) 343, (2k-3k) 5, (3k-5k) 22, (5k-65534) 6, (65k) 0 
collected one batch of samples. pages to migrate = 1404 
start promoting 835 pages
move page ret -1 
move page error: 12
got ENOMEM. trying against with 167 pages 
second promote attempt return -1
pages migrated: 461, lfu # items: 14224, lfu sample size: 34000000, samples: 34000000, node 0 mem 69104
CBF freq dist: (1) 143, (1-100) 2450, (100-1000) 11259, (1k-2k) 26, (2k-3k) 6, (3k-5k) 4, (5k-65534) 433, (65k) 46 
CBF freq dist: (1) -34, (1-100) 2514, (100-1000) 328, (1k-2k) 337, (2k-3k) 9, (3k-5k) 24, (5k-65534) 6, (65k) 0 
collected one batch of samples. pages to migrate = 1297 
start promoting 693 pages
move page ret -1 
move page error: 12
got ENOMEM. trying against with 138 pages 
second promote attempt return -1
pages migrated: 461, lfu # items: 14224, lfu sample size: 34100000, samples: 34100000, node 0 mem 69104
CBF freq dist: (1) 143, (1-100) 2448, (100-1000) 11261, (1k-2k) 26, (2k-3k) 6, (3k-5k) 4, (5k-65534) 433, (65k) 46 
CBF freq dist: (1) -35, (1-100) 2396, (100-1000) 446, (1k-2k) 271, (2k-3k) 75, (3k-5k) 17, (5k-65534) 13, (65k) 0 
[DEBUG] Halving CBF counters.
collected one batch of samples. pages to migrate = 1311 
start promoting 723 pages
move page ret -1 
move page error: 12
got ENOMEM. trying against with 144 pages 
second promote attempt return -1
pages migrated: 461, lfu # items: 14224, lfu sample size: 34200000, samples: 34200000, node 0 mem 69104
CBF freq dist: (1) 143, (1-100) 2446, (100-1000) 11263, (1k-2k) 26, (2k-3k) 6, (3k-5k) 4, (5k-65534) 433, (65k) 46 
CBF freq dist: (1) -27, (1-100) 2780, (100-1000) 80, (1k-2k) 364, (2k-3k) 20, (3k-5k) 8, (5k-65534) 1, (65k) 0 
collected one batch of samples. pages to migrate = 1456 
start promoting 876 pages
move page ret -1 
move page error: 12
got ENOMEM. trying against with 175 pages 
second promote attempt return -1
pages migrated: 461, lfu # items: 14224, lfu sample size: 34300000, samples: 34300000, node 0 mem 69104
CBF freq dist: (1) 143, (1-100) 2443, (100-1000) 11266, (1k-2k) 26, (2k-3k) 6, (3k-5k) 4, (5k-65534) 433, (65k) 46 
CBF freq dist: (1) -27, (1-100) 2763, (100-1000) 90, (1k-2k) 371, (2k-3k) 6, (3k-5k) 21, (5k-65534) 2, (65k) 0 
collected one batch of samples. pages to migrate = 1401 
start promoting 805 pages
move page ret -1 
move page error: 12
got ENOMEM. trying against with 161 pages 
second promote attempt return -1
pages migrated: 461, lfu # items: 14224, lfu sample size: 34400000, samples: 34400000, node 0 mem 69104
CBF freq dist: (1) 143, (1-100) 2442, (100-1000) 11267, (1k-2k) 26, (2k-3k) 6, (3k-5k) 4, (5k-65534) 433, (65k) 46 
CBF freq dist: (1) -26, (1-100) 2724, (100-1000) 128, (1k-2k) 371, (2k-3k) 4, (3k-5k) 22, (5k-65534) 5, (65k) 0 
collected one batch of samples. pages to migrate = 1304 
start promoting 715 pages
move page ret -1 
move page error: 12
got ENOMEM. trying against with 143 pages 
second promote attempt return -1
pages migrated: 461, lfu # items: 14224, lfu sample size: 34500000, samples: 34500000, node 0 mem 69104
CBF freq dist: (1) 143, (1-100) 2439, (100-1000) 11270, (1k-2k) 26, (2k-3k) 6, (3k-5k) 4, (5k-65534) 432, (65k) 47 
CBF freq dist: (1) -26, (1-100) 2659, (100-1000) 193, (1k-2k) 368, (2k-3k) 5, (3k-5k) 23, (5k-65534) 6, (65k) 0 
collected one batch of samples. pages to migrate = 1345 
start promoting 752 pages
move page ret -1 
move page error: 12
got ENOMEM. trying against with 150 pages 
second promote attempt return -1
pages migrated: 461, lfu # items: 14224, lfu sample size: 34600000, samples: 34600000, node 0 mem 69104
CBF freq dist: (1) 143, (1-100) 2437, (100-1000) 11271, (1k-2k) 27, (2k-3k) 6, (3k-5k) 4, (5k-65534) 430, (65k) 49 
CBF freq dist: (1) -26, (1-100) 2579, (100-1000) 273, (1k-2k) 352, (2k-3k) 21, (3k-5k) 21, (5k-65534) 8, (65k) 0 
[DEBUG] Halving CBF counters.
collected one batch of samples. pages to migrate = 1348 
start promoting 764 pages
move page ret -1 
move page error: 12
got ENOMEM. trying against with 152 pages 
second promote attempt return -1
pages migrated: 461, lfu # items: 14224, lfu sample size: 34700000, samples: 34700000, node 0 mem 69104
CBF freq dist: (1) 143, (1-100) 2435, (100-1000) 11273, (1k-2k) 27, (2k-3k) 6, (3k-5k) 4, (5k-65534) 429, (65k) 50 
CBF freq dist: (1) 57, (1-100) 2814, (100-1000) 163, (1k-2k) 275, (2k-3k) 20, (3k-5k) 7, (5k-65534) 1, (65k) 0 
collected one batch of samples. pages to migrate = 1336 
start promoting 730 pages
move page ret -1 
move page error: 12
got ENOMEM. trying against with 146 pages 
second promote attempt return -1
pages migrated: 461, lfu # items: 14224, lfu sample size: 34800000, samples: 34800000, node 0 mem 69104
CBF freq dist: (1) 143, (1-100) 2429, (100-1000) 11278, (1k-2k) 28, (2k-3k) 6, (3k-5k) 4, (5k-65534) 426, (65k) 53 
CBF freq dist: (1) 57, (1-100) 2807, (100-1000) 84, (1k-2k) 359, (2k-3k) 11, (3k-5k) 17, (5k-65534) 2, (65k) 0 
collected one batch of samples. pages to migrate = 1403 
start promoting 807 pages
move page ret -1 
move page error: 12
got ENOMEM. trying against with 161 pages 
second promote attempt return -1
pages migrated: 461, lfu # items: 14224, lfu sample size: 34900000, samples: 34900000, node 0 mem 69104
CBF freq dist: (1) 143, (1-100) 2427, (100-1000) 11280, (1k-2k) 28, (2k-3k) 6, (3k-5k) 4, (5k-65534) 423, (65k) 56 
CBF freq dist: (1) 56, (1-100) 2786, (100-1000) 103, (1k-2k) 360, (2k-3k) 6, (3k-5k) 20, (5k-65534) 5, (65k) 0 
[DEBUG] Number of hot pages promoted in 50 batches = 115 
collected one batch of samples. pages to migrate = 1312 
start promoting 728 pages
move page ret -1 
move page error: 12
got ENOMEM. trying against with 145 pages 
second promote attempt return -1
pages migrated: 461, lfu # items: 14224, lfu sample size: 35000000, samples: 35000000, node 0 mem 69104
CBF freq dist: (1) 143, (1-100) 2425, (100-1000) 11282, (1k-2k) 28, (2k-3k) 6, (3k-5k) 4, (5k-65534) 420, (65k) 59 
CBF freq dist: (1) 57, (1-100) 2742, (100-1000) 147, (1k-2k) 355, (2k-3k) 10, (3k-5k) 21, (5k-65534) 6, (65k) 0 
collected one batch of samples. pages to migrate = 1330 
start promoting 731 pages
move page ret -1 
move page error: 12
got ENOMEM. trying against with 146 pages 
second promote attempt return -1
pages migrated: 461, lfu # items: 14224, lfu sample size: 35100000, samples: 35100000, node 0 mem 69104
CBF freq dist: (1) 143, (1-100) 2422, (100-1000) 11285, (1k-2k) 28, (2k-3k) 6, (3k-5k) 4, (5k-65534) 417, (65k) 62 
CBF freq dist: (1) 57, (1-100) 2687, (100-1000) 203, (1k-2k) 346, (2k-3k) 17, (3k-5k) 22, (5k-65534) 7, (65k) 0 
collected one batch of samples. pages to migrate = 1368 
start promoting 776 pages
move page ret -1 
move page error: 12
got ENOMEM. trying against with 155 pages 
second promote attempt return -1
pages migrated: 461, lfu # items: 14224, lfu sample size: 35200000, samples: 35200000, node 0 mem 69104
CBF freq dist: (1) 143, (1-100) 2420, (100-1000) 11287, (1k-2k) 28, (2k-3k) 6, (3k-5k) 4, (5k-65534) 417, (65k) 62 
CBF freq dist: (1) 57, (1-100) 2580, (100-1000) 310, (1k-2k) 268, (2k-3k) 95, (3k-5k) 14, (5k-65534) 15, (65k) 0 
[DEBUG] Halving CBF counters.
collected one batch of samples. pages to migrate = 1285 
start promoting 686 pages
move page ret -1 
move page error: 12
got ENOMEM. trying against with 137 pages 
second promote attempt return -1
pages migrated: 461, lfu # items: 14224, lfu sample size: 35300000, samples: 35300000, node 0 mem 69104
CBF freq dist: (1) 143, (1-100) 2419, (100-1000) 11288, (1k-2k) 28, (2k-3k) 6, (3k-5k) 4, (5k-65534) 414, (65k) 65 
CBF freq dist: (1) 10, (1-100) 2754, (100-1000) 84, (1k-2k) 359, (2k-3k) 17, (3k-5k) 11, (5k-65534) 1, (65k) 0 
collected one batch of samples. pages to migrate = 1486 
start promoting 916 pages
move page ret -1 
move page error: 12
got ENOMEM. trying against with 183 pages 
second promote attempt return -1
pages migrated: 461, lfu # items: 14224, lfu sample size: 35400000, samples: 35400000, node 0 mem 69104
CBF freq dist: (1) 143, (1-100) 2419, (100-1000) 11287, (1k-2k) 28, (2k-3k) 7, (3k-5k) 4, (5k-65534) 410, (65k) 69 
CBF freq dist: (1) 10, (1-100) 2732, (100-1000) 101, (1k-2k) 364, (2k-3k) 5, (3k-5k) 22, (5k-65534) 2, (65k) 0 
collected one batch of samples. pages to migrate = 1516 
start promoting 935 pages
move page ret -1 
move page error: 12
got ENOMEM. trying against with 187 pages 
second promote attempt return -1
pages migrated: 461, lfu # items: 14224, lfu sample size: 35500000, samples: 35500000, node 0 mem 69104
CBF freq dist: (1) 142, (1-100) 2418, (100-1000) 11288, (1k-2k) 28, (2k-3k) 7, (3k-5k) 4, (5k-65534) 406, (65k) 73 
CBF freq dist: (1) 9, (1-100) 2663, (100-1000) 169, (1k-2k) 365, (2k-3k) 4, (3k-5k) 19, (5k-65534) 6, (65k) 0 
collected one batch of samples. pages to migrate = 1319 
start promoting 726 pages
move page ret -1 
move page error: 12
got ENOMEM. trying against with 145 pages 
second promote attempt return -1
pages migrated: 461, lfu # items: 14224, lfu sample size: 35600000, samples: 35600000, node 0 mem 69104
CBF freq dist: (1) 142, (1-100) 2415, (100-1000) 11291, (1k-2k) 28, (2k-3k) 7, (3k-5k) 4, (5k-65534) 399, (65k) 80 
CBF freq dist: (1) 9, (1-100) 2614, (100-1000) 217, (1k-2k) 358, (2k-3k) 9, (3k-5k) 22, (5k-65534) 6, (65k) 0 
collected one batch of samples. pages to migrate = 1286 
start promoting 702 pages
move page ret -1 
move page error: 12
got ENOMEM. trying against with 140 pages 
second promote attempt return -1
pages migrated: 461, lfu # items: 14226, lfu sample size: 35700000, samples: 35700000, node 0 mem 69104
CBF freq dist: (1) 143, (1-100) 2414, (100-1000) 11294, (1k-2k) 28, (2k-3k) 7, (3k-5k) 4, (5k-65534) 390, (65k) 89 
CBF freq dist: (1) 9, (1-100) 2509, (100-1000) 322, (1k-2k) 344, (2k-3k) 22, (3k-5k) 22, (5k-65534) 7, (65k) 0 
[DEBUG] Halving CBF counters.
collected one batch of samples. pages to migrate = 1287 
start promoting 700 pages
move page ret -1 
move page error: 12
got ENOMEM. trying against with 140 pages 
second promote attempt return -1
pages migrated: 461, lfu # items: 14226, lfu sample size: 35800000, samples: 35800000, node 0 mem 69104
CBF freq dist: (1) 143, (1-100) 2414, (100-1000) 11294, (1k-2k) 28, (2k-3k) 7, (3k-5k) 4, (5k-65534) 380, (65k) 99 
CBF freq dist: (1) 23, (1-100) 2760, (100-1000) 152, (1k-2k) 276, (2k-3k) 24, (3k-5k) 5, (5k-65534) 1, (65k) 0 
collected one batch of samples. pages to migrate = 1371 
start promoting 732 pages
move page ret -1 
move page error: 12
got ENOMEM. trying against with 146 pages 
second promote attempt return -1
pages migrated: 461, lfu # items: 14229, lfu sample size: 35900000, samples: 35900000, node 0 mem 69108
CBF freq dist: (1) 144, (1-100) 2413, (100-1000) 11298, (1k-2k) 28, (2k-3k) 7, (3k-5k) 4, (5k-65534) 366, (65k) 113 
CBF freq dist: (1) 23, (1-100) 2756, (100-1000) 77, (1k-2k) 358, (2k-3k) 11, (3k-5k) 17, (5k-65534) 2, (65k) 0 
collected one batch of samples. pages to migrate = 1361 
start promoting 735 pages
move page ret -1 
move page error: 12
got ENOMEM. trying against with 147 pages 
second promote attempt return -1
pages migrated: 461, lfu # items: 14229, lfu sample size: 36000000, samples: 36000000, node 0 mem 69108
CBF freq dist: (1) 143, (1-100) 2409, (100-1000) 11302, (1k-2k) 28, (2k-3k) 7, (3k-5k) 4, (5k-65534) 351, (65k) 128 
CBF freq dist: (1) 22, (1-100) 2736, (100-1000) 90, (1k-2k) 365, (2k-3k) 6, (3k-5k) 19, (5k-65534) 5, (65k) 0 
collected one batch of samples. pages to migrate = 1324 
start promoting 704 pages
move page ret -1 
move page error: 12
got ENOMEM. trying against with 140 pages 
second promote attempt return -1
pages migrated: 461, lfu # items: 14231, lfu sample size: 36100000, samples: 36100000, node 0 mem 69108
CBF freq dist: (1) 145, (1-100) 2409, (100-1000) 11304, (1k-2k) 28, (2k-3k) 7, (3k-5k) 4, (5k-65534) 340, (65k) 139 
CBF freq dist: (1) 22, (1-100) 2693, (100-1000) 133, (1k-2k) 362, (2k-3k) 6, (3k-5k) 22, (5k-65534) 6, (65k) 0 
num_perf_record_lost count 300
collected one batch of samples. pages to migrate = 1319 
start promoting 732 pages
move page ret -1 
move page error: 12
got ENOMEM. trying against with 146 pages 
second promote attempt return -1
pages migrated: 461, lfu # items: 14231, lfu sample size: 36200000, samples: 36200000, node 0 mem 69108
CBF freq dist: (1) 145, (1-100) 2407, (100-1000) 11306, (1k-2k) 28, (2k-3k) 7, (3k-5k) 4, (5k-65534) 327, (65k) 152 
CBF freq dist: (1) 22, (1-100) 2624, (100-1000) 202, (1k-2k) 350, (2k-3k) 17, (3k-5k) 23, (5k-65534) 6, (65k) 0 
collected one batch of samples. pages to migrate = 1371 
start promoting 744 pages
move page ret -1 
move page error: 12
got ENOMEM. trying against with 148 pages 
second promote attempt return -1
pages migrated: 461, lfu # items: 14237, lfu sample size: 36300000, samples: 36300000, node 0 mem 69108
CBF freq dist: (1) 142, (1-100) 2412, (100-1000) 11306, (1k-2k) 29, (2k-3k) 7, (3k-5k) 4, (5k-65534) 316, (65k) 163 
CBF freq dist: (1) 23, (1-100) 2519, (100-1000) 308, (1k-2k) 255, (2k-3k) 112, (3k-5k) 15, (5k-65534) 14, (65k) 0 
[DEBUG] Halving CBF counters.
collected one batch of samples. pages to migrate = 1341 
start promoting 701 pages
move page ret -1 
move page error: 12
got ENOMEM. trying against with 140 pages 
second promote attempt return -1
pages migrated: 461, lfu # items: 14255, lfu sample size: 36400000, samples: 36400000, node 0 mem 69112
CBF freq dist: (1) 149, (1-100) 2427, (100-1000) 11307, (1k-2k) 30, (2k-3k) 7, (3k-5k) 5, (5k-65534) 302, (65k) 177 
CBF freq dist: (1) -25, (1-100) 2734, (100-1000) 77, (1k-2k) 362, (2k-3k) 18, (3k-5k) 11, (5k-65534) 1, (65k) 0 
collected one batch of samples. pages to migrate = 1501 
start promoting 858 pages
move page ret -1 
move page error: 12
got ENOMEM. trying against with 171 pages 
second promote attempt return -1
pages migrated: 461, lfu # items: 14256, lfu sample size: 36500000, samples: 36500000, node 0 mem 69112
CBF freq dist: (1) 150, (1-100) 2421, (100-1000) 11314, (1k-2k) 30, (2k-3k) 7, (3k-5k) 5, (5k-65534) 290, (65k) 189 
CBF freq dist: (1) -26, (1-100) 2725, (100-1000) 83, (1k-2k) 367, (2k-3k) 8, (3k-5k) 20, (5k-65534) 2, (65k) 0 
collected one batch of samples. pages to migrate = 1386 
start promoting 758 pages
move page ret -1 
move page error: 12
got ENOMEM. trying against with 151 pages 
second promote attempt return -1
pages migrated: 461, lfu # items: 14256, lfu sample size: 36600000, samples: 36600000, node 0 mem 69112
CBF freq dist: (1) 150, (1-100) 2417, (100-1000) 11317, (1k-2k) 31, (2k-3k) 7, (3k-5k) 5, (5k-65534) 278, (65k) 201 
CBF freq dist: (1) -26, (1-100) 2696, (100-1000) 109, (1k-2k) 369, (2k-3k) 5, (3k-5k) 20, (5k-65534) 6, (65k) 0 
collected one batch of samples. pages to migrate = 1399 
start promoting 816 pages
move page ret -1 
move page error: 12
got ENOMEM. trying against with 163 pages 
second promote attempt return -1
pages migrated: 461, lfu # items: 14256, lfu sample size: 36700000, samples: 36700000, node 0 mem 69112
CBF freq dist: (1) 150, (1-100) 2414, (100-1000) 11320, (1k-2k) 31, (2k-3k) 7, (3k-5k) 5, (5k-65534) 271, (65k) 208 
CBF freq dist: (1) -26, (1-100) 2634, (100-1000) 171, (1k-2k) 362, (2k-3k) 10, (3k-5k) 22, (5k-65534) 6, (65k) 0 
collected one batch of samples. pages to migrate = 1607 
start promoting 970 pages
move page ret -1 
move page error: 12
got ENOMEM. trying against with 194 pages 
second promote attempt return -1
pages migrated: 461, lfu # items: 14259, lfu sample size: 36800000, samples: 36800000, node 0 mem 69112
CBF freq dist: (1) 152, (1-100) 2414, (100-1000) 11323, (1k-2k) 31, (2k-3k) 7, (3k-5k) 5, (5k-65534) 259, (65k) 220 
CBF freq dist: (1) -26, (1-100) 2437, (100-1000) 368, (1k-2k) 352, (2k-3k) 20, (3k-5k) 21, (5k-65534) 7, (65k) 0 
[DEBUG] Halving CBF counters.
collected one batch of samples. pages to migrate = 1477 
start promoting 853 pages
move page ret -1 
move page error: 12
got ENOMEM. trying against with 170 pages 
second promote attempt return -1
pages migrated: 461, lfu # items: 14259, lfu sample size: 36900000, samples: 36900000, node 0 mem 69116
CBF freq dist: (1) 152, (1-100) 2409, (100-1000) 11328, (1k-2k) 31, (2k-3k) 7, (3k-5k) 5, (5k-65534) 241, (65k) 238 
CBF freq dist: (1) -18, (1-100) 2766, (100-1000) 189, (1k-2k) 248, (2k-3k) 21, (3k-5k) 6, (5k-65534) 1, (65k) 0 
collected one batch of samples. pages to migrate = 1353 
start promoting 721 pages
move page ret -1 
move page error: 12
got ENOMEM. trying against with 144 pages 
second promote attempt return -1
pages migrated: 461, lfu # items: 14259, lfu sample size: 37000000, samples: 37000000, node 0 mem 69116
CBF freq dist: (1) 152, (1-100) 2406, (100-1000) 11331, (1k-2k) 31, (2k-3k) 7, (3k-5k) 5, (5k-65534) 232, (65k) 247 
CBF freq dist: (1) -18, (1-100) 2747, (100-1000) 99, (1k-2k) 356, (2k-3k) 11, (3k-5k) 16, (5k-65534) 2, (65k) 0 
collected one batch of samples. pages to migrate = 1351 
start promoting 716 pages
move page ret -1 
move page error: 12
got ENOMEM. trying against with 143 pages 
second promote attempt return -1
pages migrated: 461, lfu # items: 14259, lfu sample size: 37100000, samples: 37100000, node 0 mem 69116
CBF freq dist: (1) 152, (1-100) 2404, (100-1000) 11332, (1k-2k) 32, (2k-3k) 7, (3k-5k) 5, (5k-65534) 219, (65k) 260 
CBF freq dist: (1) -18, (1-100) 2717, (100-1000) 123, (1k-2k) 362, (2k-3k) 3, (3k-5k) 22, (5k-65534) 4, (65k) 0 
collected one batch of samples. pages to migrate = 1372 
start promoting 741 pages
move page ret -1 
move page error: 12
got ENOMEM. trying against with 148 pages 
second promote attempt return -1
pages migrated: 461, lfu # items: 14259, lfu sample size: 37200000, samples: 37200000, node 0 mem 69116
CBF freq dist: (1) 152, (1-100) 2396, (100-1000) 11338, (1k-2k) 34, (2k-3k) 7, (3k-5k) 5, (5k-65534) 209, (65k) 270 
CBF freq dist: (1) -18, (1-100) 2656, (100-1000) 182, (1k-2k) 361, (2k-3k) 3, (3k-5k) 23, (5k-65534) 6, (65k) 0 
collected one batch of samples. pages to migrate = 1403 
start promoting 779 pages
move page ret -1 
move page error: 12
got ENOMEM. trying against with 155 pages 
second promote attempt return -1
pages migrated: 461, lfu # items: 14259, lfu sample size: 37300000, samples: 37300000, node 0 mem 69116
CBF freq dist: (1) 152, (1-100) 2395, (100-1000) 11339, (1k-2k) 34, (2k-3k) 7, (3k-5k) 5, (5k-65534) 200, (65k) 279 
CBF freq dist: (1) -18, (1-100) 2562, (100-1000) 276, (1k-2k) 353, (2k-3k) 10, (3k-5k) 23, (5k-65534) 7, (65k) 0 
collected one batch of samples. pages to migrate = 1367 
start promoting 737 pages
move page ret -1 
move page error: 12
got ENOMEM. trying against with 147 pages 
second promote attempt return -1
pages migrated: 461, lfu # items: 14259, lfu sample size: 37400000, samples: 37400000, node 0 mem 69116
CBF freq dist: (1) 152, (1-100) 2394, (100-1000) 11340, (1k-2k) 34, (2k-3k) 7, (3k-5k) 5, (5k-65534) 187, (65k) 292 
CBF freq dist: (1) -18, (1-100) 2443, (100-1000) 395, (1k-2k) 296, (2k-3k) 67, (3k-5k) 21, (5k-65534) 9, (65k) 0 
[DEBUG] Halving CBF counters.
collected one batch of samples. pages to migrate = 1304 
start promoting 678 pages
move page ret -1 
move page error: 12
got ENOMEM. trying against with 135 pages 
second promote attempt return -1
pages migrated: 461, lfu # items: 14259, lfu sample size: 37500000, samples: 37500000, node 0 mem 69116
CBF freq dist: (1) 152, (1-100) 2392, (100-1000) 11342, (1k-2k) 34, (2k-3k) 7, (3k-5k) 5, (5k-65534) 171, (65k) 308 
CBF freq dist: (1) 32, (1-100) 2790, (100-1000) 71, (1k-2k) 362, (2k-3k) 18, (3k-5k) 7, (5k-65534) 1, (65k) 0 
collected one batch of samples. pages to migrate = 1488 
start promoting 862 pages
move page ret -1 
move page error: 12
got ENOMEM. trying against with 172 pages 
second promote attempt return -1
pages migrated: 461, lfu # items: 14259, lfu sample size: 37600000, samples: 37600000, node 0 mem 69116
CBF freq dist: (1) 152, (1-100) 2387, (100-1000) 11347, (1k-2k) 34, (2k-3k) 7, (3k-5k) 5, (5k-65534) 157, (65k) 322 
CBF freq dist: (1) 32, (1-100) 2769, (100-1000) 86, (1k-2k) 368, (2k-3k) 3, (3k-5k) 21, (5k-65534) 2, (65k) 0 
collected one batch of samples. pages to migrate = 1385 
start promoting 739 pages
move page ret -1 
move page error: 12
got ENOMEM. trying against with 147 pages 
second promote attempt return -1
pages migrated: 461, lfu # items: 14259, lfu sample size: 37700000, samples: 37700000, node 0 mem 69116
CBF freq dist: (1) 152, (1-100) 2385, (100-1000) 11349, (1k-2k) 34, (2k-3k) 7, (3k-5k) 5, (5k-65534) 144, (65k) 335 
CBF freq dist: (1) 32, (1-100) 2733, (100-1000) 121, (1k-2k) 367, (2k-3k) 2, (3k-5k) 21, (5k-65534) 5, (65k) 0 
collected one batch of samples. pages to migrate = 1424 
start promoting 780 pages
move page ret -1 
move page error: 12
got ENOMEM. trying against with 156 pages 
second promote attempt return -1
pages migrated: 461, lfu # items: 14259, lfu sample size: 37800000, samples: 37800000, node 0 mem 69116
CBF freq dist: (1) 152, (1-100) 2383, (100-1000) 11349, (1k-2k) 36, (2k-3k) 7, (3k-5k) 5, (5k-65534) 137, (65k) 342 
CBF freq dist: (1) 32, (1-100) 2677, (100-1000) 176, (1k-2k) 363, (2k-3k) 3, (3k-5k) 24, (5k-65534) 6, (65k) 0 
frac of unuseful samples too high. Dropping fast tier sampling frequency to 50000 
closing perf counter 0, 0
[INFO] Hybridtier perf sampling freq: 50000
Perf mmap size 135168, page size 4096 
closing perf counter 1, 0
[INFO] Hybridtier perf sampling freq: 50000
Perf mmap size 135168, page size 4096 
closing perf counter 2, 0
[INFO] Hybridtier perf sampling freq: 50000
Perf mmap size 135168, page size 4096 
closing perf counter 3, 0
[INFO] Hybridtier perf sampling freq: 50000
Perf mmap size 135168, page size 4096 
closing perf counter 4, 0
[INFO] Hybridtier perf sampling freq: 50000
Perf mmap size 135168, page size 4096 
closing perf counter 5, 0
[INFO] Hybridtier perf sampling freq: 50000
Perf mmap size 135168, page size 4096 
closing perf counter 6, 0
[INFO] Hybridtier perf sampling freq: 50000
Perf mmap size 135168, page size 4096 
closing perf counter 7, 0
[INFO] Hybridtier perf sampling freq: 50000
Perf mmap size 135168, page size 4096 
closing perf counter 8, 0
[INFO] Hybridtier perf sampling freq: 50000
Perf mmap size 135168, page size 4096 
closing perf counter 9, 0
[INFO] Hybridtier perf sampling freq: 50000
Perf mmap size 135168, page size 4096 
closing perf counter 10, 0
[INFO] Hybridtier perf sampling freq: 50000
Perf mmap size 135168, page size 4096 
closing perf counter 11, 0
[INFO] Hybridtier perf sampling freq: 50000
Perf mmap size 135168, page size 4096 
closing perf counter 12, 0
[INFO] Hybridtier perf sampling freq: 50000
Perf mmap size 135168, page size 4096 
closing perf counter 13, 0
[INFO] Hybridtier perf sampling freq: 50000
Perf mmap size 135168, page size 4096 
closing perf counter 14, 0
[INFO] Hybridtier perf sampling freq: 50000
Perf mmap size 135168, page size 4096 
closing perf counter 15, 0
[INFO] Hybridtier perf sampling freq: 50000
Perf mmap size 135168, page size 4096 
collected one batch of samples. pages to migrate = 1604 
start promoting 968 pages
move page ret -1 
move page error: 12
got ENOMEM. trying against with 193 pages 
second promote attempt return -1
pages migrated: 461, lfu # items: 14259, lfu sample size: 37900000, samples: 37900000, node 0 mem 70152
CBF freq dist: (1) 152, (1-100) 2381, (100-1000) 11351, (1k-2k) 36, (2k-3k) 7, (3k-5k) 5, (5k-65534) 120, (65k) 359 
CBF freq dist: (1) 33, (1-100) 2505, (100-1000) 349, (1k-2k) 352, (2k-3k) 14, (3k-5k) 23, (5k-65534) 7, (65k) 0 
frac of unuseful samples too high. Dropping fast tier sampling frequency to 25000 
closing perf counter 0, 0
[INFO] Hybridtier perf sampling freq: 25000
Perf mmap size 135168, page size 4096 
closing perf counter 1, 0
[INFO] Hybridtier perf sampling freq: 25000
Perf mmap size 135168, page size 4096 
closing perf counter 2, 0
[INFO] Hybridtier perf sampling freq: 25000
Perf mmap size 135168, page size 4096 
closing perf counter 3, 0
[INFO] Hybridtier perf sampling freq: 25000
Perf mmap size 135168, page size 4096 
closing perf counter 4, 0
[INFO] Hybridtier perf sampling freq: 25000
Perf mmap size 135168, page size 4096 
closing perf counter 5, 0
[INFO] Hybridtier perf sampling freq: 25000
Perf mmap size 135168, page size 4096 
closing perf counter 6, 0
[INFO] Hybridtier perf sampling freq: 25000
Perf mmap size 135168, page size 4096 
closing perf counter 7, 0
[INFO] Hybridtier perf sampling freq: 25000
Perf mmap size 135168, page size 4096 
closing perf counter 8, 0
[INFO] Hybridtier perf sampling freq: 25000
Perf mmap size 135168, page size 4096 
closing perf counter 9, 0
[INFO] Hybridtier perf sampling freq: 25000
Perf mmap size 135168, page size 4096 
closing perf counter 10, 0
[INFO] Hybridtier perf sampling freq: 25000
Perf mmap size 135168, page size 4096 
closing perf counter 11, 0
[INFO] Hybridtier perf sampling freq: 25000
Perf mmap size 135168, page size 4096 
closing perf counter 12, 0
[INFO] Hybridtier perf sampling freq: 25000
Perf mmap size 135168, page size 4096 
closing perf counter 13, 0
[INFO] Hybridtier perf sampling freq: 25000
Perf mmap size 135168, page size 4096 
closing perf counter 14, 0
[INFO] Hybridtier perf sampling freq: 25000
Perf mmap size 135168, page size 4096 
closing perf counter 15, 0
[INFO] Hybridtier perf sampling freq: 25000
Perf mmap size 135168, page size 4096 
[DEBUG] Halving CBF counters.
collected one batch of samples. pages to migrate = 1635 
start promoting 1054 pages
move page ret -1 
move page error: 12
got ENOMEM. trying against with 210 pages 
second promote attempt return -1
pages migrated: 461, lfu # items: 14259, lfu sample size: 38000000, samples: 38000000, node 0 mem 70152
CBF freq dist: (1) 152, (1-100) 2378, (100-1000) 11354, (1k-2k) 36, (2k-3k) 7, (3k-5k) 5, (5k-65534) 113, (65k) 366 
CBF freq dist: (1) -27, (1-100) 2716, (100-1000) 402, (1k-2k) 73, (2k-3k) 20, (3k-5k) 5, (5k-65534) 1, (65k) 0 
frac of unuseful samples too high. Dropping fast tier sampling frequency to 12500 
closing perf counter 0, 0
[INFO] Hybridtier perf sampling freq: 12500
Perf mmap size 135168, page size 4096 
closing perf counter 1, 0
[INFO] Hybridtier perf sampling freq: 12500
Perf mmap size 135168, page size 4096 
closing perf counter 2, 0
[INFO] Hybridtier perf sampling freq: 12500
Perf mmap size 135168, page size 4096 
closing perf counter 3, 0
[INFO] Hybridtier perf sampling freq: 12500
Perf mmap size 135168, page size 4096 
closing perf counter 4, 0
[INFO] Hybridtier perf sampling freq: 12500
Perf mmap size 135168, page size 4096 
closing perf counter 5, 0
[INFO] Hybridtier perf sampling freq: 12500
Perf mmap size 135168, page size 4096 
closing perf counter 6, 0
[INFO] Hybridtier perf sampling freq: 12500
Perf mmap size 135168, page size 4096 
closing perf counter 7, 0
[INFO] Hybridtier perf sampling freq: 12500
Perf mmap size 135168, page size 4096 
closing perf counter 8, 0
[INFO] Hybridtier perf sampling freq: 12500
Perf mmap size 135168, page size 4096 
closing perf counter 9, 0
[INFO] Hybridtier perf sampling freq: 12500
Perf mmap size 135168, page size 4096 
closing perf counter 10, 0
[INFO] Hybridtier perf sampling freq: 12500
Perf mmap size 135168, page size 4096 
closing perf counter 11, 0
[INFO] Hybridtier perf sampling freq: 12500
Perf mmap size 135168, page size 4096 
closing perf counter 12, 0
[INFO] Hybridtier perf sampling freq: 12500
Perf mmap size 135168, page size 4096 
closing perf counter 13, 0
[INFO] Hybridtier perf sampling freq: 12500
Perf mmap size 135168, page size 4096 
closing perf counter 14, 0
[INFO] Hybridtier perf sampling freq: 12500
Perf mmap size 135168, page size 4096 
closing perf counter 15, 0
[INFO] Hybridtier perf sampling freq: 12500
Perf mmap size 135168, page size 4096 
collected one batch of samples. pages to migrate = 1632 
start promoting 1074 pages
move page ret -1 
move page error: 12
got ENOMEM. trying against with 214 pages 
second promote attempt return -1
pages migrated: 461, lfu # items: 14259, lfu sample size: 38100000, samples: 38100000, node 0 mem 70152
CBF freq dist: (1) 152, (1-100) 2375, (100-1000) 11357, (1k-2k) 36, (2k-3k) 7, (3k-5k) 5, (5k-65534) 111, (65k) 368 
CBF freq dist: (1) -26, (1-100) 2210, (100-1000) 717, (1k-2k) 264, (2k-3k) 21, (3k-5k) 5, (5k-65534) 1, (65k) 0 
collected one batch of samples. pages to migrate = 1768 
start promoting 1213 pages
move page ret -1 
move page error: 12
got ENOMEM. trying against with 242 pages 
second promote attempt return -1
pages migrated: 461, lfu # items: 14262, lfu sample size: 38200000, samples: 38200000, node 0 mem 70152
CBF freq dist: (1) 155, (1-100) 2377, (100-1000) 11358, (1k-2k) 36, (2k-3k) 7, (3k-5k) 5, (5k-65534) 108, (65k) 371 
CBF freq dist: (1) -26, (1-100) 1458, (100-1000) 1450, (1k-2k) 282, (2k-3k) 21, (3k-5k) 6, (5k-65534) 1, (65k) 0 
collected one batch of samples. pages to migrate = 2525 
start promoting 1969 pages
move page ret -1 
move page error: 12
got ENOMEM. trying against with 393 pages 
second promote attempt return -1
pages migrated: 461, lfu # items: 14262, lfu sample size: 38300000, samples: 38300000, node 0 mem 70152
CBF freq dist: (1) 155, (1-100) 2376, (100-1000) 11359, (1k-2k) 36, (2k-3k) 7, (3k-5k) 5, (5k-65534) 103, (65k) 376 
CBF freq dist: (1) -26, (1-100) 959, (100-1000) 1946, (1k-2k) 284, (2k-3k) 14, (3k-5k) 14, (5k-65534) 1, (65k) 0 
collected one batch of samples. pages to migrate = 4160 
start promoting 3584 pages
move page ret -1 
move page error: 12
got ENOMEM. trying against with 716 pages 
second promote attempt return -1
pages migrated: 461, lfu # items: 14262, lfu sample size: 38400000, samples: 38400000, node 0 mem 70152
CBF freq dist: (1) 155, (1-100) 2375, (100-1000) 11359, (1k-2k) 36, (2k-3k) 8, (3k-5k) 5, (5k-65534) 99, (65k) 380 
CBF freq dist: (1) -26, (1-100) 580, (100-1000) 2325, (1k-2k) 284, (2k-3k) 11, (3k-5k) 16, (5k-65534) 2, (65k) 0 
collected one batch of samples. pages to migrate = 6052 
start promoting 5439 pages
move page ret -1 
move page error: 12
got ENOMEM. trying against with 1087 pages 
second promote attempt return -1
pages migrated: 461, lfu # items: 14262, lfu sample size: 38500000, samples: 38500000, node 0 mem 70156
CBF freq dist: (1) 155, (1-100) 2375, (100-1000) 11355, (1k-2k) 40, (2k-3k) 8, (3k-5k) 5, (5k-65534) 98, (65k) 381 
CBF freq dist: (1) -25, (1-100) 472, (100-1000) 2430, (1k-2k) 288, (2k-3k) 9, (3k-5k) 18, (5k-65534) 2, (65k) 0 
[DEBUG] Halving CBF counters.
collected one batch of samples. pages to migrate = 2097 
start promoting 1513 pages
move page ret -1 
move page error: 12
got ENOMEM. trying against with 302 pages 
second promote attempt return -1
pages migrated: 461, lfu # items: 14264, lfu sample size: 38600000, samples: 38600000, node 0 mem 70156
CBF freq dist: (1) 156, (1-100) 2375, (100-1000) 11335, (1k-2k) 62, (2k-3k) 8, (3k-5k) 5, (5k-65534) 97, (65k) 382 
CBF freq dist: (1) 28, (1-100) 1098, (100-1000) 2116, (1k-2k) 24, (2k-3k) 5, (3k-5k) 1, (5k-65534) 0, (65k) 0 
collected one batch of samples. pages to migrate = 3343 
start promoting 2768 pages
move page ret -1 
move page error: 12
got ENOMEM. trying against with 553 pages 
second promote attempt return -1
pages migrated: 461, lfu # items: 14266, lfu sample size: 38700000, samples: 38700000, node 0 mem 70156
CBF freq dist: (1) 156, (1-100) 2376, (100-1000) 11292, (1k-2k) 106, (2k-3k) 8, (3k-5k) 5, (5k-65534) 94, (65k) 385 
CBF freq dist: (1) 29, (1-100) 691, (100-1000) 2518, (1k-2k) 24, (2k-3k) 10, (3k-5k) 2, (5k-65534) 0, (65k) 0 
collected one batch of samples. pages to migrate = 5117 
start promoting 4531 pages
move page ret -1 
move page error: 12
got ENOMEM. trying against with 906 pages 
second promote attempt return -1
pages migrated: 461, lfu # items: 14275, lfu sample size: 38800000, samples: 38800000, node 0 mem 70156
CBF freq dist: (1) 157, (1-100) 2381, (100-1000) 11230, (1k-2k) 171, (2k-3k) 9, (3k-5k) 5, (5k-65534) 92, (65k) 387 
CBF freq dist: (1) 30, (1-100) 474, (100-1000) 2710, (1k-2k) 44, (2k-3k) 15, (3k-5k) 3, (5k-65534) 0, (65k) 0 
collected one batch of samples. pages to migrate = 6757 
start promoting 6143 pages
move page ret -1 
move page error: 12
got ENOMEM. trying against with 1228 pages 
second promote attempt return -1
pages migrated: 461, lfu # items: 14276, lfu sample size: 38900000, samples: 38900000, node 0 mem 70156
CBF freq dist: (1) 157, (1-100) 2380, (100-1000) 11169, (1k-2k) 234, (2k-3k) 8, (3k-5k) 6, (5k-65534) 91, (65k) 388 
CBF freq dist: (1) 30, (1-100) 416, (100-1000) 2611, (1k-2k) 197, (2k-3k) 17, (3k-5k) 6, (5k-65534) 0, (65k) 0 
collected one batch of samples. pages to migrate = 8061 
start promoting 7428 pages
move page ret -1 
move page error: 12
got ENOMEM. trying against with 1485 pages 
second promote attempt return -1
pages migrated: 461, lfu # items: 14276, lfu sample size: 39000000, samples: 39000000, node 0 mem 70156
CBF freq dist: (1) 157, (1-100) 2380, (100-1000) 11098, (1k-2k) 305, (2k-3k) 8, (3k-5k) 6, (5k-65534) 88, (65k) 391 
CBF freq dist: (1) 30, (1-100) 267, (100-1000) 2676, (1k-2k) 280, (2k-3k) 18, (3k-5k) 6, (5k-65534) 0, (65k) 0 
[DEBUG] Halving CBF counters.
collected one batch of samples. pages to migrate = 5295 
start promoting 4684 pages
move page ret -1 
move page error: 12
got ENOMEM. trying against with 936 pages 
second promote attempt return -1
pages migrated: 461, lfu # items: 14277, lfu sample size: 39100000, samples: 39100000, node 0 mem 70156
CBF freq dist: (1) 156, (1-100) 2379, (100-1000) 11038, (1k-2k) 367, (2k-3k) 8, (3k-5k) 6, (5k-65534) 86, (65k) 393 
CBF freq dist: (1) -38, (1-100) 955, (100-1000) 2236, (1k-2k) 25, (2k-3k) 1, (3k-5k) 0, (5k-65534) 0, (65k) 0 
collected one batch of samples. pages to migrate = 4123 
start promoting 3546 pages
move page ret -1 
move page error: 12
got ENOMEM. trying against with 709 pages 
second promote attempt return -1
pages migrated: 461, lfu # items: 14278, lfu sample size: 39200000, samples: 39200000, node 0 mem 70156
CBF freq dist: (1) 157, (1-100) 2379, (100-1000) 10977, (1k-2k) 429, (2k-3k) 8, (3k-5k) 6, (5k-65534) 86, (65k) 393 
CBF freq dist: (1) -37, (1-100) 532, (100-1000) 2659, (1k-2k) 23, (2k-3k) 4, (3k-5k) 0, (5k-65534) 0, (65k) 0 
collected one batch of samples. pages to migrate = 5958 
start promoting 5400 pages
move page ret -1 
move page error: 12
got ENOMEM. trying against with 1080 pages 
second promote attempt return -1
pages migrated: 461, lfu # items: 14278, lfu sample size: 39300000, samples: 39300000, node 0 mem 70156
CBF freq dist: (1) 156, (1-100) 2379, (100-1000) 10933, (1k-2k) 473, (2k-3k) 8, (3k-5k) 6, (5k-65534) 86, (65k) 393 
CBF freq dist: (1) -37, (1-100) 463, (100-1000) 2727, (1k-2k) 23, (2k-3k) 5, (3k-5k) 0, (5k-65534) 0, (65k) 0 
collected one batch of samples. pages to migrate = 7468 
start promoting 6910 pages
move page ret -1 
move page error: 12
got ENOMEM. trying against with 1382 pages 
second promote attempt return -1
pages migrated: 461, lfu # items: 14278, lfu sample size: 39400000, samples: 39400000, node 0 mem 70156
CBF freq dist: (1) 156, (1-100) 2378, (100-1000) 10909, (1k-2k) 498, (2k-3k) 8, (3k-5k) 6, (5k-65534) 85, (65k) 394 
CBF freq dist: (1) -38, (1-100) 317, (100-1000) 2862, (1k-2k) 33, (2k-3k) 6, (3k-5k) 0, (5k-65534) 0, (65k) 0 
collected one batch of samples. pages to migrate = 8913 
start promoting 8362 pages
move page ret -1 
move page error: 12
got ENOMEM. trying against with 1672 pages 
second promote attempt return -1
pages migrated: 461, lfu # items: 14278, lfu sample size: 39500000, samples: 39500000, node 0 mem 70156
CBF freq dist: (1) 156, (1-100) 2378, (100-1000) 10896, (1k-2k) 511, (2k-3k) 8, (3k-5k) 6, (5k-65534) 85, (65k) 394 
CBF freq dist: (1) -38, (1-100) 178, (100-1000) 2963, (1k-2k) 62, (2k-3k) 13, (3k-5k) 2, (5k-65534) 0, (65k) 0 
collected one batch of samples. pages to migrate = 9513 
start promoting 8954 pages
move page ret -1 
move page error: 12
got ENOMEM. trying against with 1790 pages 
second promote attempt return -1
pages migrated: 461, lfu # items: 14278, lfu sample size: 39600000, samples: 39600000, node 0 mem 70156
CBF freq dist: (1) 156, (1-100) 2376, (100-1000) 10889, (1k-2k) 520, (2k-3k) 8, (3k-5k) 6, (5k-65534) 85, (65k) 394 
CBF freq dist: (1) -38, (1-100) 149, (100-1000) 2908, (1k-2k) 144, (2k-3k) 13, (3k-5k) 4, (5k-65534) 0, (65k) 0 
[DEBUG] Halving CBF counters.
collected one batch of samples. pages to migrate = 4082 
start promoting 3514 pages
move page ret -1 
move page error: 12
got ENOMEM. trying against with 702 pages 
second promote attempt return -1
pages migrated: 461, lfu # items: 14278, lfu sample size: 39700000, samples: 39700000, node 0 mem 70156
CBF freq dist: (1) 156, (1-100) 2376, (100-1000) 10884, (1k-2k) 525, (2k-3k) 8, (3k-5k) 6, (5k-65534) 84, (65k) 395 
CBF freq dist: (1) 38, (1-100) 550, (100-1000) 2683, (1k-2k) 23, (2k-3k) 0, (3k-5k) 0, (5k-65534) 0, (65k) 0 
collected one batch of samples. pages to migrate = 5882 
start promoting 5345 pages
move page ret -1 
move page error: 12
got ENOMEM. trying against with 1069 pages 
second promote attempt return -1
pages migrated: 461, lfu # items: 14278, lfu sample size: 39800000, samples: 39800000, node 0 mem 70156
CBF freq dist: (1) 156, (1-100) 2375, (100-1000) 10882, (1k-2k) 528, (2k-3k) 8, (3k-5k) 6, (5k-65534) 84, (65k) 395 
CBF freq dist: (1) 38, (1-100) 495, (100-1000) 2737, (1k-2k) 21, (2k-3k) 3, (3k-5k) 0, (5k-65534) 0, (65k) 0 
collected one batch of samples. pages to migrate = 7349 
start promoting 6804 pages
move page ret -1 
move page error: 12
got ENOMEM. trying against with 1360 pages 
second promote attempt return -1
pages migrated: 461, lfu # items: 14278, lfu sample size: 39900000, samples: 39900000, node 0 mem 70156
CBF freq dist: (1) 156, (1-100) 2373, (100-1000) 10882, (1k-2k) 530, (2k-3k) 8, (3k-5k) 6, (5k-65534) 84, (65k) 395 
CBF freq dist: (1) 38, (1-100) 349, (100-1000) 2882, (1k-2k) 20, (2k-3k) 5, (3k-5k) 0, (5k-65534) 0, (65k) 0 
[DEBUG] Number of hot pages promoted in 50 batches = 0 
[INFO] Reached promotion plateau. cur hot page size 2738880512, fast mem 80% 3435973836
[INFO] Decrease hot thresh to 600.
num_perf_record_lost count 400
collected one batch of samples. pages to migrate = 9419 
start promoting 8875 pages
move page ret -1 
move page error: 12
got ENOMEM. trying against with 1775 pages 
second promote attempt return -1
pages migrated: 461, lfu # items: 14278, lfu sample size: 40000000, samples: 40000000, node 0 mem 70156
CBF freq dist: (1) 156, (1-100) 2373, (100-1000) 10880, (1k-2k) 532, (2k-3k) 8, (3k-5k) 6, (5k-65534) 84, (65k) 395 
CBF freq dist: (1) 39, (1-100) 209, (100-1000) 3014, (1k-2k) 29, (2k-3k) 5, (3k-5k) 0, (5k-65534) 0, (65k) 0 
collected one batch of samples. pages to migrate = 10071 
start promoting 9504 pages
move page ret -1 
move page error: 12
got ENOMEM. trying against with 1900 pages 
second promote attempt return -1
pages migrated: 461, lfu # items: 14278, lfu sample size: 40100000, samples: 40100000, node 0 mem 70176
CBF freq dist: (1) 156, (1-100) 2373, (100-1000) 10876, (1k-2k) 536, (2k-3k) 8, (3k-5k) 6, (5k-65534) 84, (65k) 395 
CBF freq dist: (1) 39, (1-100) 172, (100-1000) 3010, (1k-2k) 61, (2k-3k) 13, (3k-5k) 1, (5k-65534) 0, (65k) 0 
[DEBUG] Halving CBF counters.
collected one batch of samples. pages to migrate = 8446 
start promoting 7783 pages
move page ret -1 
move page error: 12
got ENOMEM. trying against with 1556 pages 
second promote attempt return -1
pages migrated: 461, lfu # items: 14284, lfu sample size: 40200000, samples: 40200000, node 0 mem 70180
CBF freq dist: (1) 157, (1-100) 2377, (100-1000) 10873, (1k-2k) 541, (2k-3k) 8, (3k-5k) 6, (5k-65534) 84, (65k) 395 
CBF freq dist: (1) -24, (1-100) 701, (100-1000) 2500, (1k-2k) 17, (2k-3k) 0, (3k-5k) 0, (5k-65534) 0, (65k) 0 
collected one batch of samples. pages to migrate = 8083 
start promoting 7515 pages
move page ret -1 
move page error: 12
got ENOMEM. trying against with 1503 pages 
second promote attempt return -1
pages migrated: 461, lfu # items: 14284, lfu sample size: 40300000, samples: 40300000, node 0 mem 70180
CBF freq dist: (1) 156, (1-100) 2375, (100-1000) 10872, (1k-2k) 544, (2k-3k) 8, (3k-5k) 6, (5k-65534) 84, (65k) 395 
CBF freq dist: (1) -24, (1-100) 618, (100-1000) 2577, (1k-2k) 23, (2k-3k) 0, (3k-5k) 0, (5k-65534) 0, (65k) 0 
collected one batch of samples. pages to migrate = 9434 
start promoting 8886 pages
move page ret -1 
move page error: 12
got ENOMEM. trying against with 1777 pages 
second promote attempt return -1
pages migrated: 461, lfu # items: 14284, lfu sample size: 40400000, samples: 40400000, node 0 mem 70180
CBF freq dist: (1) 156, (1-100) 2373, (100-1000) 10867, (1k-2k) 551, (2k-3k) 8, (3k-5k) 6, (5k-65534) 84, (65k) 395 
CBF freq dist: (1) -24, (1-100) 500, (100-1000) 2694, (1k-2k) 23, (2k-3k) 1, (3k-5k) 0, (5k-65534) 0, (65k) 0 
collected one batch of samples. pages to migrate = 10391 
start promoting 9845 pages
move page ret -1 
move page error: 12
got ENOMEM. trying against with 1969 pages 
second promote attempt return -1
pages migrated: 461, lfu # items: 14284, lfu sample size: 40500000, samples: 40500000, node 0 mem 70184
CBF freq dist: (1) 156, (1-100) 2371, (100-1000) 10867, (1k-2k) 553, (2k-3k) 8, (3k-5k) 6, (5k-65534) 84, (65k) 395 
CBF freq dist: (1) -24, (1-100) 325, (100-1000) 2866, (1k-2k) 23, (2k-3k) 4, (3k-5k) 0, (5k-65534) 0, (65k) 0 
collected one batch of samples. pages to migrate = 10981 
start promoting 10425 pages
move page ret -1 
move page error: 12
got ENOMEM. trying against with 2085 pages 
second promote attempt return -1
pages migrated: 461, lfu # items: 14284, lfu sample size: 40600000, samples: 40600000, node 0 mem 70184
CBF freq dist: (1) 156, (1-100) 2370, (100-1000) 10860, (1k-2k) 561, (2k-3k) 7, (3k-5k) 7, (5k-65534) 84, (65k) 395 
CBF freq dist: (1) -24, (1-100) 280, (100-1000) 2901, (1k-2k) 33, (2k-3k) 4, (3k-5k) 0, (5k-65534) 0, (65k) 0 
collected one batch of samples. pages to migrate = 11209 
start promoting 10643 pages
move page ret -1 
move page error: 12
got ENOMEM. trying against with 2128 pages 
second promote attempt return -1
pages migrated: 461, lfu # items: 14284, lfu sample size: 40700000, samples: 40700000, node 0 mem 70184
CBF freq dist: (1) 156, (1-100) 2367, (100-1000) 10856, (1k-2k) 568, (2k-3k) 7, (3k-5k) 7, (5k-65534) 84, (65k) 395 
CBF freq dist: (1) -24, (1-100) 277, (100-1000) 2845, (1k-2k) 83, (2k-3k) 12, (3k-5k) 1, (5k-65534) 0, (65k) 0 
[DEBUG] Halving CBF counters.
collected one batch of samples. pages to migrate = 10324 
start promoting 9779 pages
move page ret -1 
move page error: 12
got ENOMEM. trying against with 1955 pages 
second promote attempt return -1
pages migrated: 461, lfu # items: 14284, lfu sample size: 40800000, samples: 40800000, node 0 mem 70184
CBF freq dist: (1) 156, (1-100) 2366, (100-1000) 10851, (1k-2k) 574, (2k-3k) 7, (3k-5k) 7, (5k-65534) 83, (65k) 396 
CBF freq dist: (1) -28, (1-100) 644, (100-1000) 2577, (1k-2k) 21, (2k-3k) 0, (3k-5k) 0, (5k-65534) 0, (65k) 0 
collected one batch of samples. pages to migrate = 10984 
start promoting 10451 pages
move page ret -1 
move page error: 12
got ENOMEM. trying against with 2090 pages 
second promote attempt return -1
pages migrated: 461, lfu # items: 14284, lfu sample size: 40900000, samples: 40900000, node 0 mem 70184
CBF freq dist: (1) 156, (1-100) 2366, (100-1000) 10847, (1k-2k) 578, (2k-3k) 7, (3k-5k) 7, (5k-65534) 83, (65k) 396 
CBF freq dist: (1) -26, (1-100) 595, (100-1000) 2624, (1k-2k) 24, (2k-3k) 1, (3k-5k) 0, (5k-65534) 0, (65k) 0 
collected one batch of samples. pages to migrate = 11189 
start promoting 10620 pages
move page ret -1 
move page error: 12
got ENOMEM. trying against with 2124 pages 
second promote attempt return -1
pages migrated: 461, lfu # items: 14284, lfu sample size: 41000000, samples: 41000000, node 0 mem 70184
CBF freq dist: (1) 156, (1-100) 2361, (100-1000) 10850, (1k-2k) 580, (2k-3k) 7, (3k-5k) 7, (5k-65534) 83, (65k) 396 
CBF freq dist: (1) -26, (1-100) 441, (100-1000) 2776, (1k-2k) 23, (2k-3k) 4, (3k-5k) 0, (5k-65534) 0, (65k) 0 
collected one batch of samples. pages to migrate = 11568 
start promoting 10987 pages
move page ret -1 
move page error: 12
got ENOMEM. trying against with 2197 pages 
second promote attempt return -1
pages migrated: 461, lfu # items: 14284, lfu sample size: 41100000, samples: 41100000, node 0 mem 70184
CBF freq dist: (1) 156, (1-100) 2359, (100-1000) 10849, (1k-2k) 583, (2k-3k) 7, (3k-5k) 7, (5k-65534) 83, (65k) 396 
CBF freq dist: (1) -27, (1-100) 319, (100-1000) 2894, (1k-2k) 25, (2k-3k) 6, (3k-5k) 0, (5k-65534) 0, (65k) 0 
collected one batch of samples. pages to migrate = 11675 
start promoting 11100 pages
move page ret -1 
move page error: 12
got ENOMEM. trying against with 2220 pages 
second promote attempt return -1
pages migrated: 461, lfu # items: 14284, lfu sample size: 41200000, samples: 41200000, node 0 mem 70184
CBF freq dist: (1) 156, (1-100) 2356, (100-1000) 10847, (1k-2k) 588, (2k-3k) 7, (3k-5k) 7, (5k-65534) 83, (65k) 396 
CBF freq dist: (1) -28, (1-100) 302, (100-1000) 2873, (1k-2k) 58, (2k-3k) 11, (3k-5k) 0, (5k-65534) 0, (65k) 0 
[DEBUG] Halving CBF counters.
collected one batch of samples. pages to migrate = 11429 
start promoting 10852 pages
move page ret -1 
move page error: 12
got ENOMEM. trying against with 2170 pages 
second promote attempt return -1
pages migrated: 461, lfu # items: 14284, lfu sample size: 41300000, samples: 41300000, node 0 mem 70184
CBF freq dist: (1) 156, (1-100) 2354, (100-1000) 10847, (1k-2k) 590, (2k-3k) 7, (3k-5k) 7, (5k-65534) 83, (65k) 396 
CBF freq dist: (1) 21, (1-100) 717, (100-1000) 2534, (1k-2k) 21, (2k-3k) 0, (3k-5k) 0, (5k-65534) 0, (65k) 0 
collected one batch of samples. pages to migrate = 11551 
start promoting 10912 pages
move page ret -1 
move page error: 12
got ENOMEM. trying against with 2182 pages 
second promote attempt return -1
pages migrated: 461, lfu # items: 14288, lfu sample size: 41400000, samples: 41400000, node 0 mem 70184
CBF freq dist: (1) 158, (1-100) 2353, (100-1000) 10851, (1k-2k) 591, (2k-3k) 7, (3k-5k) 7, (5k-65534) 83, (65k) 396 
CBF freq dist: (1) 20, (1-100) 623, (100-1000) 2621, (1k-2k) 27, (2k-3k) 1, (3k-5k) 0, (5k-65534) 0, (65k) 0 
collected one batch of samples. pages to migrate = 11720 
start promoting 11152 pages
move page ret -1 
move page error: 12
got ENOMEM. trying against with 2230 pages 
second promote attempt return -1
pages migrated: 461, lfu # items: 14288, lfu sample size: 41500000, samples: 41500000, node 0 mem 70184
CBF freq dist: (1) 157, (1-100) 2353, (100-1000) 10850, (1k-2k) 592, (2k-3k) 7, (3k-5k) 7, (5k-65534) 83, (65k) 396 
CBF freq dist: (1) 20, (1-100) 550, (100-1000) 2694, (1k-2k) 25, (2k-3k) 4, (3k-5k) 0, (5k-65534) 0, (65k) 0 
collected one batch of samples. pages to migrate = 11785 
start promoting 11213 pages
move page ret -1 
move page error: 12
got ENOMEM. trying against with 2242 pages 
second promote attempt return -1
pages migrated: 461, lfu # items: 14288, lfu sample size: 41600000, samples: 41600000, node 0 mem 70184
CBF freq dist: (1) 157, (1-100) 2353, (100-1000) 10848, (1k-2k) 594, (2k-3k) 6, (3k-5k) 8, (5k-65534) 83, (65k) 396 
CBF freq dist: (1) 19, (1-100) 353, (100-1000) 2885, (1k-2k) 30, (2k-3k) 5, (3k-5k) 0, (5k-65534) 0, (65k) 0 
collected one batch of samples. pages to migrate = 11796 
start promoting 11237 pages
move page ret -1 
move page error: 12
got ENOMEM. trying against with 2247 pages 
second promote attempt return -1
pages migrated: 461, lfu # items: 14288, lfu sample size: 41700000, samples: 41700000, node 0 mem 70184
CBF freq dist: (1) 157, (1-100) 2353, (100-1000) 10848, (1k-2k) 594, (2k-3k) 6, (3k-5k) 8, (5k-65534) 83, (65k) 396 
CBF freq dist: (1) 19, (1-100) 281, (100-1000) 2934, (1k-2k) 49, (2k-3k) 9, (3k-5k) 0, (5k-65534) 0, (65k) 0 
collected one batch of samples. pages to migrate = 11792 
start promoting 11234 pages
move page ret -1 
move page error: 12
got ENOMEM. trying against with 2246 pages 
second promote attempt return -1
pages migrated: 461, lfu # items: 14288, lfu sample size: 41800000, samples: 41800000, node 0 mem 70184
CBF freq dist: (1) 157, (1-100) 2352, (100-1000) 10849, (1k-2k) 594, (2k-3k) 6, (3k-5k) 8, (5k-65534) 83, (65k) 396 
CBF freq dist: (1) 20, (1-100) 277, (100-1000) 2880, (1k-2k) 102, (2k-3k) 14, (3k-5k) 1, (5k-65534) 0, (65k) 0 
[DEBUG] Halving CBF counters.
collected one batch of samples. pages to migrate = 11798 
start promoting 11226 pages
move page ret -1 
move page error: 12
got ENOMEM. trying against with 2245 pages 
second promote attempt return -1
pages migrated: 461, lfu # items: 14288, lfu sample size: 41900000, samples: 41900000, node 0 mem 70184
CBF freq dist: (1) 157, (1-100) 2352, (100-1000) 10848, (1k-2k) 595, (2k-3k) 6, (3k-5k) 8, (5k-65534) 83, (65k) 396 
CBF freq dist: (1) -20, (1-100) 639, (100-1000) 2593, (1k-2k) 22, (2k-3k) 0, (3k-5k) 0, (5k-65534) 0, (65k) 0 
collected one batch of samples. pages to migrate = 11785 
start promoting 11224 pages
move page ret -1 
move page error: 12
got ENOMEM. trying against with 2244 pages 
second promote attempt return -1
pages migrated: 461, lfu # items: 14288, lfu sample size: 42000000, samples: 42000000, node 0 mem 69700
CBF freq dist: (1) 157, (1-100) 2351, (100-1000) 10848, (1k-2k) 596, (2k-3k) 6, (3k-5k) 8, (5k-65534) 83, (65k) 396 
CBF freq dist: (1) -21, (1-100) 603, (100-1000) 2626, (1k-2k) 24, (2k-3k) 1, (3k-5k) 0, (5k-65534) 0, (65k) 0 
collected one batch of samples. pages to migrate = 11807 
start promoting 11252 pages
move page ret -1 
move page error: 12
got ENOMEM. trying against with 2250 pages 
second promote attempt return -1
pages migrated: 461, lfu # items: 14288, lfu sample size: 42100000, samples: 42100000, node 0 mem 69700
CBF freq dist: (1) 157, (1-100) 2351, (100-1000) 10848, (1k-2k) 596, (2k-3k) 6, (3k-5k) 8, (5k-65534) 83, (65k) 396 
CBF freq dist: (1) -21, (1-100) 422, (100-1000) 2805, (1k-2k) 23, (2k-3k) 4, (3k-5k) 0, (5k-65534) 0, (65k) 0 
collected one batch of samples. pages to migrate = 11809 
start promoting 11256 pages
move page ret -1 
move page error: 12
got ENOMEM. trying against with 2251 pages 
second promote attempt return -1
pages migrated: 461, lfu # items: 14288, lfu sample size: 42200000, samples: 42200000, node 0 mem 69700
CBF freq dist: (1) 157, (1-100) 2349, (100-1000) 10848, (1k-2k) 598, (2k-3k) 6, (3k-5k) 8, (5k-65534) 83, (65k) 396 
CBF freq dist: (1) -21, (1-100) 308, (100-1000) 2912, (1k-2k) 29, (2k-3k) 5, (3k-5k) 0, (5k-65534) 0, (65k) 0 
collected one batch of samples. pages to migrate = 11820 
start promoting 11259 pages
move page ret -1 
move page error: 12
got ENOMEM. trying against with 2251 pages 
second promote attempt return -1
pages migrated: 461, lfu # items: 14288, lfu sample size: 42300000, samples: 42300000, node 0 mem 69700
CBF freq dist: (1) 157, (1-100) 2348, (100-1000) 10849, (1k-2k) 598, (2k-3k) 6, (3k-5k) 8, (5k-65534) 83, (65k) 396 
CBF freq dist: (1) -20, (1-100) 294, (100-1000) 2899, (1k-2k) 51, (2k-3k) 11, (3k-5k) 0, (5k-65534) 0, (65k) 0 
[DEBUG] Halving CBF counters.
collected one batch of samples. pages to migrate = 11822 
start promoting 11254 pages
move page ret -1 
move page error: 12
got ENOMEM. trying against with 2250 pages 
second promote attempt return -1
pages migrated: 461, lfu # items: 14288, lfu sample size: 42400000, samples: 42400000, node 0 mem 69700
CBF freq dist: (1) 157, (1-100) 2346, (100-1000) 10848, (1k-2k) 601, (2k-3k) 6, (3k-5k) 8, (5k-65534) 83, (65k) 396 
CBF freq dist: (1) 68, (1-100) 621, (100-1000) 2638, (1k-2k) 16, (2k-3k) 0, (3k-5k) 0, (5k-65534) 0, (65k) 0 
collected one batch of samples. pages to migrate = 11789 
start promoting 11233 pages
move page ret -1 
move page error: 12
got ENOMEM. trying against with 2246 pages 
second promote attempt return -1
pages migrated: 461, lfu # items: 14288, lfu sample size: 42500000, samples: 42500000, node 0 mem 69952
CBF freq dist: (1) 157, (1-100) 2345, (100-1000) 10845, (1k-2k) 605, (2k-3k) 6, (3k-5k) 8, (5k-65534) 83, (65k) 396 
CBF freq dist: (1) 68, (1-100) 558, (100-1000) 2693, (1k-2k) 24, (2k-3k) 0, (3k-5k) 0, (5k-65534) 0, (65k) 0 
collected one batch of samples. pages to migrate = 11691 
start promoting 11126 pages
move page ret -1 
move page error: 12
got ENOMEM. trying against with 2225 pages 
second promote attempt return -1
pages migrated: 461, lfu # items: 14288, lfu sample size: 42600000, samples: 42600000, node 0 mem 69952
CBF freq dist: (1) 157, (1-100) 2342, (100-1000) 10847, (1k-2k) 606, (2k-3k) 6, (3k-5k) 8, (5k-65534) 83, (65k) 396 
CBF freq dist: (1) 68, (1-100) 474, (100-1000) 2774, (1k-2k) 24, (2k-3k) 3, (3k-5k) 0, (5k-65534) 0, (65k) 0 
collected one batch of samples. pages to migrate = 11855 
start promoting 11250 pages
move page ret -1 
move page error: 12
got ENOMEM. trying against with 2250 pages 
second promote attempt return -1
pages migrated: 461, lfu # items: 14289, lfu sample size: 42700000, samples: 42700000, node 0 mem 69952
CBF freq dist: (1) 157, (1-100) 2343, (100-1000) 10844, (1k-2k) 609, (2k-3k) 6, (3k-5k) 8, (5k-65534) 83, (65k) 396 
CBF freq dist: (1) 68, (1-100) 292, (100-1000) 2952, (1k-2k) 28, (2k-3k) 3, (3k-5k) 0, (5k-65534) 0, (65k) 0 
collected one batch of samples. pages to migrate = 11906 
start promoting 11257 pages
move page ret -1 
move page error: 12
got ENOMEM. trying against with 2251 pages 
second promote attempt return -1
pages migrated: 461, lfu # items: 14289, lfu sample size: 42800000, samples: 42800000, node 0 mem 69952
CBF freq dist: (1) 157, (1-100) 2342, (100-1000) 10841, (1k-2k) 613, (2k-3k) 6, (3k-5k) 8, (5k-65534) 83, (65k) 396 
CBF freq dist: (1) 70, (1-100) 234, (100-1000) 2996, (1k-2k) 44, (2k-3k) 3, (3k-5k) 0, (5k-65534) 0, (65k) 0 
collected one batch of samples. pages to migrate = 11813 
start promoting 11254 pages
move page ret -1 
move page error: 12
got ENOMEM. trying against with 2250 pages 
second promote attempt return -1
pages migrated: 461, lfu # items: 14289, lfu sample size: 42900000, samples: 42900000, node 0 mem 69952
CBF freq dist: (1) 157, (1-100) 2342, (100-1000) 10839, (1k-2k) 615, (2k-3k) 6, (3k-5k) 8, (5k-65534) 83, (65k) 396 
CBF freq dist: (1) 69, (1-100) 230, (100-1000) 2942, (1k-2k) 95, (2k-3k) 9, (3k-5k) 1, (5k-65534) 0, (65k) 0 
[DEBUG] Halving CBF counters.
collected one batch of samples. pages to migrate = 11811 
start promoting 11248 pages
move page ret -1 
move page error: 12
got ENOMEM. trying against with 2249 pages 
second promote attempt return -1
pages migrated: 461, lfu # items: 14289, lfu sample size: 43000000, samples: 43000000, node 0 mem 69952
CBF freq dist: (1) 157, (1-100) 2342, (100-1000) 10837, (1k-2k) 617, (2k-3k) 6, (3k-5k) 8, (5k-65534) 83, (65k) 396 
CBF freq dist: (1) 36, (1-100) 561, (100-1000) 2630, (1k-2k) 17, (2k-3k) 0, (3k-5k) 0, (5k-65534) 0, (65k) 0 
collected one batch of samples. pages to migrate = 11804 
start promoting 11256 pages
move page ret -1 
move page error: 12
got ENOMEM. trying against with 2251 pages 
second promote attempt return -1
pages migrated: 461, lfu # items: 14289, lfu sample size: 43100000, samples: 43100000, node 0 mem 69952
CBF freq dist: (1) 157, (1-100) 2339, (100-1000) 10840, (1k-2k) 617, (2k-3k) 6, (3k-5k) 8, (5k-65534) 83, (65k) 396 
CBF freq dist: (1) 37, (1-100) 508, (100-1000) 2680, (1k-2k) 21, (2k-3k) 0, (3k-5k) 0, (5k-65534) 0, (65k) 0 
collected one batch of samples. pages to migrate = 11815 
start promoting 11253 pages
move page ret -1 
move page error: 12
got ENOMEM. trying against with 2250 pages 
second promote attempt return -1
pages migrated: 461, lfu # items: 14289, lfu sample size: 43200000, samples: 43200000, node 0 mem 69952
CBF freq dist: (1) 157, (1-100) 2337, (100-1000) 10841, (1k-2k) 618, (2k-3k) 6, (3k-5k) 8, (5k-65534) 83, (65k) 396 
CBF freq dist: (1) 37, (1-100) 307, (100-1000) 2880, (1k-2k) 20, (2k-3k) 2, (3k-5k) 0, (5k-65534) 0, (65k) 0 
collected one batch of samples. pages to migrate = 11835 
start promoting 11257 pages
move page ret -1 
move page error: 12
got ENOMEM. trying against with 2251 pages 
second promote attempt return -1
pages migrated: 461, lfu # items: 14290, lfu sample size: 43300000, samples: 43300000, node 0 mem 69952
CBF freq dist: (1) 158, (1-100) 2333, (100-1000) 10845, (1k-2k) 619, (2k-3k) 6, (3k-5k) 8, (5k-65534) 83, (65k) 396 
CBF freq dist: (1) 37, (1-100) 218, (100-1000) 2965, (1k-2k) 23, (2k-3k) 3, (3k-5k) 0, (5k-65534) 0, (65k) 0 
collected one batch of samples. pages to migrate = 11783 
start promoting 11242 pages
move page ret -1 
move page error: 12
got ENOMEM. trying against with 2248 pages 
second promote attempt return -1
pages migrated: 461, lfu # items: 14290, lfu sample size: 43400000, samples: 43400000, node 0 mem 69952
CBF freq dist: (1) 158, (1-100) 2333, (100-1000) 10842, (1k-2k) 622, (2k-3k) 6, (3k-5k) 8, (5k-65534) 83, (65k) 396 
CBF freq dist: (1) 37, (1-100) 212, (100-1000) 2952, (1k-2k) 42, (2k-3k) 3, (3k-5k) 0, (5k-65534) 0, (65k) 0 
[DEBUG] Halving CBF counters.
collected one batch of samples. pages to migrate = 11813 
start promoting 11257 pages
move page ret -1 
move page error: 12
got ENOMEM. trying against with 2251 pages 
second promote attempt return -1
pages migrated: 461, lfu # items: 14290, lfu sample size: 43500000, samples: 43500000, node 0 mem 70184
CBF freq dist: (1) 158, (1-100) 2333, (100-1000) 10840, (1k-2k) 624, (2k-3k) 6, (3k-5k) 8, (5k-65534) 83, (65k) 396 
CBF freq dist: (1) 33, (1-100) 599, (100-1000) 2562, (1k-2k) 11, (2k-3k) 0, (3k-5k) 0, (5k-65534) 0, (65k) 0 
collected one batch of samples. pages to migrate = 11774 
start promoting 11220 pages
move page ret -1 
move page error: 12
got ENOMEM. trying against with 2244 pages 
second promote attempt return -1
pages migrated: 461, lfu # items: 14290, lfu sample size: 43600000, samples: 43600000, node 0 mem 70184
CBF freq dist: (1) 158, (1-100) 2333, (100-1000) 10838, (1k-2k) 626, (2k-3k) 6, (3k-5k) 8, (5k-65534) 83, (65k) 396 
CBF freq dist: (1) 33, (1-100) 559, (100-1000) 2595, (1k-2k) 18, (2k-3k) 0, (3k-5k) 0, (5k-65534) 0, (65k) 0 
collected one batch of samples. pages to migrate = 11819 
start promoting 11255 pages
move page ret -1 
move page error: 12
got ENOMEM. trying against with 2251 pages 
second promote attempt return -1
pages migrated: 461, lfu # items: 14290, lfu sample size: 43700000, samples: 43700000, node 0 mem 70184
CBF freq dist: (1) 158, (1-100) 2332, (100-1000) 10837, (1k-2k) 628, (2k-3k) 6, (3k-5k) 8, (5k-65534) 83, (65k) 396 
CBF freq dist: (1) 33, (1-100) 428, (100-1000) 2723, (1k-2k) 20, (2k-3k) 1, (3k-5k) 0, (5k-65534) 0, (65k) 0 
collected one batch of samples. pages to migrate = 11770 
start promoting 11194 pages
move page ret -1 
move page error: 12
got ENOMEM. trying against with 2238 pages 
second promote attempt return -1
pages migrated: 461, lfu # items: 14290, lfu sample size: 43800000, samples: 43800000, node 0 mem 70184
CBF freq dist: (1) 158, (1-100) 2330, (100-1000) 10835, (1k-2k) 631, (2k-3k) 7, (3k-5k) 8, (5k-65534) 83, (65k) 396 
CBF freq dist: (1) 33, (1-100) 281, (100-1000) 2866, (1k-2k) 21, (2k-3k) 4, (3k-5k) 0, (5k-65534) 0, (65k) 0 
collected one batch of samples. pages to migrate = 11811 
start promoting 11251 pages
move page ret -1 
move page error: 12
got ENOMEM. trying against with 2250 pages 
second promote attempt return -1
pages migrated: 461, lfu # items: 14290, lfu sample size: 43900000, samples: 43900000, node 0 mem 70184
CBF freq dist: (1) 158, (1-100) 2330, (100-1000) 10834, (1k-2k) 632, (2k-3k) 7, (3k-5k) 8, (5k-65534) 83, (65k) 396 
CBF freq dist: (1) 33, (1-100) 232, (100-1000) 2903, (1k-2k) 31, (2k-3k) 6, (3k-5k) 0, (5k-65534) 0, (65k) 0 
collected one batch of samples. pages to migrate = 11817 
start promoting 11252 pages
move page ret -1 
move page error: 12
got ENOMEM. trying against with 2250 pages 
second promote attempt return -1
pages migrated: 461, lfu # items: 14290, lfu sample size: 44000000, samples: 44000000, node 0 mem 70184
CBF freq dist: (1) 158, (1-100) 2329, (100-1000) 10831, (1k-2k) 636, (2k-3k) 7, (3k-5k) 8, (5k-65534) 83, (65k) 396 
CBF freq dist: (1) 33, (1-100) 229, (100-1000) 2862, (1k-2k) 70, (2k-3k) 12, (3k-5k) 0, (5k-65534) 0, (65k) 0 
[DEBUG] Halving CBF counters.
collected one batch of samples. pages to migrate = 11805 
start promoting 11249 pages
move page ret -1 
move page error: 12
got ENOMEM. trying against with 2249 pages 
second promote attempt return -1
pages migrated: 461, lfu # items: 14290, lfu sample size: 44100000, samples: 44100000, node 0 mem 70184
CBF freq dist: (1) 158, (1-100) 2325, (100-1000) 10831, (1k-2k) 640, (2k-3k) 7, (3k-5k) 8, (5k-65534) 83, (65k) 396 
CBF freq dist: (1) 1, (1-100) 492, (100-1000) 2627, (1k-2k) 21, (2k-3k) 0, (3k-5k) 0, (5k-65534) 0, (65k) 0 
collected one batch of samples. pages to migrate = 11801 
start promoting 11258 pages
move page ret -1 
move page error: 12
got ENOMEM. trying against with 2251 pages 
second promote attempt return -1
pages migrated: 461, lfu # items: 14293, lfu sample size: 44200000, samples: 44200000, node 0 mem 70184
CBF freq dist: (1) 159, (1-100) 2328, (100-1000) 10826, (1k-2k) 645, (2k-3k) 7, (3k-5k) 8, (5k-65534) 83, (65k) 396 
CBF freq dist: (1) 0, (1-100) 435, (100-1000) 2680, (1k-2k) 25, (2k-3k) 0, (3k-5k) 0, (5k-65534) 0, (65k) 0 
collected one batch of samples. pages to migrate = 11788 
start promoting 11252 pages
move page ret -1 
move page error: 12
got ENOMEM. trying against with 2250 pages 
second promote attempt return -1
pages migrated: 461, lfu # items: 14295, lfu sample size: 44300000, samples: 44300000, node 0 mem 70188
CBF freq dist: (1) 159, (1-100) 2330, (100-1000) 10818, (1k-2k) 653, (2k-3k) 7, (3k-5k) 8, (5k-65534) 83, (65k) 396 
CBF freq dist: (1) 0, (1-100) 230, (100-1000) 2883, (1k-2k) 25, (2k-3k) 2, (3k-5k) 0, (5k-65534) 0, (65k) 0 
num_perf_record_lost count 500
collected one batch of samples. pages to migrate = 11710 
start promoting 11141 pages
move page ret -1 
move page error: 12
got ENOMEM. trying against with 2228 pages 
second promote attempt return -1
pages migrated: 461, lfu # items: 14295, lfu sample size: 44400000, samples: 44400000, node 0 mem 70188
CBF freq dist: (1) 159, (1-100) 2329, (100-1000) 10818, (1k-2k) 654, (2k-3k) 7, (3k-5k) 8, (5k-65534) 83, (65k) 396 
CBF freq dist: (1) 0, (1-100) 164, (100-1000) 2936, (1k-2k) 36, (2k-3k) 4, (3k-5k) 0, (5k-65534) 0, (65k) 0 
collected one batch of samples. pages to migrate = 11802 
start promoting 11248 pages
move page ret -1 
move page error: 12
got ENOMEM. trying against with 2249 pages 
second promote attempt return -1
pages migrated: 461, lfu # items: 14295, lfu sample size: 44500000, samples: 44500000, node 0 mem 70188
CBF freq dist: (1) 159, (1-100) 2328, (100-1000) 10813, (1k-2k) 660, (2k-3k) 7, (3k-5k) 8, (5k-65534) 83, (65k) 396 
CBF freq dist: (1) 0, (1-100) 149, (100-1000) 2920, (1k-2k) 61, (2k-3k) 10, (3k-5k) 0, (5k-65534) 0, (65k) 0 
[DEBUG] Halving CBF counters.
collected one batch of samples. pages to migrate = 11808 
start promoting 11259 pages
move page ret -1 
move page error: 12
got ENOMEM. trying against with 2251 pages 
second promote attempt return -1
pages migrated: 461, lfu # items: 14296, lfu sample size: 44600000, samples: 44600000, node 0 mem 70188
CBF freq dist: (1) 160, (1-100) 2328, (100-1000) 10803, (1k-2k) 671, (2k-3k) 7, (3k-5k) 8, (5k-65534) 83, (65k) 396 
CBF freq dist: (1) 38, (1-100) 573, (100-1000) 2550, (1k-2k) 17, (2k-3k) 0, (3k-5k) 0, (5k-65534) 0, (65k) 0 
collected one batch of samples. pages to migrate = 11762 
start promoting 11229 pages
move page ret -1 
move page error: 12
got ENOMEM. trying against with 2245 pages 
second promote attempt return -1
pages migrated: 461, lfu # items: 14296, lfu sample size: 44700000, samples: 44700000, node 0 mem 70188
CBF freq dist: (1) 160, (1-100) 2327, (100-1000) 10796, (1k-2k) 679, (2k-3k) 7, (3k-5k) 8, (5k-65534) 83, (65k) 396 
CBF freq dist: (1) 38, (1-100) 506, (100-1000) 2612, (1k-2k) 22, (2k-3k) 0, (3k-5k) 0, (5k-65534) 0, (65k) 0 
collected one batch of samples. pages to migrate = 11788 
start promoting 11253 pages
move page ret -1 
move page error: 12
got ENOMEM. trying against with 2250 pages 
second promote attempt return -1
pages migrated: 461, lfu # items: 14296, lfu sample size: 44800000, samples: 44800000, node 0 mem 70188
CBF freq dist: (1) 160, (1-100) 2327, (100-1000) 10788, (1k-2k) 687, (2k-3k) 7, (3k-5k) 8, (5k-65534) 83, (65k) 396 
CBF freq dist: (1) 37, (1-100) 352, (100-1000) 2763, (1k-2k) 24, (2k-3k) 1, (3k-5k) 0, (5k-65534) 0, (65k) 0 
collected one batch of samples. pages to migrate = 11790 
start promoting 11251 pages
move page ret -1 
move page error: 12
got ENOMEM. trying against with 2250 pages 
second promote attempt return -1
pages migrated: 461, lfu # items: 14296, lfu sample size: 44900000, samples: 44900000, node 0 mem 70188
CBF freq dist: (1) 159, (1-100) 2327, (100-1000) 10771, (1k-2k) 704, (2k-3k) 7, (3k-5k) 8, (5k-65534) 83, (65k) 396 
CBF freq dist: (1) 37, (1-100) 202, (100-1000) 2911, (1k-2k) 23, (2k-3k) 4, (3k-5k) 0, (5k-65534) 0, (65k) 0 
[DEBUG] Number of hot pages promoted in 50 batches = 0 
[INFO] Reached promotion plateau. cur hot page size 24060624896, fast mem 80% 3435973836
[INFO] Go to monitor mode from promotion plateau.
[INFO] Starting low overhead perf stat monitoring.
closing perf counters
munmap done 0
close fd done 0
munmap done 1
close fd done 1
munmap done 0
close fd done 0
munmap done 1
close fd done 1
munmap done 0
close fd done 0
munmap done 1
close fd done 1
munmap done 0
close fd done 0
munmap done 1
close fd done 1
munmap done 0
close fd done 0
munmap done 1
close fd done 1
munmap done 0
close fd done 0
munmap done 1
close fd done 1
munmap done 0
close fd done 0
munmap done 1
close fd done 1
munmap done 0
close fd done 0
munmap done 1
close fd done 1
munmap done 0
close fd done 0
munmap done 1
close fd done 1
munmap done 0
close fd done 0
munmap done 1
close fd done 1
munmap done 0
close fd done 0
munmap done 1
close fd done 1
munmap done 0
close fd done 0
munmap done 1
close fd done 1
munmap done 0
close fd done 0
munmap done 1
close fd done 1
munmap done 0
close fd done 0
munmap done 1
close fd done 1
munmap done 0
close fd done 0
munmap done 1
close fd done 1
munmap done 0
close fd done 0
munmap done 1
close fd done 1
[INFO] Sleep for 120s for fast memory hit ratio to stablize.

Simulation complete.
================================================================================
                                     RESULTS
================================================================================
Threads:     16
Runtime:     137.380 seconds
Lookups:     340,000,000
Lookups/s:   2,474,879
Verification checksum: 350878 (WARNING - INVALID CHECKSUM!)
================================================================================
