!!!!!!!!!!!!!!!!!!!!Overridden __libc_start_main called!
executable name bc
Target executable name is bc
found process bc
Hybridtier. huge page
[DEBUG] fast memory size = 4294967296
[DEBUG] number of pages in fast memory = 2048
[DEBUG] perf_pages = 2048
 perf_pages 33, sample_batch_size 100000 
pid: 98426
==== debug info
[INFO] Calculating CBF size = 10459
Actual LFU table size 16384 
block mask 7ff 
Blocked CBF + sample batch. 
vector start 0x7251c0000900, 
[INFO] Creating CBF with capacity = 16384 (each 8B), sample size (W) = 131072000
Actual LFU table size 2048 
block mask ff 
Blocked CBF + sample batch. 
vector start 0x7251c0020940, 
[INFO] Creating CBF with capacity = 2048 (each 8B), sample size (W) = 1100000
Starting hot threshold = 1000
Momentum threshold = 200
Stable fast mem hit ratio slope threshold = -0.02
False positive rate = 0.001
perf stat period = 60s 
allocation watermark = 53687091, demotion watermark = 214748364
[INFO] Starting perf stat monitoring.
/usr/bin/perf stat -I 60000 -e mem_load_l3_miss_retired.local_dram -e mem_load_l3_miss_retired.remote_dram -x , --output perf_stat_file &
!!!!!!!!!!!!!!!!!!!!Overridden __libc_start_main called!
executable name sh
Target executable name is bc
executable not target app. just run 
[INFO] perf stat command return code: 0
start perf recording.
[INFO] Hybridtier perf sampling freq: 100000
Perf mmap size 135168, page size 4096 
[INFO] Hybridtier perf sampling freq: 100000
Perf mmap size 135168, page size 4096 
[INFO] Hybridtier perf sampling freq: 100000
Perf mmap size 135168, page size 4096 
[INFO] Hybridtier perf sampling freq: 100000
Perf mmap size 135168, page size 4096 
[INFO] Hybridtier perf sampling freq: 100000
Perf mmap size 135168, page size 4096 
[INFO] Hybridtier perf sampling freq: 100000
Perf mmap size 135168, page size 4096 
[INFO] Hybridtier perf sampling freq: 100000
Perf mmap size 135168, page size 4096 
[INFO] Hybridtier perf sampling freq: 100000
Perf mmap size 135168, page size 4096 
[INFO] Hybridtier perf sampling freq: 100000
Perf mmap size 135168, page size 4096 
[INFO] Hybridtier perf sampling freq: 100000
Perf mmap size 135168, page size 4096 
[INFO] Hybridtier perf sampling freq: 100000
Perf mmap size 135168, page size 4096 
[INFO] Hybridtier perf sampling freq: 100000
Perf mmap size 135168, page size 4096 
[INFO] Hybridtier perf sampling freq: 100000
Perf mmap size 135168, page size 4096 
[INFO] Hybridtier perf sampling freq: 100000
Perf mmap size 135168, page size 4096 
[INFO] Hybridtier perf sampling freq: 100000
Perf mmap size 135168, page size 4096 
[INFO] Hybridtier perf sampling freq: 100000
Perf mmap size 135168, page size 4096 
[INFO] Hybridtier perf sampling freq: 100000
Perf mmap size 135168, page size 4096 
[INFO] Hybridtier perf sampling freq: 100000
Perf mmap size 135168, page size 4096 
[INFO] Hybridtier perf sampling freq: 100000
Perf mmap size 135168, page size 4096 
[INFO] Hybridtier perf sampling freq: 100000
Perf mmap size 135168, page size 4096 
[INFO] Hybridtier perf sampling freq: 100000
Perf mmap size 135168, page size 4096 
[INFO] Hybridtier perf sampling freq: 100000
Perf mmap size 135168, page size 4096 
[INFO] Hybridtier perf sampling freq: 100000
Perf mmap size 135168, page size 4096 
[INFO] Hybridtier perf sampling freq: 100000
Perf mmap size 135168, page size 4096 
[INFO] Hybridtier perf sampling freq: 100000
Perf mmap size 135168, page size 4096 
[INFO] Hybridtier perf sampling freq: 100000
Perf mmap size 135168, page size 4096 
[INFO] Hybridtier perf sampling freq: 100000
Perf mmap size 135168, page size 4096 
[INFO] Hybridtier perf sampling freq: 100000
Perf mmap size 135168, page size 4096 
[INFO] Hybridtier perf sampling freq: 100000
Perf mmap size 135168, page size 4096 
[INFO] Hybridtier perf sampling freq: 100000
Perf mmap size 135168, page size 4096 
[INFO] Hybridtier perf sampling freq: 100000
Perf mmap size 135168, page size 4096 
[INFO] Hybridtier perf sampling freq: 100000
!!!!!!!!!!!!!!!!!!!!Overridden __libc_start_main called!
executable name bash
Target executable name is bc
executable not target app. just run 
!!!!!!!!!!!!!!!!!!!!Overridden __libc_start_main called!
executable name dpkg
Target executable name is bc
executable not target app. just run 
dpkg: error: version '!!!!!!!!!!!!!!!!!!!!Overridden __libc_start_main called!
executable name uname
Target executable name is bc
executable not target app. just run 
6.18.1-061801' has bad syntax: version string has embedded spaces
!!!!!!!!!!!!!!!!!!!!Overridden __libc_start_main called!
executable name dpkg
Target executable name is bc
executable not target app. just run 
dpkg: error: version '!!!!!!!!!!!!!!!!!!!!Overridden __libc_start_main called!
executable name uname
Target executable name is bc
executable not target app. just run 
6.18.1-061801' has bad syntax: version string has embedded spaces
/usr/bin/lsb_release: 2: eval: executable: not found
WARNING: !!!!!!!!!!!!!!!!!!!!Overridden __libc_start_main called!
executable name basename
Target executable name is bc
executable not target app. just run 
perf not found for kernel !!!!!!!!!!!!!!!!!!!!Overridden __libc_start_main called!
executable name uname
Target executable name is bc
executable not target app. just run 
6.18.1-061801

  You may need to install the following packages for this specific kernel:
    linux-tools-!!!!!!!!!!!!!!!!!!!!Overridden __libc_start_main called!
executable name uname
Target executable name is bc
executable not target app. just run 
6.18.1-061801-generic

  You may also want to install one of the following packages to keep up to date:
    linux-tools-generic
Perf mmap size 135168, page size 4096 
Read Time:           61.60923
Graph has 134217728 nodes and 2111632379 undirected edges for degree: 15
collected one batch of samples. pages to migrate = 123 
start promoting 42 pages
pages migrated: 42, lfu # items: 1372, lfu sample size: 100000, samples: 100000, node 0 mem 1024560
CBF freq dist: (1) 57, (1-100) 1081, (100-1000) 291, (1k-2k) 0, (2k-3k) 0, (3k-5k) 0, (5k-65534) 0, (65k) 0 
CBF freq dist: (1) 51, (1-100) 1039, (100-1000) 294, (1k-2k) 0, (2k-3k) 0, (3k-5k) 0, (5k-65534) 0, (65k) 0 
collected one batch of samples. pages to migrate = 321 
start promoting 224 pages
pages migrated: 266, lfu # items: 1392, lfu sample size: 200000, samples: 200000, node 0 mem 575360
CBF freq dist: (1) 73, (1-100) 516, (100-1000) 876, (1k-2k) 0, (2k-3k) 0, (3k-5k) 0, (5k-65534) 0, (65k) 0 
CBF freq dist: (1) 65, (1-100) 484, (100-1000) 867, (1k-2k) 0, (2k-3k) 0, (3k-5k) 0, (5k-65534) 0, (65k) 0 
collected one batch of samples. pages to migrate = 624 
start promoting 97 pages
pages migrated: 363, lfu # items: 1434, lfu sample size: 300000, samples: 300000, node 0 mem 374272
CBF freq dist: (1) 86, (1-100) 411, (100-1000) 1022, (1k-2k) 1, (2k-3k) 0, (3k-5k) 0, (5k-65534) 0, (65k) 0 
CBF freq dist: (1) 76, (1-100) 390, (100-1000) 996, (1k-2k) 3, (2k-3k) 0, (3k-5k) 0, (5k-65534) 0, (65k) 0 
collected one batch of samples. pages to migrate = 1025 
start promoting 234 pages
move page ret 228 
move page error: 2
pages migrated: 363, lfu # items: 1480, lfu sample size: 400000, samples: 400000, node 0 mem 70068
CBF freq dist: (1) 120, (1-100) 446, (100-1000) 1031, (1k-2k) 3, (2k-3k) 0, (3k-5k) 0, (5k-65534) 0, (65k) 0 
CBF freq dist: (1) 103, (1-100) 417, (100-1000) 1005, (1k-2k) 5, (2k-3k) 0, (3k-5k) 0, (5k-65534) 0, (65k) 0 
collected one batch of samples. pages to migrate = 928 
start promoting 127 pages
move page ret -1 
move page error: 12
got ENOMEM. trying against with 25 pages 
second promote attempt return -1
pages migrated: 363, lfu # items: 2304, lfu sample size: 500000, samples: 500000, node 0 mem 70068
CBF freq dist: (1) 503, (1-100) 1270, (100-1000) 1025, (1k-2k) 9, (2k-3k) 0, (3k-5k) 0, (5k-65534) 0, (65k) 0 
CBF freq dist: (1) 377, (1-100) 1094, (100-1000) 997, (1k-2k) 13, (2k-3k) 0, (3k-5k) 0, (5k-65534) 0, (65k) 0 
collected one batch of samples. pages to migrate = 961 
start promoting 124 pages
move page ret -1 
move page error: 12
got ENOMEM. trying against with 24 pages 
second promote attempt return -1
pages migrated: 363, lfu # items: 2796, lfu sample size: 600000, samples: 600000, node 0 mem 70068
CBF freq dist: (1) 709, (1-100) 1761, (100-1000) 878, (1k-2k) 156, (2k-3k) 1, (3k-5k) 0, (5k-65534) 0, (65k) 0 
CBF freq dist: (1) 468, (1-100) 1440, (100-1000) 850, (1k-2k) 160, (2k-3k) 1, (3k-5k) 0, (5k-65534) 0, (65k) 0 
collected one batch of samples. pages to migrate = 821 
start promoting 131 pages
move page ret -1 
move page error: 12
got ENOMEM. trying against with 26 pages 
second promote attempt return -1
pages migrated: 363, lfu # items: 3065, lfu sample size: 700000, samples: 700000, node 0 mem 70068
CBF freq dist: (1) 824, (1-100) 2029, (100-1000) 777, (1k-2k) 258, (2k-3k) 1, (3k-5k) 0, (5k-65534) 0, (65k) 0 
CBF freq dist: (1) 504, (1-100) 1596, (100-1000) 755, (1k-2k) 256, (2k-3k) 2, (3k-5k) 0, (5k-65534) 0, (65k) 0 
collected one batch of samples. pages to migrate = 804 
start promoting 129 pages
move page ret -1 
move page error: 12
got ENOMEM. trying against with 25 pages 
second promote attempt return -1
pages migrated: 363, lfu # items: 3300, lfu sample size: 800000, samples: 800000, node 0 mem 70068
CBF freq dist: (1) 913, (1-100) 2263, (100-1000) 777, (1k-2k) 253, (2k-3k) 7, (3k-5k) 0, (5k-65534) 0, (65k) 0 
CBF freq dist: (1) 537, (1-100) 1731, (100-1000) 754, (1k-2k) 248, (2k-3k) 12, (3k-5k) 0, (5k-65534) 0, (65k) 0 
collected one batch of samples. pages to migrate = 802 
start promoting 123 pages
move page ret -1 
move page error: 12
got ENOMEM. trying against with 24 pages 
second promote attempt return -1
pages migrated: 363, lfu # items: 3553, lfu sample size: 900000, samples: 900000, node 0 mem 67444
CBF freq dist: (1) 1014, (1-100) 2516, (100-1000) 775, (1k-2k) 124, (2k-3k) 137, (3k-5k) 1, (5k-65534) 0, (65k) 0 
CBF freq dist: (1) 555, (1-100) 1866, (100-1000) 750, (1k-2k) 123, (2k-3k) 141, (3k-5k) 1, (5k-65534) 0, (65k) 0 
collected one batch of samples. pages to migrate = 808 
start promoting 132 pages
move page ret -1 
move page error: 12
got ENOMEM. trying against with 26 pages 
second promote attempt return -1
pages migrated: 363, lfu # items: 3870, lfu sample size: 1000000, samples: 1000000, node 0 mem 69160
CBF freq dist: (1) 1086, (1-100) 2832, (100-1000) 775, (1k-2k) 7, (2k-3k) 255, (3k-5k) 1, (5k-65534) 0, (65k) 0 
CBF freq dist: (1) 530, (1-100) 2014, (100-1000) 749, (1k-2k) 11, (2k-3k) 253, (3k-5k) 3, (5k-65534) 0, (65k) 0 
[DEBUG] Halving CBF counters.
collected one batch of samples. pages to migrate = 824 
start promoting 149 pages
move page ret -1 
move page error: 12
got ENOMEM. trying against with 29 pages 
second promote attempt return -1
pages migrated: 363, lfu # items: 4347, lfu sample size: 1100000, samples: 1100000, node 0 mem 68748
CBF freq dist: (1) 1252, (1-100) 3305, (100-1000) 777, (1k-2k) 9, (2k-3k) 249, (3k-5k) 7, (5k-65534) 0, (65k) 0 
CBF freq dist: (1) 575, (1-100) 1836, (100-1000) 622, (1k-2k) 256, (2k-3k) 0, (3k-5k) 0, (5k-65534) 0, (65k) 0 
collected one batch of samples. pages to migrate = 793 
start promoting 121 pages
move page ret -1 
move page error: 12
got ENOMEM. trying against with 24 pages 
second promote attempt return -1
pages migrated: 363, lfu # items: 4673, lfu sample size: 1200000, samples: 1200000, node 0 mem 68972
CBF freq dist: (1) 1367, (1-100) 3628, (100-1000) 775, (1k-2k) 14, (2k-3k) 156, (3k-5k) 100, (5k-65534) 0, (65k) 0 
CBF freq dist: (1) 568, (1-100) 2006, (100-1000) 628, (1k-2k) 253, (2k-3k) 3, (3k-5k) 0, (5k-65534) 0, (65k) 0 
collected one batch of samples. pages to migrate = 779 
start promoting 106 pages
move page ret 106 
move page error: 12
got ENOMEM. trying against with 21 pages 
second promote attempt return -1
pages migrated: 363, lfu # items: 4949, lfu sample size: 1300000, samples: 1300000, node 0 mem 68984
CBF freq dist: (1) 1429, (1-100) 3904, (100-1000) 768, (1k-2k) 21, (2k-3k) 2, (3k-5k) 254, (5k-65534) 0, (65k) 0 
CBF freq dist: (1) 570, (1-100) 2179, (100-1000) 629, (1k-2k) 171, (2k-3k) 85, (3k-5k) 0, (5k-65534) 0, (65k) 0 
collected one batch of samples. pages to migrate = 826 
start promoting 153 pages
move page ret -1 
move page error: 12
got ENOMEM. trying against with 30 pages 
second promote attempt return -1
pages migrated: 363, lfu # items: 5856, lfu sample size: 1400000, samples: 1400000, node 0 mem 68984
CBF freq dist: (1) 1620, (1-100) 4807, (100-1000) 683, (1k-2k) 110, (2k-3k) 0, (3k-5k) 256, (5k-65534) 0, (65k) 0 
CBF freq dist: (1) 489, (1-100) 2535, (100-1000) 643, (1k-2k) 1, (2k-3k) 255, (3k-5k) 0, (5k-65534) 0, (65k) 0 
collected one batch of samples. pages to migrate = 791 
start promoting 119 pages
move page ret -1 
move page error: 12
got ENOMEM. trying against with 23 pages 
second promote attempt return -1
pages migrated: 363, lfu # items: 6087, lfu sample size: 1500000, samples: 1500000, node 0 mem 69248
CBF freq dist: (1) 1653, (1-100) 5035, (100-1000) 682, (1k-2k) 114, (2k-3k) 0, (3k-5k) 256, (5k-65534) 0, (65k) 0 
CBF freq dist: (1) 464, (1-100) 2604, (100-1000) 648, (1k-2k) 1, (2k-3k) 252, (3k-5k) 3, (5k-65534) 0, (65k) 0 
collected one batch of samples. pages to migrate = 792 
start promoting 120 pages
move page ret -1 
move page error: 12
got ENOMEM. trying against with 24 pages 
second promote attempt return -1
pages migrated: 363, lfu # items: 6265, lfu sample size: 1600000, samples: 1600000, node 0 mem 69708
CBF freq dist: (1) 1667, (1-100) 5212, (100-1000) 678, (1k-2k) 119, (2k-3k) 0, (3k-5k) 255, (5k-65534) 1, (65k) 0 
CBF freq dist: (1) 443, (1-100) 2659, (100-1000) 652, (1k-2k) 1, (2k-3k) 214, (3k-5k) 41, (5k-65534) 0, (65k) 0 
[DEBUG] Halving CBF counters.
collected one batch of samples. pages to migrate = 778 
start promoting 105 pages
move page ret -1 
move page error: 12
got ENOMEM. trying against with 21 pages 
second promote attempt return -1
pages migrated: 363, lfu # items: 6461, lfu sample size: 1700000, samples: 1700000, node 0 mem 69708
CBF freq dist: (1) 1726, (1-100) 5406, (100-1000) 676, (1k-2k) 123, (2k-3k) 0, (3k-5k) 250, (5k-65534) 6, (65k) 0 
CBF freq dist: (1) 568, (1-100) 2431, (100-1000) 525, (1k-2k) 252, (2k-3k) 3, (3k-5k) 0, (5k-65534) 0, (65k) 0 
collected one batch of samples. pages to migrate = 781 
start promoting 109 pages
move page ret -1 
move page error: 12
got ENOMEM. trying against with 21 pages 
second promote attempt return -1
pages migrated: 363, lfu # items: 6696, lfu sample size: 1800000, samples: 1800000, node 0 mem 69708
CBF freq dist: (1) 1756, (1-100) 5640, (100-1000) 675, (1k-2k) 125, (2k-3k) 0, (3k-5k) 203, (5k-65534) 53, (65k) 0 
CBF freq dist: (1) 510, (1-100) 2527, (100-1000) 525, (1k-2k) 102, (2k-3k) 153, (3k-5k) 0, (5k-65534) 0, (65k) 0 
collected one batch of samples. pages to migrate = 780 
start promoting 108 pages
move page ret -1 
move page error: 12
got ENOMEM. trying against with 21 pages 
second promote attempt return -1
pages migrated: 363, lfu # items: 6872, lfu sample size: 1900000, samples: 1900000, node 0 mem 68892
CBF freq dist: (1) 1773, (1-100) 5816, (100-1000) 669, (1k-2k) 131, (2k-3k) 0, (3k-5k) 26, (5k-65534) 230, (65k) 0 
CBF freq dist: (1) 477, (1-100) 2581, (100-1000) 528, (1k-2k) -1, (2k-3k) 256, (3k-5k) 0, (5k-65534) 0, (65k) 0 
collected one batch of samples. pages to migrate = 788 
start promoting 116 pages
move page ret -1 
move page error: 12
got ENOMEM. trying against with 23 pages 
second promote attempt return -1
pages migrated: 363, lfu # items: 7123, lfu sample size: 2000000, samples: 2000000, node 0 mem 68892
CBF freq dist: (1) 1724, (1-100) 6067, (100-1000) 662, (1k-2k) 138, (2k-3k) 0, (3k-5k) 0, (5k-65534) 256, (65k) 0 
CBF freq dist: (1) 426, (1-100) 2680, (100-1000) 532, (1k-2k) -1, (2k-3k) 253, (3k-5k) 3, (5k-65534) 0, (65k) 0 
num_perf_record_lost count 100
collected one batch of samples. pages to migrate = 785 
start promoting 113 pages
move page ret -1 
move page error: 12
got ENOMEM. trying against with 22 pages 
second promote attempt return -1
pages migrated: 363, lfu # items: 7324, lfu sample size: 2100000, samples: 2100000, node 0 mem 68892
CBF freq dist: (1) 1699, (1-100) 6266, (100-1000) 657, (1k-2k) 145, (2k-3k) 0, (3k-5k) 0, (5k-65534) 256, (65k) 0 
CBF freq dist: (1) 392, (1-100) 2762, (100-1000) 534, (1k-2k) -1, (2k-3k) 117, (3k-5k) 139, (5k-65534) 0, (65k) 0 
collected one batch of samples. pages to migrate = 791 
start promoting 119 pages
move page ret -1 
move page error: 12
got ENOMEM. trying against with 23 pages 
second promote attempt return -1
pages migrated: 363, lfu # items: 7498, lfu sample size: 2200000, samples: 2200000, node 0 mem 68892
CBF freq dist: (1) 1685, (1-100) 6440, (100-1000) 646, (1k-2k) 156, (2k-3k) 0, (3k-5k) 0, (5k-65534) 256, (65k) 0 
CBF freq dist: (1) 357, (1-100) 2808, (100-1000) 537, (1k-2k) -1, (2k-3k) 1, (3k-5k) 255, (5k-65534) 0, (65k) 0 
[DEBUG] Halving CBF counters.
collected one batch of samples. pages to migrate = 539 
start promoting 107 pages
move page ret -1 
move page error: 12
got ENOMEM. trying against with 21 pages 
second promote attempt return -1
pages migrated: 363, lfu # items: 7662, lfu sample size: 2300000, samples: 2300000, node 0 mem 68892
CBF freq dist: (1) 1639, (1-100) 6603, (100-1000) 633, (1k-2k) 170, (2k-3k) 0, (3k-5k) 0, (5k-65534) 256, (65k) 0 
CBF freq dist: (1) 497, (1-100) 2585, (100-1000) 491, (1k-2k) 137, (2k-3k) 119, (3k-5k) 0, (5k-65534) 0, (65k) 0 
collected one batch of samples. pages to migrate = 749 
start promoting 115 pages
move page ret -1 
move page error: 12
got ENOMEM. trying against with 23 pages 
second promote attempt return -1
pages migrated: 363, lfu # items: 7813, lfu sample size: 2400000, samples: 2400000, node 0 mem 68892
CBF freq dist: (1) 1600, (1-100) 6753, (100-1000) 613, (1k-2k) 191, (2k-3k) 0, (3k-5k) 0, (5k-65534) 256, (65k) 0 
CBF freq dist: (1) 454, (1-100) 2661, (100-1000) 491, (1k-2k) 0, (2k-3k) 256, (3k-5k) 0, (5k-65534) 0, (65k) 0 
collected one batch of samples. pages to migrate = 783 
start promoting 113 pages
move page ret -1 
move page error: 12
got ENOMEM. trying against with 22 pages 
second promote attempt return -1
pages migrated: 363, lfu # items: 7958, lfu sample size: 2500000, samples: 2500000, node 0 mem 68892
CBF freq dist: (1) 1593, (1-100) 6896, (100-1000) 592, (1k-2k) 214, (2k-3k) 0, (3k-5k) 0, (5k-65534) 256, (65k) 0 
CBF freq dist: (1) 434, (1-100) 2738, (100-1000) 494, (1k-2k) 0, (2k-3k) 256, (3k-5k) 0, (5k-65534) 0, (65k) 0 
collected one batch of samples. pages to migrate = 777 
start promoting 105 pages
move page ret -1 
move page error: 12
got ENOMEM. trying against with 21 pages 
second promote attempt return -1
pages migrated: 363, lfu # items: 8079, lfu sample size: 2600000, samples: 2600000, node 0 mem 68892
CBF freq dist: (1) 1568, (1-100) 7017, (100-1000) 568, (1k-2k) 238, (2k-3k) 0, (3k-5k) 0, (5k-65534) 256, (65k) 0 
CBF freq dist: (1) 402, (1-100) 2783, (100-1000) 494, (1k-2k) 0, (2k-3k) 141, (3k-5k) 115, (5k-65534) 0, (65k) 0 
collected one batch of samples. pages to migrate = 782 
start promoting 111 pages
move page ret -1 
move page error: 12
got ENOMEM. trying against with 22 pages 
second promote attempt return -1
pages migrated: 363, lfu # items: 8179, lfu sample size: 2700000, samples: 2700000, node 0 mem 69476
CBF freq dist: (1) 1532, (1-100) 7116, (100-1000) 541, (1k-2k) 266, (2k-3k) 0, (3k-5k) 0, (5k-65534) 256, (65k) 0 
CBF freq dist: (1) 363, (1-100) 2827, (100-1000) 495, (1k-2k) 0, (2k-3k) 0, (3k-5k) 256, (5k-65534) 0, (65k) 0 
[DEBUG] Halving CBF counters.
collected one batch of samples. pages to migrate = 766 
start promoting 99 pages
move page ret -1 
move page error: 12
got ENOMEM. trying against with 19 pages 
second promote attempt return -1
pages migrated: 363, lfu # items: 8324, lfu sample size: 2800000, samples: 2800000, node 0 mem 69476
CBF freq dist: (1) 1507, (1-100) 7261, (100-1000) 510, (1k-2k) 296, (2k-3k) 1, (3k-5k) 0, (5k-65534) 256, (65k) 0 
CBF freq dist: (1) 492, (1-100) 2559, (100-1000) 493, (1k-2k) 200, (2k-3k) 56, (3k-5k) 0, (5k-65534) 0, (65k) 0 
collected one batch of samples. pages to migrate = 596 
start promoting 103 pages
move page ret -1 
move page error: 12
got ENOMEM. trying against with 20 pages 
second promote attempt return -1
pages migrated: 363, lfu # items: 8488, lfu sample size: 2900000, samples: 2900000, node 0 mem 70264
CBF freq dist: (1) 1438, (1-100) 7421, (100-1000) 489, (1k-2k) 319, (2k-3k) 3, (3k-5k) 0, (5k-65534) 256, (65k) 0 
CBF freq dist: (1) 403, (1-100) 2664, (100-1000) 493, (1k-2k) 1, (2k-3k) 255, (3k-5k) 0, (5k-65534) 0, (65k) 0 
collected one batch of samples. pages to migrate = 700 
start promoting 120 pages
move page ret -1 
move page error: 12
got ENOMEM. trying against with 24 pages 
second promote attempt return -1
pages migrated: 363, lfu # items: 8629, lfu sample size: 3000000, samples: 3000000, node 0 mem 69340
CBF freq dist: (1) 1375, (1-100) 7561, (100-1000) 447, (1k-2k) 361, (2k-3k) 4, (3k-5k) 0, (5k-65534) 256, (65k) 0 
CBF freq dist: (1) 339, (1-100) 2718, (100-1000) 495, (1k-2k) 0, (2k-3k) 256, (3k-5k) 0, (5k-65534) 0, (65k) 0 
collected one batch of samples. pages to migrate = 842 
start promoting 189 pages
move page ret -1 
move page error: 12
got ENOMEM. trying against with 37 pages 
second promote attempt return -1
pages migrated: 363, lfu # items: 9112, lfu sample size: 3100000, samples: 3100000, node 0 mem 69340
CBF freq dist: (1) 1120, (1-100) 8022, (100-1000) 438, (1k-2k) 346, (2k-3k) 50, (3k-5k) 0, (5k-65534) 256, (65k) 0 
CBF freq dist: (1) 184, (1-100) 2886, (100-1000) 501, (1k-2k) 0, (2k-3k) 251, (3k-5k) 5, (5k-65534) 0, (65k) 0 
collected one batch of samples. pages to migrate = 801 
start promoting 130 pages
move page ret -1 
move page error: 12
got ENOMEM. trying against with 26 pages 
second promote attempt return -1
pages migrated: 363, lfu # items: 9195, lfu sample size: 3200000, samples: 3200000, node 0 mem 69340
CBF freq dist: (1) 1052, (1-100) 8102, (100-1000) 418, (1k-2k) 347, (2k-3k) 72, (3k-5k) 0, (5k-65534) 256, (65k) 0 
CBF freq dist: (1) 167, (1-100) 2908, (100-1000) 501, (1k-2k) 0, (2k-3k) 38, (3k-5k) 218, (5k-65534) 0, (65k) 0 
collected one batch of samples. pages to migrate = 793 
start promoting 122 pages
move page ret -1 
move page error: 12
got ENOMEM. trying against with 24 pages 
second promote attempt return -1
pages migrated: 363, lfu # items: 9260, lfu sample size: 3300000, samples: 3300000, node 0 mem 69520
CBF freq dist: (1) 978, (1-100) 8156, (100-1000) 388, (1k-2k) 373, (2k-3k) 87, (3k-5k) 0, (5k-65534) 256, (65k) 0 
CBF freq dist: (1) 153, (1-100) 2927, (100-1000) 502, (1k-2k) 0, (2k-3k) 2, (3k-5k) 254, (5k-65534) 0, (65k) 0 
[DEBUG] Halving CBF counters.
collected one batch of samples. pages to migrate = 742 
start promoting 101 pages
move page ret -1 
move page error: 12
got ENOMEM. trying against with 20 pages 
second promote attempt return -1
pages migrated: 363, lfu # items: 9328, lfu sample size: 3400000, samples: 3400000, node 0 mem 69676
CBF freq dist: (1) 927, (1-100) 8212, (100-1000) 385, (1k-2k) 385, (2k-3k) 90, (3k-5k) 0, (5k-65534) 256, (65k) 0 
CBF freq dist: (1) 294, (1-100) 2834, (100-1000) 483, (1k-2k) 61, (2k-3k) 195, (3k-5k) 0, (5k-65534) 0, (65k) 0 
collected one batch of samples. pages to migrate = 764 
start promoting 103 pages
move page ret -1 
move page error: 12
got ENOMEM. trying against with 20 pages 
second promote attempt return -1
pages migrated: 363, lfu # items: 9384, lfu sample size: 3500000, samples: 3500000, node 0 mem 69980
CBF freq dist: (1) 877, (1-100) 8261, (100-1000) 372, (1k-2k) 401, (2k-3k) 94, (3k-5k) 0, (5k-65534) 256, (65k) 0 
CBF freq dist: (1) 261, (1-100) 2878, (100-1000) 486, (1k-2k) 0, (2k-3k) 256, (3k-5k) 0, (5k-65534) 0, (65k) 0 
collected one batch of samples. pages to migrate = 783 
start promoting 115 pages
move page ret -1 
move page error: 12
got ENOMEM. trying against with 23 pages 
second promote attempt return -1
pages migrated: 363, lfu # items: 9441, lfu sample size: 3600000, samples: 3600000, node 0 mem 69980
CBF freq dist: (1) 829, (1-100) 8313, (100-1000) 366, (1k-2k) 411, (2k-3k) 95, (3k-5k) 0, (5k-65534) 256, (65k) 0 
CBF freq dist: (1) 222, (1-100) 2908, (100-1000) 487, (1k-2k) 0, (2k-3k) 256, (3k-5k) 0, (5k-65534) 0, (65k) 0 
collected one batch of samples. pages to migrate = 799 
start promoting 127 pages
move page ret -1 
move page error: 12
got ENOMEM. trying against with 25 pages 
second promote attempt return -1
pages migrated: 363, lfu # items: 9489, lfu sample size: 3700000, samples: 3700000, node 0 mem 69980
CBF freq dist: (1) 768, (1-100) 8351, (100-1000) 375, (1k-2k) 411, (2k-3k) 96, (3k-5k) 0, (5k-65534) 256, (65k) 0 
CBF freq dist: (1) 201, (1-100) 2934, (100-1000) 487, (1k-2k) 0, (2k-3k) 76, (3k-5k) 180, (5k-65534) 0, (65k) 0 
collected one batch of samples. pages to migrate = 801 
start promoting 128 pages
move page ret -1 
move page error: 12
got ENOMEM. trying against with 25 pages 
second promote attempt return -1
pages migrated: 363, lfu # items: 9543, lfu sample size: 3800000, samples: 3800000, node 0 mem 70560
CBF freq dist: (1) 702, (1-100) 8396, (100-1000) 383, (1k-2k) 412, (2k-3k) 96, (3k-5k) 0, (5k-65534) 256, (65k) 0 
CBF freq dist: (1) 183, (1-100) 2960, (100-1000) 490, (1k-2k) 0, (2k-3k) 0, (3k-5k) 256, (5k-65534) 0, (65k) 0 
[DEBUG] Halving CBF counters.
collected one batch of samples. pages to migrate = 784 
start promoting 110 pages
move page ret -1 
move page error: 12
got ENOMEM. trying against with 22 pages 
second promote attempt return -1
pages migrated: 363, lfu # items: 9623, lfu sample size: 3900000, samples: 3900000, node 0 mem 70560
CBF freq dist: (1) 604, (1-100) 8463, (100-1000) 394, (1k-2k) 414, (2k-3k) 96, (3k-5k) 0, (5k-65534) 256, (65k) 0 
CBF freq dist: (1) 303, (1-100) 2859, (100-1000) 490, (1k-2k) 206, (2k-3k) 50, (3k-5k) 0, (5k-65534) 0, (65k) 0 
collected one batch of samples. pages to migrate = 779 
start promoting 108 pages
move page ret -1 
move page error: 12
got ENOMEM. trying against with 21 pages 
second promote attempt return -1
pages migrated: 363, lfu # items: 9689, lfu sample size: 4000000, samples: 4000000, node 0 mem 70576
CBF freq dist: (1) 517, (1-100) 8515, (100-1000) 407, (1k-2k) 415, (2k-3k) 96, (3k-5k) 0, (5k-65534) 256, (65k) 0 
CBF freq dist: (1) 228, (1-100) 2898, (100-1000) 496, (1k-2k) 1, (2k-3k) 255, (3k-5k) 0, (5k-65534) 0, (65k) 0 
collected one batch of samples. pages to migrate = 802 
start promoting 131 pages
move page ret -1 
move page error: 12
got ENOMEM. trying against with 26 pages 
second promote attempt return -1
pages migrated: 363, lfu # items: 9786, lfu sample size: 4100000, samples: 4100000, node 0 mem 69908
CBF freq dist: (1) 370, (1-100) 8584, (100-1000) 435, (1k-2k) 415, (2k-3k) 96, (3k-5k) 0, (5k-65534) 256, (65k) 0 
CBF freq dist: (1) 137, (1-100) 2939, (100-1000) 511, (1k-2k) 1, (2k-3k) 255, (3k-5k) 0, (5k-65534) 0, (65k) 0 
collected one batch of samples. pages to migrate = 830 
start promoting 158 pages
move page ret -1 
move page error: 12
got ENOMEM. trying against with 31 pages 
second promote attempt return -1
pages migrated: 363, lfu # items: 9830, lfu sample size: 4200000, samples: 4200000, node 0 mem 69956
CBF freq dist: (1) 313, (1-100) 8618, (100-1000) 445, (1k-2k) 415, (2k-3k) 96, (3k-5k) 0, (5k-65534) 256, (65k) 0 
CBF freq dist: (1) 115, (1-100) 2931, (100-1000) 535, (1k-2k) 1, (2k-3k) 254, (3k-5k) 1, (5k-65534) 0, (65k) 0 
num_perf_record_lost count 200
collected one batch of samples. pages to migrate = 838 
start promoting 165 pages
move page ret -1 
move page error: 12
got ENOMEM. trying against with 33 pages 
second promote attempt return -1
pages migrated: 363, lfu # items: 9853, lfu sample size: 4300000, samples: 4300000, node 0 mem 69956
CBF freq dist: (1) 259, (1-100) 8635, (100-1000) 451, (1k-2k) 415, (2k-3k) 96, (3k-5k) 0, (5k-65534) 256, (65k) 0 
CBF freq dist: (1) 109, (1-100) 2917, (100-1000) 563, (1k-2k) 1, (2k-3k) 55, (3k-5k) 200, (5k-65534) 0, (65k) 0 
collected one batch of samples. pages to migrate = 848 
start promoting 176 pages
move page ret -1 
move page error: 12
got ENOMEM. trying against with 35 pages 
second promote attempt return -1
pages migrated: 363, lfu # items: 9864, lfu sample size: 4400000, samples: 4400000, node 0 mem 69956
CBF freq dist: (1) 216, (1-100) 8637, (100-1000) 459, (1k-2k) 416, (2k-3k) 96, (3k-5k) 0, (5k-65534) 256, (65k) 0 
CBF freq dist: (1) 106, (1-100) 2891, (100-1000) 603, (1k-2k) 1, (2k-3k) 1, (3k-5k) 254, (5k-65534) 0, (65k) 0 
[DEBUG] Halving CBF counters.
collected one batch of samples. pages to migrate = 787 
start promoting 114 pages
move page ret -1 
move page error: 12
got ENOMEM. trying against with 22 pages 
second promote attempt return -1
pages migrated: 363, lfu # items: 9880, lfu sample size: 4500000, samples: 4500000, node 0 mem 69956
CBF freq dist: (1) 176, (1-100) 8635, (100-1000) 477, (1k-2k) 416, (2k-3k) 96, (3k-5k) 0, (5k-65534) 256, (65k) 0 
CBF freq dist: (1) 135, (1-100) 2932, (100-1000) 470, (1k-2k) 113, (2k-3k) 142, (3k-5k) 0, (5k-65534) 0, (65k) 0 
collected one batch of samples. pages to migrate = 794 
start promoting 122 pages
move page ret -1 
move page error: 12
got ENOMEM. trying against with 24 pages 
second promote attempt return -1
pages migrated: 363, lfu # items: 9899, lfu sample size: 4600000, samples: 4600000, node 0 mem 69956
CBF freq dist: (1) 162, (1-100) 8627, (100-1000) 504, (1k-2k) 416, (2k-3k) 96, (3k-5k) 0, (5k-65534) 256, (65k) 0 
CBF freq dist: (1) 114, (1-100) 2930, (100-1000) 484, (1k-2k) 0, (2k-3k) 255, (3k-5k) 0, (5k-65534) 0, (65k) 0 
collected one batch of samples. pages to migrate = 819 
start promoting 147 pages
move page ret -1 
move page error: 12
got ENOMEM. trying against with 29 pages 
second promote attempt return -1
pages migrated: 363, lfu # items: 9906, lfu sample size: 4700000, samples: 4700000, node 0 mem 69956
CBF freq dist: (1) 144, (1-100) 8592, (100-1000) 546, (1k-2k) 416, (2k-3k) 96, (3k-5k) 0, (5k-65534) 256, (65k) 0 
CBF freq dist: (1) 99, (1-100) 2905, (100-1000) 521, (1k-2k) 0, (2k-3k) 254, (3k-5k) 1, (5k-65534) 0, (65k) 0 
collected one batch of samples. pages to migrate = 889 
start promoting 217 pages
move page ret -1 
move page error: 12
got ENOMEM. trying against with 43 pages 
second promote attempt return -1
pages migrated: 363, lfu # items: 9924, lfu sample size: 4800000, samples: 4800000, node 0 mem 70208
CBF freq dist: (1) 117, (1-100) 8494, (100-1000) 662, (1k-2k) 416, (2k-3k) 94, (3k-5k) 2, (5k-65534) 256, (65k) 0 
CBF freq dist: (1) 78, (1-100) 2769, (100-1000) 666, (1k-2k) 0, (2k-3k) 246, (3k-5k) 9, (5k-65534) 0, (65k) 0 
collected one batch of samples. pages to migrate = 881 
start promoting 209 pages
move page ret -1 
move page error: 12
got ENOMEM. trying against with 41 pages 
second promote attempt return -1
pages migrated: 363, lfu # items: 9929, lfu sample size: 4900000, samples: 4900000, node 0 mem 70208
CBF freq dist: (1) 102, (1-100) 8426, (100-1000) 735, (1k-2k) 416, (2k-3k) 94, (3k-5k) 2, (5k-65534) 256, (65k) 0 
CBF freq dist: (1) 72, (1-100) 2683, (100-1000) 757, (1k-2k) 0, (2k-3k) 5, (3k-5k) 250, (5k-65534) 0, (65k) 0 
[DEBUG] Number of hot pages promoted in 50 batches = 363 
[DEBUG] Halving CBF counters.
collected one batch of samples. pages to migrate = 803 
start promoting 131 pages
move page ret -1 
move page error: 12
got ENOMEM. trying against with 26 pages 
second promote attempt return -1
pages migrated: 363, lfu # items: 9935, lfu sample size: 5000000, samples: 5000000, node 0 mem 70208
CBF freq dist: (1) 90, (1-100) 8356, (100-1000) 811, (1k-2k) 414, (2k-3k) 96, (3k-5k) 2, (5k-65534) 256, (65k) 0 
CBF freq dist: (1) -11, (1-100) 2931, (100-1000) 446, (1k-2k) 253, (2k-3k) 2, (3k-5k) 0, (5k-65534) 0, (65k) 0 
collected one batch of samples. pages to migrate = 814 
start promoting 142 pages
move page ret -1 
move page error: 12
got ENOMEM. trying against with 28 pages 
second promote attempt return -1
pages migrated: 363, lfu # items: 9941, lfu sample size: 5100000, samples: 5100000, node 0 mem 70208
CBF freq dist: (1) 85, (1-100) 8308, (100-1000) 865, (1k-2k) 414, (2k-3k) 95, (3k-5k) 3, (5k-65534) 256, (65k) 0 
CBF freq dist: (1) -21, (1-100) 2852, (100-1000) 529, (1k-2k) 72, (2k-3k) 183, (3k-5k) 0, (5k-65534) 0, (65k) 0 
collected one batch of samples. pages to migrate = 837 
start promoting 165 pages
move page ret -1 
move page error: 12
got ENOMEM. trying against with 33 pages 
second promote attempt return -1
pages migrated: 363, lfu # items: 9944, lfu sample size: 5200000, samples: 5200000, node 0 mem 70208
CBF freq dist: (1) 82, (1-100) 8254, (100-1000) 922, (1k-2k) 413, (2k-3k) 95, (3k-5k) 4, (5k-65534) 256, (65k) 0 
CBF freq dist: (1) -29, (1-100) 2727, (100-1000) 656, (1k-2k) 3, (2k-3k) 251, (3k-5k) 1, (5k-65534) 0, (65k) 0 
collected one batch of samples. pages to migrate = 885 
start promoting 212 pages
move page ret -1 
move page error: 12
got ENOMEM. trying against with 42 pages 
second promote attempt return -1
pages migrated: 363, lfu # items: 9947, lfu sample size: 5300000, samples: 5300000, node 0 mem 70208
CBF freq dist: (1) 76, (1-100) 8227, (100-1000) 952, (1k-2k) 412, (2k-3k) 93, (3k-5k) 7, (5k-65534) 256, (65k) 0 
CBF freq dist: (1) -34, (1-100) 2591, (100-1000) 792, (1k-2k) 3, (2k-3k) 250, (3k-5k) 2, (5k-65534) 0, (65k) 0 
collected one batch of samples. pages to migrate = 971 
start promoting 297 pages
move page ret -1 
move page error: 12
got ENOMEM. trying against with 59 pages 
second promote attempt return -1
pages migrated: 363, lfu # items: 9950, lfu sample size: 5400000, samples: 5400000, node 0 mem 70208
CBF freq dist: (1) 73, (1-100) 8224, (100-1000) 958, (1k-2k) 412, (2k-3k) 86, (3k-5k) 14, (5k-65534) 256, (65k) 0 
CBF freq dist: (1) -34, (1-100) 2450, (100-1000) 935, (1k-2k) 3, (2k-3k) 193, (3k-5k) 59, (5k-65534) 0, (65k) 0 
collected one batch of samples. pages to migrate = 1051 
start promoting 374 pages
move page ret -1 
move page error: 12
got ENOMEM. trying against with 74 pages 
second promote attempt return -1
pages migrated: 363, lfu # items: 9954, lfu sample size: 5500000, samples: 5500000, node 0 mem 70208
CBF freq dist: (1) 71, (1-100) 8228, (100-1000) 958, (1k-2k) 412, (2k-3k) 76, (3k-5k) 24, (5k-65534) 256, (65k) 0 
CBF freq dist: (1) -35, (1-100) 2365, (100-1000) 1020, (1k-2k) 3, (2k-3k) 10, (3k-5k) 242, (5k-65534) 0, (65k) 0 
[DEBUG] Halving CBF counters.
collected one batch of samples. pages to migrate = 823 
start promoting 148 pages
move page ret -1 
move page error: 12
got ENOMEM. trying against with 29 pages 
second promote attempt return -1
pages migrated: 363, lfu # items: 9956, lfu sample size: 5600000, samples: 5600000, node 0 mem 70208
CBF freq dist: (1) 69, (1-100) 8229, (100-1000) 959, (1k-2k) 411, (2k-3k) 69, (3k-5k) 32, (5k-65534) 256, (65k) 0 
CBF freq dist: (1) 68, (1-100) 2809, (100-1000) 617, (1k-2k) 241, (2k-3k) 11, (3k-5k) 0, (5k-65534) 0, (65k) 0 
collected one batch of samples. pages to migrate = 867 
start promoting 195 pages
move page ret -1 
move page error: 12
got ENOMEM. trying against with 39 pages 
second promote attempt return -1
pages migrated: 363, lfu # items: 9958, lfu sample size: 5700000, samples: 5700000, node 0 mem 70208
CBF freq dist: (1) 68, (1-100) 8231, (100-1000) 959, (1k-2k) 409, (2k-3k) 64, (3k-5k) 39, (5k-65534) 256, (65k) 0 
CBF freq dist: (1) 67, (1-100) 2581, (100-1000) 845, (1k-2k) 7, (2k-3k) 244, (3k-5k) 1, (5k-65534) 0, (65k) 0 
collected one batch of samples. pages to migrate = 959 
start promoting 287 pages
move page ret -1 
move page error: 12
got ENOMEM. trying against with 57 pages 
second promote attempt return -1
pages migrated: 363, lfu # items: 9961, lfu sample size: 5800000, samples: 5800000, node 0 mem 70208
CBF freq dist: (1) 68, (1-100) 8232, (100-1000) 961, (1k-2k) 408, (2k-3k) 54, (3k-5k) 50, (5k-65534) 256, (65k) 0 
CBF freq dist: (1) 66, (1-100) 2399, (100-1000) 1027, (1k-2k) 0, (2k-3k) 250, (3k-5k) 2, (5k-65534) 0, (65k) 0 
collected one batch of samples. pages to migrate = 992 
start promoting 386 pages
move page ret -1 
move page error: 12
got ENOMEM. trying against with 77 pages 
second promote attempt return -1
pages migrated: 363, lfu # items: 9965, lfu sample size: 5900000, samples: 5900000, node 0 mem 70208
CBF freq dist: (1) 67, (1-100) 8234, (100-1000) 963, (1k-2k) 408, (2k-3k) 52, (3k-5k) 52, (5k-65534) 256, (65k) 0 
CBF freq dist: (1) 66, (1-100) 2355, (100-1000) 1071, (1k-2k) 0, (2k-3k) 247, (3k-5k) 5, (5k-65534) 0, (65k) 0 
collected one batch of samples. pages to migrate = 1198 
start promoting 631 pages
move page ret -1 
move page error: 12
got ENOMEM. trying against with 126 pages 
second promote attempt return -1
pages migrated: 363, lfu # items: 9971, lfu sample size: 6000000, samples: 6000000, node 0 mem 70208
CBF freq dist: (1) 67, (1-100) 8236, (100-1000) 967, (1k-2k) 408, (2k-3k) 52, (3k-5k) 52, (5k-65534) 256, (65k) 0 
CBF freq dist: (1) 66, (1-100) 2289, (100-1000) 1137, (1k-2k) 0, (2k-3k) 219, (3k-5k) 33, (5k-65534) 0, (65k) 0 
[DEBUG] Halving CBF counters.
collected one batch of samples. pages to migrate = 721 
start promoting 168 pages
move page ret -1 
move page error: 12
got ENOMEM. trying against with 33 pages 
second promote attempt return -1
pages migrated: 363, lfu # items: 9975, lfu sample size: 6100000, samples: 6100000, node 0 mem 70208
CBF freq dist: (1) 67, (1-100) 8236, (100-1000) 971, (1k-2k) 408, (2k-3k) 52, (3k-5k) 52, (5k-65534) 256, (65k) 0 
CBF freq dist: (1) -57, (1-100) 2737, (100-1000) 624, (1k-2k) 250, (2k-3k) 2, (3k-5k) 0, (5k-65534) 0, (65k) 0 
collected one batch of samples. pages to migrate = 799 
start promoting 284 pages
move page ret -1 
move page error: 12
got ENOMEM. trying against with 56 pages 
second promote attempt return -1
pages migrated: 363, lfu # items: 9980, lfu sample size: 6200000, samples: 6200000, node 0 mem 70208
CBF freq dist: (1) 67, (1-100) 8233, (100-1000) 979, (1k-2k) 408, (2k-3k) 52, (3k-5k) 52, (5k-65534) 256, (65k) 0 
CBF freq dist: (1) -58, (1-100) 2676, (100-1000) 685, (1k-2k) 235, (2k-3k) 17, (3k-5k) 0, (5k-65534) 0, (65k) 0 
collected one batch of samples. pages to migrate = 1157 
start promoting 616 pages
move page ret -1 
move page error: 12
got ENOMEM. trying against with 123 pages 
second promote attempt return -1
pages migrated: 363, lfu # items: 9984, lfu sample size: 6300000, samples: 6300000, node 0 mem 70208
CBF freq dist: (1) 67, (1-100) 8225, (100-1000) 991, (1k-2k) 407, (2k-3k) 53, (3k-5k) 52, (5k-65534) 256, (65k) 0 
CBF freq dist: (1) -58, (1-100) 2562, (100-1000) 799, (1k-2k) 40, (2k-3k) 212, (3k-5k) 0, (5k-65534) 0, (65k) 0 
collected one batch of samples. pages to migrate = 1403 
start promoting 907 pages
move page ret -1 
move page error: 12
got ENOMEM. trying against with 181 pages 
second promote attempt return -1
pages migrated: 363, lfu # items: 9994, lfu sample size: 6400000, samples: 6400000, node 0 mem 70208
CBF freq dist: (1) 68, (1-100) 8209, (100-1000) 1017, (1k-2k) 407, (2k-3k) 50, (3k-5k) 55, (5k-65534) 256, (65k) 0 
CBF freq dist: (1) -57, (1-100) 2348, (100-1000) 1016, (1k-2k) 7, (2k-3k) 244, (3k-5k) 1, (5k-65534) 0, (65k) 0 
collected one batch of samples. pages to migrate = 1542 
start promoting 1032 pages
move page ret -1 
move page error: 12
got ENOMEM. trying against with 206 pages 
second promote attempt return -1
pages migrated: 363, lfu # items: 10000, lfu sample size: 6500000, samples: 6500000, node 0 mem 70712
CBF freq dist: (1) 68, (1-100) 8183, (100-1000) 1049, (1k-2k) 407, (2k-3k) 49, (3k-5k) 56, (5k-65534) 256, (65k) 0 
CBF freq dist: (1) -57, (1-100) 2086, (100-1000) 1278, (1k-2k) 7, (2k-3k) 242, (3k-5k) 3, (5k-65534) 0, (65k) 0 
collected one batch of samples. pages to migrate = 1768 
start promoting 1280 pages
move page ret -1 
move page error: 12
got ENOMEM. trying against with 256 pages 
second promote attempt return -1
pages migrated: 363, lfu # items: 10007, lfu sample size: 6600000, samples: 6600000, node 0 mem 70712
CBF freq dist: (1) 68, (1-100) 8124, (100-1000) 1115, (1k-2k) 406, (2k-3k) 50, (3k-5k) 56, (5k-65534) 256, (65k) 0 
CBF freq dist: (1) -57, (1-100) 1807, (100-1000) 1557, (1k-2k) 7, (2k-3k) 236, (3k-5k) 9, (5k-65534) 0, (65k) 0 
[DEBUG] Halving CBF counters.
collected one batch of samples. pages to migrate = 1165 
start promoting 679 pages
move page ret -1 
move page error: 12
got ENOMEM. trying against with 135 pages 
second promote attempt return -1
pages migrated: 363, lfu # items: 10019, lfu sample size: 6700000, samples: 6700000, node 0 mem 70712
CBF freq dist: (1) 67, (1-100) 8057, (100-1000) 1194, (1k-2k) 406, (2k-3k) 50, (3k-5k) 56, (5k-65534) 256, (65k) 0 
CBF freq dist: (1) 82, (1-100) 2624, (100-1000) 805, (1k-2k) 244, (2k-3k) 1, (3k-5k) 0, (5k-65534) 0, (65k) 0 
collected one batch of samples. pages to migrate = 1328 
start promoting 867 pages
move page ret -1 
move page error: 12
got ENOMEM. trying against with 173 pages 
second promote attempt return -1
pages migrated: 363, lfu # items: 10031, lfu sample size: 6800000, samples: 6800000, node 0 mem 70712
CBF freq dist: (1) 67, (1-100) 7996, (100-1000) 1267, (1k-2k) 406, (2k-3k) 49, (3k-5k) 57, (5k-65534) 256, (65k) 0 
CBF freq dist: (1) 82, (1-100) 2198, (100-1000) 1232, (1k-2k) 243, (2k-3k) 2, (3k-5k) 0, (5k-65534) 0, (65k) 0 
collected one batch of samples. pages to migrate = 1762 
start promoting 1514 pages
move page ret 1511 
move page error: 12
got ENOMEM. trying against with 302 pages 
second promote attempt return 0
pages migrated: 363, lfu # items: 10131, lfu sample size: 6900000, samples: 6900000, node 0 mem 69808
CBF freq dist: (1) 67, (1-100) 8019, (100-1000) 1344, (1k-2k) 406, (2k-3k) 48, (3k-5k) 58, (5k-65534) 256, (65k) 0 
CBF freq dist: (1) 83, (1-100) 1873, (100-1000) 1571, (1k-2k) 234, (2k-3k) 11, (3k-5k) 0, (5k-65534) 0, (65k) 0 
collected one batch of samples. pages to migrate = 1962 
start promoting 1014 pages
move page ret -1 
move page error: 12
got ENOMEM. trying against with 202 pages 
second promote attempt return -1
pages migrated: 363, lfu # items: 10132, lfu sample size: 7000000, samples: 7000000, node 0 mem 69808
CBF freq dist: (1) 65, (1-100) 7990, (100-1000) 1369, (1k-2k) 410, (2k-3k) 49, (3k-5k) 58, (5k-65534) 256, (65k) 0 
CBF freq dist: (1) 83, (1-100) 1742, (100-1000) 1702, (1k-2k) 233, (2k-3k) 13, (3k-5k) 0, (5k-65534) 0, (65k) 0 
collected one batch of samples. pages to migrate = 1417 
start promoting 904 pages
move page ret -1 
move page error: 12
got ENOMEM. trying against with 180 pages 
second promote attempt return -1
pages migrated: 363, lfu # items: 10132, lfu sample size: 7100000, samples: 7100000, node 0 mem 69896
CBF freq dist: (1) 65, (1-100) 7967, (100-1000) 1352, (1k-2k) 450, (2k-3k) 49, (3k-5k) 58, (5k-65534) 256, (65k) 0 
CBF freq dist: (1) 82, (1-100) 1721, (100-1000) 1719, (1k-2k) 237, (2k-3k) 13, (3k-5k) 0, (5k-65534) 0, (65k) 0 
[DEBUG] Halving CBF counters.
collected one batch of samples. pages to migrate = 1618 
start promoting 847 pages
move page ret -1 
move page error: 12
got ENOMEM. trying against with 169 pages 
second promote attempt return -1
pages migrated: 363, lfu # items: 10132, lfu sample size: 7200000, samples: 7200000, node 0 mem 69896
CBF freq dist: (1) 65, (1-100) 7937, (100-1000) 1309, (1k-2k) 523, (2k-3k) 49, (3k-5k) 58, (5k-65534) 256, (65k) 0 
CBF freq dist: (1) -7, (1-100) 2592, (100-1000) 976, (1k-2k) 40, (2k-3k) 0, (3k-5k) 0, (5k-65534) 0, (65k) 0 
collected one batch of samples. pages to migrate = 1647 
start promoting 932 pages
move page ret -1 
move page error: 12
got ENOMEM. trying against with 186 pages 
second promote attempt return -1
pages migrated: 363, lfu # items: 10132, lfu sample size: 7300000, samples: 7300000, node 0 mem 69896
CBF freq dist: (1) 65, (1-100) 7661, (100-1000) 1558, (1k-2k) 549, (2k-3k) 25, (3k-5k) 83, (5k-65534) 256, (65k) 0 
CBF freq dist: (1) -7, (1-100) 2201, (100-1000) 1168, (1k-2k) 239, (2k-3k) 0, (3k-5k) 0, (5k-65534) 0, (65k) 0 
collected one batch of samples. pages to migrate = 1294 
start promoting 602 pages
move page ret -1 
move page error: 12
got ENOMEM. trying against with 120 pages 
second promote attempt return -1
pages migrated: 363, lfu # items: 10132, lfu sample size: 7400000, samples: 7400000, node 0 mem 69896
CBF freq dist: (1) 65, (1-100) 7341, (100-1000) 1875, (1k-2k) 551, (2k-3k) 18, (3k-5k) 91, (5k-65534) 256, (65k) 0 
CBF freq dist: (1) -7, (1-100) 1930, (100-1000) 1438, (1k-2k) 239, (2k-3k) 1, (3k-5k) 0, (5k-65534) 0, (65k) 0 
collected one batch of samples. pages to migrate = 1377 
start promoting 685 pages
move page ret -1 
move page error: 12
got ENOMEM. trying against with 137 pages 
second promote attempt return -1
pages migrated: 363, lfu # items: 10132, lfu sample size: 7500000, samples: 7500000, node 0 mem 69896
CBF freq dist: (1) 65, (1-100) 7027, (100-1000) 2185, (1k-2k) 555, (2k-3k) 15, (3k-5k) 94, (5k-65534) 256, (65k) 0 
CBF freq dist: (1) -7, (1-100) 1705, (100-1000) 1663, (1k-2k) 238, (2k-3k) 2, (3k-5k) 0, (5k-65534) 0, (65k) 0 
collected one batch of samples. pages to migrate = 1470 
start promoting 774 pages
move page ret -1 
move page error: 12
got ENOMEM. trying against with 154 pages 
second promote attempt return -1
pages migrated: 363, lfu # items: 10132, lfu sample size: 7600000, samples: 7600000, node 0 mem 69896
CBF freq dist: (1) 65, (1-100) 6685, (100-1000) 2521, (1k-2k) 560, (2k-3k) 16, (3k-5k) 94, (5k-65534) 256, (65k) 0 
CBF freq dist: (1) -7, (1-100) 1504, (100-1000) 1864, (1k-2k) 221, (2k-3k) 19, (3k-5k) 0, (5k-65534) 0, (65k) 0 
collected one batch of samples. pages to migrate = 1662 
start promoting 958 pages
move page ret -1 
move page error: 12
got ENOMEM. trying against with 191 pages 
second promote attempt return -1
pages migrated: 363, lfu # items: 10132, lfu sample size: 7700000, samples: 7700000, node 0 mem 69896
CBF freq dist: (1) 65, (1-100) 6318, (100-1000) 2881, (1k-2k) 565, (2k-3k) 18, (3k-5k) 94, (5k-65534) 256, (65k) 0 
CBF freq dist: (1) -7, (1-100) 1305, (100-1000) 2062, (1k-2k) 140, (2k-3k) 101, (3k-5k) 0, (5k-65534) 0, (65k) 0 
[DEBUG] Halving CBF counters.
collected one batch of samples. pages to migrate = 1163 
start promoting 456 pages
move page ret -1 
move page error: 12
got ENOMEM. trying against with 91 pages 
second promote attempt return -1
pages migrated: 363, lfu # items: 10132, lfu sample size: 7800000, samples: 7800000, node 0 mem 69896
CBF freq dist: (1) 65, (1-100) 5986, (100-1000) 3212, (1k-2k) 566, (2k-3k) 18, (3k-5k) 94, (5k-65534) 256, (65k) 0 
CBF freq dist: (1) 30, (1-100) 1865, (100-1000) 1524, (1k-2k) 226, (2k-3k) 0, (3k-5k) 0, (5k-65534) 0, (65k) 0 
collected one batch of samples. pages to migrate = 1290 
start promoting 597 pages
move page ret -1 
move page error: 12
got ENOMEM. trying against with 119 pages 
second promote attempt return -1
pages migrated: 363, lfu # items: 10132, lfu sample size: 7900000, samples: 7900000, node 0 mem 69896
CBF freq dist: (1) 65, (1-100) 5668, (100-1000) 3525, (1k-2k) 562, (2k-3k) 27, (3k-5k) 94, (5k-65534) 256, (65k) 0 
CBF freq dist: (1) 30, (1-100) 1642, (100-1000) 1725, (1k-2k) 248, (2k-3k) 0, (3k-5k) 0, (5k-65534) 0, (65k) 0 
collected one batch of samples. pages to migrate = 1390 
start promoting 694 pages
move page ret -1 
move page error: 12
got ENOMEM. trying against with 138 pages 
second promote attempt return -1
pages migrated: 363, lfu # items: 10132, lfu sample size: 8000000, samples: 8000000, node 0 mem 69896
CBF freq dist: (1) 65, (1-100) 5315, (100-1000) 3875, (1k-2k) 553, (2k-3k) 39, (3k-5k) 94, (5k-65534) 256, (65k) 0 
CBF freq dist: (1) 30, (1-100) 1437, (100-1000) 1930, (1k-2k) 244, (2k-3k) 4, (3k-5k) 0, (5k-65534) 0, (65k) 0 
collected one batch of samples. pages to migrate = 1600 
start promoting 907 pages
move page ret -1 
move page error: 12
got ENOMEM. trying against with 181 pages 
second promote attempt return -1
pages migrated: 363, lfu # items: 10135, lfu sample size: 8100000, samples: 8100000, node 0 mem 69896
CBF freq dist: (1) 66, (1-100) 4935, (100-1000) 4252, (1k-2k) 529, (2k-3k) 69, (3k-5k) 94, (5k-65534) 256, (65k) 0 
CBF freq dist: (1) 30, (1-100) 1231, (100-1000) 2135, (1k-2k) 208, (2k-3k) 41, (3k-5k) 0, (5k-65534) 0, (65k) 0 
collected one batch of samples. pages to migrate = 1682 
start promoting 990 pages
move page ret -1 
move page error: 12
got ENOMEM. trying against with 198 pages 
second promote attempt return -1
pages migrated: 363, lfu # items: 10135, lfu sample size: 8200000, samples: 8200000, node 0 mem 69896
CBF freq dist: (1) 66, (1-100) 4593, (100-1000) 4591, (1k-2k) 508, (2k-3k) 93, (3k-5k) 94, (5k-65534) 256, (65k) 0 
CBF freq dist: (1) 30, (1-100) 1076, (100-1000) 2286, (1k-2k) 153, (2k-3k) 100, (3k-5k) 0, (5k-65534) 0, (65k) 0 
[DEBUG] Halving CBF counters.
collected one batch of samples. pages to migrate = 1096 
start promoting 399 pages
move page ret -1 
move page error: 12
got ENOMEM. trying against with 79 pages 
second promote attempt return -1
pages migrated: 363, lfu # items: 10135, lfu sample size: 8300000, samples: 8300000, node 0 mem 69896
CBF freq dist: (1) 66, (1-100) 4244, (100-1000) 4937, (1k-2k) 474, (2k-3k) 130, (3k-5k) 94, (5k-65534) 256, (65k) 0 
CBF freq dist: (1) 50, (1-100) 2164, (100-1000) 1241, (1k-2k) 180, (2k-3k) 0, (3k-5k) 0, (5k-65534) 0, (65k) 0 
collected one batch of samples. pages to migrate = 1163 
start promoting 480 pages
move page ret -1 
move page error: 12
got ENOMEM. trying against with 96 pages 
second promote attempt return -1
pages migrated: 363, lfu # items: 10135, lfu sample size: 8400000, samples: 8400000, node 0 mem 69896
CBF freq dist: (1) 66, (1-100) 3973, (100-1000) 5200, (1k-2k) 438, (2k-3k) 174, (3k-5k) 94, (5k-65534) 256, (65k) 0 
CBF freq dist: (1) 49, (1-100) 1939, (100-1000) 1408, (1k-2k) 238, (2k-3k) 0, (3k-5k) 0, (5k-65534) 0, (65k) 0 
collected one batch of samples. pages to migrate = 1281 
start promoting 592 pages
move page ret -1 
move page error: 12
got ENOMEM. trying against with 118 pages 
second promote attempt return -1
pages migrated: 363, lfu # items: 10135, lfu sample size: 8500000, samples: 8500000, node 0 mem 69896
CBF freq dist: (1) 66, (1-100) 3691, (100-1000) 5477, (1k-2k) 420, (2k-3k) 197, (3k-5k) 94, (5k-65534) 256, (65k) 0 
CBF freq dist: (1) 48, (1-100) 1719, (100-1000) 1622, (1k-2k) 243, (2k-3k) 1, (3k-5k) 0, (5k-65534) 0, (65k) 0 
collected one batch of samples. pages to migrate = 1575 
start promoting 881 pages
move page ret -1 
move page error: 12
got ENOMEM. trying against with 176 pages 
second promote attempt return -1
pages migrated: 363, lfu # items: 10135, lfu sample size: 8600000, samples: 8600000, node 0 mem 69896
CBF freq dist: (1) 66, (1-100) 3362, (100-1000) 5799, (1k-2k) 397, (2k-3k) 227, (3k-5k) 94, (5k-65534) 256, (65k) 0 
CBF freq dist: (1) 46, (1-100) 1519, (100-1000) 1821, (1k-2k) 205, (2k-3k) 40, (3k-5k) 0, (5k-65534) 0, (65k) 0 
collected one batch of samples. pages to migrate = 1899 
start promoting 1199 pages
move page ret -1 
move page error: 12
got ENOMEM. trying against with 239 pages 
second promote attempt return -1
pages migrated: 363, lfu # items: 10135, lfu sample size: 8700000, samples: 8700000, node 0 mem 69896
CBF freq dist: (1) 66, (1-100) 3049, (100-1000) 6110, (1k-2k) 387, (2k-3k) 239, (3k-5k) 94, (5k-65534) 256, (65k) 0 
CBF freq dist: (1) 46, (1-100) 1331, (100-1000) 2001, (1k-2k) 156, (2k-3k) 97, (3k-5k) 0, (5k-65534) 0, (65k) 0 
collected one batch of samples. pages to migrate = 2105 
start promoting 1403 pages
move page ret -1 
move page error: 12
got ENOMEM. trying against with 280 pages 
second promote attempt return -1
pages migrated: 363, lfu # items: 10135, lfu sample size: 8800000, samples: 8800000, node 0 mem 69896
CBF freq dist: (1) 66, (1-100) 2773, (100-1000) 6378, (1k-2k) 386, (2k-3k) 248, (3k-5k) 94, (5k-65534) 256, (65k) 0 
CBF freq dist: (1) 46, (1-100) 1177, (100-1000) 2121, (1k-2k) 132, (2k-3k) 155, (3k-5k) 0, (5k-65534) 0, (65k) 0 
[DEBUG] Halving CBF counters.
collected one batch of samples. pages to migrate = 1155 
start promoting 459 pages
move page ret -1 
move page error: 12
got ENOMEM. trying against with 91 pages 
second promote attempt return -1
pages migrated: 363, lfu # items: 10135, lfu sample size: 8900000, samples: 8900000, node 0 mem 69896
CBF freq dist: (1) 66, (1-100) 2498, (100-1000) 6649, (1k-2k) 386, (2k-3k) 252, (3k-5k) 93, (5k-65534) 257, (65k) 0 
CBF freq dist: (1) 101, (1-100) 2146, (100-1000) 1162, (1k-2k) 231, (2k-3k) 0, (3k-5k) 0, (5k-65534) 0, (65k) 0 
collected one batch of samples. pages to migrate = 1295 
start promoting 608 pages
move page ret -1 
move page error: 12
got ENOMEM. trying against with 121 pages 
second promote attempt return -1
pages migrated: 363, lfu # items: 10135, lfu sample size: 9000000, samples: 9000000, node 0 mem 69896
CBF freq dist: (1) 66, (1-100) 2272, (100-1000) 6873, (1k-2k) 388, (2k-3k) 252, (3k-5k) 90, (5k-65534) 260, (65k) 0 
CBF freq dist: (1) 101, (1-100) 1874, (100-1000) 1417, (1k-2k) 248, (2k-3k) 0, (3k-5k) 0, (5k-65534) 0, (65k) 0 
collected one batch of samples. pages to migrate = 1447 
start promoting 759 pages
move page ret -1 
move page error: 12
got ENOMEM. trying against with 151 pages 
second promote attempt return -1
pages migrated: 363, lfu # items: 10135, lfu sample size: 9100000, samples: 9100000, node 0 mem 69896
CBF freq dist: (1) 66, (1-100) 2072, (100-1000) 7064, (1k-2k) 395, (2k-3k) 254, (3k-5k) 87, (5k-65534) 263, (65k) 0 
CBF freq dist: (1) 101, (1-100) 1624, (100-1000) 1665, (1k-2k) 239, (2k-3k) 11, (3k-5k) 0, (5k-65534) 0, (65k) 0 
collected one batch of samples. pages to migrate = 1787 
start promoting 1094 pages
move page ret -1 
move page error: 12
got ENOMEM. trying against with 218 pages 
second promote attempt return -1
pages migrated: 363, lfu # items: 10136, lfu sample size: 9200000, samples: 9200000, node 0 mem 69896
CBF freq dist: (1) 67, (1-100) 1890, (100-1000) 7243, (1k-2k) 396, (2k-3k) 257, (3k-5k) 77, (5k-65534) 273, (65k) 0 
CBF freq dist: (1) 102, (1-100) 1415, (100-1000) 1864, (1k-2k) 188, (2k-3k) 73, (3k-5k) 0, (5k-65534) 0, (65k) 0 
collected one batch of samples. pages to migrate = 2211 
start promoting 1504 pages
move page ret -1 
move page error: 12
got ENOMEM. trying against with 300 pages 
second promote attempt return -1
pages migrated: 363, lfu # items: 10136, lfu sample size: 9300000, samples: 9300000, node 0 mem 69896
CBF freq dist: (1) 66, (1-100) 1709, (100-1000) 7417, (1k-2k) 403, (2k-3k) 256, (3k-5k) 51, (5k-65534) 300, (65k) 0 
CBF freq dist: (1) 102, (1-100) 1233, (100-1000) 2003, (1k-2k) 187, (2k-3k) 117, (3k-5k) 0, (5k-65534) 0, (65k) 0 
[DEBUG] Halving CBF counters.
collected one batch of samples. pages to migrate = 1181 
start promoting 463 pages
move page ret -1 
move page error: 12
got ENOMEM. trying against with 92 pages 
second promote attempt return -1
pages migrated: 363, lfu # items: 10136, lfu sample size: 9400000, samples: 9400000, node 0 mem 69896
CBF freq dist: (1) 66, (1-100) 1576, (100-1000) 7544, (1k-2k) 409, (2k-3k) 256, (3k-5k) 26, (5k-65534) 325, (65k) 0 
CBF freq dist: (1) 158, (1-100) 2110, (100-1000) 1142, (1k-2k) 186, (2k-3k) 0, (3k-5k) 0, (5k-65534) 0, (65k) 0 
collected one batch of samples. pages to migrate = 1298 
start promoting 610 pages
move page ret -1 
move page error: 12
got ENOMEM. trying against with 122 pages 
second promote attempt return -1
pages migrated: 363, lfu # items: 10136, lfu sample size: 9500000, samples: 9500000, node 0 mem 69896
CBF freq dist: (1) 66, (1-100) 1442, (100-1000) 7675, (1k-2k) 412, (2k-3k) 256, (3k-5k) 11, (5k-65534) 340, (65k) 0 
CBF freq dist: (1) 158, (1-100) 1791, (100-1000) 1416, (1k-2k) 231, (2k-3k) 0, (3k-5k) 0, (5k-65534) 0, (65k) 0 
collected one batch of samples. pages to migrate = 1523 
start promoting 830 pages
move page ret -1 
move page error: 12
got ENOMEM. trying against with 166 pages 
second promote attempt return -1
pages migrated: 363, lfu # items: 10136, lfu sample size: 9600000, samples: 9600000, node 0 mem 69896
CBF freq dist: (1) 66, (1-100) 1316, (100-1000) 7798, (1k-2k) 413, (2k-3k) 258, (3k-5k) 4, (5k-65534) 347, (65k) 0 
CBF freq dist: (1) 158, (1-100) 1509, (100-1000) 1695, (1k-2k) 234, (2k-3k) 0, (3k-5k) 0, (5k-65534) 0, (65k) 0 
collected one batch of samples. pages to migrate = 1833 
start promoting 1133 pages
move page ret -1 
move page error: 12
got ENOMEM. trying against with 226 pages 
second promote attempt return -1
pages migrated: 363, lfu # items: 10136, lfu sample size: 9700000, samples: 9700000, node 0 mem 69896
CBF freq dist: (1) 66, (1-100) 1220, (100-1000) 7892, (1k-2k) 414, (2k-3k) 259, (3k-5k) 2, (5k-65534) 349, (65k) 0 
CBF freq dist: (1) 158, (1-100) 1268, (100-1000) 1925, (1k-2k) 233, (2k-3k) 12, (3k-5k) 0, (5k-65534) 0, (65k) 0 
collected one batch of samples. pages to migrate = 2266 
start promoting 1559 pages
move page ret -1 
move page error: 12
got ENOMEM. trying against with 311 pages 
second promote attempt return -1
pages migrated: 363, lfu # items: 10136, lfu sample size: 9800000, samples: 9800000, node 0 mem 69896
CBF freq dist: (1) 66, (1-100) 1139, (100-1000) 7970, (1k-2k) 417, (2k-3k) 259, (3k-5k) 1, (5k-65534) 350, (65k) 0 
CBF freq dist: (1) 158, (1-100) 1084, (100-1000) 2069, (1k-2k) 204, (2k-3k) 81, (3k-5k) 0, (5k-65534) 0, (65k) 0 
collected one batch of samples. pages to migrate = 2882 
start promoting 2151 pages
move page ret -1 
move page error: 12
got ENOMEM. trying against with 430 pages 
second promote attempt return -1
pages migrated: 363, lfu # items: 10138, lfu sample size: 9900000, samples: 9900000, node 0 mem 69896
CBF freq dist: (1) 68, (1-100) 1070, (100-1000) 8040, (1k-2k) 414, (2k-3k) 263, (3k-5k) 0, (5k-65534) 351, (65k) 0 
CBF freq dist: (1) 158, (1-100) 943, (100-1000) 2180, (1k-2k) 165, (2k-3k) 150, (3k-5k) 0, (5k-65534) 0, (65k) 0 
[DEBUG] Number of hot pages promoted in 50 batches = 0 
[DEBUG] Halving CBF counters.
collected one batch of samples. pages to migrate = 1285 
start promoting 568 pages
move page ret -1 
move page error: 12
got ENOMEM. trying against with 113 pages 
second promote attempt return -1
pages migrated: 363, lfu # items: 10138, lfu sample size: 10000000, samples: 10000000, node 0 mem 69896
CBF freq dist: (1) 68, (1-100) 1001, (100-1000) 8108, (1k-2k) 414, (2k-3k) 264, (3k-5k) 0, (5k-65534) 351, (65k) 0 
CBF freq dist: (1) -137, (1-100) 1855, (100-1000) 1189, (1k-2k) 237, (2k-3k) 0, (3k-5k) 0, (5k-65534) 0, (65k) 0 
collected one batch of samples. pages to migrate = 1457 
start promoting 767 pages
move page ret -1 
move page error: 12
got ENOMEM. trying against with 153 pages 
second promote attempt return -1
pages migrated: 363, lfu # items: 10138, lfu sample size: 10100000, samples: 10100000, node 0 mem 70148
CBF freq dist: (1) 68, (1-100) 939, (100-1000) 8168, (1k-2k) 415, (2k-3k) 265, (3k-5k) 0, (5k-65534) 351, (65k) 0 
CBF freq dist: (1) -137, (1-100) 1511, (100-1000) 1525, (1k-2k) 245, (2k-3k) 0, (3k-5k) 0, (5k-65534) 0, (65k) 0 
collected one batch of samples. pages to migrate = 1837 
start promoting 1139 pages
move page ret -1 
move page error: 12
got ENOMEM. trying against with 227 pages 
second promote attempt return -1
pages migrated: 363, lfu # items: 10138, lfu sample size: 10200000, samples: 10200000, node 0 mem 70148
CBF freq dist: (1) 68, (1-100) 887, (100-1000) 8212, (1k-2k) 418, (2k-3k) 269, (3k-5k) 1, (5k-65534) 351, (65k) 0 
CBF freq dist: (1) -139, (1-100) 1267, (100-1000) 1767, (1k-2k) 246, (2k-3k) 1, (3k-5k) 0, (5k-65534) 0, (65k) 0 
collected one batch of samples. pages to migrate = 2273 
start promoting 1560 pages
move page ret -1 
move page error: 12
got ENOMEM. trying against with 312 pages 
second promote attempt return -1
pages migrated: 363, lfu # items: 10138, lfu sample size: 10300000, samples: 10300000, node 0 mem 70148
CBF freq dist: (1) 68, (1-100) 847, (100-1000) 8252, (1k-2k) 415, (2k-3k) 270, (3k-5k) 3, (5k-65534) 351, (65k) 0 
CBF freq dist: (1) -140, (1-100) 1056, (100-1000) 1956, (1k-2k) 251, (2k-3k) 18, (3k-5k) 0, (5k-65534) 0, (65k) 0 
collected one batch of samples. pages to migrate = 2994 
start promoting 2259 pages
move page ret -1 
move page error: 12
got ENOMEM. trying against with 451 pages 
second promote attempt return -1
pages migrated: 363, lfu # items: 10138, lfu sample size: 10400000, samples: 10400000, node 0 mem 70148
CBF freq dist: (1) 68, (1-100) 814, (100-1000) 8276, (1k-2k) 421, (2k-3k) 271, (3k-5k) 5, (5k-65534) 351, (65k) 0 
CBF freq dist: (1) -142, (1-100) 876, (100-1000) 2090, (1k-2k) 227, (2k-3k) 88, (3k-5k) 0, (5k-65534) 0, (65k) 0 
[DEBUG] Halving CBF counters.
collected one batch of samples. pages to migrate = 1369 
start promoting 626 pages
move page ret -1 
move page error: 12
got ENOMEM. trying against with 125 pages 
second promote attempt return -1
pages migrated: 363, lfu # items: 10138, lfu sample size: 10500000, samples: 10500000, node 0 mem 70148
CBF freq dist: (1) 68, (1-100) 790, (100-1000) 8288, (1k-2k) 429, (2k-3k) 271, (3k-5k) 9, (5k-65534) 351, (65k) 0 
CBF freq dist: (1) -230, (1-100) 1942, (100-1000) 1310, (1k-2k) 171, (2k-3k) 0, (3k-5k) 0, (5k-65534) 0, (65k) 0 
collected one batch of samples. pages to migrate = 1547 
start promoting 855 pages
move page ret -1 
move page error: 12
got ENOMEM. trying against with 171 pages 
second promote attempt return -1
pages migrated: 363, lfu # items: 10142, lfu sample size: 10600000, samples: 10600000, node 0 mem 70148
CBF freq dist: (1) 68, (1-100) 769, (100-1000) 8291, (1k-2k) 449, (2k-3k) 265, (3k-5k) 17, (5k-65534) 351, (65k) 0 
CBF freq dist: (1) -229, (1-100) 1681, (100-1000) 1500, (1k-2k) 244, (2k-3k) 0, (3k-5k) 0, (5k-65534) 0, (65k) 0 
collected one batch of samples. pages to migrate = 1961 
start promoting 1249 pages
move page ret -1 
move page error: 12
got ENOMEM. trying against with 249 pages 
second promote attempt return -1
pages migrated: 363, lfu # items: 10159, lfu sample size: 10700000, samples: 10700000, node 0 mem 70148
CBF freq dist: (1) 73, (1-100) 768, (100-1000) 8266, (1k-2k) 488, (2k-3k) 260, (3k-5k) 26, (5k-65534) 351, (65k) 0 
CBF freq dist: (1) -229, (1-100) 1426, (100-1000) 1759, (1k-2k) 245, (2k-3k) 0, (3k-5k) 0, (5k-65534) 0, (65k) 0 
collected one batch of samples. pages to migrate = 2457 
start promoting 1741 pages
move page ret -1 
move page error: 12
got ENOMEM. trying against with 348 pages 
second promote attempt return -1
pages migrated: 363, lfu # items: 10162, lfu sample size: 10800000, samples: 10800000, node 0 mem 70148
CBF freq dist: (1) 73, (1-100) 756, (100-1000) 8217, (1k-2k) 550, (2k-3k) 238, (3k-5k) 49, (5k-65534) 352, (65k) 0 
CBF freq dist: (1) -231, (1-100) 1212, (100-1000) 1965, (1k-2k) 253, (2k-3k) 1, (3k-5k) 0, (5k-65534) 0, (65k) 0 
collected one batch of samples. pages to migrate = 2980 
start promoting 2254 pages
move page ret -1 
move page error: 12
got ENOMEM. trying against with 450 pages 
second promote attempt return -1
pages migrated: 363, lfu # items: 10162, lfu sample size: 10900000, samples: 10900000, node 0 mem 70148
CBF freq dist: (1) 72, (1-100) 738, (100-1000) 8136, (1k-2k) 648, (2k-3k) 214, (3k-5k) 74, (5k-65534) 352, (65k) 0 
CBF freq dist: (1) -233, (1-100) 1068, (100-1000) 2084, (1k-2k) 278, (2k-3k) 1, (3k-5k) 0, (5k-65534) 0, (65k) 0 
collected one batch of samples. pages to migrate = 3458 
start promoting 2715 pages
move page ret -1 
move page error: 12
got ENOMEM. trying against with 543 pages 
second promote attempt return -1
pages migrated: 363, lfu # items: 10162, lfu sample size: 11000000, samples: 11000000, node 0 mem 70148
CBF freq dist: (1) 72, (1-100) 720, (100-1000) 8041, (1k-2k) 757, (2k-3k) 199, (3k-5k) 93, (5k-65534) 352, (65k) 0 
CBF freq dist: (1) -233, (1-100) 948, (100-1000) 2170, (1k-2k) 290, (2k-3k) 23, (3k-5k) 0, (5k-65534) 0, (65k) 0 
[DEBUG] Halving CBF counters.
collected one batch of samples. pages to migrate = 1911 
start promoting 1194 pages
move page ret -1 
move page error: 12
got ENOMEM. trying against with 238 pages 
second promote attempt return -1
pages migrated: 363, lfu # items: 10162, lfu sample size: 11100000, samples: 11100000, node 0 mem 70148
CBF freq dist: (1) 72, (1-100) 705, (100-1000) 7970, (1k-2k) 840, (2k-3k) 179, (3k-5k) 116, (5k-65534) 352, (65k) 0 
CBF freq dist: (1) -32, (1-100) 2115, (100-1000) 1389, (1k-2k) 160, (2k-3k) 0, (3k-5k) 0, (5k-65534) 0, (65k) 0 
collected one batch of samples. pages to migrate = 2145 
start promoting 1438 pages
move page ret -1 
move page error: 12
got ENOMEM. trying against with 287 pages 
second promote attempt return -1
pages migrated: 363, lfu # items: 10162, lfu sample size: 11200000, samples: 11200000, node 0 mem 70148
CBF freq dist: (1) 72, (1-100) 698, (100-1000) 7946, (1k-2k) 856, (2k-3k) 173, (3k-5k) 137, (5k-65534) 352, (65k) 0 
CBF freq dist: (1) -31, (1-100) 1948, (100-1000) 1481, (1k-2k) 236, (2k-3k) 0, (3k-5k) 0, (5k-65534) 0, (65k) 0 
collected one batch of samples. pages to migrate = 2335 
start promoting 1619 pages
move page ret -1 
move page error: 12
got ENOMEM. trying against with 323 pages 
second promote attempt return -1
pages migrated: 363, lfu # items: 10162, lfu sample size: 11300000, samples: 11300000, node 0 mem 70148
CBF freq dist: (1) 72, (1-100) 684, (100-1000) 7955, (1k-2k) 837, (2k-3k) 173, (3k-5k) 161, (5k-65534) 352, (65k) 0 
CBF freq dist: (1) -32, (1-100) 1780, (100-1000) 1644, (1k-2k) 240, (2k-3k) 1, (3k-5k) 0, (5k-65534) 0, (65k) 0 
collected one batch of samples. pages to migrate = 2446 
start promoting 1728 pages
move page ret -1 
move page error: 12
got ENOMEM. trying against with 345 pages 
second promote attempt return -1
pages migrated: 363, lfu # items: 10162, lfu sample size: 11400000, samples: 11400000, node 0 mem 70148
CBF freq dist: (1) 72, (1-100) 675, (100-1000) 7964, (1k-2k) 793, (2k-3k) 199, (3k-5k) 179, (5k-65534) 352, (65k) 0 
CBF freq dist: (1) -33, (1-100) 1646, (100-1000) 1774, (1k-2k) 244, (2k-3k) 1, (3k-5k) 0, (5k-65534) 0, (65k) 0 
collected one batch of samples. pages to migrate = 2042 
start promoting 1345 pages
move page ret -1 
move page error: 12
got ENOMEM. trying against with 269 pages 
second promote attempt return -1
pages migrated: 363, lfu # items: 10164, lfu sample size: 11500000, samples: 11500000, node 0 mem 70148
CBF freq dist: (1) 73, (1-100) 672, (100-1000) 7969, (1k-2k) 767, (2k-3k) 204, (3k-5k) 200, (5k-65534) 352, (65k) 0 
CBF freq dist: (1) -34, (1-100) 1595, (100-1000) 1788, (1k-2k) 278, (2k-3k) 4, (3k-5k) 0, (5k-65534) 0, (65k) 0 
[DEBUG] Halving CBF counters.
collected one batch of samples. pages to migrate = 855 
start promoting 171 pages
move page ret -1 
move page error: 12
got ENOMEM. trying against with 34 pages 
second promote attempt return -1
pages migrated: 363, lfu # items: 10165, lfu sample size: 11600000, samples: 11600000, node 0 mem 70148
CBF freq dist: (1) 73, (1-100) 673, (100-1000) 7969, (1k-2k) 750, (2k-3k) 208, (3k-5k) 213, (5k-65534) 352, (65k) 0 
CBF freq dist: (1) 437, (1-100) 2453, (100-1000) 1141, (1k-2k) 105, (2k-3k) 0, (3k-5k) 0, (5k-65534) 0, (65k) 0 
collected one batch of samples. pages to migrate = 834 
start promoting 154 pages
move page ret -1 
move page error: 12
got ENOMEM. trying against with 30 pages 
second promote attempt return -1
pages migrated: 363, lfu # items: 10165, lfu sample size: 11700000, samples: 11700000, node 0 mem 70148
CBF freq dist: (1) 73, (1-100) 672, (100-1000) 7970, (1k-2k) 739, (2k-3k) 214, (3k-5k) 218, (5k-65534) 352, (65k) 0 
CBF freq dist: (1) 437, (1-100) 2394, (100-1000) 1040, (1k-2k) 265, (2k-3k) 0, (3k-5k) 0, (5k-65534) 0, (65k) 0 
collected one batch of samples. pages to migrate = 842 
start promoting 163 pages
move page ret -1 
move page error: 12
got ENOMEM. trying against with 32 pages 
second promote attempt return -1
pages migrated: 363, lfu # items: 10165, lfu sample size: 11800000, samples: 11800000, node 0 mem 70148
CBF freq dist: (1) 73, (1-100) 670, (100-1000) 7972, (1k-2k) 727, (2k-3k) 225, (3k-5k) 218, (5k-65534) 353, (65k) 0 
CBF freq dist: (1) 437, (1-100) 2358, (100-1000) 992, (1k-2k) 347, (2k-3k) 2, (3k-5k) 0, (5k-65534) 0, (65k) 0 
Trial Time:          21.61056
collected one batch of samples. pages to migrate = 1369 
start promoting 1104 pages
move page ret 1103 
move page error: 12
got ENOMEM. trying against with 220 pages 
second promote attempt return 0
pages migrated: 363, lfu # items: 10165, lfu sample size: 11900000, samples: 11900000, node 0 mem 74448
CBF freq dist: (1) 73, (1-100) 653, (100-1000) 7989, (1k-2k) 710, (2k-3k) 242, (3k-5k) 218, (5k-65534) 353, (65k) 0 
CBF freq dist: (1) 434, (1-100) 2264, (100-1000) 1087, (1k-2k) 346, (2k-3k) 6, (3k-5k) 0, (5k-65534) 0, (65k) 0 
collected one batch of samples. pages to migrate = 952 
start promoting 109 pages
move page ret -1 
move page error: 12
got ENOMEM. trying against with 21 pages 
second promote attempt return -1
pages migrated: 363, lfu # items: 10167, lfu sample size: 12000000, samples: 12000000, node 0 mem 74780
CBF freq dist: (1) 71, (1-100) 654, (100-1000) 7990, (1k-2k) 671, (2k-3k) 280, (3k-5k) 219, (5k-65534) 353, (65k) 0 
CBF freq dist: (1) 433, (1-100) 2264, (100-1000) 1087, (1k-2k) 321, (2k-3k) 32, (3k-5k) 0, (5k-65534) 0, (65k) 0 
collected one batch of samples. pages to migrate = 1299 
start promoting 129 pages
move page ret -1 
move page error: 12
got ENOMEM. trying against with 25 pages 
second promote attempt return -1
pages migrated: 363, lfu # items: 10168, lfu sample size: 12100000, samples: 12100000, node 0 mem 74780
CBF freq dist: (1) 72, (1-100) 654, (100-1000) 7991, (1k-2k) 668, (2k-3k) 279, (3k-5k) 223, (5k-65534) 353, (65k) 0 
CBF freq dist: (1) 433, (1-100) 2261, (100-1000) 1088, (1k-2k) 261, (2k-3k) 93, (3k-5k) 1, (5k-65534) 0, (65k) 0 
[DEBUG] Halving CBF counters.
collected one batch of samples. pages to migrate = 817 
start promoting 137 pages
move page ret -1 
move page error: 12
got ENOMEM. trying against with 27 pages 
second promote attempt return -1
pages migrated: 363, lfu # items: 10169, lfu sample size: 12200000, samples: 12200000, node 0 mem 74780
CBF freq dist: (1) 73, (1-100) 655, (100-1000) 7991, (1k-2k) 666, (2k-3k) 280, (3k-5k) 224, (5k-65534) 353, (65k) 0 
CBF freq dist: (1) -56, (1-100) 2221, (100-1000) 746, (1k-2k) 303, (2k-3k) 1, (3k-5k) 0, (5k-65534) 0, (65k) 0 
collected one batch of samples. pages to migrate = 798 
start promoting 121 pages
move page ret -1 
move page error: 12
got ENOMEM. trying against with 24 pages 
second promote attempt return -1
pages migrated: 363, lfu # items: 10169, lfu sample size: 12300000, samples: 12300000, node 0 mem 74780
CBF freq dist: (1) 73, (1-100) 655, (100-1000) 7991, (1k-2k) 664, (2k-3k) 275, (3k-5k) 231, (5k-65534) 353, (65k) 0 
CBF freq dist: (1) -56, (1-100) 2221, (100-1000) 706, (1k-2k) 341, (2k-3k) 3, (3k-5k) 0, (5k-65534) 0, (65k) 0 
collected one batch of samples. pages to migrate = 824 
start promoting 141 pages
move page ret -1 
move page error: 12
got ENOMEM. trying against with 28 pages 
second promote attempt return -1
pages migrated: 363, lfu # items: 10170, lfu sample size: 12400000, samples: 12400000, node 0 mem 74780
CBF freq dist: (1) 74, (1-100) 656, (100-1000) 7991, (1k-2k) 664, (2k-3k) 269, (3k-5k) 237, (5k-65534) 353, (65k) 0 
CBF freq dist: (1) -57, (1-100) 2221, (100-1000) 703, (1k-2k) 333, (2k-3k) 13, (3k-5k) 1, (5k-65534) 0, (65k) 0 
collected one batch of samples. pages to migrate = 824 
start promoting 142 pages
move page ret -1 
move page error: 12
got ENOMEM. trying against with 28 pages 
second promote attempt return -1
pages migrated: 363, lfu # items: 10170, lfu sample size: 12500000, samples: 12500000, node 0 mem 74500
CBF freq dist: (1) 74, (1-100) 655, (100-1000) 7991, (1k-2k) 665, (2k-3k) 257, (3k-5k) 249, (5k-65534) 353, (65k) 0 
CBF freq dist: (1) -57, (1-100) 2220, (100-1000) 696, (1k-2k) 319, (2k-3k) 35, (3k-5k) 1, (5k-65534) 0, (65k) 0 
collected one batch of samples. pages to migrate = 819 
start promoting 138 pages
move page ret -1 
move page error: 12
got ENOMEM. trying against with 27 pages 
second promote attempt return -1
pages migrated: 363, lfu # items: 10172, lfu sample size: 12600000, samples: 12600000, node 0 mem 74500
CBF freq dist: (1) 75, (1-100) 657, (100-1000) 7991, (1k-2k) 664, (2k-3k) 248, (3k-5k) 259, (5k-65534) 353, (65k) 0 
CBF freq dist: (1) -57, (1-100) 2220, (100-1000) 692, (1k-2k) 276, (2k-3k) 74, (3k-5k) 9, (5k-65534) 0, (65k) 0 
[DEBUG] Halving CBF counters.
collected one batch of samples. pages to migrate = 800 
start promoting 123 pages
move page ret -1 
move page error: 12
got ENOMEM. trying against with 24 pages 
second promote attempt return -1
pages migrated: 363, lfu # items: 10172, lfu sample size: 12700000, samples: 12700000, node 0 mem 74768
CBF freq dist: (1) 75, (1-100) 657, (100-1000) 7990, (1k-2k) 665, (2k-3k) 234, (3k-5k) 273, (5k-65534) 353, (65k) 0 
CBF freq dist: (1) -8, (1-100) 2588, (100-1000) 501, (1k-2k) 238, (2k-3k) 0, (3k-5k) 1, (5k-65534) 0, (65k) 0 
collected one batch of samples. pages to migrate = 815 
start promoting 136 pages
move page ret -1 
move page error: 12
got ENOMEM. trying against with 27 pages 
second promote attempt return -1
pages migrated: 363, lfu # items: 10172, lfu sample size: 12800000, samples: 12800000, node 0 mem 74768
CBF freq dist: (1) 75, (1-100) 656, (100-1000) 7991, (1k-2k) 665, (2k-3k) 213, (3k-5k) 294, (5k-65534) 353, (65k) 0 
CBF freq dist: (1) -8, (1-100) 2588, (100-1000) 403, (1k-2k) 325, (2k-3k) 11, (3k-5k) 1, (5k-65534) 0, (65k) 0 
num_perf_record_lost count 300
collected one batch of samples. pages to migrate = 823 
start promoting 140 pages
move page ret -1 
move page error: 12
got ENOMEM. trying against with 28 pages 
second promote attempt return -1
pages migrated: 363, lfu # items: 10174, lfu sample size: 12900000, samples: 12900000, node 0 mem 74768
CBF freq dist: (1) 77, (1-100) 658, (100-1000) 7990, (1k-2k) 666, (2k-3k) 189, (3k-5k) 317, (5k-65534) 354, (65k) 0 
CBF freq dist: (1) -7, (1-100) 2587, (100-1000) 402, (1k-2k) 304, (2k-3k) 36, (3k-5k) 1, (5k-65534) 0, (65k) 0 
collected one batch of samples. pages to migrate = 821 
start promoting 132 pages
move page ret -1 
move page error: 12
got ENOMEM. trying against with 26 pages 
second promote attempt return -1
pages migrated: 363, lfu # items: 10211, lfu sample size: 13000000, samples: 13000000, node 0 mem 74768
CBF freq dist: (1) 96, (1-100) 694, (100-1000) 7991, (1k-2k) 666, (2k-3k) 161, (3k-5k) 345, (5k-65534) 354, (65k) 0 
CBF freq dist: (1) -7, (1-100) 2583, (100-1000) 403, (1k-2k) 285, (2k-3k) 52, (3k-5k) 7, (5k-65534) 1, (65k) 0 
collected one batch of samples. pages to migrate = 828 
start promoting 148 pages
move page ret -1 
move page error: 12
got ENOMEM. trying against with 29 pages 
second promote attempt return -1
pages migrated: 363, lfu # items: 10211, lfu sample size: 13100000, samples: 13100000, node 0 mem 75256
CBF freq dist: (1) 96, (1-100) 694, (100-1000) 7991, (1k-2k) 666, (2k-3k) 136, (3k-5k) 370, (5k-65534) 354, (65k) 0 
CBF freq dist: (1) -7, (1-100) 2579, (100-1000) 404, (1k-2k) 261, (2k-3k) 71, (3k-5k) 15, (5k-65534) 1, (65k) 0 
collected one batch of samples. pages to migrate = 888 
start promoting 210 pages
move page ret -1 
move page error: 12
got ENOMEM. trying against with 42 pages 
second promote attempt return -1
pages migrated: 363, lfu # items: 10211, lfu sample size: 13200000, samples: 13200000, node 0 mem 75256
CBF freq dist: (1) 96, (1-100) 692, (100-1000) 7993, (1k-2k) 666, (2k-3k) 120, (3k-5k) 386, (5k-65534) 354, (65k) 0 
CBF freq dist: (1) -7, (1-100) 2578, (100-1000) 397, (1k-2k) 237, (2k-3k) 88, (3k-5k) 30, (5k-65534) 1, (65k) 0 
[DEBUG] Halving CBF counters.
collected one batch of samples. pages to migrate = 1093 
start promoting 397 pages
move page ret -1 
move page error: 12
got ENOMEM. trying against with 79 pages 
second promote attempt return -1
pages migrated: 363, lfu # items: 10211, lfu sample size: 13300000, samples: 13300000, node 0 mem 75256
CBF freq dist: (1) 95, (1-100) 692, (100-1000) 7993, (1k-2k) 666, (2k-3k) 108, (3k-5k) 398, (5k-65534) 354, (65k) 0 
CBF freq dist: (1) 175, (1-100) 2590, (100-1000) 480, (1k-2k) 247, (2k-3k) 14, (3k-5k) 7, (5k-65534) 0, (65k) 0 
collected one batch of samples. pages to migrate = 1025 
start promoting 338 pages
move page ret -1 
move page error: 12
got ENOMEM. trying against with 67 pages 
second promote attempt return -1
pages migrated: 363, lfu # items: 10212, lfu sample size: 13400000, samples: 13400000, node 0 mem 75256
CBF freq dist: (1) 96, (1-100) 692, (100-1000) 7994, (1k-2k) 665, (2k-3k) 105, (3k-5k) 402, (5k-65534) 354, (65k) 0 
CBF freq dist: (1) 164, (1-100) 2586, (100-1000) 414, (1k-2k) 310, (2k-3k) 18, (3k-5k) 9, (5k-65534) 1, (65k) 0 
collected one batch of samples. pages to migrate = 908 
start promoting 228 pages
move page ret -1 
move page error: 12
got ENOMEM. trying against with 45 pages 
second promote attempt return -1
pages migrated: 363, lfu # items: 10212, lfu sample size: 13500000, samples: 13500000, node 0 mem 75256
CBF freq dist: (1) 96, (1-100) 692, (100-1000) 7994, (1k-2k) 664, (2k-3k) 106, (3k-5k) 402, (5k-65534) 354, (65k) 0 
CBF freq dist: (1) 157, (1-100) 2586, (100-1000) 414, (1k-2k) 305, (2k-3k) 23, (3k-5k) 8, (5k-65534) 2, (65k) 0 
collected one batch of samples. pages to migrate = 953 
start promoting 270 pages
move page ret -1 
move page error: 12
got ENOMEM. trying against with 54 pages 
second promote attempt return -1
pages migrated: 363, lfu # items: 10227, lfu sample size: 13600000, samples: 13600000, node 0 mem 75256
CBF freq dist: (1) 103, (1-100) 706, (100-1000) 7995, (1k-2k) 662, (2k-3k) 108, (3k-5k) 402, (5k-65534) 354, (65k) 0 
CBF freq dist: (1) 152, (1-100) 2585, (100-1000) 415, (1k-2k) 107, (2k-3k) 221, (3k-5k) 7, (5k-65534) 3, (65k) 0 
collected one batch of samples. pages to migrate = 937 
start promoting 249 pages
move page ret -1 
move page error: 12
got ENOMEM. trying against with 49 pages 
second promote attempt return -1
pages migrated: 363, lfu # items: 10227, lfu sample size: 13700000, samples: 13700000, node 0 mem 75256
CBF freq dist: (1) 102, (1-100) 705, (100-1000) 7996, (1k-2k) 661, (2k-3k) 107, (3k-5k) 404, (5k-65534) 354, (65k) 0 
CBF freq dist: (1) 146, (1-100) 2585, (100-1000) 416, (1k-2k) 62, (2k-3k) 266, (3k-5k) 7, (5k-65534) 3, (65k) 0 
[DEBUG] Halving CBF counters.
collected one batch of samples. pages to migrate = 968 
start promoting 281 pages
move page ret -1 
move page error: 12
got ENOMEM. trying against with 56 pages 
second promote attempt return -1
pages migrated: 363, lfu # items: 10233, lfu sample size: 13800000, samples: 13800000, node 0 mem 75256
CBF freq dist: (1) 105, (1-100) 710, (100-1000) 7996, (1k-2k) 660, (2k-3k) 107, (3k-5k) 406, (5k-65534) 354, (65k) 0 
CBF freq dist: (1) 147, (1-100) 2440, (100-1000) 479, (1k-2k) 270, (2k-3k) 7, (3k-5k) 3, (5k-65534) 0, (65k) 0 
collected one batch of samples. pages to migrate = 973 
start promoting 284 pages
move page ret -1 
move page error: 12
got ENOMEM. trying against with 56 pages 
second promote attempt return -1
pages migrated: 363, lfu # items: 10233, lfu sample size: 13900000, samples: 13900000, node 0 mem 75256
CBF freq dist: (1) 105, (1-100) 709, (100-1000) 7997, (1k-2k) 660, (2k-3k) 106, (3k-5k) 407, (5k-65534) 354, (65k) 0 
CBF freq dist: (1) 129, (1-100) 2445, (100-1000) 480, (1k-2k) 249, (2k-3k) 21, (3k-5k) 10, (5k-65534) 0, (65k) 0 
collected one batch of samples. pages to migrate = 1000 
start promoting 316 pages
move page ret -1 
move page error: 12
got ENOMEM. trying against with 63 pages 
second promote attempt return -1
pages migrated: 363, lfu # items: 10233, lfu sample size: 14000000, samples: 14000000, node 0 mem 75684
CBF freq dist: (1) 105, (1-100) 707, (100-1000) 7998, (1k-2k) 660, (2k-3k) 107, (3k-5k) 407, (5k-65534) 354, (65k) 0 
CBF freq dist: (1) 112, (1-100) 2448, (100-1000) 483, (1k-2k) 28, (2k-3k) 243, (3k-5k) 9, (5k-65534) 2, (65k) 0 
collected one batch of samples. pages to migrate = 1068 
start promoting 385 pages
move page ret -1 
move page error: 12
got ENOMEM. trying against with 77 pages 
second promote attempt return -1
pages migrated: 363, lfu # items: 10233, lfu sample size: 14100000, samples: 14100000, node 0 mem 75936
CBF freq dist: (1) 105, (1-100) 706, (100-1000) 7999, (1k-2k) 659, (2k-3k) 106, (3k-5k) 409, (5k-65534) 354, (65k) 0 
CBF freq dist: (1) 88, (1-100) 2454, (100-1000) 481, (1k-2k) 28, (2k-3k) 246, (3k-5k) 8, (5k-65534) 3, (65k) 0 
collected one batch of samples. pages to migrate = 1086 
start promoting 404 pages
move page ret -1 
move page error: 12
got ENOMEM. trying against with 80 pages 
second promote attempt return -1
pages migrated: 363, lfu # items: 10233, lfu sample size: 14200000, samples: 14200000, node 0 mem 76188
CBF freq dist: (1) 105, (1-100) 706, (100-1000) 7998, (1k-2k) 660, (2k-3k) 105, (3k-5k) 410, (5k-65534) 354, (65k) 0 
CBF freq dist: (1) 74, (1-100) 2460, (100-1000) 477, (1k-2k) 33, (2k-3k) 205, (3k-5k) 47, (5k-65534) 5, (65k) 0 
collected one batch of samples. pages to migrate = 996 
start promoting 313 pages
move page ret -1 
move page error: 12
got ENOMEM. trying against with 62 pages 
second promote attempt return -1
pages migrated: 363, lfu # items: 10233, lfu sample size: 14300000, samples: 14300000, node 0 mem 76188
CBF freq dist: (1) 105, (1-100) 706, (100-1000) 7998, (1k-2k) 660, (2k-3k) 104, (3k-5k) 411, (5k-65534) 354, (65k) 0 
CBF freq dist: (1) 63, (1-100) 2464, (100-1000) 474, (1k-2k) 36, (2k-3k) 3, (3k-5k) 246, (5k-65534) 8, (65k) 0 
[DEBUG] Halving CBF counters.
collected one batch of samples. pages to migrate = 1119 
start promoting 438 pages
move page ret -1 
move page error: 12
got ENOMEM. trying against with 87 pages 
second promote attempt return -1
pages migrated: 363, lfu # items: 10233, lfu sample size: 14400000, samples: 14400000, node 0 mem 76188
CBF freq dist: (1) 105, (1-100) 706, (100-1000) 7998, (1k-2k) 659, (2k-3k) 104, (3k-5k) 412, (5k-65534) 354, (65k) 0 
CBF freq dist: (1) 287, (1-100) 2446, (100-1000) 497, (1k-2k) 168, (2k-3k) 79, (3k-5k) 10, (5k-65534) 0, (65k) 0 
collected one batch of samples. pages to migrate = 968 
start promoting 288 pages
move page ret -1 
move page error: 12
got ENOMEM. trying against with 57 pages 
second promote attempt return -1
pages migrated: 363, lfu # items: 10233, lfu sample size: 14500000, samples: 14500000, node 0 mem 76188
CBF freq dist: (1) 104, (1-100) 706, (100-1000) 7998, (1k-2k) 659, (2k-3k) 104, (3k-5k) 412, (5k-65534) 354, (65k) 0 
CBF freq dist: (1) 251, (1-100) 2464, (100-1000) 499, (1k-2k) 1, (2k-3k) 246, (3k-5k) 10, (5k-65534) 0, (65k) 0 
collected one batch of samples. pages to migrate = 983 
start promoting 304 pages
move page ret -1 
move page error: 12
got ENOMEM. trying against with 60 pages 
second promote attempt return -1
pages migrated: 363, lfu # items: 10233, lfu sample size: 14600000, samples: 14600000, node 0 mem 76188
CBF freq dist: (1) 104, (1-100) 706, (100-1000) 7998, (1k-2k) 658, (2k-3k) 105, (3k-5k) 412, (5k-65534) 354, (65k) 0 
CBF freq dist: (1) 221, (1-100) 2475, (100-1000) 501, (1k-2k) 1, (2k-3k) 246, (3k-5k) 8, (5k-65534) 2, (65k) 0 
collected one batch of samples. pages to migrate = 1024 
start promoting 345 pages
move page ret -1 
move page error: 12
got ENOMEM. trying against with 69 pages 
second promote attempt return -1
pages migrated: 363, lfu # items: 10233, lfu sample size: 14700000, samples: 14700000, node 0 mem 76480
CBF freq dist: (1) 104, (1-100) 706, (100-1000) 7998, (1k-2k) 655, (2k-3k) 107, (3k-5k) 413, (5k-65534) 354, (65k) 0 
CBF freq dist: (1) 189, (1-100) 2495, (100-1000) 501, (1k-2k) 1, (2k-3k) 67, (3k-5k) 186, (5k-65534) 3, (65k) 0 
num_perf_record_lost count 400
collected one batch of samples. pages to migrate = 1049 
start promoting 371 pages
move page ret -1 
move page error: 12
got ENOMEM. trying against with 74 pages 
second promote attempt return -1
pages migrated: 363, lfu # items: 10233, lfu sample size: 14800000, samples: 14800000, node 0 mem 76564
CBF freq dist: (1) 104, (1-100) 706, (100-1000) 7998, (1k-2k) 655, (2k-3k) 107, (3k-5k) 413, (5k-65534) 354, (65k) 0 
CBF freq dist: (1) 162, (1-100) 2512, (100-1000) 501, (1k-2k) 1, (2k-3k) 0, (3k-5k) 251, (5k-65534) 5, (65k) 0 
[DEBUG] Halving CBF counters.
collected one batch of samples. pages to migrate = 1027 
start promoting 343 pages
move page ret -1 
move page error: 12
got ENOMEM. trying against with 68 pages 
second promote attempt return -1
pages migrated: 363, lfu # items: 10235, lfu sample size: 14900000, samples: 14900000, node 0 mem 76564
CBF freq dist: (1) 105, (1-100) 708, (100-1000) 7998, (1k-2k) 655, (2k-3k) 107, (3k-5k) 412, (5k-65534) 355, (65k) 0 
CBF freq dist: (1) 259, (1-100) 2598, (100-1000) 301, (1k-2k) 140, (2k-3k) 111, (3k-5k) 6, (5k-65534) 0, (65k) 0 
[DEBUG] Number of hot pages promoted in 50 batches = 0 
[INFO] Reached promotion plateau. cur hot page size 3206545408, fast mem 80% 3435973836
[INFO] Decrease hot thresh to 900.
collected one batch of samples. pages to migrate = 1054 
start promoting 371 pages
move page ret -1 
move page error: 12
got ENOMEM. trying against with 74 pages 
second promote attempt return -1
pages migrated: 363, lfu # items: 10235, lfu sample size: 15000000, samples: 15000000, node 0 mem 76564
CBF freq dist: (1) 105, (1-100) 708, (100-1000) 7998, (1k-2k) 654, (2k-3k) 108, (3k-5k) 411, (5k-65534) 356, (65k) 0 
CBF freq dist: (1) 197, (1-100) 2503, (100-1000) 440, (1k-2k) 1, (2k-3k) 246, (3k-5k) 9, (5k-65534) 1, (65k) 0 
collected one batch of samples. pages to migrate = 1132 
start promoting 448 pages
move page ret -1 
move page error: 12
got ENOMEM. trying against with 89 pages 
second promote attempt return -1
pages migrated: 363, lfu # items: 10235, lfu sample size: 15100000, samples: 15100000, node 0 mem 76564
CBF freq dist: (1) 105, (1-100) 706, (100-1000) 8000, (1k-2k) 651, (2k-3k) 111, (3k-5k) 411, (5k-65534) 356, (65k) 0 
CBF freq dist: (1) 115, (1-100) 2501, (100-1000) 470, (1k-2k) 0, (2k-3k) 247, (3k-5k) 9, (5k-65534) 1, (65k) 0 
collected one batch of samples. pages to migrate = 1211 
start promoting 529 pages
move page ret -1 
move page error: 12
got ENOMEM. trying against with 105 pages 
second promote attempt return -1
pages migrated: 363, lfu # items: 10235, lfu sample size: 15200000, samples: 15200000, node 0 mem 75216
CBF freq dist: (1) 103, (1-100) 706, (100-1000) 8000, (1k-2k) 650, (2k-3k) 112, (3k-5k) 410, (5k-65534) 357, (65k) 0 
CBF freq dist: (1) 58, (1-100) 2534, (100-1000) 480, (1k-2k) 0, (2k-3k) 126, (3k-5k) 126, (5k-65534) 5, (65k) 0 
collected one batch of samples. pages to migrate = 1169 
start promoting 485 pages
move page ret -1 
move page error: 12
got ENOMEM. trying against with 97 pages 
second promote attempt return -1
pages migrated: 363, lfu # items: 10235, lfu sample size: 15300000, samples: 15300000, node 0 mem 75216
CBF freq dist: (1) 102, (1-100) 705, (100-1000) 8000, (1k-2k) 648, (2k-3k) 115, (3k-5k) 410, (5k-65534) 357, (65k) 0 
CBF freq dist: (1) 12, (1-100) 2561, (100-1000) 481, (1k-2k) 0, (2k-3k) 1, (3k-5k) 248, (5k-65534) 8, (65k) 0 
collected one batch of samples. pages to migrate = 1130 
start promoting 444 pages
move page ret -1 
move page error: 12
got ENOMEM. trying against with 88 pages 
second promote attempt return -1
pages migrated: 363, lfu # items: 10235, lfu sample size: 15400000, samples: 15400000, node 0 mem 75216
CBF freq dist: (1) 101, (1-100) 705, (100-1000) 8000, (1k-2k) 647, (2k-3k) 116, (3k-5k) 410, (5k-65534) 357, (65k) 0 
CBF freq dist: (1) -14, (1-100) 2579, (100-1000) 481, (1k-2k) 0, (2k-3k) 0, (3k-5k) 246, (5k-65534) 11, (65k) 0 
[DEBUG] Halving CBF counters.
collected one batch of samples. pages to migrate = 1102 
start promoting 417 pages
move page ret -1 
move page error: 12
got ENOMEM. trying against with 83 pages 
second promote attempt return -1
pages migrated: 363, lfu # items: 10235, lfu sample size: 15500000, samples: 15500000, node 0 mem 75216
CBF freq dist: (1) 101, (1-100) 705, (100-1000) 8000, (1k-2k) 645, (2k-3k) 118, (3k-5k) 410, (5k-65534) 357, (65k) 0 
CBF freq dist: (1) 400, (1-100) 3015, (100-1000) 106, (1k-2k) 1, (2k-3k) 245, (3k-5k) 11, (5k-65534) 0, (65k) 0 
collected one batch of samples. pages to migrate = 1179 
start promoting 494 pages
move page ret -1 
move page error: 12
got ENOMEM. trying against with 98 pages 
second promote attempt return -1
pages migrated: 363, lfu # items: 10235, lfu sample size: 15600000, samples: 15600000, node 0 mem 75216
CBF freq dist: (1) 101, (1-100) 705, (100-1000) 8000, (1k-2k) 644, (2k-3k) 119, (3k-5k) 410, (5k-65534) 357, (65k) 0 
CBF freq dist: (1) 329, (1-100) 2986, (100-1000) 181, (1k-2k) 0, (2k-3k) 246, (3k-5k) 10, (5k-65534) 1, (65k) 0 
collected one batch of samples. pages to migrate = 1208 
start promoting 528 pages
move page ret -1 
move page error: 12
got ENOMEM. trying against with 105 pages 
second promote attempt return -1
pages migrated: 363, lfu # items: 10235, lfu sample size: 15700000, samples: 15700000, node 0 mem 75216
CBF freq dist: (1) 101, (1-100) 705, (100-1000) 8000, (1k-2k) 640, (2k-3k) 123, (3k-5k) 410, (5k-65534) 357, (65k) 0 
CBF freq dist: (1) 279, (1-100) 2893, (100-1000) 319, (1k-2k) 0, (2k-3k) 216, (3k-5k) 38, (5k-65534) 3, (65k) 0 
collected one batch of samples. pages to migrate = 1155 
start promoting 469 pages
move page ret -1 
move page error: 12
got ENOMEM. trying against with 93 pages 
second promote attempt return -1
pages migrated: 363, lfu # items: 10235, lfu sample size: 15800000, samples: 15800000, node 0 mem 75216
CBF freq dist: (1) 100, (1-100) 705, (100-1000) 8000, (1k-2k) 639, (2k-3k) 124, (3k-5k) 410, (5k-65534) 357, (65k) 0 
CBF freq dist: (1) 229, (1-100) 2809, (100-1000) 437, (1k-2k) 0, (2k-3k) 2, (3k-5k) 248, (5k-65534) 7, (65k) 0 
collected one batch of samples. pages to migrate = 1361 
start promoting 676 pages
move page ret -1 
move page error: 12
got ENOMEM. trying against with 135 pages 
second promote attempt return -1
pages migrated: 363, lfu # items: 10235, lfu sample size: 15900000, samples: 15900000, node 0 mem 75216
CBF freq dist: (1) 100, (1-100) 704, (100-1000) 8001, (1k-2k) 635, (2k-3k) 128, (3k-5k) 410, (5k-65534) 357, (65k) 0 
CBF freq dist: (1) 163, (1-100) 2815, (100-1000) 469, (1k-2k) 0, (2k-3k) 1, (3k-5k) 245, (5k-65534) 11, (65k) 0 
[DEBUG] Halving CBF counters.
collected one batch of samples. pages to migrate = 1262 
start promoting 575 pages
move page ret -1 
move page error: 12
got ENOMEM. trying against with 115 pages 
second promote attempt return -1
pages migrated: 363, lfu # items: 10235, lfu sample size: 16000000, samples: 16000000, node 0 mem 75504
CBF freq dist: (1) 100, (1-100) 703, (100-1000) 8002, (1k-2k) 634, (2k-3k) 129, (3k-5k) 409, (5k-65534) 358, (65k) 0 
CBF freq dist: (1) 348, (1-100) 3102, (100-1000) 88, (1k-2k) 117, (2k-3k) 129, (3k-5k) 11, (5k-65534) 0, (65k) 0 
collected one batch of samples. pages to migrate = 1372 
start promoting 687 pages
move page ret -1 
move page error: 12
got ENOMEM. trying against with 137 pages 
second promote attempt return -1
pages migrated: 363, lfu # items: 10235, lfu sample size: 16100000, samples: 16100000, node 0 mem 75504
CBF freq dist: (1) 100, (1-100) 701, (100-1000) 8004, (1k-2k) 629, (2k-3k) 134, (3k-5k) 409, (5k-65534) 358, (65k) 0 
CBF freq dist: (1) 223, (1-100) 3154, (100-1000) 98, (1k-2k) 1, (2k-3k) 245, (3k-5k) 10, (5k-65534) 1, (65k) 0 
collected one batch of samples. pages to migrate = 1270 
start promoting 585 pages
move page ret -1 
move page error: 12
got ENOMEM. trying against with 117 pages 
second promote attempt return -1
pages migrated: 363, lfu # items: 10235, lfu sample size: 16200000, samples: 16200000, node 0 mem 75504
CBF freq dist: (1) 100, (1-100) 701, (100-1000) 8004, (1k-2k) 627, (2k-3k) 136, (3k-5k) 407, (5k-65534) 360, (65k) 0 
CBF freq dist: (1) 183, (1-100) 3170, (100-1000) 117, (1k-2k) 0, (2k-3k) 244, (3k-5k) 9, (5k-65534) 4, (65k) 0 
collected one batch of samples. pages to migrate = 1319 
start promoting 631 pages
move page ret -1 
move page error: 12
got ENOMEM. trying against with 126 pages 
second promote attempt return -1
pages migrated: 363, lfu # items: 10248, lfu sample size: 16300000, samples: 16300000, node 0 mem 75504
CBF freq dist: (1) 101, (1-100) 714, (100-1000) 8004, (1k-2k) 626, (2k-3k) 137, (3k-5k) 407, (5k-65534) 360, (65k) 0 
CBF freq dist: (1) 140, (1-100) 3128, (100-1000) 181, (1k-2k) 0, (2k-3k) 106, (3k-5k) 143, (5k-65534) 8, (65k) 0 
collected one batch of samples. pages to migrate = 1304 
start promoting 613 pages
move page ret -1 
move page error: 12
got ENOMEM. trying against with 122 pages 
second promote attempt return -1
pages migrated: 363, lfu # items: 10248, lfu sample size: 16400000, samples: 16400000, node 0 mem 75504
CBF freq dist: (1) 101, (1-100) 713, (100-1000) 8005, (1k-2k) 624, (2k-3k) 139, (3k-5k) 406, (5k-65534) 361, (65k) 0 
CBF freq dist: (1) 118, (1-100) 3018, (100-1000) 308, (1k-2k) 0, (2k-3k) 3, (3k-5k) 243, (5k-65534) 11, (65k) 0 
collected one batch of samples. pages to migrate = 1357 
start promoting 670 pages
move page ret -1 
move page error: 12
got ENOMEM. trying against with 134 pages 
second promote attempt return -1
pages migrated: 363, lfu # items: 10248, lfu sample size: 16500000, samples: 16500000, node 0 mem 75504
CBF freq dist: (1) 101, (1-100) 712, (100-1000) 8006, (1k-2k) 623, (2k-3k) 140, (3k-5k) 406, (5k-65534) 361, (65k) 0 
CBF freq dist: (1) 96, (1-100) 2944, (100-1000) 396, (1k-2k) 1, (2k-3k) 1, (3k-5k) 245, (5k-65534) 11, (65k) 0 
[DEBUG] Halving CBF counters.
collected one batch of samples. pages to migrate = 1335 
start promoting 651 pages
move page ret -1 
move page error: 12
got ENOMEM. trying against with 130 pages 
second promote attempt return -1
pages migrated: 363, lfu # items: 10248, lfu sample size: 16600000, samples: 16600000, node 0 mem 75504
CBF freq dist: (1) 101, (1-100) 712, (100-1000) 8006, (1k-2k) 618, (2k-3k) 144, (3k-5k) 406, (5k-65534) 362, (65k) 0 
CBF freq dist: (1) 119, (1-100) 3192, (100-1000) 96, (1k-2k) 3, (2k-3k) 243, (3k-5k) 10, (5k-65534) 1, (65k) 0 
collected one batch of samples. pages to migrate = 1424 
start promoting 742 pages
move page ret -1 
move page error: 12
got ENOMEM. trying against with 148 pages 
second promote attempt return -1
pages migrated: 363, lfu # items: 10248, lfu sample size: 16700000, samples: 16700000, node 0 mem 75504
CBF freq dist: (1) 101, (1-100) 711, (100-1000) 8007, (1k-2k) 616, (2k-3k) 146, (3k-5k) 404, (5k-65534) 364, (65k) 0 
CBF freq dist: (1) 72, (1-100) 3216, (100-1000) 110, (1k-2k) 1, (2k-3k) 245, (3k-5k) 9, (5k-65534) 2, (65k) 0 
collected one batch of samples. pages to migrate = 1373 
start promoting 688 pages
move page ret -1 
move page error: 12
got ENOMEM. trying against with 137 pages 
second promote attempt return -1
pages migrated: 363, lfu # items: 10248, lfu sample size: 16800000, samples: 16800000, node 0 mem 75504
CBF freq dist: (1) 101, (1-100) 708, (100-1000) 8010, (1k-2k) 611, (2k-3k) 151, (3k-5k) 404, (5k-65534) 364, (65k) 0 
CBF freq dist: (1) 49, (1-100) 3196, (100-1000) 141, (1k-2k) 0, (2k-3k) 237, (3k-5k) 16, (5k-65534) 4, (65k) 0 
collected one batch of samples. pages to migrate = 1438 
start promoting 753 pages
move page ret -1 
move page error: 12
got ENOMEM. trying against with 150 pages 
second promote attempt return -1
pages migrated: 363, lfu # items: 10248, lfu sample size: 16900000, samples: 16900000, node 0 mem 75504
CBF freq dist: (1) 101, (1-100) 706, (100-1000) 8012, (1k-2k) 609, (2k-3k) 153, (3k-5k) 403, (5k-65534) 365, (65k) 0 
CBF freq dist: (1) 24, (1-100) 3135, (100-1000) 213, (1k-2k) 0, (2k-3k) 6, (3k-5k) 243, (5k-65534) 8, (65k) 0 
collected one batch of samples. pages to migrate = 1490 
start promoting 805 pages
move page ret -1 
move page error: 12
got ENOMEM. trying against with 161 pages 
second promote attempt return -1
pages migrated: 363, lfu # items: 10248, lfu sample size: 17000000, samples: 17000000, node 0 mem 74960
CBF freq dist: (1) 101, (1-100) 706, (100-1000) 8011, (1k-2k) 604, (2k-3k) 159, (3k-5k) 402, (5k-65534) 366, (65k) 0 
CBF freq dist: (1) 4, (1-100) 3044, (100-1000) 314, (1k-2k) 1, (2k-3k) 5, (3k-5k) 241, (5k-65534) 11, (65k) 0 
[DEBUG] Halving CBF counters.
collected one batch of samples. pages to migrate = 1512 
start promoting 827 pages
move page ret -1 
move page error: 12
got ENOMEM. trying against with 165 pages 
second promote attempt return -1
pages migrated: 363, lfu # items: 10248, lfu sample size: 17100000, samples: 17100000, node 0 mem 75044
CBF freq dist: (1) 101, (1-100) 706, (100-1000) 8011, (1k-2k) 594, (2k-3k) 168, (3k-5k) 402, (5k-65534) 367, (65k) 0 
CBF freq dist: (1) 138, (1-100) 3311, (100-1000) 80, (1k-2k) 161, (2k-3k) 86, (3k-5k) 9, (5k-65534) 1, (65k) 0 
collected one batch of samples. pages to migrate = 1554 
start promoting 869 pages
move page ret -1 
move page error: 12
got ENOMEM. trying against with 173 pages 
second promote attempt return -1
pages migrated: 363, lfu # items: 10248, lfu sample size: 17200000, samples: 17200000, node 0 mem 75044
CBF freq dist: (1) 101, (1-100) 703, (100-1000) 8014, (1k-2k) 590, (2k-3k) 172, (3k-5k) 401, (5k-65534) 368, (65k) 0 
CBF freq dist: (1) 93, (1-100) 3318, (100-1000) 104, (1k-2k) 8, (2k-3k) 239, (3k-5k) 7, (5k-65534) 3, (65k) 0 
collected one batch of samples. pages to migrate = 1553 
start promoting 866 pages
move page ret -1 
move page error: 12
got ENOMEM. trying against with 173 pages 
second promote attempt return -1
pages migrated: 363, lfu # items: 10248, lfu sample size: 17300000, samples: 17300000, node 0 mem 75044
CBF freq dist: (1) 101, (1-100) 703, (100-1000) 8014, (1k-2k) 580, (2k-3k) 182, (3k-5k) 400, (5k-65534) 369, (65k) 0 
CBF freq dist: (1) 68, (1-100) 3293, (100-1000) 140, (1k-2k) 7, (2k-3k) 240, (3k-5k) -1, (5k-65534) 11, (65k) 0 
collected one batch of samples. pages to migrate = 1558 
start promoting 872 pages
move page ret -1 
move page error: 12
got ENOMEM. trying against with 174 pages 
second promote attempt return -1
pages migrated: 363, lfu # items: 10248, lfu sample size: 17400000, samples: 17400000, node 0 mem 75044
CBF freq dist: (1) 101, (1-100) 698, (100-1000) 8019, (1k-2k) 575, (2k-3k) 187, (3k-5k) 398, (5k-65534) 371, (65k) 0 
CBF freq dist: (1) 60, (1-100) 3221, (100-1000) 217, (1k-2k) 5, (2k-3k) 231, (3k-5k) 10, (5k-65534) 11, (65k) 0 
collected one batch of samples. pages to migrate = 1564 
start promoting 877 pages
move page ret -1 
move page error: 12
got ENOMEM. trying against with 175 pages 
second promote attempt return -1
pages migrated: 363, lfu # items: 10248, lfu sample size: 17500000, samples: 17500000, node 0 mem 75044
CBF freq dist: (1) 101, (1-100) 697, (100-1000) 8020, (1k-2k) 571, (2k-3k) 191, (3k-5k) 398, (5k-65534) 371, (65k) 0 
CBF freq dist: (1) 55, (1-100) 3066, (100-1000) 378, (1k-2k) 6, (2k-3k) 27, (3k-5k) 214, (5k-65534) 11, (65k) 0 
collected one batch of samples. pages to migrate = 1578 
start promoting 891 pages
move page ret -1 
move page error: 12
got ENOMEM. trying against with 178 pages 
second promote attempt return -1
pages migrated: 363, lfu # items: 10249, lfu sample size: 17600000, samples: 17600000, node 0 mem 75044
CBF freq dist: (1) 102, (1-100) 694, (100-1000) 8024, (1k-2k) 565, (2k-3k) 197, (3k-5k) 397, (5k-65534) 371, (65k) 1 
CBF freq dist: (1) 48, (1-100) 2860, (100-1000) 584, (1k-2k) 5, (2k-3k) 2, (3k-5k) 240, (5k-65534) 11, (65k) 0 
[DEBUG] Halving CBF counters.
collected one batch of samples. pages to migrate = 1564 
start promoting 872 pages
move page ret -1 
move page error: 12
got ENOMEM. trying against with 174 pages 
second promote attempt return -1
pages migrated: 363, lfu # items: 10249, lfu sample size: 17700000, samples: 17700000, node 0 mem 75044
CBF freq dist: (1) 102, (1-100) 691, (100-1000) 8027, (1k-2k) 559, (2k-3k) 203, (3k-5k) 395, (5k-65534) 373, (65k) 1 
CBF freq dist: (1) 26, (1-100) 3273, (100-1000) 134, (1k-2k) 102, (2k-3k) 140, (3k-5k) 10, (5k-65534) 1, (65k) 0 
collected one batch of samples. pages to migrate = 1560 
start promoting 873 pages
move page ret -1 
move page error: 12
got ENOMEM. trying against with 174 pages 
second promote attempt return -1
pages migrated: 363, lfu # items: 10249, lfu sample size: 17800000, samples: 17800000, node 0 mem 75044
CBF freq dist: (1) 101, (1-100) 691, (100-1000) 8026, (1k-2k) 554, (2k-3k) 209, (3k-5k) 394, (5k-65534) 374, (65k) 1 
CBF freq dist: (1) 18, (1-100) 3220, (100-1000) 189, (1k-2k) 7, (2k-3k) 235, (3k-5k) 8, (5k-65534) 3, (65k) 0 
collected one batch of samples. pages to migrate = 1565 
start promoting 879 pages
move page ret -1 
move page error: 12
got ENOMEM. trying against with 175 pages 
second promote attempt return -1
pages migrated: 363, lfu # items: 10249, lfu sample size: 17900000, samples: 17900000, node 0 mem 75044
CBF freq dist: (1) 101, (1-100) 689, (100-1000) 8028, (1k-2k) 553, (2k-3k) 209, (3k-5k) 394, (5k-65534) 374, (65k) 2 
CBF freq dist: (1) 14, (1-100) 3054, (100-1000) 358, (1k-2k) 7, (2k-3k) 234, (3k-5k) 5, (5k-65534) 7, (65k) 0 
num_perf_record_lost count 500
collected one batch of samples. pages to migrate = 1574 
start promoting 884 pages
move page ret -1 
move page error: 12
got ENOMEM. trying against with 176 pages 
second promote attempt return -1
pages migrated: 363, lfu # items: 10250, lfu sample size: 18000000, samples: 18000000, node 0 mem 75044
CBF freq dist: (1) 101, (1-100) 686, (100-1000) 8032, (1k-2k) 551, (2k-3k) 211, (3k-5k) 391, (5k-65534) 377, (65k) 2 
CBF freq dist: (1) 11, (1-100) 2817, (100-1000) 594, (1k-2k) 6, (2k-3k) 213, (3k-5k) 24, (5k-65534) 11, (65k) 0 
collected one batch of samples. pages to migrate = 1596 
start promoting 906 pages
move page ret -1 
move page error: 12
got ENOMEM. trying against with 181 pages 
second promote attempt return -1
pages migrated: 363, lfu # items: 10250, lfu sample size: 18100000, samples: 18100000, node 0 mem 75044
CBF freq dist: (1) 101, (1-100) 685, (100-1000) 8033, (1k-2k) 546, (2k-3k) 216, (3k-5k) 391, (5k-65534) 377, (65k) 2 
CBF freq dist: (1) 9, (1-100) 2615, (100-1000) 796, (1k-2k) 6, (2k-3k) 0, (3k-5k) 237, (5k-65534) 11, (65k) 0 
[DEBUG] Halving CBF counters.
collected one batch of samples. pages to migrate = 1565 
start promoting 875 pages
move page ret -1 
move page error: 12
got ENOMEM. trying against with 175 pages 
second promote attempt return -1
pages migrated: 363, lfu # items: 10250, lfu sample size: 18200000, samples: 18200000, node 0 mem 75044
CBF freq dist: (1) 101, (1-100) 684, (100-1000) 8034, (1k-2k) 541, (2k-3k) 221, (3k-5k) 389, (5k-65534) 379, (65k) 2 
CBF freq dist: (1) 63, (1-100) 3210, (100-1000) 198, (1k-2k) 233, (2k-3k) 5, (3k-5k) 9, (5k-65534) 1, (65k) 0 
collected one batch of samples. pages to migrate = 1574 
start promoting 885 pages
move page ret -1 
move page error: 12
got ENOMEM. trying against with 177 pages 
second promote attempt return -1
pages migrated: 363, lfu # items: 10250, lfu sample size: 18300000, samples: 18300000, node 0 mem 75296
CBF freq dist: (1) 101, (1-100) 681, (100-1000) 8037, (1k-2k) 540, (2k-3k) 222, (3k-5k) 386, (5k-65534) 382, (65k) 2 
CBF freq dist: (1) 62, (1-100) 2984, (100-1000) 425, (1k-2k) 96, (2k-3k) 143, (3k-5k) 9, (5k-65534) 1, (65k) 0 
collected one batch of samples. pages to migrate = 1585 
start promoting 893 pages
move page ret -1 
move page error: 12
got ENOMEM. trying against with 178 pages 
second promote attempt return -1
pages migrated: 363, lfu # items: 10250, lfu sample size: 18400000, samples: 18400000, node 0 mem 75296
CBF freq dist: (1) 101, (1-100) 680, (100-1000) 8038, (1k-2k) 533, (2k-3k) 229, (3k-5k) 385, (5k-65534) 383, (65k) 2 
CBF freq dist: (1) 58, (1-100) 2794, (100-1000) 615, (1k-2k) 3, (2k-3k) 235, (3k-5k) 10, (5k-65534) 1, (65k) 0 
collected one batch of samples. pages to migrate = 1609 
start promoting 916 pages
move page ret -1 
move page error: 12
got ENOMEM. trying against with 183 pages 
second promote attempt return -1
pages migrated: 363, lfu # items: 10250, lfu sample size: 18500000, samples: 18500000, node 0 mem 75296
CBF freq dist: (1) 101, (1-100) 678, (100-1000) 8040, (1k-2k) 530, (2k-3k) 232, (3k-5k) 384, (5k-65534) 384, (65k) 2 
CBF freq dist: (1) 58, (1-100) 2666, (100-1000) 743, (1k-2k) 3, (2k-3k) 232, (3k-5k) 12, (5k-65534) 2, (65k) 0 
collected one batch of samples. pages to migrate = 1660 
start promoting 965 pages
move page ret -1 
move page error: 12
got ENOMEM. trying against with 193 pages 
second promote attempt return -1
pages migrated: 363, lfu # items: 10250, lfu sample size: 18600000, samples: 18600000, node 0 mem 75296
CBF freq dist: (1) 101, (1-100) 674, (100-1000) 8044, (1k-2k) 528, (2k-3k) 234, (3k-5k) 383, (5k-65534) 385, (65k) 2 
CBF freq dist: (1) 58, (1-100) 2556, (100-1000) 852, (1k-2k) 3, (2k-3k) 227, (3k-5k) 17, (5k-65534) 3, (65k) 0 
collected one batch of samples. pages to migrate = 1771 
start promoting 1078 pages
move page ret -1 
move page error: 12
got ENOMEM. trying against with 215 pages 
second promote attempt return -1
pages migrated: 363, lfu # items: 10250, lfu sample size: 18700000, samples: 18700000, node 0 mem 75296
CBF freq dist: (1) 101, (1-100) 667, (100-1000) 8051, (1k-2k) 524, (2k-3k) 238, (3k-5k) 383, (5k-65534) 385, (65k) 2 
CBF freq dist: (1) 59, (1-100) 2432, (100-1000) 977, (1k-2k) 2, (2k-3k) 96, (3k-5k) 144, (5k-65534) 8, (65k) 0 
[DEBUG] Halving CBF counters.
collected one batch of samples. pages to migrate = 1587 
start promoting 893 pages
move page ret -1 
move page error: 12
got ENOMEM. trying against with 178 pages 
second promote attempt return -1
pages migrated: 363, lfu # items: 10250, lfu sample size: 18800000, samples: 18800000, node 0 mem 75296
CBF freq dist: (1) 101, (1-100) 661, (100-1000) 8057, (1k-2k) 521, (2k-3k) 241, (3k-5k) 378, (5k-65534) 390, (65k) 2 
CBF freq dist: (1) -3, (1-100) 2823, (100-1000) 529, (1k-2k) 231, (2k-3k) 14, (3k-5k) 2, (5k-65534) 1, (65k) 0 
collected one batch of samples. pages to migrate = 1616 
start promoting 927 pages
move page ret -1 
move page error: 12
got ENOMEM. trying against with 185 pages 
second promote attempt return -1
pages migrated: 363, lfu # items: 10250, lfu sample size: 18900000, samples: 18900000, node 0 mem 75296
CBF freq dist: (1) 101, (1-100) 653, (100-1000) 8065, (1k-2k) 519, (2k-3k) 243, (3k-5k) 378, (5k-65534) 390, (65k) 2 
CBF freq dist: (1) -3, (1-100) 2692, (100-1000) 660, (1k-2k) 176, (2k-3k) 63, (3k-5k) 8, (5k-65534) 1, (65k) 0 
collected one batch of samples. pages to migrate = 1501 
start promoting 965 pages
move page ret -1 
move page error: 12
got ENOMEM. trying against with 193 pages 
second promote attempt return -1
pages migrated: 363, lfu # items: 10250, lfu sample size: 19000000, samples: 19000000, node 0 mem 75296
CBF freq dist: (1) 101, (1-100) 646, (100-1000) 8072, (1k-2k) 519, (2k-3k) 243, (3k-5k) 377, (5k-65534) 391, (65k) 2 
CBF freq dist: (1) -3, (1-100) 2542, (100-1000) 811, (1k-2k) 4, (2k-3k) 234, (3k-5k) 9, (5k-65534) 1, (65k) 0 
collected one batch of samples. pages to migrate = 1531 
start promoting 1036 pages
move page ret -1 
move page error: 12
got ENOMEM. trying against with 207 pages 
second promote attempt return -1
pages migrated: 363, lfu # items: 10250, lfu sample size: 19100000, samples: 19100000, node 0 mem 75296
CBF freq dist: (1) 101, (1-100) 638, (100-1000) 8080, (1k-2k) 519, (2k-3k) 242, (3k-5k) 377, (5k-65534) 392, (65k) 2 
CBF freq dist: (1) -3, (1-100) 2293, (100-1000) 1060, (1k-2k) 1, (2k-3k) 235, (3k-5k) 11, (5k-65534) 1, (65k) 0 
collected one batch of samples. pages to migrate = 1617 
start promoting 1109 pages
move page ret -1 
move page error: 12
got ENOMEM. trying against with 221 pages 
second promote attempt return 158
pages migrated: 363, lfu # items: 10250, lfu sample size: 19200000, samples: 19200000, node 0 mem 73352
CBF freq dist: (1) 101, (1-100) 635, (100-1000) 8082, (1k-2k) 519, (2k-3k) 243, (3k-5k) 377, (5k-65534) 391, (65k) 3 
CBF freq dist: (1) -2, (1-100) 1953, (100-1000) 1402, (1k-2k) 1, (2k-3k) 231, (3k-5k) 15, (5k-65534) 1, (65k) 0 
[DEBUG] Halving CBF counters.
collected one batch of samples. pages to migrate = 1980 
start promoting 1272 pages
move page ret 1271 
move page error: 12
got ENOMEM. trying against with 254 pages 
second promote attempt return -1
pages migrated: 363, lfu # items: 10250, lfu sample size: 19300000, samples: 19300000, node 0 mem 73344
CBF freq dist: (1) 101, (1-100) 613, (100-1000) 8104, (1k-2k) 506, (2k-3k) 249, (3k-5k) 383, (5k-65534) 392, (65k) 3 
CBF freq dist: (1) 87, (1-100) 2662, (100-1000) 711, (1k-2k) 244, (2k-3k) 2, (3k-5k) 0, (5k-65534) 1, (65k) 0 
collected one batch of samples. pages to migrate = 1729 
start promoting 1060 pages
move page ret -1 
move page error: 12
got ENOMEM. trying against with 212 pages 
second promote attempt return -1
pages migrated: 363, lfu # items: 10258, lfu sample size: 19400000, samples: 19400000, node 0 mem 73344
CBF freq dist: (1) 104, (1-100) 621, (100-1000) 8104, (1k-2k) 504, (2k-3k) 229, (3k-5k) 384, (5k-65534) 413, (65k) 3 
CBF freq dist: (1) 84, (1-100) 2212, (100-1000) 1161, (1k-2k) 244, (2k-3k) 4, (3k-5k) 0, (5k-65534) 1, (65k) 0 
collected one batch of samples. pages to migrate = 1576 
start promoting 1002 pages
move page ret -1 
move page error: 12
got ENOMEM. trying against with 200 pages 
second promote attempt return -1
pages migrated: 363, lfu # items: 10260, lfu sample size: 19500000, samples: 19500000, node 0 mem 73344
CBF freq dist: (1) 104, (1-100) 621, (100-1000) 8106, (1k-2k) 502, (2k-3k) 231, (3k-5k) 354, (5k-65534) 443, (65k) 3 
CBF freq dist: (1) 84, (1-100) 1965, (100-1000) 1408, (1k-2k) 239, (2k-3k) 9, (3k-5k) 0, (5k-65534) 1, (65k) 0 
collected one batch of samples. pages to migrate = 1812 
start promoting 1198 pages
move page ret -1 
move page error: 12
got ENOMEM. trying against with 239 pages 
second promote attempt return -1
pages migrated: 363, lfu # items: 10261, lfu sample size: 19600000, samples: 19600000, node 0 mem 73344
CBF freq dist: (1) 105, (1-100) 620, (100-1000) 8108, (1k-2k) 501, (2k-3k) 231, (3k-5k) 302, (5k-65534) 496, (65k) 3 
CBF freq dist: (1) 84, (1-100) 1745, (100-1000) 1628, (1k-2k) 236, (2k-3k) 12, (3k-5k) 0, (5k-65534) 1, (65k) 0 
collected one batch of samples. pages to migrate = 2076 
start promoting 1449 pages
move page ret -1 
move page error: 12
got ENOMEM. trying against with 289 pages 
second promote attempt return -1
pages migrated: 363, lfu # items: 10261, lfu sample size: 19700000, samples: 19700000, node 0 mem 73344
CBF freq dist: (1) 105, (1-100) 619, (100-1000) 8109, (1k-2k) 501, (2k-3k) 230, (3k-5k) 256, (5k-65534) 543, (65k) 3 
CBF freq dist: (1) 84, (1-100) 1540, (100-1000) 1831, (1k-2k) 230, (2k-3k) 20, (3k-5k) 0, (5k-65534) 1, (65k) 0 
collected one batch of samples. pages to migrate = 2205 
start promoting 1607 pages
move page ret -1 
move page error: 12
got ENOMEM. trying against with 321 pages 
second promote attempt return -1
pages migrated: 363, lfu # items: 10261, lfu sample size: 19800000, samples: 19800000, node 0 mem 73344
CBF freq dist: (1) 105, (1-100) 617, (100-1000) 8111, (1k-2k) 500, (2k-3k) 230, (3k-5k) 237, (5k-65534) 563, (65k) 3 
CBF freq dist: (1) 84, (1-100) 1335, (100-1000) 2035, (1k-2k) 211, (2k-3k) 40, (3k-5k) 0, (5k-65534) 1, (65k) 0 
[DEBUG] Halving CBF counters.
collected one batch of samples. pages to migrate = 1766 
start promoting 1149 pages
move page ret -1 
move page error: 12
got ENOMEM. trying against with 229 pages 
second promote attempt return -1
pages migrated: 363, lfu # items: 10261, lfu sample size: 19900000, samples: 19900000, node 0 mem 73344
CBF freq dist: (1) 105, (1-100) 617, (100-1000) 8111, (1k-2k) 500, (2k-3k) 229, (3k-5k) 226, (5k-65534) 575, (65k) 3 
CBF freq dist: (1) 4, (1-100) 1932, (100-1000) 1377, (1k-2k) 228, (2k-3k) 0, (3k-5k) 0, (5k-65534) 1, (65k) 0 
[DEBUG] Number of hot pages promoted in 50 batches = 0 
[INFO] Reached promotion plateau. cur hot page size 3214934016, fast mem 80% 3435973836
[INFO] Decrease hot thresh to 800.
collected one batch of samples. pages to migrate = 1875 
start promoting 1286 pages
move page ret -1 
move page error: 12
got ENOMEM. trying against with 257 pages 
second promote attempt return -1
pages migrated: 363, lfu # items: 10261, lfu sample size: 20000000, samples: 20000000, node 0 mem 73344
CBF freq dist: (1) 105, (1-100) 617, (100-1000) 8111, (1k-2k) 499, (2k-3k) 229, (3k-5k) 223, (5k-65534) 579, (65k) 3 
CBF freq dist: (1) 4, (1-100) 1724, (100-1000) 1578, (1k-2k) 235, (2k-3k) 0, (3k-5k) 0, (5k-65534) 1, (65k) 0 
collected one batch of samples. pages to migrate = 2074 
start promoting 1464 pages
move page ret -1 
move page error: 12
got ENOMEM. trying against with 292 pages 
second promote attempt return -1
pages migrated: 363, lfu # items: 10261, lfu sample size: 20100000, samples: 20100000, node 0 mem 73356
CBF freq dist: (1) 105, (1-100) 617, (100-1000) 8111, (1k-2k) 499, (2k-3k) 227, (3k-5k) 222, (5k-65534) 582, (65k) 3 
CBF freq dist: (1) 4, (1-100) 1496, (100-1000) 1801, (1k-2k) 240, (2k-3k) 0, (3k-5k) 0, (5k-65534) 1, (65k) 0 
collected one batch of samples. pages to migrate = 2299 
start promoting 1646 pages
move page ret -1 
move page error: 12
got ENOMEM. trying against with 329 pages 
second promote attempt return -1
pages migrated: 363, lfu # items: 10261, lfu sample size: 20200000, samples: 20200000, node 0 mem 73356
CBF freq dist: (1) 105, (1-100) 615, (100-1000) 8113, (1k-2k) 497, (2k-3k) 226, (3k-5k) 220, (5k-65534) 587, (65k) 3 
CBF freq dist: (1) 4, (1-100) 1309, (100-1000) 1980, (1k-2k) 248, (2k-3k) 0, (3k-5k) 0, (5k-65534) 1, (65k) 0 
collected one batch of samples. pages to migrate = 2600 
start promoting 1959 pages
move page ret -1 
move page error: 12
got ENOMEM. trying against with 391 pages 
second promote attempt return -1
pages migrated: 363, lfu # items: 10261, lfu sample size: 20300000, samples: 20300000, node 0 mem 73356
CBF freq dist: (1) 105, (1-100) 615, (100-1000) 8113, (1k-2k) 494, (2k-3k) 225, (3k-5k) 222, (5k-65534) 589, (65k) 3 
CBF freq dist: (1) 4, (1-100) 1113, (100-1000) 2173, (1k-2k) 249, (2k-3k) 2, (3k-5k) 0, (5k-65534) 1, (65k) 0 
[DEBUG] Halving CBF counters.
collected one batch of samples. pages to migrate = 2684 
start promoting 2009 pages
move page ret -1 
move page error: 12
got ENOMEM. trying against with 401 pages 
second promote attempt return -1
pages migrated: 363, lfu # items: 10261, lfu sample size: 20400000, samples: 20400000, node 0 mem 73356
CBF freq dist: (1) 105, (1-100) 615, (100-1000) 8113, (1k-2k) 492, (2k-3k) 226, (3k-5k) 216, (5k-65534) 596, (65k) 3 
CBF freq dist: (1) 24, (1-100) 2149, (100-1000) 1363, (1k-2k) 21, (2k-3k) 1, (3k-5k) 0, (5k-65534) 0, (65k) 0 
collected one batch of samples. pages to migrate = 1963 
start promoting 1370 pages
move page ret -1 
move page error: 12
got ENOMEM. trying against with 274 pages 
second promote attempt return -1
pages migrated: 363, lfu # items: 10261, lfu sample size: 20500000, samples: 20500000, node 0 mem 73356
CBF freq dist: (1) 105, (1-100) 614, (100-1000) 8114, (1k-2k) 489, (2k-3k) 224, (3k-5k) 214, (5k-65534) 603, (65k) 3 
CBF freq dist: (1) 24, (1-100) 1904, (100-1000) 1489, (1k-2k) 140, (2k-3k) 1, (3k-5k) 0, (5k-65534) 0, (65k) 0 
collected one batch of samples. pages to migrate = 2166 
start promoting 1538 pages
move page ret -1 
move page error: 12
got ENOMEM. trying against with 307 pages 
second promote attempt return -1
pages migrated: 363, lfu # items: 10261, lfu sample size: 20600000, samples: 20600000, node 0 mem 73356
CBF freq dist: (1) 105, (1-100) 613, (100-1000) 8115, (1k-2k) 486, (2k-3k) 218, (3k-5k) 214, (5k-65534) 611, (65k) 4 
CBF freq dist: (1) 24, (1-100) 1727, (100-1000) 1574, (1k-2k) 232, (2k-3k) 1, (3k-5k) 0, (5k-65534) 0, (65k) 0 
num_perf_record_lost count 600
collected one batch of samples. pages to migrate = 2437 
start promoting 1763 pages
move page ret -1 
move page error: 12
got ENOMEM. trying against with 352 pages 
second promote attempt return -1
pages migrated: 363, lfu # items: 10261, lfu sample size: 20700000, samples: 20700000, node 0 mem 73356
CBF freq dist: (1) 105, (1-100) 613, (100-1000) 8115, (1k-2k) 482, (2k-3k) 214, (3k-5k) 211, (5k-65534) 622, (65k) 4 
CBF freq dist: (1) 24, (1-100) 1540, (100-1000) 1755, (1k-2k) 238, (2k-3k) 1, (3k-5k) 0, (5k-65534) 0, (65k) 0 
collected one batch of samples. pages to migrate = 2733 
start promoting 2021 pages
move page ret -1 
move page error: 12
got ENOMEM. trying against with 404 pages 
second promote attempt return -1
pages migrated: 363, lfu # items: 10261, lfu sample size: 20800000, samples: 20800000, node 0 mem 73408
CBF freq dist: (1) 105, (1-100) 612, (100-1000) 8116, (1k-2k) 457, (2k-3k) 232, (3k-5k) 211, (5k-65534) 629, (65k) 4 
CBF freq dist: (1) 24, (1-100) 1410, (100-1000) 1881, (1k-2k) 242, (2k-3k) 1, (3k-5k) 0, (5k-65534) 0, (65k) 0 
collected one batch of samples. pages to migrate = 2953 
start promoting 2223 pages
move page ret -1 
move page error: 12
got ENOMEM. trying against with 444 pages 
second promote attempt return -1
pages migrated: 363, lfu # items: 10261, lfu sample size: 20900000, samples: 20900000, node 0 mem 73408
CBF freq dist: (1) 105, (1-100) 612, (100-1000) 8116, (1k-2k) 411, (2k-3k) 263, (3k-5k) 217, (5k-65534) 638, (65k) 4 
CBF freq dist: (1) 24, (1-100) 1292, (100-1000) 1991, (1k-2k) 248, (2k-3k) 3, (3k-5k) 0, (5k-65534) 0, (65k) 0 
[DEBUG] Halving CBF counters.
collected one batch of samples. pages to migrate = 2106 
start promoting 1417 pages
move page ret -1 
move page error: 12
got ENOMEM. trying against with 283 pages 
second promote attempt return -1
pages migrated: 363, lfu # items: 10261, lfu sample size: 21000000, samples: 21000000, node 0 mem 73408
CBF freq dist: (1) 105, (1-100) 611, (100-1000) 8117, (1k-2k) 327, (2k-3k) 325, (3k-5k) 230, (5k-65534) 647, (65k) 4 
CBF freq dist: (1) 82, (1-100) 2027, (100-1000) 1475, (1k-2k) 8, (2k-3k) 0, (3k-5k) 0, (5k-65534) 0, (65k) 0 
collected one batch of samples. pages to migrate = 2212 
start promoting 1544 pages
move page ret -1 
move page error: 12
got ENOMEM. trying against with 308 pages 
second promote attempt return -1
pages migrated: 363, lfu # items: 10261, lfu sample size: 21100000, samples: 21100000, node 0 mem 73408
CBF freq dist: (1) 105, (1-100) 609, (100-1000) 8119, (1k-2k) 190, (2k-3k) 428, (3k-5k) 249, (5k-65534) 662, (65k) 4 
CBF freq dist: (1) 82, (1-100) 1926, (100-1000) 1569, (1k-2k) 15, (2k-3k) 0, (3k-5k) 0, (5k-65534) 0, (65k) 0 
collected one batch of samples. pages to migrate = 2298 
start promoting 1602 pages
move page ret -1 
move page error: 12
got ENOMEM. trying against with 320 pages 
second promote attempt return -1
pages migrated: 363, lfu # items: 10261, lfu sample size: 21200000, samples: 21200000, node 0 mem 73408
CBF freq dist: (1) 105, (1-100) 609, (100-1000) 8119, (1k-2k) 55, (2k-3k) 518, (3k-5k) 282, (5k-65534) 673, (65k) 5 
CBF freq dist: (1) 82, (1-100) 1823, (100-1000) 1660, (1k-2k) 27, (2k-3k) 0, (3k-5k) 0, (5k-65534) 0, (65k) 0 
collected one batch of samples. pages to migrate = 2234 
start promoting 1548 pages
move page ret -1 
move page error: 12
got ENOMEM. trying against with 309 pages 
second promote attempt return -1
pages migrated: 363, lfu # items: 10261, lfu sample size: 21300000, samples: 21300000, node 0 mem 73408
CBF freq dist: (1) 105, (1-100) 609, (100-1000) 8119, (1k-2k) 8, (2k-3k) 521, (3k-5k) 314, (5k-65534) 685, (65k) 5 
CBF freq dist: (1) 82, (1-100) 1731, (100-1000) 1735, (1k-2k) 44, (2k-3k) 0, (3k-5k) 0, (5k-65534) 0, (65k) 0 
collected one batch of samples. pages to migrate = 2200 
start promoting 1525 pages
move page ret -1 
move page error: 12
got ENOMEM. trying against with 305 pages 
second promote attempt return -1
pages migrated: 363, lfu # items: 10261, lfu sample size: 21400000, samples: 21400000, node 0 mem 73408
CBF freq dist: (1) 105, (1-100) 608, (100-1000) 8120, (1k-2k) 2, (2k-3k) 513, (3k-5k) 322, (5k-65534) 691, (65k) 5 
CBF freq dist: (1) 82, (1-100) 1669, (100-1000) 1747, (1k-2k) 94, (2k-3k) 0, (3k-5k) 0, (5k-65534) 0, (65k) 0 
[DEBUG] Halving CBF counters.
collected one batch of samples. pages to migrate = 2133 
start promoting 1472 pages
move page ret -1 
move page error: 12
got ENOMEM. trying against with 294 pages 
second promote attempt return -1
pages migrated: 363, lfu # items: 10261, lfu sample size: 21500000, samples: 21500000, node 0 mem 73408
CBF freq dist: (1) 105, (1-100) 607, (100-1000) 8119, (1k-2k) 4, (2k-3k) 512, (3k-5k) 319, (5k-65534) 695, (65k) 5 
CBF freq dist: (1) 62, (1-100) 2106, (100-1000) 1322, (1k-2k) 0, (2k-3k) 0, (3k-5k) 0, (5k-65534) 0, (65k) 0 
collected one batch of samples. pages to migrate = 1851 
start promoting 1212 pages
move page ret -1 
move page error: 12
got ENOMEM. trying against with 242 pages 
second promote attempt return -1
pages migrated: 363, lfu # items: 10261, lfu sample size: 21600000, samples: 21600000, node 0 mem 73408
CBF freq dist: (1) 105, (1-100) 607, (100-1000) 8119, (1k-2k) 4, (2k-3k) 512, (3k-5k) 304, (5k-65534) 710, (65k) 5 
CBF freq dist: (1) 62, (1-100) 2086, (100-1000) 1334, (1k-2k) 8, (2k-3k) 0, (3k-5k) 0, (5k-65534) 0, (65k) 0 
collected one batch of samples. pages to migrate = 1609 
start promoting 1042 pages
move page ret -1 
move page error: 12
got ENOMEM. trying against with 208 pages 
second promote attempt return -1
pages migrated: 363, lfu # items: 10277, lfu sample size: 21700000, samples: 21700000, node 0 mem 73408
CBF freq dist: (1) 104, (1-100) 623, (100-1000) 8119, (1k-2k) 4, (2k-3k) 512, (3k-5k) 290, (5k-65534) 723, (65k) 6 
CBF freq dist: (1) 62, (1-100) 2075, (100-1000) 1329, (1k-2k) 25, (2k-3k) 0, (3k-5k) 0, (5k-65534) 0, (65k) 0 
collected one batch of samples. pages to migrate = 804 
start promoting 332 pages
move page ret -1 
move page error: 12
got ENOMEM. trying against with 66 pages 
second promote attempt return -1
pages migrated: 363, lfu # items: 10278, lfu sample size: 21800000, samples: 21800000, node 0 mem 73408
CBF freq dist: (1) 105, (1-100) 624, (100-1000) 8119, (1k-2k) 4, (2k-3k) 512, (3k-5k) 278, (5k-65534) 735, (65k) 6 
CBF freq dist: (1) 62, (1-100) 2075, (100-1000) 1303, (1k-2k) 51, (2k-3k) 0, (3k-5k) 0, (5k-65534) 0, (65k) 0 
collected one batch of samples. pages to migrate = 802 
start promoting 330 pages
move page ret -1 
move page error: 12
got ENOMEM. trying against with 66 pages 
second promote attempt return -1
pages migrated: 363, lfu # items: 10278, lfu sample size: 21900000, samples: 21900000, node 0 mem 73408
CBF freq dist: (1) 105, (1-100) 624, (100-1000) 8119, (1k-2k) 4, (2k-3k) 512, (3k-5k) 269, (5k-65534) 744, (65k) 6 
CBF freq dist: (1) 62, (1-100) 2074, (100-1000) 1101, (1k-2k) 254, (2k-3k) 0, (3k-5k) 0, (5k-65534) 0, (65k) 0 
collected one batch of samples. pages to migrate = 805 
start promoting 340 pages
move page ret -1 
move page error: 12
got ENOMEM. trying against with 68 pages 
second promote attempt return -1
pages migrated: 363, lfu # items: 10278, lfu sample size: 22000000, samples: 22000000, node 0 mem 73416
CBF freq dist: (1) 105, (1-100) 624, (100-1000) 8119, (1k-2k) 4, (2k-3k) 512, (3k-5k) 265, (5k-65534) 747, (65k) 7 
CBF freq dist: (1) 62, (1-100) 2073, (100-1000) 1052, (1k-2k) 300, (2k-3k) 4, (3k-5k) 0, (5k-65534) 0, (65k) 0 
[DEBUG] Halving CBF counters.
collected one batch of samples. pages to migrate = 797 
start promoting 333 pages
move page ret -1 
move page error: 12
got ENOMEM. trying against with 66 pages 
second promote attempt return -1
pages migrated: 363, lfu # items: 10278, lfu sample size: 22100000, samples: 22100000, node 0 mem 73416
CBF freq dist: (1) 105, (1-100) 623, (100-1000) 8120, (1k-2k) 4, (2k-3k) 512, (3k-5k) 259, (5k-65534) 753, (65k) 7 
CBF freq dist: (1) -25, (1-100) 1973, (100-1000) 1376, (1k-2k) 19, (2k-3k) 0, (3k-5k) 0, (5k-65534) 0, (65k) 0 
collected one batch of samples. pages to migrate = 807 
start promoting 340 pages
move page ret -1 
move page error: 12
got ENOMEM. trying against with 68 pages 
second promote attempt return -1
pages migrated: 363, lfu # items: 10278, lfu sample size: 22200000, samples: 22200000, node 0 mem 73420
CBF freq dist: (1) 104, (1-100) 623, (100-1000) 8120, (1k-2k) 4, (2k-3k) 512, (3k-5k) 257, (5k-65534) 755, (65k) 7 
CBF freq dist: (1) -25, (1-100) 1973, (100-1000) 1221, (1k-2k) 174, (2k-3k) 0, (3k-5k) 0, (5k-65534) 0, (65k) 0 
collected one batch of samples. pages to migrate = 797 
start promoting 333 pages
move page ret -1 
move page error: 12
got ENOMEM. trying against with 66 pages 
second promote attempt return -1
pages migrated: 363, lfu # items: 10279, lfu sample size: 22300000, samples: 22300000, node 0 mem 73420
CBF freq dist: (1) 104, (1-100) 624, (100-1000) 8120, (1k-2k) 4, (2k-3k) 512, (3k-5k) 254, (5k-65534) 758, (65k) 7 
CBF freq dist: (1) -25, (1-100) 1973, (100-1000) 1119, (1k-2k) 276, (2k-3k) 0, (3k-5k) 0, (5k-65534) 0, (65k) 0 
collected one batch of samples. pages to migrate = 813 
start promoting 341 pages
move page ret -1 
move page error: 12
got ENOMEM. trying against with 68 pages 
second promote attempt return -1
pages migrated: 363, lfu # items: 10279, lfu sample size: 22400000, samples: 22400000, node 0 mem 73420
CBF freq dist: (1) 104, (1-100) 624, (100-1000) 8120, (1k-2k) 4, (2k-3k) 512, (3k-5k) 252, (5k-65534) 759, (65k) 8 
CBF freq dist: (1) -25, (1-100) 1970, (100-1000) 1092, (1k-2k) 303, (2k-3k) 3, (3k-5k) 0, (5k-65534) 0, (65k) 0 
collected one batch of samples. pages to migrate = 811 
start promoting 338 pages
move page ret -1 
move page error: 12
got ENOMEM. trying against with 67 pages 
second promote attempt return -1
pages migrated: 363, lfu # items: 10279, lfu sample size: 22500000, samples: 22500000, node 0 mem 73736
CBF freq dist: (1) 104, (1-100) 624, (100-1000) 8120, (1k-2k) 4, (2k-3k) 512, (3k-5k) 249, (5k-65534) 762, (65k) 8 
CBF freq dist: (1) -25, (1-100) 1970, (100-1000) 1022, (1k-2k) 368, (2k-3k) 8, (3k-5k) 0, (5k-65534) 0, (65k) 0 
[DEBUG] Halving CBF counters.
collected one batch of samples. pages to migrate = 825 
start promoting 343 pages
move page ret -1 
move page error: 12
got ENOMEM. trying against with 68 pages 
second promote attempt return -1
pages migrated: 363, lfu # items: 10279, lfu sample size: 22600000, samples: 22600000, node 0 mem 73736
CBF freq dist: (1) 104, (1-100) 624, (100-1000) 8120, (1k-2k) 4, (2k-3k) 512, (3k-5k) 249, (5k-65534) 762, (65k) 8 
CBF freq dist: (1) -147, (1-100) 2358, (100-1000) 901, (1k-2k) 134, (2k-3k) 0, (3k-5k) 0, (5k-65534) 0, (65k) 0 
collected one batch of samples. pages to migrate = 828 
start promoting 347 pages
move page ret -1 
move page error: 12
got ENOMEM. trying against with 69 pages 
second promote attempt return -1
pages migrated: 363, lfu # items: 10280, lfu sample size: 22700000, samples: 22700000, node 0 mem 73736
CBF freq dist: (1) 105, (1-100) 625, (100-1000) 8120, (1k-2k) 4, (2k-3k) 512, (3k-5k) 249, (5k-65534) 762, (65k) 8 
CBF freq dist: (1) -146, (1-100) 2354, (100-1000) 786, (1k-2k) 254, (2k-3k) 0, (3k-5k) 0, (5k-65534) 0, (65k) 0 
collected one batch of samples. pages to migrate = 811 
start promoting 336 pages
move page ret -1 
move page error: 12
got ENOMEM. trying against with 67 pages 
second promote attempt return -1
pages migrated: 363, lfu # items: 10280, lfu sample size: 22800000, samples: 22800000, node 0 mem 73736
CBF freq dist: (1) 105, (1-100) 625, (100-1000) 8120, (1k-2k) 4, (2k-3k) 512, (3k-5k) 248, (5k-65534) 762, (65k) 9 
CBF freq dist: (1) -146, (1-100) 2352, (100-1000) 780, (1k-2k) 261, (2k-3k) 1, (3k-5k) 0, (5k-65534) 0, (65k) 0 
collected one batch of samples. pages to migrate = 827 
start promoting 350 pages
move page ret -1 
move page error: 12
got ENOMEM. trying against with 70 pages 
second promote attempt return -1
pages migrated: 363, lfu # items: 10280, lfu sample size: 22900000, samples: 22900000, node 0 mem 73736
CBF freq dist: (1) 102, (1-100) 625, (100-1000) 8120, (1k-2k) 4, (2k-3k) 512, (3k-5k) 248, (5k-65534) 762, (65k) 9 
CBF freq dist: (1) -149, (1-100) 2350, (100-1000) 752, (1k-2k) 286, (2k-3k) 6, (3k-5k) 0, (5k-65534) 0, (65k) 0 
collected one batch of samples. pages to migrate = 815 
start promoting 342 pages
move page ret -1 
move page error: 12
got ENOMEM. trying against with 68 pages 
second promote attempt return -1
pages migrated: 363, lfu # items: 10280, lfu sample size: 23000000, samples: 23000000, node 0 mem 73736
CBF freq dist: (1) 102, (1-100) 625, (100-1000) 8120, (1k-2k) 4, (2k-3k) 512, (3k-5k) 247, (5k-65534) 763, (65k) 9 
CBF freq dist: (1) -150, (1-100) 2350, (100-1000) 675, (1k-2k) 347, (2k-3k) 22, (3k-5k) 0, (5k-65534) 0, (65k) 0 
collected one batch of samples. pages to migrate = 822 
start promoting 347 pages
move page ret -1 
move page error: 12
got ENOMEM. trying against with 69 pages 
second promote attempt return -1
pages migrated: 363, lfu # items: 10280, lfu sample size: 23100000, samples: 23100000, node 0 mem 73736
CBF freq dist: (1) 102, (1-100) 625, (100-1000) 8120, (1k-2k) 4, (2k-3k) 512, (3k-5k) 247, (5k-65534) 763, (65k) 9 
CBF freq dist: (1) -150, (1-100) 2349, (100-1000) 535, (1k-2k) 399, (2k-3k) 111, (3k-5k) 0, (5k-65534) 0, (65k) 0 
[DEBUG] Halving CBF counters.
collected one batch of samples. pages to migrate = 813 
start promoting 336 pages
move page ret -1 
move page error: 12
got ENOMEM. trying against with 67 pages 
second promote attempt return -1
pages migrated: 363, lfu # items: 10280, lfu sample size: 23200000, samples: 23200000, node 0 mem 73736
CBF freq dist: (1) 102, (1-100) 625, (100-1000) 8119, (1k-2k) 5, (2k-3k) 512, (3k-5k) 247, (5k-65534) 763, (65k) 9 
CBF freq dist: (1) 347, (1-100) 2776, (100-1000) 516, (1k-2k) 252, (2k-3k) 0, (3k-5k) 0, (5k-65534) 0, (65k) 0 
collected one batch of samples. pages to migrate = 820 
start promoting 343 pages
move page ret -1 
move page error: 12
got ENOMEM. trying against with 68 pages 
second promote attempt return -1
pages migrated: 363, lfu # items: 10280, lfu sample size: 23300000, samples: 23300000, node 0 mem 73736
CBF freq dist: (1) 102, (1-100) 624, (100-1000) 8120, (1k-2k) 5, (2k-3k) 512, (3k-5k) 247, (5k-65534) 762, (65k) 10 
CBF freq dist: (1) 343, (1-100) 2771, (100-1000) 511, (1k-2k) 261, (2k-3k) 1, (3k-5k) 0, (5k-65534) 0, (65k) 0 
collected one batch of samples. pages to migrate = 830 
start promoting 352 pages
move page ret -1 
move page error: 12
got ENOMEM. trying against with 70 pages 
second promote attempt return -1
pages migrated: 363, lfu # items: 10280, lfu sample size: 23400000, samples: 23400000, node 0 mem 73736
CBF freq dist: (1) 102, (1-100) 624, (100-1000) 8120, (1k-2k) 5, (2k-3k) 512, (3k-5k) 247, (5k-65534) 762, (65k) 10 
CBF freq dist: (1) 339, (1-100) 2768, (100-1000) 486, (1k-2k) 285, (2k-3k) 5, (3k-5k) 0, (5k-65534) 0, (65k) 0 
collected one batch of samples. pages to migrate = 839 
start promoting 356 pages
move page ret -1 
move page error: 12
got ENOMEM. trying against with 71 pages 
second promote attempt return -1
pages migrated: 363, lfu # items: 10288, lfu sample size: 23500000, samples: 23500000, node 0 mem 74176
CBF freq dist: (1) 104, (1-100) 631, (100-1000) 8121, (1k-2k) 5, (2k-3k) 512, (3k-5k) 247, (5k-65534) 762, (65k) 10 
CBF freq dist: (1) 339, (1-100) 2768, (100-1000) 409, (1k-2k) 342, (2k-3k) 26, (3k-5k) 0, (5k-65534) 0, (65k) 0 
Trial Time:          22.75582
collected one batch of samples. pages to migrate = 1129 
start promoting 872 pages
move page ret 317 
move page error: 12
got ENOMEM. trying against with 174 pages 
second promote attempt return 110
pages migrated: 363, lfu # items: 10298, lfu sample size: 23600000, samples: 23600000, node 0 mem 70004
CBF freq dist: (1) 105, (1-100) 640, (100-1000) 8120, (1k-2k) 7, (2k-3k) 512, (3k-5k) 247, (5k-65534) 762, (65k) 10 
CBF freq dist: (1) 329, (1-100) 2704, (100-1000) 320, (1k-2k) 477, (2k-3k) 50, (3k-5k) 0, (5k-65534) 0, (65k) 0 
[DEBUG] Halving CBF counters.
collected one batch of samples. pages to migrate = 927 
start promoting 259 pages
move page ret -1 
move page error: 12
got ENOMEM. trying against with 51 pages 
second promote attempt return -1
pages migrated: 363, lfu # items: 10299, lfu sample size: 23700000, samples: 23700000, node 0 mem 70004
CBF freq dist: (1) 106, (1-100) 641, (100-1000) 8120, (1k-2k) 7, (2k-3k) 512, (3k-5k) 247, (5k-65534) 762, (65k) 10 
CBF freq dist: (1) 383, (1-100) 2431, (100-1000) 582, (1k-2k) 209, (2k-3k) 0, (3k-5k) 0, (5k-65534) 0, (65k) 0 
collected one batch of samples. pages to migrate = 1135 
start promoting 270 pages
move page ret -1 
move page error: 12
got ENOMEM. trying against with 54 pages 
second promote attempt return -1
pages migrated: 363, lfu # items: 10299, lfu sample size: 23800000, samples: 23800000, node 0 mem 70004
CBF freq dist: (1) 106, (1-100) 640, (100-1000) 8121, (1k-2k) 7, (2k-3k) 512, (3k-5k) 247, (5k-65534) 762, (65k) 10 
CBF freq dist: (1) 379, (1-100) 2428, (100-1000) 533, (1k-2k) 261, (2k-3k) 0, (3k-5k) 0, (5k-65534) 0, (65k) 0 
collected one batch of samples. pages to migrate = 805 
start promoting 267 pages
move page ret -1 
move page error: 12
got ENOMEM. trying against with 53 pages 
second promote attempt return -1
pages migrated: 363, lfu # items: 10299, lfu sample size: 23900000, samples: 23900000, node 0 mem 70004
CBF freq dist: (1) 106, (1-100) 640, (100-1000) 8121, (1k-2k) 7, (2k-3k) 512, (3k-5k) 247, (5k-65534) 762, (65k) 10 
CBF freq dist: (1) 376, (1-100) 2427, (100-1000) 509, (1k-2k) 285, (2k-3k) 1, (3k-5k) 0, (5k-65534) 0, (65k) 0 
collected one batch of samples. pages to migrate = 813 
start promoting 274 pages
move page ret -1 
move page error: 12
got ENOMEM. trying against with 54 pages 
second promote attempt return -1
pages migrated: 363, lfu # items: 10299, lfu sample size: 24000000, samples: 24000000, node 0 mem 70004
CBF freq dist: (1) 106, (1-100) 640, (100-1000) 8121, (1k-2k) 7, (2k-3k) 512, (3k-5k) 247, (5k-65534) 762, (65k) 10 
CBF freq dist: (1) 375, (1-100) 2427, (100-1000) 438, (1k-2k) 353, (2k-3k) 6, (3k-5k) 0, (5k-65534) 0, (65k) 0 
collected one batch of samples. pages to migrate = 811 
start promoting 274 pages
move page ret -1 
move page error: 12
got ENOMEM. trying against with 54 pages 
second promote attempt return -1
pages migrated: 363, lfu # items: 10299, lfu sample size: 24100000, samples: 24100000, node 0 mem 70004
CBF freq dist: (1) 106, (1-100) 640, (100-1000) 8121, (1k-2k) 6, (2k-3k) 513, (3k-5k) 247, (5k-65534) 762, (65k) 10 
CBF freq dist: (1) 373, (1-100) 2427, (100-1000) 270, (1k-2k) 507, (2k-3k) 21, (3k-5k) 0, (5k-65534) 0, (65k) 0 
collected one batch of samples. pages to migrate = 811 
start promoting 271 pages
move page ret -1 
move page error: 12
got ENOMEM. trying against with 54 pages 
second promote attempt return -1
pages migrated: 363, lfu # items: 10299, lfu sample size: 24200000, samples: 24200000, node 0 mem 70004
CBF freq dist: (1) 106, (1-100) 640, (100-1000) 8121, (1k-2k) 6, (2k-3k) 513, (3k-5k) 247, (5k-65534) 762, (65k) 10 
CBF freq dist: (1) 372, (1-100) 2428, (100-1000) 158, (1k-2k) 498, (2k-3k) 141, (3k-5k) 1, (5k-65534) 0, (65k) 0 
[DEBUG] Halving CBF counters.
collected one batch of samples. pages to migrate = 801 
start promoting 275 pages
move page ret -1 
move page error: 12
got ENOMEM. trying against with 55 pages 
second promote attempt return -1
pages migrated: 363, lfu # items: 10299, lfu sample size: 24300000, samples: 24300000, node 0 mem 70004
CBF freq dist: (1) 106, (1-100) 640, (100-1000) 8121, (1k-2k) 6, (2k-3k) 513, (3k-5k) 247, (5k-65534) 762, (65k) 10 
CBF freq dist: (1) 854, (1-100) 2097, (100-1000) 504, (1k-2k) 258, (2k-3k) 0, (3k-5k) 0, (5k-65534) 0, (65k) 0 
num_perf_record_lost count 700
collected one batch of samples. pages to migrate = 809 
start promoting 266 pages
move page ret -1 
move page error: 12
got ENOMEM. trying against with 53 pages 
second promote attempt return -1
pages migrated: 363, lfu # items: 10299, lfu sample size: 24400000, samples: 24400000, node 0 mem 70004
CBF freq dist: (1) 106, (1-100) 640, (100-1000) 8121, (1k-2k) 6, (2k-3k) 513, (3k-5k) 247, (5k-65534) 762, (65k) 10 
CBF freq dist: (1) 850, (1-100) 2104, (100-1000) 498, (1k-2k) 264, (2k-3k) 1, (3k-5k) 0, (5k-65534) 0, (65k) 0 
collected one batch of samples. pages to migrate = 808 
start promoting 271 pages
move page ret -1 
move page error: 12
got ENOMEM. trying against with 54 pages 
second promote attempt return -1
pages migrated: 363, lfu # items: 10299, lfu sample size: 24500000, samples: 24500000, node 0 mem 70004
CBF freq dist: (1) 106, (1-100) 640, (100-1000) 8121, (1k-2k) 6, (2k-3k) 513, (3k-5k) 247, (5k-65534) 762, (65k) 10 
CBF freq dist: (1) 840, (1-100) 2104, (100-1000) 494, (1k-2k) 268, (2k-3k) 4, (3k-5k) 0, (5k-65534) 0, (65k) 0 
collected one batch of samples. pages to migrate = 807 
start promoting 269 pages
move page ret -1 
move page error: 12
got ENOMEM. trying against with 53 pages 
second promote attempt return -1
pages migrated: 363, lfu # items: 10299, lfu sample size: 24600000, samples: 24600000, node 0 mem 70004
CBF freq dist: (1) 106, (1-100) 640, (100-1000) 8120, (1k-2k) 7, (2k-3k) 513, (3k-5k) 247, (5k-65534) 762, (65k) 10 
CBF freq dist: (1) 837, (1-100) 2110, (100-1000) 388, (1k-2k) 362, (2k-3k) 16, (3k-5k) 0, (5k-65534) 0, (65k) 0 
collected one batch of samples. pages to migrate = 807 
start promoting 271 pages
move page ret -1 
move page error: 12
got ENOMEM. trying against with 54 pages 
second promote attempt return -1
pages migrated: 363, lfu # items: 10299, lfu sample size: 24700000, samples: 24700000, node 0 mem 70004
CBF freq dist: (1) 106, (1-100) 640, (100-1000) 8120, (1k-2k) 7, (2k-3k) 513, (3k-5k) 247, (5k-65534) 762, (65k) 10 
CBF freq dist: (1) 824, (1-100) 2111, (100-1000) 196, (1k-2k) 423, (2k-3k) 145, (3k-5k) 2, (5k-65534) 0, (65k) 0 
[DEBUG] Halving CBF counters.
collected one batch of samples. pages to migrate = 799 
start promoting 264 pages
move page ret -1 
move page error: 12
got ENOMEM. trying against with 52 pages 
second promote attempt return -1
pages migrated: 363, lfu # items: 10299, lfu sample size: 24800000, samples: 24800000, node 0 mem 70004
CBF freq dist: (1) 106, (1-100) 640, (100-1000) 8120, (1k-2k) 7, (2k-3k) 513, (3k-5k) 247, (5k-65534) 762, (65k) 10 
CBF freq dist: (1) 502, (1-100) 1301, (100-1000) 524, (1k-2k) 238, (2k-3k) 1, (3k-5k) 0, (5k-65534) 0, (65k) 0 
collected one batch of samples. pages to migrate = 803 
start promoting 271 pages
move page ret -1 
move page error: 12
got ENOMEM. trying against with 54 pages 
second promote attempt return -1
pages migrated: 363, lfu # items: 10299, lfu sample size: 24900000, samples: 24900000, node 0 mem 70004
CBF freq dist: (1) 106, (1-100) 640, (100-1000) 8120, (1k-2k) 7, (2k-3k) 513, (3k-5k) 247, (5k-65534) 762, (65k) 10 
CBF freq dist: (1) 517, (1-100) 1325, (100-1000) 504, (1k-2k) 257, (2k-3k) 2, (3k-5k) 0, (5k-65534) 0, (65k) 0 
[DEBUG] Number of hot pages promoted in 50 batches = 0 
[INFO] Reached promotion plateau. cur hot page size 3311403008, fast mem 80% 3435973836
[INFO] Decrease hot thresh to 700.
collected one batch of samples. pages to migrate = 800 
start promoting 268 pages
move page ret -1 
move page error: 12
got ENOMEM. trying against with 53 pages 
second promote attempt return -1
pages migrated: 363, lfu # items: 10299, lfu sample size: 25000000, samples: 25000000, node 0 mem 70004
CBF freq dist: (1) 106, (1-100) 640, (100-1000) 8120, (1k-2k) 7, (2k-3k) 513, (3k-5k) 247, (5k-65534) 762, (65k) 10 
CBF freq dist: (1) 519, (1-100) 1343, (100-1000) 498, (1k-2k) 261, (2k-3k) 4, (3k-5k) 0, (5k-65534) 0, (65k) 0 
collected one batch of samples. pages to migrate = 821 
start promoting 276 pages
move page ret -1 
move page error: 12
got ENOMEM. trying against with 55 pages 
second promote attempt return -1
pages migrated: 363, lfu # items: 10299, lfu sample size: 25100000, samples: 25100000, node 0 mem 70004
CBF freq dist: (1) 106, (1-100) 640, (100-1000) 8120, (1k-2k) 7, (2k-3k) 513, (3k-5k) 247, (5k-65534) 761, (65k) 11 
CBF freq dist: (1) 523, (1-100) 1362, (100-1000) 485, (1k-2k) 251, (2k-3k) 26, (3k-5k) 1, (5k-65534) 0, (65k) 0 
collected one batch of samples. pages to migrate = 825 
start promoting 280 pages
move page ret -1 
move page error: 12
got ENOMEM. trying against with 56 pages 
second promote attempt return -1
pages migrated: 363, lfu # items: 10299, lfu sample size: 25200000, samples: 25200000, node 0 mem 70004
CBF freq dist: (1) 106, (1-100) 640, (100-1000) 8120, (1k-2k) 7, (2k-3k) 513, (3k-5k) 247, (5k-65534) 761, (65k) 11 
CBF freq dist: (1) 531, (1-100) 1383, (100-1000) 291, (1k-2k) 360, (2k-3k) 112, (3k-5k) 1, (5k-65534) 0, (65k) 0 
collected one batch of samples. pages to migrate = 816 
start promoting 279 pages
move page ret -1 
move page error: 12
got ENOMEM. trying against with 55 pages 
second promote attempt return -1
pages migrated: 363, lfu # items: 10299, lfu sample size: 25300000, samples: 25300000, node 0 mem 70016
CBF freq dist: (1) 106, (1-100) 640, (100-1000) 8120, (1k-2k) 6, (2k-3k) 514, (3k-5k) 247, (5k-65534) 761, (65k) 11 
CBF freq dist: (1) 542, (1-100) 1405, (100-1000) 179, (1k-2k) 364, (2k-3k) 219, (3k-5k) 3, (5k-65534) 0, (65k) 0 
[DEBUG] Halving CBF counters.
collected one batch of samples. pages to migrate = 808 
start promoting 282 pages
move page ret -1 
move page error: 12
got ENOMEM. trying against with 56 pages 
second promote attempt return -1
pages migrated: 363, lfu # items: 10299, lfu sample size: 25400000, samples: 25400000, node 0 mem 70016
CBF freq dist: (1) 106, (1-100) 640, (100-1000) 8120, (1k-2k) 6, (2k-3k) 514, (3k-5k) 247, (5k-65534) 761, (65k) 11 
CBF freq dist: (1) 114, (1-100) 897, (100-1000) 510, (1k-2k) 254, (2k-3k) 0, (3k-5k) 0, (5k-65534) 0, (65k) 0 
collected one batch of samples. pages to migrate = 815 
start promoting 281 pages
move page ret -1 
move page error: 12
got ENOMEM. trying against with 56 pages 
second promote attempt return -1
pages migrated: 363, lfu # items: 10299, lfu sample size: 25500000, samples: 25500000, node 0 mem 70016
CBF freq dist: (1) 106, (1-100) 639, (100-1000) 8121, (1k-2k) 6, (2k-3k) 514, (3k-5k) 247, (5k-65534) 761, (65k) 11 
CBF freq dist: (1) 143, (1-100) 933, (100-1000) 498, (1k-2k) 264, (2k-3k) 2, (3k-5k) 0, (5k-65534) 0, (65k) 0 
collected one batch of samples. pages to migrate = 805 
start promoting 279 pages
move page ret -1 
move page error: 12
got ENOMEM. trying against with 55 pages 
second promote attempt return -1
pages migrated: 363, lfu # items: 10299, lfu sample size: 25600000, samples: 25600000, node 0 mem 70016
CBF freq dist: (1) 106, (1-100) 639, (100-1000) 8121, (1k-2k) 6, (2k-3k) 514, (3k-5k) 247, (5k-65534) 761, (65k) 11 
CBF freq dist: (1) 178, (1-100) 971, (100-1000) 493, (1k-2k) 265, (2k-3k) 6, (3k-5k) 0, (5k-65534) 0, (65k) 0 
collected one batch of samples. pages to migrate = 817 
start promoting 286 pages
move page ret -1 
move page error: 12
got ENOMEM. trying against with 57 pages 
second promote attempt return -1
pages migrated: 363, lfu # items: 10299, lfu sample size: 25700000, samples: 25700000, node 0 mem 70016
CBF freq dist: (1) 105, (1-100) 639, (100-1000) 8121, (1k-2k) 6, (2k-3k) 514, (3k-5k) 247, (5k-65534) 761, (65k) 11 
CBF freq dist: (1) 210, (1-100) 1012, (100-1000) 405, (1k-2k) 297, (2k-3k) 62, (3k-5k) 0, (5k-65534) 0, (65k) 0 
collected one batch of samples. pages to migrate = 814 
start promoting 285 pages
move page ret -1 
move page error: 12
got ENOMEM. trying against with 57 pages 
second promote attempt return -1
pages migrated: 363, lfu # items: 10299, lfu sample size: 25800000, samples: 25800000, node 0 mem 70016
CBF freq dist: (1) 105, (1-100) 639, (100-1000) 8121, (1k-2k) 6, (2k-3k) 514, (3k-5k) 247, (5k-65534) 760, (65k) 12 
CBF freq dist: (1) 241, (1-100) 1052, (100-1000) 208, (1k-2k) 361, (2k-3k) 194, (3k-5k) 1, (5k-65534) 0, (65k) 0 
[DEBUG] Halving CBF counters.
collected one batch of samples. pages to migrate = 809 
start promoting 282 pages
move page ret -1 
move page error: 12
got ENOMEM. trying against with 56 pages 
second promote attempt return -1
pages migrated: 363, lfu # items: 10299, lfu sample size: 25900000, samples: 25900000, node 0 mem 70016
CBF freq dist: (1) 105, (1-100) 639, (100-1000) 8121, (1k-2k) 6, (2k-3k) 514, (3k-5k) 247, (5k-65534) 760, (65k) 12 
CBF freq dist: (1) 381, (1-100) 824, (100-1000) 525, (1k-2k) 234, (2k-3k) 0, (3k-5k) 0, (5k-65534) 0, (65k) 0 
collected one batch of samples. pages to migrate = 816 
start promoting 279 pages
move page ret -1 
move page error: 12
got ENOMEM. trying against with 55 pages 
second promote attempt return -1
pages migrated: 363, lfu # items: 10299, lfu sample size: 26000000, samples: 26000000, node 0 mem 70016
CBF freq dist: (1) 105, (1-100) 637, (100-1000) 8123, (1k-2k) 6, (2k-3k) 514, (3k-5k) 247, (5k-65534) 760, (65k) 12 
CBF freq dist: (1) 409, (1-100) 884, (100-1000) 506, (1k-2k) 252, (2k-3k) 1, (3k-5k) 0, (5k-65534) 0, (65k) 0 
collected one batch of samples. pages to migrate = 815 
start promoting 271 pages
move page ret -1 
move page error: 12
got ENOMEM. trying against with 54 pages 
second promote attempt return -1
pages migrated: 363, lfu # items: 10303, lfu sample size: 26100000, samples: 26100000, node 0 mem 70016
CBF freq dist: (1) 107, (1-100) 641, (100-1000) 8122, (1k-2k) 7, (2k-3k) 513, (3k-5k) 248, (5k-65534) 760, (65k) 12 
CBF freq dist: (1) 430, (1-100) 936, (100-1000) 500, (1k-2k) 258, (2k-3k) 3, (3k-5k) 0, (5k-65534) 0, (65k) 0 
collected one batch of samples. pages to migrate = 812 
start promoting 271 pages
move page ret -1 
move page error: 12
got ENOMEM. trying against with 54 pages 
second promote attempt return -1
pages migrated: 363, lfu # items: 10303, lfu sample size: 26200000, samples: 26200000, node 0 mem 70016
CBF freq dist: (1) 106, (1-100) 641, (100-1000) 8122, (1k-2k) 7, (2k-3k) 513, (3k-5k) 248, (5k-65534) 760, (65k) 12 
CBF freq dist: (1) 448, (1-100) 975, (100-1000) 491, (1k-2k) 224, (2k-3k) 46, (3k-5k) 0, (5k-65534) 0, (65k) 0 
collected one batch of samples. pages to migrate = 800 
start promoting 266 pages
move page ret -1 
move page error: 12
got ENOMEM. trying against with 53 pages 
second promote attempt return -1
pages migrated: 363, lfu # items: 10304, lfu sample size: 26300000, samples: 26300000, node 0 mem 70016
CBF freq dist: (1) 107, (1-100) 642, (100-1000) 8122, (1k-2k) 7, (2k-3k) 513, (3k-5k) 248, (5k-65534) 760, (65k) 12 
CBF freq dist: (1) 463, (1-100) 1007, (100-1000) 292, (1k-2k) 310, (2k-3k) 159, (3k-5k) 0, (5k-65534) 0, (65k) 0 
collected one batch of samples. pages to migrate = 818 
start promoting 277 pages
move page ret -1 
move page error: 12
got ENOMEM. trying against with 55 pages 
second promote attempt return -1
pages migrated: 363, lfu # items: 10304, lfu sample size: 26400000, samples: 26400000, node 0 mem 70016
CBF freq dist: (1) 107, (1-100) 642, (100-1000) 8122, (1k-2k) 7, (2k-3k) 513, (3k-5k) 248, (5k-65534) 760, (65k) 12 
CBF freq dist: (1) 476, (1-100) 1044, (100-1000) 189, (1k-2k) 352, (2k-3k) 217, (3k-5k) 3, (5k-65534) 0, (65k) 0 
[DEBUG] Halving CBF counters.
collected one batch of samples. pages to migrate = 806 
start promoting 273 pages
move page ret -1 
move page error: 12
got ENOMEM. trying against with 54 pages 
second promote attempt return -1
pages migrated: 363, lfu # items: 10304, lfu sample size: 26500000, samples: 26500000, node 0 mem 70016
CBF freq dist: (1) 107, (1-100) 642, (100-1000) 8122, (1k-2k) 7, (2k-3k) 513, (3k-5k) 248, (5k-65534) 760, (65k) 12 
CBF freq dist: (1) 378, (1-100) 610, (100-1000) 508, (1k-2k) 250, (2k-3k) 0, (3k-5k) 0, (5k-65534) 0, (65k) 0 
collected one batch of samples. pages to migrate = 809 
start promoting 281 pages
move page ret -1 
move page error: 12
got ENOMEM. trying against with 56 pages 
second promote attempt return -1
pages migrated: 363, lfu # items: 10304, lfu sample size: 26600000, samples: 26600000, node 0 mem 69672
CBF freq dist: (1) 107, (1-100) 642, (100-1000) 8122, (1k-2k) 7, (2k-3k) 513, (3k-5k) 248, (5k-65534) 760, (65k) 12 
CBF freq dist: (1) 410, (1-100) 660, (100-1000) 498, (1k-2k) 257, (2k-3k) 3, (3k-5k) 0, (5k-65534) 0, (65k) 0 
collected one batch of samples. pages to migrate = 814 
start promoting 274 pages
move page ret -1 
move page error: 12
got ENOMEM. trying against with 54 pages 
second promote attempt return -1
pages migrated: 363, lfu # items: 10304, lfu sample size: 26700000, samples: 26700000, node 0 mem 69252
CBF freq dist: (1) 107, (1-100) 642, (100-1000) 8122, (1k-2k) 7, (2k-3k) 513, (3k-5k) 248, (5k-65534) 760, (65k) 12 
CBF freq dist: (1) 442, (1-100) 709, (100-1000) 495, (1k-2k) 254, (2k-3k) 10, (3k-5k) 0, (5k-65534) 0, (65k) 0 
collected one batch of samples. pages to migrate = 825 
start promoting 279 pages
move page ret -1 
move page error: 12
got ENOMEM. trying against with 55 pages 
second promote attempt return -1
pages migrated: 363, lfu # items: 10304, lfu sample size: 26800000, samples: 26800000, node 0 mem 69544
CBF freq dist: (1) 107, (1-100) 642, (100-1000) 8122, (1k-2k) 7, (2k-3k) 513, (3k-5k) 248, (5k-65534) 758, (65k) 14 
CBF freq dist: (1) 456, (1-100) 749, (100-1000) 410, (1k-2k) 272, (2k-3k) 77, (3k-5k) 0, (5k-65534) 0, (65k) 0 
collected one batch of samples. pages to migrate = 829 
start promoting 283 pages
move page ret -1 
move page error: 12
got ENOMEM. trying against with 56 pages 
second promote attempt return -1
pages migrated: 363, lfu # items: 10306, lfu sample size: 26900000, samples: 26900000, node 0 mem 69544
CBF freq dist: (1) 108, (1-100) 644, (100-1000) 8122, (1k-2k) 7, (2k-3k) 513, (3k-5k) 248, (5k-65534) 758, (65k) 14 
CBF freq dist: (1) 486, (1-100) 814, (100-1000) 209, (1k-2k) 361, (2k-3k) 187, (3k-5k) 2, (5k-65534) 0, (65k) 0 
num_perf_record_lost count 800
[DEBUG] Halving CBF counters.
collected one batch of samples. pages to migrate = 820 
start promoting 283 pages
move page ret -1 
move page error: 12
got ENOMEM. trying against with 56 pages 
second promote attempt return -1
pages migrated: 363, lfu # items: 10306, lfu sample size: 27000000, samples: 27000000, node 0 mem 69544
CBF freq dist: (1) 108, (1-100) 644, (100-1000) 8122, (1k-2k) 7, (2k-3k) 513, (3k-5k) 248, (5k-65534) 758, (65k) 14 
CBF freq dist: (1) 240, (1-100) 392, (100-1000) 516, (1k-2k) 244, (2k-3k) 0, (3k-5k) 0, (5k-65534) 0, (65k) 0 
collected one batch of samples. pages to migrate = 827 
start promoting 289 pages
move page ret -1 
move page error: 12
got ENOMEM. trying against with 57 pages 
second promote attempt return -1
pages migrated: 363, lfu # items: 10306, lfu sample size: 27100000, samples: 27100000, node 0 mem 69544
CBF freq dist: (1) 108, (1-100) 644, (100-1000) 8122, (1k-2k) 7, (2k-3k) 513, (3k-5k) 248, (5k-65534) 758, (65k) 14 
CBF freq dist: (1) 289, (1-100) 465, (100-1000) 500, (1k-2k) 258, (2k-3k) 2, (3k-5k) 0, (5k-65534) 0, (65k) 0 
collected one batch of samples. pages to migrate = 813 
start promoting 289 pages
move page ret -1 
move page error: 12
got ENOMEM. trying against with 57 pages 
second promote attempt return -1
pages migrated: 363, lfu # items: 10306, lfu sample size: 27200000, samples: 27200000, node 0 mem 69544
CBF freq dist: (1) 108, (1-100) 644, (100-1000) 8122, (1k-2k) 7, (2k-3k) 513, (3k-5k) 248, (5k-65534) 758, (65k) 14 
CBF freq dist: (1) 336, (1-100) 543, (100-1000) 495, (1k-2k) 262, (2k-3k) 3, (3k-5k) 0, (5k-65534) 0, (65k) 0 
collected one batch of samples. pages to migrate = 818 
start promoting 293 pages
move page ret -1 
move page error: 12
got ENOMEM. trying against with 58 pages 
second promote attempt return -1
pages migrated: 363, lfu # items: 10306, lfu sample size: 27300000, samples: 27300000, node 0 mem 69544
CBF freq dist: (1) 108, (1-100) 644, (100-1000) 8122, (1k-2k) 7, (2k-3k) 513, (3k-5k) 248, (5k-65534) 758, (65k) 14 
CBF freq dist: (1) 378, (1-100) 612, (100-1000) 485, (1k-2k) 229, (2k-3k) 46, (3k-5k) 0, (5k-65534) 0, (65k) 0 
collected one batch of samples. pages to migrate = 814 
start promoting 288 pages
move page ret -1 
move page error: 12
got ENOMEM. trying against with 57 pages 
second promote attempt return -1
pages migrated: 363, lfu # items: 10306, lfu sample size: 27400000, samples: 27400000, node 0 mem 69724
CBF freq dist: (1) 108, (1-100) 644, (100-1000) 8122, (1k-2k) 7, (2k-3k) 513, (3k-5k) 248, (5k-65534) 758, (65k) 14 
CBF freq dist: (1) 419, (1-100) 678, (100-1000) 274, (1k-2k) 366, (2k-3k) 120, (3k-5k) 0, (5k-65534) 0, (65k) 0 
collected one batch of samples. pages to migrate = 823 
start promoting 293 pages
move page ret -1 
move page error: 12
got ENOMEM. trying against with 58 pages 
second promote attempt return -1
pages migrated: 363, lfu # items: 10306, lfu sample size: 27500000, samples: 27500000, node 0 mem 70036
CBF freq dist: (1) 108, (1-100) 644, (100-1000) 8122, (1k-2k) 7, (2k-3k) 513, (3k-5k) 248, (5k-65534) 758, (65k) 14 
CBF freq dist: (1) 458, (1-100) 748, (100-1000) 177, (1k-2k) 359, (2k-3k) 222, (3k-5k) 2, (5k-65534) 0, (65k) 0 
[DEBUG] Halving CBF counters.
collected one batch of samples. pages to migrate = 818 
start promoting 287 pages
move page ret -1 
move page error: 12
got ENOMEM. trying against with 57 pages 
second promote attempt return -1
pages migrated: 363, lfu # items: 10306, lfu sample size: 27600000, samples: 27600000, node 0 mem 70036
CBF freq dist: (1) 108, (1-100) 644, (100-1000) 8122, (1k-2k) 7, (2k-3k) 513, (3k-5k) 248, (5k-65534) 758, (65k) 14 
CBF freq dist: (1) 277, (1-100) 372, (100-1000) 507, (1k-2k) 254, (2k-3k) 0, (3k-5k) 0, (5k-65534) 0, (65k) 0 
collected one batch of samples. pages to migrate = 804 
start promoting 278 pages
move page ret -1 
move page error: 12
got ENOMEM. trying against with 55 pages 
second promote attempt return -1
pages migrated: 363, lfu # items: 10306, lfu sample size: 27700000, samples: 27700000, node 0 mem 70036
CBF freq dist: (1) 108, (1-100) 644, (100-1000) 8122, (1k-2k) 7, (2k-3k) 513, (3k-5k) 248, (5k-65534) 758, (65k) 14 
CBF freq dist: (1) 319, (1-100) 437, (100-1000) 500, (1k-2k) 259, (2k-3k) 2, (3k-5k) 0, (5k-65534) 0, (65k) 0 
collected one batch of samples. pages to migrate = 836 
start promoting 292 pages
move page ret -1 
move page error: 12
got ENOMEM. trying against with 58 pages 
second promote attempt return -1
pages migrated: 363, lfu # items: 10306, lfu sample size: 27800000, samples: 27800000, node 0 mem 70036
CBF freq dist: (1) 108, (1-100) 644, (100-1000) 8122, (1k-2k) 7, (2k-3k) 513, (3k-5k) 248, (5k-65534) 758, (65k) 14 
CBF freq dist: (1) 371, (1-100) 515, (100-1000) 499, (1k-2k) 246, (2k-3k) 16, (3k-5k) 0, (5k-65534) 0, (65k) 0 
collected one batch of samples. pages to migrate = 832 
start promoting 289 pages
move page ret -1 
move page error: 12
got ENOMEM. trying against with 57 pages 
second promote attempt return -1
pages migrated: 363, lfu # items: 10306, lfu sample size: 27900000, samples: 27900000, node 0 mem 70036
CBF freq dist: (1) 108, (1-100) 644, (100-1000) 8122, (1k-2k) 7, (2k-3k) 513, (3k-5k) 248, (5k-65534) 757, (65k) 15 
CBF freq dist: (1) 413, (1-100) 586, (100-1000) 385, (1k-2k) 313, (2k-3k) 63, (3k-5k) 0, (5k-65534) 0, (65k) 0 
collected one batch of samples. pages to migrate = 830 
start promoting 296 pages
move page ret -1 
move page error: 12
got ENOMEM. trying against with 59 pages 
second promote attempt return -1
pages migrated: 363, lfu # items: 10306, lfu sample size: 28000000, samples: 28000000, node 0 mem 70036
CBF freq dist: (1) 107, (1-100) 644, (100-1000) 8122, (1k-2k) 7, (2k-3k) 513, (3k-5k) 248, (5k-65534) 756, (65k) 16 
CBF freq dist: (1) 482, (1-100) 672, (100-1000) 204, (1k-2k) 393, (2k-3k) 162, (3k-5k) 2, (5k-65534) 0, (65k) 0 
[DEBUG] Halving CBF counters.
collected one batch of samples. pages to migrate = 825 
start promoting 281 pages
move page ret -1 
move page error: 12
got ENOMEM. trying against with 56 pages 
second promote attempt return -1
pages migrated: 363, lfu # items: 10306, lfu sample size: 28100000, samples: 28100000, node 0 mem 70036
CBF freq dist: (1) 107, (1-100) 644, (100-1000) 8122, (1k-2k) 7, (2k-3k) 513, (3k-5k) 248, (5k-65534) 756, (65k) 16 
CBF freq dist: (1) 190, (1-100) 274, (100-1000) 521, (1k-2k) 241, (2k-3k) 0, (3k-5k) 0, (5k-65534) 0, (65k) 0 
collected one batch of samples. pages to migrate = 833 
start promoting 290 pages
move page ret -1 
move page error: 12
got ENOMEM. trying against with 58 pages 
second promote attempt return -1
pages migrated: 363, lfu # items: 10306, lfu sample size: 28200000, samples: 28200000, node 0 mem 70280
CBF freq dist: (1) 107, (1-100) 644, (100-1000) 8122, (1k-2k) 6, (2k-3k) 514, (3k-5k) 248, (5k-65534) 756, (65k) 16 
CBF freq dist: (1) 253, (1-100) 363, (100-1000) 505, (1k-2k) 256, (2k-3k) 2, (3k-5k) 0, (5k-65534) 0, (65k) 0 
collected one batch of samples. pages to migrate = 829 
start promoting 286 pages
move page ret -1 
move page error: 12
got ENOMEM. trying against with 57 pages 
second promote attempt return -1
pages migrated: 363, lfu # items: 10306, lfu sample size: 28300000, samples: 28300000, node 0 mem 70308
CBF freq dist: (1) 107, (1-100) 644, (100-1000) 8122, (1k-2k) 6, (2k-3k) 514, (3k-5k) 248, (5k-65534) 753, (65k) 19 
CBF freq dist: (1) 306, (1-100) 448, (100-1000) 504, (1k-2k) 254, (2k-3k) 5, (3k-5k) 0, (5k-65534) 0, (65k) 0 
collected one batch of samples. pages to migrate = 844 
start promoting 298 pages
move page ret -1 
move page error: 12
got ENOMEM. trying against with 59 pages 
second promote attempt return -1
pages migrated: 363, lfu # items: 10306, lfu sample size: 28400000, samples: 28400000, node 0 mem 70308
CBF freq dist: (1) 107, (1-100) 644, (100-1000) 8122, (1k-2k) 6, (2k-3k) 514, (3k-5k) 248, (5k-65534) 750, (65k) 22 
CBF freq dist: (1) 376, (1-100) 544, (100-1000) 484, (1k-2k) 229, (2k-3k) 50, (3k-5k) 0, (5k-65534) 0, (65k) 0 
collected one batch of samples. pages to migrate = 826 
start promoting 286 pages
move page ret -1 
move page error: 12
got ENOMEM. trying against with 57 pages 
second promote attempt return -1
pages migrated: 363, lfu # items: 10306, lfu sample size: 28500000, samples: 28500000, node 0 mem 70308
CBF freq dist: (1) 107, (1-100) 644, (100-1000) 8122, (1k-2k) 6, (2k-3k) 514, (3k-5k) 248, (5k-65534) 747, (65k) 25 
CBF freq dist: (1) 414, (1-100) 610, (100-1000) 307, (1k-2k) 353, (2k-3k) 102, (3k-5k) 1, (5k-65534) 0, (65k) 0 
collected one batch of samples. pages to migrate = 837 
start promoting 296 pages
move page ret -1 
move page error: 12
got ENOMEM. trying against with 59 pages 
second promote attempt return -1
pages migrated: 363, lfu # items: 10306, lfu sample size: 28600000, samples: 28600000, node 0 mem 70308
CBF freq dist: (1) 107, (1-100) 644, (100-1000) 8122, (1k-2k) 6, (2k-3k) 514, (3k-5k) 248, (5k-65534) 743, (65k) 29 
CBF freq dist: (1) 463, (1-100) 689, (100-1000) 174, (1k-2k) 372, (2k-3k) 214, (3k-5k) 3, (5k-65534) 0, (65k) 0 
[DEBUG] Halving CBF counters.
collected one batch of samples. pages to migrate = 829 
start promoting 296 pages
move page ret -1 
move page error: 12
got ENOMEM. trying against with 59 pages 
second promote attempt return -1
pages migrated: 363, lfu # items: 10306, lfu sample size: 28700000, samples: 28700000, node 0 mem 70308
CBF freq dist: (1) 107, (1-100) 644, (100-1000) 8122, (1k-2k) 6, (2k-3k) 514, (3k-5k) 248, (5k-65534) 738, (65k) 34 
CBF freq dist: (1) 214, (1-100) 321, (100-1000) 503, (1k-2k) 258, (2k-3k) 0, (3k-5k) 0, (5k-65534) 0, (65k) 0 
collected one batch of samples. pages to migrate = 823 
start promoting 295 pages
move page ret -1 
move page error: 12
got ENOMEM. trying against with 59 pages 
second promote attempt return -1
pages migrated: 363, lfu # items: 10306, lfu sample size: 28800000, samples: 28800000, node 0 mem 70308
CBF freq dist: (1) 107, (1-100) 644, (100-1000) 8122, (1k-2k) 6, (2k-3k) 514, (3k-5k) 248, (5k-65534) 735, (65k) 37 
CBF freq dist: (1) 283, (1-100) 410, (100-1000) 501, (1k-2k) 258, (2k-3k) 2, (3k-5k) 0, (5k-65534) 0, (65k) 0 
collected one batch of samples. pages to migrate = 822 
start promoting 294 pages
move page ret -1 
move page error: 12
got ENOMEM. trying against with 58 pages 
second promote attempt return -1
pages migrated: 363, lfu # items: 10307, lfu sample size: 28900000, samples: 28900000, node 0 mem 70708
CBF freq dist: (1) 108, (1-100) 643, (100-1000) 8124, (1k-2k) 6, (2k-3k) 514, (3k-5k) 248, (5k-65534) 726, (65k) 46 
CBF freq dist: (1) 351, (1-100) 535, (100-1000) 498, (1k-2k) 254, (2k-3k) 9, (3k-5k) 0, (5k-65534) 0, (65k) 0 
collected one batch of samples. pages to migrate = 807 
start promoting 285 pages
move page ret -1 
move page error: 12
got ENOMEM. trying against with 57 pages 
second promote attempt return -1
pages migrated: 363, lfu # items: 10307, lfu sample size: 29000000, samples: 29000000, node 0 mem 70156
CBF freq dist: (1) 108, (1-100) 643, (100-1000) 8124, (1k-2k) 6, (2k-3k) 514, (3k-5k) 248, (5k-65534) 708, (65k) 64 
CBF freq dist: (1) 409, (1-100) 625, (100-1000) 406, (1k-2k) 297, (2k-3k) 58, (3k-5k) 0, (5k-65534) 0, (65k) 0 
collected one batch of samples. pages to migrate = 840 
start promoting 300 pages
move page ret -1 
move page error: 12
got ENOMEM. trying against with 60 pages 
second promote attempt return -1
pages migrated: 363, lfu # items: 10307, lfu sample size: 29100000, samples: 29100000, node 0 mem 70156
CBF freq dist: (1) 108, (1-100) 643, (100-1000) 8124, (1k-2k) 6, (2k-3k) 514, (3k-5k) 248, (5k-65534) 689, (65k) 83 
CBF freq dist: (1) 469, (1-100) 731, (100-1000) 197, (1k-2k) 401, (2k-3k) 162, (3k-5k) 1, (5k-65534) 0, (65k) 0 
num_perf_record_lost count 900
[DEBUG] Halving CBF counters.
collected one batch of samples. pages to migrate = 847 
start promoting 308 pages
move page ret -1 
move page error: 12
got ENOMEM. trying against with 61 pages 
second promote attempt return -1
pages migrated: 363, lfu # items: 10307, lfu sample size: 29200000, samples: 29200000, node 0 mem 70156
CBF freq dist: (1) 108, (1-100) 643, (100-1000) 8124, (1k-2k) 6, (2k-3k) 514, (3k-5k) 248, (5k-65534) 679, (65k) 93 
CBF freq dist: (1) 216, (1-100) 306, (100-1000) 518, (1k-2k) 245, (2k-3k) 0, (3k-5k) 0, (5k-65534) 0, (65k) 0 
collected one batch of samples. pages to migrate = 824 
start promoting 301 pages
move page ret -1 
move page error: 12
got ENOMEM. trying against with 60 pages 
second promote attempt return -1
pages migrated: 363, lfu # items: 10307, lfu sample size: 29300000, samples: 29300000, node 0 mem 70156
CBF freq dist: (1) 108, (1-100) 643, (100-1000) 8124, (1k-2k) 6, (2k-3k) 514, (3k-5k) 248, (5k-65534) 658, (65k) 114 
CBF freq dist: (1) 290, (1-100) 411, (100-1000) 504, (1k-2k) 257, (2k-3k) 2, (3k-5k) 0, (5k-65534) 0, (65k) 0 
collected one batch of samples. pages to migrate = 846 
start promoting 304 pages
move page ret -1 
move page error: 12
got ENOMEM. trying against with 60 pages 
second promote attempt return -1
pages migrated: 363, lfu # items: 10307, lfu sample size: 29400000, samples: 29400000, node 0 mem 70156
CBF freq dist: (1) 108, (1-100) 643, (100-1000) 8124, (1k-2k) 6, (2k-3k) 514, (3k-5k) 248, (5k-65534) 646, (65k) 126 
CBF freq dist: (1) 391, (1-100) 543, (100-1000) 501, (1k-2k) 256, (2k-3k) 6, (3k-5k) 0, (5k-65534) 0, (65k) 0 
collected one batch of samples. pages to migrate = 829 
start promoting 305 pages
move page ret -1 
move page error: 12
got ENOMEM. trying against with 61 pages 
second promote attempt return -1
pages migrated: 363, lfu # items: 10307, lfu sample size: 29500000, samples: 29500000, node 0 mem 70156
CBF freq dist: (1) 108, (1-100) 643, (100-1000) 8124, (1k-2k) 6, (2k-3k) 514, (3k-5k) 248, (5k-65534) 632, (65k) 140 
CBF freq dist: (1) 457, (1-100) 649, (100-1000) 486, (1k-2k) 232, (2k-3k) 45, (3k-5k) 0, (5k-65534) 0, (65k) 0 
collected one batch of samples. pages to migrate = 848 
start promoting 309 pages
move page ret -1 
move page error: 12
got ENOMEM. trying against with 61 pages 
second promote attempt return -1
pages migrated: 363, lfu # items: 10307, lfu sample size: 29600000, samples: 29600000, node 0 mem 70156
CBF freq dist: (1) 108, (1-100) 643, (100-1000) 8124, (1k-2k) 6, (2k-3k) 514, (3k-5k) 248, (5k-65534) 614, (65k) 158 
CBF freq dist: (1) 516, (1-100) 760, (100-1000) 371, (1k-2k) 283, (2k-3k) 109, (3k-5k) 0, (5k-65534) 0, (65k) 0 
collected one batch of samples. pages to migrate = 847 
start promoting 307 pages
move page ret -1 
move page error: 12
got ENOMEM. trying against with 61 pages 
second promote attempt return -1
pages migrated: 363, lfu # items: 10307, lfu sample size: 29700000, samples: 29700000, node 0 mem 70364
CBF freq dist: (1) 108, (1-100) 643, (100-1000) 8124, (1k-2k) 6, (2k-3k) 514, (3k-5k) 248, (5k-65534) 603, (65k) 169 
CBF freq dist: (1) 573, (1-100) 859, (100-1000) 177, (1k-2k) 362, (2k-3k) 222, (3k-5k) 2, (5k-65534) 0, (65k) 0 
[DEBUG] Halving CBF counters.
collected one batch of samples. pages to migrate = 847 
start promoting 300 pages
move page ret -1 
move page error: 12
got ENOMEM. trying against with 60 pages 
second promote attempt return -1
pages migrated: 363, lfu # items: 10307, lfu sample size: 29800000, samples: 29800000, node 0 mem 70364
CBF freq dist: (1) 108, (1-100) 643, (100-1000) 8124, (1k-2k) 6, (2k-3k) 514, (3k-5k) 248, (5k-65534) 593, (65k) 179 
CBF freq dist: (1) 276, (1-100) 429, (100-1000) 496, (1k-2k) 261, (2k-3k) 0, (3k-5k) 0, (5k-65534) 0, (65k) 0 
collected one batch of samples. pages to migrate = 826 
start promoting 303 pages
move page ret -1 
move page error: 12
got ENOMEM. trying against with 60 pages 
second promote attempt return -1
pages migrated: 363, lfu # items: 10307, lfu sample size: 29900000, samples: 29900000, node 0 mem 70364
CBF freq dist: (1) 108, (1-100) 643, (100-1000) 8124, (1k-2k) 6, (2k-3k) 514, (3k-5k) 248, (5k-65534) 586, (65k) 186 
CBF freq dist: (1) 360, (1-100) 559, (100-1000) 495, (1k-2k) 260, (2k-3k) 2, (3k-5k) 0, (5k-65534) 0, (65k) 0 
[DEBUG] Number of hot pages promoted in 50 batches = 0 
[INFO] Reached promotion plateau. cur hot page size 3491758080, fast mem 80% 3435973836
[INFO] Go to monitor mode from promotion plateau.
[INFO] Starting low overhead perf stat monitoring.
closing perf counters
munmap done 0
close fd done 0
munmap done 1
close fd done 1
munmap done 0
close fd done 0
munmap done 1
close fd done 1
munmap done 0
close fd done 0
munmap done 1
close fd done 1
munmap done 0
close fd done 0
munmap done 1
close fd done 1
munmap done 0
close fd done 0
munmap done 1
close fd done 1
munmap done 0
close fd done 0
munmap done 1
close fd done 1
munmap done 0
close fd done 0
munmap done 1
close fd done 1
munmap done 0
close fd done 0
munmap done 1
close fd done 1
munmap done 0
close fd done 0
munmap done 1
close fd done 1
munmap done 0
close fd done 0
munmap done 1
close fd done 1
munmap done 0
close fd done 0
munmap done 1
close fd done 1
munmap done 0
close fd done 0
munmap done 1
close fd done 1
munmap done 0
close fd done 0
munmap done 1
close fd done 1
munmap done 0
close fd done 0
munmap done 1
close fd done 1
munmap done 0
close fd done 0
munmap done 1
close fd done 1
munmap done 0
close fd done 0
munmap done 1
close fd done 1
[INFO] Sleep for 120s for fast memory hit ratio to stablize.
Trial Time:          30.19062
Trial Time:          25.27465
Trial Time:          26.51789
Trial Time:          24.21530
Trial Time:          25.80958
return freq 0 
[INFO] node 0 free memory in kB : 926780
return freq 0 
[INFO] node 0 free memory in kB : 926724
return freq 0 
Trial Time:          28.26519
[INFO] node 0 free memory in kB : 967960
return freq 0 
[INFO] node 0 free memory in kB : 967644
return freq 0 
Trial Time:          27.45560
[INFO] node 0 free memory in kB : 1005504
return freq 0 
[INFO] node 0 free memory in kB : 1004572
return freq 0 
Trial Time:          27.44385
Average Time:        25.95391
