!!!!!!!!!!!!!!!!!!!!Overridden __libc_start_main called!
executable name pr
Target executable name is pr
found process pr
Hybridtier. huge page
[DEBUG] fast memory size = 4294967296
[DEBUG] number of pages in fast memory = 2048
[DEBUG] perf_pages = 2048
 perf_pages 33, sample_batch_size 100000 
pid: 30684
==== debug info
[INFO] Calculating CBF size = 10459
Actual LFU table size 16384 
block mask 7ff 
Blocked CBF + sample batch. 
vector start 0x748918000900, 
[INFO] Creating CBF with capacity = 16384 (each 8B), sample size (W) = 131072000
Actual LFU table size 2048 
block mask ff 
Blocked CBF + sample batch. 
vector start 0x748918020940, 
[INFO] Creating CBF with capacity = 2048 (each 8B), sample size (W) = 1100000
Starting hot threshold = 1000
Momentum threshold = 200
Stable fast mem hit ratio slope threshold = -0.02
False positive rate = 0.001
perf stat period = 60s 
allocation watermark = 53687091, demotion watermark = 214748364
[INFO] Starting perf stat monitoring.
/usr/bin/perf stat -I 60000 -e mem_load_l3_miss_retired.local_dram -e mem_load_l3_miss_retired.remote_dram -x , --output perf_stat_file &
!!!!!!!!!!!!!!!!!!!!Overridden __libc_start_main called!
executable name sh
Target executable name is pr
executable not target app. just run 
[INFO] perf stat command return code: 0
start perf recording.
[INFO] Hybridtier perf sampling freq: 100000
Perf mmap size 135168, page size 4096 
[INFO] Hybridtier perf sampling freq: 100000
Perf mmap size 135168, page size 4096 
[INFO] Hybridtier perf sampling freq: 100000
Perf mmap size 135168, page size 4096 
[INFO] Hybridtier perf sampling freq: 100000
Perf mmap size 135168, page size 4096 
[INFO] Hybridtier perf sampling freq: 100000
Perf mmap size 135168, page size 4096 
[INFO] Hybridtier perf sampling freq: 100000
Perf mmap size 135168, page size 4096 
[INFO] Hybridtier perf sampling freq: 100000
Perf mmap size 135168, page size 4096 
[INFO] Hybridtier perf sampling freq: 100000
Perf mmap size 135168, page size 4096 
[INFO] Hybridtier perf sampling freq: 100000
Perf mmap size 135168, page size 4096 
[INFO] Hybridtier perf sampling freq: 100000
Perf mmap size 135168, page size 4096 
[INFO] Hybridtier perf sampling freq: 100000
Perf mmap size 135168, page size 4096 
[INFO] Hybridtier perf sampling freq: 100000
Perf mmap size 135168, page size 4096 
[INFO] Hybridtier perf sampling freq: 100000
Perf mmap size 135168, page size 4096 
[INFO] Hybridtier perf sampling freq: 100000
Perf mmap size 135168, page size 4096 
[INFO] Hybridtier perf sampling freq: 100000
Perf mmap size 135168, page size 4096 
[INFO] Hybridtier perf sampling freq: 100000
Perf mmap size 135168, page size 4096 
[INFO] Hybridtier perf sampling freq: 100000
Perf mmap size 135168, page size 4096 
[INFO] Hybridtier perf sampling freq: 100000
Perf mmap size 135168, page size 4096 
[INFO] Hybridtier perf sampling freq: 100000
Perf mmap size 135168, page size 4096 
[INFO] Hybridtier perf sampling freq: 100000
Perf mmap size 135168, page size 4096 
[INFO] Hybridtier perf sampling freq: 100000
Perf mmap size 135168, page size 4096 
[INFO] Hybridtier perf sampling freq: 100000
Perf mmap size 135168, page size 4096 
[INFO] Hybridtier perf sampling freq: 100000
Perf mmap size 135168, page size 4096 
[INFO] Hybridtier perf sampling freq: 100000
Perf mmap size 135168, page size 4096 
[INFO] Hybridtier perf sampling freq: 100000
Perf mmap size 135168, page size 4096 
[INFO] Hybridtier perf sampling freq: 100000
Perf mmap size 135168, page size 4096 
[INFO] Hybridtier perf sampling freq: 100000
Perf mmap size 135168, page size 4096 
[INFO] Hybridtier perf sampling freq: 100000
Perf mmap size 135168, page size 4096 
[INFO] Hybridtier perf sampling freq: 100000
Perf mmap size 135168, page size 4096 
[INFO] Hybridtier perf sampling freq: 100000
Perf mmap size 135168, page size 4096 
[INFO] Hybridtier perf sampling freq: 100000
Perf mmap size 135168, page size 4096 
[INFO] Hybridtier perf sampling freq: 100000
!!!!!!!!!!!!!!!!!!!!Overridden __libc_start_main called!
executable name bash
Target executable name is pr
executable not target app. just run 
!!!!!!!!!!!!!!!!!!!!Overridden __libc_start_main called!
executable name dpkg
Target executable name is pr
executable not target app. just run 
dpkg: error: version '!!!!!!!!!!!!!!!!!!!!Overridden __libc_start_main called!
executable name uname
Target executable name is pr
executable not target app. just run 
6.18.1-061801' has bad syntax: version string has embedded spaces
!!!!!!!!!!!!!!!!!!!!Overridden __libc_start_main called!
executable name dpkg
Target executable name is pr
executable not target app. just run 
dpkg: error: version '!!!!!!!!!!!!!!!!!!!!Overridden __libc_start_main called!
executable name uname
Target executable name is pr
executable not target app. just run 
6.18.1-061801' has bad syntax: version string has embedded spaces
/usr/bin/lsb_release: 2: eval: executable: not found
WARNING: !!!!!!!!!!!!!!!!!!!!Overridden __libc_start_main called!
executable name basename
Target executable name is pr
executable not target app. just run 
perf not found for kernel !!!!!!!!!!!!!!!!!!!!Overridden __libc_start_main called!
executable name uname
Target executable name is pr
executable not target app. just run 
6.18.1-061801

  You may need to install the following packages for this specific kernel:
    linux-tools-!!!!!!!!!!!!!!!!!!!!Overridden __libc_start_main called!
executable name uname
Target executable name is pr
executable not target app. just run 
6.18.1-061801-generic

  You may also want to install one of the following packages to keep up to date:
    linux-tools-generic
Perf mmap size 135168, page size 4096 
Read Time:           63.48607
Graph has 134217728 nodes and 2111632379 undirected edges for degree: 15
collected one batch of samples. pages to migrate = 172 
start promoting 49 pages
pages migrated: 49, lfu # items: 2433, lfu sample size: 100000, samples: 100000, node 0 mem 897428
CBF freq dist: (1) 422, (1-100) 2113, (100-1000) 319, (1k-2k) 1, (2k-3k) 0, (3k-5k) 0, (5k-65534) 0, (65k) 0 
CBF freq dist: (1) 315, (1-100) 1875, (100-1000) 320, (1k-2k) 1, (2k-3k) 0, (3k-5k) 0, (5k-65534) 0, (65k) 0 
collected one batch of samples. pages to migrate = 294 
start promoting 63 pages
pages migrated: 112, lfu # items: 2878, lfu sample size: 200000, samples: 200000, node 0 mem 764740
CBF freq dist: (1) 434, (1-100) 2239, (100-1000) 622, (1k-2k) 17, (2k-3k) 0, (3k-5k) 0, (5k-65534) 0, (65k) 0 
CBF freq dist: (1) 287, (1-100) 1849, (100-1000) 620, (1k-2k) 17, (2k-3k) 0, (3k-5k) 0, (5k-65534) 0, (65k) 0 
collected one batch of samples. pages to migrate = 308 
start promoting 13 pages
pages migrated: 125, lfu # items: 3034, lfu sample size: 300000, samples: 300000, node 0 mem 740316
CBF freq dist: (1) 440, (1-100) 2364, (100-1000) 642, (1k-2k) 7, (2k-3k) 21, (3k-5k) 0, (5k-65534) 0, (65k) 0 
CBF freq dist: (1) 282, (1-100) 1900, (100-1000) 641, (1k-2k) 7, (2k-3k) 21, (3k-5k) 0, (5k-65534) 0, (65k) 0 
collected one batch of samples. pages to migrate = 330 
start promoting 29 pages
pages migrated: 154, lfu # items: 3160, lfu sample size: 400000, samples: 400000, node 0 mem 680708
CBF freq dist: (1) 441, (1-100) 2422, (100-1000) 710, (1k-2k) 1, (2k-3k) 27, (3k-5k) 0, (5k-65534) 0, (65k) 0 
CBF freq dist: (1) 275, (1-100) 1905, (100-1000) 710, (1k-2k) 1, (2k-3k) 27, (3k-5k) 0, (5k-65534) 0, (65k) 0 
collected one batch of samples. pages to migrate = 310 
start promoting 40 pages
pages migrated: 194, lfu # items: 3332, lfu sample size: 500000, samples: 500000, node 0 mem 598876
CBF freq dist: (1) 442, (1-100) 2503, (100-1000) 572, (1k-2k) 230, (2k-3k) 24, (3k-5k) 3, (5k-65534) 0, (65k) 0 
CBF freq dist: (1) 262, (1-100) 1923, (100-1000) 573, (1k-2k) 230, (2k-3k) 24, (3k-5k) 3, (5k-65534) 0, (65k) 0 
collected one batch of samples. pages to migrate = 307 
start promoting 44 pages
pages migrated: 238, lfu # items: 3567, lfu sample size: 600000, samples: 600000, node 0 mem 508296
CBF freq dist: (1) 445, (1-100) 2648, (100-1000) 662, (1k-2k) 230, (2k-3k) 6, (3k-5k) 21, (5k-65534) 0, (65k) 0 
CBF freq dist: (1) 244, (1-100) 1958, (100-1000) 665, (1k-2k) 230, (2k-3k) 7, (3k-5k) 20, (5k-65534) 0, (65k) 0 
collected one batch of samples. pages to migrate = 323 
start promoting 60 pages
pages migrated: 298, lfu # items: 3826, lfu sample size: 700000, samples: 700000, node 0 mem 385792
CBF freq dist: (1) 450, (1-100) 2800, (100-1000) 769, (1k-2k) 230, (2k-3k) 0, (3k-5k) 27, (5k-65534) 0, (65k) 0 
CBF freq dist: (1) 227, (1-100) 1984, (100-1000) 773, (1k-2k) 230, (2k-3k) 1, (3k-5k) 26, (5k-65534) 0, (65k) 0 
collected one batch of samples. pages to migrate = 324 
start promoting 61 pages
pages migrated: 359, lfu # items: 4087, lfu sample size: 800000, samples: 800000, node 0 mem 260964
CBF freq dist: (1) 453, (1-100) 2964, (100-1000) 866, (1k-2k) 196, (2k-3k) 34, (3k-5k) 27, (5k-65534) 0, (65k) 0 
CBF freq dist: (1) 212, (1-100) 2003, (100-1000) 876, (1k-2k) 171, (2k-3k) 60, (3k-5k) 26, (5k-65534) 0, (65k) 0 
collected one batch of samples. pages to migrate = 367 
start promoting 96 pages
pages migrated: 455, lfu # items: 4420, lfu sample size: 900000, samples: 900000, node 0 mem 92412
CBF freq dist: (1) 455, (1-100) 3130, (100-1000) 1033, (1k-2k) 1, (2k-3k) 229, (3k-5k) 27, (5k-65534) 0, (65k) 0 
CBF freq dist: (1) 190, (1-100) 1974, (100-1000) 1033, (1k-2k) 9, (2k-3k) 223, (3k-5k) 26, (5k-65534) 0, (65k) 0 
collected one batch of samples. pages to migrate = 398 
start promoting 109 pages
move page ret 109 
move page error: 2
pages migrated: 455, lfu # items: 4907, lfu sample size: 1000000, samples: 1000000, node 0 mem 71836
CBF freq dist: (1) 462, (1-100) 3459, (100-1000) 1191, (1k-2k) 1, (2k-3k) 229, (3k-5k) 27, (5k-65534) 0, (65k) 0 
CBF freq dist: (1) 166, (1-100) 1973, (100-1000) 1195, (1k-2k) 9, (2k-3k) 223, (3k-5k) 26, (5k-65534) 0, (65k) 0 
[DEBUG] Halving CBF counters.
collected one batch of samples. pages to migrate = 393 
start promoting 120 pages
move page ret -1 
move page error: 12
got ENOMEM. trying against with 24 pages 
second promote attempt return -1
pages migrated: 455, lfu # items: 5325, lfu sample size: 1100000, samples: 1100000, node 0 mem 71720
CBF freq dist: (1) 471, (1-100) 3713, (100-1000) 1355, (1k-2k) 1, (2k-3k) 229, (3k-5k) 27, (5k-65534) 0, (65k) 0 
CBF freq dist: (1) 368, (1-100) 2456, (100-1000) 696, (1k-2k) 223, (2k-3k) 26, (3k-5k) 0, (5k-65534) 0, (65k) 0 
num_perf_record_lost count 100
collected one batch of samples. pages to migrate = 350 
start promoting 94 pages
move page ret -1 
move page error: 12
got ENOMEM. trying against with 18 pages 
second promote attempt return -1
pages migrated: 455, lfu # items: 5685, lfu sample size: 1200000, samples: 1200000, node 0 mem 71136
CBF freq dist: (1) 471, (1-100) 3908, (100-1000) 1520, (1k-2k) 1, (2k-3k) 223, (3k-5k) 32, (5k-65534) 1, (65k) 0 
CBF freq dist: (1) 330, (1-100) 2382, (100-1000) 877, (1k-2k) 223, (2k-3k) 26, (3k-5k) 0, (5k-65534) 0, (65k) 0 
collected one batch of samples. pages to migrate = 338 
start promoting 71 pages
move page ret -1 
move page error: 12
got ENOMEM. trying against with 14 pages 
second promote attempt return -1
pages migrated: 455, lfu # items: 5980, lfu sample size: 1300000, samples: 1300000, node 0 mem 71136
CBF freq dist: (1) 473, (1-100) 4092, (100-1000) 1631, (1k-2k) 1, (2k-3k) 7, (3k-5k) 234, (5k-65534) 15, (65k) 0 
CBF freq dist: (1) 307, (1-100) 2313, (100-1000) 1007, (1k-2k) 220, (2k-3k) 29, (3k-5k) 0, (5k-65534) 0, (65k) 0 
collected one batch of samples. pages to migrate = 334 
start promoting 62 pages
move page ret -1 
move page error: 12
got ENOMEM. trying against with 12 pages 
second promote attempt return -1
pages migrated: 455, lfu # items: 6177, lfu sample size: 1400000, samples: 1400000, node 0 mem 71136
CBF freq dist: (1) 473, (1-100) 4202, (100-1000) 1718, (1k-2k) 1, (2k-3k) 0, (3k-5k) 234, (5k-65534) 22, (65k) 0 
CBF freq dist: (1) 294, (1-100) 2263, (100-1000) 1102, (1k-2k) -2, (2k-3k) 229, (3k-5k) 22, (5k-65534) 0, (65k) 0 
collected one batch of samples. pages to migrate = 311 
start promoting 49 pages
move page ret -1 
move page error: 12
got ENOMEM. trying against with 9 pages 
second promote attempt return -1
pages migrated: 455, lfu # items: 6299, lfu sample size: 1500000, samples: 1500000, node 0 mem 71136
CBF freq dist: (1) 473, (1-100) 4266, (100-1000) 1776, (1k-2k) 1, (2k-3k) 0, (3k-5k) 229, (5k-65534) 27, (65k) 0 
CBF freq dist: (1) 290, (1-100) 2227, (100-1000) 1162, (1k-2k) -3, (2k-3k) 225, (3k-5k) 27, (5k-65534) 0, (65k) 0 
collected one batch of samples. pages to migrate = 362 
start promoting 102 pages
move page ret -1 
move page error: 12
got ENOMEM. trying against with 20 pages 
second promote attempt return -1
pages migrated: 455, lfu # items: 6615, lfu sample size: 1600000, samples: 1600000, node 0 mem 71136
CBF freq dist: (1) 479, (1-100) 4448, (100-1000) 1910, (1k-2k) 1, (2k-3k) 0, (3k-5k) 229, (5k-65534) 27, (65k) 0 
CBF freq dist: (1) 272, (1-100) 2139, (100-1000) 1307, (1k-2k) -3, (2k-3k) 221, (3k-5k) 31, (5k-65534) 0, (65k) 0 
[DEBUG] Halving CBF counters.
collected one batch of samples. pages to migrate = 359 
start promoting 102 pages
move page ret -1 
move page error: 12
got ENOMEM. trying against with 20 pages 
second promote attempt return -1
pages migrated: 455, lfu # items: 6950, lfu sample size: 1700000, samples: 1700000, node 0 mem 71136
CBF freq dist: (1) 475, (1-100) 4614, (100-1000) 2079, (1k-2k) 1, (2k-3k) 0, (3k-5k) 229, (5k-65534) 27, (65k) 0 
CBF freq dist: (1) 83, (1-100) 2585, (100-1000) 665, (1k-2k) 243, (2k-3k) 9, (3k-5k) 0, (5k-65534) 0, (65k) 0 
collected one batch of samples. pages to migrate = 370 
start promoting 114 pages
move page ret -1 
move page error: 12
got ENOMEM. trying against with 22 pages 
second promote attempt return -1
pages migrated: 455, lfu # items: 7383, lfu sample size: 1800000, samples: 1800000, node 0 mem 71136
CBF freq dist: (1) 475, (1-100) 4890, (100-1000) 2236, (1k-2k) 1, (2k-3k) 0, (3k-5k) 229, (5k-65534) 27, (65k) 0 
CBF freq dist: (1) 58, (1-100) 2477, (100-1000) 844, (1k-2k) 223, (2k-3k) 29, (3k-5k) 0, (5k-65534) 0, (65k) 0 
collected one batch of samples. pages to migrate = 399 
start promoting 120 pages
move page ret -1 
move page error: 12
got ENOMEM. trying against with 24 pages 
second promote attempt return -1
pages migrated: 455, lfu # items: 7789, lfu sample size: 1900000, samples: 1900000, node 0 mem 71388
CBF freq dist: (1) 328, (1-100) 5146, (100-1000) 2386, (1k-2k) 1, (2k-3k) 0, (3k-5k) 227, (5k-65534) 29, (65k) 0 
CBF freq dist: (1) 70, (1-100) 2448, (100-1000) 1015, (1k-2k) 166, (2k-3k) 86, (3k-5k) 0, (5k-65534) 0, (65k) 0 
collected one batch of samples. pages to migrate = 377 
start promoting 90 pages
move page ret -1 
move page error: 12
got ENOMEM. trying against with 18 pages 
second promote attempt return -1
pages migrated: 455, lfu # items: 8026, lfu sample size: 2000000, samples: 2000000, node 0 mem 71388
CBF freq dist: (1) 262, (1-100) 5266, (100-1000) 2503, (1k-2k) 1, (2k-3k) 0, (3k-5k) 183, (5k-65534) 73, (65k) 0 
CBF freq dist: (1) 43, (1-100) 2372, (100-1000) 1137, (1k-2k) 8, (2k-3k) 244, (3k-5k) 0, (5k-65534) 0, (65k) 0 
collected one batch of samples. pages to migrate = 405 
start promoting 85 pages
move page ret -1 
move page error: 12
got ENOMEM. trying against with 17 pages 
second promote attempt return -1
pages migrated: 455, lfu # items: 8275, lfu sample size: 2100000, samples: 2100000, node 0 mem 71388
CBF freq dist: (1) 210, (1-100) 5419, (100-1000) 2599, (1k-2k) 1, (2k-3k) 0, (3k-5k) 5, (5k-65534) 251, (65k) 0 
CBF freq dist: (1) 24, (1-100) 2310, (100-1000) 1243, (1k-2k) 8, (2k-3k) 227, (3k-5k) 17, (5k-65534) 0, (65k) 0 
collected one batch of samples. pages to migrate = 358 
start promoting 65 pages
move page ret -1 
move page error: 12
got ENOMEM. trying against with 13 pages 
second promote attempt return -1
pages migrated: 455, lfu # items: 8396, lfu sample size: 2200000, samples: 2200000, node 0 mem 71388
CBF freq dist: (1) 210, (1-100) 5475, (100-1000) 2664, (1k-2k) 1, (2k-3k) 0, (3k-5k) 0, (5k-65534) 256, (65k) 0 
CBF freq dist: (1) 20, (1-100) 2239, (100-1000) 1323, (1k-2k) 8, (2k-3k) 200, (3k-5k) 44, (5k-65534) 0, (65k) 0 
num_perf_record_lost count 200
[DEBUG] Halving CBF counters.
collected one batch of samples. pages to migrate = 332 
start promoting 70 pages
move page ret -1 
move page error: 12
got ENOMEM. trying against with 14 pages 
second promote attempt return -1
pages migrated: 455, lfu # items: 8524, lfu sample size: 2300000, samples: 2300000, node 0 mem 71388
CBF freq dist: (1) 205, (1-100) 5505, (100-1000) 2762, (1k-2k) 1, (2k-3k) 0, (3k-5k) 0, (5k-65534) 256, (65k) 0 
CBF freq dist: (1) 75, (1-100) 2888, (100-1000) 674, (1k-2k) 236, (2k-3k) 8, (3k-5k) 0, (5k-65534) 0, (65k) 0 
collected one batch of samples. pages to migrate = 341 
start promoting 78 pages
move page ret -1 
move page error: 12
got ENOMEM. trying against with 15 pages 
second promote attempt return -1
pages migrated: 455, lfu # items: 8620, lfu sample size: 2400000, samples: 2400000, node 0 mem 71388
CBF freq dist: (1) 205, (1-100) 5500, (100-1000) 2863, (1k-2k) 1, (2k-3k) 0, (3k-5k) 0, (5k-65534) 256, (65k) 0 
CBF freq dist: (1) 68, (1-100) 2763, (100-1000) 808, (1k-2k) 137, (2k-3k) 107, (3k-5k) 0, (5k-65534) 0, (65k) 0 
collected one batch of samples. pages to migrate = 294 
start promoting 35 pages
move page ret -1 
move page error: 12
got ENOMEM. trying against with 7 pages 
second promote attempt return -1
pages migrated: 455, lfu # items: 8670, lfu sample size: 2500000, samples: 2500000, node 0 mem 71388
CBF freq dist: (1) 204, (1-100) 5489, (100-1000) 2924, (1k-2k) 1, (2k-3k) 0, (3k-5k) 0, (5k-65534) 256, (65k) 0 
CBF freq dist: (1) 63, (1-100) 2696, (100-1000) 881, (1k-2k) -4, (2k-3k) 248, (3k-5k) 0, (5k-65534) 0, (65k) 0 
collected one batch of samples. pages to migrate = 315 
start promoting 50 pages
move page ret -1 
move page error: 12
got ENOMEM. trying against with 10 pages 
second promote attempt return -1
pages migrated: 455, lfu # items: 8726, lfu sample size: 2600000, samples: 2600000, node 0 mem 71388
CBF freq dist: (1) 203, (1-100) 5483, (100-1000) 2986, (1k-2k) 1, (2k-3k) 0, (3k-5k) 0, (5k-65534) 256, (65k) 0 
CBF freq dist: (1) 61, (1-100) 2632, (100-1000) 950, (1k-2k) -4, (2k-3k) 239, (3k-5k) 9, (5k-65534) 0, (65k) 0 
collected one batch of samples. pages to migrate = 326 
start promoting 66 pages
move page ret -1 
move page error: 12
got ENOMEM. trying against with 13 pages 
second promote attempt return -1
pages migrated: 455, lfu # items: 8777, lfu sample size: 2700000, samples: 2700000, node 0 mem 71388
CBF freq dist: (1) 201, (1-100) 5464, (100-1000) 3056, (1k-2k) 1, (2k-3k) 0, (3k-5k) 0, (5k-65534) 256, (65k) 0 
CBF freq dist: (1) 59, (1-100) 2547, (100-1000) 1043, (1k-2k) -4, (2k-3k) 164, (3k-5k) 84, (5k-65534) 0, (65k) 0 
[DEBUG] Halving CBF counters.
collected one batch of samples. pages to migrate = 322 
start promoting 60 pages
move page ret 60 
move page error: 12
got ENOMEM. trying against with 12 pages 
second promote attempt return -1
pages migrated: 455, lfu # items: 8826, lfu sample size: 2800000, samples: 2800000, node 0 mem 71388
CBF freq dist: (1) 200, (1-100) 5432, (100-1000) 3137, (1k-2k) 1, (2k-3k) 0, (3k-5k) 0, (5k-65534) 256, (65k) 0 
CBF freq dist: (1) 55, (1-100) 3073, (100-1000) 466, (1k-2k) 245, (2k-3k) 3, (3k-5k) 0, (5k-65534) 0, (65k) 0 
collected one batch of samples. pages to migrate = 348 
start promoting 92 pages
move page ret -1 
move page error: 12
got ENOMEM. trying against with 18 pages 
second promote attempt return -1
pages migrated: 455, lfu # items: 8917, lfu sample size: 2900000, samples: 2900000, node 0 mem 71388
CBF freq dist: (1) 204, (1-100) 5410, (100-1000) 3250, (1k-2k) 1, (2k-3k) 0, (3k-5k) 0, (5k-65534) 256, (65k) 0 
CBF freq dist: (1) 48, (1-100) 2936, (100-1000) 618, (1k-2k) 177, (2k-3k) 71, (3k-5k) 0, (5k-65534) 0, (65k) 0 
collected one batch of samples. pages to migrate = 348 
start promoting 84 pages
move page ret -1 
move page error: 12
got ENOMEM. trying against with 16 pages 
second promote attempt return -1
pages migrated: 455, lfu # items: 9007, lfu sample size: 3000000, samples: 3000000, node 0 mem 71388
CBF freq dist: (1) 207, (1-100) 5389, (100-1000) 3361, (1k-2k) 1, (2k-3k) 0, (3k-5k) 0, (5k-65534) 256, (65k) 0 
CBF freq dist: (1) 39, (1-100) 2802, (100-1000) 766, (1k-2k) -3, (2k-3k) 251, (3k-5k) 0, (5k-65534) 0, (65k) 0 
collected one batch of samples. pages to migrate = 385 
start promoting 118 pages
move page ret -1 
move page error: 12
got ENOMEM. trying against with 23 pages 
second promote attempt return -1
pages migrated: 455, lfu # items: 9173, lfu sample size: 3100000, samples: 3100000, node 0 mem 71388
CBF freq dist: (1) 199, (1-100) 5408, (100-1000) 3508, (1k-2k) 1, (2k-3k) 0, (3k-5k) 0, (5k-65534) 256, (65k) 0 
CBF freq dist: (1) 31, (1-100) 2639, (100-1000) 944, (1k-2k) -3, (2k-3k) 251, (3k-5k) 0, (5k-65534) 0, (65k) 0 
collected one batch of samples. pages to migrate = 422 
start promoting 150 pages
move page ret -1 
move page error: 12
got ENOMEM. trying against with 30 pages 
second promote attempt return -1
pages migrated: 455, lfu # items: 9249, lfu sample size: 3200000, samples: 3200000, node 0 mem 71388
CBF freq dist: (1) 195, (1-100) 5359, (100-1000) 3633, (1k-2k) 1, (2k-3k) 0, (3k-5k) 0, (5k-65534) 256, (65k) 0 
CBF freq dist: (1) 27, (1-100) 2458, (100-1000) 1134, (1k-2k) -3, (2k-3k) 245, (3k-5k) 6, (5k-65534) 0, (65k) 0 
collected one batch of samples. pages to migrate = 426 
start promoting 146 pages
move page ret -1 
move page error: 12
got ENOMEM. trying against with 29 pages 
second promote attempt return -1
pages migrated: 455, lfu # items: 9319, lfu sample size: 3300000, samples: 3300000, node 0 mem 71640
CBF freq dist: (1) 194, (1-100) 5309, (100-1000) 3752, (1k-2k) 2, (2k-3k) 0, (3k-5k) 0, (5k-65534) 256, (65k) 0 
CBF freq dist: (1) 25, (1-100) 2304, (100-1000) 1295, (1k-2k) -3, (2k-3k) 205, (3k-5k) 46, (5k-65534) 0, (65k) 0 
[DEBUG] Halving CBF counters.
collected one batch of samples. pages to migrate = 393 
start promoting 117 pages
move page ret -1 
move page error: 12
got ENOMEM. trying against with 23 pages 
second promote attempt return -1
pages migrated: 455, lfu # items: 9431, lfu sample size: 3400000, samples: 3400000, node 0 mem 71640
CBF freq dist: (1) 163, (1-100) 5280, (100-1000) 3893, (1k-2k) 2, (2k-3k) 0, (3k-5k) 0, (5k-65534) 256, (65k) 0 
CBF freq dist: (1) 117, (1-100) 2840, (100-1000) 785, (1k-2k) 251, (2k-3k) 0, (3k-5k) 0, (5k-65534) 0, (65k) 0 
num_perf_record_lost count 300
collected one batch of samples. pages to migrate = 362 
start promoting 94 pages
move page ret -1 
move page error: 12
got ENOMEM. trying against with 18 pages 
second promote attempt return -1
pages migrated: 455, lfu # items: 9544, lfu sample size: 3500000, samples: 3500000, node 0 mem 71640
CBF freq dist: (1) 160, (1-100) 5285, (100-1000) 4001, (1k-2k) 2, (2k-3k) 0, (3k-5k) 0, (5k-65534) 256, (65k) 0 
CBF freq dist: (1) 114, (1-100) 2698, (100-1000) 937, (1k-2k) 208, (2k-3k) 43, (3k-5k) 0, (5k-65534) 0, (65k) 0 
collected one batch of samples. pages to migrate = 384 
start promoting 118 pages
move page ret -1 
move page error: 12
got ENOMEM. trying against with 23 pages 
second promote attempt return -1
pages migrated: 455, lfu # items: 9629, lfu sample size: 3600000, samples: 3600000, node 0 mem 71640
CBF freq dist: (1) 153, (1-100) 5232, (100-1000) 4138, (1k-2k) 3, (2k-3k) 0, (3k-5k) 0, (5k-65534) 256, (65k) 0 
CBF freq dist: (1) 111, (1-100) 2531, (100-1000) 1111, (1k-2k) 5, (2k-3k) 246, (3k-5k) 0, (5k-65534) 0, (65k) 0 
collected one batch of samples. pages to migrate = 303 
start promoting 32 pages
move page ret 32 
move page error: 12
got ENOMEM. trying against with 6 pages 
second promote attempt return -1
pages migrated: 455, lfu # items: 9658, lfu sample size: 3700000, samples: 3700000, node 0 mem 71640
CBF freq dist: (1) 153, (1-100) 5221, (100-1000) 4178, (1k-2k) 3, (2k-3k) 0, (3k-5k) 0, (5k-65534) 256, (65k) 0 
CBF freq dist: (1) 109, (1-100) 2479, (100-1000) 1167, (1k-2k) 3, (2k-3k) 248, (3k-5k) 0, (5k-65534) 0, (65k) 0 
collected one batch of samples. pages to migrate = 375 
start promoting 63 pages
move page ret -1 
move page error: 12
got ENOMEM. trying against with 12 pages 
second promote attempt return -1
pages migrated: 455, lfu # items: 9706, lfu sample size: 3800000, samples: 3800000, node 0 mem 71644
CBF freq dist: (1) 134, (1-100) 5229, (100-1000) 4218, (1k-2k) 3, (2k-3k) 0, (3k-5k) 0, (5k-65534) 256, (65k) 0 
CBF freq dist: (1) 93, (1-100) 2428, (100-1000) 1247, (1k-2k) 3, (2k-3k) 231, (3k-5k) 17, (5k-65534) 0, (65k) 0 
[DEBUG] Halving CBF counters.
collected one batch of samples. pages to migrate = 319 
start promoting 39 pages
move page ret -1 
move page error: 12
got ENOMEM. trying against with 7 pages 
second promote attempt return -1
pages migrated: 455, lfu # items: 9729, lfu sample size: 3900000, samples: 3900000, node 0 mem 71644
CBF freq dist: (1) 134, (1-100) 5203, (100-1000) 4267, (1k-2k) 3, (2k-3k) 0, (3k-5k) 0, (5k-65534) 256, (65k) 0 
CBF freq dist: (1) 170, (1-100) 3039, (100-1000) 550, (1k-2k) 248, (2k-3k) 0, (3k-5k) 0, (5k-65534) 0, (65k) 0 
collected one batch of samples. pages to migrate = 308 
start promoting 46 pages
move page ret -1 
move page error: 12
got ENOMEM. trying against with 9 pages 
second promote attempt return -1
pages migrated: 455, lfu # items: 9756, lfu sample size: 4000000, samples: 4000000, node 0 mem 71644
CBF freq dist: (1) 121, (1-100) 5166, (100-1000) 4331, (1k-2k) 3, (2k-3k) 0, (3k-5k) 0, (5k-65534) 256, (65k) 0 
CBF freq dist: (1) 153, (1-100) 2985, (100-1000) 625, (1k-2k) 154, (2k-3k) 94, (3k-5k) 0, (5k-65534) 0, (65k) 0 
collected one batch of samples. pages to migrate = 288 
start promoting 30 pages
move page ret -1 
move page error: 12
got ENOMEM. trying against with 6 pages 
second promote attempt return -1
pages migrated: 455, lfu # items: 9777, lfu sample size: 4100000, samples: 4100000, node 0 mem 71644
CBF freq dist: (1) 121, (1-100) 5147, (100-1000) 4371, (1k-2k) 3, (2k-3k) 0, (3k-5k) 0, (5k-65534) 256, (65k) 0 
CBF freq dist: (1) 150, (1-100) 2935, (100-1000) 677, (1k-2k) -5, (2k-3k) 253, (3k-5k) 0, (5k-65534) 0, (65k) 0 
collected one batch of samples. pages to migrate = 288 
start promoting 29 pages
move page ret -1 
move page error: 12
got ENOMEM. trying against with 5 pages 
second promote attempt return -1
pages migrated: 455, lfu # items: 9794, lfu sample size: 4200000, samples: 4200000, node 0 mem 71644
CBF freq dist: (1) 121, (1-100) 5143, (100-1000) 4392, (1k-2k) 3, (2k-3k) 0, (3k-5k) 0, (5k-65534) 256, (65k) 0 
CBF freq dist: (1) 149, (1-100) 2886, (100-1000) 728, (1k-2k) -5, (2k-3k) 251, (3k-5k) 2, (5k-65534) 0, (65k) 0 
collected one batch of samples. pages to migrate = 322 
start promoting 58 pages
move page ret -1 
move page error: 12
got ENOMEM. trying against with 11 pages 
second promote attempt return -1
pages migrated: 455, lfu # items: 9810, lfu sample size: 4300000, samples: 4300000, node 0 mem 71644
CBF freq dist: (1) 119, (1-100) 5108, (100-1000) 4443, (1k-2k) 3, (2k-3k) 0, (3k-5k) 0, (5k-65534) 256, (65k) 0 
CBF freq dist: (1) 146, (1-100) 2801, (100-1000) 816, (1k-2k) -5, (2k-3k) 154, (3k-5k) 99, (5k-65534) 0, (65k) 0 
collected one batch of samples. pages to migrate = 309 
start promoting 42 pages
move page ret -1 
move page error: 12
got ENOMEM. trying against with 8 pages 
second promote attempt return -1
pages migrated: 455, lfu # items: 9827, lfu sample size: 4400000, samples: 4400000, node 0 mem 71644
CBF freq dist: (1) 117, (1-100) 5088, (100-1000) 4480, (1k-2k) 3, (2k-3k) 0, (3k-5k) 0, (5k-65534) 256, (65k) 0 
CBF freq dist: (1) 147, (1-100) 2744, (100-1000) 876, (1k-2k) -5, (2k-3k) 0, (3k-5k) 253, (5k-65534) 0, (65k) 0 
[DEBUG] Halving CBF counters.
collected one batch of samples. pages to migrate = 298 
start promoting 36 pages
move page ret 36 
move page error: 12
got ENOMEM. trying against with 7 pages 
second promote attempt return -1
pages migrated: 455, lfu # items: 9845, lfu sample size: 4500000, samples: 4500000, node 0 mem 71644
CBF freq dist: (1) 116, (1-100) 5059, (100-1000) 4527, (1k-2k) 3, (2k-3k) 0, (3k-5k) 0, (5k-65534) 256, (65k) 0 
CBF freq dist: (1) 303, (1-100) 3103, (100-1000) 369, (1k-2k) 159, (2k-3k) 94, (3k-5k) 0, (5k-65534) 0, (65k) 0 
collected one batch of samples. pages to migrate = 321 
start promoting 62 pages
move page ret -1 
move page error: 12
got ENOMEM. trying against with 12 pages 
second promote attempt return -1
pages migrated: 455, lfu # items: 9866, lfu sample size: 4600000, samples: 4600000, node 0 mem 71644
CBF freq dist: (1) 115, (1-100) 5020, (100-1000) 4587, (1k-2k) 3, (2k-3k) 0, (3k-5k) 0, (5k-65534) 256, (65k) 0 
CBF freq dist: (1) 295, (1-100) 2986, (100-1000) 494, (1k-2k) 0, (2k-3k) 253, (3k-5k) 0, (5k-65534) 0, (65k) 0 
num_perf_record_lost count 400
collected one batch of samples. pages to migrate = 340 
start promoting 78 pages
move page ret 78 
move page error: 12
got ENOMEM. trying against with 15 pages 
second promote attempt return -1
pages migrated: 455, lfu # items: 9906, lfu sample size: 4700000, samples: 4700000, node 0 mem 71644
CBF freq dist: (1) 109, (1-100) 4998, (100-1000) 4648, (1k-2k) 4, (2k-3k) 0, (3k-5k) 0, (5k-65534) 256, (65k) 0 
CBF freq dist: (1) 282, (1-100) 2868, (100-1000) 621, (1k-2k) 0, (2k-3k) 253, (3k-5k) 0, (5k-65534) 0, (65k) 0 
collected one batch of samples. pages to migrate = 380 
start promoting 113 pages
move page ret -1 
move page error: 12
got ENOMEM. trying against with 22 pages 
second promote attempt return -1
pages migrated: 455, lfu # items: 9948, lfu sample size: 4800000, samples: 4800000, node 0 mem 71644
CBF freq dist: (1) 105, (1-100) 4946, (100-1000) 4742, (1k-2k) 4, (2k-3k) 0, (3k-5k) 0, (5k-65534) 256, (65k) 0 
CBF freq dist: (1) 276, (1-100) 2730, (100-1000) 768, (1k-2k) 0, (2k-3k) 247, (3k-5k) 6, (5k-65534) 0, (65k) 0 
collected one batch of samples. pages to migrate = 319 
start promoting 50 pages
move page ret 50 
move page error: 12
got ENOMEM. trying against with 10 pages 
second promote attempt return -1
pages migrated: 455, lfu # items: 9981, lfu sample size: 4900000, samples: 4900000, node 0 mem 71644
CBF freq dist: (1) 106, (1-100) 4920, (100-1000) 4800, (1k-2k) 5, (2k-3k) 0, (3k-5k) 0, (5k-65534) 256, (65k) 0 
CBF freq dist: (1) 276, (1-100) 2653, (100-1000) 852, (1k-2k) 0, (2k-3k) 43, (3k-5k) 210, (5k-65534) 0, (65k) 0 
[DEBUG] Number of hot pages promoted in 50 batches = 455 
[DEBUG] Halving CBF counters.
collected one batch of samples. pages to migrate = 336 
start promoting 66 pages
move page ret -1 
move page error: 12
got ENOMEM. trying against with 13 pages 
second promote attempt return -1
pages migrated: 455, lfu # items: 10019, lfu sample size: 5000000, samples: 5000000, node 0 mem 71644
CBF freq dist: (1) 105, (1-100) 4878, (100-1000) 4877, (1k-2k) 8, (2k-3k) 0, (3k-5k) 0, (5k-65534) 256, (65k) 0 
CBF freq dist: (1) 156, (1-100) 2755, (100-1000) 482, (1k-2k) 252, (2k-3k) 1, (3k-5k) 0, (5k-65534) 0, (65k) 0 
collected one batch of samples. pages to migrate = 298 
start promoting 35 pages
move page ret -1 
move page error: 12
got ENOMEM. trying against with 7 pages 
second promote attempt return -1
pages migrated: 455, lfu # items: 10032, lfu sample size: 5100000, samples: 5100000, node 0 mem 71644
CBF freq dist: (1) 105, (1-100) 4863, (100-1000) 4905, (1k-2k) 8, (2k-3k) 0, (3k-5k) 0, (5k-65534) 256, (65k) 0 
CBF freq dist: (1) 147, (1-100) 2692, (100-1000) 550, (1k-2k) 68, (2k-3k) 185, (3k-5k) 0, (5k-65534) 0, (65k) 0 
collected one batch of samples. pages to migrate = 320 
start promoting 56 pages
move page ret -1 
move page error: 12
got ENOMEM. trying against with 11 pages 
second promote attempt return -1
pages migrated: 455, lfu # items: 10051, lfu sample size: 5200000, samples: 5200000, node 0 mem 71872
CBF freq dist: (1) 105, (1-100) 4835, (100-1000) 4952, (1k-2k) 8, (2k-3k) 0, (3k-5k) 0, (5k-65534) 256, (65k) 0 
CBF freq dist: (1) 139, (1-100) 2603, (100-1000) 648, (1k-2k) 0, (2k-3k) 253, (3k-5k) 0, (5k-65534) 0, (65k) 0 
collected one batch of samples. pages to migrate = 311 
start promoting 49 pages
move page ret -1 
move page error: 12
got ENOMEM. trying against with 9 pages 
second promote attempt return -1
pages migrated: 455, lfu # items: 10070, lfu sample size: 5300000, samples: 5300000, node 0 mem 71872
CBF freq dist: (1) 106, (1-100) 4801, (100-1000) 5004, (1k-2k) 9, (2k-3k) 0, (3k-5k) 0, (5k-65534) 256, (65k) 0 
CBF freq dist: (1) 134, (1-100) 2522, (100-1000) 737, (1k-2k) 0, (2k-3k) 250, (3k-5k) 3, (5k-65534) 0, (65k) 0 
collected one batch of samples. pages to migrate = 344 
start promoting 61 pages
move page ret -1 
move page error: 12
got ENOMEM. trying against with 12 pages 
second promote attempt return -1
pages migrated: 455, lfu # items: 10093, lfu sample size: 5400000, samples: 5400000, node 0 mem 71872
CBF freq dist: (1) 97, (1-100) 4771, (100-1000) 5056, (1k-2k) 10, (2k-3k) 0, (3k-5k) 0, (5k-65534) 256, (65k) 0 
CBF freq dist: (1) 137, (1-100) 2459, (100-1000) 849, (1k-2k) 0, (2k-3k) 161, (3k-5k) 92, (5k-65534) 0, (65k) 0 
collected one batch of samples. pages to migrate = 318 
start promoting 51 pages
move page ret -1 
move page error: 12
got ENOMEM. trying against with 10 pages 
second promote attempt return -1
pages migrated: 455, lfu # items: 10117, lfu sample size: 5500000, samples: 5500000, node 0 mem 71960
CBF freq dist: (1) 97, (1-100) 4743, (100-1000) 5108, (1k-2k) 10, (2k-3k) 0, (3k-5k) 0, (5k-65534) 256, (65k) 0 
CBF freq dist: (1) 133, (1-100) 2383, (100-1000) 928, (1k-2k) 0, (2k-3k) -1, (3k-5k) 254, (5k-65534) 0, (65k) 0 
[DEBUG] Halving CBF counters.
collected one batch of samples. pages to migrate = 331 
start promoting 65 pages
move page ret 65 
move page error: 12
got ENOMEM. trying against with 13 pages 
second promote attempt return -1
pages migrated: 455, lfu # items: 10162, lfu sample size: 5600000, samples: 5600000, node 0 mem 71960
CBF freq dist: (1) 98, (1-100) 4710, (100-1000) 5185, (1k-2k) 11, (2k-3k) 0, (3k-5k) 0, (5k-65534) 256, (65k) 0 
CBF freq dist: (1) 74, (1-100) 2700, (100-1000) 491, (1k-2k) 225, (2k-3k) 28, (3k-5k) 0, (5k-65534) 0, (65k) 0 
collected one batch of samples. pages to migrate = 369 
start promoting 113 pages
move page ret -1 
move page error: 12
got ENOMEM. trying against with 22 pages 
second promote attempt return -1
pages migrated: 455, lfu # items: 10243, lfu sample size: 5700000, samples: 5700000, node 0 mem 71968
CBF freq dist: (1) 98, (1-100) 4673, (100-1000) 5301, (1k-2k) 13, (2k-3k) 0, (3k-5k) 0, (5k-65534) 256, (65k) 0 
CBF freq dist: (1) 50, (1-100) 2520, (100-1000) 689, (1k-2k) 4, (2k-3k) 249, (3k-5k) 0, (5k-65534) 0, (65k) 0 
collected one batch of samples. pages to migrate = 369 
start promoting 105 pages
move page ret -1 
move page error: 12
got ENOMEM. trying against with 21 pages 
second promote attempt return -1
pages migrated: 455, lfu # items: 10290, lfu sample size: 5800000, samples: 5800000, node 0 mem 71968
CBF freq dist: (1) 97, (1-100) 4611, (100-1000) 5409, (1k-2k) 14, (2k-3k) 0, (3k-5k) 0, (5k-65534) 256, (65k) 0 
CBF freq dist: (1) 34, (1-100) 2365, (100-1000) 854, (1k-2k) 0, (2k-3k) 253, (3k-5k) 0, (5k-65534) 0, (65k) 0 
num_perf_record_lost count 500
collected one batch of samples. pages to migrate = 327 
start promoting 62 pages
move page ret -1 
move page error: 12
got ENOMEM. trying against with 12 pages 
second promote attempt return -1
pages migrated: 455, lfu # items: 10313, lfu sample size: 5900000, samples: 5900000, node 0 mem 71968
CBF freq dist: (1) 95, (1-100) 4591, (100-1000) 5451, (1k-2k) 15, (2k-3k) 0, (3k-5k) 0, (5k-65534) 256, (65k) 0 
CBF freq dist: (1) 24, (1-100) 2287, (100-1000) 934, (1k-2k) 0, (2k-3k) 252, (3k-5k) 1, (5k-65534) 0, (65k) 0 
collected one batch of samples. pages to migrate = 292 
start promoting 30 pages
move page ret 30 
move page error: 12
got ENOMEM. trying against with 6 pages 
second promote attempt return -1
pages migrated: 455, lfu # items: 10333, lfu sample size: 6000000, samples: 6000000, node 0 mem 71968
CBF freq dist: (1) 95, (1-100) 4591, (100-1000) 5471, (1k-2k) 15, (2k-3k) 0, (3k-5k) 0, (5k-65534) 256, (65k) 0 
CBF freq dist: (1) 22, (1-100) 2254, (100-1000) 970, (1k-2k) 0, (2k-3k) 97, (3k-5k) 156, (5k-65534) 0, (65k) 0 
[DEBUG] Halving CBF counters.
collected one batch of samples. pages to migrate = 323 
start promoting 62 pages
move page ret 62 
move page error: 12
got ENOMEM. trying against with 12 pages 
second promote attempt return -1
pages migrated: 455, lfu # items: 10343, lfu sample size: 6100000, samples: 6100000, node 0 mem 71968
CBF freq dist: (1) 94, (1-100) 4566, (100-1000) 5506, (1k-2k) 15, (2k-3k) 0, (3k-5k) 0, (5k-65534) 256, (65k) 0 
CBF freq dist: (1) 57, (1-100) 2726, (100-1000) 490, (1k-2k) 250, (2k-3k) 3, (3k-5k) 0, (5k-65534) 0, (65k) 0 
collected one batch of samples. pages to migrate = 348 
start promoting 69 pages
move page ret -1 
move page error: 12
got ENOMEM. trying against with 13 pages 
second promote attempt return -1
pages migrated: 455, lfu # items: 10380, lfu sample size: 6200000, samples: 6200000, node 0 mem 72060
CBF freq dist: (1) 91, (1-100) 4546, (100-1000) 5559, (1k-2k) 19, (2k-3k) 0, (3k-5k) 0, (5k-65534) 256, (65k) 0 
CBF freq dist: (1) 13, (1-100) 2710, (100-1000) 615, (1k-2k) 160, (2k-3k) 93, (3k-5k) 0, (5k-65534) 0, (65k) 0 
collected one batch of samples. pages to migrate = 296 
start promoting 29 pages
move page ret 29 
move page error: 12
got ENOMEM. trying against with 5 pages 
second promote attempt return -1
pages migrated: 455, lfu # items: 10387, lfu sample size: 6300000, samples: 6300000, node 0 mem 72060
CBF freq dist: (1) 89, (1-100) 4524, (100-1000) 5588, (1k-2k) 19, (2k-3k) 0, (3k-5k) 0, (5k-65534) 256, (65k) 0 
CBF freq dist: (1) 11, (1-100) 2655, (100-1000) 674, (1k-2k) 2, (2k-3k) 251, (3k-5k) 0, (5k-65534) 0, (65k) 0 
collected one batch of samples. pages to migrate = 323 
start promoting 56 pages
move page ret -1 
move page error: 12
got ENOMEM. trying against with 11 pages 
second promote attempt return -1
pages migrated: 455, lfu # items: 10406, lfu sample size: 6400000, samples: 6400000, node 0 mem 72060
CBF freq dist: (1) 92, (1-100) 4499, (100-1000) 5631, (1k-2k) 20, (2k-3k) 0, (3k-5k) 0, (5k-65534) 256, (65k) 0 
CBF freq dist: (1) 2, (1-100) 2574, (100-1000) 759, (1k-2k) 2, (2k-3k) 250, (3k-5k) 1, (5k-65534) 0, (65k) 0 
collected one batch of samples. pages to migrate = 317 
start promoting 50 pages
move page ret -1 
move page error: 12
got ENOMEM. trying against with 10 pages 
second promote attempt return -1
pages migrated: 455, lfu # items: 10416, lfu sample size: 6500000, samples: 6500000, node 0 mem 70560
CBF freq dist: (1) 91, (1-100) 4469, (100-1000) 5670, (1k-2k) 20, (2k-3k) 1, (3k-5k) 0, (5k-65534) 256, (65k) 0 
CBF freq dist: (1) 2, (1-100) 2486, (100-1000) 854, (1k-2k) 2, (2k-3k) 174, (3k-5k) 77, (5k-65534) 0, (65k) 0 
collected one batch of samples. pages to migrate = 320 
start promoting 52 pages
move page ret -1 
move page error: 12
got ENOMEM. trying against with 10 pages 
second promote attempt return -1
pages migrated: 455, lfu # items: 10421, lfu sample size: 6600000, samples: 6600000, node 0 mem 70560
CBF freq dist: (1) 91, (1-100) 4434, (100-1000) 5710, (1k-2k) 20, (2k-3k) 1, (3k-5k) 0, (5k-65534) 256, (65k) 0 
CBF freq dist: (1) -4, (1-100) 2404, (100-1000) 938, (1k-2k) 2, (2k-3k) -2, (3k-5k) 253, (5k-65534) 0, (65k) 0 
[DEBUG] Halving CBF counters.
collected one batch of samples. pages to migrate = 309 
start promoting 42 pages
move page ret -1 
move page error: 12
got ENOMEM. trying against with 8 pages 
second promote attempt return -1
pages migrated: 455, lfu # items: 10431, lfu sample size: 6700000, samples: 6700000, node 0 mem 70560
CBF freq dist: (1) 92, (1-100) 4413, (100-1000) 5739, (1k-2k) 22, (2k-3k) 1, (3k-5k) 0, (5k-65534) 256, (65k) 0 
CBF freq dist: (1) 151, (1-100) 2915, (100-1000) 442, (1k-2k) 209, (2k-3k) 42, (3k-5k) 0, (5k-65534) 0, (65k) 0 
collected one batch of samples. pages to migrate = 296 
start promoting 31 pages
move page ret 31 
move page error: 12
got ENOMEM. trying against with 6 pages 
second promote attempt return -1
pages migrated: 455, lfu # items: 10440, lfu sample size: 6800000, samples: 6800000, node 0 mem 70560
CBF freq dist: (1) 90, (1-100) 4405, (100-1000) 5753, (1k-2k) 25, (2k-3k) 1, (3k-5k) 0, (5k-65534) 256, (65k) 0 
CBF freq dist: (1) 144, (1-100) 2863, (100-1000) 503, (1k-2k) -1, (2k-3k) 252, (3k-5k) 0, (5k-65534) 0, (65k) 0 
collected one batch of samples. pages to migrate = 322 
start promoting 57 pages
move page ret 57 
move page error: 12
got ENOMEM. trying against with 11 pages 
second promote attempt return -1
pages migrated: 455, lfu # items: 10460, lfu sample size: 6900000, samples: 6900000, node 0 mem 70560
CBF freq dist: (1) 92, (1-100) 4388, (100-1000) 5788, (1k-2k) 27, (2k-3k) 1, (3k-5k) 0, (5k-65534) 256, (65k) 0 
CBF freq dist: (1) 136, (1-100) 2783, (100-1000) 590, (1k-2k) -1, (2k-3k) 251, (3k-5k) 1, (5k-65534) 0, (65k) 0 
collected one batch of samples. pages to migrate = 345 
start promoting 77 pages
move page ret -1 
move page error: 12
got ENOMEM. trying against with 15 pages 
second promote attempt return -1
pages migrated: 455, lfu # items: 10486, lfu sample size: 7000000, samples: 7000000, node 0 mem 70560
CBF freq dist: (1) 98, (1-100) 4353, (100-1000) 5849, (1k-2k) 27, (2k-3k) 1, (3k-5k) 0, (5k-65534) 256, (65k) 0 
CBF freq dist: (1) 128, (1-100) 2663, (100-1000) 723, (1k-2k) -1, (2k-3k) 239, (3k-5k) 13, (5k-65534) 0, (65k) 0 
collected one batch of samples. pages to migrate = 304 
start promoting 33 pages
move page ret 33 
move page error: 12
got ENOMEM. trying against with 6 pages 
second promote attempt return -1
pages migrated: 455, lfu # items: 10504, lfu sample size: 7100000, samples: 7100000, node 0 mem 70560
CBF freq dist: (1) 99, (1-100) 4331, (100-1000) 5887, (1k-2k) 29, (2k-3k) 1, (3k-5k) 0, (5k-65534) 256, (65k) 0 
CBF freq dist: (1) 118, (1-100) 2603, (100-1000) 788, (1k-2k) -1, (2k-3k) 3, (3k-5k) 249, (5k-65534) 0, (65k) 0 
num_perf_record_lost count 600
[DEBUG] Halving CBF counters.
collected one batch of samples. pages to migrate = 313 
start promoting 42 pages
move page ret 42 
move page error: 12
got ENOMEM. trying against with 8 pages 
second promote attempt return -1
pages migrated: 455, lfu # items: 10515, lfu sample size: 7200000, samples: 7200000, node 0 mem 70560
CBF freq dist: (1) 99, (1-100) 4294, (100-1000) 5934, (1k-2k) 30, (2k-3k) 1, (3k-5k) 0, (5k-65534) 256, (65k) 0 
CBF freq dist: (1) 194, (1-100) 2914, (100-1000) 369, (1k-2k) 248, (2k-3k) 4, (3k-5k) 0, (5k-65534) 0, (65k) 0 
collected one batch of samples. pages to migrate = 328 
start promoting 61 pages
move page ret -1 
move page error: 12
got ENOMEM. trying against with 12 pages 
second promote attempt return -1
pages migrated: 455, lfu # items: 10533, lfu sample size: 7300000, samples: 7300000, node 0 mem 70560
CBF freq dist: (1) 107, (1-100) 4269, (100-1000) 5975, (1k-2k) 32, (2k-3k) 1, (3k-5k) 0, (5k-65534) 256, (65k) 0 
CBF freq dist: (1) 188, (1-100) 2825, (100-1000) 472, (1k-2k) 47, (2k-3k) 205, (3k-5k) 0, (5k-65534) 0, (65k) 0 
collected one batch of samples. pages to migrate = 337 
start promoting 68 pages
move page ret -1 
move page error: 12
got ENOMEM. trying against with 13 pages 
second promote attempt return -1
pages migrated: 455, lfu # items: 10543, lfu sample size: 7400000, samples: 7400000, node 0 mem 70560
CBF freq dist: (1) 107, (1-100) 4240, (100-1000) 6014, (1k-2k) 32, (2k-3k) 1, (3k-5k) 0, (5k-65534) 256, (65k) 0 
CBF freq dist: (1) 178, (1-100) 2734, (100-1000) 583, (1k-2k) -1, (2k-3k) 253, (3k-5k) 0, (5k-65534) 0, (65k) 0 
collected one batch of samples. pages to migrate = 303 
start promoting 34 pages
move page ret 34 
move page error: 12
got ENOMEM. trying against with 6 pages 
second promote attempt return -1
pages migrated: 455, lfu # items: 10551, lfu sample size: 7500000, samples: 7500000, node 0 mem 70640
CBF freq dist: (1) 107, (1-100) 4218, (100-1000) 6041, (1k-2k) 35, (2k-3k) 1, (3k-5k) 0, (5k-65534) 256, (65k) 0 
CBF freq dist: (1) 170, (1-100) 2676, (100-1000) 652, (1k-2k) -1, (2k-3k) 249, (3k-5k) 4, (5k-65534) 0, (65k) 0 
collected one batch of samples. pages to migrate = 327 
start promoting 61 pages
move page ret 61 
move page error: 12
got ENOMEM. trying against with 12 pages 
second promote attempt return -1
pages migrated: 455, lfu # items: 10557, lfu sample size: 7600000, samples: 7600000, node 0 mem 70640
CBF freq dist: (1) 107, (1-100) 4191, (100-1000) 6074, (1k-2k) 35, (2k-3k) 1, (3k-5k) 0, (5k-65534) 256, (65k) 0 
CBF freq dist: (1) 157, (1-100) 2590, (100-1000) 752, (1k-2k) -1, (2k-3k) 130, (3k-5k) 123, (5k-65534) 0, (65k) 0 
collected one batch of samples. pages to migrate = 357 
start promoting 101 pages
move page ret -1 
move page error: 12
got ENOMEM. trying against with 20 pages 
second promote attempt return -1
pages migrated: 455, lfu # items: 10572, lfu sample size: 7700000, samples: 7700000, node 0 mem 70640
CBF freq dist: (1) 104, (1-100) 4153, (100-1000) 6124, (1k-2k) 38, (2k-3k) 1, (3k-5k) 0, (5k-65534) 256, (65k) 0 
CBF freq dist: (1) 140, (1-100) 2454, (100-1000) 896, (1k-2k) -1, (2k-3k) 0, (3k-5k) 253, (5k-65534) 0, (65k) 0 
[DEBUG] Halving CBF counters.
collected one batch of samples. pages to migrate = 351 
start promoting 83 pages
move page ret -1 
move page error: 12
got ENOMEM. trying against with 16 pages 
second promote attempt return -1
pages migrated: 455, lfu # items: 10595, lfu sample size: 7800000, samples: 7800000, node 0 mem 70640
CBF freq dist: (1) 94, (1-100) 4098, (100-1000) 6199, (1k-2k) 41, (2k-3k) 1, (3k-5k) 0, (5k-65534) 256, (65k) 0 
CBF freq dist: (1) 79, (1-100) 2769, (100-1000) 543, (1k-2k) 240, (2k-3k) 13, (3k-5k) 0, (5k-65534) 0, (65k) 0 
collected one batch of samples. pages to migrate = 314 
start promoting 52 pages
move page ret -1 
move page error: 12
got ENOMEM. trying against with 10 pages 
second promote attempt return -1
pages migrated: 455, lfu # items: 10621, lfu sample size: 7900000, samples: 7900000, node 0 mem 70640
CBF freq dist: (1) 101, (1-100) 4095, (100-1000) 6225, (1k-2k) 44, (2k-3k) 1, (3k-5k) 0, (5k-65534) 256, (65k) 0 
CBF freq dist: (1) 77, (1-100) 2696, (100-1000) 622, (1k-2k) 1, (2k-3k) 252, (3k-5k) 0, (5k-65534) 0, (65k) 0 
collected one batch of samples. pages to migrate = 338 
start promoting 75 pages
move page ret -1 
move page error: 12
got ENOMEM. trying against with 15 pages 
second promote attempt return -1
pages migrated: 455, lfu # items: 10635, lfu sample size: 8000000, samples: 8000000, node 0 mem 70640
CBF freq dist: (1) 99, (1-100) 4064, (100-1000) 6269, (1k-2k) 45, (2k-3k) 1, (3k-5k) 0, (5k-65534) 256, (65k) 0 
CBF freq dist: (1) 66, (1-100) 2583, (100-1000) 742, (1k-2k) 0, (2k-3k) 252, (3k-5k) 1, (5k-65534) 0, (65k) 0 
collected one batch of samples. pages to migrate = 287 
start promoting 15 pages
move page ret 15 
move page error: 12
got ENOMEM. trying against with 3 pages 
second promote attempt return -1
pages migrated: 455, lfu # items: 10649, lfu sample size: 8100000, samples: 8100000, node 0 mem 70640
CBF freq dist: (1) 101, (1-100) 4065, (100-1000) 6282, (1k-2k) 45, (2k-3k) 1, (3k-5k) 0, (5k-65534) 256, (65k) 0 
CBF freq dist: (1) 53, (1-100) 2551, (100-1000) 791, (1k-2k) 0, (2k-3k) 239, (3k-5k) 14, (5k-65534) 0, (65k) 0 
collected one batch of samples. pages to migrate = 297 
start promoting 24 pages
move page ret 24 
move page error: 12
got ENOMEM. trying against with 4 pages 
second promote attempt return -1
pages migrated: 455, lfu # items: 10661, lfu sample size: 8200000, samples: 8200000, node 0 mem 70640
CBF freq dist: (1) 99, (1-100) 4067, (100-1000) 6290, (1k-2k) 47, (2k-3k) 1, (3k-5k) 0, (5k-65534) 256, (65k) 0 
CBF freq dist: (1) 50, (1-100) 2515, (100-1000) 833, (1k-2k) 0, (2k-3k) 6, (3k-5k) 247, (5k-65534) 0, (65k) 0 
[DEBUG] Halving CBF counters.
collected one batch of samples. pages to migrate = 305 
start promoting 32 pages
move page ret -1 
move page error: 12
got ENOMEM. trying against with 6 pages 
second promote attempt return -1
pages migrated: 455, lfu # items: 10662, lfu sample size: 8300000, samples: 8300000, node 0 mem 70640
CBF freq dist: (1) 100, (1-100) 4050, (100-1000) 6308, (1k-2k) 47, (2k-3k) 1, (3k-5k) 0, (5k-65534) 256, (65k) 0 
CBF freq dist: (1) 163, (1-100) 2951, (100-1000) 355, (1k-2k) 244, (2k-3k) 9, (3k-5k) 0, (5k-65534) 0, (65k) 0 
collected one batch of samples. pages to migrate = 300 
start promoting 35 pages
move page ret 35 
move page error: 12
got ENOMEM. trying against with 7 pages 
second promote attempt return -1
pages migrated: 455, lfu # items: 10669, lfu sample size: 8400000, samples: 8400000, node 0 mem 70640
CBF freq dist: (1) 100, (1-100) 4039, (100-1000) 6325, (1k-2k) 48, (2k-3k) 1, (3k-5k) 0, (5k-65534) 256, (65k) 0 
CBF freq dist: (1) 153, (1-100) 2897, (100-1000) 420, (1k-2k) 7, (2k-3k) 246, (3k-5k) 0, (5k-65534) 0, (65k) 0 
num_perf_record_lost count 700
collected one batch of samples. pages to migrate = 312 
start promoting 44 pages
move page ret -1 
move page error: 12
got ENOMEM. trying against with 8 pages 
second promote attempt return -1
pages migrated: 455, lfu # items: 10673, lfu sample size: 8500000, samples: 8500000, node 0 mem 70640
CBF freq dist: (1) 100, (1-100) 4012, (100-1000) 6354, (1k-2k) 50, (2k-3k) 1, (3k-5k) 0, (5k-65534) 256, (65k) 0 
CBF freq dist: (1) 132, (1-100) 2823, (100-1000) 509, (1k-2k) -3, (2k-3k) 256, (3k-5k) 0, (5k-65534) 0, (65k) 0 
collected one batch of samples. pages to migrate = 301 
start promoting 31 pages
move page ret 31 
move page error: 12
got ENOMEM. trying against with 6 pages 
second promote attempt return -1
pages migrated: 455, lfu # items: 10678, lfu sample size: 8600000, samples: 8600000, node 0 mem 70640
CBF freq dist: (1) 100, (1-100) 3999, (100-1000) 6372, (1k-2k) 50, (2k-3k) 1, (3k-5k) 0, (5k-65534) 256, (65k) 0 
CBF freq dist: (1) 119, (1-100) 2768, (100-1000) 571, (1k-2k) -3, (2k-3k) 243, (3k-5k) 13, (5k-65534) 0, (65k) 0 
collected one batch of samples. pages to migrate = 316 
start promoting 47 pages
move page ret -1 
move page error: 12
got ENOMEM. trying against with 9 pages 
second promote attempt return -1
pages migrated: 455, lfu # items: 10686, lfu sample size: 8700000, samples: 8700000, node 0 mem 70640
CBF freq dist: (1) 99, (1-100) 3974, (100-1000) 6403, (1k-2k) 52, (2k-3k) 1, (3k-5k) 0, (5k-65534) 256, (65k) 0 
CBF freq dist: (1) 107, (1-100) 2689, (100-1000) 658, (1k-2k) -3, (2k-3k) 56, (3k-5k) 200, (5k-65534) 0, (65k) 0 
collected one batch of samples. pages to migrate = 289 
start promoting 20 pages
move page ret -1 
move page error: 12
got ENOMEM. trying against with 4 pages 
second promote attempt return -1
pages migrated: 455, lfu # items: 10690, lfu sample size: 8800000, samples: 8800000, node 0 mem 69296
CBF freq dist: (1) 98, (1-100) 3965, (100-1000) 6416, (1k-2k) 52, (2k-3k) 1, (3k-5k) 0, (5k-65534) 256, (65k) 0 
CBF freq dist: (1) 102, (1-100) 2647, (100-1000) 708, (1k-2k) -3, (2k-3k) 6, (3k-5k) 250, (5k-65534) 0, (65k) 0 
[DEBUG] Halving CBF counters.
collected one batch of samples. pages to migrate = 308 
start promoting 36 pages
move page ret -1 
move page error: 12
got ENOMEM. trying against with 7 pages 
second promote attempt return -1
pages migrated: 455, lfu # items: 10695, lfu sample size: 8900000, samples: 8900000, node 0 mem 69076
CBF freq dist: (1) 99, (1-100) 3944, (100-1000) 6442, (1k-2k) 52, (2k-3k) 1, (3k-5k) 0, (5k-65534) 256, (65k) 0 
CBF freq dist: (1) 208, (1-100) 3030, (100-1000) 308, (1k-2k) 62, (2k-3k) 194, (3k-5k) 0, (5k-65534) 0, (65k) 0 
collected one batch of samples. pages to migrate = 311 
start promoting 42 pages
move page ret -1 
move page error: 12
got ENOMEM. trying against with 8 pages 
second promote attempt return -1
pages migrated: 455, lfu # items: 10698, lfu sample size: 9000000, samples: 9000000, node 0 mem 69076
CBF freq dist: (1) 98, (1-100) 3927, (100-1000) 6458, (1k-2k) 56, (2k-3k) 1, (3k-5k) 0, (5k-65534) 256, (65k) 0 
CBF freq dist: (1) 178, (1-100) 2988, (100-1000) 391, (1k-2k) 4, (2k-3k) 252, (3k-5k) 0, (5k-65534) 0, (65k) 0 
collected one batch of samples. pages to migrate = 315 
start promoting 44 pages
move page ret -1 
move page error: 12
got ENOMEM. trying against with 8 pages 
second promote attempt return -1
pages migrated: 455, lfu # items: 10702, lfu sample size: 9100000, samples: 9100000, node 0 mem 69076
CBF freq dist: (1) 99, (1-100) 3899, (100-1000) 6486, (1k-2k) 60, (2k-3k) 1, (3k-5k) 0, (5k-65534) 256, (65k) 0 
CBF freq dist: (1) 172, (1-100) 2913, (100-1000) 477, (1k-2k) 4, (2k-3k) 251, (3k-5k) 1, (5k-65534) 0, (65k) 0 
collected one batch of samples. pages to migrate = 323 
start promoting 53 pages
move page ret 53 
move page error: 12
got ENOMEM. trying against with 10 pages 
second promote attempt return -1
pages migrated: 455, lfu # items: 10706, lfu sample size: 9200000, samples: 9200000, node 0 mem 69076
CBF freq dist: (1) 97, (1-100) 3877, (100-1000) 6510, (1k-2k) 62, (2k-3k) 1, (3k-5k) 0, (5k-65534) 256, (65k) 0 
CBF freq dist: (1) 170, (1-100) 2839, (100-1000) 564, (1k-2k) 5, (2k-3k) 150, (3k-5k) 102, (5k-65534) 0, (65k) 0 
collected one batch of samples. pages to migrate = 340 
start promoting 71 pages
move page ret 71 
move page error: 12
got ENOMEM. trying against with 14 pages 
second promote attempt return -1
pages migrated: 455, lfu # items: 10716, lfu sample size: 9300000, samples: 9300000, node 0 mem 69076
CBF freq dist: (1) 96, (1-100) 3836, (100-1000) 6555, (1k-2k) 68, (2k-3k) 1, (3k-5k) 0, (5k-65534) 256, (65k) 0 
CBF freq dist: (1) 152, (1-100) 2731, (100-1000) 690, (1k-2k) 5, (2k-3k) -2, (3k-5k) 254, (5k-65534) 0, (65k) 0 
[DEBUG] Halving CBF counters.
collected one batch of samples. pages to migrate = 338 
start promoting 64 pages
move page ret -1 
move page error: 12
got ENOMEM. trying against with 12 pages 
second promote attempt return -1
pages migrated: 455, lfu # items: 10731, lfu sample size: 9400000, samples: 9400000, node 0 mem 69076
CBF freq dist: (1) 95, (1-100) 3793, (100-1000) 6610, (1k-2k) 70, (2k-3k) 2, (3k-5k) 0, (5k-65534) 256, (65k) 0 
CBF freq dist: (1) 218, (1-100) 2907, (100-1000) 397, (1k-2k) 248, (2k-3k) 4, (3k-5k) 0, (5k-65534) 0, (65k) 0 
collected one batch of samples. pages to migrate = 357 
start promoting 92 pages
move page ret -1 
move page error: 12
got ENOMEM. trying against with 18 pages 
second promote attempt return -1
pages migrated: 455, lfu # items: 10741, lfu sample size: 9500000, samples: 9500000, node 0 mem 69076
CBF freq dist: (1) 94, (1-100) 3757, (100-1000) 6651, (1k-2k) 75, (2k-3k) 2, (3k-5k) 0, (5k-65534) 256, (65k) 0 
CBF freq dist: (1) 200, (1-100) 2774, (100-1000) 542, (1k-2k) 101, (2k-3k) 151, (3k-5k) 0, (5k-65534) 0, (65k) 0 
collected one batch of samples. pages to migrate = 339 
start promoting 83 pages
move page ret -1 
move page error: 12
got ENOMEM. trying against with 16 pages 
second promote attempt return -1
pages migrated: 455, lfu # items: 10748, lfu sample size: 9600000, samples: 9600000, node 0 mem 69076
CBF freq dist: (1) 94, (1-100) 3714, (100-1000) 6694, (1k-2k) 82, (2k-3k) 2, (3k-5k) 0, (5k-65534) 256, (65k) 0 
CBF freq dist: (1) 180, (1-100) 2645, (100-1000) 696, (1k-2k) -2, (2k-3k) 254, (3k-5k) 0, (5k-65534) 0, (65k) 0 
num_perf_record_lost count 800
collected one batch of samples. pages to migrate = 359 
start promoting 87 pages
move page ret -1 
move page error: 12
got ENOMEM. trying against with 17 pages 
second promote attempt return -1
pages migrated: 455, lfu # items: 10755, lfu sample size: 9700000, samples: 9700000, node 0 mem 69080
CBF freq dist: (1) 94, (1-100) 3686, (100-1000) 6724, (1k-2k) 86, (2k-3k) 3, (3k-5k) 0, (5k-65534) 256, (65k) 0 
CBF freq dist: (1) 158, (1-100) 2521, (100-1000) 836, (1k-2k) -2, (2k-3k) 253, (3k-5k) 1, (5k-65534) 0, (65k) 0 
collected one batch of samples. pages to migrate = 361 
start promoting 87 pages
move page ret -1 
move page error: 12
got ENOMEM. trying against with 17 pages 
second promote attempt return -1
pages migrated: 455, lfu # items: 10762, lfu sample size: 9800000, samples: 9800000, node 0 mem 69080
CBF freq dist: (1) 95, (1-100) 3644, (100-1000) 6771, (1k-2k) 88, (2k-3k) 2, (3k-5k) 1, (5k-65534) 256, (65k) 0 
CBF freq dist: (1) 150, (1-100) 2406, (100-1000) 960, (1k-2k) -2, (2k-3k) 237, (3k-5k) 17, (5k-65534) 0, (65k) 0 
collected one batch of samples. pages to migrate = 342 
start promoting 45 pages
move page ret -1 
move page error: 12
got ENOMEM. trying against with 9 pages 
second promote attempt return -1
pages migrated: 455, lfu # items: 10768, lfu sample size: 9900000, samples: 9900000, node 0 mem 69080
CBF freq dist: (1) 94, (1-100) 3630, (100-1000) 6790, (1k-2k) 89, (2k-3k) 2, (3k-5k) 1, (5k-65534) 256, (65k) 0 
CBF freq dist: (1) 159, (1-100) 2395, (100-1000) 1024, (1k-2k) -2, (2k-3k) 23, (3k-5k) 231, (5k-65534) 0, (65k) 0 
[DEBUG] Number of hot pages promoted in 50 batches = 0 
[DEBUG] Halving CBF counters.
collected one batch of samples. pages to migrate = 331 
start promoting 55 pages
move page ret 55 
move page error: 12
got ENOMEM. trying against with 11 pages 
second promote attempt return -1
pages migrated: 455, lfu # items: 10776, lfu sample size: 10000000, samples: 10000000, node 0 mem 69096
CBF freq dist: (1) 93, (1-100) 3606, (100-1000) 6822, (1k-2k) 89, (2k-3k) 2, (3k-5k) 1, (5k-65534) 256, (65k) 0 
CBF freq dist: (1) 109, (1-100) 2736, (100-1000) 538, (1k-2k) 237, (2k-3k) 17, (3k-5k) 0, (5k-65534) 0, (65k) 0 
collected one batch of samples. pages to migrate = 359 
start promoting 88 pages
Trial Time:          29.11368
move page ret 45 
move page error: 12
got ENOMEM. trying against with 17 pages 
second promote attempt return 0
pages migrated: 455, lfu # items: 10786, lfu sample size: 10100000, samples: 10100000, node 0 mem 176496
CBF freq dist: (1) 93, (1-100) 3577, (100-1000) 6854, (1k-2k) 96, (2k-3k) 2, (3k-5k) 1, (5k-65534) 256, (65k) 0 
CBF freq dist: (1) 96, (1-100) 2613, (100-1000) 679, (1k-2k) 4, (2k-3k) 250, (3k-5k) 0, (5k-65534) 0, (65k) 0 
collected one batch of samples. pages to migrate = 409 
start promoting 250 pages
move page ret 249 
move page error: 12
got ENOMEM. trying against with 50 pages 
second promote attempt return 0
pages migrated: 455, lfu # items: 10794, lfu sample size: 10200000, samples: 10200000, node 0 mem 75108
CBF freq dist: (1) 94, (1-100) 3524, (100-1000) 6913, (1k-2k) 98, (2k-3k) 2, (3k-5k) 1, (5k-65534) 256, (65k) 0 
CBF freq dist: (1) 81, (1-100) 2532, (100-1000) 767, (1k-2k) 0, (2k-3k) 253, (3k-5k) 1, (5k-65534) 0, (65k) 0 
collected one batch of samples. pages to migrate = 391 
start promoting 121 pages
move page ret -1 
move page error: 12
got ENOMEM. trying against with 24 pages 
second promote attempt return -1
pages migrated: 455, lfu # items: 10818, lfu sample size: 10300000, samples: 10300000, node 0 mem 75108
CBF freq dist: (1) 101, (1-100) 3532, (100-1000) 6929, (1k-2k) 98, (2k-3k) 2, (3k-5k) 1, (5k-65534) 256, (65k) 0 
CBF freq dist: (1) 76, (1-100) 2510, (100-1000) 803, (1k-2k) 0, (2k-3k) 197, (3k-5k) 57, (5k-65534) 0, (65k) 0 
collected one batch of samples. pages to migrate = 341 
start promoting 70 pages
move page ret -1 
move page error: 12
got ENOMEM. trying against with 14 pages 
second promote attempt return -1
pages migrated: 455, lfu # items: 10819, lfu sample size: 10400000, samples: 10400000, node 0 mem 75108
CBF freq dist: (1) 100, (1-100) 3523, (100-1000) 6937, (1k-2k) 100, (2k-3k) 2, (3k-5k) 1, (5k-65534) 256, (65k) 0 
CBF freq dist: (1) 73, (1-100) 2491, (100-1000) 830, (1k-2k) 0, (2k-3k) 112, (3k-5k) 142, (5k-65534) 0, (65k) 0 
[DEBUG] Halving CBF counters.
collected one batch of samples. pages to migrate = 264 
start promoting 61 pages
move page ret -1 
move page error: 12
got ENOMEM. trying against with 12 pages 
second promote attempt return -1
pages migrated: 455, lfu # items: 10820, lfu sample size: 10500000, samples: 10500000, node 0 mem 75108
CBF freq dist: (1) 100, (1-100) 3516, (100-1000) 6945, (1k-2k) 100, (2k-3k) 2, (3k-5k) 1, (5k-65534) 256, (65k) 0 
CBF freq dist: (1) 136, (1-100) 2965, (100-1000) 290, (1k-2k) 198, (2k-3k) 56, (3k-5k) 0, (5k-65534) 0, (65k) 0 
collected one batch of samples. pages to migrate = 280 
start promoting 64 pages
move page ret -1 
move page error: 12
got ENOMEM. trying against with 12 pages 
second promote attempt return -1
pages migrated: 455, lfu # items: 10821, lfu sample size: 10600000, samples: 10600000, node 0 mem 75108
CBF freq dist: (1) 100, (1-100) 3508, (100-1000) 6953, (1k-2k) 101, (2k-3k) 2, (3k-5k) 1, (5k-65534) 256, (65k) 0 
CBF freq dist: (1) 131, (1-100) 2942, (100-1000) 325, (1k-2k) 96, (2k-3k) 139, (3k-5k) 19, (5k-65534) 0, (65k) 0 
collected one batch of samples. pages to migrate = 277 
start promoting 62 pages
move page ret -1 
move page error: 12
got ENOMEM. trying against with 12 pages 
second promote attempt return -1
pages migrated: 455, lfu # items: 10822, lfu sample size: 10700000, samples: 10700000, node 0 mem 74552
CBF freq dist: (1) 100, (1-100) 3505, (100-1000) 6957, (1k-2k) 101, (2k-3k) 2, (3k-5k) 1, (5k-65534) 256, (65k) 0 
CBF freq dist: (1) 124, (1-100) 2911, (100-1000) 361, (1k-2k) -1, (2k-3k) 201, (3k-5k) 54, (5k-65534) 0, (65k) 0 
collected one batch of samples. pages to migrate = 277 
start promoting 63 pages
move page ret -1 
move page error: 12
got ENOMEM. trying against with 12 pages 
second promote attempt return -1
pages migrated: 455, lfu # items: 10825, lfu sample size: 10800000, samples: 10800000, node 0 mem 74552
CBF freq dist: (1) 100, (1-100) 3500, (100-1000) 6964, (1k-2k) 101, (2k-3k) 3, (3k-5k) 1, (5k-65534) 256, (65k) 0 
CBF freq dist: (1) 123, (1-100) 2883, (100-1000) 395, (1k-2k) 0, (2k-3k) 199, (3k-5k) 56, (5k-65534) 0, (65k) 0 
collected one batch of samples. pages to migrate = 277 
start promoting 65 pages
move page ret -1 
move page error: 12
got ENOMEM. trying against with 13 pages 
second promote attempt return -1
pages migrated: 455, lfu # items: 10826, lfu sample size: 10900000, samples: 10900000, node 0 mem 74552
CBF freq dist: (1) 100, (1-100) 3491, (100-1000) 6973, (1k-2k) 102, (2k-3k) 3, (3k-5k) 1, (5k-65534) 256, (65k) 0 
CBF freq dist: (1) 116, (1-100) 2865, (100-1000) 420, (1k-2k) 0, (2k-3k) 119, (3k-5k) 136, (5k-65534) 0, (65k) 0 
collected one batch of samples. pages to migrate = 276 
start promoting 65 pages
move page ret -1 
move page error: 12
got ENOMEM. trying against with 13 pages 
second promote attempt return -1
pages migrated: 455, lfu # items: 10826, lfu sample size: 11000000, samples: 11000000, node 0 mem 74552
CBF freq dist: (1) 100, (1-100) 3485, (100-1000) 6975, (1k-2k) 106, (2k-3k) 3, (3k-5k) 1, (5k-65534) 256, (65k) 0 
CBF freq dist: (1) 111, (1-100) 2842, (100-1000) 447, (1k-2k) 0, (2k-3k) 1, (3k-5k) 209, (5k-65534) 45, (65k) 0 
[DEBUG] Halving CBF counters.
collected one batch of samples. pages to migrate = 265 
start promoting 57 pages
move page ret -1 
move page error: 12
got ENOMEM. trying against with 11 pages 
second promote attempt return -1
pages migrated: 455, lfu # items: 10828, lfu sample size: 11100000, samples: 11100000, node 0 mem 74552
CBF freq dist: (1) 100, (1-100) 3481, (100-1000) 6981, (1k-2k) 106, (2k-3k) 2, (3k-5k) 2, (5k-65534) 256, (65k) 0 
CBF freq dist: (1) 214, (1-100) 3086, (100-1000) 97, (1k-2k) 138, (2k-3k) 72, (3k-5k) 45, (5k-65534) 0, (65k) 0 
collected one batch of samples. pages to migrate = 267 
start promoting 58 pages
move page ret -1 
move page error: 12
got ENOMEM. trying against with 11 pages 
second promote attempt return -1
pages migrated: 455, lfu # items: 10831, lfu sample size: 11200000, samples: 11200000, node 0 mem 74552
CBF freq dist: (1) 100, (1-100) 3478, (100-1000) 6987, (1k-2k) 106, (2k-3k) 2, (3k-5k) 2, (5k-65534) 256, (65k) 0 
CBF freq dist: (1) 205, (1-100) 3066, (100-1000) 127, (1k-2k) 3, (2k-3k) 199, (3k-5k) 54, (5k-65534) 0, (65k) 0 
collected one batch of samples. pages to migrate = 280 
start promoting 62 pages
move page ret -1 
move page error: 12
got ENOMEM. trying against with 12 pages 
second promote attempt return -1
pages migrated: 455, lfu # items: 10831, lfu sample size: 11300000, samples: 11300000, node 0 mem 74552
CBF freq dist: (1) 100, (1-100) 3473, (100-1000) 6991, (1k-2k) 107, (2k-3k) 2, (3k-5k) 2, (5k-65534) 256, (65k) 0 
CBF freq dist: (1) 256, (1-100) 3167, (100-1000) 154, (1k-2k) 3, (2k-3k) 199, (3k-5k) 54, (5k-65534) 0, (65k) 0 
collected one batch of samples. pages to migrate = 273 
start promoting 59 pages
move page ret -1 
move page error: 12
got ENOMEM. trying against with 11 pages 
second promote attempt return -1
pages migrated: 455, lfu # items: 10831, lfu sample size: 11400000, samples: 11400000, node 0 mem 74552
CBF freq dist: (1) 100, (1-100) 3466, (100-1000) 6997, (1k-2k) 108, (2k-3k) 2, (3k-5k) 2, (5k-65534) 256, (65k) 0 
CBF freq dist: (1) 252, (1-100) 3145, (100-1000) 179, (1k-2k) 3, (2k-3k) 149, (3k-5k) 101, (5k-65534) 4, (65k) 0 
collected one batch of samples. pages to migrate = 277 
start promoting 59 pages
move page ret -1 
move page error: 12
got ENOMEM. trying against with 11 pages 
second promote attempt return -1
pages migrated: 455, lfu # items: 10831, lfu sample size: 11500000, samples: 11500000, node 0 mem 74552
CBF freq dist: (1) 100, (1-100) 3460, (100-1000) 7002, (1k-2k) 108, (2k-3k) 3, (3k-5k) 2, (5k-65534) 256, (65k) 0 
CBF freq dist: (1) 247, (1-100) 3131, (100-1000) 198, (1k-2k) 4, (2k-3k) 1, (3k-5k) 201, (5k-65534) 52, (65k) 0 
[DEBUG] Halving CBF counters.
collected one batch of samples. pages to migrate = 290 
start promoting 65 pages
move page ret -1 
move page error: 12
got ENOMEM. trying against with 13 pages 
second promote attempt return -1
pages migrated: 455, lfu # items: 10833, lfu sample size: 11600000, samples: 11600000, node 0 mem 74552
CBF freq dist: (1) 98, (1-100) 3450, (100-1000) 7010, (1k-2k) 112, (2k-3k) 3, (3k-5k) 2, (5k-65534) 256, (65k) 0 
CBF freq dist: (1) 213, (1-100) 3090, (100-1000) 44, (1k-2k) 191, (2k-3k) 10, (3k-5k) 53, (5k-65534) 0, (65k) 0 
collected one batch of samples. pages to migrate = 268 
start promoting 60 pages
move page ret -1 
move page error: 12
got ENOMEM. trying against with 12 pages 
second promote attempt return -1
pages migrated: 455, lfu # items: 10833, lfu sample size: 11700000, samples: 11700000, node 0 mem 74552
CBF freq dist: (1) 98, (1-100) 3446, (100-1000) 7014, (1k-2k) 112, (2k-3k) 3, (3k-5k) 1, (5k-65534) 257, (65k) 0 
CBF freq dist: (1) 210, (1-100) 3079, (100-1000) 63, (1k-2k) 12, (2k-3k) 188, (3k-5k) 54, (5k-65534) 0, (65k) 0 
collected one batch of samples. pages to migrate = 281 
start promoting 61 pages
move page ret -1 
move page error: 12
got ENOMEM. trying against with 12 pages 
second promote attempt return -1
pages migrated: 455, lfu # items: 10834, lfu sample size: 11800000, samples: 11800000, node 0 mem 74552
CBF freq dist: (1) 97, (1-100) 3440, (100-1000) 7021, (1k-2k) 111, (2k-3k) 4, (3k-5k) 1, (5k-65534) 257, (65k) 0 
CBF freq dist: (1) 195, (1-100) 3074, (100-1000) 89, (1k-2k) 0, (2k-3k) 201, (3k-5k) 54, (5k-65534) 0, (65k) 0 
collected one batch of samples. pages to migrate = 283 
start promoting 60 pages
move page ret -1 
move page error: 12
got ENOMEM. trying against with 12 pages 
second promote attempt return -1
pages migrated: 455, lfu # items: 10834, lfu sample size: 11900000, samples: 11900000, node 0 mem 74552
CBF freq dist: (1) 96, (1-100) 3432, (100-1000) 7028, (1k-2k) 112, (2k-3k) 4, (3k-5k) 1, (5k-65534) 257, (65k) 0 
CBF freq dist: (1) 168, (1-100) 3115, (100-1000) 125, (1k-2k) -1, (2k-3k) 187, (3k-5k) 65, (5k-65534) 4, (65k) 0 
collected one batch of samples. pages to migrate = 281 
start promoting 63 pages
move page ret -1 
move page error: 12
got ENOMEM. trying against with 12 pages 
second promote attempt return -1
pages migrated: 455, lfu # items: 10835, lfu sample size: 12000000, samples: 12000000, node 0 mem 74552
CBF freq dist: (1) 96, (1-100) 3429, (100-1000) 7031, (1k-2k) 113, (2k-3k) 3, (3k-5k) 2, (5k-65534) 257, (65k) 0 
CBF freq dist: (1) 162, (1-100) 3086, (100-1000) 165, (1k-2k) 0, (2k-3k) 71, (3k-5k) 131, (5k-65534) 54, (65k) 0 
collected one batch of samples. pages to migrate = 277 
start promoting 64 pages
move page ret -1 
move page error: 12
got ENOMEM. trying against with 12 pages 
second promote attempt return -1
pages migrated: 455, lfu # items: 10838, lfu sample size: 12100000, samples: 12100000, node 0 mem 74552
CBF freq dist: (1) 95, (1-100) 3426, (100-1000) 7036, (1k-2k) 114, (2k-3k) 3, (3k-5k) 2, (5k-65534) 257, (65k) 0 
CBF freq dist: (1) 155, (1-100) 3061, (100-1000) 197, (1k-2k) -1, (2k-3k) 0, (3k-5k) 203, (5k-65534) 54, (65k) 0 
[DEBUG] Halving CBF counters.
collected one batch of samples. pages to migrate = 272 
start promoting 62 pages
move page ret -1 
move page error: 12
got ENOMEM. trying against with 12 pages 
second promote attempt return -1
pages migrated: 455, lfu # items: 10842, lfu sample size: 12200000, samples: 12200000, node 0 mem 74552
CBF freq dist: (1) 96, (1-100) 3419, (100-1000) 7046, (1k-2k) 115, (2k-3k) 3, (3k-5k) 2, (5k-65534) 257, (65k) 0 
CBF freq dist: (1) 349, (1-100) 3062, (100-1000) 52, (1k-2k) 111, (2k-3k) 92, (3k-5k) 54, (5k-65534) 0, (65k) 0 
collected one batch of samples. pages to migrate = 269 
start promoting 58 pages
move page ret -1 
move page error: 12
got ENOMEM. trying against with 11 pages 
second promote attempt return -1
pages migrated: 455, lfu # items: 10842, lfu sample size: 12300000, samples: 12300000, node 0 mem 74552
CBF freq dist: (1) 94, (1-100) 3410, (100-1000) 7054, (1k-2k) 116, (2k-3k) 3, (3k-5k) 2, (5k-65534) 257, (65k) 0 
CBF freq dist: (1) 339, (1-100) 3049, (100-1000) 81, (1k-2k) 2, (2k-3k) 201, (3k-5k) 54, (5k-65534) 0, (65k) 0 
collected one batch of samples. pages to migrate = 277 
start promoting 62 pages
move page ret -1 
move page error: 12
got ENOMEM. trying against with 12 pages 
second promote attempt return -1
pages migrated: 455, lfu # items: 10843, lfu sample size: 12400000, samples: 12400000, node 0 mem 74552
CBF freq dist: (1) 94, (1-100) 3401, (100-1000) 7063, (1k-2k) 117, (2k-3k) 3, (3k-5k) 2, (5k-65534) 257, (65k) 0 
CBF freq dist: (1) 329, (1-100) 3039, (100-1000) 109, (1k-2k) 1, (2k-3k) 202, (3k-5k) 54, (5k-65534) 0, (65k) 0 
collected one batch of samples. pages to migrate = 269 
start promoting 61 pages
move page ret -1 
move page error: 12
got ENOMEM. trying against with 12 pages 
second promote attempt return -1
pages migrated: 455, lfu # items: 10846, lfu sample size: 12500000, samples: 12500000, node 0 mem 74552
CBF freq dist: (1) 93, (1-100) 3396, (100-1000) 7071, (1k-2k) 117, (2k-3k) 3, (3k-5k) 2, (5k-65534) 257, (65k) 0 
CBF freq dist: (1) 321, (1-100) 3027, (100-1000) 131, (1k-2k) 1, (2k-3k) 145, (3k-5k) 69, (5k-65534) 43, (65k) 0 
collected one batch of samples. pages to migrate = 272 
start promoting 63 pages
move page ret -1 
move page error: 12
got ENOMEM. trying against with 12 pages 
second promote attempt return -1
pages migrated: 455, lfu # items: 10849, lfu sample size: 12600000, samples: 12600000, node 0 mem 74704
CBF freq dist: (1) 92, (1-100) 3393, (100-1000) 7077, (1k-2k) 117, (2k-3k) 3, (3k-5k) 2, (5k-65534) 257, (65k) 0 
CBF freq dist: (1) 311, (1-100) 3008, (100-1000) 162, (1k-2k) 1, (2k-3k) 3, (3k-5k) 200, (5k-65534) 54, (65k) 0 
[DEBUG] Halving CBF counters.
collected one batch of samples. pages to migrate = 273 
start promoting 59 pages
move page ret -1 
move page error: 12
got ENOMEM. trying against with 11 pages 
second promote attempt return -1
pages migrated: 455, lfu # items: 10853, lfu sample size: 12700000, samples: 12700000, node 0 mem 74704
CBF freq dist: (1) 92, (1-100) 3391, (100-1000) 7081, (1k-2k) 119, (2k-3k) 2, (3k-5k) 2, (5k-65534) 258, (65k) 0 
CBF freq dist: (1) 403, (1-100) 2832, (100-1000) 50, (1k-2k) 192, (2k-3k) 11, (3k-5k) 54, (5k-65534) 0, (65k) 0 
collected one batch of samples. pages to migrate = 269 
start promoting 62 pages
move page ret -1 
move page error: 12
got ENOMEM. trying against with 12 pages 
second promote attempt return -1
pages migrated: 455, lfu # items: 10856, lfu sample size: 12800000, samples: 12800000, node 0 mem 74704
CBF freq dist: (1) 92, (1-100) 3386, (100-1000) 7087, (1k-2k) 121, (2k-3k) 2, (3k-5k) 2, (5k-65534) 258, (65k) 0 
CBF freq dist: (1) 397, (1-100) 2817, (100-1000) 80, (1k-2k) 22, (2k-3k) 181, (3k-5k) 54, (5k-65534) 0, (65k) 0 
num_perf_record_lost count 900
collected one batch of samples. pages to migrate = 268 
start promoting 60 pages
move page ret -1 
move page error: 12
got ENOMEM. trying against with 12 pages 
second promote attempt return -1
pages migrated: 455, lfu # items: 10856, lfu sample size: 12900000, samples: 12900000, node 0 mem 74704
CBF freq dist: (1) 92, (1-100) 3379, (100-1000) 7094, (1k-2k) 121, (2k-3k) 2, (3k-5k) 2, (5k-65534) 258, (65k) 0 
CBF freq dist: (1) 390, (1-100) 2808, (100-1000) 104, (1k-2k) 2, (2k-3k) 201, (3k-5k) 54, (5k-65534) 0, (65k) 0 
collected one batch of samples. pages to migrate = 274 
start promoting 60 pages
move page ret -1 
move page error: 12
got ENOMEM. trying against with 12 pages 
second promote attempt return -1
pages migrated: 455, lfu # items: 10856, lfu sample size: 13000000, samples: 13000000, node 0 mem 74704
CBF freq dist: (1) 92, (1-100) 3369, (100-1000) 7103, (1k-2k) 121, (2k-3k) 3, (3k-5k) 2, (5k-65534) 258, (65k) 0 
CBF freq dist: (1) 373, (1-100) 2803, (100-1000) 128, (1k-2k) 0, (2k-3k) 194, (3k-5k) 25, (5k-65534) 38, (65k) 0 
collected one batch of samples. pages to migrate = 269 
start promoting 59 pages
move page ret -1 
move page error: 12
got ENOMEM. trying against with 11 pages 
second promote attempt return -1
pages migrated: 455, lfu # items: 10857, lfu sample size: 13100000, samples: 13100000, node 0 mem 74704
CBF freq dist: (1) 92, (1-100) 3363, (100-1000) 7110, (1k-2k) 121, (2k-3k) 3, (3k-5k) 2, (5k-65534) 258, (65k) 0 
CBF freq dist: (1) 359, (1-100) 2790, (100-1000) 159, (1k-2k) 1, (2k-3k) 67, (3k-5k) 136, (5k-65534) 54, (65k) 0 
collected one batch of samples. pages to migrate = 282 
start promoting 60 pages
move page ret -1 
move page error: 12
got ENOMEM. trying against with 12 pages 
second promote attempt return -1
pages migrated: 455, lfu # items: 10858, lfu sample size: 13200000, samples: 13200000, node 0 mem 74704
CBF freq dist: (1) 93, (1-100) 3359, (100-1000) 7114, (1k-2k) 122, (2k-3k) 3, (3k-5k) 2, (5k-65534) 258, (65k) 0 
CBF freq dist: (1) 333, (1-100) 2778, (100-1000) 191, (1k-2k) 1, (2k-3k) 1, (3k-5k) 202, (5k-65534) 54, (65k) 0 
[DEBUG] Halving CBF counters.
collected one batch of samples. pages to migrate = 285 
start promoting 63 pages
move page ret -1 
move page error: 12
got ENOMEM. trying against with 12 pages 
second promote attempt return -1
pages migrated: 455, lfu # items: 10858, lfu sample size: 13300000, samples: 13300000, node 0 mem 74704
CBF freq dist: (1) 93, (1-100) 3351, (100-1000) 7120, (1k-2k) 124, (2k-3k) 3, (3k-5k) 2, (5k-65534) 258, (65k) 0 
CBF freq dist: (1) 495, (1-100) 2622, (100-1000) 52, (1k-2k) 108, (2k-3k) 95, (3k-5k) 54, (5k-65534) 0, (65k) 0 
collected one batch of samples. pages to migrate = 282 
start promoting 58 pages
move page ret -1 
move page error: 12
got ENOMEM. trying against with 11 pages 
second promote attempt return -1
pages migrated: 455, lfu # items: 10859, lfu sample size: 13400000, samples: 13400000, node 0 mem 74704
CBF freq dist: (1) 93, (1-100) 3341, (100-1000) 7129, (1k-2k) 126, (2k-3k) 3, (3k-5k) 2, (5k-65534) 258, (65k) 0 
CBF freq dist: (1) 581, (1-100) 2881, (100-1000) 84, (1k-2k) 1, (2k-3k) 202, (3k-5k) 54, (5k-65534) 0, (65k) 0 
collected one batch of samples. pages to migrate = 274 
start promoting 66 pages
move page ret -1 
move page error: 12
got ENOMEM. trying against with 13 pages 
second promote attempt return -1
pages migrated: 455, lfu # items: 10859, lfu sample size: 13500000, samples: 13500000, node 0 mem 74704
CBF freq dist: (1) 93, (1-100) 3331, (100-1000) 7137, (1k-2k) 128, (2k-3k) 3, (3k-5k) 2, (5k-65534) 258, (65k) 0 
CBF freq dist: (1) 565, (1-100) 2871, (100-1000) 117, (1k-2k) 0, (2k-3k) 203, (3k-5k) 43, (5k-65534) 11, (65k) 0 
collected one batch of samples. pages to migrate = 276 
start promoting 60 pages
move page ret -1 
move page error: 12
got ENOMEM. trying against with 12 pages 
second promote attempt return -1
pages migrated: 455, lfu # items: 10859, lfu sample size: 13600000, samples: 13600000, node 0 mem 74704
CBF freq dist: (1) 92, (1-100) 3324, (100-1000) 7142, (1k-2k) 130, (2k-3k) 3, (3k-5k) 2, (5k-65534) 258, (65k) 0 
CBF freq dist: (1) 554, (1-100) 2878, (100-1000) 145, (1k-2k) 1, (2k-3k) 184, (3k-5k) 19, (5k-65534) 54, (65k) 0 
collected one batch of samples. pages to migrate = 279 
start promoting 62 pages
move page ret -1 
move page error: 12
got ENOMEM. trying against with 12 pages 
second promote attempt return -1
pages migrated: 455, lfu # items: 10859, lfu sample size: 13700000, samples: 13700000, node 0 mem 74704
CBF freq dist: (1) 92, (1-100) 3317, (100-1000) 7149, (1k-2k) 130, (2k-3k) 3, (3k-5k) 2, (5k-65534) 258, (65k) 0 
CBF freq dist: (1) 540, (1-100) 2866, (100-1000) 178, (1k-2k) 2, (2k-3k) 23, (3k-5k) 180, (5k-65534) 54, (65k) 0 
[DEBUG] Halving CBF counters.
collected one batch of samples. pages to migrate = 268 
start promoting 59 pages
move page ret -1 
move page error: 12
got ENOMEM. trying against with 11 pages 
second promote attempt return -1
pages migrated: 455, lfu # items: 10859, lfu sample size: 13800000, samples: 13800000, node 0 mem 74704
CBF freq dist: (1) 92, (1-100) 3310, (100-1000) 7154, (1k-2k) 132, (2k-3k) 2, (3k-5k) 3, (5k-65534) 258, (65k) 0 
CBF freq dist: (1) 507, (1-100) 2487, (100-1000) 55, (1k-2k) 200, (2k-3k) 4, (3k-5k) 53, (5k-65534) 0, (65k) 0 
collected one batch of samples. pages to migrate = 271 
start promoting 61 pages
move page ret -1 
move page error: 12
got ENOMEM. trying against with 12 pages 
second promote attempt return -1
pages migrated: 455, lfu # items: 10860, lfu sample size: 13900000, samples: 13900000, node 0 mem 74704
CBF freq dist: (1) 92, (1-100) 3306, (100-1000) 7156, (1k-2k) 135, (2k-3k) 2, (3k-5k) 3, (5k-65534) 258, (65k) 0 
CBF freq dist: (1) 498, (1-100) 2500, (100-1000) 80, (1k-2k) 44, (2k-3k) 160, (3k-5k) 53, (5k-65534) 0, (65k) 0 
collected one batch of samples. pages to migrate = 273 
start promoting 62 pages
move page ret -1 
move page error: 12
got ENOMEM. trying against with 12 pages 
second promote attempt return -1
pages migrated: 455, lfu # items: 10860, lfu sample size: 14000000, samples: 14000000, node 0 mem 74704
CBF freq dist: (1) 92, (1-100) 3296, (100-1000) 7166, (1k-2k) 135, (2k-3k) 2, (3k-5k) 3, (5k-65534) 258, (65k) 0 
CBF freq dist: (1) 479, (1-100) 2503, (100-1000) 110, (1k-2k) 0, (2k-3k) 204, (3k-5k) 51, (5k-65534) 2, (65k) 0 
collected one batch of samples. pages to migrate = 279 
start promoting 58 pages
move page ret -1 
move page error: 12
got ENOMEM. trying against with 11 pages 
second promote attempt return -1
pages migrated: 455, lfu # items: 10860, lfu sample size: 14100000, samples: 14100000, node 0 mem 74704
CBF freq dist: (1) 92, (1-100) 3289, (100-1000) 7171, (1k-2k) 137, (2k-3k) 2, (3k-5k) 3, (5k-65534) 258, (65k) 0 
CBF freq dist: (1) 452, (1-100) 2515, (100-1000) 138, (1k-2k) 0, (2k-3k) 201, (3k-5k) 3, (5k-65534) 53, (65k) 0 
collected one batch of samples. pages to migrate = 275 
start promoting 63 pages
move page ret -1 
move page error: 12
got ENOMEM. trying against with 12 pages 
second promote attempt return -1
pages migrated: 455, lfu # items: 10862, lfu sample size: 14200000, samples: 14200000, node 0 mem 74704
CBF freq dist: (1) 92, (1-100) 3285, (100-1000) 7176, (1k-2k) 138, (2k-3k) 2, (3k-5k) 3, (5k-65534) 258, (65k) 0 
CBF freq dist: (1) 432, (1-100) 2517, (100-1000) 159, (1k-2k) 2, (2k-3k) 102, (3k-5k) 101, (5k-65534) 54, (65k) 0 
collected one batch of samples. pages to migrate = 271 
start promoting 57 pages
move page ret -1 
move page error: 12
got ENOMEM. trying against with 11 pages 
second promote attempt return -1
pages migrated: 455, lfu # items: 10864, lfu sample size: 14300000, samples: 14300000, node 0 mem 74704
CBF freq dist: (1) 92, (1-100) 3281, (100-1000) 7182, (1k-2k) 138, (2k-3k) 2, (3k-5k) 3, (5k-65534) 258, (65k) 0 
CBF freq dist: (1) 411, (1-100) 2517, (100-1000) 192, (1k-2k) 2, (2k-3k) 3, (3k-5k) 200, (5k-65534) 54, (65k) 0 
[DEBUG] Halving CBF counters.
collected one batch of samples. pages to migrate = 269 
start promoting 57 pages
move page ret -1 
move page error: 12
got ENOMEM. trying against with 11 pages 
second promote attempt return -1
pages migrated: 455, lfu # items: 10866, lfu sample size: 14400000, samples: 14400000, node 0 mem 74704
CBF freq dist: (1) 91, (1-100) 3278, (100-1000) 7186, (1k-2k) 139, (2k-3k) 2, (3k-5k) 2, (5k-65534) 259, (65k) 0 
CBF freq dist: (1) 362, (1-100) 2299, (100-1000) 43, (1k-2k) 136, (2k-3k) 67, (3k-5k) 54, (5k-65534) 0, (65k) 0 
collected one batch of samples. pages to migrate = 271 
start promoting 61 pages
move page ret -1 
move page error: 12
got ENOMEM. trying against with 12 pages 
second promote attempt return -1
pages migrated: 455, lfu # items: 10867, lfu sample size: 14500000, samples: 14500000, node 0 mem 75208
CBF freq dist: (1) 90, (1-100) 3270, (100-1000) 7193, (1k-2k) 141, (2k-3k) 2, (3k-5k) 2, (5k-65534) 259, (65k) 0 
CBF freq dist: (1) 352, (1-100) 2311, (100-1000) 76, (1k-2k) 2, (2k-3k) 201, (3k-5k) 54, (5k-65534) 0, (65k) 0 
collected one batch of samples. pages to migrate = 288 
start promoting 62 pages
move page ret -1 
move page error: 12
got ENOMEM. trying against with 12 pages 
second promote attempt return -1
pages migrated: 455, lfu # items: 10867, lfu sample size: 14600000, samples: 14600000, node 0 mem 75208
CBF freq dist: (1) 90, (1-100) 3265, (100-1000) 7197, (1k-2k) 142, (2k-3k) 2, (3k-5k) 2, (5k-65534) 259, (65k) 0 
CBF freq dist: (1) 304, (1-100) 2343, (100-1000) 103, (1k-2k) 1, (2k-3k) 203, (3k-5k) 45, (5k-65534) 9, (65k) 0 
collected one batch of samples. pages to migrate = 282 
start promoting 56 pages
move page ret -1 
move page error: 12
got ENOMEM. trying against with 11 pages 
second promote attempt return -1
pages migrated: 455, lfu # items: 10867, lfu sample size: 14700000, samples: 14700000, node 0 mem 75208
CBF freq dist: (1) 90, (1-100) 3259, (100-1000) 7202, (1k-2k) 143, (2k-3k) 2, (3k-5k) 2, (5k-65534) 259, (65k) 0 
CBF freq dist: (1) 284, (1-100) 2351, (100-1000) 129, (1k-2k) 2, (2k-3k) 157, (3k-5k) 46, (5k-65534) 54, (65k) 0 
collected one batch of samples. pages to migrate = 286 
start promoting 61 pages
move page ret -1 
move page error: 12
got ENOMEM. trying against with 12 pages 
second promote attempt return -1
pages migrated: 455, lfu # items: 10869, lfu sample size: 14800000, samples: 14800000, node 0 mem 75208
CBF freq dist: (1) 90, (1-100) 3249, (100-1000) 7213, (1k-2k) 144, (2k-3k) 2, (3k-5k) 2, (5k-65534) 259, (65k) 0 
CBF freq dist: (1) 264, (1-100) 2380, (100-1000) 153, (1k-2k) 2, (2k-3k) 5, (3k-5k) 198, (5k-65534) 54, (65k) 0 
[DEBUG] Halving CBF counters.
collected one batch of samples. pages to migrate = 282 
start promoting 60 pages
move page ret -1 
move page error: 12
got ENOMEM. trying against with 12 pages 
second promote attempt return -1
pages migrated: 455, lfu # items: 10872, lfu sample size: 14900000, samples: 14900000, node 0 mem 75208
CBF freq dist: (1) 89, (1-100) 3242, (100-1000) 7223, (1k-2k) 144, (2k-3k) 2, (3k-5k) 2, (5k-65534) 259, (65k) 0 
CBF freq dist: (1) 341, (1-100) 2271, (100-1000) 55, (1k-2k) 199, (2k-3k) 5, (3k-5k) 53, (5k-65534) 0, (65k) 0 
[DEBUG] Number of hot pages promoted in 50 batches = 0 
[INFO] Reached promotion plateau. cur hot page size 853540864, fast mem 80% 3435973836
[INFO] Decrease hot thresh to 900.
collected one batch of samples. pages to migrate = 273 
start promoting 57 pages
move page ret -1 
move page error: 12
got ENOMEM. trying against with 11 pages 
second promote attempt return -1
pages migrated: 455, lfu # items: 10874, lfu sample size: 15000000, samples: 15000000, node 0 mem 75208
CBF freq dist: (1) 89, (1-100) 3236, (100-1000) 7231, (1k-2k) 144, (2k-3k) 2, (3k-5k) 2, (5k-65534) 259, (65k) 0 
CBF freq dist: (1) 327, (1-100) 2285, (100-1000) 82, (1k-2k) 27, (2k-3k) 177, (3k-5k) 53, (5k-65534) 0, (65k) 0 
collected one batch of samples. pages to migrate = 279 
start promoting 63 pages
move page ret -1 
move page error: 12
got ENOMEM. trying against with 12 pages 
second promote attempt return -1
pages migrated: 455, lfu # items: 10877, lfu sample size: 15100000, samples: 15100000, node 0 mem 75208
CBF freq dist: (1) 89, (1-100) 3229, (100-1000) 7241, (1k-2k) 144, (2k-3k) 2, (3k-5k) 2, (5k-65534) 259, (65k) 0 
CBF freq dist: (1) 309, (1-100) 2299, (100-1000) 114, (1k-2k) -1, (2k-3k) 205, (3k-5k) 52, (5k-65534) 1, (65k) 0 
collected one batch of samples. pages to migrate = 290 
start promoting 63 pages
move page ret -1 
move page error: 12
got ENOMEM. trying against with 12 pages 
second promote attempt return -1
pages migrated: 455, lfu # items: 10877, lfu sample size: 15200000, samples: 15200000, node 0 mem 75208
CBF freq dist: (1) 88, (1-100) 3223, (100-1000) 7245, (1k-2k) 146, (2k-3k) 2, (3k-5k) 2, (5k-65534) 259, (65k) 0 
CBF freq dist: (1) 505, (1-100) 2667, (100-1000) 136, (1k-2k) -1, (2k-3k) 201, (3k-5k) 5, (5k-65534) 52, (65k) 0 
collected one batch of samples. pages to migrate = 281 
start promoting 62 pages
move page ret -1 
move page error: 12
got ENOMEM. trying against with 12 pages 
second promote attempt return -1
pages migrated: 455, lfu # items: 10877, lfu sample size: 15300000, samples: 15300000, node 0 mem 75208
CBF freq dist: (1) 88, (1-100) 3215, (100-1000) 7252, (1k-2k) 147, (2k-3k) 2, (3k-5k) 2, (5k-65534) 259, (65k) 0 
CBF freq dist: (1) 489, (1-100) 2677, (100-1000) 161, (1k-2k) 0, (2k-3k) 95, (3k-5k) 109, (5k-65534) 54, (65k) 0 
collected one batch of samples. pages to migrate = 275 
start promoting 62 pages
move page ret -1 
move page error: 12
got ENOMEM. trying against with 12 pages 
second promote attempt return -1
pages migrated: 455, lfu # items: 10878, lfu sample size: 15400000, samples: 15400000, node 0 mem 75208
CBF freq dist: (1) 88, (1-100) 3210, (100-1000) 7257, (1k-2k) 148, (2k-3k) 2, (3k-5k) 2, (5k-65534) 259, (65k) 0 
CBF freq dist: (1) 471, (1-100) 2690, (100-1000) 179, (1k-2k) 1, (2k-3k) 4, (3k-5k) 200, (5k-65534) 54, (65k) 0 
[DEBUG] Halving CBF counters.
collected one batch of samples. pages to migrate = 273 
start promoting 61 pages
move page ret -1 
move page error: 12
got ENOMEM. trying against with 12 pages 
second promote attempt return -1
pages migrated: 455, lfu # items: 10881, lfu sample size: 15500000, samples: 15500000, node 0 mem 75208
CBF freq dist: (1) 88, (1-100) 3204, (100-1000) 7265, (1k-2k) 149, (2k-3k) 2, (3k-5k) 2, (5k-65534) 259, (65k) 0 
CBF freq dist: (1) 401, (1-100) 2404, (100-1000) 46, (1k-2k) 129, (2k-3k) 75, (3k-5k) 54, (5k-65534) 0, (65k) 0 
collected one batch of samples. pages to migrate = 276 
start promoting 63 pages
move page ret -1 
move page error: 12
got ENOMEM. trying against with 12 pages 
second promote attempt return -1
pages migrated: 455, lfu # items: 10881, lfu sample size: 15600000, samples: 15600000, node 0 mem 75208
CBF freq dist: (1) 87, (1-100) 3195, (100-1000) 7272, (1k-2k) 151, (2k-3k) 2, (3k-5k) 2, (5k-65534) 259, (65k) 0 
CBF freq dist: (1) 384, (1-100) 2416, (100-1000) 80, (1k-2k) 1, (2k-3k) 203, (3k-5k) 54, (5k-65534) 0, (65k) 0 
num_perf_record_lost count 1000
collected one batch of samples. pages to migrate = 277 
start promoting 63 pages
move page ret -1 
move page error: 12
got ENOMEM. trying against with 12 pages 
second promote attempt return -1
pages migrated: 455, lfu # items: 10883, lfu sample size: 15700000, samples: 15700000, node 0 mem 75208
CBF freq dist: (1) 86, (1-100) 3190, (100-1000) 7278, (1k-2k) 152, (2k-3k) 2, (3k-5k) 1, (5k-65534) 260, (65k) 0 
CBF freq dist: (1) 373, (1-100) 2429, (100-1000) 107, (1k-2k) 0, (2k-3k) 204, (3k-5k) 42, (5k-65534) 12, (65k) 0 
collected one batch of samples. pages to migrate = 280 
start promoting 61 pages
move page ret -1 
move page error: 12
got ENOMEM. trying against with 12 pages 
second promote attempt return -1
pages migrated: 455, lfu # items: 10885, lfu sample size: 15800000, samples: 15800000, node 0 mem 75208
CBF freq dist: (1) 86, (1-100) 3183, (100-1000) 7287, (1k-2k) 152, (2k-3k) 2, (3k-5k) 1, (5k-65534) 259, (65k) 1 
CBF freq dist: (1) 355, (1-100) 2471, (100-1000) 119, (1k-2k) 1, (2k-3k) 169, (3k-5k) 35, (5k-65534) 54, (65k) 0 
collected one batch of samples. pages to migrate = 274 
start promoting 58 pages
move page ret -1 
move page error: 12
got ENOMEM. trying against with 11 pages 
second promote attempt return -1
pages migrated: 455, lfu # items: 10885, lfu sample size: 15900000, samples: 15900000, node 0 mem 75208
CBF freq dist: (1) 86, (1-100) 3175, (100-1000) 7293, (1k-2k) 153, (2k-3k) 3, (3k-5k) 1, (5k-65534) 259, (65k) 1 
CBF freq dist: (1) 340, (1-100) 2498, (100-1000) 135, (1k-2k) 2, (2k-3k) 6, (3k-5k) 198, (5k-65534) 54, (65k) 0 
[DEBUG] Halving CBF counters.
collected one batch of samples. pages to migrate = 285 
start promoting 58 pages
move page ret -1 
move page error: 12
got ENOMEM. trying against with 11 pages 
second promote attempt return -1
pages migrated: 455, lfu # items: 10893, lfu sample size: 16000000, samples: 16000000, node 0 mem 75208
CBF freq dist: (1) 86, (1-100) 3171, (100-1000) 7305, (1k-2k) 153, (2k-3k) 3, (3k-5k) 1, (5k-65534) 259, (65k) 1 
CBF freq dist: (1) 392, (1-100) 2338, (100-1000) 31, (1k-2k) 195, (2k-3k) 9, (3k-5k) 54, (5k-65534) 0, (65k) 0 
collected one batch of samples. pages to migrate = 283 
start promoting 56 pages
move page ret -1 
move page error: 12
got ENOMEM. trying against with 11 pages 
second promote attempt return -1
pages migrated: 455, lfu # items: 10898, lfu sample size: 16100000, samples: 16100000, node 0 mem 75208
CBF freq dist: (1) 85, (1-100) 3167, (100-1000) 7314, (1k-2k) 153, (2k-3k) 3, (3k-5k) 1, (5k-65534) 255, (65k) 5 
CBF freq dist: (1) 371, (1-100) 2393, (100-1000) 50, (1k-2k) 30, (2k-3k) 174, (3k-5k) 54, (5k-65534) 0, (65k) 0 
collected one batch of samples. pages to migrate = 286 
start promoting 59 pages
move page ret 59 
move page error: 12
got ENOMEM. trying against with 11 pages 
second promote attempt return -1
pages migrated: 455, lfu # items: 10898, lfu sample size: 16200000, samples: 16200000, node 0 mem 75208
CBF freq dist: (1) 85, (1-100) 3163, (100-1000) 7318, (1k-2k) 152, (2k-3k) 4, (3k-5k) 1, (5k-65534) 252, (65k) 8 
CBF freq dist: (1) 362, (1-100) 2422, (100-1000) 66, (1k-2k) 1, (2k-3k) 203, (3k-5k) 52, (5k-65534) 3, (65k) 0 
collected one batch of samples. pages to migrate = 265 
start promoting 62 pages
move page ret -1 
move page error: 12
got ENOMEM. trying against with 12 pages 
second promote attempt return -1
pages migrated: 455, lfu # items: 10898, lfu sample size: 16300000, samples: 16300000, node 0 mem 75208
CBF freq dist: (1) 85, (1-100) 3155, (100-1000) 7326, (1k-2k) 152, (2k-3k) 4, (3k-5k) 1, (5k-65534) 247, (65k) 13 
CBF freq dist: (1) 350, (1-100) 2443, (100-1000) 99, (1k-2k) 1, (2k-3k) 200, (3k-5k) 4, (5k-65534) 54, (65k) 0 
collected one batch of samples. pages to migrate = 294 
start promoting 67 pages
move page ret -1 
move page error: 12
got ENOMEM. trying against with 13 pages 
second promote attempt return -1
pages migrated: 455, lfu # items: 10903, lfu sample size: 16400000, samples: 16400000, node 0 mem 75208
CBF freq dist: (1) 85, (1-100) 3153, (100-1000) 7330, (1k-2k) 155, (2k-3k) 4, (3k-5k) 1, (5k-65534) 240, (65k) 20 
CBF freq dist: (1) 344, (1-100) 2505, (100-1000) 131, (1k-2k) 1, (2k-3k) 140, (3k-5k) 64, (5k-65534) 54, (65k) 0 
collected one batch of samples. pages to migrate = 289 
start promoting 61 pages
move page ret -1 
move page error: 12
got ENOMEM. trying against with 12 pages 
second promote attempt return -1
pages migrated: 455, lfu # items: 10903, lfu sample size: 16500000, samples: 16500000, node 0 mem 75208
CBF freq dist: (1) 84, (1-100) 3145, (100-1000) 7338, (1k-2k) 155, (2k-3k) 4, (3k-5k) 1, (5k-65534) 232, (65k) 28 
CBF freq dist: (1) 315, (1-100) 2549, (100-1000) 147, (1k-2k) 1, (2k-3k) 10, (3k-5k) 194, (5k-65534) 54, (65k) 0 
[DEBUG] Halving CBF counters.
collected one batch of samples. pages to migrate = 285 
start promoting 57 pages
move page ret -1 
move page error: 12
got ENOMEM. trying against with 11 pages 
second promote attempt return -1
pages migrated: 455, lfu # items: 10903, lfu sample size: 16600000, samples: 16600000, node 0 mem 75208
CBF freq dist: (1) 84, (1-100) 3136, (100-1000) 7346, (1k-2k) 156, (2k-3k) 4, (3k-5k) 1, (5k-65534) 226, (65k) 34 
CBF freq dist: (1) 355, (1-100) 2398, (100-1000) 45, (1k-2k) 175, (2k-3k) 29, (3k-5k) 54, (5k-65534) 0, (65k) 0 
collected one batch of samples. pages to migrate = 289 
start promoting 64 pages
move page ret -1 
move page error: 12
got ENOMEM. trying against with 12 pages 
second promote attempt return -1
pages migrated: 455, lfu # items: 10904, lfu sample size: 16700000, samples: 16700000, node 0 mem 75208
CBF freq dist: (1) 84, (1-100) 3134, (100-1000) 7349, (1k-2k) 156, (2k-3k) 4, (3k-5k) 1, (5k-65534) 218, (65k) 42 
CBF freq dist: (1) 349, (1-100) 2436, (100-1000) 66, (1k-2k) 1, (2k-3k) 203, (3k-5k) 54, (5k-65534) 0, (65k) 0 
collected one batch of samples. pages to migrate = 298 
start promoting 62 pages
move page ret -1 
move page error: 12
got ENOMEM. trying against with 12 pages 
second promote attempt return -1
pages migrated: 455, lfu # items: 10909, lfu sample size: 16800000, samples: 16800000, node 0 mem 75208
CBF freq dist: (1) 83, (1-100) 3133, (100-1000) 7354, (1k-2k) 157, (2k-3k) 4, (3k-5k) 1, (5k-65534) 215, (65k) 45 
CBF freq dist: (1) 481, (1-100) 2856, (100-1000) 94, (1k-2k) 1, (2k-3k) 204, (3k-5k) 15, (5k-65534) 39, (65k) 0 
collected one batch of samples. pages to migrate = 294 
start promoting 61 pages
move page ret -1 
move page error: 12
got ENOMEM. trying against with 12 pages 
second promote attempt return -1
pages migrated: 455, lfu # items: 10914, lfu sample size: 16900000, samples: 16900000, node 0 mem 75208
CBF freq dist: (1) 83, (1-100) 3131, (100-1000) 7359, (1k-2k) 159, (2k-3k) 4, (3k-5k) 1, (5k-65534) 208, (65k) 52 
CBF freq dist: (1) 452, (1-100) 2897, (100-1000) 118, (1k-2k) 1, (2k-3k) 182, (3k-5k) 22, (5k-65534) 54, (65k) 0 
collected one batch of samples. pages to migrate = 285 
start promoting 60 pages
move page ret -1 
move page error: 12
got ENOMEM. trying against with 12 pages 
second promote attempt return -1
pages migrated: 455, lfu # items: 10914, lfu sample size: 17000000, samples: 17000000, node 0 mem 75208
CBF freq dist: (1) 82, (1-100) 3129, (100-1000) 7359, (1k-2k) 161, (2k-3k) 4, (3k-5k) 1, (5k-65534) 206, (65k) 54 
CBF freq dist: (1) 436, (1-100) 2904, (100-1000) 138, (1k-2k) 1, (2k-3k) 17, (3k-5k) 187, (5k-65534) 54, (65k) 0 
[DEBUG] Halving CBF counters.
collected one batch of samples. pages to migrate = 280 
start promoting 60 pages
move page ret -1 
move page error: 12
got ENOMEM. trying against with 12 pages 
second promote attempt return -1
pages migrated: 455, lfu # items: 10915, lfu sample size: 17100000, samples: 17100000, node 0 mem 75208
CBF freq dist: (1) 81, (1-100) 3123, (100-1000) 7366, (1k-2k) 161, (2k-3k) 4, (3k-5k) 1, (5k-65534) 206, (65k) 54 
CBF freq dist: (1) 497, (1-100) 2615, (100-1000) 40, (1k-2k) 204, (2k-3k) 0, (3k-5k) 54, (5k-65534) 0, (65k) 0 
collected one batch of samples. pages to migrate = 274 
start promoting 58 pages
move page ret -1 
move page error: 12
got ENOMEM. trying against with 11 pages 
second promote attempt return -1
pages migrated: 455, lfu # items: 10916, lfu sample size: 17200000, samples: 17200000, node 0 mem 75208
CBF freq dist: (1) 81, (1-100) 3117, (100-1000) 7372, (1k-2k) 162, (2k-3k) 4, (3k-5k) 1, (5k-65534) 206, (65k) 54 
CBF freq dist: (1) 483, (1-100) 2632, (100-1000) 60, (1k-2k) 41, (2k-3k) 163, (3k-5k) 54, (5k-65534) 0, (65k) 0 
collected one batch of samples. pages to migrate = 283 
start promoting 61 pages
move page ret -1 
move page error: 12
got ENOMEM. trying against with 12 pages 
second promote attempt return -1
pages migrated: 455, lfu # items: 10916, lfu sample size: 17300000, samples: 17300000, node 0 mem 75208
CBF freq dist: (1) 81, (1-100) 3112, (100-1000) 7375, (1k-2k) 164, (2k-3k) 4, (3k-5k) 1, (5k-65534) 206, (65k) 54 
CBF freq dist: (1) 472, (1-100) 2644, (100-1000) 86, (1k-2k) 2, (2k-3k) 202, (3k-5k) 51, (5k-65534) 3, (65k) 0 
collected one batch of samples. pages to migrate = 294 
start promoting 64 pages
move page ret -1 
move page error: 12
got ENOMEM. trying against with 12 pages 
second promote attempt return -1
pages migrated: 455, lfu # items: 10916, lfu sample size: 17400000, samples: 17400000, node 0 mem 75212
CBF freq dist: (1) 81, (1-100) 3108, (100-1000) 7378, (1k-2k) 165, (2k-3k) 4, (3k-5k) 1, (5k-65534) 206, (65k) 54 
CBF freq dist: (1) 457, (1-100) 2663, (100-1000) 105, (1k-2k) 2, (2k-3k) 199, (3k-5k) 7, (5k-65534) 51, (65k) 0 
collected one batch of samples. pages to migrate = 267 
start promoting 64 pages
move page ret -1 
move page error: 12
got ENOMEM. trying against with 12 pages 
second promote attempt return -1
pages migrated: 455, lfu # items: 10916, lfu sample size: 17500000, samples: 17500000, node 0 mem 75212
CBF freq dist: (1) 81, (1-100) 3105, (100-1000) 7380, (1k-2k) 166, (2k-3k) 4, (3k-5k) 1, (5k-65534) 206, (65k) 54 
CBF freq dist: (1) 444, (1-100) 2661, (100-1000) 126, (1k-2k) 2, (2k-3k) 97, (3k-5k) 107, (5k-65534) 53, (65k) 0 
collected one batch of samples. pages to migrate = 287 
start promoting 57 pages
move page ret -1 
move page error: 12
got ENOMEM. trying against with 11 pages 
second promote attempt return -1
pages migrated: 455, lfu # items: 10916, lfu sample size: 17600000, samples: 17600000, node 0 mem 75212
CBF freq dist: (1) 81, (1-100) 3102, (100-1000) 7383, (1k-2k) 166, (2k-3k) 3, (3k-5k) 2, (5k-65534) 206, (65k) 54 
CBF freq dist: (1) 429, (1-100) 2792, (100-1000) 152, (1k-2k) 3, (2k-3k) 0, (3k-5k) 204, (5k-65534) 53, (65k) 0 
[DEBUG] Halving CBF counters.
collected one batch of samples. pages to migrate = 276 
start promoting 60 pages
move page ret -1 
move page error: 12
got ENOMEM. trying against with 12 pages 
second promote attempt return -1
pages migrated: 455, lfu # items: 10916, lfu sample size: 17700000, samples: 17700000, node 0 mem 75212
CBF freq dist: (1) 81, (1-100) 3097, (100-1000) 7387, (1k-2k) 167, (2k-3k) 3, (3k-5k) 2, (5k-65534) 206, (65k) 54 
CBF freq dist: (1) 498, (1-100) 2559, (100-1000) 49, (1k-2k) 139, (2k-3k) 64, (3k-5k) 54, (5k-65534) 0, (65k) 0 
collected one batch of samples. pages to migrate = 282 
start promoting 60 pages
move page ret -1 
move page error: 12
got ENOMEM. trying against with 12 pages 
second promote attempt return -1
pages migrated: 455, lfu # items: 10916, lfu sample size: 17800000, samples: 17800000, node 0 mem 75212
CBF freq dist: (1) 80, (1-100) 3089, (100-1000) 7395, (1k-2k) 167, (2k-3k) 3, (3k-5k) 2, (5k-65534) 206, (65k) 54 
CBF freq dist: (1) 476, (1-100) 2575, (100-1000) 74, (1k-2k) 1, (2k-3k) 202, (3k-5k) 54, (5k-65534) 0, (65k) 0 
collected one batch of samples. pages to migrate = 279 
start promoting 64 pages
move page ret -1 
move page error: 12
got ENOMEM. trying against with 12 pages 
second promote attempt return -1
pages migrated: 455, lfu # items: 10916, lfu sample size: 17900000, samples: 17900000, node 0 mem 75212
CBF freq dist: (1) 80, (1-100) 3087, (100-1000) 7396, (1k-2k) 168, (2k-3k) 3, (3k-5k) 2, (5k-65534) 206, (65k) 54 
CBF freq dist: (1) 463, (1-100) 2578, (100-1000) 103, (1k-2k) 1, (2k-3k) 203, (3k-5k) 47, (5k-65534) 7, (65k) 0 
collected one batch of samples. pages to migrate = 279 
start promoting 63 pages
move page ret -1 
move page error: 12
got ENOMEM. trying against with 12 pages 
second promote attempt return -1
pages migrated: 455, lfu # items: 10916, lfu sample size: 18000000, samples: 18000000, node 0 mem 75212
CBF freq dist: (1) 80, (1-100) 3082, (100-1000) 7400, (1k-2k) 169, (2k-3k) 3, (3k-5k) 2, (5k-65534) 206, (65k) 54 
CBF freq dist: (1) 444, (1-100) 2591, (100-1000) 129, (1k-2k) 1, (2k-3k) 157, (3k-5k) 47, (5k-65534) 53, (65k) 0 
collected one batch of samples. pages to migrate = 279 
start promoting 64 pages
move page ret -1 
move page error: 12
got ENOMEM. trying against with 12 pages 
second promote attempt return -1
pages migrated: 455, lfu # items: 10917, lfu sample size: 18100000, samples: 18100000, node 0 mem 75212
CBF freq dist: (1) 80, (1-100) 3079, (100-1000) 7403, (1k-2k) 170, (2k-3k) 3, (3k-5k) 2, (5k-65534) 206, (65k) 54 
CBF freq dist: (1) 427, (1-100) 2593, (100-1000) 161, (1k-2k) 1, (2k-3k) 6, (3k-5k) 198, (5k-65534) 53, (65k) 0 
[DEBUG] Halving CBF counters.
collected one batch of samples. pages to migrate = 278 
start promoting 63 pages
move page ret -1 
move page error: 12
got ENOMEM. trying against with 12 pages 
second promote attempt return -1
pages migrated: 455, lfu # items: 10919, lfu sample size: 18200000, samples: 18200000, node 0 mem 75212
CBF freq dist: (1) 79, (1-100) 3076, (100-1000) 7405, (1k-2k) 173, (2k-3k) 3, (3k-5k) 2, (5k-65534) 206, (65k) 54 
CBF freq dist: (1) 474, (1-100) 2332, (100-1000) 45, (1k-2k) 195, (2k-3k) 8, (3k-5k) 54, (5k-65534) 0, (65k) 0 
collected one batch of samples. pages to migrate = 285 
start promoting 61 pages
move page ret -1 
move page error: 12
got ENOMEM. trying against with 12 pages 
second promote attempt return -1
pages migrated: 455, lfu # items: 10920, lfu sample size: 18300000, samples: 18300000, node 0 mem 75212
CBF freq dist: (1) 79, (1-100) 3069, (100-1000) 7412, (1k-2k) 174, (2k-3k) 3, (3k-5k) 2, (5k-65534) 206, (65k) 54 
CBF freq dist: (1) 458, (1-100) 2348, (100-1000) 71, (1k-2k) 11, (2k-3k) 192, (3k-5k) 54, (5k-65534) 0, (65k) 0 
collected one batch of samples. pages to migrate = 288 
start promoting 59 pages
move page ret -1 
move page error: 12
got ENOMEM. trying against with 11 pages 
second promote attempt return -1
pages migrated: 455, lfu # items: 10922, lfu sample size: 18400000, samples: 18400000, node 0 mem 75212
CBF freq dist: (1) 79, (1-100) 3063, (100-1000) 7420, (1k-2k) 174, (2k-3k) 3, (3k-5k) 2, (5k-65534) 206, (65k) 54 
CBF freq dist: (1) 443, (1-100) 2368, (100-1000) 99, (1k-2k) 0, (2k-3k) 203, (3k-5k) 53, (5k-65534) 1, (65k) 0 
num_perf_record_lost count 1100
collected one batch of samples. pages to migrate = 290 
start promoting 60 pages
move page ret -1 
move page error: 12
got ENOMEM. trying against with 12 pages 
second promote attempt return -1
pages migrated: 455, lfu # items: 10923, lfu sample size: 18500000, samples: 18500000, node 0 mem 75212
CBF freq dist: (1) 79, (1-100) 3058, (100-1000) 7426, (1k-2k) 174, (2k-3k) 3, (3k-5k) 2, (5k-65534) 206, (65k) 54 
CBF freq dist: (1) 426, (1-100) 2378, (100-1000) 132, (1k-2k) -1, (2k-3k) 197, (3k-5k) 23, (5k-65534) 38, (65k) 0 
collected one batch of samples. pages to migrate = 292 
start promoting 63 pages
move page ret -1 
move page error: 12
got ENOMEM. trying against with 12 pages 
second promote attempt return -1
pages migrated: 455, lfu # items: 10924, lfu sample size: 18600000, samples: 18600000, node 0 mem 75212
CBF freq dist: (1) 79, (1-100) 3050, (100-1000) 7433, (1k-2k) 176, (2k-3k) 3, (3k-5k) 2, (5k-65534) 206, (65k) 54 
CBF freq dist: (1) 420, (1-100) 2394, (100-1000) 158, (1k-2k) 0, (2k-3k) 58, (3k-5k) 146, (5k-65534) 54, (65k) 0 
collected one batch of samples. pages to migrate = 295 
start promoting 64 pages
move page ret -1 
move page error: 12
got ENOMEM. trying against with 12 pages 
second promote attempt return -1
pages migrated: 455, lfu # items: 10924, lfu sample size: 18700000, samples: 18700000, node 0 mem 75212
CBF freq dist: (1) 78, (1-100) 3043, (100-1000) 7439, (1k-2k) 176, (2k-3k) 4, (3k-5k) 2, (5k-65534) 206, (65k) 54 
CBF freq dist: (1) 400, (1-100) 2412, (100-1000) 189, (1k-2k) 0, (2k-3k) 1, (3k-5k) 203, (5k-65534) 54, (65k) 0 
[DEBUG] Halving CBF counters.
collected one batch of samples. pages to migrate = 296 
start promoting 65 pages
move page ret -1 
move page error: 12
got ENOMEM. trying against with 13 pages 
second promote attempt return -1
pages migrated: 455, lfu # items: 10924, lfu sample size: 18800000, samples: 18800000, node 0 mem 75464
CBF freq dist: (1) 78, (1-100) 3036, (100-1000) 7446, (1k-2k) 176, (2k-3k) 4, (3k-5k) 2, (5k-65534) 206, (65k) 54 
CBF freq dist: (1) 371, (1-100) 2198, (100-1000) 57, (1k-2k) 113, (2k-3k) 91, (3k-5k) 54, (5k-65534) 0, (65k) 0 
collected one batch of samples. pages to migrate = 304 
start promoting 73 pages
move page ret -1 
move page error: 12
got ENOMEM. trying against with 14 pages 
second promote attempt return -1
pages migrated: 455, lfu # items: 10924, lfu sample size: 18900000, samples: 18900000, node 0 mem 75464
CBF freq dist: (1) 78, (1-100) 3030, (100-1000) 7451, (1k-2k) 177, (2k-3k) 4, (3k-5k) 2, (5k-65534) 206, (65k) 54 
CBF freq dist: (1) 358, (1-100) 2225, (100-1000) 88, (1k-2k) 2, (2k-3k) 202, (3k-5k) 54, (5k-65534) 0, (65k) 0 
collected one batch of samples. pages to migrate = 289 
start promoting 65 pages
move page ret -1 
move page error: 12
got ENOMEM. trying against with 13 pages 
second promote attempt return -1
pages migrated: 455, lfu # items: 10924, lfu sample size: 19000000, samples: 19000000, node 0 mem 75464
CBF freq dist: (1) 77, (1-100) 3026, (100-1000) 7453, (1k-2k) 179, (2k-3k) 4, (3k-5k) 2, (5k-65534) 206, (65k) 54 
CBF freq dist: (1) 356, (1-100) 2266, (100-1000) 117, (1k-2k) 0, (2k-3k) 204, (3k-5k) 48, (5k-65534) 6, (65k) 0 
collected one batch of samples. pages to migrate = 280 
start promoting 64 pages
move page ret -1 
move page error: 12
got ENOMEM. trying against with 12 pages 
second promote attempt return -1
pages migrated: 455, lfu # items: 10925, lfu sample size: 19100000, samples: 19100000, node 0 mem 75464
CBF freq dist: (1) 77, (1-100) 3025, (100-1000) 7451, (1k-2k) 183, (2k-3k) 4, (3k-5k) 2, (5k-65534) 206, (65k) 54 
CBF freq dist: (1) 340, (1-100) 2280, (100-1000) 150, (1k-2k) 0, (2k-3k) 157, (3k-5k) 48, (5k-65534) 53, (65k) 0 
collected one batch of samples. pages to migrate = 280 
start promoting 67 pages
move page ret -1 
move page error: 12
got ENOMEM. trying against with 13 pages 
second promote attempt return -1
pages migrated: 455, lfu # items: 10925, lfu sample size: 19200000, samples: 19200000, node 0 mem 75464
CBF freq dist: (1) 77, (1-100) 3021, (100-1000) 7453, (1k-2k) 185, (2k-3k) 4, (3k-5k) 2, (5k-65534) 206, (65k) 54 
CBF freq dist: (1) 329, (1-100) 2295, (100-1000) 176, (1k-2k) 1, (2k-3k) 3, (3k-5k) 201, (5k-65534) 54, (65k) 0 
[DEBUG] Halving CBF counters.
collected one batch of samples. pages to migrate = 286 
start promoting 61 pages
move page ret -1 
move page error: 12
got ENOMEM. trying against with 12 pages 
second promote attempt return -1
pages migrated: 455, lfu # items: 10926, lfu sample size: 19300000, samples: 19300000, node 0 mem 75716
CBF freq dist: (1) 77, (1-100) 3013, (100-1000) 7462, (1k-2k) 185, (2k-3k) 4, (3k-5k) 2, (5k-65534) 206, (65k) 54 
CBF freq dist: (1) 425, (1-100) 2281, (100-1000) 62, (1k-2k) 201, (2k-3k) 3, (3k-5k) 54, (5k-65534) 0, (65k) 0 
collected one batch of samples. pages to migrate = 281 
start promoting 63 pages
move page ret -1 
move page error: 12
got ENOMEM. trying against with 12 pages 
second promote attempt return -1
pages migrated: 455, lfu # items: 10927, lfu sample size: 19400000, samples: 19400000, node 0 mem 75716
CBF freq dist: (1) 77, (1-100) 3007, (100-1000) 7466, (1k-2k) 188, (2k-3k) 4, (3k-5k) 2, (5k-65534) 206, (65k) 54 
CBF freq dist: (1) 403, (1-100) 2287, (100-1000) 96, (1k-2k) 17, (2k-3k) 187, (3k-5k) 54, (5k-65534) 0, (65k) 0 
collected one batch of samples. pages to migrate = 268 
start promoting 59 pages
move page ret -1 
move page error: 12
got ENOMEM. trying against with 11 pages 
second promote attempt return -1
pages migrated: 455, lfu # items: 10927, lfu sample size: 19500000, samples: 19500000, node 0 mem 75716
CBF freq dist: (1) 77, (1-100) 3001, (100-1000) 7472, (1k-2k) 188, (2k-3k) 4, (3k-5k) 2, (5k-65534) 206, (65k) 54 
CBF freq dist: (1) 397, (1-100) 2310, (100-1000) 126, (1k-2k) 0, (2k-3k) 204, (3k-5k) 54, (5k-65534) 0, (65k) 0 
collected one batch of samples. pages to migrate = 285 
start promoting 63 pages
move page ret -1 
move page error: 12
got ENOMEM. trying against with 12 pages 
second promote attempt return -1
pages migrated: 455, lfu # items: 10927, lfu sample size: 19600000, samples: 19600000, node 0 mem 75716
CBF freq dist: (1) 77, (1-100) 2995, (100-1000) 7478, (1k-2k) 188, (2k-3k) 4, (3k-5k) 2, (5k-65534) 206, (65k) 54 
CBF freq dist: (1) 377, (1-100) 2333, (100-1000) 153, (1k-2k) 0, (2k-3k) 200, (3k-5k) 19, (5k-65534) 39, (65k) 0 
collected one batch of samples. pages to migrate = 279 
start promoting 66 pages
move page ret -1 
move page error: 12
got ENOMEM. trying against with 13 pages 
second promote attempt return -1
pages migrated: 455, lfu # items: 10927, lfu sample size: 19700000, samples: 19700000, node 0 mem 75716
CBF freq dist: (1) 77, (1-100) 2989, (100-1000) 7480, (1k-2k) 192, (2k-3k) 4, (3k-5k) 2, (5k-65534) 206, (65k) 54 
CBF freq dist: (1) 374, (1-100) 2349, (100-1000) 185, (1k-2k) 1, (2k-3k) 61, (3k-5k) 143, (5k-65534) 54, (65k) 0 
collected one batch of samples. pages to migrate = 277 
start promoting 64 pages
move page ret -1 
move page error: 12
got ENOMEM. trying against with 12 pages 
second promote attempt return -1
pages migrated: 455, lfu # items: 10927, lfu sample size: 19800000, samples: 19800000, node 0 mem 75856
CBF freq dist: (1) 77, (1-100) 2985, (100-1000) 7483, (1k-2k) 193, (2k-3k) 4, (3k-5k) 2, (5k-65534) 206, (65k) 54 
CBF freq dist: (1) 358, (1-100) 2363, (100-1000) 219, (1k-2k) 1, (2k-3k) 2, (3k-5k) 202, (5k-65534) 54, (65k) 0 
[DEBUG] Halving CBF counters.
collected one batch of samples. pages to migrate = 288 
start promoting 63 pages
move page ret -1 
move page error: 12
got ENOMEM. trying against with 12 pages 
second promote attempt return -1
pages migrated: 455, lfu # items: 10928, lfu sample size: 19900000, samples: 19900000, node 0 mem 75856
CBF freq dist: (1) 77, (1-100) 2975, (100-1000) 7493, (1k-2k) 194, (2k-3k) 4, (3k-5k) 2, (5k-65534) 206, (65k) 54 
CBF freq dist: (1) 385, (1-100) 2225, (100-1000) 53, (1k-2k) 132, (2k-3k) 72, (3k-5k) 54, (5k-65534) 0, (65k) 0 
[DEBUG] Number of hot pages promoted in 50 batches = 0 
[INFO] Reached promotion plateau. cur hot page size 1256194048, fast mem 80% 3435973836
[INFO] Decrease hot thresh to 800.
collected one batch of samples. pages to migrate = 299 
start promoting 67 pages
move page ret -1 
move page error: 12
got ENOMEM. trying against with 13 pages 
second promote attempt return -1
pages migrated: 455, lfu # items: 10928, lfu sample size: 20000000, samples: 20000000, node 0 mem 75856
CBF freq dist: (1) 77, (1-100) 2968, (100-1000) 7499, (1k-2k) 195, (2k-3k) 4, (3k-5k) 2, (5k-65534) 205, (65k) 55 
CBF freq dist: (1) 365, (1-100) 2257, (100-1000) 76, (1k-2k) 1, (2k-3k) 203, (3k-5k) 54, (5k-65534) 0, (65k) 0 
collected one batch of samples. pages to migrate = 299 
start promoting 67 pages
move page ret -1 
move page error: 12
got ENOMEM. trying against with 13 pages 
second promote attempt return -1
pages migrated: 455, lfu # items: 10930, lfu sample size: 20100000, samples: 20100000, node 0 mem 75856
CBF freq dist: (1) 78, (1-100) 2961, (100-1000) 7506, (1k-2k) 197, (2k-3k) 4, (3k-5k) 2, (5k-65534) 205, (65k) 55 
CBF freq dist: (1) 354, (1-100) 2292, (100-1000) 111, (1k-2k) 1, (2k-3k) 204, (3k-5k) 47, (5k-65534) 7, (65k) 0 
collected one batch of samples. pages to migrate = 298 
start promoting 67 pages
move page ret -1 
move page error: 12
got ENOMEM. trying against with 13 pages 
second promote attempt return -1
pages migrated: 455, lfu # items: 10930, lfu sample size: 20200000, samples: 20200000, node 0 mem 75856
CBF freq dist: (1) 78, (1-100) 2953, (100-1000) 7511, (1k-2k) 200, (2k-3k) 4, (3k-5k) 2, (5k-65534) 205, (65k) 55 
CBF freq dist: (1) 339, (1-100) 2315, (100-1000) 138, (1k-2k) 1, (2k-3k) 171, (3k-5k) 33, (5k-65534) 54, (65k) 0 
collected one batch of samples. pages to migrate = 298 
start promoting 68 pages
move page ret -1 
move page error: 12
got ENOMEM. trying against with 13 pages 
second promote attempt return -1
pages migrated: 455, lfu # items: 10932, lfu sample size: 20300000, samples: 20300000, node 0 mem 75856
CBF freq dist: (1) 77, (1-100) 2950, (100-1000) 7515, (1k-2k) 201, (2k-3k) 4, (3k-5k) 2, (5k-65534) 204, (65k) 56 
CBF freq dist: (1) 323, (1-100) 2338, (100-1000) 170, (1k-2k) 1, (2k-3k) 3, (3k-5k) 201, (5k-65534) 54, (65k) 0 
[DEBUG] Halving CBF counters.
collected one batch of samples. pages to migrate = 287 
start promoting 72 pages
move page ret -1 
move page error: 12
got ENOMEM. trying against with 14 pages 
second promote attempt return -1
pages migrated: 455, lfu # items: 10933, lfu sample size: 20400000, samples: 20400000, node 0 mem 75856
CBF freq dist: (1) 77, (1-100) 2944, (100-1000) 7516, (1k-2k) 207, (2k-3k) 3, (3k-5k) 3, (5k-65534) 204, (65k) 56 
CBF freq dist: (1) 312, (1-100) 2188, (100-1000) 62, (1k-2k) 204, (2k-3k) 0, (3k-5k) 54, (5k-65534) 0, (65k) 0 
collected one batch of samples. pages to migrate = 279 
start promoting 64 pages
move page ret -1 
move page error: 12
got ENOMEM. trying against with 12 pages 
second promote attempt return -1
pages migrated: 455, lfu # items: 10933, lfu sample size: 20500000, samples: 20500000, node 0 mem 75856
CBF freq dist: (1) 77, (1-100) 2940, (100-1000) 7520, (1k-2k) 207, (2k-3k) 3, (3k-5k) 3, (5k-65534) 204, (65k) 56 
CBF freq dist: (1) 308, (1-100) 2211, (100-1000) 93, (1k-2k) 50, (2k-3k) 154, (3k-5k) 54, (5k-65534) 0, (65k) 0 
collected one batch of samples. pages to migrate = 285 
start promoting 70 pages
move page ret -1 
move page error: 12
got ENOMEM. trying against with 14 pages 
second promote attempt return -1
pages migrated: 455, lfu # items: 10933, lfu sample size: 20600000, samples: 20600000, node 0 mem 75856
CBF freq dist: (1) 77, (1-100) 2933, (100-1000) 7525, (1k-2k) 209, (2k-3k) 3, (3k-5k) 3, (5k-65534) 204, (65k) 56 
CBF freq dist: (1) 299, (1-100) 2246, (100-1000) 118, (1k-2k) 0, (2k-3k) 204, (3k-5k) 46, (5k-65534) 8, (65k) 0 
collected one batch of samples. pages to migrate = 277 
start promoting 65 pages
move page ret -1 
move page error: 12
got ENOMEM. trying against with 13 pages 
second promote attempt return -1
pages migrated: 455, lfu # items: 10934, lfu sample size: 20700000, samples: 20700000, node 0 mem 75856
CBF freq dist: (1) 77, (1-100) 2928, (100-1000) 7530, (1k-2k) 210, (2k-3k) 3, (3k-5k) 3, (5k-65534) 203, (65k) 57 
CBF freq dist: (1) 288, (1-100) 2259, (100-1000) 145, (1k-2k) 1, (2k-3k) 204, (3k-5k) 1, (5k-65534) 53, (65k) 0 
collected one batch of samples. pages to migrate = 281 
start promoting 69 pages
move page ret -1 
move page error: 12
got ENOMEM. trying against with 13 pages 
second promote attempt return -1
pages migrated: 455, lfu # items: 10936, lfu sample size: 20800000, samples: 20800000, node 0 mem 75856
CBF freq dist: (1) 77, (1-100) 2919, (100-1000) 7539, (1k-2k) 212, (2k-3k) 3, (3k-5k) 3, (5k-65534) 201, (65k) 59 
CBF freq dist: (1) 280, (1-100) 2278, (100-1000) 174, (1k-2k) 1, (2k-3k) 111, (3k-5k) 93, (5k-65534) 54, (65k) 0 
collected one batch of samples. pages to migrate = 279 
start promoting 64 pages
move page ret -1 
move page error: 12
got ENOMEM. trying against with 12 pages 
second promote attempt return -1
pages migrated: 455, lfu # items: 10936, lfu sample size: 20900000, samples: 20900000, node 0 mem 75856
CBF freq dist: (1) 76, (1-100) 2908, (100-1000) 7549, (1k-2k) 213, (2k-3k) 3, (3k-5k) 3, (5k-65534) 200, (65k) 60 
CBF freq dist: (1) 280, (1-100) 2314, (100-1000) 191, (1k-2k) 1, (2k-3k) 0, (3k-5k) 204, (5k-65534) 54, (65k) 0 
num_perf_record_lost count 1200
[DEBUG] Halving CBF counters.
collected one batch of samples. pages to migrate = 290 
start promoting 58 pages
move page ret -1 
move page error: 12
got ENOMEM. trying against with 11 pages 
second promote attempt return -1
pages migrated: 455, lfu # items: 10937, lfu sample size: 21000000, samples: 21000000, node 0 mem 75856
CBF freq dist: (1) 77, (1-100) 2895, (100-1000) 7562, (1k-2k) 214, (2k-3k) 2, (3k-5k) 4, (5k-65534) 200, (65k) 60 
CBF freq dist: (1) 477, (1-100) 2424, (100-1000) 39, (1k-2k) 162, (2k-3k) 42, (3k-5k) 54, (5k-65534) 0, (65k) 0 
collected one batch of samples. pages to migrate = 273 
start promoting 58 pages
move page ret -1 
move page error: 12
got ENOMEM. trying against with 11 pages 
second promote attempt return -1
pages migrated: 455, lfu # items: 10939, lfu sample size: 21100000, samples: 21100000, node 0 mem 75848
CBF freq dist: (1) 76, (1-100) 2891, (100-1000) 7567, (1k-2k) 215, (2k-3k) 2, (3k-5k) 4, (5k-65534) 193, (65k) 67 
CBF freq dist: (1) 469, (1-100) 2462, (100-1000) 53, (1k-2k) 0, (2k-3k) 204, (3k-5k) 54, (5k-65534) 0, (65k) 0 
collected one batch of samples. pages to migrate = 295 
start promoting 61 pages
move page ret -1 
move page error: 12
got ENOMEM. trying against with 12 pages 
second promote attempt return -1
pages migrated: 455, lfu # items: 10942, lfu sample size: 21200000, samples: 21200000, node 0 mem 75856
CBF freq dist: (1) 76, (1-100) 2890, (100-1000) 7571, (1k-2k) 215, (2k-3k) 2, (3k-5k) 4, (5k-65534) 190, (65k) 70 
CBF freq dist: (1) 443, (1-100) 2497, (100-1000) 71, (1k-2k) 1, (2k-3k) 204, (3k-5k) 36, (5k-65534) 18, (65k) 0 
collected one batch of samples. pages to migrate = 299 
start promoting 64 pages
move page ret -1 
move page error: 12
got ENOMEM. trying against with 12 pages 
second promote attempt return -1
pages migrated: 455, lfu # items: 10943, lfu sample size: 21300000, samples: 21300000, node 0 mem 75856
CBF freq dist: (1) 76, (1-100) 2886, (100-1000) 7574, (1k-2k) 217, (2k-3k) 2, (3k-5k) 4, (5k-65534) 182, (65k) 78 
CBF freq dist: (1) 431, (1-100) 2522, (100-1000) 90, (1k-2k) 1, (2k-3k) 151, (3k-5k) 55, (5k-65534) 52, (65k) 0 
collected one batch of samples. pages to migrate = 302 
start promoting 67 pages
move page ret -1 
move page error: 12
got ENOMEM. trying against with 13 pages 
second promote attempt return -1
pages migrated: 455, lfu # items: 10943, lfu sample size: 21400000, samples: 21400000, node 0 mem 75856
CBF freq dist: (1) 76, (1-100) 2877, (100-1000) 7582, (1k-2k) 218, (2k-3k) 2, (3k-5k) 4, (5k-65534) 180, (65k) 80 
CBF freq dist: (1) 419, (1-100) 2543, (100-1000) 116, (1k-2k) 2, (2k-3k) 2, (3k-5k) 202, (5k-65534) 54, (65k) 0 
[DEBUG] Halving CBF counters.
collected one batch of samples. pages to migrate = 275 
start promoting 66 pages
move page ret -1 
move page error: 12
got ENOMEM. trying against with 13 pages 
second promote attempt return -1
pages migrated: 455, lfu # items: 10943, lfu sample size: 21500000, samples: 21500000, node 0 mem 75856
CBF freq dist: (1) 76, (1-100) 2875, (100-1000) 7584, (1k-2k) 218, (2k-3k) 2, (3k-5k) 4, (5k-65534) 173, (65k) 87 
CBF freq dist: (1) 363, (1-100) 2253, (100-1000) 48, (1k-2k) 197, (2k-3k) 8, (3k-5k) 53, (5k-65534) 0, (65k) 0 
collected one batch of samples. pages to migrate = 306 
start promoting 66 pages
move page ret -1 
move page error: 12
got ENOMEM. trying against with 13 pages 
second promote attempt return -1
pages migrated: 455, lfu # items: 10947, lfu sample size: 21600000, samples: 21600000, node 0 mem 75856
CBF freq dist: (1) 76, (1-100) 2873, (100-1000) 7587, (1k-2k) 220, (2k-3k) 3, (3k-5k) 4, (5k-65534) 169, (65k) 91 
CBF freq dist: (1) 482, (1-100) 2552, (100-1000) 87, (1k-2k) 68, (2k-3k) 137, (3k-5k) 53, (5k-65534) 0, (65k) 0 
collected one batch of samples. pages to migrate = 306 
start promoting 65 pages
move page ret -1 
move page error: 12
got ENOMEM. trying against with 13 pages 
second promote attempt return -1
pages migrated: 455, lfu # items: 10952, lfu sample size: 21700000, samples: 21700000, node 0 mem 75856
CBF freq dist: (1) 76, (1-100) 2868, (100-1000) 7596, (1k-2k) 220, (2k-3k) 4, (3k-5k) 4, (5k-65534) 165, (65k) 95 
CBF freq dist: (1) 439, (1-100) 2779, (100-1000) 122, (1k-2k) 0, (2k-3k) 205, (3k-5k) 42, (5k-65534) 11, (65k) 0 
collected one batch of samples. pages to migrate = 309 
start promoting 65 pages
move page ret -1 
move page error: 12
got ENOMEM. trying against with 13 pages 
second promote attempt return -1
pages migrated: 455, lfu # items: 10953, lfu sample size: 21800000, samples: 21800000, node 0 mem 75856
CBF freq dist: (1) 76, (1-100) 2861, (100-1000) 7599, (1k-2k) 224, (2k-3k) 5, (3k-5k) 4, (5k-65534) 155, (65k) 105 
CBF freq dist: (1) 341, (1-100) 2838, (100-1000) 154, (1k-2k) 1, (2k-3k) 205, (3k-5k) -1, (5k-65534) 54, (65k) 0 
collected one batch of samples. pages to migrate = 309 
start promoting 69 pages
move page ret -1 
move page error: 12
got ENOMEM. trying against with 13 pages 
second promote attempt return -1
pages migrated: 455, lfu # items: 10953, lfu sample size: 21900000, samples: 21900000, node 0 mem 75856
CBF freq dist: (1) 76, (1-100) 2856, (100-1000) 7603, (1k-2k) 225, (2k-3k) 5, (3k-5k) 4, (5k-65534) 143, (65k) 117 
CBF freq dist: (1) 327, (1-100) 2845, (100-1000) 190, (1k-2k) 1, (2k-3k) 162, (3k-5k) 42, (5k-65534) 54, (65k) 0 
collected one batch of samples. pages to migrate = 304 
start promoting 67 pages
move page ret -1 
move page error: 12
got ENOMEM. trying against with 13 pages 
second promote attempt return -1
pages migrated: 455, lfu # items: 10953, lfu sample size: 22000000, samples: 22000000, node 0 mem 75856
CBF freq dist: (1) 76, (1-100) 2852, (100-1000) 7606, (1k-2k) 226, (2k-3k) 5, (3k-5k) 4, (5k-65534) 126, (65k) 134 
CBF freq dist: (1) 318, (1-100) 2839, (100-1000) 222, (1k-2k) 2, (2k-3k) 6, (3k-5k) 198, (5k-65534) 54, (65k) 0 
[DEBUG] Halving CBF counters.
collected one batch of samples. pages to migrate = 306 
start promoting 67 pages
move page ret -1 
move page error: 12
got ENOMEM. trying against with 13 pages 
second promote attempt return -1
pages migrated: 455, lfu # items: 10953, lfu sample size: 22100000, samples: 22100000, node 0 mem 75856
CBF freq dist: (1) 76, (1-100) 2851, (100-1000) 7604, (1k-2k) 229, (2k-3k) 5, (3k-5k) 4, (5k-65534) 111, (65k) 149 
CBF freq dist: (1) 518, (1-100) 2729, (100-1000) 50, (1k-2k) 190, (2k-3k) 14, (3k-5k) 54, (5k-65534) 0, (65k) 0 
collected one batch of samples. pages to migrate = 304 
start promoting 61 pages
move page ret -1 
move page error: 12
got ENOMEM. trying against with 12 pages 
second promote attempt return -1
pages migrated: 455, lfu # items: 10953, lfu sample size: 22200000, samples: 22200000, node 0 mem 75856
CBF freq dist: (1) 76, (1-100) 2846, (100-1000) 7609, (1k-2k) 229, (2k-3k) 5, (3k-5k) 4, (5k-65534) 93, (65k) 167 
CBF freq dist: (1) 504, (1-100) 2746, (100-1000) 75, (1k-2k) 1, (2k-3k) 203, (3k-5k) 54, (5k-65534) 0, (65k) 0 
collected one batch of samples. pages to migrate = 298 
start promoting 63 pages
move page ret -1 
move page error: 12
got ENOMEM. trying against with 12 pages 
second promote attempt return -1
pages migrated: 455, lfu # items: 10953, lfu sample size: 22300000, samples: 22300000, node 0 mem 75856
CBF freq dist: (1) 76, (1-100) 2843, (100-1000) 7611, (1k-2k) 230, (2k-3k) 5, (3k-5k) 4, (5k-65534) 79, (65k) 181 
CBF freq dist: (1) 491, (1-100) 2761, (100-1000) 95, (1k-2k) 1, (2k-3k) 204, (3k-5k) 16, (5k-65534) 38, (65k) 0 
collected one batch of samples. pages to migrate = 314 
start promoting 75 pages
move page ret -1 
move page error: 12
got ENOMEM. trying against with 15 pages 
second promote attempt return -1
pages migrated: 455, lfu # items: 10953, lfu sample size: 22400000, samples: 22400000, node 0 mem 75856
CBF freq dist: (1) 76, (1-100) 2839, (100-1000) 7614, (1k-2k) 231, (2k-3k) 5, (3k-5k) 4, (5k-65534) 68, (65k) 192 
CBF freq dist: (1) 477, (1-100) 2766, (100-1000) 122, (1k-2k) 1, (2k-3k) 190, (3k-5k) 14, (5k-65534) 54, (65k) 0 
collected one batch of samples. pages to migrate = 302 
start promoting 71 pages
move page ret -1 
move page error: 12
got ENOMEM. trying against with 14 pages 
second promote attempt return -1
pages migrated: 455, lfu # items: 10953, lfu sample size: 22500000, samples: 22500000, node 0 mem 75856
CBF freq dist: (1) 76, (1-100) 2838, (100-1000) 7613, (1k-2k) 233, (2k-3k) 5, (3k-5k) 4, (5k-65534) 50, (65k) 210 
CBF freq dist: (1) 461, (1-100) 2759, (100-1000) 159, (1k-2k) 1, (2k-3k) 19, (3k-5k) 185, (5k-65534) 54, (65k) 0 
[DEBUG] Halving CBF counters.
collected one batch of samples. pages to migrate = 307 
start promoting 68 pages
move page ret -1 
move page error: 12
got ENOMEM. trying against with 13 pages 
second promote attempt return -1
pages migrated: 455, lfu # items: 10953, lfu sample size: 22600000, samples: 22600000, node 0 mem 75856
CBF freq dist: (1) 76, (1-100) 2830, (100-1000) 7621, (1k-2k) 233, (2k-3k) 4, (3k-5k) 5, (5k-65534) 37, (65k) 223 
CBF freq dist: (1) 401, (1-100) 2452, (100-1000) 52, (1k-2k) 203, (2k-3k) 1, (3k-5k) 54, (5k-65534) 0, (65k) 0 
collected one batch of samples. pages to migrate = 297 
start promoting 69 pages
move page ret -1 
move page error: 12
got ENOMEM. trying against with 13 pages 
second promote attempt return -1
pages migrated: 455, lfu # items: 10954, lfu sample size: 22700000, samples: 22700000, node 0 mem 75856
CBF freq dist: (1) 76, (1-100) 2824, (100-1000) 7626, (1k-2k) 235, (2k-3k) 4, (3k-5k) 5, (5k-65534) 27, (65k) 233 
CBF freq dist: (1) 388, (1-100) 2467, (100-1000) 86, (1k-2k) 102, (2k-3k) 102, (3k-5k) 54, (5k-65534) 0, (65k) 0 
frac of unuseful samples too high. Dropping fast tier sampling frequency to 50000 
closing perf counter 0, 0
[INFO] Hybridtier perf sampling freq: 50000
Perf mmap size 135168, page size 4096 
closing perf counter 1, 0
[INFO] Hybridtier perf sampling freq: 50000
Perf mmap size 135168, page size 4096 
closing perf counter 2, 0
[INFO] Hybridtier perf sampling freq: 50000
Perf mmap size 135168, page size 4096 
closing perf counter 3, 0
[INFO] Hybridtier perf sampling freq: 50000
Perf mmap size 135168, page size 4096 
closing perf counter 4, 0
[INFO] Hybridtier perf sampling freq: 50000
Perf mmap size 135168, page size 4096 
closing perf counter 5, 0
[INFO] Hybridtier perf sampling freq: 50000
Perf mmap size 135168, page size 4096 
closing perf counter 6, 0
[INFO] Hybridtier perf sampling freq: 50000
Perf mmap size 135168, page size 4096 
closing perf counter 7, 0
[INFO] Hybridtier perf sampling freq: 50000
Perf mmap size 135168, page size 4096 
closing perf counter 8, 0
[INFO] Hybridtier perf sampling freq: 50000
Perf mmap size 135168, page size 4096 
closing perf counter 9, 0
[INFO] Hybridtier perf sampling freq: 50000
Perf mmap size 135168, page size 4096 
closing perf counter 10, 0
[INFO] Hybridtier perf sampling freq: 50000
Perf mmap size 135168, page size 4096 
closing perf counter 11, 0
[INFO] Hybridtier perf sampling freq: 50000
Perf mmap size 135168, page size 4096 
closing perf counter 12, 0
[INFO] Hybridtier perf sampling freq: 50000
Perf mmap size 135168, page size 4096 
closing perf counter 13, 0
[INFO] Hybridtier perf sampling freq: 50000
Perf mmap size 135168, page size 4096 
closing perf counter 14, 0
[INFO] Hybridtier perf sampling freq: 50000
Perf mmap size 135168, page size 4096 
closing perf counter 15, 0
[INFO] Hybridtier perf sampling freq: 50000
Perf mmap size 135168, page size 4096 
collected one batch of samples. pages to migrate = 296 
start promoting 85 pages
move page ret -1 
move page error: 12
got ENOMEM. trying against with 17 pages 
second promote attempt return -1
pages migrated: 455, lfu # items: 10954, lfu sample size: 22800000, samples: 22800000, node 0 mem 75856
CBF freq dist: (1) 76, (1-100) 2819, (100-1000) 7627, (1k-2k) 239, (2k-3k) 4, (3k-5k) 5, (5k-65534) 22, (65k) 238 
CBF freq dist: (1) 372, (1-100) 2478, (100-1000) 143, (1k-2k) 4, (2k-3k) 200, (3k-5k) 0, (5k-65534) 54, (65k) 0 
frac of unuseful samples too high. Dropping fast tier sampling frequency to 25000 
closing perf counter 0, 0
[INFO] Hybridtier perf sampling freq: 25000
Perf mmap size 135168, page size 4096 
closing perf counter 1, 0
[INFO] Hybridtier perf sampling freq: 25000
Perf mmap size 135168, page size 4096 
closing perf counter 2, 0
[INFO] Hybridtier perf sampling freq: 25000
Perf mmap size 135168, page size 4096 
closing perf counter 3, 0
[INFO] Hybridtier perf sampling freq: 25000
Perf mmap size 135168, page size 4096 
closing perf counter 4, 0
[INFO] Hybridtier perf sampling freq: 25000
Perf mmap size 135168, page size 4096 
closing perf counter 5, 0
[INFO] Hybridtier perf sampling freq: 25000
Perf mmap size 135168, page size 4096 
closing perf counter 6, 0
[INFO] Hybridtier perf sampling freq: 25000
Perf mmap size 135168, page size 4096 
closing perf counter 7, 0
[INFO] Hybridtier perf sampling freq: 25000
Perf mmap size 135168, page size 4096 
closing perf counter 8, 0
[INFO] Hybridtier perf sampling freq: 25000
Perf mmap size 135168, page size 4096 
closing perf counter 9, 0
[INFO] Hybridtier perf sampling freq: 25000
Perf mmap size 135168, page size 4096 
closing perf counter 10, 0
[INFO] Hybridtier perf sampling freq: 25000
Perf mmap size 135168, page size 4096 
closing perf counter 11, 0
[INFO] Hybridtier perf sampling freq: 25000
Perf mmap size 135168, page size 4096 
closing perf counter 12, 0
[INFO] Hybridtier perf sampling freq: 25000
Perf mmap size 135168, page size 4096 
closing perf counter 13, 0
[INFO] Hybridtier perf sampling freq: 25000
Perf mmap size 135168, page size 4096 
closing perf counter 14, 0
[INFO] Hybridtier perf sampling freq: 25000
Perf mmap size 135168, page size 4096 
closing perf counter 15, 0
[INFO] Hybridtier perf sampling freq: 25000
Perf mmap size 135168, page size 4096 
collected one batch of samples. pages to migrate = 318 
start promoting 96 pages
move page ret -1 
move page error: 12
got ENOMEM. trying against with 19 pages 
second promote attempt return -1
pages migrated: 455, lfu # items: 10956, lfu sample size: 22900000, samples: 22900000, node 0 mem 75856
CBF freq dist: (1) 76, (1-100) 2815, (100-1000) 7631, (1k-2k) 241, (2k-3k) 4, (3k-5k) 5, (5k-65534) 18, (65k) 242 
CBF freq dist: (1) 363, (1-100) 2476, (100-1000) 218, (1k-2k) 2, (2k-3k) 202, (3k-5k) 0, (5k-65534) 54, (65k) 0 
frac of unuseful samples too high. Dropping fast tier sampling frequency to 12500 
closing perf counter 0, 0
[INFO] Hybridtier perf sampling freq: 12500
Perf mmap size 135168, page size 4096 
closing perf counter 1, 0
[INFO] Hybridtier perf sampling freq: 12500
Perf mmap size 135168, page size 4096 
closing perf counter 2, 0
[INFO] Hybridtier perf sampling freq: 12500
Perf mmap size 135168, page size 4096 
closing perf counter 3, 0
[INFO] Hybridtier perf sampling freq: 12500
Perf mmap size 135168, page size 4096 
closing perf counter 4, 0
[INFO] Hybridtier perf sampling freq: 12500
Perf mmap size 135168, page size 4096 
closing perf counter 5, 0
[INFO] Hybridtier perf sampling freq: 12500
Perf mmap size 135168, page size 4096 
closing perf counter 6, 0
[INFO] Hybridtier perf sampling freq: 12500
Perf mmap size 135168, page size 4096 
closing perf counter 7, 0
[INFO] Hybridtier perf sampling freq: 12500
Perf mmap size 135168, page size 4096 
closing perf counter 8, 0
[INFO] Hybridtier perf sampling freq: 12500
Perf mmap size 135168, page size 4096 
closing perf counter 9, 0
[INFO] Hybridtier perf sampling freq: 12500
Perf mmap size 135168, page size 4096 
closing perf counter 10, 0
[INFO] Hybridtier perf sampling freq: 12500
Perf mmap size 135168, page size 4096 
closing perf counter 11, 0
[INFO] Hybridtier perf sampling freq: 12500
Perf mmap size 135168, page size 4096 
closing perf counter 12, 0
[INFO] Hybridtier perf sampling freq: 12500
Perf mmap size 135168, page size 4096 
closing perf counter 13, 0
[INFO] Hybridtier perf sampling freq: 12500
Perf mmap size 135168, page size 4096 
closing perf counter 14, 0
[INFO] Hybridtier perf sampling freq: 12500
Perf mmap size 135168, page size 4096 
closing perf counter 15, 0
[INFO] Hybridtier perf sampling freq: 12500
Perf mmap size 135168, page size 4096 
num_perf_record_lost count 1300
collected one batch of samples. pages to migrate = 307 
start promoting 97 pages
move page ret -1 
move page error: 12
got ENOMEM. trying against with 19 pages 
second promote attempt return -1
pages migrated: 455, lfu # items: 10956, lfu sample size: 23000000, samples: 23000000, node 0 mem 75856
CBF freq dist: (1) 76, (1-100) 2804, (100-1000) 7636, (1k-2k) 247, (2k-3k) 4, (3k-5k) 5, (5k-65534) 16, (65k) 244 
CBF freq dist: (1) 349, (1-100) 2459, (100-1000) 292, (1k-2k) 2, (2k-3k) 202, (3k-5k) 0, (5k-65534) 54, (65k) 0 
collected one batch of samples. pages to migrate = 325 
start promoting 105 pages
move page ret -1 
move page error: 12
got ENOMEM. trying against with 21 pages 
second promote attempt return -1
pages migrated: 455, lfu # items: 10956, lfu sample size: 23100000, samples: 23100000, node 0 mem 75616
CBF freq dist: (1) 76, (1-100) 2797, (100-1000) 7635, (1k-2k) 255, (2k-3k) 4, (3k-5k) 5, (5k-65534) 13, (65k) 247 
CBF freq dist: (1) 334, (1-100) 2447, (100-1000) 351, (1k-2k) 2, (2k-3k) 202, (3k-5k) 0, (5k-65534) 54, (65k) 0 
[DEBUG] Halving CBF counters.
collected one batch of samples. pages to migrate = 310 
start promoting 100 pages
move page ret -1 
move page error: 12
got ENOMEM. trying against with 20 pages 
second promote attempt return -1
pages migrated: 455, lfu # items: 10956, lfu sample size: 23200000, samples: 23200000, node 0 mem 75616
CBF freq dist: (1) 76, (1-100) 2796, (100-1000) 7630, (1k-2k) 261, (2k-3k) 4, (3k-5k) 5, (5k-65534) 10, (65k) 250 
CBF freq dist: (1) 395, (1-100) 2334, (100-1000) 181, (1k-2k) 202, (2k-3k) 0, (3k-5k) 0, (5k-65534) 54, (65k) 0 
collected one batch of samples. pages to migrate = 322 
start promoting 109 pages
move page ret -1 
move page error: 12
got ENOMEM. trying against with 21 pages 
second promote attempt return -1
pages migrated: 455, lfu # items: 10956, lfu sample size: 23300000, samples: 23300000, node 0 mem 75616
CBF freq dist: (1) 76, (1-100) 2788, (100-1000) 7629, (1k-2k) 270, (2k-3k) 4, (3k-5k) 5, (5k-65534) 9, (65k) 251 
CBF freq dist: (1) 388, (1-100) 2322, (100-1000) 256, (1k-2k) 202, (2k-3k) 0, (3k-5k) 0, (5k-65534) 54, (65k) 0 
collected one batch of samples. pages to migrate = 320 
start promoting 107 pages
move page ret -1 
move page error: 12
got ENOMEM. trying against with 21 pages 
second promote attempt return -1
pages migrated: 455, lfu # items: 10956, lfu sample size: 23400000, samples: 23400000, node 0 mem 75616
CBF freq dist: (1) 76, (1-100) 2783, (100-1000) 7627, (1k-2k) 276, (2k-3k) 5, (3k-5k) 5, (5k-65534) 7, (65k) 253 
CBF freq dist: (1) 370, (1-100) 2313, (100-1000) 322, (1k-2k) 202, (2k-3k) 0, (3k-5k) 0, (5k-65534) 54, (65k) 0 
collected one batch of samples. pages to migrate = 324 
start promoting 103 pages
move page ret -1 
move page error: 12
got ENOMEM. trying against with 20 pages 
second promote attempt return -1
pages migrated: 455, lfu # items: 10956, lfu sample size: 23500000, samples: 23500000, node 0 mem 75616
CBF freq dist: (1) 76, (1-100) 2779, (100-1000) 7627, (1k-2k) 280, (2k-3k) 5, (3k-5k) 5, (5k-65534) 7, (65k) 253 
CBF freq dist: (1) 349, (1-100) 2289, (100-1000) 391, (1k-2k) 202, (2k-3k) 0, (3k-5k) 0, (5k-65534) 54, (65k) 0 
collected one batch of samples. pages to migrate = 329 
start promoting 109 pages
move page ret -1 
move page error: 12
got ENOMEM. trying against with 21 pages 
second promote attempt return -1
pages migrated: 455, lfu # items: 10957, lfu sample size: 23600000, samples: 23600000, node 0 mem 75616
CBF freq dist: (1) 76, (1-100) 2771, (100-1000) 7629, (1k-2k) 287, (2k-3k) 5, (3k-5k) 5, (5k-65534) 7, (65k) 253 
CBF freq dist: (1) 332, (1-100) 2263, (100-1000) 459, (1k-2k) 202, (2k-3k) 0, (3k-5k) 0, (5k-65534) 54, (65k) 0 
[DEBUG] Halving CBF counters.
collected one batch of samples. pages to migrate = 327 
start promoting 111 pages
move page ret -1 
move page error: 12
got ENOMEM. trying against with 22 pages 
second promote attempt return -1
pages migrated: 455, lfu # items: 10958, lfu sample size: 23700000, samples: 23700000, node 0 mem 75616
CBF freq dist: (1) 76, (1-100) 2764, (100-1000) 7630, (1k-2k) 294, (2k-3k) 5, (3k-5k) 5, (5k-65534) 7, (65k) 253 
CBF freq dist: (1) 312, (1-100) 2176, (100-1000) 451, (1k-2k) 2, (2k-3k) 0, (3k-5k) 0, (5k-65534) 54, (65k) 0 
collected one batch of samples. pages to migrate = 324 
start promoting 105 pages
move page ret -1 
move page error: 12
got ENOMEM. trying against with 21 pages 
second promote attempt return -1
pages migrated: 455, lfu # items: 10958, lfu sample size: 23800000, samples: 23800000, node 0 mem 75616
CBF freq dist: (1) 76, (1-100) 2763, (100-1000) 7625, (1k-2k) 300, (2k-3k) 5, (3k-5k) 5, (5k-65534) 7, (65k) 253 
CBF freq dist: (1) 290, (1-100) 2153, (100-1000) 436, (1k-2k) 81, (2k-3k) 0, (3k-5k) 0, (5k-65534) 54, (65k) 0 
collected one batch of samples. pages to migrate = 319 
start promoting 102 pages
move page ret -1 
move page error: 12
got ENOMEM. trying against with 20 pages 
second promote attempt return -1
pages migrated: 455, lfu # items: 10958, lfu sample size: 23900000, samples: 23900000, node 0 mem 75616
CBF freq dist: (1) 76, (1-100) 2761, (100-1000) 7620, (1k-2k) 307, (2k-3k) 5, (3k-5k) 5, (5k-65534) 6, (65k) 254 
CBF freq dist: (1) 277, (1-100) 2146, (100-1000) 376, (1k-2k) 199, (2k-3k) 0, (3k-5k) 0, (5k-65534) 54, (65k) 0 
collected one batch of samples. pages to migrate = 310 
start promoting 91 pages
move page ret -1 
move page error: 12
got ENOMEM. trying against with 18 pages 
second promote attempt return -1
pages migrated: 455, lfu # items: 10959, lfu sample size: 24000000, samples: 24000000, node 0 mem 75616
CBF freq dist: (1) 76, (1-100) 2755, (100-1000) 7624, (1k-2k) 310, (2k-3k) 5, (3k-5k) 5, (5k-65534) 6, (65k) 254 
CBF freq dist: (1) 271, (1-100) 2157, (100-1000) 424, (1k-2k) 201, (2k-3k) 0, (3k-5k) 0, (5k-65534) 54, (65k) 0 
collected one batch of samples. pages to migrate = 300 
start promoting 85 pages
move page ret -1 
move page error: 12
got ENOMEM. trying against with 17 pages 
second promote attempt return -1
pages migrated: 455, lfu # items: 10961, lfu sample size: 24100000, samples: 24100000, node 0 mem 75616
CBF freq dist: (1) 76, (1-100) 2757, (100-1000) 7622, (1k-2k) 312, (2k-3k) 5, (3k-5k) 5, (5k-65534) 6, (65k) 254 
CBF freq dist: (1) 258, (1-100) 2157, (100-1000) 460, (1k-2k) 202, (2k-3k) 0, (3k-5k) 0, (5k-65534) 54, (65k) 0 
collected one batch of samples. pages to migrate = 324 
start promoting 106 pages
move page ret -1 
move page error: 12
got ENOMEM. trying against with 21 pages 
second promote attempt return -1
pages migrated: 455, lfu # items: 10961, lfu sample size: 24200000, samples: 24200000, node 0 mem 75616
CBF freq dist: (1) 76, (1-100) 2753, (100-1000) 7622, (1k-2k) 316, (2k-3k) 5, (3k-5k) 5, (5k-65534) 6, (65k) 254 
CBF freq dist: (1) 244, (1-100) 2129, (100-1000) 518, (1k-2k) 202, (2k-3k) 0, (3k-5k) 0, (5k-65534) 54, (65k) 0 
[DEBUG] Halving CBF counters.
collected one batch of samples. pages to migrate = 320 
start promoting 98 pages
move page ret -1 
move page error: 12
got ENOMEM. trying against with 19 pages 
second promote attempt return -1
pages migrated: 455, lfu # items: 10961, lfu sample size: 24300000, samples: 24300000, node 0 mem 75616
CBF freq dist: (1) 76, (1-100) 2750, (100-1000) 7620, (1k-2k) 320, (2k-3k) 6, (3k-5k) 5, (5k-65534) 6, (65k) 254 
CBF freq dist: (1) 309, (1-100) 2217, (100-1000) 435, (1k-2k) 1, (2k-3k) 0, (3k-5k) 0, (5k-65534) 54, (65k) 0 
collected one batch of samples. pages to migrate = 321 
start promoting 92 pages
move page ret -1 
move page error: 12
got ENOMEM. trying against with 18 pages 
second promote attempt return -1
pages migrated: 455, lfu # items: 10967, lfu sample size: 24400000, samples: 24400000, node 0 mem 75616
CBF freq dist: (1) 80, (1-100) 2748, (100-1000) 7625, (1k-2k) 323, (2k-3k) 6, (3k-5k) 5, (5k-65534) 6, (65k) 254 
CBF freq dist: (1) 318, (1-100) 2265, (100-1000) 484, (1k-2k) 2, (2k-3k) 0, (3k-5k) 0, (5k-65534) 54, (65k) 0 
collected one batch of samples. pages to migrate = 327 
start promoting 108 pages
move page ret -1 
move page error: 12
got ENOMEM. trying against with 21 pages 
second promote attempt return -1
pages migrated: 455, lfu # items: 10967, lfu sample size: 24500000, samples: 24500000, node 0 mem 75616
CBF freq dist: (1) 80, (1-100) 2741, (100-1000) 7622, (1k-2k) 333, (2k-3k) 6, (3k-5k) 5, (5k-65534) 6, (65k) 254 
CBF freq dist: (1) 308, (1-100) 2247, (100-1000) 503, (1k-2k) 40, (2k-3k) 0, (3k-5k) 0, (5k-65534) 54, (65k) 0 
collected one batch of samples. pages to migrate = 317 
start promoting 95 pages
move page ret -1 
move page error: 12
got ENOMEM. trying against with 19 pages 
second promote attempt return -1
pages migrated: 455, lfu # items: 10967, lfu sample size: 24600000, samples: 24600000, node 0 mem 75616
CBF freq dist: (1) 80, (1-100) 2739, (100-1000) 7622, (1k-2k) 335, (2k-3k) 6, (3k-5k) 5, (5k-65534) 6, (65k) 254 
CBF freq dist: (1) 303, (1-100) 2226, (100-1000) 422, (1k-2k) 181, (2k-3k) 0, (3k-5k) 0, (5k-65534) 54, (65k) 0 
num_perf_record_lost count 1400
collected one batch of samples. pages to migrate = 321 
start promoting 103 pages
move page ret -1 
move page error: 12
got ENOMEM. trying against with 20 pages 
second promote attempt return -1
pages migrated: 455, lfu # items: 10967, lfu sample size: 24700000, samples: 24700000, node 0 mem 75616
CBF freq dist: (1) 80, (1-100) 2734, (100-1000) 7624, (1k-2k) 338, (2k-3k) 6, (3k-5k) 5, (5k-65534) 6, (65k) 254 
CBF freq dist: (1) 293, (1-100) 2201, (100-1000) 462, (1k-2k) 201, (2k-3k) 0, (3k-5k) 0, (5k-65534) 54, (65k) 0 
[DEBUG] Halving CBF counters.
collected one batch of samples. pages to migrate = 328 
start promoting 114 pages
move page ret -1 
move page error: 12
got ENOMEM. trying against with 22 pages 
second promote attempt return -1
pages migrated: 455, lfu # items: 10967, lfu sample size: 24800000, samples: 24800000, node 0 mem 75620
CBF freq dist: (1) 80, (1-100) 2727, (100-1000) 7617, (1k-2k) 352, (2k-3k) 6, (3k-5k) 5, (5k-65534) 6, (65k) 254 
CBF freq dist: (1) 289, (1-100) 2168, (100-1000) 440, (1k-2k) 0, (2k-3k) 0, (3k-5k) 0, (5k-65534) 54, (65k) 0 
collected one batch of samples. pages to migrate = 322 
start promoting 108 pages
move page ret -1 
move page error: 12
got ENOMEM. trying against with 21 pages 
second promote attempt return -1
pages migrated: 455, lfu # items: 10967, lfu sample size: 24900000, samples: 24900000, node 0 mem 75620
CBF freq dist: (1) 80, (1-100) 2724, (100-1000) 7614, (1k-2k) 358, (2k-3k) 5, (3k-5k) 6, (5k-65534) 6, (65k) 254 
CBF freq dist: (1) 285, (1-100) 2154, (100-1000) 496, (1k-2k) 0, (2k-3k) 0, (3k-5k) 0, (5k-65534) 54, (65k) 0 
[DEBUG] Number of hot pages promoted in 50 batches = 0 
[INFO] Reached promotion plateau. cur hot page size 2491416576, fast mem 80% 3435973836
[INFO] Decrease hot thresh to 700.
collected one batch of samples. pages to migrate = 339 
start promoting 120 pages
move page ret -1 
move page error: 12
got ENOMEM. trying against with 24 pages 
second promote attempt return -1
pages migrated: 455, lfu # items: 10967, lfu sample size: 25000000, samples: 25000000, node 0 mem 75620
CBF freq dist: (1) 80, (1-100) 2722, (100-1000) 7605, (1k-2k) 368, (2k-3k) 6, (3k-5k) 6, (5k-65534) 6, (65k) 254 
CBF freq dist: (1) 278, (1-100) 2119, (100-1000) 559, (1k-2k) 1, (2k-3k) 0, (3k-5k) 0, (5k-65534) 54, (65k) 0 
collected one batch of samples. pages to migrate = 332 
start promoting 115 pages
move page ret -1 
move page error: 12
got ENOMEM. trying against with 23 pages 
second promote attempt return -1
pages migrated: 455, lfu # items: 10967, lfu sample size: 25100000, samples: 25100000, node 0 mem 75620
CBF freq dist: (1) 80, (1-100) 2716, (100-1000) 7605, (1k-2k) 374, (2k-3k) 6, (3k-5k) 6, (5k-65534) 6, (65k) 254 
CBF freq dist: (1) 262, (1-100) 2079, (100-1000) 622, (1k-2k) 10, (2k-3k) 0, (3k-5k) 0, (5k-65534) 54, (65k) 0 
collected one batch of samples. pages to migrate = 335 
start promoting 122 pages
move page ret -1 
move page error: 12
got ENOMEM. trying against with 24 pages 
second promote attempt return -1
pages migrated: 455, lfu # items: 10967, lfu sample size: 25200000, samples: 25200000, node 0 mem 75900
CBF freq dist: (1) 80, (1-100) 2709, (100-1000) 7606, (1k-2k) 380, (2k-3k) 6, (3k-5k) 6, (5k-65534) 6, (65k) 254 
CBF freq dist: (1) 254, (1-100) 2045, (100-1000) 576, (1k-2k) 130, (2k-3k) 0, (3k-5k) 0, (5k-65534) 54, (65k) 0 
collected one batch of samples. pages to migrate = 329 
start promoting 113 pages
move page ret -1 
move page error: 12
got ENOMEM. trying against with 22 pages 
second promote attempt return -1
pages migrated: 455, lfu # items: 10967, lfu sample size: 25300000, samples: 25300000, node 0 mem 75908
CBF freq dist: (1) 80, (1-100) 2706, (100-1000) 7601, (1k-2k) 388, (2k-3k) 6, (3k-5k) 6, (5k-65534) 6, (65k) 254 
CBF freq dist: (1) 254, (1-100) 2042, (100-1000) 555, (1k-2k) 201, (2k-3k) 0, (3k-5k) 0, (5k-65534) 54, (65k) 0 
[DEBUG] Halving CBF counters.
collected one batch of samples. pages to migrate = 334 
start promoting 112 pages
move page ret -1 
move page error: 12
got ENOMEM. trying against with 22 pages 
second promote attempt return -1
pages migrated: 455, lfu # items: 10967, lfu sample size: 25400000, samples: 25400000, node 0 mem 75908
CBF freq dist: (1) 80, (1-100) 2702, (100-1000) 7598, (1k-2k) 395, (2k-3k) 6, (3k-5k) 6, (5k-65534) 6, (65k) 254 
CBF freq dist: (1) 299, (1-100) 2106, (100-1000) 487, (1k-2k) 0, (2k-3k) 0, (3k-5k) 0, (5k-65534) 54, (65k) 0 
collected one batch of samples. pages to migrate = 332 
start promoting 118 pages
move page ret -1 
move page error: 12
got ENOMEM. trying against with 23 pages 
second promote attempt return -1
pages migrated: 455, lfu # items: 10967, lfu sample size: 25500000, samples: 25500000, node 0 mem 75908
CBF freq dist: (1) 80, (1-100) 2698, (100-1000) 7597, (1k-2k) 400, (2k-3k) 6, (3k-5k) 6, (5k-65534) 6, (65k) 254 
CBF freq dist: (1) 283, (1-100) 2085, (100-1000) 556, (1k-2k) 1, (2k-3k) 0, (3k-5k) 0, (5k-65534) 54, (65k) 0 
collected one batch of samples. pages to migrate = 338 
start promoting 114 pages
move page ret -1 
move page error: 12
got ENOMEM. trying against with 22 pages 
second promote attempt return -1
pages migrated: 455, lfu # items: 10967, lfu sample size: 25600000, samples: 25600000, node 0 mem 75908
CBF freq dist: (1) 80, (1-100) 2695, (100-1000) 7592, (1k-2k) 408, (2k-3k) 6, (3k-5k) 6, (5k-65534) 6, (65k) 254 
CBF freq dist: (1) 271, (1-100) 2072, (100-1000) 623, (1k-2k) 1, (2k-3k) 0, (3k-5k) 0, (5k-65534) 54, (65k) 0 
collected one batch of samples. pages to migrate = 335 
start promoting 116 pages
move page ret -1 
move page error: 12
got ENOMEM. trying against with 23 pages 
second promote attempt return -1
pages migrated: 455, lfu # items: 10968, lfu sample size: 25700000, samples: 25700000, node 0 mem 75908
CBF freq dist: (1) 80, (1-100) 2690, (100-1000) 7590, (1k-2k) 416, (2k-3k) 6, (3k-5k) 6, (5k-65534) 6, (65k) 254 
CBF freq dist: (1) 263, (1-100) 2040, (100-1000) 691, (1k-2k) 10, (2k-3k) 0, (3k-5k) 0, (5k-65534) 54, (65k) 0 
collected one batch of samples. pages to migrate = 339 
start promoting 112 pages
move page ret -1 
move page error: 12
got ENOMEM. trying against with 22 pages 
second promote attempt return -1
pages migrated: 455, lfu # items: 10969, lfu sample size: 25800000, samples: 25800000, node 0 mem 75908
CBF freq dist: (1) 80, (1-100) 2688, (100-1000) 7588, (1k-2k) 421, (2k-3k) 6, (3k-5k) 6, (5k-65534) 5, (65k) 255 
CBF freq dist: (1) 261, (1-100) 2025, (100-1000) 659, (1k-2k) 109, (2k-3k) 0, (3k-5k) 0, (5k-65534) 54, (65k) 0 
[DEBUG] Halving CBF counters.
collected one batch of samples. pages to migrate = 321 
start promoting 108 pages
move page ret -1 
move page error: 12
got ENOMEM. trying against with 21 pages 
second promote attempt return -1
pages migrated: 455, lfu # items: 10970, lfu sample size: 25900000, samples: 25900000, node 0 mem 75908
CBF freq dist: (1) 80, (1-100) 2682, (100-1000) 7586, (1k-2k) 430, (2k-3k) 6, (3k-5k) 6, (5k-65534) 5, (65k) 255 
CBF freq dist: (1) 230, (1-100) 2112, (100-1000) 463, (1k-2k) 1, (2k-3k) -1, (3k-5k) 0, (5k-65534) 54, (65k) 0 
collected one batch of samples. pages to migrate = 330 
start promoting 108 pages
move page ret -1 
move page error: 12
got ENOMEM. trying against with 21 pages 
second promote attempt return -1
pages migrated: 455, lfu # items: 10971, lfu sample size: 26000000, samples: 26000000, node 0 mem 75908
CBF freq dist: (1) 80, (1-100) 2674, (100-1000) 7591, (1k-2k) 434, (2k-3k) 6, (3k-5k) 6, (5k-65534) 5, (65k) 255 
CBF freq dist: (1) 232, (1-100) 2115, (100-1000) 529, (1k-2k) 1, (2k-3k) -1, (3k-5k) 0, (5k-65534) 54, (65k) 0 
collected one batch of samples. pages to migrate = 321 
start promoting 106 pages
move page ret -1 
move page error: 12
got ENOMEM. trying against with 21 pages 
second promote attempt return -1
pages migrated: 455, lfu # items: 10973, lfu sample size: 26100000, samples: 26100000, node 0 mem 75908
CBF freq dist: (1) 80, (1-100) 2670, (100-1000) 7592, (1k-2k) 439, (2k-3k) 6, (3k-5k) 6, (5k-65534) 4, (65k) 256 
CBF freq dist: (1) 225, (1-100) 2102, (100-1000) 588, (1k-2k) 2, (2k-3k) -1, (3k-5k) 0, (5k-65534) 54, (65k) 0 
collected one batch of samples. pages to migrate = 319 
start promoting 107 pages
move page ret -1 
move page error: 12
got ENOMEM. trying against with 21 pages 
second promote attempt return -1
pages migrated: 455, lfu # items: 10974, lfu sample size: 26200000, samples: 26200000, node 0 mem 75908
CBF freq dist: (1) 80, (1-100) 2669, (100-1000) 7590, (1k-2k) 443, (2k-3k) 6, (3k-5k) 6, (5k-65534) 4, (65k) 256 
CBF freq dist: (1) 211, (1-100) 2109, (100-1000) 640, (1k-2k) 3, (2k-3k) -1, (3k-5k) 0, (5k-65534) 54, (65k) 0 
collected one batch of samples. pages to migrate = 302 
start promoting 91 pages
move page ret -1 
move page error: 12
got ENOMEM. trying against with 18 pages 
second promote attempt return -1
pages migrated: 455, lfu # items: 10974, lfu sample size: 26300000, samples: 26300000, node 0 mem 75908
CBF freq dist: (1) 80, (1-100) 2664, (100-1000) 7590, (1k-2k) 448, (2k-3k) 6, (3k-5k) 6, (5k-65534) 4, (65k) 256 
CBF freq dist: (1) 211, (1-100) 2128, (100-1000) 676, (1k-2k) 6, (2k-3k) -1, (3k-5k) 0, (5k-65534) 54, (65k) 0 
collected one batch of samples. pages to migrate = 316 
start promoting 104 pages
move page ret 104 
move page error: 12
got ENOMEM. trying against with 20 pages 
second promote attempt return -1
pages migrated: 455, lfu # items: 10975, lfu sample size: 26400000, samples: 26400000, node 0 mem 75908
CBF freq dist: (1) 80, (1-100) 2661, (100-1000) 7588, (1k-2k) 454, (2k-3k) 6, (3k-5k) 6, (5k-65534) 4, (65k) 256 
CBF freq dist: (1) 204, (1-100) 2108, (100-1000) 702, (1k-2k) 32, (2k-3k) -1, (3k-5k) 0, (5k-65534) 54, (65k) 0 
num_perf_record_lost count 1500
[DEBUG] Halving CBF counters.
collected one batch of samples. pages to migrate = 308 
start promoting 94 pages
move page ret -1 
move page error: 12
got ENOMEM. trying against with 18 pages 
second promote attempt return -1
pages migrated: 455, lfu # items: 10976, lfu sample size: 26500000, samples: 26500000, node 0 mem 75908
CBF freq dist: (1) 81, (1-100) 2658, (100-1000) 7584, (1k-2k) 462, (2k-3k) 6, (3k-5k) 5, (5k-65534) 5, (65k) 256 
CBF freq dist: (1) 213, (1-100) 2249, (100-1000) 428, (1k-2k) -1, (2k-3k) 0, (3k-5k) 0, (5k-65534) 54, (65k) 0 
collected one batch of samples. pages to migrate = 343 
start promoting 113 pages
move page ret -1 
move page error: 12
got ENOMEM. trying against with 22 pages 
second promote attempt return -1
pages migrated: 455, lfu # items: 10976, lfu sample size: 26600000, samples: 26600000, node 0 mem 75908
CBF freq dist: (1) 81, (1-100) 2652, (100-1000) 7584, (1k-2k) 468, (2k-3k) 6, (3k-5k) 5, (5k-65534) 5, (65k) 256 
CBF freq dist: (1) 258, (1-100) 2314, (100-1000) 488, (1k-2k) 1, (2k-3k) 0, (3k-5k) 0, (5k-65534) 54, (65k) 0 
collected one batch of samples. pages to migrate = 338 
start promoting 113 pages
move page ret -1 
move page error: 12
got ENOMEM. trying against with 22 pages 
second promote attempt return -1
pages migrated: 455, lfu # items: 10977, lfu sample size: 26700000, samples: 26700000, node 0 mem 75908
CBF freq dist: (1) 81, (1-100) 2647, (100-1000) 7584, (1k-2k) 474, (2k-3k) 6, (3k-5k) 5, (5k-65534) 5, (65k) 256 
CBF freq dist: (1) 248, (1-100) 2308, (100-1000) 542, (1k-2k) 2, (2k-3k) 0, (3k-5k) 0, (5k-65534) 54, (65k) 0 
collected one batch of samples. pages to migrate = 327 
start promoting 107 pages
move page ret -1 
move page error: 12
got ENOMEM. trying against with 21 pages 
second promote attempt return -1
pages migrated: 455, lfu # items: 10977, lfu sample size: 26800000, samples: 26800000, node 0 mem 75908
CBF freq dist: (1) 81, (1-100) 2642, (100-1000) 7582, (1k-2k) 481, (2k-3k) 6, (3k-5k) 5, (5k-65534) 5, (65k) 256 
CBF freq dist: (1) 248, (1-100) 2304, (100-1000) 585, (1k-2k) 15, (2k-3k) 0, (3k-5k) 0, (5k-65534) 54, (65k) 0 
collected one batch of samples. pages to migrate = 347 
start promoting 125 pages
move page ret -1 
move page error: 12
got ENOMEM. trying against with 25 pages 
second promote attempt return -1
pages migrated: 455, lfu # items: 10977, lfu sample size: 26900000, samples: 26900000, node 0 mem 75908
CBF freq dist: (1) 81, (1-100) 2636, (100-1000) 7577, (1k-2k) 492, (2k-3k) 6, (3k-5k) 5, (5k-65534) 5, (65k) 256 
CBF freq dist: (1) 240, (1-100) 2281, (100-1000) 584, (1k-2k) 82, (2k-3k) 0, (3k-5k) 0, (5k-65534) 54, (65k) 0 
[DEBUG] Halving CBF counters.
collected one batch of samples. pages to migrate = 335 
start promoting 113 pages
move page ret -1 
move page error: 12
got ENOMEM. trying against with 22 pages 
second promote attempt return -1
pages migrated: 455, lfu # items: 10977, lfu sample size: 27000000, samples: 27000000, node 0 mem 75908
CBF freq dist: (1) 81, (1-100) 2631, (100-1000) 7570, (1k-2k) 504, (2k-3k) 6, (3k-5k) 5, (5k-65534) 5, (65k) 256 
CBF freq dist: (1) 303, (1-100) 2339, (100-1000) 415, (1k-2k) 0, (2k-3k) 0, (3k-5k) 0, (5k-65534) 54, (65k) 0 
collected one batch of samples. pages to migrate = 327 
start promoting 106 pages
move page ret -1 
move page error: 12
got ENOMEM. trying against with 21 pages 
second promote attempt return -1
pages migrated: 455, lfu # items: 10978, lfu sample size: 27100000, samples: 27100000, node 0 mem 75908
CBF freq dist: (1) 81, (1-100) 2629, (100-1000) 7562, (1k-2k) 515, (2k-3k) 6, (3k-5k) 5, (5k-65534) 5, (65k) 256 
CBF freq dist: (1) 297, (1-100) 2320, (100-1000) 477, (1k-2k) 1, (2k-3k) 0, (3k-5k) 0, (5k-65534) 54, (65k) 0 
collected one batch of samples. pages to migrate = 332 
start promoting 117 pages
move page ret -1 
move page error: 12
got ENOMEM. trying against with 23 pages 
second promote attempt return -1
pages migrated: 455, lfu # items: 10978, lfu sample size: 27200000, samples: 27200000, node 0 mem 75908
CBF freq dist: (1) 81, (1-100) 2627, (100-1000) 7557, (1k-2k) 522, (2k-3k) 6, (3k-5k) 5, (5k-65534) 5, (65k) 256 
CBF freq dist: (1) 289, (1-100) 2295, (100-1000) 538, (1k-2k) 1, (2k-3k) 0, (3k-5k) 0, (5k-65534) 54, (65k) 0 
collected one batch of samples. pages to migrate = 318 
start promoting 100 pages
move page ret -1 
move page error: 12
got ENOMEM. trying against with 20 pages 
second promote attempt return -1
pages migrated: 455, lfu # items: 10978, lfu sample size: 27300000, samples: 27300000, node 0 mem 75908
CBF freq dist: (1) 81, (1-100) 2622, (100-1000) 7556, (1k-2k) 528, (2k-3k) 6, (3k-5k) 5, (5k-65534) 5, (65k) 256 
CBF freq dist: (1) 296, (1-100) 2292, (100-1000) 584, (1k-2k) 14, (2k-3k) 0, (3k-5k) 0, (5k-65534) 54, (65k) 0 
collected one batch of samples. pages to migrate = 326 
start promoting 113 pages
move page ret -1 
move page error: 12
got ENOMEM. trying against with 22 pages 
second promote attempt return -1
pages migrated: 455, lfu # items: 10979, lfu sample size: 27400000, samples: 27400000, node 0 mem 75908
CBF freq dist: (1) 81, (1-100) 2619, (100-1000) 7548, (1k-2k) 540, (2k-3k) 6, (3k-5k) 5, (5k-65534) 5, (65k) 256 
CBF freq dist: (1) 282, (1-100) 2274, (100-1000) 559, (1k-2k) 104, (2k-3k) 0, (3k-5k) 0, (5k-65534) 54, (65k) 0 
collected one batch of samples. pages to migrate = 325 
start promoting 115 pages
move page ret -1 
move page error: 12
got ENOMEM. trying against with 23 pages 
second promote attempt return -1
pages migrated: 455, lfu # items: 10979, lfu sample size: 27500000, samples: 27500000, node 0 mem 75908
CBF freq dist: (1) 80, (1-100) 2616, (100-1000) 7544, (1k-2k) 547, (2k-3k) 6, (3k-5k) 5, (5k-65534) 5, (65k) 256 
CBF freq dist: (1) 274, (1-100) 2246, (100-1000) 529, (1k-2k) 199, (2k-3k) 0, (3k-5k) 0, (5k-65534) 54, (65k) 0 
[DEBUG] Halving CBF counters.
collected one batch of samples. pages to migrate = 334 
start promoting 112 pages
move page ret -1 
move page error: 12
got ENOMEM. trying against with 22 pages 
second promote attempt return -1
pages migrated: 455, lfu # items: 10980, lfu sample size: 27600000, samples: 27600000, node 0 mem 75908
CBF freq dist: (1) 80, (1-100) 2609, (100-1000) 7543, (1k-2k) 556, (2k-3k) 6, (3k-5k) 5, (5k-65534) 5, (65k) 256 
CBF freq dist: (1) 284, (1-100) 2278, (100-1000) 461, (1k-2k) 0, (2k-3k) 0, (3k-5k) 0, (5k-65534) 54, (65k) 0 
collected one batch of samples. pages to migrate = 338 
start promoting 118 pages
move page ret -1 
move page error: 12
got ENOMEM. trying against with 23 pages 
second promote attempt return -1
pages migrated: 455, lfu # items: 10980, lfu sample size: 27700000, samples: 27700000, node 0 mem 75908
CBF freq dist: (1) 80, (1-100) 2605, (100-1000) 7538, (1k-2k) 565, (2k-3k) 6, (3k-5k) 5, (5k-65534) 5, (65k) 256 
CBF freq dist: (1) 261, (1-100) 2250, (100-1000) 523, (1k-2k) 2, (2k-3k) 0, (3k-5k) 0, (5k-65534) 54, (65k) 0 
collected one batch of samples. pages to migrate = 329 
start promoting 111 pages
move page ret -1 
move page error: 12
got ENOMEM. trying against with 22 pages 
second promote attempt return -1
pages migrated: 455, lfu # items: 10980, lfu sample size: 27800000, samples: 27800000, node 0 mem 75908
CBF freq dist: (1) 80, (1-100) 2602, (100-1000) 7532, (1k-2k) 574, (2k-3k) 6, (3k-5k) 5, (5k-65534) 5, (65k) 256 
CBF freq dist: (1) 253, (1-100) 2230, (100-1000) 579, (1k-2k) 3, (2k-3k) 0, (3k-5k) 0, (5k-65534) 54, (65k) 0 
collected one batch of samples. pages to migrate = 333 
start promoting 111 pages
move page ret -1 
move page error: 12
got ENOMEM. trying against with 22 pages 
second promote attempt return -1
pages migrated: 455, lfu # items: 10980, lfu sample size: 27900000, samples: 27900000, node 0 mem 75908
CBF freq dist: (1) 80, (1-100) 2599, (100-1000) 7525, (1k-2k) 584, (2k-3k) 6, (3k-5k) 5, (5k-65534) 5, (65k) 256 
CBF freq dist: (1) 240, (1-100) 2195, (100-1000) 640, (1k-2k) 16, (2k-3k) 0, (3k-5k) 0, (5k-65534) 54, (65k) 0 
collected one batch of samples. pages to migrate = 334 
start promoting 117 pages
move page ret -1 
move page error: 12
got ENOMEM. trying against with 23 pages 
second promote attempt return -1
pages migrated: 455, lfu # items: 10981, lfu sample size: 28000000, samples: 28000000, node 0 mem 75908
CBF freq dist: (1) 80, (1-100) 2597, (100-1000) 7517, (1k-2k) 595, (2k-3k) 6, (3k-5k) 5, (5k-65534) 5, (65k) 256 
CBF freq dist: (1) 235, (1-100) 2156, (100-1000) 592, (1k-2k) 131, (2k-3k) 0, (3k-5k) 0, (5k-65534) 54, (65k) 0 
[DEBUG] Halving CBF counters.
collected one batch of samples. pages to migrate = 324 
start promoting 106 pages
move page ret -1 
move page error: 12
got ENOMEM. trying against with 21 pages 
second promote attempt return -1
pages migrated: 455, lfu # items: 10981, lfu sample size: 28100000, samples: 28100000, node 0 mem 75908
CBF freq dist: (1) 80, (1-100) 2595, (100-1000) 7513, (1k-2k) 601, (2k-3k) 6, (3k-5k) 5, (5k-65534) 5, (65k) 256 
CBF freq dist: (1) 234, (1-100) 2254, (100-1000) 430, (1k-2k) 0, (2k-3k) 0, (3k-5k) 0, (5k-65534) 54, (65k) 0 
Trial Time:          33.23196
collected one batch of samples. pages to migrate = 417 
start promoting 262 pages
move page ret 261 
move page error: 12
got ENOMEM. trying against with 52 pages 
second promote attempt return 0
pages migrated: 455, lfu # items: 10981, lfu sample size: 28200000, samples: 28200000, node 0 mem 75148
CBF freq dist: (1) 80, (1-100) 2571, (100-1000) 7531, (1k-2k) 607, (2k-3k) 6, (3k-5k) 5, (5k-65534) 5, (65k) 256 
CBF freq dist: (1) 217, (1-100) 2277, (100-1000) 487, (1k-2k) 0, (2k-3k) 0, (3k-5k) 0, (5k-65534) 54, (65k) 0 
num_perf_record_lost count 1600
collected one batch of samples. pages to migrate = 363 
start promoting 75 pages
move page ret -1 
move page error: 12
got ENOMEM. trying against with 15 pages 
second promote attempt return -1
pages migrated: 455, lfu # items: 10984, lfu sample size: 28300000, samples: 28300000, node 0 mem 75148
CBF freq dist: (1) 80, (1-100) 2565, (100-1000) 7538, (1k-2k) 609, (2k-3k) 6, (3k-5k) 5, (5k-65534) 5, (65k) 256 
CBF freq dist: (1) 212, (1-100) 2331, (100-1000) 432, (1k-2k) 74, (2k-3k) 0, (3k-5k) 0, (5k-65534) 54, (65k) 0 
collected one batch of samples. pages to migrate = 331 
start promoting 105 pages
move page ret -1 
move page error: 12
got ENOMEM. trying against with 21 pages 
second promote attempt return -1
pages migrated: 455, lfu # items: 10984, lfu sample size: 28400000, samples: 28400000, node 0 mem 75148
CBF freq dist: (1) 80, (1-100) 2561, (100-1000) 7533, (1k-2k) 618, (2k-3k) 6, (3k-5k) 5, (5k-65534) 5, (65k) 256 
CBF freq dist: (1) 208, (1-100) 2329, (100-1000) 476, (1k-2k) 77, (2k-3k) 0, (3k-5k) 0, (5k-65534) 54, (65k) 0 
collected one batch of samples. pages to migrate = 339 
start promoting 116 pages
move page ret -1 
move page error: 12
got ENOMEM. trying against with 23 pages 
second promote attempt return -1
pages migrated: 455, lfu # items: 10984, lfu sample size: 28500000, samples: 28500000, node 0 mem 75148
CBF freq dist: (1) 80, (1-100) 2560, (100-1000) 7523, (1k-2k) 629, (2k-3k) 6, (3k-5k) 5, (5k-65534) 5, (65k) 256 
CBF freq dist: (1) 202, (1-100) 2319, (100-1000) 525, (1k-2k) 84, (2k-3k) 0, (3k-5k) 0, (5k-65534) 54, (65k) 0 
collected one batch of samples. pages to migrate = 347 
start promoting 104 pages
move page ret -1 
move page error: 12
got ENOMEM. trying against with 20 pages 
second promote attempt return -1
pages migrated: 455, lfu # items: 10988, lfu sample size: 28600000, samples: 28600000, node 0 mem 75148
CBF freq dist: (1) 80, (1-100) 2554, (100-1000) 7524, (1k-2k) 638, (2k-3k) 6, (3k-5k) 5, (5k-65534) 5, (65k) 256 
CBF freq dist: (1) 199, (1-100) 2334, (100-1000) 512, (1k-2k) 154, (2k-3k) 0, (3k-5k) 0, (5k-65534) 54, (65k) 0 
[DEBUG] Halving CBF counters.
collected one batch of samples. pages to migrate = 335 
start promoting 106 pages
move page ret -1 
move page error: 12
got ENOMEM. trying against with 21 pages 
second promote attempt return -1
pages migrated: 455, lfu # items: 10997, lfu sample size: 28700000, samples: 28700000, node 0 mem 74612
CBF freq dist: (1) 83, (1-100) 2557, (100-1000) 7521, (1k-2k) 647, (2k-3k) 6, (3k-5k) 5, (5k-65534) 5, (65k) 256 
CBF freq dist: (1) 286, (1-100) 2462, (100-1000) 405, (1k-2k) 1, (2k-3k) 0, (3k-5k) 0, (5k-65534) 54, (65k) 0 
collected one batch of samples. pages to migrate = 328 
start promoting 108 pages
move page ret -1 
move page error: 12
got ENOMEM. trying against with 21 pages 
second promote attempt return -1
pages migrated: 455, lfu # items: 10997, lfu sample size: 28800000, samples: 28800000, node 0 mem 74612
CBF freq dist: (1) 83, (1-100) 2552, (100-1000) 7512, (1k-2k) 660, (2k-3k) 7, (3k-5k) 5, (5k-65534) 5, (65k) 256 
CBF freq dist: (1) 272, (1-100) 2439, (100-1000) 465, (1k-2k) 3, (2k-3k) 0, (3k-5k) 0, (5k-65534) 54, (65k) 0 
collected one batch of samples. pages to migrate = 332 
start promoting 115 pages
move page ret -1 
move page error: 12
got ENOMEM. trying against with 23 pages 
second promote attempt return -1
pages migrated: 455, lfu # items: 10997, lfu sample size: 28900000, samples: 28900000, node 0 mem 74612
CBF freq dist: (1) 83, (1-100) 2545, (100-1000) 7513, (1k-2k) 666, (2k-3k) 7, (3k-5k) 5, (5k-65534) 5, (65k) 256 
CBF freq dist: (1) 268, (1-100) 2426, (100-1000) 496, (1k-2k) 24, (2k-3k) 0, (3k-5k) 0, (5k-65534) 54, (65k) 0 
collected one batch of samples. pages to migrate = 340 
start promoting 109 pages
move page ret -1 
move page error: 12
got ENOMEM. trying against with 21 pages 
second promote attempt return -1
pages migrated: 455, lfu # items: 11005, lfu sample size: 29000000, samples: 29000000, node 0 mem 74616
CBF freq dist: (1) 90, (1-100) 2551, (100-1000) 7509, (1k-2k) 672, (2k-3k) 7, (3k-5k) 5, (5k-65534) 5, (65k) 256 
CBF freq dist: (1) 254, (1-100) 2425, (100-1000) 502, (1k-2k) 68, (2k-3k) 0, (3k-5k) 0, (5k-65534) 54, (65k) 0 
collected one batch of samples. pages to migrate = 335 
start promoting 114 pages
move page ret 114 
move page error: 12
got ENOMEM. trying against with 22 pages 
second promote attempt return -1
pages migrated: 455, lfu # items: 11007, lfu sample size: 29100000, samples: 29100000, node 0 mem 74808
CBF freq dist: (1) 91, (1-100) 2551, (100-1000) 7504, (1k-2k) 679, (2k-3k) 7, (3k-5k) 5, (5k-65534) 5, (65k) 256 
CBF freq dist: (1) 247, (1-100) 2395, (100-1000) 560, (1k-2k) 81, (2k-3k) 0, (3k-5k) 0, (5k-65534) 54, (65k) 0 
[DEBUG] Halving CBF counters.
collected one batch of samples. pages to migrate = 320 
start promoting 102 pages
move page ret -1 
move page error: 12
got ENOMEM. trying against with 20 pages 
second promote attempt return -1
pages migrated: 455, lfu # items: 11013, lfu sample size: 29200000, samples: 29200000, node 0 mem 74808
CBF freq dist: (1) 95, (1-100) 2553, (100-1000) 7499, (1k-2k) 688, (2k-3k) 7, (3k-5k) 5, (5k-65534) 5, (65k) 256 
CBF freq dist: (1) 330, (1-100) 2397, (100-1000) 416, (1k-2k) 0, (2k-3k) 0, (3k-5k) 0, (5k-65534) 54, (65k) 0 
collected one batch of samples. pages to migrate = 334 
start promoting 111 pages
move page ret -1 
move page error: 12
got ENOMEM. trying against with 22 pages 
second promote attempt return -1
pages migrated: 455, lfu # items: 11015, lfu sample size: 29300000, samples: 29300000, node 0 mem 74808
CBF freq dist: (1) 97, (1-100) 2550, (100-1000) 7494, (1k-2k) 698, (2k-3k) 7, (3k-5k) 4, (5k-65534) 6, (65k) 256 
CBF freq dist: (1) 332, (1-100) 2386, (100-1000) 480, (1k-2k) 0, (2k-3k) 0, (3k-5k) 0, (5k-65534) 54, (65k) 0 
collected one batch of samples. pages to migrate = 333 
start promoting 116 pages
move page ret -1 
move page error: 12
got ENOMEM. trying against with 23 pages 
second promote attempt return -1
pages migrated: 455, lfu # items: 11031, lfu sample size: 29400000, samples: 29400000, node 0 mem 74808
CBF freq dist: (1) 106, (1-100) 2562, (100-1000) 7489, (1k-2k) 707, (2k-3k) 7, (3k-5k) 4, (5k-65534) 6, (65k) 256 
CBF freq dist: (1) 326, (1-100) 2402, (100-1000) 516, (1k-2k) 19, (2k-3k) 0, (3k-5k) 0, (5k-65534) 54, (65k) 0 
collected one batch of samples. pages to migrate = 329 
start promoting 118 pages
move page ret -1 
move page error: 12
got ENOMEM. trying against with 23 pages 
second promote attempt return -1
pages migrated: 455, lfu # items: 11032, lfu sample size: 29500000, samples: 29500000, node 0 mem 74808
CBF freq dist: (1) 107, (1-100) 2557, (100-1000) 7486, (1k-2k) 715, (2k-3k) 8, (3k-5k) 4, (5k-65534) 6, (65k) 256 
CBF freq dist: (1) 316, (1-100) 2374, (100-1000) 532, (1k-2k) 70, (2k-3k) 0, (3k-5k) 0, (5k-65534) 54, (65k) 0 
collected one batch of samples. pages to migrate = 324 
start promoting 104 pages
move page ret -1 
move page error: 12
got ENOMEM. trying against with 20 pages 
second promote attempt return -1
pages migrated: 455, lfu # items: 11039, lfu sample size: 29600000, samples: 29600000, node 0 mem 74808
CBF freq dist: (1) 112, (1-100) 2556, (100-1000) 7487, (1k-2k) 722, (2k-3k) 8, (3k-5k) 4, (5k-65534) 6, (65k) 256 
CBF freq dist: (1) 314, (1-100) 2364, (100-1000) 462, (1k-2k) 195, (2k-3k) 0, (3k-5k) 0, (5k-65534) 54, (65k) 0 
collected one batch of samples. pages to migrate = 332 
start promoting 120 pages
move page ret -1 
move page error: 12
got ENOMEM. trying against with 24 pages 
second promote attempt return -1
pages migrated: 455, lfu # items: 11039, lfu sample size: 29700000, samples: 29700000, node 0 mem 74808
CBF freq dist: (1) 112, (1-100) 2551, (100-1000) 7481, (1k-2k) 732, (2k-3k) 9, (3k-5k) 4, (5k-65534) 6, (65k) 256 
CBF freq dist: (1) 299, (1-100) 2325, (100-1000) 523, (1k-2k) 204, (2k-3k) 0, (3k-5k) 0, (5k-65534) 54, (65k) 0 
num_perf_record_lost count 1700
[DEBUG] Halving CBF counters.
collected one batch of samples. pages to migrate = 329 
start promoting 112 pages
move page ret -1 
move page error: 12
got ENOMEM. trying against with 22 pages 
second promote attempt return -1
pages migrated: 455, lfu # items: 11045, lfu sample size: 29800000, samples: 29800000, node 0 mem 74808
CBF freq dist: (1) 113, (1-100) 2554, (100-1000) 7475, (1k-2k) 741, (2k-3k) 9, (3k-5k) 4, (5k-65534) 6, (65k) 256 
CBF freq dist: (1) 285, (1-100) 2356, (100-1000) 435, (1k-2k) 0, (2k-3k) 0, (3k-5k) 0, (5k-65534) 54, (65k) 0 
collected one batch of samples. pages to migrate = 348 
start promoting 119 pages
move page ret -1 
move page error: 12
got ENOMEM. trying against with 23 pages 
second promote attempt return -1
pages migrated: 455, lfu # items: 11045, lfu sample size: 29900000, samples: 29900000, node 0 mem 74808
CBF freq dist: (1) 113, (1-100) 2549, (100-1000) 7474, (1k-2k) 747, (2k-3k) 9, (3k-5k) 4, (5k-65534) 6, (65k) 256 
CBF freq dist: (1) 282, (1-100) 2349, (100-1000) 495, (1k-2k) 1, (2k-3k) 0, (3k-5k) 0, (5k-65534) 54, (65k) 0 
[DEBUG] Number of hot pages promoted in 50 batches = 0 
[INFO] Reached promotion plateau. cur hot page size 5324668928, fast mem 80% 3435973836
[INFO] Go to monitor mode from promotion plateau.
[INFO] Starting low overhead perf stat monitoring.
closing perf counters
munmap done 0
close fd done 0
munmap done 1
close fd done 1
munmap done 0
close fd done 0
munmap done 1
close fd done 1
munmap done 0
close fd done 0
munmap done 1
close fd done 1
munmap done 0
close fd done 0
munmap done 1
close fd done 1
munmap done 0
close fd done 0
munmap done 1
close fd done 1
munmap done 0
close fd done 0
munmap done 1
close fd done 1
munmap done 0
close fd done 0
munmap done 1
close fd done 1
munmap done 0
close fd done 0
munmap done 1
close fd done 1
munmap done 0
close fd done 0
munmap done 1
close fd done 1
munmap done 0
close fd done 0
munmap done 1
close fd done 1
munmap done 0
close fd done 0
munmap done 1
close fd done 1
munmap done 0
close fd done 0
munmap done 1
close fd done 1
munmap done 0
close fd done 0
munmap done 1
close fd done 1
munmap done 0
close fd done 0
munmap done 1
close fd done 1
munmap done 0
close fd done 0
munmap done 1
close fd done 1
munmap done 0
close fd done 0
munmap done 1
close fd done 1
[INFO] Sleep for 120s for fast memory hit ratio to stablize.
Trial Time:          29.03349
Trial Time:          38.14804
Trial Time:          40.44093
return freq 0 
[INFO] node 0 free memory in kB : 355420
return freq 0 
[INFO] node 0 free memory in kB : 355888
return freq 0 
Trial Time:          43.57869
[INFO] node 0 free memory in kB : 399804
return freq 0 
[INFO] node 0 free memory in kB : 399988
return freq 0 
[INFO] node 0 free memory in kB : 400112
return freq 0 
[INFO] node 0 free memory in kB : 400168
return freq 0 
Trial Time:          46.65278
[INFO] node 0 free memory in kB : 437088
return freq 0 
[INFO] node 0 free memory in kB : 437152
return freq 0 
[INFO] node 0 free memory in kB : 437200
return freq 0 
[INFO] node 0 free memory in kB : 437204
return freq 0 
Trial Time:          49.35635
[INFO] node 0 free memory in kB : 471932
return freq 0 
[INFO] node 0 free memory in kB : 471964
return freq 0 
[INFO] node 0 free memory in kB : 471980
return freq 0 
[INFO] node 0 free memory in kB : 471988
return freq 0 
Trial Time:          51.32729
[INFO] node 0 free memory in kB : 504812
return freq 0 
[INFO] node 0 free memory in kB : 504824
return freq 0 
[INFO] node 0 free memory in kB : 504828
return freq 0 
[INFO] node 0 free memory in kB : 504828
return freq 0 
Trial Time:          52.27082
Average Time:        41.31540
