!!!!!!!!!!!!!!!!!!!!Overridden __libc_start_main called!
executable name pr
Target executable name is pr
found process pr
Hybridtier. huge page
[DEBUG] fast memory size = 4294967296
[DEBUG] number of pages in fast memory = 2048
[DEBUG] perf_pages = 2048
 perf_pages 33, sample_batch_size 100000 
pid: 185939
==== debug info
[INFO] Calculating CBF size = 10459
Actual LFU table size 16384 
block mask 7ff 
Blocked CBF + sample batch. 
vector start 0x707228000900, 
[INFO] Creating CBF with capacity = 16384 (each 8B), sample size (W) = 131072000
Actual LFU table size 2048 
block mask ff 
Blocked CBF + sample batch. 
vector start 0x707228020940, 
[INFO] Creating CBF with capacity = 2048 (each 8B), sample size (W) = 1100000
Starting hot threshold = 1000
Momentum threshold = 200
Stable fast mem hit ratio slope threshold = -0.02
False positive rate = 0.001
perf stat period = 60s 
allocation watermark = 53687091, demotion watermark = 214748364
[INFO] Starting perf stat monitoring.
/usr/bin/perf stat -I 60000 -e mem_load_l3_miss_retired.local_dram -e mem_load_l3_miss_retired.remote_dram -x , --output perf_stat_file &
!!!!!!!!!!!!!!!!!!!!Overridden __libc_start_main called!
executable name sh
Target executable name is pr
executable not target app. just run 
[INFO] perf stat command return code: 0
start perf recording.
[INFO] Hybridtier perf sampling freq: 100000
Perf mmap size 135168, page size 4096 
[INFO] Hybridtier perf sampling freq: 100000
Perf mmap size 135168, page size 4096 
[INFO] Hybridtier perf sampling freq: 100000
Perf mmap size 135168, page size 4096 
[INFO] Hybridtier perf sampling freq: 100000
Perf mmap size 135168, page size 4096 
[INFO] Hybridtier perf sampling freq: 100000
Perf mmap size 135168, page size 4096 
[INFO] Hybridtier perf sampling freq: 100000
Perf mmap size 135168, page size 4096 
[INFO] Hybridtier perf sampling freq: 100000
Perf mmap size 135168, page size 4096 
[INFO] Hybridtier perf sampling freq: 100000
Perf mmap size 135168, page size 4096 
[INFO] Hybridtier perf sampling freq: 100000
Perf mmap size 135168, page size 4096 
[INFO] Hybridtier perf sampling freq: 100000
Perf mmap size 135168, page size 4096 
[INFO] Hybridtier perf sampling freq: 100000
Perf mmap size 135168, page size 4096 
[INFO] Hybridtier perf sampling freq: 100000
Perf mmap size 135168, page size 4096 
[INFO] Hybridtier perf sampling freq: 100000
Perf mmap size 135168, page size 4096 
[INFO] Hybridtier perf sampling freq: 100000
Perf mmap size 135168, page size 4096 
[INFO] Hybridtier perf sampling freq: 100000
Perf mmap size 135168, page size 4096 
[INFO] Hybridtier perf sampling freq: 100000
Perf mmap size 135168, page size 4096 
[INFO] Hybridtier perf sampling freq: 100000
Perf mmap size 135168, page size 4096 
[INFO] Hybridtier perf sampling freq: 100000
Perf mmap size 135168, page size 4096 
[INFO] Hybridtier perf sampling freq: 100000
Perf mmap size 135168, page size 4096 
[INFO] Hybridtier perf sampling freq: 100000
Perf mmap size 135168, page size 4096 
[INFO] Hybridtier perf sampling freq: 100000
Perf mmap size 135168, page size 4096 
[INFO] Hybridtier perf sampling freq: 100000
Perf mmap size 135168, page size 4096 
[INFO] Hybridtier perf sampling freq: 100000
Perf mmap size 135168, page size 4096 
[INFO] Hybridtier perf sampling freq: 100000
Perf mmap size 135168, page size 4096 
[INFO] Hybridtier perf sampling freq: 100000
Perf mmap size 135168, page size 4096 
[INFO] Hybridtier perf sampling freq: 100000
Perf mmap size 135168, page size 4096 
[INFO] Hybridtier perf sampling freq: 100000
Perf mmap size 135168, page size 4096 
[INFO] Hybridtier perf sampling freq: 100000
Perf mmap size 135168, page size 4096 
[INFO] Hybridtier perf sampling freq: 100000
Perf mmap size 135168, page size 4096 
[INFO] Hybridtier perf sampling freq: 100000
Perf mmap size 135168, page size 4096 
[INFO] Hybridtier perf sampling freq: 100000
Perf mmap size 135168, page size 4096 
[INFO] Hybridtier perf sampling freq: 100000
!!!!!!!!!!!!!!!!!!!!Overridden __libc_start_main called!
executable name bash
Target executable name is pr
executable not target app. just run 
!!!!!!!!!!!!!!!!!!!!Overridden __libc_start_main called!
executable name dpkg
Target executable name is pr
executable not target app. just run 
dpkg: error: version '!!!!!!!!!!!!!!!!!!!!Overridden __libc_start_main called!
executable name uname
Target executable name is pr
executable not target app. just run 
6.18.1-061801' has bad syntax: version string has embedded spaces
!!!!!!!!!!!!!!!!!!!!Overridden __libc_start_main called!
executable name dpkg
Target executable name is pr
executable not target app. just run 
dpkg: error: version '!!!!!!!!!!!!!!!!!!!!Overridden __libc_start_main called!
executable name uname
Target executable name is pr
executable not target app. just run 
6.18.1-061801' has bad syntax: version string has embedded spaces
/usr/bin/lsb_release: 2: eval: executable: not found
WARNING: !!!!!!!!!!!!!!!!!!!!Overridden __libc_start_main called!
executable name basename
Target executable name is pr
executable not target app. just run 
perf not found for kernel !!!!!!!!!!!!!!!!!!!!Overridden __libc_start_main called!
executable name uname
Target executable name is pr
executable not target app. just run 
6.18.1-061801

  You may need to install the following packages for this specific kernel:
    linux-tools-!!!!!!!!!!!!!!!!!!!!Overridden __libc_start_main called!
executable name uname
Target executable name is pr
executable not target app. just run 
6.18.1-061801-generic

  You may also want to install one of the following packages to keep up to date:
    linux-tools-generic
Perf mmap size 135168, page size 4096 
collected one batch of samples. pages to migrate = 81 
no slow pages to promote
pages migrated: 0, lfu # items: 2689, lfu sample size: 100000, samples: 100000, node 0 mem 1081628
CBF freq dist: (1) 325, (1-100) 2487, (100-1000) 201, (1k-2k) 1, (2k-3k) 0, (3k-5k) 0, (5k-65534) 0, (65k) 0 
CBF freq dist: (1) 228, (1-100) 2171, (100-1000) 211, (1k-2k) 1, (2k-3k) 0, (3k-5k) 0, (5k-65534) 0, (65k) 0 
Read Time:           61.75701
Graph has 134217728 nodes and 2111632379 undirected edges for degree: 15
collected one batch of samples. pages to migrate = 278 
start promoting 42 pages
pages migrated: 42, lfu # items: 3248, lfu sample size: 200000, samples: 200000, node 0 mem 992632
CBF freq dist: (1) 331, (1-100) 2735, (100-1000) 510, (1k-2k) 2, (2k-3k) 1, (3k-5k) 0, (5k-65534) 0, (65k) 0 
CBF freq dist: (1) 189, (1-100) 2212, (100-1000) 537, (1k-2k) 2, (2k-3k) 1, (3k-5k) 0, (5k-65534) 0, (65k) 0 
collected one batch of samples. pages to migrate = 290 
start promoting 90 pages
pages migrated: 132, lfu # items: 3510, lfu sample size: 300000, samples: 300000, node 0 mem 808196
CBF freq dist: (1) 330, (1-100) 2846, (100-1000) 661, (1k-2k) 2, (2k-3k) 1, (3k-5k) 0, (5k-65534) 0, (65k) 0 
CBF freq dist: (1) 172, (1-100) 2203, (100-1000) 689, (1k-2k) 3, (2k-3k) 1, (3k-5k) 0, (5k-65534) 0, (65k) 0 
collected one batch of samples. pages to migrate = 359 
start promoting 15 pages
pages migrated: 147, lfu # items: 3661, lfu sample size: 400000, samples: 400000, node 0 mem 777464
CBF freq dist: (1) 334, (1-100) 2959, (100-1000) 645, (1k-2k) 56, (2k-3k) 1, (3k-5k) 0, (5k-65534) 0, (65k) 0 
CBF freq dist: (1) 168, (1-100) 2234, (100-1000) 671, (1k-2k) 67, (2k-3k) 1, (3k-5k) 0, (5k-65534) 0, (65k) 0 
collected one batch of samples. pages to migrate = 377 
start promoting 38 pages
pages migrated: 185, lfu # items: 3825, lfu sample size: 500000, samples: 500000, node 0 mem 697660
CBF freq dist: (1) 336, (1-100) 3063, (100-1000) 598, (1k-2k) 163, (2k-3k) 1, (3k-5k) 0, (5k-65534) 0, (65k) 0 
CBF freq dist: (1) 163, (1-100) 2254, (100-1000) 631, (1k-2k) 170, (2k-3k) 2, (3k-5k) 0, (5k-65534) 0, (65k) 0 
collected one batch of samples. pages to migrate = 325 
start promoting 58 pages
pages migrated: 243, lfu # items: 4047, lfu sample size: 600000, samples: 600000, node 0 mem 580312
CBF freq dist: (1) 338, (1-100) 3183, (100-1000) 605, (1k-2k) 248, (2k-3k) 11, (3k-5k) 0, (5k-65534) 0, (65k) 0 
CBF freq dist: (1) 150, (1-100) 2242, (100-1000) 648, (1k-2k) 244, (2k-3k) 13, (3k-5k) 1, (5k-65534) 0, (65k) 0 
collected one batch of samples. pages to migrate = 348 
start promoting 74 pages
pages migrated: 317, lfu # items: 4339, lfu sample size: 700000, samples: 700000, node 0 mem 428956
CBF freq dist: (1) 332, (1-100) 3338, (100-1000) 742, (1k-2k) 219, (2k-3k) 40, (3k-5k) 0, (5k-65534) 0, (65k) 0 
CBF freq dist: (1) 136, (1-100) 2195, (100-1000) 798, (1k-2k) 215, (2k-3k) 42, (3k-5k) 1, (5k-65534) 0, (65k) 0 
collected one batch of samples. pages to migrate = 367 
start promoting 94 pages
pages migrated: 411, lfu # items: 4601, lfu sample size: 800000, samples: 800000, node 0 mem 233664
CBF freq dist: (1) 339, (1-100) 3483, (100-1000) 859, (1k-2k) 151, (2k-3k) 108, (3k-5k) 0, (5k-65534) 0, (65k) 0 
CBF freq dist: (1) 132, (1-100) 2165, (100-1000) 912, (1k-2k) 148, (2k-3k) 109, (3k-5k) 1, (5k-65534) 0, (65k) 0 
collected one batch of samples. pages to migrate = 385 
start promoting 108 pages
move page ret 104 
move page error: 2
pages migrated: 411, lfu # items: 4925, lfu sample size: 900000, samples: 900000, node 0 mem 65228
CBF freq dist: (1) 337, (1-100) 3660, (100-1000) 1006, (1k-2k) 91, (2k-3k) 168, (3k-5k) 0, (5k-65534) 0, (65k) 0 
CBF freq dist: (1) 116, (1-100) 2138, (100-1000) 1051, (1k-2k) 79, (2k-3k) 178, (3k-5k) 1, (5k-65534) 0, (65k) 0 
collected one batch of samples. pages to migrate = 383 
start promoting 121 pages
move page ret 121 
move page error: 2
pages migrated: 411, lfu # items: 5304, lfu sample size: 1000000, samples: 1000000, node 0 mem 65196
CBF freq dist: (1) 342, (1-100) 3885, (100-1000) 1160, (1k-2k) 6, (2k-3k) 244, (3k-5k) 9, (5k-65534) 0, (65k) 0 
CBF freq dist: (1) 104, (1-100) 2091, (100-1000) 1210, (1k-2k) 7, (2k-3k) 238, (3k-5k) 13, (5k-65534) 0, (65k) 0 
[DEBUG] Halving CBF counters.
collected one batch of samples. pages to migrate = 479 
start promoting 142 pages
move page ret -1 
move page error: 12
got ENOMEM. trying against with 28 pages 
second promote attempt return -1
pages migrated: 411, lfu # items: 5678, lfu sample size: 1100000, samples: 1100000, node 0 mem 65556
CBF freq dist: (1) 346, (1-100) 4071, (100-1000) 1348, (1k-2k) 2, (2k-3k) 225, (3k-5k) 32, (5k-65534) 0, (65k) 0 
CBF freq dist: (1) 86, (1-100) 2525, (100-1000) 780, (1k-2k) 252, (2k-3k) 1, (3k-5k) 0, (5k-65534) 0, (65k) 0 
collected one batch of samples. pages to migrate = 374 
start promoting 109 pages
move page ret -1 
move page error: 12
got ENOMEM. trying against with 21 pages 
second promote attempt return -1
pages migrated: 411, lfu # items: 6120, lfu sample size: 1200000, samples: 1200000, node 0 mem 66296
CBF freq dist: (1) 361, (1-100) 4352, (100-1000) 1509, (1k-2k) 2, (2k-3k) 177, (3k-5k) 80, (5k-65534) 0, (65k) 0 
CBF freq dist: (1) 64, (1-100) 2454, (100-1000) 950, (1k-2k) 252, (2k-3k) 1, (3k-5k) 0, (5k-65534) 0, (65k) 0 
collected one batch of samples. pages to migrate = 389 
start promoting 120 pages
move page ret -1 
move page error: 12
got ENOMEM. trying against with 24 pages 
second promote attempt return -1
pages migrated: 411, lfu # items: 6515, lfu sample size: 1300000, samples: 1300000, node 0 mem 66296
CBF freq dist: (1) 373, (1-100) 4593, (100-1000) 1662, (1k-2k) 3, (2k-3k) 134, (3k-5k) 123, (5k-65534) 0, (65k) 0 
CBF freq dist: (1) 50, (1-100) 2358, (100-1000) 1111, (1k-2k) 219, (2k-3k) 34, (3k-5k) 0, (5k-65534) 0, (65k) 0 
num_perf_record_lost count 100
collected one batch of samples. pages to migrate = 375 
start promoting 101 pages
move page ret -1 
move page error: 12
got ENOMEM. trying against with 20 pages 
second promote attempt return -1
pages migrated: 411, lfu # items: 6820, lfu sample size: 1400000, samples: 1400000, node 0 mem 66296
CBF freq dist: (1) 382, (1-100) 4764, (100-1000) 1796, (1k-2k) 3, (2k-3k) 61, (3k-5k) 196, (5k-65534) 0, (65k) 0 
CBF freq dist: (1) 42, (1-100) 2272, (100-1000) 1252, (1k-2k) 129, (2k-3k) 124, (3k-5k) 0, (5k-65534) 0, (65k) 0 
collected one batch of samples. pages to migrate = 327 
start promoting 50 pages
move page ret -1 
move page error: 12
got ENOMEM. trying against with 10 pages 
second promote attempt return -1
pages migrated: 411, lfu # items: 6960, lfu sample size: 1500000, samples: 1500000, node 0 mem 66296
CBF freq dist: (1) 391, (1-100) 4835, (100-1000) 1865, (1k-2k) 3, (2k-3k) 1, (3k-5k) 256, (5k-65534) 0, (65k) 0 
CBF freq dist: (1) 39, (1-100) 2221, (100-1000) 1319, (1k-2k) 5, (2k-3k) 246, (3k-5k) 2, (5k-65534) 0, (65k) 0 
collected one batch of samples. pages to migrate = 309 
start promoting 43 pages
move page ret -1 
move page error: 12
got ENOMEM. trying against with 8 pages 
second promote attempt return -1
pages migrated: 411, lfu # items: 7086, lfu sample size: 1600000, samples: 1600000, node 0 mem 66944
CBF freq dist: (1) 395, (1-100) 4905, (100-1000) 1921, (1k-2k) 3, (2k-3k) 1, (3k-5k) 256, (5k-65534) 0, (65k) 0 
CBF freq dist: (1) 40, (1-100) 2184, (100-1000) 1374, (1k-2k) 4, (2k-3k) 223, (3k-5k) 26, (5k-65534) 0, (65k) 0 
[DEBUG] Halving CBF counters.
collected one batch of samples. pages to migrate = 301 
start promoting 33 pages
move page ret 33 
move page error: 12
got ENOMEM. trying against with 6 pages 
second promote attempt return -1
pages migrated: 411, lfu # items: 7240, lfu sample size: 1700000, samples: 1700000, node 0 mem 66944
CBF freq dist: (1) 395, (1-100) 5000, (100-1000) 1980, (1k-2k) 3, (2k-3k) 1, (3k-5k) 249, (5k-65534) 7, (65k) 0 
CBF freq dist: (1) 97, (1-100) 2904, (100-1000) 644, (1k-2k) 247, (2k-3k) 2, (3k-5k) 0, (5k-65534) 0, (65k) 0 
collected one batch of samples. pages to migrate = 308 
start promoting 36 pages
move page ret -1 
move page error: 12
got ENOMEM. trying against with 7 pages 
second promote attempt return -1
pages migrated: 411, lfu # items: 7352, lfu sample size: 1800000, samples: 1800000, node 0 mem 66944
CBF freq dist: (1) 392, (1-100) 5058, (100-1000) 2034, (1k-2k) 3, (2k-3k) 1, (3k-5k) 208, (5k-65534) 48, (65k) 0 
CBF freq dist: (1) 91, (1-100) 2858, (100-1000) 708, (1k-2k) 174, (2k-3k) 75, (3k-5k) 0, (5k-65534) 0, (65k) 0 
collected one batch of samples. pages to migrate = 306 
start promoting 29 pages
move page ret 29 
move page error: 12
got ENOMEM. trying against with 5 pages 
second promote attempt return -1
pages migrated: 411, lfu # items: 7413, lfu sample size: 1900000, samples: 1900000, node 0 mem 64896
CBF freq dist: (1) 390, (1-100) 5082, (100-1000) 2071, (1k-2k) 3, (2k-3k) 1, (3k-5k) 151, (5k-65534) 105, (65k) 0 
CBF freq dist: (1) 88, (1-100) 2823, (100-1000) 751, (1k-2k) 3, (2k-3k) 246, (3k-5k) 0, (5k-65534) 0, (65k) 0 
collected one batch of samples. pages to migrate = 327 
start promoting 55 pages
move page ret -1 
move page error: 12
got ENOMEM. trying against with 11 pages 
second promote attempt return -1
pages migrated: 411, lfu # items: 7475, lfu sample size: 2000000, samples: 2000000, node 0 mem 65656
CBF freq dist: (1) 389, (1-100) 5089, (100-1000) 2126, (1k-2k) 3, (2k-3k) 1, (3k-5k) 83, (5k-65534) 173, (65k) 0 
CBF freq dist: (1) 83, (1-100) 2763, (100-1000) 819, (1k-2k) -5, (2k-3k) 248, (3k-5k) 6, (5k-65534) 0, (65k) 0 
collected one batch of samples. pages to migrate = 314 
start promoting 36 pages
move page ret -1 
move page error: 12
got ENOMEM. trying against with 7 pages 
second promote attempt return -1
pages migrated: 411, lfu # items: 7518, lfu sample size: 2100000, samples: 2100000, node 0 mem 65656
CBF freq dist: (1) 392, (1-100) 5093, (100-1000) 2165, (1k-2k) 3, (2k-3k) 1, (3k-5k) 6, (5k-65534) 250, (65k) 0 
CBF freq dist: (1) 83, (1-100) 2711, (100-1000) 874, (1k-2k) -5, (2k-3k) 162, (3k-5k) 92, (5k-65534) 0, (65k) 0 
collected one batch of samples. pages to migrate = 298 
start promoting 36 pages
move page ret -1 
move page error: 12
got ENOMEM. trying against with 7 pages 
second promote attempt return -1
pages migrated: 411, lfu # items: 7574, lfu sample size: 2200000, samples: 2200000, node 0 mem 65656
CBF freq dist: (1) 392, (1-100) 5092, (100-1000) 2222, (1k-2k) 3, (2k-3k) 1, (3k-5k) 0, (5k-65534) 256, (65k) 0 
CBF freq dist: (1) 81, (1-100) 2649, (100-1000) 944, (1k-2k) -5, (2k-3k) 24, (3k-5k) 230, (5k-65534) 0, (65k) 0 
[DEBUG] Halving CBF counters.
collected one batch of samples. pages to migrate = 289 
start promoting 29 pages
move page ret 29 
move page error: 12
got ENOMEM. trying against with 5 pages 
second promote attempt return -1
pages migrated: 411, lfu # items: 7615, lfu sample size: 2300000, samples: 2300000, node 0 mem 65656
CBF freq dist: (1) 391, (1-100) 5085, (100-1000) 2270, (1k-2k) 3, (2k-3k) 1, (3k-5k) 0, (5k-65534) 256, (65k) 0 
CBF freq dist: (1) 179, (1-100) 3144, (100-1000) 368, (1k-2k) 157, (2k-3k) 97, (3k-5k) 0, (5k-65534) 0, (65k) 0 
collected one batch of samples. pages to migrate = 297 
start promoting 37 pages
move page ret -1 
move page error: 12
got ENOMEM. trying against with 7 pages 
second promote attempt return -1
pages migrated: 411, lfu # items: 7684, lfu sample size: 2400000, samples: 2400000, node 0 mem 65656
CBF freq dist: (1) 388, (1-100) 5098, (100-1000) 2326, (1k-2k) 3, (2k-3k) 1, (3k-5k) 0, (5k-65534) 256, (65k) 0 
CBF freq dist: (1) 177, (1-100) 3085, (100-1000) 437, (1k-2k) 1, (2k-3k) 253, (3k-5k) 0, (5k-65534) 0, (65k) 0 
collected one batch of samples. pages to migrate = 303 
start promoting 42 pages
move page ret 42 
move page error: 12
got ENOMEM. trying against with 8 pages 
second promote attempt return -1
pages migrated: 411, lfu # items: 7764, lfu sample size: 2500000, samples: 2500000, node 0 mem 66152
CBF freq dist: (1) 388, (1-100) 5116, (100-1000) 2388, (1k-2k) 3, (2k-3k) 1, (3k-5k) 0, (5k-65534) 256, (65k) 0 
CBF freq dist: (1) 171, (1-100) 3029, (100-1000) 507, (1k-2k) -1, (2k-3k) 253, (3k-5k) 2, (5k-65534) 0, (65k) 0 
collected one batch of samples. pages to migrate = 310 
start promoting 48 pages
move page ret -1 
move page error: 12
got ENOMEM. trying against with 9 pages 
second promote attempt return -1
pages migrated: 411, lfu # items: 7869, lfu sample size: 2600000, samples: 2600000, node 0 mem 66152
CBF freq dist: (1) 391, (1-100) 5141, (100-1000) 2468, (1k-2k) 3, (2k-3k) 1, (3k-5k) 0, (5k-65534) 256, (65k) 0 
CBF freq dist: (1) 164, (1-100) 2946, (100-1000) 600, (1k-2k) -1, (2k-3k) 176, (3k-5k) 79, (5k-65534) 0, (65k) 0 
collected one batch of samples. pages to migrate = 318 
start promoting 38 pages
move page ret 38 
move page error: 12
got ENOMEM. trying against with 7 pages 
second promote attempt return -1
pages migrated: 411, lfu # items: 8452, lfu sample size: 2700000, samples: 2700000, node 0 mem 66152
CBF freq dist: (1) 901, (1-100) 5690, (100-1000) 2502, (1k-2k) 3, (2k-3k) 1, (3k-5k) 0, (5k-65534) 256, (65k) 0 
CBF freq dist: (1) 196, (1-100) 2966, (100-1000) 656, (1k-2k) -1, (2k-3k) 18, (3k-5k) 237, (5k-65534) 0, (65k) 0 
[DEBUG] Halving CBF counters.
collected one batch of samples. pages to migrate = 318 
start promoting 56 pages
move page ret -1 
move page error: 12
got ENOMEM. trying against with 11 pages 
second promote attempt return -1
pages migrated: 411, lfu # items: 8558, lfu sample size: 2800000, samples: 2800000, node 0 mem 66152
CBF freq dist: (1) 902, (1-100) 5713, (100-1000) 2585, (1k-2k) 3, (2k-3k) 1, (3k-5k) 0, (5k-65534) 256, (65k) 0 
CBF freq dist: (1) 272, (1-100) 3123, (100-1000) 328, (1k-2k) 237, (2k-3k) 18, (3k-5k) 0, (5k-65534) 0, (65k) 0 
num_perf_record_lost count 200
collected one batch of samples. pages to migrate = 309 
start promoting 48 pages
move page ret -1 
move page error: 12
got ENOMEM. trying against with 9 pages 
second promote attempt return -1
pages migrated: 411, lfu # items: 8634, lfu sample size: 2900000, samples: 2900000, node 0 mem 66836
CBF freq dist: (1) 902, (1-100) 5727, (100-1000) 2647, (1k-2k) 3, (2k-3k) 1, (3k-5k) 0, (5k-65534) 256, (65k) 0 
CBF freq dist: (1) 263, (1-100) 3063, (100-1000) 400, (1k-2k) 31, (2k-3k) 224, (3k-5k) 0, (5k-65534) 0, (65k) 0 
collected one batch of samples. pages to migrate = 312 
start promoting 46 pages
move page ret -1 
move page error: 12
got ENOMEM. trying against with 9 pages 
second promote attempt return -1
pages migrated: 411, lfu # items: 8754, lfu sample size: 3000000, samples: 3000000, node 0 mem 66836
CBF freq dist: (1) 907, (1-100) 5771, (100-1000) 2722, (1k-2k) 4, (2k-3k) 1, (3k-5k) 0, (5k-65534) 256, (65k) 0 
CBF freq dist: (1) 211, (1-100) 3004, (100-1000) 508, (1k-2k) -1, (2k-3k) 256, (3k-5k) 0, (5k-65534) 0, (65k) 0 
collected one batch of samples. pages to migrate = 318 
start promoting 50 pages
move page ret -1 
move page error: 12
got ENOMEM. trying against with 10 pages 
second promote attempt return -1
pages migrated: 411, lfu # items: 8850, lfu sample size: 3100000, samples: 3100000, node 0 mem 66836
CBF freq dist: (1) 907, (1-100) 5807, (100-1000) 2782, (1k-2k) 4, (2k-3k) 1, (3k-5k) 0, (5k-65534) 256, (65k) 0 
CBF freq dist: (1) 203, (1-100) 2928, (100-1000) 594, (1k-2k) -1, (2k-3k) 244, (3k-5k) 12, (5k-65534) 0, (65k) 0 
collected one batch of samples. pages to migrate = 313 
start promoting 49 pages
move page ret 49 
move page error: 12
got ENOMEM. trying against with 9 pages 
second promote attempt return -1
pages migrated: 411, lfu # items: 8938, lfu sample size: 3200000, samples: 3200000, node 0 mem 66836
CBF freq dist: (1) 909, (1-100) 5827, (100-1000) 2850, (1k-2k) 4, (2k-3k) 1, (3k-5k) 0, (5k-65534) 256, (65k) 0 
CBF freq dist: (1) 199, (1-100) 2856, (100-1000) 673, (1k-2k) -1, (2k-3k) 89, (3k-5k) 167, (5k-65534) 0, (65k) 0 
collected one batch of samples. pages to migrate = 349 
start promoting 69 pages
move page ret -1 
move page error: 12
got ENOMEM. trying against with 13 pages 
second promote attempt return -1
pages migrated: 411, lfu # items: 9044, lfu sample size: 3300000, samples: 3300000, node 0 mem 67468
CBF freq dist: (1) 901, (1-100) 5847, (100-1000) 2936, (1k-2k) 4, (2k-3k) 1, (3k-5k) 0, (5k-65534) 256, (65k) 0 
CBF freq dist: (1) 180, (1-100) 2768, (100-1000) 776, (1k-2k) -1, (2k-3k) 6, (3k-5k) 250, (5k-65534) 0, (65k) 0 
[DEBUG] Halving CBF counters.
collected one batch of samples. pages to migrate = 328 
start promoting 60 pages
move page ret -1 
move page error: 12
got ENOMEM. trying against with 12 pages 
second promote attempt return -1
pages migrated: 411, lfu # items: 9185, lfu sample size: 3400000, samples: 3400000, node 0 mem 67472
CBF freq dist: (1) 900, (1-100) 5888, (100-1000) 3036, (1k-2k) 4, (2k-3k) 1, (3k-5k) 0, (5k-65534) 256, (65k) 0 
CBF freq dist: (1) 179, (1-100) 2933, (100-1000) 462, (1k-2k) 174, (2k-3k) 82, (3k-5k) 0, (5k-65534) 0, (65k) 0 
collected one batch of samples. pages to migrate = 327 
start promoting 62 pages
move page ret -1 
move page error: 12
got ENOMEM. trying against with 12 pages 
second promote attempt return -1
pages migrated: 411, lfu # items: 9291, lfu sample size: 3500000, samples: 3500000, node 0 mem 67472
CBF freq dist: (1) 896, (1-100) 5906, (100-1000) 3123, (1k-2k) 5, (2k-3k) 1, (3k-5k) 0, (5k-65534) 256, (65k) 0 
CBF freq dist: (1) 164, (1-100) 2836, (100-1000) 576, (1k-2k) 7, (2k-3k) 249, (3k-5k) 0, (5k-65534) 0, (65k) 0 
collected one batch of samples. pages to migrate = 291 
start promoting 29 pages
move page ret -1 
move page error: 12
got ENOMEM. trying against with 5 pages 
second promote attempt return -1
pages migrated: 411, lfu # items: 9337, lfu sample size: 3600000, samples: 3600000, node 0 mem 67472
CBF freq dist: (1) 895, (1-100) 5908, (100-1000) 3167, (1k-2k) 5, (2k-3k) 1, (3k-5k) 0, (5k-65534) 256, (65k) 0 
CBF freq dist: (1) 162, (1-100) 2791, (100-1000) 628, (1k-2k) 4, (2k-3k) 251, (3k-5k) 1, (5k-65534) 0, (65k) 0 
collected one batch of samples. pages to migrate = 318 
start promoting 49 pages
move page ret -1 
move page error: 12
got ENOMEM. trying against with 9 pages 
second promote attempt return -1
pages migrated: 411, lfu # items: 9401, lfu sample size: 3700000, samples: 3700000, node 0 mem 67804
CBF freq dist: (1) 893, (1-100) 5921, (100-1000) 3217, (1k-2k) 6, (2k-3k) 1, (3k-5k) 0, (5k-65534) 256, (65k) 0 
CBF freq dist: (1) 154, (1-100) 2737, (100-1000) 693, (1k-2k) 4, (2k-3k) 187, (3k-5k) 65, (5k-65534) 0, (65k) 0 
collected one batch of samples. pages to migrate = 319 
start promoting 58 pages
move page ret -1 
move page error: 12
got ENOMEM. trying against with 11 pages 
second promote attempt return -1
pages migrated: 411, lfu # items: 9475, lfu sample size: 3800000, samples: 3800000, node 0 mem 67804
CBF freq dist: (1) 892, (1-100) 5932, (100-1000) 3280, (1k-2k) 6, (2k-3k) 1, (3k-5k) 0, (5k-65534) 256, (65k) 0 
CBF freq dist: (1) 146, (1-100) 2670, (100-1000) 776, (1k-2k) 4, (2k-3k) 12, (3k-5k) 240, (5k-65534) 0, (65k) 0 
[DEBUG] Halving CBF counters.
collected one batch of samples. pages to migrate = 314 
start promoting 49 pages
move page ret 49 
move page error: 12
got ENOMEM. trying against with 9 pages 
second promote attempt return -1
pages migrated: 411, lfu # items: 9568, lfu sample size: 3900000, samples: 3900000, node 0 mem 67804
CBF freq dist: (1) 888, (1-100) 5949, (100-1000) 3355, (1k-2k) 7, (2k-3k) 1, (3k-5k) 0, (5k-65534) 256, (65k) 0 
CBF freq dist: (1) 173, (1-100) 2926, (100-1000) 398, (1k-2k) 235, (2k-3k) 17, (3k-5k) 0, (5k-65534) 0, (65k) 0 
collected one batch of samples. pages to migrate = 317 
start promoting 57 pages
move page ret -1 
move page error: 12
got ENOMEM. trying against with 11 pages 
second promote attempt return -1
pages migrated: 411, lfu # items: 9645, lfu sample size: 4000000, samples: 4000000, node 0 mem 68048
CBF freq dist: (1) 882, (1-100) 5950, (100-1000) 3430, (1k-2k) 8, (2k-3k) 1, (3k-5k) 0, (5k-65534) 256, (65k) 0 
CBF freq dist: (1) 159, (1-100) 2837, (100-1000) 499, (1k-2k) 57, (2k-3k) 195, (3k-5k) 0, (5k-65534) 0, (65k) 0 
collected one batch of samples. pages to migrate = 295 
start promoting 32 pages
move page ret -1 
move page error: 12
got ENOMEM. trying against with 6 pages 
second promote attempt return -1
pages migrated: 411, lfu # items: 9683, lfu sample size: 4100000, samples: 4100000, node 0 mem 68048
CBF freq dist: (1) 884, (1-100) 5948, (100-1000) 3470, (1k-2k) 8, (2k-3k) 1, (3k-5k) 0, (5k-65534) 256, (65k) 0 
CBF freq dist: (1) 152, (1-100) 2788, (100-1000) 558, (1k-2k) -3, (2k-3k) 254, (3k-5k) 1, (5k-65534) 0, (65k) 0 
collected one batch of samples. pages to migrate = 304 
start promoting 38 pages
move page ret 38 
move page error: 12
got ENOMEM. trying against with 7 pages 
second promote attempt return -1
pages migrated: 411, lfu # items: 9715, lfu sample size: 4200000, samples: 4200000, node 0 mem 68300
CBF freq dist: (1) 881, (1-100) 5936, (100-1000) 3513, (1k-2k) 9, (2k-3k) 1, (3k-5k) 0, (5k-65534) 256, (65k) 0 
CBF freq dist: (1) 143, (1-100) 2741, (100-1000) 613, (1k-2k) -2, (2k-3k) 237, (3k-5k) 18, (5k-65534) 0, (65k) 0 
collected one batch of samples. pages to migrate = 303 
start promoting 37 pages
move page ret 37 
move page error: 12
got ENOMEM. trying against with 7 pages 
second promote attempt return -1
pages migrated: 411, lfu # items: 9744, lfu sample size: 4300000, samples: 4300000, node 0 mem 68592
CBF freq dist: (1) 880, (1-100) 5913, (100-1000) 3564, (1k-2k) 9, (2k-3k) 2, (3k-5k) 0, (5k-65534) 256, (65k) 0 
CBF freq dist: (1) 129, (1-100) 2671, (100-1000) 685, (1k-2k) -1, (2k-3k) 99, (3k-5k) 156, (5k-65534) 0, (65k) 0 
num_perf_record_lost count 300
collected one batch of samples. pages to migrate = 319 
start promoting 47 pages
move page ret -1 
move page error: 12
got ENOMEM. trying against with 9 pages 
second promote attempt return -1
pages migrated: 411, lfu # items: 9772, lfu sample size: 4400000, samples: 4400000, node 0 mem 68592
CBF freq dist: (1) 878, (1-100) 5904, (100-1000) 3601, (1k-2k) 8, (2k-3k) 3, (3k-5k) 0, (5k-65534) 256, (65k) 0 
CBF freq dist: (1) 117, (1-100) 2603, (100-1000) 755, (1k-2k) -2, (2k-3k) 2, (3k-5k) 254, (5k-65534) 0, (65k) 0 
[DEBUG] Halving CBF counters.
collected one batch of samples. pages to migrate = 310 
start promoting 40 pages
move page ret 40 
move page error: 12
got ENOMEM. trying against with 8 pages 
second promote attempt return -1
pages migrated: 411, lfu # items: 9800, lfu sample size: 4500000, samples: 4500000, node 0 mem 68592
CBF freq dist: (1) 873, (1-100) 5885, (100-1000) 3648, (1k-2k) 7, (2k-3k) 4, (3k-5k) 0, (5k-65534) 256, (65k) 0 
CBF freq dist: (1) 209, (1-100) 2963, (100-1000) 357, (1k-2k) 131, (2k-3k) 126, (3k-5k) 0, (5k-65534) 0, (65k) 0 
collected one batch of samples. pages to migrate = 320 
start promoting 54 pages
move page ret -1 
move page error: 12
got ENOMEM. trying against with 10 pages 
second promote attempt return -1
pages migrated: 411, lfu # items: 9840, lfu sample size: 4600000, samples: 4600000, node 0 mem 68592
CBF freq dist: (1) 870, (1-100) 5868, (100-1000) 3705, (1k-2k) 7, (2k-3k) 3, (3k-5k) 1, (5k-65534) 256, (65k) 0 
CBF freq dist: (1) 194, (1-100) 2893, (100-1000) 438, (1k-2k) 2, (2k-3k) 255, (3k-5k) 0, (5k-65534) 0, (65k) 0 
collected one batch of samples. pages to migrate = 308 
start promoting 36 pages
move page ret 36 
move page error: 12
got ENOMEM. trying against with 7 pages 
second promote attempt return -1
pages migrated: 411, lfu # items: 9977, lfu sample size: 4700000, samples: 4700000, node 0 mem 68600
CBF freq dist: (1) 951, (1-100) 5963, (100-1000) 3745, (1k-2k) 9, (2k-3k) 2, (3k-5k) 2, (5k-65534) 256, (65k) 0 
CBF freq dist: (1) 194, (1-100) 2867, (100-1000) 497, (1k-2k) 1, (2k-3k) 253, (3k-5k) 3, (5k-65534) 0, (65k) 0 
collected one batch of samples. pages to migrate = 331 
start promoting 61 pages
move page ret -1 
move page error: 12
got ENOMEM. trying against with 12 pages 
second promote attempt return -1
pages migrated: 411, lfu # items: 10027, lfu sample size: 4800000, samples: 4800000, node 0 mem 68852
CBF freq dist: (1) 948, (1-100) 5946, (100-1000) 3812, (1k-2k) 9, (2k-3k) 2, (3k-5k) 2, (5k-65534) 256, (65k) 0 
CBF freq dist: (1) 190, (1-100) 2784, (100-1000) 590, (1k-2k) 1, (2k-3k) 180, (3k-5k) 77, (5k-65534) 0, (65k) 0 
collected one batch of samples. pages to migrate = 314 
start promoting 42 pages
move page ret 42 
move page error: 12
got ENOMEM. trying against with 8 pages 
second promote attempt return -1
pages migrated: 411, lfu # items: 10068, lfu sample size: 4900000, samples: 4900000, node 0 mem 68852
CBF freq dist: (1) 945, (1-100) 5945, (100-1000) 3853, (1k-2k) 10, (2k-3k) 2, (3k-5k) 2, (5k-65534) 256, (65k) 0 
CBF freq dist: (1) 184, (1-100) 2719, (100-1000) 661, (1k-2k) 1, (2k-3k) 14, (3k-5k) 243, (5k-65534) 0, (65k) 0 
[DEBUG] Number of hot pages promoted in 50 batches = 411 
[DEBUG] Halving CBF counters.
collected one batch of samples. pages to migrate = 324 
start promoting 51 pages
move page ret 51 
move page error: 12
got ENOMEM. trying against with 10 pages 
second promote attempt return -1
pages migrated: 411, lfu # items: 10113, lfu sample size: 5000000, samples: 5000000, node 0 mem 69076
CBF freq dist: (1) 927, (1-100) 5923, (100-1000) 3920, (1k-2k) 9, (2k-3k) 3, (3k-5k) 2, (5k-65534) 256, (65k) 0 
CBF freq dist: (1) 322, (1-100) 2849, (100-1000) 376, (1k-2k) 242, (2k-3k) 15, (3k-5k) 0, (5k-65534) 0, (65k) 0 
collected one batch of samples. pages to migrate = 335 
start promoting 67 pages
move page ret -1 
move page error: 12
got ENOMEM. trying against with 13 pages 
second promote attempt return -1
pages migrated: 411, lfu # items: 10167, lfu sample size: 5100000, samples: 5100000, node 0 mem 69076
CBF freq dist: (1) 921, (1-100) 5913, (100-1000) 3984, (1k-2k) 9, (2k-3k) 3, (3k-5k) 1, (5k-65534) 257, (65k) 0 
CBF freq dist: (1) 295, (1-100) 2754, (100-1000) 489, (1k-2k) 68, (2k-3k) 189, (3k-5k) 0, (5k-65534) 0, (65k) 0 
collected one batch of samples. pages to migrate = 318 
start promoting 50 pages
move page ret 50 
move page error: 12
got ENOMEM. trying against with 10 pages 
second promote attempt return -1
pages migrated: 411, lfu # items: 10197, lfu sample size: 5200000, samples: 5200000, node 0 mem 69076
CBF freq dist: (1) 921, (1-100) 5896, (100-1000) 4030, (1k-2k) 10, (2k-3k) 3, (3k-5k) 1, (5k-65534) 257, (65k) 0 
CBF freq dist: (1) 290, (1-100) 2689, (100-1000) 565, (1k-2k) 1, (2k-3k) 256, (3k-5k) 0, (5k-65534) 0, (65k) 0 
collected one batch of samples. pages to migrate = 360 
start promoting 67 pages
move page ret -1 
move page error: 12
got ENOMEM. trying against with 13 pages 
second promote attempt return -1
pages migrated: 411, lfu # items: 10269, lfu sample size: 5300000, samples: 5300000, node 0 mem 69076
CBF freq dist: (1) 905, (1-100) 5888, (100-1000) 4107, (1k-2k) 12, (2k-3k) 4, (3k-5k) 0, (5k-65534) 258, (65k) 0 
CBF freq dist: (1) 231, (1-100) 2663, (100-1000) 685, (1k-2k) 1, (2k-3k) 253, (3k-5k) 4, (5k-65534) 0, (65k) 0 
collected one batch of samples. pages to migrate = 319 
start promoting 45 pages
move page ret -1 
move page error: 12
got ENOMEM. trying against with 9 pages 
second promote attempt return -1
pages migrated: 411, lfu # items: 10314, lfu sample size: 5400000, samples: 5400000, node 0 mem 69272
CBF freq dist: (1) 902, (1-100) 5891, (100-1000) 4148, (1k-2k) 13, (2k-3k) 4, (3k-5k) 0, (5k-65534) 258, (65k) 0 
CBF freq dist: (1) 227, (1-100) 2599, (100-1000) 751, (1k-2k) 2, (2k-3k) 132, (3k-5k) 125, (5k-65534) 0, (65k) 0 
collected one batch of samples. pages to migrate = 333 
start promoting 60 pages
move page ret -1 
move page error: 12
got ENOMEM. trying against with 12 pages 
second promote attempt return -1
pages migrated: 411, lfu # items: 10362, lfu sample size: 5500000, samples: 5500000, node 0 mem 69272
CBF freq dist: (1) 899, (1-100) 5876, (100-1000) 4211, (1k-2k) 13, (2k-3k) 4, (3k-5k) 0, (5k-65534) 258, (65k) 0 
CBF freq dist: (1) 219, (1-100) 2518, (100-1000) 839, (1k-2k) 2, (2k-3k) 9, (3k-5k) 248, (5k-65534) 0, (65k) 0 
[DEBUG] Halving CBF counters.
collected one batch of samples. pages to migrate = 321 
start promoting 44 pages
move page ret -1 
move page error: 12
got ENOMEM. trying against with 8 pages 
second promote attempt return -1
pages migrated: 411, lfu # items: 10406, lfu sample size: 5600000, samples: 5600000, node 0 mem 69272
CBF freq dist: (1) 896, (1-100) 5861, (100-1000) 4270, (1k-2k) 13, (2k-3k) 4, (3k-5k) 0, (5k-65534) 258, (65k) 0 
CBF freq dist: (1) 163, (1-100) 2708, (100-1000) 452, (1k-2k) 189, (2k-3k) 68, (3k-5k) 0, (5k-65534) 0, (65k) 0 
collected one batch of samples. pages to migrate = 319 
start promoting 54 pages
move page ret -1 
move page error: 12
got ENOMEM. trying against with 10 pages 
second promote attempt return -1
pages migrated: 411, lfu # items: 10443, lfu sample size: 5700000, samples: 5700000, node 0 mem 69440
CBF freq dist: (1) 894, (1-100) 5846, (100-1000) 4320, (1k-2k) 15, (2k-3k) 3, (3k-5k) 1, (5k-65534) 258, (65k) 0 
CBF freq dist: (1) 150, (1-100) 2622, (100-1000) 543, (1k-2k) 3, (2k-3k) 254, (3k-5k) 0, (5k-65534) 0, (65k) 0 
collected one batch of samples. pages to migrate = 327 
start promoting 58 pages
move page ret -1 
move page error: 12
got ENOMEM. trying against with 11 pages 
second promote attempt return -1
pages migrated: 411, lfu # items: 10814, lfu sample size: 5800000, samples: 5800000, node 0 mem 69692
CBF freq dist: (1) 1104, (1-100) 6149, (100-1000) 4387, (1k-2k) 16, (2k-3k) 3, (3k-5k) 1, (5k-65534) 258, (65k) 0 
CBF freq dist: (1) 153, (1-100) 2619, (100-1000) 636, (1k-2k) 2, (2k-3k) 254, (3k-5k) 2, (5k-65534) 0, (65k) 0 
collected one batch of samples. pages to migrate = 329 
start promoting 60 pages
move page ret 60 
move page error: 12
got ENOMEM. trying against with 12 pages 
second promote attempt return -1
pages migrated: 411, lfu # items: 10872, lfu sample size: 5900000, samples: 5900000, node 0 mem 69692
CBF freq dist: (1) 1100, (1-100) 6145, (100-1000) 4448, (1k-2k) 16, (2k-3k) 4, (3k-5k) 1, (5k-65534) 258, (65k) 0 
CBF freq dist: (1) 143, (1-100) 2548, (100-1000) 723, (1k-2k) 2, (2k-3k) 225, (3k-5k) 31, (5k-65534) 0, (65k) 0 
num_perf_record_lost count 400
collected one batch of samples. pages to migrate = 330 
start promoting 60 pages
move page ret -1 
move page error: 12
got ENOMEM. trying against with 12 pages 
second promote attempt return -1
pages migrated: 411, lfu # items: 10910, lfu sample size: 6000000, samples: 6000000, node 0 mem 69840
CBF freq dist: (1) 1095, (1-100) 6126, (100-1000) 4505, (1k-2k) 16, (2k-3k) 4, (3k-5k) 1, (5k-65534) 258, (65k) 0 
CBF freq dist: (1) 134, (1-100) 2474, (100-1000) 807, (1k-2k) 2, (2k-3k) 53, (3k-5k) 203, (5k-65534) 0, (65k) 0 
[DEBUG] Halving CBF counters.
collected one batch of samples. pages to migrate = 307 
start promoting 45 pages
move page ret 45 
move page error: 12
got ENOMEM. trying against with 9 pages 
second promote attempt return -1
pages migrated: 411, lfu # items: 10928, lfu sample size: 6100000, samples: 6100000, node 0 mem 69840
CBF freq dist: (1) 1092, (1-100) 6099, (100-1000) 4550, (1k-2k) 16, (2k-3k) 4, (3k-5k) 1, (5k-65534) 258, (65k) 0 
CBF freq dist: (1) 145, (1-100) 2771, (100-1000) 394, (1k-2k) 243, (2k-3k) 13, (3k-5k) 0, (5k-65534) 0, (65k) 0 
collected one batch of samples. pages to migrate = 309 
start promoting 44 pages
move page ret -1 
move page error: 12
got ENOMEM. trying against with 8 pages 
second promote attempt return -1
pages migrated: 411, lfu # items: 10949, lfu sample size: 6200000, samples: 6200000, node 0 mem 70092
CBF freq dist: (1) 1089, (1-100) 6067, (100-1000) 4603, (1k-2k) 16, (2k-3k) 4, (3k-5k) 1, (5k-65534) 258, (65k) 0 
CBF freq dist: (1) 114, (1-100) 2699, (100-1000) 482, (1k-2k) 72, (2k-3k) 184, (3k-5k) 0, (5k-65534) 0, (65k) 0 
collected one batch of samples. pages to migrate = 291 
start promoting 28 pages
move page ret -1 
move page error: 12
got ENOMEM. trying against with 5 pages 
second promote attempt return -1
pages migrated: 411, lfu # items: 10968, lfu sample size: 6300000, samples: 6300000, node 0 mem 70092
CBF freq dist: (1) 1088, (1-100) 6063, (100-1000) 4625, (1k-2k) 17, (2k-3k) 4, (3k-5k) 1, (5k-65534) 258, (65k) 0 
CBF freq dist: (1) 104, (1-100) 2671, (100-1000) 516, (1k-2k) 1, (2k-3k) 255, (3k-5k) 1, (5k-65534) 0, (65k) 0 
collected one batch of samples. pages to migrate = 288 
start promoting 25 pages
move page ret -1 
move page error: 12
got ENOMEM. trying against with 5 pages 
second promote attempt return -1
pages migrated: 411, lfu # items: 10987, lfu sample size: 6400000, samples: 6400000, node 0 mem 70100
CBF freq dist: (1) 1084, (1-100) 6057, (100-1000) 4650, (1k-2k) 17, (2k-3k) 4, (3k-5k) 1, (5k-65534) 258, (65k) 0 
CBF freq dist: (1) 94, (1-100) 2639, (100-1000) 560, (1k-2k) 1, (2k-3k) 235, (3k-5k) 21, (5k-65534) 0, (65k) 0 
collected one batch of samples. pages to migrate = 312 
start promoting 47 pages
move page ret -1 
move page error: 12
got ENOMEM. trying against with 9 pages 
second promote attempt return -1
pages migrated: 411, lfu # items: 11006, lfu sample size: 6500000, samples: 6500000, node 0 mem 70100
CBF freq dist: (1) 1084, (1-100) 6026, (100-1000) 4700, (1k-2k) 17, (2k-3k) 4, (3k-5k) 1, (5k-65534) 258, (65k) 0 
CBF freq dist: (1) 88, (1-100) 2578, (100-1000) 629, (1k-2k) 1, (2k-3k) 89, (3k-5k) 167, (5k-65534) 0, (65k) 0 
collected one batch of samples. pages to migrate = 341 
start promoting 61 pages
move page ret -1 
move page error: 12
got ENOMEM. trying against with 12 pages 
second promote attempt return -1
pages migrated: 411, lfu # items: 11027, lfu sample size: 6600000, samples: 6600000, node 0 mem 70100
CBF freq dist: (1) 1082, (1-100) 5994, (100-1000) 4752, (1k-2k) 18, (2k-3k) 4, (3k-5k) 1, (5k-65534) 258, (65k) 0 
CBF freq dist: (1) 70, (1-100) 2515, (100-1000) 699, (1k-2k) 2, (2k-3k) 2, (3k-5k) 254, (5k-65534) 0, (65k) 0 
[DEBUG] Halving CBF counters.
collected one batch of samples. pages to migrate = 326 
start promoting 53 pages
move page ret 53 
move page error: 12
got ENOMEM. trying against with 10 pages 
second promote attempt return -1
pages migrated: 411, lfu # items: 11058, lfu sample size: 6700000, samples: 6700000, node 0 mem 70100
CBF freq dist: (1) 1079, (1-100) 5971, (100-1000) 4805, (1k-2k) 19, (2k-3k) 4, (3k-5k) 1, (5k-65534) 258, (65k) 0 
CBF freq dist: (1) 274, (1-100) 2785, (100-1000) 388, (1k-2k) 137, (2k-3k) 119, (3k-5k) 0, (5k-65534) 0, (65k) 0 
collected one batch of samples. pages to migrate = 342 
start promoting 68 pages
move page ret 68 
move page error: 12
got ENOMEM. trying against with 13 pages 
second promote attempt return -1
pages migrated: 411, lfu # items: 11089, lfu sample size: 6800000, samples: 6800000, node 0 mem 70100
CBF freq dist: (1) 1078, (1-100) 5952, (100-1000) 4854, (1k-2k) 20, (2k-3k) 3, (3k-5k) 2, (5k-65534) 258, (65k) 0 
CBF freq dist: (1) 238, (1-100) 2702, (100-1000) 497, (1k-2k) 3, (2k-3k) 254, (3k-5k) 0, (5k-65534) 0, (65k) 0 
collected one batch of samples. pages to migrate = 358 
start promoting 81 pages
move page ret -1 
move page error: 12
got ENOMEM. trying against with 16 pages 
second promote attempt return -1
pages migrated: 411, lfu # items: 11148, lfu sample size: 6900000, samples: 6900000, node 0 mem 70100
CBF freq dist: (1) 1075, (1-100) 5929, (100-1000) 4933, (1k-2k) 23, (2k-3k) 3, (3k-5k) 2, (5k-65534) 258, (65k) 0 
CBF freq dist: (1) 221, (1-100) 2598, (100-1000) 631, (1k-2k) 2, (2k-3k) 255, (3k-5k) 1, (5k-65534) 0, (65k) 0 
collected one batch of samples. pages to migrate = 352 
start promoting 67 pages
move page ret 67 
move page error: 12
got ENOMEM. trying against with 13 pages 
second promote attempt return -1
pages migrated: 411, lfu # items: 11190, lfu sample size: 7000000, samples: 7000000, node 0 mem 70100
CBF freq dist: (1) 1059, (1-100) 5923, (100-1000) 4980, (1k-2k) 24, (2k-3k) 3, (3k-5k) 1, (5k-65534) 259, (65k) 0 
CBF freq dist: (1) 212, (1-100) 2537, (100-1000) 728, (1k-2k) 2, (2k-3k) 229, (3k-5k) 27, (5k-65534) 0, (65k) 0 
collected one batch of samples. pages to migrate = 368 
start promoting 76 pages
move page ret -1 
move page error: 12
got ENOMEM. trying against with 15 pages 
second promote attempt return -1
pages migrated: 411, lfu # items: 11336, lfu sample size: 7100000, samples: 7100000, node 0 mem 70100
CBF freq dist: (1) 970, (1-100) 6020, (100-1000) 5025, (1k-2k) 28, (2k-3k) 3, (3k-5k) 1, (5k-65534) 259, (65k) 0 
CBF freq dist: (1) 223, (1-100) 2522, (100-1000) 828, (1k-2k) 3, (2k-3k) 73, (3k-5k) 183, (5k-65534) 0, (65k) 0 
[DEBUG] Halving CBF counters.
collected one batch of samples. pages to migrate = 326 
start promoting 51 pages
move page ret 51 
move page error: 12
got ENOMEM. trying against with 10 pages 
second promote attempt return -1
pages migrated: 411, lfu # items: 11366, lfu sample size: 7200000, samples: 7200000, node 0 mem 70100
CBF freq dist: (1) 971, (1-100) 6004, (100-1000) 5070, (1k-2k) 29, (2k-3k) 3, (3k-5k) 1, (5k-65534) 259, (65k) 0 
CBF freq dist: (1) 183, (1-100) 2680, (100-1000) 473, (1k-2k) 252, (2k-3k) 4, (3k-5k) 0, (5k-65534) 0, (65k) 0 
collected one batch of samples. pages to migrate = 358 
start promoting 70 pages
move page ret -1 
move page error: 12
got ENOMEM. trying against with 14 pages 
second promote attempt return -1
pages migrated: 411, lfu # items: 11402, lfu sample size: 7300000, samples: 7300000, node 0 mem 70100
CBF freq dist: (1) 967, (1-100) 5980, (100-1000) 5126, (1k-2k) 33, (2k-3k) 3, (3k-5k) 1, (5k-65534) 259, (65k) 0 
CBF freq dist: (1) 168, (1-100) 2717, (100-1000) 604, (1k-2k) 129, (2k-3k) 127, (3k-5k) 0, (5k-65534) 0, (65k) 0 
collected one batch of samples. pages to migrate = 332 
start promoting 43 pages
move page ret 43 
move page error: 12
got ENOMEM. trying against with 8 pages 
second promote attempt return -1
pages migrated: 411, lfu # items: 11431, lfu sample size: 7400000, samples: 7400000, node 0 mem 70100
CBF freq dist: (1) 961, (1-100) 5964, (100-1000) 5169, (1k-2k) 35, (2k-3k) 3, (3k-5k) 1, (5k-65534) 259, (65k) 0 
CBF freq dist: (1) 132, (1-100) 2671, (100-1000) 687, (1k-2k) 1, (2k-3k) 255, (3k-5k) 1, (5k-65534) 0, (65k) 0 
collected one batch of samples. pages to migrate = 334 
start promoting 55 pages
move page ret 55 
move page error: 12
got ENOMEM. trying against with 11 pages 
second promote attempt return -1
pages migrated: 411, lfu # items: 11456, lfu sample size: 7500000, samples: 7500000, node 0 mem 70100
CBF freq dist: (1) 960, (1-100) 5936, (100-1000) 5222, (1k-2k) 35, (2k-3k) 2, (3k-5k) 2, (5k-65534) 259, (65k) 0 
CBF freq dist: (1) 119, (1-100) 2586, (100-1000) 777, (1k-2k) 0, (2k-3k) 255, (3k-5k) 2, (5k-65534) 0, (65k) 0 
collected one batch of samples. pages to migrate = 347 
start promoting 66 pages
move page ret -1 
move page error: 12
got ENOMEM. trying against with 13 pages 
second promote attempt return -1
pages migrated: 411, lfu # items: 11487, lfu sample size: 7600000, samples: 7600000, node 0 mem 70100
CBF freq dist: (1) 957, (1-100) 5913, (100-1000) 5276, (1k-2k) 35, (2k-3k) 2, (3k-5k) 2, (5k-65534) 259, (65k) 0 
CBF freq dist: (1) 109, (1-100) 2508, (100-1000) 876, (1k-2k) 0, (2k-3k) 186, (3k-5k) 71, (5k-65534) 0, (65k) 0 
num_perf_record_lost count 500
collected one batch of samples. pages to migrate = 298 
start promoting 20 pages
move page ret -1 
move page error: 12
got ENOMEM. trying against with 4 pages 
second promote attempt return -1
pages migrated: 411, lfu # items: 11500, lfu sample size: 7700000, samples: 7700000, node 0 mem 70100
CBF freq dist: (1) 955, (1-100) 5914, (100-1000) 5286, (1k-2k) 37, (2k-3k) 2, (3k-5k) 2, (5k-65534) 259, (65k) 0 
CBF freq dist: (1) 101, (1-100) 2487, (100-1000) 904, (1k-2k) 0, (2k-3k) 16, (3k-5k) 241, (5k-65534) 0, (65k) 0 
[DEBUG] Halving CBF counters.
collected one batch of samples. pages to migrate = 291 
start promoting 24 pages
move page ret -1 
move page error: 12
got ENOMEM. trying against with 4 pages 
second promote attempt return -1
pages migrated: 411, lfu # items: 11517, lfu sample size: 7800000, samples: 7800000, node 0 mem 70100
CBF freq dist: (1) 954, (1-100) 5907, (100-1000) 5309, (1k-2k) 38, (2k-3k) 2, (3k-5k) 2, (5k-65534) 259, (65k) 0 
CBF freq dist: (1) 163, (1-100) 2902, (100-1000) 404, (1k-2k) 168, (2k-3k) 89, (3k-5k) 0, (5k-65534) 0, (65k) 0 
collected one batch of samples. pages to migrate = 305 
start promoting 39 pages
move page ret -1 
move page error: 12
got ENOMEM. trying against with 7 pages 
second promote attempt return -1
pages migrated: 411, lfu # items: 11527, lfu sample size: 7900000, samples: 7900000, node 0 mem 70100
CBF freq dist: (1) 953, (1-100) 5893, (100-1000) 5332, (1k-2k) 39, (2k-3k) 2, (3k-5k) 2, (5k-65534) 259, (65k) 0 
CBF freq dist: (1) 160, (1-100) 2860, (100-1000) 455, (1k-2k) 2, (2k-3k) 256, (3k-5k) 0, (5k-65534) 0, (65k) 0 
collected one batch of samples. pages to migrate = 320 
start promoting 45 pages
move page ret -1 
move page error: 12
got ENOMEM. trying against with 9 pages 
second promote attempt return -1
pages migrated: 411, lfu # items: 11541, lfu sample size: 8000000, samples: 8000000, node 0 mem 70100
CBF freq dist: (1) 953, (1-100) 5871, (100-1000) 5367, (1k-2k) 40, (2k-3k) 2, (3k-5k) 2, (5k-65534) 259, (65k) 0 
CBF freq dist: (1) 152, (1-100) 2798, (100-1000) 526, (1k-2k) 0, (2k-3k) 256, (3k-5k) 2, (5k-65534) 0, (65k) 0 
collected one batch of samples. pages to migrate = 313 
start promoting 35 pages
move page ret -1 
move page error: 12
got ENOMEM. trying against with 7 pages 
second promote attempt return -1
pages migrated: 411, lfu # items: 11552, lfu sample size: 8100000, samples: 8100000, node 0 mem 70100
CBF freq dist: (1) 953, (1-100) 5859, (100-1000) 5388, (1k-2k) 42, (2k-3k) 2, (3k-5k) 2, (5k-65534) 259, (65k) 0 
CBF freq dist: (1) 144, (1-100) 2750, (100-1000) 584, (1k-2k) 0, (2k-3k) 176, (3k-5k) 82, (5k-65534) 0, (65k) 0 
collected one batch of samples. pages to migrate = 322 
start promoting 46 pages
move page ret -1 
move page error: 12
got ENOMEM. trying against with 9 pages 
second promote attempt return -1
pages migrated: 411, lfu # items: 11566, lfu sample size: 8200000, samples: 8200000, node 0 mem 70604
CBF freq dist: (1) 953, (1-100) 5835, (100-1000) 5424, (1k-2k) 44, (2k-3k) 2, (3k-5k) 2, (5k-65534) 259, (65k) 0 
CBF freq dist: (1) 135, (1-100) 2691, (100-1000) 653, (1k-2k) 1, (2k-3k) 15, (3k-5k) 243, (5k-65534) 0, (65k) 0 
[DEBUG] Halving CBF counters.
collected one batch of samples. pages to migrate = 311 
start promoting 27 pages
move page ret 27 
move page error: 12
got ENOMEM. trying against with 5 pages 
second promote attempt return -1
pages migrated: 411, lfu # items: 11575, lfu sample size: 8300000, samples: 8300000, node 0 mem 70604
CBF freq dist: (1) 953, (1-100) 5828, (100-1000) 5440, (1k-2k) 44, (2k-3k) 2, (3k-5k) 2, (5k-65534) 259, (65k) 0 
CBF freq dist: (1) 252, (1-100) 2950, (100-1000) 275, (1k-2k) 225, (2k-3k) 33, (3k-5k) 0, (5k-65534) 0, (65k) 0 
collected one batch of samples. pages to migrate = 326 
start promoting 39 pages
move page ret -1 
move page error: 12
got ENOMEM. trying against with 7 pages 
second promote attempt return -1
pages migrated: 411, lfu # items: 11587, lfu sample size: 8400000, samples: 8400000, node 0 mem 70604
CBF freq dist: (1) 953, (1-100) 5818, (100-1000) 5459, (1k-2k) 47, (2k-3k) 2, (3k-5k) 2, (5k-65534) 259, (65k) 0 
CBF freq dist: (1) 254, (1-100) 3000, (100-1000) 333, (1k-2k) 16, (2k-3k) 243, (3k-5k) 0, (5k-65534) 0, (65k) 0 
collected one batch of samples. pages to migrate = 323 
start promoting 42 pages
move page ret -1 
move page error: 12
got ENOMEM. trying against with 8 pages 
second promote attempt return -1
pages migrated: 411, lfu # items: 11608, lfu sample size: 8500000, samples: 8500000, node 0 mem 70604
CBF freq dist: (1) 957, (1-100) 5807, (100-1000) 5489, (1k-2k) 49, (2k-3k) 2, (3k-5k) 2, (5k-65534) 259, (65k) 0 
CBF freq dist: (1) 236, (1-100) 2933, (100-1000) 420, (1k-2k) 1, (2k-3k) 257, (3k-5k) 1, (5k-65534) 0, (65k) 0 
collected one batch of samples. pages to migrate = 331 
start promoting 54 pages
move page ret 54 
move page error: 12
got ENOMEM. trying against with 10 pages 
second promote attempt return -1
pages migrated: 411, lfu # items: 11624, lfu sample size: 8600000, samples: 8600000, node 0 mem 70604
CBF freq dist: (1) 958, (1-100) 5792, (100-1000) 5515, (1k-2k) 54, (2k-3k) 2, (3k-5k) 2, (5k-65534) 259, (65k) 0 
CBF freq dist: (1) 223, (1-100) 2857, (100-1000) 517, (1k-2k) 1, (2k-3k) 233, (3k-5k) 25, (5k-65534) 0, (65k) 0 
collected one batch of samples. pages to migrate = 348 
start promoting 68 pages
move page ret 68 
move page error: 12
got ENOMEM. trying against with 13 pages 
second promote attempt return -1
pages migrated: 411, lfu # items: 11653, lfu sample size: 8700000, samples: 8700000, node 0 mem 70604
CBF freq dist: (1) 955, (1-100) 5765, (100-1000) 5569, (1k-2k) 56, (2k-3k) 2, (3k-5k) 2, (5k-65534) 259, (65k) 0 
CBF freq dist: (1) 212, (1-100) 2766, (100-1000) 632, (1k-2k) 1, (2k-3k) 88, (3k-5k) 170, (5k-65534) 0, (65k) 0 
collected one batch of samples. pages to migrate = 362 
start promoting 72 pages
move page ret -1 
move page error: 12
got ENOMEM. trying against with 14 pages 
second promote attempt return -1
pages migrated: 411, lfu # items: 11686, lfu sample size: 8800000, samples: 8800000, node 0 mem 70604
CBF freq dist: (1) 953, (1-100) 5750, (100-1000) 5614, (1k-2k) 59, (2k-3k) 2, (3k-5k) 2, (5k-65534) 259, (65k) 0 
CBF freq dist: (1) 198, (1-100) 2665, (100-1000) 753, (1k-2k) 1, (2k-3k) 9, (3k-5k) 249, (5k-65534) 0, (65k) 0 
[DEBUG] Halving CBF counters.
collected one batch of samples. pages to migrate = 337 
start promoting 55 pages
move page ret -1 
move page error: 12
got ENOMEM. trying against with 11 pages 
second promote attempt return -1
pages migrated: 411, lfu # items: 11703, lfu sample size: 8900000, samples: 8900000, node 0 mem 70604
CBF freq dist: (1) 953, (1-100) 5736, (100-1000) 5642, (1k-2k) 62, (2k-3k) 2, (3k-5k) 1, (5k-65534) 260, (65k) 0 
CBF freq dist: (1) 273, (1-100) 2811, (100-1000) 433, (1k-2k) 170, (2k-3k) 88, (3k-5k) 0, (5k-65534) 0, (65k) 0 
collected one batch of samples. pages to migrate = 323 
start promoting 47 pages
move page ret -1 
move page error: 12
got ENOMEM. trying against with 9 pages 
second promote attempt return -1
pages migrated: 411, lfu # items: 11734, lfu sample size: 9000000, samples: 9000000, node 0 mem 70604
CBF freq dist: (1) 954, (1-100) 5737, (100-1000) 5669, (1k-2k) 65, (2k-3k) 2, (3k-5k) 1, (5k-65534) 260, (65k) 0 
CBF freq dist: (1) 255, (1-100) 2752, (100-1000) 518, (1k-2k) 6, (2k-3k) 253, (3k-5k) 0, (5k-65534) 0, (65k) 0 
collected one batch of samples. pages to migrate = 340 
start promoting 57 pages
move page ret -1 
move page error: 12
got ENOMEM. trying against with 11 pages 
second promote attempt return -1
pages migrated: 411, lfu # items: 11754, lfu sample size: 9100000, samples: 9100000, node 0 mem 70604
CBF freq dist: (1) 953, (1-100) 5723, (100-1000) 5698, (1k-2k) 70, (2k-3k) 2, (3k-5k) 1, (5k-65534) 260, (65k) 0 
CBF freq dist: (1) 247, (1-100) 2681, (100-1000) 610, (1k-2k) 5, (2k-3k) 253, (3k-5k) 1, (5k-65534) 0, (65k) 0 
collected one batch of samples. pages to migrate = 329 
start promoting 57 pages
move page ret 57 
move page error: 12
got ENOMEM. trying against with 11 pages 
second promote attempt return -1
pages migrated: 411, lfu # items: 11789, lfu sample size: 9200000, samples: 9200000, node 0 mem 70604
CBF freq dist: (1) 951, (1-100) 5705, (100-1000) 5746, (1k-2k) 75, (2k-3k) 2, (3k-5k) 1, (5k-65534) 260, (65k) 0 
CBF freq dist: (1) 224, (1-100) 2590, (100-1000) 725, (1k-2k) 5, (2k-3k) 215, (3k-5k) 39, (5k-65534) 0, (65k) 0 
collected one batch of samples. pages to migrate = 347 
start promoting 79 pages
move page ret -1 
move page error: 12
got ENOMEM. trying against with 15 pages 
second promote attempt return -1
pages migrated: 411, lfu # items: 11823, lfu sample size: 9300000, samples: 9300000, node 0 mem 70604
CBF freq dist: (1) 953, (1-100) 5688, (100-1000) 5795, (1k-2k) 77, (2k-3k) 2, (3k-5k) 1, (5k-65534) 260, (65k) 0 
CBF freq dist: (1) 203, (1-100) 2500, (100-1000) 838, (1k-2k) 5, (2k-3k) 57, (3k-5k) 197, (5k-65534) 0, (65k) 0 
num_perf_record_lost count 600
[DEBUG] Halving CBF counters.
collected one batch of samples. pages to migrate = 353 
start promoting 70 pages
Trial Time:          28.28382
move page ret 51 
move page error: 12
got ENOMEM. trying against with 14 pages 
second promote attempt return 0
pages migrated: 411, lfu # items: 11864, lfu sample size: 9400000, samples: 9400000, node 0 mem 740480
CBF freq dist: (1) 953, (1-100) 5688, (100-1000) 5832, (1k-2k) 81, (2k-3k) 2, (3k-5k) 1, (5k-65534) 260, (65k) 0 
CBF freq dist: (1) 178, (1-100) 2732, (100-1000) 443, (1k-2k) 253, (2k-3k) 1, (3k-5k) 0, (5k-65534) 0, (65k) 0 
collected one batch of samples. pages to migrate = 477 
start promoting 311 pages
move page ret 310 
move page error: 12
got ENOMEM. trying against with 62 pages 
second promote attempt return 0
pages migrated: 411, lfu # items: 11895, lfu sample size: 9500000, samples: 9500000, node 0 mem 76632
CBF freq dist: (1) 953, (1-100) 5627, (100-1000) 5923, (1k-2k) 82, (2k-3k) 2, (3k-5k) 1, (5k-65534) 260, (65k) 0 
CBF freq dist: (1) 147, (1-100) 2795, (100-1000) 549, (1k-2k) 120, (2k-3k) 134, (3k-5k) 0, (5k-65534) 0, (65k) 0 
collected one batch of samples. pages to migrate = 353 
start promoting 27 pages
move page ret -1 
move page error: 12
got ENOMEM. trying against with 5 pages 
second promote attempt return -1
pages migrated: 411, lfu # items: 11902, lfu sample size: 9600000, samples: 9600000, node 0 mem 76632
CBF freq dist: (1) 954, (1-100) 5620, (100-1000) 5937, (1k-2k) 82, (2k-3k) 1, (3k-5k) 2, (5k-65534) 260, (65k) 0 
CBF freq dist: (1) 147, (1-100) 2780, (100-1000) 567, (1k-2k) 2, (2k-3k) 251, (3k-5k) 1, (5k-65534) 0, (65k) 0 
collected one batch of samples. pages to migrate = 389 
start promoting 33 pages
move page ret -1 
move page error: 12
got ENOMEM. trying against with 6 pages 
second promote attempt return -1
pages migrated: 411, lfu # items: 11917, lfu sample size: 9700000, samples: 9700000, node 0 mem 76632
CBF freq dist: (1) 954, (1-100) 5620, (100-1000) 5952, (1k-2k) 81, (2k-3k) 2, (3k-5k) 2, (5k-65534) 260, (65k) 0 
CBF freq dist: (1) 144, (1-100) 2759, (100-1000) 594, (1k-2k) 2, (2k-3k) 229, (3k-5k) 23, (5k-65534) 0, (65k) 0 
collected one batch of samples. pages to migrate = 289 
start promoting 42 pages
move page ret -1 
move page error: 12
got ENOMEM. trying against with 8 pages 
second promote attempt return -1
pages migrated: 411, lfu # items: 11924, lfu sample size: 9800000, samples: 9800000, node 0 mem 76632
CBF freq dist: (1) 952, (1-100) 5613, (100-1000) 5965, (1k-2k) 82, (2k-3k) 2, (3k-5k) 2, (5k-65534) 260, (65k) 0 
CBF freq dist: (1) 142, (1-100) 2725, (100-1000) 632, (1k-2k) 2, (2k-3k) 90, (3k-5k) 162, (5k-65534) 0, (65k) 0 
collected one batch of samples. pages to migrate = 289 
start promoting 41 pages
move page ret -1 
move page error: 12
got ENOMEM. trying against with 8 pages 
second promote attempt return -1
pages migrated: 411, lfu # items: 11928, lfu sample size: 9900000, samples: 9900000, node 0 mem 76632
CBF freq dist: (1) 952, (1-100) 5604, (100-1000) 5977, (1k-2k) 83, (2k-3k) 2, (3k-5k) 2, (5k-65534) 260, (65k) 0 
CBF freq dist: (1) 141, (1-100) 2692, (100-1000) 672, (1k-2k) 2, (2k-3k) -3, (3k-5k) 255, (5k-65534) 0, (65k) 0 
[DEBUG] Number of hot pages promoted in 50 batches = 0 
[DEBUG] Halving CBF counters.
collected one batch of samples. pages to migrate = 284 
start promoting 37 pages
move page ret -1 
move page error: 12
got ENOMEM. trying against with 7 pages 
second promote attempt return -1
pages migrated: 411, lfu # items: 11933, lfu sample size: 10000000, samples: 10000000, node 0 mem 76632
CBF freq dist: (1) 950, (1-100) 5596, (100-1000) 5989, (1k-2k) 84, (2k-3k) 2, (3k-5k) 2, (5k-65534) 260, (65k) 0 
CBF freq dist: (1) 227, (1-100) 2972, (100-1000) 260, (1k-2k) 95, (2k-3k) 156, (3k-5k) 1, (5k-65534) 0, (65k) 0 
collected one batch of samples. pages to migrate = 293 
start promoting 38 pages
move page ret -1 
move page error: 12
got ENOMEM. trying against with 7 pages 
second promote attempt return -1
pages migrated: 411, lfu # items: 11938, lfu sample size: 10100000, samples: 10100000, node 0 mem 76632
CBF freq dist: (1) 950, (1-100) 5590, (100-1000) 5996, (1k-2k) 87, (2k-3k) 3, (3k-5k) 2, (5k-65534) 260, (65k) 0 
CBF freq dist: (1) 194, (1-100) 2993, (100-1000) 300, (1k-2k) -4, (2k-3k) 233, (3k-5k) 23, (5k-65534) 0, (65k) 0 
collected one batch of samples. pages to migrate = 284 
start promoting 36 pages
move page ret -1 
move page error: 12
got ENOMEM. trying against with 7 pages 
second promote attempt return -1
pages migrated: 411, lfu # items: 11944, lfu sample size: 10200000, samples: 10200000, node 0 mem 76632
CBF freq dist: (1) 950, (1-100) 5578, (100-1000) 6014, (1k-2k) 87, (2k-3k) 3, (3k-5k) 2, (5k-65534) 260, (65k) 0 
CBF freq dist: (1) 187, (1-100) 2963, (100-1000) 336, (1k-2k) -4, (2k-3k) 232, (3k-5k) 24, (5k-65534) 0, (65k) 0 
collected one batch of samples. pages to migrate = 270 
start promoting 34 pages
move page ret -1 
move page error: 12
got ENOMEM. trying against with 6 pages 
second promote attempt return -1
pages migrated: 411, lfu # items: 11951, lfu sample size: 10300000, samples: 10300000, node 0 mem 75464
CBF freq dist: (1) 950, (1-100) 5574, (100-1000) 6025, (1k-2k) 87, (2k-3k) 3, (3k-5k) 2, (5k-65534) 260, (65k) 0 
CBF freq dist: (1) 182, (1-100) 2935, (100-1000) 373, (1k-2k) -4, (2k-3k) 113, (3k-5k) 138, (5k-65534) 5, (65k) 0 
collected one batch of samples. pages to migrate = 285 
start promoting 39 pages
move page ret -1 
move page error: 12
got ENOMEM. trying against with 7 pages 
second promote attempt return -1
pages migrated: 411, lfu # items: 11953, lfu sample size: 10400000, samples: 10400000, node 0 mem 75464
CBF freq dist: (1) 949, (1-100) 5564, (100-1000) 6036, (1k-2k) 88, (2k-3k) 3, (3k-5k) 2, (5k-65534) 260, (65k) 0 
CBF freq dist: (1) 177, (1-100) 2905, (100-1000) 409, (1k-2k) -4, (2k-3k) 2, (3k-5k) 232, (5k-65534) 22, (65k) 0 
[DEBUG] Halving CBF counters.
collected one batch of samples. pages to migrate = 278 
start promoting 37 pages
move page ret -1 
move page error: 12
got ENOMEM. trying against with 7 pages 
second promote attempt return -1
pages migrated: 411, lfu # items: 11959, lfu sample size: 10500000, samples: 10500000, node 0 mem 75464
CBF freq dist: (1) 949, (1-100) 5557, (100-1000) 6047, (1k-2k) 90, (2k-3k) 3, (3k-5k) 2, (5k-65534) 260, (65k) 0 
CBF freq dist: (1) 225, (1-100) 3033, (100-1000) 116, (1k-2k) 193, (2k-3k) 40, (3k-5k) 23, (5k-65534) 0, (65k) 0 
collected one batch of samples. pages to migrate = 269 
start promoting 34 pages
move page ret -1 
move page error: 12
got ENOMEM. trying against with 6 pages 
second promote attempt return -1
pages migrated: 411, lfu # items: 11967, lfu sample size: 10600000, samples: 10600000, node 0 mem 75464
CBF freq dist: (1) 949, (1-100) 5557, (100-1000) 6055, (1k-2k) 90, (2k-3k) 3, (3k-5k) 2, (5k-65534) 260, (65k) 0 
CBF freq dist: (1) 215, (1-100) 3015, (100-1000) 149, (1k-2k) 7, (2k-3k) 226, (3k-5k) 23, (5k-65534) 0, (65k) 0 
collected one batch of samples. pages to migrate = 273 
start promoting 36 pages
move page ret -1 
move page error: 12
got ENOMEM. trying against with 7 pages 
second promote attempt return -1
pages migrated: 411, lfu # items: 11974, lfu sample size: 10700000, samples: 10700000, node 0 mem 75464
CBF freq dist: (1) 949, (1-100) 5553, (100-1000) 6066, (1k-2k) 90, (2k-3k) 3, (3k-5k) 2, (5k-65534) 260, (65k) 0 
CBF freq dist: (1) 207, (1-100) 2995, (100-1000) 185, (1k-2k) 0, (2k-3k) 233, (3k-5k) 23, (5k-65534) 0, (65k) 0 
collected one batch of samples. pages to migrate = 282 
start promoting 37 pages
move page ret -1 
move page error: 12
got ENOMEM. trying against with 7 pages 
second promote attempt return -1
pages migrated: 411, lfu # items: 11984, lfu sample size: 10800000, samples: 10800000, node 0 mem 75464
CBF freq dist: (1) 949, (1-100) 5551, (100-1000) 6076, (1k-2k) 92, (2k-3k) 3, (3k-5k) 2, (5k-65534) 260, (65k) 0 
CBF freq dist: (1) 197, (1-100) 2968, (100-1000) 224, (1k-2k) 0, (2k-3k) 182, (3k-5k) 51, (5k-65534) 23, (65k) 0 
collected one batch of samples. pages to migrate = 276 
start promoting 36 pages
move page ret -1 
move page error: 12
got ENOMEM. trying against with 7 pages 
second promote attempt return -1
pages migrated: 411, lfu # items: 11991, lfu sample size: 10900000, samples: 10900000, node 0 mem 75588
CBF freq dist: (1) 947, (1-100) 5547, (100-1000) 6086, (1k-2k) 93, (2k-3k) 3, (3k-5k) 2, (5k-65534) 260, (65k) 0 
CBF freq dist: (1) 191, (1-100) 2943, (100-1000) 256, (1k-2k) 0, (2k-3k) 17, (3k-5k) 216, (5k-65534) 23, (65k) 0 
collected one batch of samples. pages to migrate = 273 
start promoting 39 pages
move page ret -1 
move page error: 12
got ENOMEM. trying against with 7 pages 
second promote attempt return -1
pages migrated: 411, lfu # items: 11997, lfu sample size: 11000000, samples: 11000000, node 0 mem 75588
CBF freq dist: (1) 947, (1-100) 5545, (100-1000) 6093, (1k-2k) 94, (2k-3k) 3, (3k-5k) 2, (5k-65534) 260, (65k) 0 
CBF freq dist: (1) 189, (1-100) 2913, (100-1000) 295, (1k-2k) 0, (2k-3k) 1, (3k-5k) 232, (5k-65534) 23, (65k) 0 
[DEBUG] Halving CBF counters.
collected one batch of samples. pages to migrate = 276 
start promoting 41 pages
move page ret -1 
move page error: 12
got ENOMEM. trying against with 8 pages 
second promote attempt return -1
pages migrated: 411, lfu # items: 12004, lfu sample size: 11100000, samples: 11100000, node 0 mem 75588
CBF freq dist: (1) 947, (1-100) 5535, (100-1000) 6109, (1k-2k) 95, (2k-3k) 3, (3k-5k) 2, (5k-65534) 260, (65k) 0 
CBF freq dist: (1) 309, (1-100) 2931, (100-1000) 106, (1k-2k) 37, (2k-3k) 196, (3k-5k) 23, (5k-65534) 0, (65k) 0 
collected one batch of samples. pages to migrate = 268 
start promoting 33 pages
move page ret 32 
move page error: 12
got ENOMEM. trying against with 6 pages 
second promote attempt return -1
pages migrated: 411, lfu # items: 12010, lfu sample size: 11200000, samples: 11200000, node 0 mem 75588
CBF freq dist: (1) 947, (1-100) 5531, (100-1000) 6119, (1k-2k) 95, (2k-3k) 3, (3k-5k) 2, (5k-65534) 260, (65k) 0 
CBF freq dist: (1) 299, (1-100) 2905, (100-1000) 149, (1k-2k) 0, (2k-3k) 233, (3k-5k) 23, (5k-65534) 0, (65k) 0 
collected one batch of samples. pages to migrate = 271 
start promoting 36 pages
move page ret -1 
move page error: 12
got ENOMEM. trying against with 7 pages 
second promote attempt return -1
pages migrated: 411, lfu # items: 12013, lfu sample size: 11300000, samples: 11300000, node 0 mem 75588
CBF freq dist: (1) 946, (1-100) 5523, (100-1000) 6129, (1k-2k) 96, (2k-3k) 3, (3k-5k) 2, (5k-65534) 260, (65k) 0 
CBF freq dist: (1) 291, (1-100) 2877, (100-1000) 190, (1k-2k) 0, (2k-3k) 224, (3k-5k) 10, (5k-65534) 22, (65k) 0 
collected one batch of samples. pages to migrate = 281 
start promoting 46 pages
move page ret -1 
move page error: 12
got ENOMEM. trying against with 9 pages 
second promote attempt return -1
pages migrated: 411, lfu # items: 12023, lfu sample size: 11400000, samples: 11400000, node 0 mem 75588
CBF freq dist: (1) 946, (1-100) 5514, (100-1000) 6145, (1k-2k) 99, (2k-3k) 3, (3k-5k) 2, (5k-65534) 260, (65k) 0 
CBF freq dist: (1) 276, (1-100) 2845, (100-1000) 244, (1k-2k) 0, (2k-3k) 79, (3k-5k) 154, (5k-65534) 23, (65k) 0 
collected one batch of samples. pages to migrate = 285 
start promoting 36 pages
move page ret -1 
move page error: 12
got ENOMEM. trying against with 7 pages 
second promote attempt return -1
pages migrated: 411, lfu # items: 12033, lfu sample size: 11500000, samples: 11500000, node 0 mem 75588
CBF freq dist: (1) 941, (1-100) 5508, (100-1000) 6158, (1k-2k) 102, (2k-3k) 3, (3k-5k) 2, (5k-65534) 260, (65k) 0 
CBF freq dist: (1) 270, (1-100) 2823, (100-1000) 292, (1k-2k) 0, (2k-3k) 2, (3k-5k) 231, (5k-65534) 23, (65k) 0 
[DEBUG] Halving CBF counters.
collected one batch of samples. pages to migrate = 289 
start promoting 36 pages
move page ret -1 
move page error: 12
got ENOMEM. trying against with 7 pages 
second promote attempt return -1
pages migrated: 411, lfu # items: 12039, lfu sample size: 11600000, samples: 11600000, node 0 mem 75588
CBF freq dist: (1) 940, (1-100) 5499, (100-1000) 6173, (1k-2k) 102, (2k-3k) 3, (3k-5k) 2, (5k-65534) 260, (65k) 0 
CBF freq dist: (1) 338, (1-100) 2860, (100-1000) 110, (1k-2k) 198, (2k-3k) 35, (3k-5k) 23, (5k-65534) 0, (65k) 0 
collected one batch of samples. pages to migrate = 276 
start promoting 35 pages
move page ret -1 
move page error: 12
got ENOMEM. trying against with 7 pages 
second promote attempt return -1
pages migrated: 411, lfu # items: 12047, lfu sample size: 11700000, samples: 11700000, node 0 mem 75588
CBF freq dist: (1) 938, (1-100) 5493, (100-1000) 6184, (1k-2k) 105, (2k-3k) 3, (3k-5k) 2, (5k-65534) 260, (65k) 0 
CBF freq dist: (1) 318, (1-100) 2844, (100-1000) 157, (1k-2k) 4, (2k-3k) 229, (3k-5k) 7, (5k-65534) 16, (65k) 0 
collected one batch of samples. pages to migrate = 269 
start promoting 35 pages
move page ret -1 
move page error: 12
got ENOMEM. trying against with 7 pages 
second promote attempt return -1
pages migrated: 411, lfu # items: 12050, lfu sample size: 11800000, samples: 11800000, node 0 mem 75588
CBF freq dist: (1) 935, (1-100) 5481, (100-1000) 6198, (1k-2k) 106, (2k-3k) 3, (3k-5k) 2, (5k-65534) 260, (65k) 0 
CBF freq dist: (1) 308, (1-100) 2826, (100-1000) 198, (1k-2k) 0, (2k-3k) 233, (3k-5k) 0, (5k-65534) 23, (65k) 0 
collected one batch of samples. pages to migrate = 272 
start promoting 39 pages
move page ret -1 
move page error: 12
got ENOMEM. trying against with 7 pages 
second promote attempt return -1
pages migrated: 411, lfu # items: 12058, lfu sample size: 11900000, samples: 11900000, node 0 mem 75588
CBF freq dist: (1) 934, (1-100) 5474, (100-1000) 6212, (1k-2k) 107, (2k-3k) 3, (3k-5k) 2, (5k-65534) 260, (65k) 0 
CBF freq dist: (1) 288, (1-100) 2792, (100-1000) 243, (1k-2k) 0, (2k-3k) 210, (3k-5k) 23, (5k-65534) 23, (65k) 0 
collected one batch of samples. pages to migrate = 279 
start promoting 37 pages
move page ret -1 
move page error: 12
got ENOMEM. trying against with 7 pages 
second promote attempt return -1
pages migrated: 411, lfu # items: 12064, lfu sample size: 12000000, samples: 12000000, node 0 mem 75588
CBF freq dist: (1) 931, (1-100) 5458, (100-1000) 6233, (1k-2k) 108, (2k-3k) 3, (3k-5k) 2, (5k-65534) 260, (65k) 0 
CBF freq dist: (1) 279, (1-100) 2767, (100-1000) 295, (1k-2k) 0, (2k-3k) 59, (3k-5k) 174, (5k-65534) 23, (65k) 0 
collected one batch of samples. pages to migrate = 285 
start promoting 41 pages
move page ret -1 
move page error: 12
got ENOMEM. trying against with 8 pages 
second promote attempt return -1
pages migrated: 411, lfu # items: 12069, lfu sample size: 12100000, samples: 12100000, node 0 mem 75728
CBF freq dist: (1) 930, (1-100) 5447, (100-1000) 6248, (1k-2k) 109, (2k-3k) 3, (3k-5k) 2, (5k-65534) 260, (65k) 0 
CBF freq dist: (1) 272, (1-100) 2737, (100-1000) 339, (1k-2k) 0, (2k-3k) 1, (3k-5k) 232, (5k-65534) 23, (65k) 0 
[DEBUG] Halving CBF counters.
collected one batch of samples. pages to migrate = 272 
start promoting 36 pages
move page ret -1 
move page error: 12
got ENOMEM. trying against with 7 pages 
second promote attempt return -1
pages migrated: 411, lfu # items: 12079, lfu sample size: 12200000, samples: 12200000, node 0 mem 75728
CBF freq dist: (1) 931, (1-100) 5445, (100-1000) 6260, (1k-2k) 109, (2k-3k) 3, (3k-5k) 2, (5k-65534) 260, (65k) 0 
CBF freq dist: (1) 422, (1-100) 2717, (100-1000) 116, (1k-2k) 90, (2k-3k) 143, (3k-5k) 16, (5k-65534) 7, (65k) 0 
collected one batch of samples. pages to migrate = 283 
start promoting 37 pages
move page ret -1 
move page error: 12
got ENOMEM. trying against with 7 pages 
second promote attempt return -1
pages migrated: 411, lfu # items: 12085, lfu sample size: 12300000, samples: 12300000, node 0 mem 75728
CBF freq dist: (1) 930, (1-100) 5437, (100-1000) 6273, (1k-2k) 110, (2k-3k) 3, (3k-5k) 2, (5k-65534) 260, (65k) 0 
CBF freq dist: (1) 415, (1-100) 2743, (100-1000) 152, (1k-2k) 2, (2k-3k) 231, (3k-5k) 0, (5k-65534) 23, (65k) 0 
num_perf_record_lost count 700
collected one batch of samples. pages to migrate = 283 
start promoting 37 pages
move page ret -1 
move page error: 12
got ENOMEM. trying against with 7 pages 
second promote attempt return -1
pages migrated: 411, lfu # items: 12098, lfu sample size: 12400000, samples: 12400000, node 0 mem 75728
CBF freq dist: (1) 930, (1-100) 5429, (100-1000) 6293, (1k-2k) 111, (2k-3k) 3, (3k-5k) 2, (5k-65534) 260, (65k) 0 
CBF freq dist: (1) 384, (1-100) 2727, (100-1000) 197, (1k-2k) 2, (2k-3k) 231, (3k-5k) 0, (5k-65534) 23, (65k) 0 
collected one batch of samples. pages to migrate = 288 
start promoting 43 pages
move page ret -1 
move page error: 12
got ENOMEM. trying against with 8 pages 
second promote attempt return -1
pages migrated: 411, lfu # items: 12112, lfu sample size: 12500000, samples: 12500000, node 0 mem 75728
CBF freq dist: (1) 930, (1-100) 5422, (100-1000) 6312, (1k-2k) 113, (2k-3k) 3, (3k-5k) 2, (5k-65534) 260, (65k) 0 
CBF freq dist: (1) 366, (1-100) 2706, (100-1000) 247, (1k-2k) 2, (2k-3k) 138, (3k-5k) 93, (5k-65534) 23, (65k) 0 
collected one batch of samples. pages to migrate = 280 
start promoting 39 pages
move page ret -1 
move page error: 12
got ENOMEM. trying against with 7 pages 
second promote attempt return -1
pages migrated: 411, lfu # items: 12118, lfu sample size: 12600000, samples: 12600000, node 0 mem 75728
CBF freq dist: (1) 930, (1-100) 5409, (100-1000) 6329, (1k-2k) 115, (2k-3k) 3, (3k-5k) 2, (5k-65534) 260, (65k) 0 
CBF freq dist: (1) 351, (1-100) 2678, (100-1000) 301, (1k-2k) 2, (2k-3k) 4, (3k-5k) 227, (5k-65534) 23, (65k) 0 
[DEBUG] Halving CBF counters.
collected one batch of samples. pages to migrate = 280 
start promoting 32 pages
move page ret -1 
move page error: 12
got ENOMEM. trying against with 6 pages 
second promote attempt return -1
pages migrated: 411, lfu # items: 12127, lfu sample size: 12700000, samples: 12700000, node 0 mem 75728
CBF freq dist: (1) 930, (1-100) 5409, (100-1000) 6336, (1k-2k) 117, (2k-3k) 3, (3k-5k) 2, (5k-65534) 260, (65k) 0 
CBF freq dist: (1) 365, (1-100) 2566, (100-1000) 107, (1k-2k) 202, (2k-3k) 29, (3k-5k) 23, (5k-65534) 0, (65k) 0 
collected one batch of samples. pages to migrate = 270 
start promoting 34 pages
move page ret -1 
move page error: 12
got ENOMEM. trying against with 6 pages 
second promote attempt return -1
pages migrated: 411, lfu # items: 12133, lfu sample size: 12800000, samples: 12800000, node 0 mem 75728
CBF freq dist: (1) 929, (1-100) 5393, (100-1000) 6357, (1k-2k) 118, (2k-3k) 3, (3k-5k) 2, (5k-65534) 260, (65k) 0 
CBF freq dist: (1) 341, (1-100) 2560, (100-1000) 149, (1k-2k) 21, (2k-3k) 210, (3k-5k) 1, (5k-65534) 22, (65k) 0 
collected one batch of samples. pages to migrate = 274 
start promoting 39 pages
move page ret -1 
move page error: 12
got ENOMEM. trying against with 7 pages 
second promote attempt return -1
pages migrated: 411, lfu # items: 12143, lfu sample size: 12900000, samples: 12900000, node 0 mem 76232
CBF freq dist: (1) 929, (1-100) 5395, (100-1000) 6363, (1k-2k) 120, (2k-3k) 3, (3k-5k) 2, (5k-65534) 260, (65k) 0 
CBF freq dist: (1) 321, (1-100) 2557, (100-1000) 186, (1k-2k) -2, (2k-3k) 232, (3k-5k) 2, (5k-65534) 22, (65k) 0 
collected one batch of samples. pages to migrate = 276 
start promoting 36 pages
move page ret -1 
move page error: 12
got ENOMEM. trying against with 7 pages 
second promote attempt return -1
pages migrated: 411, lfu # items: 12152, lfu sample size: 13000000, samples: 13000000, node 0 mem 76232
CBF freq dist: (1) 926, (1-100) 5388, (100-1000) 6377, (1k-2k) 122, (2k-3k) 3, (3k-5k) 2, (5k-65534) 260, (65k) 0 
CBF freq dist: (1) 304, (1-100) 2538, (100-1000) 234, (1k-2k) -2, (2k-3k) 204, (3k-5k) 30, (5k-65534) 22, (65k) 0 
collected one batch of samples. pages to migrate = 298 
start promoting 37 pages
move page ret -1 
move page error: 12
got ENOMEM. trying against with 7 pages 
second promote attempt return -1
pages migrated: 411, lfu # items: 12161, lfu sample size: 13100000, samples: 13100000, node 0 mem 76232
CBF freq dist: (1) 925, (1-100) 5381, (100-1000) 6391, (1k-2k) 124, (2k-3k) 3, (3k-5k) 2, (5k-65534) 260, (65k) 0 
CBF freq dist: (1) 290, (1-100) 2555, (100-1000) 268, (1k-2k) -2, (2k-3k) 57, (3k-5k) 177, (5k-65534) 22, (65k) 0 
collected one batch of samples. pages to migrate = 305 
start promoting 42 pages
move page ret -1 
move page error: 12
got ENOMEM. trying against with 8 pages 
second promote attempt return -1
pages migrated: 411, lfu # items: 12167, lfu sample size: 13200000, samples: 13200000, node 0 mem 76232
CBF freq dist: (1) 925, (1-100) 5371, (100-1000) 6404, (1k-2k) 127, (2k-3k) 3, (3k-5k) 2, (5k-65534) 260, (65k) 0 
CBF freq dist: (1) 330, (1-100) 2731, (100-1000) 315, (1k-2k) -1, (2k-3k) 3, (3k-5k) 231, (5k-65534) 22, (65k) 0 
[DEBUG] Halving CBF counters.
collected one batch of samples. pages to migrate = 271 
start promoting 32 pages
move page ret -1 
move page error: 12
got ENOMEM. trying against with 6 pages 
second promote attempt return -1
pages migrated: 411, lfu # items: 12175, lfu sample size: 13300000, samples: 13300000, node 0 mem 76232
CBF freq dist: (1) 925, (1-100) 5361, (100-1000) 6422, (1k-2k) 127, (2k-3k) 3, (3k-5k) 2, (5k-65534) 260, (65k) 0 
CBF freq dist: (1) 412, (1-100) 2645, (100-1000) 114, (1k-2k) 108, (2k-3k) 125, (3k-5k) 7, (5k-65534) 16, (65k) 0 
collected one batch of samples. pages to migrate = 269 
start promoting 29 pages
move page ret -1 
move page error: 12
got ENOMEM. trying against with 5 pages 
second promote attempt return -1
pages migrated: 411, lfu # items: 12188, lfu sample size: 13400000, samples: 13400000, node 0 mem 76484
CBF freq dist: (1) 926, (1-100) 5361, (100-1000) 6435, (1k-2k) 127, (2k-3k) 3, (3k-5k) 2, (5k-65534) 260, (65k) 0 
CBF freq dist: (1) 384, (1-100) 2657, (100-1000) 133, (1k-2k) -1, (2k-3k) 234, (3k-5k) 0, (5k-65534) 23, (65k) 0 
collected one batch of samples. pages to migrate = 270 
start promoting 30 pages
move page ret -1 
move page error: 12
got ENOMEM. trying against with 6 pages 
second promote attempt return -1
pages migrated: 411, lfu # items: 12198, lfu sample size: 13500000, samples: 13500000, node 0 mem 76484
CBF freq dist: (1) 926, (1-100) 5361, (100-1000) 6444, (1k-2k) 128, (2k-3k) 3, (3k-5k) 2, (5k-65534) 260, (65k) 0 
CBF freq dist: (1) 359, (1-100) 2663, (100-1000) 148, (1k-2k) 1, (2k-3k) 234, (3k-5k) 0, (5k-65534) 23, (65k) 0 
collected one batch of samples. pages to migrate = 270 
start promoting 31 pages
move page ret -1 
move page error: 12
got ENOMEM. trying against with 6 pages 
second promote attempt return -1
pages migrated: 411, lfu # items: 12208, lfu sample size: 13600000, samples: 13600000, node 0 mem 76484
CBF freq dist: (1) 927, (1-100) 5362, (100-1000) 6453, (1k-2k) 128, (2k-3k) 3, (3k-5k) 2, (5k-65534) 260, (65k) 0 
CBF freq dist: (1) 344, (1-100) 2670, (100-1000) 178, (1k-2k) 1, (2k-3k) 125, (3k-5k) 109, (5k-65534) 23, (65k) 0 
collected one batch of samples. pages to migrate = 271 
start promoting 31 pages
move page ret -1 
move page error: 12
got ENOMEM. trying against with 6 pages 
second promote attempt return -1
pages migrated: 411, lfu # items: 12217, lfu sample size: 13700000, samples: 13700000, node 0 mem 76484
CBF freq dist: (1) 927, (1-100) 5358, (100-1000) 6465, (1k-2k) 129, (2k-3k) 3, (3k-5k) 2, (5k-65534) 260, (65k) 0 
CBF freq dist: (1) 321, (1-100) 2674, (100-1000) 211, (1k-2k) 0, (2k-3k) 9, (3k-5k) 226, (5k-65534) 23, (65k) 0 
[DEBUG] Halving CBF counters.
collected one batch of samples. pages to migrate = 276 
start promoting 35 pages
move page ret -1 
move page error: 12
got ENOMEM. trying against with 7 pages 
second promote attempt return -1
pages migrated: 411, lfu # items: 12220, lfu sample size: 13800000, samples: 13800000, node 0 mem 76484
CBF freq dist: (1) 927, (1-100) 5354, (100-1000) 6469, (1k-2k) 131, (2k-3k) 4, (3k-5k) 2, (5k-65534) 260, (65k) 0 
CBF freq dist: (1) 335, (1-100) 2551, (100-1000) 70, (1k-2k) 213, (2k-3k) 22, (3k-5k) 14, (5k-65534) 9, (65k) 0 
collected one batch of samples. pages to migrate = 273 
start promoting 32 pages
move page ret -1 
move page error: 12
got ENOMEM. trying against with 6 pages 
second promote attempt return -1
pages migrated: 411, lfu # items: 12225, lfu sample size: 13900000, samples: 13900000, node 0 mem 76484
CBF freq dist: (1) 927, (1-100) 5340, (100-1000) 6488, (1k-2k) 131, (2k-3k) 4, (3k-5k) 2, (5k-65534) 260, (65k) 0 
CBF freq dist: (1) 309, (1-100) 2549, (100-1000) 110, (1k-2k) 22, (2k-3k) 214, (3k-5k) 0, (5k-65534) 23, (65k) 0 
num_perf_record_lost count 800
collected one batch of samples. pages to migrate = 272 
start promoting 33 pages
move page ret -1 
move page error: 12
got ENOMEM. trying against with 6 pages 
second promote attempt return -1
pages migrated: 411, lfu # items: 12228, lfu sample size: 14000000, samples: 14000000, node 0 mem 76484
CBF freq dist: (1) 926, (1-100) 5323, (100-1000) 6507, (1k-2k) 132, (2k-3k) 4, (3k-5k) 2, (5k-65534) 260, (65k) 0 
CBF freq dist: (1) 293, (1-100) 2555, (100-1000) 149, (1k-2k) 4, (2k-3k) 232, (3k-5k) 0, (5k-65534) 23, (65k) 0 
collected one batch of samples. pages to migrate = 271 
start promoting 30 pages
move page ret -1 
move page error: 12
got ENOMEM. trying against with 6 pages 
second promote attempt return -1
pages migrated: 411, lfu # items: 12230, lfu sample size: 14100000, samples: 14100000, node 0 mem 76484
CBF freq dist: (1) 926, (1-100) 5311, (100-1000) 6519, (1k-2k) 134, (2k-3k) 4, (3k-5k) 2, (5k-65534) 260, (65k) 0 
CBF freq dist: (1) 276, (1-100) 2552, (100-1000) 181, (1k-2k) 4, (2k-3k) 211, (3k-5k) 21, (5k-65534) 23, (65k) 0 
collected one batch of samples. pages to migrate = 270 
start promoting 29 pages
move page ret -1 
move page error: 12
got ENOMEM. trying against with 5 pages 
second promote attempt return -1
pages migrated: 411, lfu # items: 12232, lfu sample size: 14200000, samples: 14200000, node 0 mem 76484
CBF freq dist: (1) 926, (1-100) 5307, (100-1000) 6523, (1k-2k) 136, (2k-3k) 4, (3k-5k) 2, (5k-65534) 260, (65k) 0 
CBF freq dist: (1) 262, (1-100) 2547, (100-1000) 212, (1k-2k) 4, (2k-3k) 58, (3k-5k) 175, (5k-65534) 23, (65k) 0 
collected one batch of samples. pages to migrate = 272 
start promoting 31 pages
move page ret -1 
move page error: 12
got ENOMEM. trying against with 6 pages 
second promote attempt return -1
pages migrated: 411, lfu # items: 12238, lfu sample size: 14300000, samples: 14300000, node 0 mem 76484
CBF freq dist: (1) 926, (1-100) 5301, (100-1000) 6535, (1k-2k) 136, (2k-3k) 4, (3k-5k) 2, (5k-65534) 257, (65k) 3 
CBF freq dist: (1) 246, (1-100) 2546, (100-1000) 240, (1k-2k) 4, (2k-3k) 1, (3k-5k) 233, (5k-65534) 23, (65k) 0 
[DEBUG] Halving CBF counters.
collected one batch of samples. pages to migrate = 274 
start promoting 34 pages
move page ret -1 
move page error: 12
got ENOMEM. trying against with 6 pages 
second promote attempt return -1
pages migrated: 411, lfu # items: 12243, lfu sample size: 14400000, samples: 14400000, node 0 mem 76484
CBF freq dist: (1) 926, (1-100) 5300, (100-1000) 6538, (1k-2k) 139, (2k-3k) 4, (3k-5k) 2, (5k-65534) 256, (65k) 4 
CBF freq dist: (1) 340, (1-100) 2518, (100-1000) 78, (1k-2k) 87, (2k-3k) 147, (3k-5k) 4, (5k-65534) 19, (65k) 0 
collected one batch of samples. pages to migrate = 278 
start promoting 39 pages
move page ret -1 
move page error: 12
got ENOMEM. trying against with 7 pages 
second promote attempt return -1
pages migrated: 411, lfu # items: 12248, lfu sample size: 14500000, samples: 14500000, node 0 mem 76484
CBF freq dist: (1) 926, (1-100) 5297, (100-1000) 6544, (1k-2k) 141, (2k-3k) 4, (3k-5k) 2, (5k-65534) 255, (65k) 5 
CBF freq dist: (1) 322, (1-100) 2521, (100-1000) 108, (1k-2k) 2, (2k-3k) 232, (3k-5k) 0, (5k-65534) 23, (65k) 0 
collected one batch of samples. pages to migrate = 272 
start promoting 32 pages
move page ret -1 
move page error: 12
got ENOMEM. trying against with 6 pages 
second promote attempt return -1
pages migrated: 411, lfu # items: 12255, lfu sample size: 14600000, samples: 14600000, node 0 mem 76484
CBF freq dist: (1) 926, (1-100) 5292, (100-1000) 6554, (1k-2k) 143, (2k-3k) 4, (3k-5k) 2, (5k-65534) 247, (65k) 13 
CBF freq dist: (1) 310, (1-100) 2541, (100-1000) 141, (1k-2k) 1, (2k-3k) 234, (3k-5k) 0, (5k-65534) 23, (65k) 0 
collected one batch of samples. pages to migrate = 274 
start promoting 33 pages
move page ret -1 
move page error: 12
got ENOMEM. trying against with 6 pages 
second promote attempt return -1
pages migrated: 411, lfu # items: 12263, lfu sample size: 14700000, samples: 14700000, node 0 mem 76484
CBF freq dist: (1) 926, (1-100) 5289, (100-1000) 6564, (1k-2k) 144, (2k-3k) 4, (3k-5k) 2, (5k-65534) 244, (65k) 16 
CBF freq dist: (1) 288, (1-100) 2544, (100-1000) 174, (1k-2k) 1, (2k-3k) 124, (3k-5k) 110, (5k-65534) 23, (65k) 0 
collected one batch of samples. pages to migrate = 267 
start promoting 28 pages
move page ret -1 
move page error: 12
got ENOMEM. trying against with 5 pages 
second promote attempt return -1
pages migrated: 411, lfu # items: 12270, lfu sample size: 14800000, samples: 14800000, node 0 mem 76484
CBF freq dist: (1) 926, (1-100) 5283, (100-1000) 6577, (1k-2k) 144, (2k-3k) 4, (3k-5k) 2, (5k-65534) 239, (65k) 21 
CBF freq dist: (1) 271, (1-100) 2551, (100-1000) 204, (1k-2k) 1, (2k-3k) 8, (3k-5k) 227, (5k-65534) 23, (65k) 0 
[DEBUG] Halving CBF counters.
collected one batch of samples. pages to migrate = 273 
start promoting 33 pages
move page ret -1 
move page error: 12
got ENOMEM. trying against with 6 pages 
second promote attempt return -1
pages migrated: 411, lfu # items: 12282, lfu sample size: 14900000, samples: 14900000, node 0 mem 76484
CBF freq dist: (1) 925, (1-100) 5281, (100-1000) 6591, (1k-2k) 144, (2k-3k) 4, (3k-5k) 2, (5k-65534) 237, (65k) 23 
CBF freq dist: (1) 384, (1-100) 2458, (100-1000) 78, (1k-2k) 201, (2k-3k) 34, (3k-5k) 22, (5k-65534) 1, (65k) 0 
[DEBUG] Number of hot pages promoted in 50 batches = 0 
[INFO] Reached promotion plateau. cur hot page size 859832320, fast mem 80% 3435973836
[INFO] Decrease hot thresh to 900.
collected one batch of samples. pages to migrate = 278 
start promoting 37 pages
move page ret -1 
move page error: 12
got ENOMEM. trying against with 7 pages 
second promote attempt return -1
pages migrated: 411, lfu # items: 12286, lfu sample size: 15000000, samples: 15000000, node 0 mem 76484
CBF freq dist: (1) 925, (1-100) 5276, (100-1000) 6599, (1k-2k) 145, (2k-3k) 4, (3k-5k) 2, (5k-65534) 237, (65k) 23 
CBF freq dist: (1) 360, (1-100) 2461, (100-1000) 127, (1k-2k) 22, (2k-3k) 213, (3k-5k) 0, (5k-65534) 23, (65k) 0 
collected one batch of samples. pages to migrate = 278 
start promoting 39 pages
move page ret -1 
move page error: 12
got ENOMEM. trying against with 7 pages 
second promote attempt return -1
pages migrated: 411, lfu # items: 12287, lfu sample size: 15100000, samples: 15100000, node 0 mem 76484
CBF freq dist: (1) 924, (1-100) 5253, (100-1000) 6621, (1k-2k) 147, (2k-3k) 4, (3k-5k) 2, (5k-65534) 237, (65k) 23 
CBF freq dist: (1) 332, (1-100) 2463, (100-1000) 172, (1k-2k) 2, (2k-3k) 234, (3k-5k) 0, (5k-65534) 23, (65k) 0 
collected one batch of samples. pages to migrate = 279 
start promoting 39 pages
move page ret -1 
move page error: 12
got ENOMEM. trying against with 7 pages 
second promote attempt return -1
pages migrated: 411, lfu # items: 12291, lfu sample size: 15200000, samples: 15200000, node 0 mem 76484
CBF freq dist: (1) 924, (1-100) 5245, (100-1000) 6632, (1k-2k) 148, (2k-3k) 4, (3k-5k) 2, (5k-65534) 237, (65k) 23 
CBF freq dist: (1) 323, (1-100) 2458, (100-1000) 214, (1k-2k) 2, (2k-3k) 215, (3k-5k) 19, (5k-65534) 23, (65k) 0 
collected one batch of samples. pages to migrate = 282 
start promoting 42 pages
move page ret -1 
move page error: 12
got ENOMEM. trying against with 8 pages 
second promote attempt return -1
pages migrated: 411, lfu # items: 12296, lfu sample size: 15300000, samples: 15300000, node 0 mem 76504
CBF freq dist: (1) 924, (1-100) 5241, (100-1000) 6639, (1k-2k) 150, (2k-3k) 4, (3k-5k) 2, (5k-65534) 237, (65k) 23 
CBF freq dist: (1) 311, (1-100) 2466, (100-1000) 258, (1k-2k) 3, (2k-3k) 86, (3k-5k) 148, (5k-65534) 23, (65k) 0 
collected one batch of samples. pages to migrate = 275 
start promoting 34 pages
move page ret -1 
move page error: 12
got ENOMEM. trying against with 6 pages 
second promote attempt return -1
pages migrated: 411, lfu # items: 12298, lfu sample size: 15400000, samples: 15400000, node 0 mem 76504
CBF freq dist: (1) 923, (1-100) 5231, (100-1000) 6651, (1k-2k) 150, (2k-3k) 4, (3k-5k) 2, (5k-65534) 237, (65k) 23 
CBF freq dist: (1) 298, (1-100) 2461, (100-1000) 305, (1k-2k) 3, (2k-3k) 3, (3k-5k) 231, (5k-65534) 23, (65k) 0 
[DEBUG] Halving CBF counters.
collected one batch of samples. pages to migrate = 277 
start promoting 37 pages
move page ret -1 
move page error: 12
got ENOMEM. trying against with 7 pages 
second promote attempt return -1
pages migrated: 411, lfu # items: 12303, lfu sample size: 15500000, samples: 15500000, node 0 mem 76504
CBF freq dist: (1) 922, (1-100) 5224, (100-1000) 6662, (1k-2k) 151, (2k-3k) 4, (3k-5k) 2, (5k-65534) 237, (65k) 23 
CBF freq dist: (1) 357, (1-100) 2411, (100-1000) 101, (1k-2k) 120, (2k-3k) 114, (3k-5k) 2, (5k-65534) 21, (65k) 0 
num_perf_record_lost count 900
collected one batch of samples. pages to migrate = 284 
start promoting 34 pages
move page ret -1 
move page error: 12
got ENOMEM. trying against with 6 pages 
second promote attempt return -1
pages migrated: 411, lfu # items: 12306, lfu sample size: 15600000, samples: 15600000, node 0 mem 76504
CBF freq dist: (1) 922, (1-100) 5217, (100-1000) 6670, (1k-2k) 153, (2k-3k) 4, (3k-5k) 2, (5k-65534) 237, (65k) 23 
CBF freq dist: (1) 345, (1-100) 2432, (100-1000) 148, (1k-2k) 3, (2k-3k) 232, (3k-5k) 0, (5k-65534) 23, (65k) 0 
collected one batch of samples. pages to migrate = 295 
start promoting 41 pages
move page ret -1 
move page error: 12
got ENOMEM. trying against with 8 pages 
second promote attempt return -1
pages migrated: 411, lfu # items: 12310, lfu sample size: 15700000, samples: 15700000, node 0 mem 76504
CBF freq dist: (1) 922, (1-100) 5206, (100-1000) 6683, (1k-2k) 155, (2k-3k) 4, (3k-5k) 2, (5k-65534) 237, (65k) 23 
CBF freq dist: (1) 327, (1-100) 2456, (100-1000) 190, (1k-2k) 2, (2k-3k) 233, (3k-5k) 0, (5k-65534) 23, (65k) 0 
collected one batch of samples. pages to migrate = 291 
start promoting 47 pages
move page ret -1 
move page error: 12
got ENOMEM. trying against with 9 pages 
second promote attempt return -1
pages migrated: 411, lfu # items: 12317, lfu sample size: 15800000, samples: 15800000, node 0 mem 76504
CBF freq dist: (1) 920, (1-100) 5199, (100-1000) 6693, (1k-2k) 159, (2k-3k) 4, (3k-5k) 2, (5k-65534) 237, (65k) 23 
CBF freq dist: (1) 313, (1-100) 2455, (100-1000) 241, (1k-2k) 1, (2k-3k) 181, (3k-5k) 53, (5k-65534) 23, (65k) 0 
collected one batch of samples. pages to migrate = 286 
start promoting 45 pages
move page ret -1 
move page error: 12
got ENOMEM. trying against with 9 pages 
second promote attempt return -1
pages migrated: 411, lfu # items: 12322, lfu sample size: 15900000, samples: 15900000, node 0 mem 76504
CBF freq dist: (1) 920, (1-100) 5191, (100-1000) 6701, (1k-2k) 164, (2k-3k) 4, (3k-5k) 2, (5k-65534) 237, (65k) 23 
CBF freq dist: (1) 302, (1-100) 2444, (100-1000) 295, (1k-2k) 2, (2k-3k) 26, (3k-5k) 208, (5k-65534) 23, (65k) 0 
[DEBUG] Halving CBF counters.
collected one batch of samples. pages to migrate = 283 
start promoting 42 pages
move page ret -1 
move page error: 12
got ENOMEM. trying against with 8 pages 
second promote attempt return -1
pages migrated: 411, lfu # items: 12329, lfu sample size: 16000000, samples: 16000000, node 0 mem 76656
CBF freq dist: (1) 919, (1-100) 5185, (100-1000) 6713, (1k-2k) 165, (2k-3k) 4, (3k-5k) 2, (5k-65534) 237, (65k) 23 
CBF freq dist: (1) 363, (1-100) 2388, (100-1000) 94, (1k-2k) 223, (2k-3k) 11, (3k-5k) 13, (5k-65534) 10, (65k) 0 
collected one batch of samples. pages to migrate = 278 
start promoting 35 pages
move page ret -1 
move page error: 12
got ENOMEM. trying against with 7 pages 
second promote attempt return -1
pages migrated: 411, lfu # items: 12335, lfu sample size: 16100000, samples: 16100000, node 0 mem 76656
CBF freq dist: (1) 918, (1-100) 5171, (100-1000) 6733, (1k-2k) 165, (2k-3k) 4, (3k-5k) 2, (5k-65534) 237, (65k) 23 
CBF freq dist: (1) 359, (1-100) 2413, (100-1000) 135, (1k-2k) 31, (2k-3k) 203, (3k-5k) 0, (5k-65534) 23, (65k) 0 
collected one batch of samples. pages to migrate = 278 
start promoting 37 pages
move page ret -1 
move page error: 12
got ENOMEM. trying against with 7 pages 
second promote attempt return -1
pages migrated: 411, lfu # items: 12337, lfu sample size: 16200000, samples: 16200000, node 0 mem 76656
CBF freq dist: (1) 915, (1-100) 5161, (100-1000) 6745, (1k-2k) 165, (2k-3k) 4, (3k-5k) 2, (5k-65534) 237, (65k) 23 
CBF freq dist: (1) 342, (1-100) 2415, (100-1000) 180, (1k-2k) 2, (2k-3k) 233, (3k-5k) 0, (5k-65534) 23, (65k) 0 
collected one batch of samples. pages to migrate = 286 
start promoting 45 pages
move page ret -1 
move page error: 12
got ENOMEM. trying against with 9 pages 
second promote attempt return -1
pages migrated: 411, lfu # items: 12349, lfu sample size: 16300000, samples: 16300000, node 0 mem 76656
CBF freq dist: (1) 915, (1-100) 5155, (100-1000) 6762, (1k-2k) 166, (2k-3k) 4, (3k-5k) 2, (5k-65534) 237, (65k) 23 
CBF freq dist: (1) 330, (1-100) 2421, (100-1000) 227, (1k-2k) 1, (2k-3k) 229, (3k-5k) 5, (5k-65534) 23, (65k) 0 
collected one batch of samples. pages to migrate = 282 
start promoting 42 pages
move page ret -1 
move page error: 12
got ENOMEM. trying against with 8 pages 
second promote attempt return -1
pages migrated: 411, lfu # items: 12355, lfu sample size: 16400000, samples: 16400000, node 0 mem 76656
CBF freq dist: (1) 914, (1-100) 5150, (100-1000) 6772, (1k-2k) 167, (2k-3k) 4, (3k-5k) 2, (5k-65534) 237, (65k) 23 
CBF freq dist: (1) 303, (1-100) 2418, (100-1000) 272, (1k-2k) 2, (2k-3k) 107, (3k-5k) 127, (5k-65534) 23, (65k) 0 
collected one batch of samples. pages to migrate = 286 
start promoting 46 pages
move page ret -1 
move page error: 12
got ENOMEM. trying against with 9 pages 
second promote attempt return -1
pages migrated: 411, lfu # items: 12365, lfu sample size: 16500000, samples: 16500000, node 0 mem 76656
CBF freq dist: (1) 915, (1-100) 5147, (100-1000) 6783, (1k-2k) 169, (2k-3k) 4, (3k-5k) 2, (5k-65534) 237, (65k) 23 
CBF freq dist: (1) 289, (1-100) 2414, (100-1000) 323, (1k-2k) 2, (2k-3k) 6, (3k-5k) 228, (5k-65534) 23, (65k) 0 
[DEBUG] Halving CBF counters.
collected one batch of samples. pages to migrate = 279 
start promoting 37 pages
move page ret -1 
move page error: 12
got ENOMEM. trying against with 7 pages 
second promote attempt return -1
pages migrated: 411, lfu # items: 12368, lfu sample size: 16600000, samples: 16600000, node 0 mem 76656
CBF freq dist: (1) 915, (1-100) 5138, (100-1000) 6793, (1k-2k) 171, (2k-3k) 4, (3k-5k) 2, (5k-65534) 237, (65k) 23 
CBF freq dist: (1) 288, (1-100) 2366, (100-1000) 126, (1k-2k) 144, (2k-3k) 90, (3k-5k) 1, (5k-65534) 22, (65k) 0 
collected one batch of samples. pages to migrate = 285 
start promoting 44 pages
move page ret -1 
move page error: 12
got ENOMEM. trying against with 8 pages 
second promote attempt return -1
pages migrated: 411, lfu # items: 12371, lfu sample size: 16700000, samples: 16700000, node 0 mem 76656
CBF freq dist: (1) 915, (1-100) 5130, (100-1000) 6802, (1k-2k) 173, (2k-3k) 4, (3k-5k) 2, (5k-65534) 237, (65k) 23 
CBF freq dist: (1) 271, (1-100) 2358, (100-1000) 176, (1k-2k) 4, (2k-3k) 231, (3k-5k) 0, (5k-65534) 23, (65k) 0 
collected one batch of samples. pages to migrate = 289 
start promoting 48 pages
move page ret -1 
move page error: 12
got ENOMEM. trying against with 9 pages 
second promote attempt return -1
pages migrated: 411, lfu # items: 12377, lfu sample size: 16800000, samples: 16800000, node 0 mem 76656
CBF freq dist: (1) 915, (1-100) 5118, (100-1000) 6819, (1k-2k) 174, (2k-3k) 4, (3k-5k) 2, (5k-65534) 237, (65k) 23 
CBF freq dist: (1) 258, (1-100) 2375, (100-1000) 230, (1k-2k) 1, (2k-3k) 234, (3k-5k) 0, (5k-65534) 23, (65k) 0 
collected one batch of samples. pages to migrate = 292 
start promoting 49 pages
move page ret -1 
move page error: 12
got ENOMEM. trying against with 9 pages 
second promote attempt return -1
pages migrated: 411, lfu # items: 12387, lfu sample size: 16900000, samples: 16900000, node 0 mem 76656
CBF freq dist: (1) 914, (1-100) 5109, (100-1000) 6835, (1k-2k) 177, (2k-3k) 4, (3k-5k) 2, (5k-65534) 237, (65k) 23 
CBF freq dist: (1) 231, (1-100) 2372, (100-1000) 284, (1k-2k) 1, (2k-3k) 222, (3k-5k) 13, (5k-65534) 23, (65k) 0 
collected one batch of samples. pages to migrate = 285 
start promoting 40 pages
move page ret -1 
move page error: 12
got ENOMEM. trying against with 8 pages 
second promote attempt return -1
pages migrated: 411, lfu # items: 12404, lfu sample size: 17000000, samples: 17000000, node 0 mem 76656
CBF freq dist: (1) 914, (1-100) 5111, (100-1000) 6846, (1k-2k) 181, (2k-3k) 4, (3k-5k) 2, (5k-65534) 237, (65k) 23 
CBF freq dist: (1) 210, (1-100) 2381, (100-1000) 329, (1k-2k) 1, (2k-3k) 71, (3k-5k) 164, (5k-65534) 23, (65k) 0 
[DEBUG] Halving CBF counters.
collected one batch of samples. pages to migrate = 272 
start promoting 29 pages
move page ret -1 
move page error: 12
got ENOMEM. trying against with 5 pages 
second promote attempt return -1
pages migrated: 411, lfu # items: 12408, lfu sample size: 17100000, samples: 17100000, node 0 mem 76656
CBF freq dist: (1) 914, (1-100) 5103, (100-1000) 6858, (1k-2k) 181, (2k-3k) 4, (3k-5k) 2, (5k-65534) 237, (65k) 23 
CBF freq dist: (1) 259, (1-100) 2441, (100-1000) 113, (1k-2k) 233, (2k-3k) 3, (3k-5k) -1, (5k-65534) 23, (65k) 0 
num_perf_record_lost count 1000
collected one batch of samples. pages to migrate = 272 
start promoting 30 pages
move page ret -1 
move page error: 12
got ENOMEM. trying against with 6 pages 
second promote attempt return -1
pages migrated: 411, lfu # items: 12410, lfu sample size: 17200000, samples: 17200000, node 0 mem 76656
CBF freq dist: (1) 913, (1-100) 5093, (100-1000) 6869, (1k-2k) 182, (2k-3k) 4, (3k-5k) 2, (5k-65534) 237, (65k) 23 
CBF freq dist: (1) 243, (1-100) 2460, (100-1000) 140, (1k-2k) 63, (2k-3k) 173, (3k-5k) -1, (5k-65534) 23, (65k) 0 
collected one batch of samples. pages to migrate = 279 
start promoting 37 pages
move page ret -1 
move page error: 12
got ENOMEM. trying against with 7 pages 
second promote attempt return -1
pages migrated: 411, lfu # items: 12418, lfu sample size: 17300000, samples: 17300000, node 0 mem 76656
CBF freq dist: (1) 913, (1-100) 5089, (100-1000) 6878, (1k-2k) 185, (2k-3k) 4, (3k-5k) 2, (5k-65534) 237, (65k) 23 
CBF freq dist: (1) 226, (1-100) 2475, (100-1000) 164, (1k-2k) 2, (2k-3k) 235, (3k-5k) -1, (5k-65534) 23, (65k) 0 
collected one batch of samples. pages to migrate = 272 
start promoting 29 pages
move page ret -1 
move page error: 12
got ENOMEM. trying against with 5 pages 
second promote attempt return -1
pages migrated: 411, lfu # items: 12425, lfu sample size: 17400000, samples: 17400000, node 0 mem 76656
CBF freq dist: (1) 913, (1-100) 5090, (100-1000) 6884, (1k-2k) 185, (2k-3k) 4, (3k-5k) 2, (5k-65534) 237, (65k) 23 
CBF freq dist: (1) 214, (1-100) 2496, (100-1000) 180, (1k-2k) 2, (2k-3k) 229, (3k-5k) 6, (5k-65534) 23, (65k) 0 
collected one batch of samples. pages to migrate = 271 
start promoting 30 pages
move page ret -1 
move page error: 12
got ENOMEM. trying against with 6 pages 
second promote attempt return -1
pages migrated: 411, lfu # items: 12429, lfu sample size: 17500000, samples: 17500000, node 0 mem 76656
CBF freq dist: (1) 913, (1-100) 5088, (100-1000) 6890, (1k-2k) 185, (2k-3k) 4, (3k-5k) 2, (5k-65534) 237, (65k) 23 
CBF freq dist: (1) 201, (1-100) 2508, (100-1000) 209, (1k-2k) 2, (2k-3k) 86, (3k-5k) 149, (5k-65534) 23, (65k) 0 
collected one batch of samples. pages to migrate = 278 
start promoting 38 pages
move page ret -1 
move page error: 12
got ENOMEM. trying against with 7 pages 
second promote attempt return -1
pages migrated: 411, lfu # items: 12433, lfu sample size: 17600000, samples: 17600000, node 0 mem 76656
CBF freq dist: (1) 913, (1-100) 5081, (100-1000) 6900, (1k-2k) 186, (2k-3k) 4, (3k-5k) 2, (5k-65534) 237, (65k) 23 
CBF freq dist: (1) 192, (1-100) 2507, (100-1000) 247, (1k-2k) 2, (2k-3k) 4, (3k-5k) 231, (5k-65534) 23, (65k) 0 
[DEBUG] Halving CBF counters.
collected one batch of samples. pages to migrate = 278 
start promoting 35 pages
move page ret -1 
move page error: 12
got ENOMEM. trying against with 7 pages 
second promote attempt return -1
pages migrated: 411, lfu # items: 12438, lfu sample size: 17700000, samples: 17700000, node 0 mem 69868
CBF freq dist: (1) 913, (1-100) 5076, (100-1000) 6907, (1k-2k) 189, (2k-3k) 4, (3k-5k) 2, (5k-65534) 237, (65k) 23 
CBF freq dist: (1) 268, (1-100) 2532, (100-1000) 78, (1k-2k) 127, (2k-3k) 108, (3k-5k) 1, (5k-65534) 22, (65k) 0 
collected one batch of samples. pages to migrate = 298 
start promoting 38 pages
move page ret -1 
move page error: 12
got ENOMEM. trying against with 7 pages 
second promote attempt return -1
pages migrated: 411, lfu # items: 12439, lfu sample size: 17800000, samples: 17800000, node 0 mem 69764
CBF freq dist: (1) 912, (1-100) 5066, (100-1000) 6914, (1k-2k) 193, (2k-3k) 4, (3k-5k) 2, (5k-65534) 237, (65k) 23 
CBF freq dist: (1) 242, (1-100) 2586, (100-1000) 119, (1k-2k) 5, (2k-3k) 231, (3k-5k) 0, (5k-65534) 23, (65k) 0 
collected one batch of samples. pages to migrate = 284 
start promoting 39 pages
move page ret -1 
move page error: 12
got ENOMEM. trying against with 7 pages 
second promote attempt return -1
pages migrated: 411, lfu # items: 12449, lfu sample size: 17900000, samples: 17900000, node 0 mem 69764
CBF freq dist: (1) 913, (1-100) 5062, (100-1000) 6927, (1k-2k) 194, (2k-3k) 3, (3k-5k) 3, (5k-65534) 237, (65k) 23 
CBF freq dist: (1) 230, (1-100) 2592, (100-1000) 158, (1k-2k) 4, (2k-3k) 232, (3k-5k) 0, (5k-65534) 23, (65k) 0 
collected one batch of samples. pages to migrate = 282 
start promoting 41 pages
move page ret -1 
move page error: 12
got ENOMEM. trying against with 8 pages 
second promote attempt return -1
pages migrated: 411, lfu # items: 12450, lfu sample size: 18000000, samples: 18000000, node 0 mem 69764
CBF freq dist: (1) 913, (1-100) 5053, (100-1000) 6936, (1k-2k) 195, (2k-3k) 3, (3k-5k) 3, (5k-65534) 237, (65k) 23 
CBF freq dist: (1) 215, (1-100) 2592, (100-1000) 204, (1k-2k) 3, (2k-3k) 197, (3k-5k) 36, (5k-65534) 23, (65k) 0 
collected one batch of samples. pages to migrate = 275 
start promoting 35 pages
move page ret -1 
move page error: 12
got ENOMEM. trying against with 7 pages 
second promote attempt return -1
pages migrated: 411, lfu # items: 12453, lfu sample size: 18100000, samples: 18100000, node 0 mem 69764
CBF freq dist: (1) 913, (1-100) 5044, (100-1000) 6948, (1k-2k) 195, (2k-3k) 3, (3k-5k) 3, (5k-65534) 237, (65k) 23 
CBF freq dist: (1) 195, (1-100) 2572, (100-1000) 246, (1k-2k) 4, (2k-3k) 21, (3k-5k) 212, (5k-65534) 23, (65k) 0 
[DEBUG] Halving CBF counters.
collected one batch of samples. pages to migrate = 276 
start promoting 36 pages
move page ret -1 
move page error: 12
got ENOMEM. trying against with 7 pages 
second promote attempt return -1
pages migrated: 411, lfu # items: 12457, lfu sample size: 18200000, samples: 18200000, node 0 mem 69764
CBF freq dist: (1) 913, (1-100) 5036, (100-1000) 6960, (1k-2k) 195, (2k-3k) 3, (3k-5k) 3, (5k-65534) 237, (65k) 23 
CBF freq dist: (1) 316, (1-100) 2575, (100-1000) 89, (1k-2k) 222, (2k-3k) 11, (3k-5k) 1, (5k-65534) 22, (65k) 0 
collected one batch of samples. pages to migrate = 275 
start promoting 33 pages
move page ret -1 
move page error: 12
got ENOMEM. trying against with 6 pages 
second promote attempt return -1
pages migrated: 411, lfu # items: 12458, lfu sample size: 18300000, samples: 18300000, node 0 mem 69764
CBF freq dist: (1) 913, (1-100) 5028, (100-1000) 6968, (1k-2k) 196, (2k-3k) 3, (3k-5k) 3, (5k-65534) 237, (65k) 23 
CBF freq dist: (1) 309, (1-100) 2588, (100-1000) 122, (1k-2k) 35, (2k-3k) 199, (3k-5k) 0, (5k-65534) 23, (65k) 0 
collected one batch of samples. pages to migrate = 276 
start promoting 33 pages
move page ret -1 
move page error: 12
got ENOMEM. trying against with 6 pages 
second promote attempt return -1
pages migrated: 411, lfu # items: 12464, lfu sample size: 18400000, samples: 18400000, node 0 mem 69764
CBF freq dist: (1) 913, (1-100) 5021, (100-1000) 6981, (1k-2k) 196, (2k-3k) 3, (3k-5k) 3, (5k-65534) 237, (65k) 23 
CBF freq dist: (1) 298, (1-100) 2592, (100-1000) 163, (1k-2k) 0, (2k-3k) 234, (3k-5k) 0, (5k-65534) 23, (65k) 0 
collected one batch of samples. pages to migrate = 275 
start promoting 34 pages
move page ret -1 
move page error: 12
got ENOMEM. trying against with 6 pages 
second promote attempt return -1
pages migrated: 411, lfu # items: 12470, lfu sample size: 18500000, samples: 18500000, node 0 mem 69764
CBF freq dist: (1) 912, (1-100) 5019, (100-1000) 6988, (1k-2k) 197, (2k-3k) 3, (3k-5k) 3, (5k-65534) 237, (65k) 23 
CBF freq dist: (1) 285, (1-100) 2601, (100-1000) 197, (1k-2k) -1, (2k-3k) 219, (3k-5k) 16, (5k-65534) 23, (65k) 0 
collected one batch of samples. pages to migrate = 285 
start promoting 44 pages
move page ret -1 
move page error: 12
got ENOMEM. trying against with 8 pages 
second promote attempt return -1
pages migrated: 411, lfu # items: 12471, lfu sample size: 18600000, samples: 18600000, node 0 mem 69764
CBF freq dist: (1) 911, (1-100) 5014, (100-1000) 6992, (1k-2k) 199, (2k-3k) 3, (3k-5k) 3, (5k-65534) 237, (65k) 23 
CBF freq dist: (1) 271, (1-100) 2590, (100-1000) 238, (1k-2k) 0, (2k-3k) 98, (3k-5k) 137, (5k-65534) 23, (65k) 0 
collected one batch of samples. pages to migrate = 292 
start promoting 50 pages
move page ret -1 
move page error: 12
got ENOMEM. trying against with 10 pages 
second promote attempt return -1
pages migrated: 411, lfu # items: 12482, lfu sample size: 18700000, samples: 18700000, node 0 mem 69764
CBF freq dist: (1) 911, (1-100) 5011, (100-1000) 7004, (1k-2k) 201, (2k-3k) 3, (3k-5k) 3, (5k-65534) 237, (65k) 23 
CBF freq dist: (1) 257, (1-100) 2587, (100-1000) 289, (1k-2k) 0, (2k-3k) 10, (3k-5k) 225, (5k-65534) 23, (65k) 0 
[DEBUG] Halving CBF counters.
collected one batch of samples. pages to migrate = 279 
start promoting 37 pages
move page ret -1 
move page error: 12
got ENOMEM. trying against with 7 pages 
second promote attempt return -1
pages migrated: 411, lfu # items: 12486, lfu sample size: 18800000, samples: 18800000, node 0 mem 69764
CBF freq dist: (1) 910, (1-100) 5004, (100-1000) 7013, (1k-2k) 203, (2k-3k) 3, (3k-5k) 3, (5k-65534) 237, (65k) 23 
CBF freq dist: (1) 302, (1-100) 2573, (100-1000) 100, (1k-2k) 157, (2k-3k) 78, (3k-5k) 0, (5k-65534) 23, (65k) 0 
num_perf_record_lost count 1100
collected one batch of samples. pages to migrate = 286 
start promoting 44 pages
move page ret -1 
move page error: 12
got ENOMEM. trying against with 8 pages 
second promote attempt return -1
pages migrated: 411, lfu # items: 12490, lfu sample size: 18900000, samples: 18900000, node 0 mem 69764
CBF freq dist: (1) 910, (1-100) 5000, (100-1000) 7018, (1k-2k) 206, (2k-3k) 3, (3k-5k) 3, (5k-65534) 237, (65k) 23 
CBF freq dist: (1) 284, (1-100) 2570, (100-1000) 130, (1k-2k) 3, (2k-3k) 233, (3k-5k) 0, (5k-65534) 23, (65k) 0 
collected one batch of samples. pages to migrate = 287 
start promoting 46 pages
move page ret -1 
move page error: 12
got ENOMEM. trying against with 9 pages 
second promote attempt return -1
pages migrated: 411, lfu # items: 12496, lfu sample size: 19000000, samples: 19000000, node 0 mem 69764
CBF freq dist: (1) 910, (1-100) 4999, (100-1000) 7023, (1k-2k) 208, (2k-3k) 3, (3k-5k) 3, (5k-65534) 237, (65k) 23 
CBF freq dist: (1) 268, (1-100) 2567, (100-1000) 180, (1k-2k) 2, (2k-3k) 234, (3k-5k) 0, (5k-65534) 23, (65k) 0 
collected one batch of samples. pages to migrate = 276 
start promoting 34 pages
move page ret -1 
move page error: 12
got ENOMEM. trying against with 6 pages 
second promote attempt return -1
pages migrated: 411, lfu # items: 12500, lfu sample size: 19100000, samples: 19100000, node 0 mem 69764
CBF freq dist: (1) 909, (1-100) 4987, (100-1000) 7038, (1k-2k) 209, (2k-3k) 3, (3k-5k) 3, (5k-65534) 237, (65k) 23 
CBF freq dist: (1) 261, (1-100) 2580, (100-1000) 219, (1k-2k) 2, (2k-3k) 174, (3k-5k) 61, (5k-65534) 23, (65k) 0 
collected one batch of samples. pages to migrate = 285 
start promoting 42 pages
move page ret -1 
move page error: 12
got ENOMEM. trying against with 8 pages 
second promote attempt return -1
pages migrated: 411, lfu # items: 12502, lfu sample size: 19200000, samples: 19200000, node 0 mem 69764
CBF freq dist: (1) 909, (1-100) 4979, (100-1000) 7047, (1k-2k) 210, (2k-3k) 3, (3k-5k) 3, (5k-65534) 237, (65k) 23 
CBF freq dist: (1) 251, (1-100) 2565, (100-1000) 261, (1k-2k) 2, (2k-3k) 20, (3k-5k) 215, (5k-65534) 23, (65k) 0 
[DEBUG] Halving CBF counters.
collected one batch of samples. pages to migrate = 284 
start promoting 42 pages
move page ret -1 
move page error: 12
got ENOMEM. trying against with 8 pages 
second promote attempt return -1
pages migrated: 411, lfu # items: 12506, lfu sample size: 19300000, samples: 19300000, node 0 mem 69764
CBF freq dist: (1) 908, (1-100) 4972, (100-1000) 7053, (1k-2k) 215, (2k-3k) 3, (3k-5k) 3, (5k-65534) 237, (65k) 23 
CBF freq dist: (1) 360, (1-100) 2525, (100-1000) 110, (1k-2k) 226, (2k-3k) 9, (3k-5k) 2, (5k-65534) 21, (65k) 0 
collected one batch of samples. pages to migrate = 292 
start promoting 46 pages
move page ret -1 
move page error: 12
got ENOMEM. trying against with 9 pages 
second promote attempt return -1
pages migrated: 411, lfu # items: 12508, lfu sample size: 19400000, samples: 19400000, node 0 mem 69764
CBF freq dist: (1) 909, (1-100) 4968, (100-1000) 7053, (1k-2k) 221, (2k-3k) 2, (3k-5k) 4, (5k-65534) 237, (65k) 23 
CBF freq dist: (1) 346, (1-100) 2524, (100-1000) 158, (1k-2k) 58, (2k-3k) 178, (3k-5k) 0, (5k-65534) 23, (65k) 0 
collected one batch of samples. pages to migrate = 291 
start promoting 48 pages
move page ret -1 
move page error: 12
got ENOMEM. trying against with 9 pages 
second promote attempt return -1
pages migrated: 411, lfu # items: 12510, lfu sample size: 19500000, samples: 19500000, node 0 mem 69764
CBF freq dist: (1) 908, (1-100) 4953, (100-1000) 7068, (1k-2k) 223, (2k-3k) 2, (3k-5k) 4, (5k-65534) 237, (65k) 23 
CBF freq dist: (1) 329, (1-100) 2525, (100-1000) 216, (1k-2k) 2, (2k-3k) 234, (3k-5k) 0, (5k-65534) 23, (65k) 0 
collected one batch of samples. pages to migrate = 286 
start promoting 41 pages
move page ret -1 
move page error: 12
got ENOMEM. trying against with 8 pages 
second promote attempt return -1
pages migrated: 411, lfu # items: 12515, lfu sample size: 19600000, samples: 19600000, node 0 mem 69768
CBF freq dist: (1) 908, (1-100) 4944, (100-1000) 7078, (1k-2k) 227, (2k-3k) 2, (3k-5k) 4, (5k-65534) 237, (65k) 23 
CBF freq dist: (1) 308, (1-100) 2525, (100-1000) 254, (1k-2k) 2, (2k-3k) 230, (3k-5k) 5, (5k-65534) 23, (65k) 0 
collected one batch of samples. pages to migrate = 289 
start promoting 46 pages
move page ret -1 
move page error: 12
got ENOMEM. trying against with 9 pages 
second promote attempt return -1
pages migrated: 411, lfu # items: 12517, lfu sample size: 19700000, samples: 19700000, node 0 mem 69768
CBF freq dist: (1) 907, (1-100) 4935, (100-1000) 7087, (1k-2k) 229, (2k-3k) 2, (3k-5k) 4, (5k-65534) 236, (65k) 24 
CBF freq dist: (1) 287, (1-100) 2513, (100-1000) 304, (1k-2k) 2, (2k-3k) 143, (3k-5k) 92, (5k-65534) 23, (65k) 0 
collected one batch of samples. pages to migrate = 285 
start promoting 41 pages
move page ret -1 
move page error: 12
got ENOMEM. trying against with 8 pages 
second promote attempt return -1
pages migrated: 411, lfu # items: 12520, lfu sample size: 19800000, samples: 19800000, node 0 mem 69768
CBF freq dist: (1) 907, (1-100) 4925, (100-1000) 7100, (1k-2k) 229, (2k-3k) 2, (3k-5k) 4, (5k-65534) 234, (65k) 26 
CBF freq dist: (1) 277, (1-100) 2521, (100-1000) 351, (1k-2k) 2, (2k-3k) 15, (3k-5k) 220, (5k-65534) 23, (65k) 0 
[DEBUG] Halving CBF counters.
collected one batch of samples. pages to migrate = 292 
start promoting 49 pages
move page ret -1 
move page error: 12
got ENOMEM. trying against with 9 pages 
second promote attempt return -1
pages migrated: 411, lfu # items: 12522, lfu sample size: 19900000, samples: 19900000, node 0 mem 69768
CBF freq dist: (1) 907, (1-100) 4915, (100-1000) 7109, (1k-2k) 232, (2k-3k) 2, (3k-5k) 4, (5k-65534) 234, (65k) 26 
CBF freq dist: (1) 338, (1-100) 2512, (100-1000) 129, (1k-2k) 185, (2k-3k) 50, (3k-5k) 0, (5k-65534) 23, (65k) 0 
[DEBUG] Number of hot pages promoted in 50 batches = 0 
[INFO] Reached promotion plateau. cur hot page size 1346371584, fast mem 80% 3435973836
[INFO] Decrease hot thresh to 800.
collected one batch of samples. pages to migrate = 300 
start promoting 58 pages
move page ret -1 
move page error: 12
got ENOMEM. trying against with 11 pages 
second promote attempt return -1
pages migrated: 411, lfu # items: 12525, lfu sample size: 20000000, samples: 20000000, node 0 mem 69768
CBF freq dist: (1) 907, (1-100) 4910, (100-1000) 7114, (1k-2k) 235, (2k-3k) 2, (3k-5k) 4, (5k-65534) 233, (65k) 27 
CBF freq dist: (1) 315, (1-100) 2507, (100-1000) 177, (1k-2k) 9, (2k-3k) 227, (3k-5k) 0, (5k-65534) 23, (65k) 0 
collected one batch of samples. pages to migrate = 293 
start promoting 51 pages
move page ret -1 
move page error: 12
got ENOMEM. trying against with 10 pages 
second promote attempt return -1
pages migrated: 411, lfu # items: 12529, lfu sample size: 20100000, samples: 20100000, node 0 mem 69768
CBF freq dist: (1) 907, (1-100) 4901, (100-1000) 7125, (1k-2k) 237, (2k-3k) 2, (3k-5k) 4, (5k-65534) 231, (65k) 29 
CBF freq dist: (1) 296, (1-100) 2511, (100-1000) 245, (1k-2k) 3, (2k-3k) 233, (3k-5k) 0, (5k-65534) 23, (65k) 0 
collected one batch of samples. pages to migrate = 342 
start promoting 62 pages
move page ret -1 
move page error: 12
got ENOMEM. trying against with 12 pages 
second promote attempt return -1
pages migrated: 411, lfu # items: 12535, lfu sample size: 20200000, samples: 20200000, node 0 mem 69768
CBF freq dist: (1) 908, (1-100) 4897, (100-1000) 7133, (1k-2k) 239, (2k-3k) 2, (3k-5k) 4, (5k-65534) 230, (65k) 30 
CBF freq dist: (1) 283, (1-100) 2548, (100-1000) 323, (1k-2k) 3, (2k-3k) 232, (3k-5k) 2, (5k-65534) 23, (65k) 0 
collected one batch of samples. pages to migrate = 300 
start promoting 57 pages
move page ret -1 
move page error: 12
got ENOMEM. trying against with 11 pages 
second promote attempt return -1
pages migrated: 411, lfu # items: 12539, lfu sample size: 20300000, samples: 20300000, node 0 mem 69768
CBF freq dist: (1) 908, (1-100) 4892, (100-1000) 7136, (1k-2k) 245, (2k-3k) 2, (3k-5k) 4, (5k-65534) 230, (65k) 30 
CBF freq dist: (1) 271, (1-100) 2534, (100-1000) 385, (1k-2k) 3, (2k-3k) 151, (3k-5k) 83, (5k-65534) 23, (65k) 0 
[DEBUG] Halving CBF counters.
collected one batch of samples. pages to migrate = 282 
start promoting 37 pages
move page ret -1 
move page error: 12
got ENOMEM. trying against with 7 pages 
second promote attempt return -1
pages migrated: 411, lfu # items: 12541, lfu sample size: 20400000, samples: 20400000, node 0 mem 69768
CBF freq dist: (1) 908, (1-100) 4888, (100-1000) 7142, (1k-2k) 245, (2k-3k) 2, (3k-5k) 4, (5k-65534) 225, (65k) 35 
CBF freq dist: (1) 290, (1-100) 2575, (100-1000) 121, (1k-2k) 235, (2k-3k) -1, (3k-5k) 0, (5k-65534) 23, (65k) 0 
num_perf_record_lost count 1200
collected one batch of samples. pages to migrate = 291 
start promoting 48 pages
move page ret -1 
move page error: 12
got ENOMEM. trying against with 9 pages 
second promote attempt return -1
pages migrated: 411, lfu # items: 12543, lfu sample size: 20500000, samples: 20500000, node 0 mem 69768
CBF freq dist: (1) 907, (1-100) 4877, (100-1000) 7153, (1k-2k) 247, (2k-3k) 2, (3k-5k) 4, (5k-65534) 219, (65k) 41 
CBF freq dist: (1) 275, (1-100) 2579, (100-1000) 163, (1k-2k) 133, (2k-3k) 102, (3k-5k) 0, (5k-65534) 23, (65k) 0 
collected one batch of samples. pages to migrate = 287 
start promoting 44 pages
move page ret -1 
move page error: 12
got ENOMEM. trying against with 8 pages 
second promote attempt return -1
pages migrated: 411, lfu # items: 12544, lfu sample size: 20600000, samples: 20600000, node 0 mem 69768
CBF freq dist: (1) 907, (1-100) 4872, (100-1000) 7158, (1k-2k) 248, (2k-3k) 2, (3k-5k) 4, (5k-65534) 213, (65k) 47 
CBF freq dist: (1) 272, (1-100) 2577, (100-1000) 209, (1k-2k) 3, (2k-3k) 232, (3k-5k) 0, (5k-65534) 23, (65k) 0 
collected one batch of samples. pages to migrate = 282 
start promoting 34 pages
move page ret -1 
move page error: 12
got ENOMEM. trying against with 6 pages 
second promote attempt return -1
pages migrated: 411, lfu # items: 12552, lfu sample size: 20700000, samples: 20700000, node 0 mem 69768
CBF freq dist: (1) 906, (1-100) 4872, (100-1000) 7164, (1k-2k) 250, (2k-3k) 2, (3k-5k) 4, (5k-65534) 205, (65k) 55 
CBF freq dist: (1) 259, (1-100) 2578, (100-1000) 245, (1k-2k) 2, (2k-3k) 233, (3k-5k) 1, (5k-65534) 23, (65k) 0 
collected one batch of samples. pages to migrate = 284 
start promoting 40 pages
move page ret -1 
move page error: 12
got ENOMEM. trying against with 8 pages 
second promote attempt return -1
pages migrated: 411, lfu # items: 12555, lfu sample size: 20800000, samples: 20800000, node 0 mem 69768
CBF freq dist: (1) 906, (1-100) 4861, (100-1000) 7176, (1k-2k) 252, (2k-3k) 2, (3k-5k) 4, (5k-65534) 200, (65k) 60 
CBF freq dist: (1) 255, (1-100) 2571, (100-1000) 279, (1k-2k) 2, (2k-3k) 162, (3k-5k) 72, (5k-65534) 23, (65k) 0 
collected one batch of samples. pages to migrate = 306 
start promoting 32 pages
move page ret -1 
move page error: 12
got ENOMEM. trying against with 6 pages 
second promote attempt return -1
pages migrated: 411, lfu # items: 12559, lfu sample size: 20900000, samples: 20900000, node 0 mem 69768
CBF freq dist: (1) 905, (1-100) 4852, (100-1000) 7187, (1k-2k) 254, (2k-3k) 2, (3k-5k) 4, (5k-65534) 187, (65k) 73 
CBF freq dist: (1) 295, (1-100) 2710, (100-1000) 297, (1k-2k) 2, (2k-3k) 10, (3k-5k) 224, (5k-65534) 23, (65k) 0 
[DEBUG] Halving CBF counters.
collected one batch of samples. pages to migrate = 310 
start promoting 33 pages
move page ret -1 
move page error: 12
got ENOMEM. trying against with 6 pages 
second promote attempt return -1
pages migrated: 411, lfu # items: 12565, lfu sample size: 21000000, samples: 21000000, node 0 mem 69768
CBF freq dist: (1) 906, (1-100) 4843, (100-1000) 7199, (1k-2k) 257, (2k-3k) 2, (3k-5k) 4, (5k-65534) 177, (65k) 83 
CBF freq dist: (1) 273, (1-100) 2786, (100-1000) 75, (1k-2k) 169, (2k-3k) 65, (3k-5k) 0, (5k-65534) 23, (65k) 0 
collected one batch of samples. pages to migrate = 318 
start promoting 40 pages
move page ret -1 
move page error: 12
got ENOMEM. trying against with 8 pages 
second promote attempt return -1
pages migrated: 411, lfu # items: 12565, lfu sample size: 21100000, samples: 21100000, node 0 mem 69768
CBF freq dist: (1) 906, (1-100) 4831, (100-1000) 7210, (1k-2k) 257, (2k-3k) 3, (3k-5k) 4, (5k-65534) 170, (65k) 90 
CBF freq dist: (1) 247, (1-100) 2792, (100-1000) 107, (1k-2k) 2, (2k-3k) 232, (3k-5k) 0, (5k-65534) 23, (65k) 0 
collected one batch of samples. pages to migrate = 326 
start promoting 51 pages
move page ret -1 
move page error: 12
got ENOMEM. trying against with 10 pages 
second promote attempt return -1
pages migrated: 411, lfu # items: 12567, lfu sample size: 21200000, samples: 21200000, node 0 mem 69768
CBF freq dist: (1) 906, (1-100) 4827, (100-1000) 7212, (1k-2k) 261, (2k-3k) 3, (3k-5k) 4, (5k-65534) 164, (65k) 96 
CBF freq dist: (1) 234, (1-100) 2807, (100-1000) 142, (1k-2k) 1, (2k-3k) 233, (3k-5k) 0, (5k-65534) 23, (65k) 0 
collected one batch of samples. pages to migrate = 340 
start promoting 58 pages
move page ret -1 
move page error: 12
got ENOMEM. trying against with 11 pages 
second promote attempt return -1
pages migrated: 411, lfu # items: 12570, lfu sample size: 21300000, samples: 21300000, node 0 mem 69768
CBF freq dist: (1) 905, (1-100) 4814, (100-1000) 7224, (1k-2k) 265, (2k-3k) 3, (3k-5k) 4, (5k-65534) 158, (65k) 102 
CBF freq dist: (1) 211, (1-100) 2803, (100-1000) 206, (1k-2k) 2, (2k-3k) 212, (3k-5k) 21, (5k-65534) 23, (65k) 0 
collected one batch of samples. pages to migrate = 322 
start promoting 51 pages
move page ret -1 
move page error: 12
got ENOMEM. trying against with 10 pages 
second promote attempt return -1
pages migrated: 411, lfu # items: 12575, lfu sample size: 21400000, samples: 21400000, node 0 mem 69768
CBF freq dist: (1) 905, (1-100) 4810, (100-1000) 7231, (1k-2k) 265, (2k-3k) 5, (3k-5k) 4, (5k-65534) 148, (65k) 112 
CBF freq dist: (1) 197, (1-100) 2791, (100-1000) 254, (1k-2k) 2, (2k-3k) 56, (3k-5k) 177, (5k-65534) 23, (65k) 0 
[DEBUG] Halving CBF counters.
collected one batch of samples. pages to migrate = 329 
start promoting 41 pages
move page ret -1 
move page error: 12
got ENOMEM. trying against with 8 pages 
second promote attempt return -1
pages migrated: 411, lfu # items: 12576, lfu sample size: 21500000, samples: 21500000, node 0 mem 69768
CBF freq dist: (1) 906, (1-100) 4802, (100-1000) 7236, (1k-2k) 269, (2k-3k) 5, (3k-5k) 4, (5k-65534) 139, (65k) 121 
CBF freq dist: (1) 311, (1-100) 2882, (100-1000) 95, (1k-2k) 229, (2k-3k) 4, (3k-5k) 2, (5k-65534) 21, (65k) 0 
collected one batch of samples. pages to migrate = 312 
start promoting 36 pages
move page ret -1 
move page error: 12
got ENOMEM. trying against with 7 pages 
second promote attempt return -1
pages migrated: 411, lfu # items: 12579, lfu sample size: 21600000, samples: 21600000, node 0 mem 69768
CBF freq dist: (1) 906, (1-100) 4797, (100-1000) 7242, (1k-2k) 271, (2k-3k) 5, (3k-5k) 4, (5k-65534) 133, (65k) 127 
CBF freq dist: (1) 286, (1-100) 2876, (100-1000) 138, (1k-2k) 81, (2k-3k) 152, (3k-5k) 0, (5k-65534) 23, (65k) 0 
collected one batch of samples. pages to migrate = 324 
start promoting 45 pages
move page ret -1 
move page error: 12
got ENOMEM. trying against with 9 pages 
second promote attempt return -1
pages migrated: 411, lfu # items: 12580, lfu sample size: 21700000, samples: 21700000, node 0 mem 69768
CBF freq dist: (1) 906, (1-100) 4788, (100-1000) 7250, (1k-2k) 273, (2k-3k) 5, (3k-5k) 4, (5k-65534) 123, (65k) 137 
CBF freq dist: (1) 269, (1-100) 2871, (100-1000) 176, (1k-2k) 0, (2k-3k) 233, (3k-5k) 0, (5k-65534) 23, (65k) 0 
collected one batch of samples. pages to migrate = 323 
start promoting 46 pages
move page ret -1 
move page error: 12
got ENOMEM. trying against with 9 pages 
second promote attempt return -1
pages migrated: 411, lfu # items: 12581, lfu sample size: 21800000, samples: 21800000, node 0 mem 69768
CBF freq dist: (1) 906, (1-100) 4787, (100-1000) 7249, (1k-2k) 276, (2k-3k) 5, (3k-5k) 4, (5k-65534) 113, (65k) 147 
CBF freq dist: (1) 263, (1-100) 2859, (100-1000) 214, (1k-2k) 0, (2k-3k) 227, (3k-5k) 6, (5k-65534) 23, (65k) 0 
collected one batch of samples. pages to migrate = 305 
start promoting 40 pages
move page ret -1 
move page error: 12
got ENOMEM. trying against with 8 pages 
second promote attempt return -1
pages migrated: 411, lfu # items: 12585, lfu sample size: 21900000, samples: 21900000, node 0 mem 69768
CBF freq dist: (1) 906, (1-100) 4786, (100-1000) 7248, (1k-2k) 281, (2k-3k) 6, (3k-5k) 4, (5k-65534) 104, (65k) 156 
CBF freq dist: (1) 246, (1-100) 2844, (100-1000) 259, (1k-2k) 0, (2k-3k) 133, (3k-5k) 100, (5k-65534) 23, (65k) 0 
collected one batch of samples. pages to migrate = 339 
start promoting 47 pages
move page ret -1 
move page error: 12
got ENOMEM. trying against with 9 pages 
second promote attempt return -1
pages migrated: 411, lfu # items: 12588, lfu sample size: 22000000, samples: 22000000, node 0 mem 69768
CBF freq dist: (1) 906, (1-100) 4770, (100-1000) 7265, (1k-2k) 283, (2k-3k) 6, (3k-5k) 3, (5k-65534) 98, (65k) 163 
CBF freq dist: (1) 220, (1-100) 2834, (100-1000) 313, (1k-2k) 1, (2k-3k) 10, (3k-5k) 223, (5k-65534) 23, (65k) 0 
num_perf_record_lost count 1300
[DEBUG] Halving CBF counters.
collected one batch of samples. pages to migrate = 335 
start promoting 57 pages
move page ret -1 
move page error: 12
got ENOMEM. trying against with 11 pages 
second promote attempt return -1
pages migrated: 411, lfu # items: 12592, lfu sample size: 22100000, samples: 22100000, node 0 mem 69768
CBF freq dist: (1) 905, (1-100) 4767, (100-1000) 7266, (1k-2k) 289, (2k-3k) 6, (3k-5k) 3, (5k-65534) 88, (65k) 173 
CBF freq dist: (1) 326, (1-100) 2862, (100-1000) 118, (1k-2k) 192, (2k-3k) 41, (3k-5k) 0, (5k-65534) 23, (65k) 0 
collected one batch of samples. pages to migrate = 341 
start promoting 54 pages
move page ret -1 
move page error: 12
got ENOMEM. trying against with 10 pages 
second promote attempt return -1
pages migrated: 411, lfu # items: 12592, lfu sample size: 22200000, samples: 22200000, node 0 mem 69768
CBF freq dist: (1) 905, (1-100) 4753, (100-1000) 7274, (1k-2k) 295, (2k-3k) 5, (3k-5k) 4, (5k-65534) 75, (65k) 186 
CBF freq dist: (1) 303, (1-100) 2838, (100-1000) 178, (1k-2k) 7, (2k-3k) 227, (3k-5k) 0, (5k-65534) 23, (65k) 0 
collected one batch of samples. pages to migrate = 324 
start promoting 59 pages
move page ret -1 
move page error: 12
got ENOMEM. trying against with 11 pages 
second promote attempt return -1
pages migrated: 411, lfu # items: 12595, lfu sample size: 22300000, samples: 22300000, node 0 mem 69768
CBF freq dist: (1) 905, (1-100) 4750, (100-1000) 7277, (1k-2k) 298, (2k-3k) 5, (3k-5k) 4, (5k-65534) 62, (65k) 199 
CBF freq dist: (1) 281, (1-100) 2813, (100-1000) 241, (1k-2k) 2, (2k-3k) 232, (3k-5k) 0, (5k-65534) 23, (65k) 0 
collected one batch of samples. pages to migrate = 360 
start promoting 75 pages
move page ret -1 
move page error: 12
got ENOMEM. trying against with 15 pages 
second promote attempt return -1
pages migrated: 411, lfu # items: 12596, lfu sample size: 22400000, samples: 22400000, node 0 mem 69768
CBF freq dist: (1) 905, (1-100) 4738, (100-1000) 7281, (1k-2k) 307, (2k-3k) 5, (3k-5k) 4, (5k-65534) 56, (65k) 205 
CBF freq dist: (1) 254, (1-100) 2777, (100-1000) 319, (1k-2k) 2, (2k-3k) 227, (3k-5k) 5, (5k-65534) 23, (65k) 0 
collected one batch of samples. pages to migrate = 314 
start promoting 50 pages
move page ret -1 
move page error: 12
got ENOMEM. trying against with 10 pages 
second promote attempt return -1
pages migrated: 411, lfu # items: 12597, lfu sample size: 22500000, samples: 22500000, node 0 mem 69768
CBF freq dist: (1) 905, (1-100) 4734, (100-1000) 7284, (1k-2k) 309, (2k-3k) 5, (3k-5k) 4, (5k-65534) 46, (65k) 215 
CBF freq dist: (1) 244, (1-100) 2756, (100-1000) 359, (1k-2k) 2, (2k-3k) 95, (3k-5k) 137, (5k-65534) 23, (65k) 0 
[DEBUG] Halving CBF counters.
collected one batch of samples. pages to migrate = 328 
start promoting 59 pages
move page ret -1 
move page error: 12
got ENOMEM. trying against with 11 pages 
second promote attempt return -1
pages migrated: 411, lfu # items: 12599, lfu sample size: 22600000, samples: 22600000, node 0 mem 69768
CBF freq dist: (1) 905, (1-100) 4723, (100-1000) 7291, (1k-2k) 315, (2k-3k) 5, (3k-5k) 4, (5k-65534) 36, (65k) 225 
CBF freq dist: (1) 312, (1-100) 2763, (100-1000) 147, (1k-2k) 232, (2k-3k) 0, (3k-5k) 0, (5k-65534) 23, (65k) 0 
frac of unuseful samples too high. Dropping fast tier sampling frequency to 50000 
closing perf counter 0, 0
[INFO] Hybridtier perf sampling freq: 50000
Perf mmap size 135168, page size 4096 
closing perf counter 1, 0
[INFO] Hybridtier perf sampling freq: 50000
Perf mmap size 135168, page size 4096 
closing perf counter 2, 0
[INFO] Hybridtier perf sampling freq: 50000
Perf mmap size 135168, page size 4096 
closing perf counter 3, 0
[INFO] Hybridtier perf sampling freq: 50000
Perf mmap size 135168, page size 4096 
closing perf counter 4, 0
[INFO] Hybridtier perf sampling freq: 50000
Perf mmap size 135168, page size 4096 
closing perf counter 5, 0
[INFO] Hybridtier perf sampling freq: 50000
Perf mmap size 135168, page size 4096 
closing perf counter 6, 0
[INFO] Hybridtier perf sampling freq: 50000
Perf mmap size 135168, page size 4096 
closing perf counter 7, 0
[INFO] Hybridtier perf sampling freq: 50000
Perf mmap size 135168, page size 4096 
closing perf counter 8, 0
[INFO] Hybridtier perf sampling freq: 50000
Perf mmap size 135168, page size 4096 
closing perf counter 9, 0
[INFO] Hybridtier perf sampling freq: 50000
Perf mmap size 135168, page size 4096 
closing perf counter 10, 0
[INFO] Hybridtier perf sampling freq: 50000
Perf mmap size 135168, page size 4096 
closing perf counter 11, 0
[INFO] Hybridtier perf sampling freq: 50000
Perf mmap size 135168, page size 4096 
closing perf counter 12, 0
[INFO] Hybridtier perf sampling freq: 50000
Perf mmap size 135168, page size 4096 
closing perf counter 13, 0
[INFO] Hybridtier perf sampling freq: 50000
Perf mmap size 135168, page size 4096 
closing perf counter 14, 0
[INFO] Hybridtier perf sampling freq: 50000
Perf mmap size 135168, page size 4096 
closing perf counter 15, 0
[INFO] Hybridtier perf sampling freq: 50000
Perf mmap size 135168, page size 4096 
collected one batch of samples. pages to migrate = 346 
start promoting 75 pages
move page ret -1 
move page error: 12
got ENOMEM. trying against with 15 pages 
second promote attempt return -1
pages migrated: 411, lfu # items: 12605, lfu sample size: 22700000, samples: 22700000, node 0 mem 69768
CBF freq dist: (1) 905, (1-100) 4712, (100-1000) 7303, (1k-2k) 320, (2k-3k) 5, (3k-5k) 4, (5k-65534) 33, (65k) 228 
CBF freq dist: (1) 299, (1-100) 2726, (100-1000) 231, (1k-2k) 196, (2k-3k) 36, (3k-5k) 0, (5k-65534) 23, (65k) 0 
frac of unuseful samples too high. Dropping fast tier sampling frequency to 25000 
closing perf counter 0, 0
[INFO] Hybridtier perf sampling freq: 25000
Perf mmap size 135168, page size 4096 
closing perf counter 1, 0
[INFO] Hybridtier perf sampling freq: 25000
Perf mmap size 135168, page size 4096 
closing perf counter 2, 0
[INFO] Hybridtier perf sampling freq: 25000
Perf mmap size 135168, page size 4096 
closing perf counter 3, 0
[INFO] Hybridtier perf sampling freq: 25000
Perf mmap size 135168, page size 4096 
closing perf counter 4, 0
[INFO] Hybridtier perf sampling freq: 25000
Perf mmap size 135168, page size 4096 
closing perf counter 5, 0
[INFO] Hybridtier perf sampling freq: 25000
Perf mmap size 135168, page size 4096 
closing perf counter 6, 0
[INFO] Hybridtier perf sampling freq: 25000
Perf mmap size 135168, page size 4096 
closing perf counter 7, 0
[INFO] Hybridtier perf sampling freq: 25000
Perf mmap size 135168, page size 4096 
closing perf counter 8, 0
[INFO] Hybridtier perf sampling freq: 25000
Perf mmap size 135168, page size 4096 
closing perf counter 9, 0
[INFO] Hybridtier perf sampling freq: 25000
Perf mmap size 135168, page size 4096 
closing perf counter 10, 0
[INFO] Hybridtier perf sampling freq: 25000
Perf mmap size 135168, page size 4096 
closing perf counter 11, 0
[INFO] Hybridtier perf sampling freq: 25000
Perf mmap size 135168, page size 4096 
closing perf counter 12, 0
[INFO] Hybridtier perf sampling freq: 25000
Perf mmap size 135168, page size 4096 
closing perf counter 13, 0
[INFO] Hybridtier perf sampling freq: 25000
Perf mmap size 135168, page size 4096 
closing perf counter 14, 0
[INFO] Hybridtier perf sampling freq: 25000
Perf mmap size 135168, page size 4096 
closing perf counter 15, 0
[INFO] Hybridtier perf sampling freq: 25000
Perf mmap size 135168, page size 4096 
collected one batch of samples. pages to migrate = 347 
start promoting 111 pages
move page ret -1 
move page error: 12
got ENOMEM. trying against with 22 pages 
second promote attempt return -1
pages migrated: 411, lfu # items: 12611, lfu sample size: 22800000, samples: 22800000, node 0 mem 69768
CBF freq dist: (1) 905, (1-100) 4687, (100-1000) 7330, (1k-2k) 324, (2k-3k) 5, (3k-5k) 4, (5k-65534) 32, (65k) 229 
CBF freq dist: (1) 265, (1-100) 2672, (100-1000) 347, (1k-2k) 157, (2k-3k) 75, (3k-5k) 0, (5k-65534) 23, (65k) 0 
frac of unuseful samples too high. Dropping fast tier sampling frequency to 12500 
closing perf counter 0, 0
[INFO] Hybridtier perf sampling freq: 12500
Perf mmap size 135168, page size 4096 
closing perf counter 1, 0
[INFO] Hybridtier perf sampling freq: 12500
Perf mmap size 135168, page size 4096 
closing perf counter 2, 0
[INFO] Hybridtier perf sampling freq: 12500
Perf mmap size 135168, page size 4096 
closing perf counter 3, 0
[INFO] Hybridtier perf sampling freq: 12500
Perf mmap size 135168, page size 4096 
closing perf counter 4, 0
[INFO] Hybridtier perf sampling freq: 12500
Perf mmap size 135168, page size 4096 
closing perf counter 5, 0
[INFO] Hybridtier perf sampling freq: 12500
Perf mmap size 135168, page size 4096 
closing perf counter 6, 0
[INFO] Hybridtier perf sampling freq: 12500
Perf mmap size 135168, page size 4096 
closing perf counter 7, 0
[INFO] Hybridtier perf sampling freq: 12500
Perf mmap size 135168, page size 4096 
closing perf counter 8, 0
[INFO] Hybridtier perf sampling freq: 12500
Perf mmap size 135168, page size 4096 
closing perf counter 9, 0
[INFO] Hybridtier perf sampling freq: 12500
Perf mmap size 135168, page size 4096 
closing perf counter 10, 0
[INFO] Hybridtier perf sampling freq: 12500
Perf mmap size 135168, page size 4096 
closing perf counter 11, 0
[INFO] Hybridtier perf sampling freq: 12500
Perf mmap size 135168, page size 4096 
closing perf counter 12, 0
[INFO] Hybridtier perf sampling freq: 12500
Perf mmap size 135168, page size 4096 
closing perf counter 13, 0
[INFO] Hybridtier perf sampling freq: 12500
Perf mmap size 135168, page size 4096 
closing perf counter 14, 0
[INFO] Hybridtier perf sampling freq: 12500
Perf mmap size 135168, page size 4096 
closing perf counter 15, 0
[INFO] Hybridtier perf sampling freq: 12500
Perf mmap size 135168, page size 4096 
collected one batch of samples. pages to migrate = 359 
start promoting 115 pages
move page ret -1 
move page error: 12
got ENOMEM. trying against with 23 pages 
second promote attempt return -1
pages migrated: 411, lfu # items: 12616, lfu sample size: 22900000, samples: 22900000, node 0 mem 69768
CBF freq dist: (1) 905, (1-100) 4673, (100-1000) 7340, (1k-2k) 332, (2k-3k) 6, (3k-5k) 4, (5k-65534) 31, (65k) 230 
CBF freq dist: (1) 237, (1-100) 2585, (100-1000) 462, (1k-2k) 126, (2k-3k) 106, (3k-5k) 0, (5k-65534) 23, (65k) 0 
collected one batch of samples. pages to migrate = 328 
start promoting 93 pages
move page ret -1 
move page error: 12
got ENOMEM. trying against with 18 pages 
second promote attempt return -1
pages migrated: 411, lfu # items: 12620, lfu sample size: 23000000, samples: 23000000, node 0 mem 69768
CBF freq dist: (1) 902, (1-100) 4662, (100-1000) 7343, (1k-2k) 344, (2k-3k) 6, (3k-5k) 4, (5k-65534) 27, (65k) 234 
CBF freq dist: (1) 234, (1-100) 2528, (100-1000) 545, (1k-2k) 59, (2k-3k) 173, (3k-5k) 0, (5k-65534) 23, (65k) 0 
collected one batch of samples. pages to migrate = 337 
start promoting 94 pages
move page ret -1 
move page error: 12
got ENOMEM. trying against with 18 pages 
second promote attempt return -1
pages migrated: 411, lfu # items: 12622, lfu sample size: 23100000, samples: 23100000, node 0 mem 69768
CBF freq dist: (1) 901, (1-100) 4651, (100-1000) 7341, (1k-2k) 359, (2k-3k) 6, (3k-5k) 4, (5k-65534) 26, (65k) 235 
CBF freq dist: (1) 225, (1-100) 2473, (100-1000) 627, (1k-2k) 13, (2k-3k) 219, (3k-5k) 0, (5k-65534) 23, (65k) 0 
[DEBUG] Halving CBF counters.
collected one batch of samples. pages to migrate = 329 
start promoting 90 pages
move page ret -1 
move page error: 12
got ENOMEM. trying against with 18 pages 
second promote attempt return -1
pages migrated: 411, lfu # items: 12625, lfu sample size: 23200000, samples: 23200000, node 0 mem 69768
CBF freq dist: (1) 901, (1-100) 4639, (100-1000) 7345, (1k-2k) 370, (2k-3k) 6, (3k-5k) 4, (5k-65534) 25, (65k) 236 
CBF freq dist: (1) 275, (1-100) 2521, (100-1000) 391, (1k-2k) 228, (2k-3k) 0, (3k-5k) 0, (5k-65534) 23, (65k) 0 
collected one batch of samples. pages to migrate = 333 
start promoting 89 pages
move page ret -1 
move page error: 12
got ENOMEM. trying against with 17 pages 
second promote attempt return -1
pages migrated: 411, lfu # items: 12627, lfu sample size: 23300000, samples: 23300000, node 0 mem 69768
CBF freq dist: (1) 901, (1-100) 4624, (100-1000) 7355, (1k-2k) 377, (2k-3k) 6, (3k-5k) 4, (5k-65534) 24, (65k) 237 
CBF freq dist: (1) 264, (1-100) 2472, (100-1000) 472, (1k-2k) 228, (2k-3k) 0, (3k-5k) 0, (5k-65534) 23, (65k) 0 
collected one batch of samples. pages to migrate = 329 
start promoting 88 pages
move page ret -1 
move page error: 12
got ENOMEM. trying against with 17 pages 
second promote attempt return -1
pages migrated: 411, lfu # items: 12629, lfu sample size: 23400000, samples: 23400000, node 0 mem 69768
CBF freq dist: (1) 901, (1-100) 4615, (100-1000) 7358, (1k-2k) 385, (2k-3k) 6, (3k-5k) 4, (5k-65534) 22, (65k) 239 
CBF freq dist: (1) 247, (1-100) 2435, (100-1000) 547, (1k-2k) 228, (2k-3k) 0, (3k-5k) 0, (5k-65534) 23, (65k) 0 
collected one batch of samples. pages to migrate = 324 
start promoting 67 pages
move page ret -1 
move page error: 12
got ENOMEM. trying against with 13 pages 
second promote attempt return -1
pages migrated: 411, lfu # items: 12644, lfu sample size: 23500000, samples: 23500000, node 0 mem 69768
CBF freq dist: (1) 907, (1-100) 4618, (100-1000) 7366, (1k-2k) 389, (2k-3k) 6, (3k-5k) 4, (5k-65534) 22, (65k) 239 
CBF freq dist: (1) 238, (1-100) 2418, (100-1000) 602, (1k-2k) 228, (2k-3k) 0, (3k-5k) 0, (5k-65534) 23, (65k) 0 
collected one batch of samples. pages to migrate = 358 
start promoting 82 pages
move page ret -1 
move page error: 12
got ENOMEM. trying against with 16 pages 
second promote attempt return -1
pages migrated: 411, lfu # items: 12657, lfu sample size: 23600000, samples: 23600000, node 0 mem 69768
CBF freq dist: (1) 911, (1-100) 4619, (100-1000) 7370, (1k-2k) 397, (2k-3k) 6, (3k-5k) 4, (5k-65534) 21, (65k) 240 
CBF freq dist: (1) 237, (1-100) 2397, (100-1000) 670, (1k-2k) 228, (2k-3k) 0, (3k-5k) 0, (5k-65534) 23, (65k) 0 
[DEBUG] Halving CBF counters.
collected one batch of samples. pages to migrate = 340 
start promoting 99 pages
move page ret -1 
move page error: 12
got ENOMEM. trying against with 19 pages 
second promote attempt return -1
pages migrated: 411, lfu # items: 12658, lfu sample size: 23700000, samples: 23700000, node 0 mem 69768
CBF freq dist: (1) 911, (1-100) 4611, (100-1000) 7373, (1k-2k) 403, (2k-3k) 6, (3k-5k) 4, (5k-65534) 20, (65k) 241 
CBF freq dist: (1) 301, (1-100) 2488, (100-1000) 606, (1k-2k) 1, (2k-3k) 0, (3k-5k) 0, (5k-65534) 23, (65k) 0 
num_perf_record_lost count 1400
collected one batch of samples. pages to migrate = 335 
start promoting 95 pages
move page ret -1 
move page error: 12
got ENOMEM. trying against with 19 pages 
second promote attempt return -1
pages migrated: 411, lfu # items: 12659, lfu sample size: 23800000, samples: 23800000, node 0 mem 69768
CBF freq dist: (1) 910, (1-100) 4602, (100-1000) 7373, (1k-2k) 413, (2k-3k) 6, (3k-5k) 4, (5k-65534) 20, (65k) 241 
CBF freq dist: (1) 282, (1-100) 2443, (100-1000) 672, (1k-2k) 12, (2k-3k) 0, (3k-5k) 0, (5k-65534) 23, (65k) 0 
collected one batch of samples. pages to migrate = 312 
start promoting 74 pages
move page ret -1 
move page error: 12
got ENOMEM. trying against with 14 pages 
second promote attempt return -1
pages migrated: 411, lfu # items: 12662, lfu sample size: 23900000, samples: 23900000, node 0 mem 69768
CBF freq dist: (1) 909, (1-100) 4591, (100-1000) 7372, (1k-2k) 428, (2k-3k) 6, (3k-5k) 4, (5k-65534) 19, (65k) 242 
CBF freq dist: (1) 267, (1-100) 2431, (100-1000) 560, (1k-2k) 178, (2k-3k) 0, (3k-5k) 0, (5k-65534) 23, (65k) 0 
collected one batch of samples. pages to migrate = 332 
start promoting 96 pages
move page ret -1 
move page error: 12
got ENOMEM. trying against with 19 pages 
second promote attempt return -1
pages migrated: 411, lfu # items: 12663, lfu sample size: 24000000, samples: 24000000, node 0 mem 69772
CBF freq dist: (1) 909, (1-100) 4576, (100-1000) 7374, (1k-2k) 442, (2k-3k) 6, (3k-5k) 4, (5k-65534) 17, (65k) 244 
CBF freq dist: (1) 255, (1-100) 2387, (100-1000) 591, (1k-2k) 225, (2k-3k) 0, (3k-5k) 0, (5k-65534) 23, (65k) 0 
collected one batch of samples. pages to migrate = 320 
start promoting 83 pages
move page ret -1 
move page error: 12
got ENOMEM. trying against with 16 pages 
second promote attempt return -1
pages migrated: 411, lfu # items: 12665, lfu sample size: 24100000, samples: 24100000, node 0 mem 69772
CBF freq dist: (1) 909, (1-100) 4565, (100-1000) 7379, (1k-2k) 449, (2k-3k) 7, (3k-5k) 4, (5k-65534) 15, (65k) 246 
CBF freq dist: (1) 249, (1-100) 2356, (100-1000) 653, (1k-2k) 229, (2k-3k) 0, (3k-5k) 0, (5k-65534) 23, (65k) 0 
collected one batch of samples. pages to migrate = 340 
start promoting 104 pages
move page ret -1 
move page error: 12
got ENOMEM. trying against with 20 pages 
second promote attempt return -1
pages migrated: 411, lfu # items: 12667, lfu sample size: 24200000, samples: 24200000, node 0 mem 69772
CBF freq dist: (1) 909, (1-100) 4555, (100-1000) 7381, (1k-2k) 459, (2k-3k) 7, (3k-5k) 4, (5k-65534) 15, (65k) 246 
CBF freq dist: (1) 242, (1-100) 2295, (100-1000) 734, (1k-2k) 229, (2k-3k) 0, (3k-5k) 0, (5k-65534) 23, (65k) 0 
[DEBUG] Halving CBF counters.
collected one batch of samples. pages to migrate = 332 
start promoting 96 pages
move page ret -1 
move page error: 12
got ENOMEM. trying against with 19 pages 
second promote attempt return -1
pages migrated: 411, lfu # items: 12668, lfu sample size: 24300000, samples: 24300000, node 0 mem 69772
CBF freq dist: (1) 909, (1-100) 4542, (100-1000) 7383, (1k-2k) 471, (2k-3k) 7, (3k-5k) 4, (5k-65534) 14, (65k) 247 
CBF freq dist: (1) 224, (1-100) 2353, (100-1000) 699, (1k-2k) 1, (2k-3k) 1, (3k-5k) -1, (5k-65534) 23, (65k) 0 
collected one batch of samples. pages to migrate = 341 
start promoting 104 pages
move page ret -1 
move page error: 12
got ENOMEM. trying against with 20 pages 
second promote attempt return -1
pages migrated: 411, lfu # items: 12669, lfu sample size: 24400000, samples: 24400000, node 0 mem 69772
CBF freq dist: (1) 909, (1-100) 4534, (100-1000) 7375, (1k-2k) 488, (2k-3k) 7, (3k-5k) 4, (5k-65534) 14, (65k) 247 
CBF freq dist: (1) 210, (1-100) 2316, (100-1000) 771, (1k-2k) 11, (2k-3k) 1, (3k-5k) -1, (5k-65534) 23, (65k) 0 
collected one batch of samples. pages to migrate = 333 
start promoting 97 pages
move page ret -1 
move page error: 12
got ENOMEM. trying against with 19 pages 
second promote attempt return -1
pages migrated: 411, lfu # items: 12670, lfu sample size: 24500000, samples: 24500000, node 0 mem 69772
CBF freq dist: (1) 909, (1-100) 4523, (100-1000) 7375, (1k-2k) 500, (2k-3k) 7, (3k-5k) 4, (5k-65534) 14, (65k) 247 
CBF freq dist: (1) 203, (1-100) 2246, (100-1000) 750, (1k-2k) 118, (2k-3k) 1, (3k-5k) -1, (5k-65534) 23, (65k) 0 
collected one batch of samples. pages to migrate = 340 
start promoting 104 pages
move page ret -1 
move page error: 12
got ENOMEM. trying against with 20 pages 
second promote attempt return -1
pages migrated: 411, lfu # items: 12672, lfu sample size: 24600000, samples: 24600000, node 0 mem 69772
CBF freq dist: (1) 909, (1-100) 4514, (100-1000) 7375, (1k-2k) 511, (2k-3k) 7, (3k-5k) 4, (5k-65534) 13, (65k) 248 
CBF freq dist: (1) 188, (1-100) 2180, (100-1000) 756, (1k-2k) 204, (2k-3k) 1, (3k-5k) -1, (5k-65534) 23, (65k) 0 
collected one batch of samples. pages to migrate = 339 
start promoting 104 pages
move page ret -1 
move page error: 12
got ENOMEM. trying against with 20 pages 
second promote attempt return -1
pages migrated: 411, lfu # items: 12673, lfu sample size: 24700000, samples: 24700000, node 0 mem 69772
CBF freq dist: (1) 909, (1-100) 4505, (100-1000) 7368, (1k-2k) 528, (2k-3k) 7, (3k-5k) 4, (5k-65534) 13, (65k) 248 
CBF freq dist: (1) 180, (1-100) 2123, (100-1000) 816, (1k-2k) 225, (2k-3k) 1, (3k-5k) -1, (5k-65534) 23, (65k) 0 
[DEBUG] Halving CBF counters.
collected one batch of samples. pages to migrate = 341 
start promoting 105 pages
move page ret -1 
move page error: 12
got ENOMEM. trying against with 21 pages 
second promote attempt return -1
pages migrated: 411, lfu # items: 12674, lfu sample size: 24800000, samples: 24800000, node 0 mem 69772
CBF freq dist: (1) 909, (1-100) 4495, (100-1000) 7360, (1k-2k) 544, (2k-3k) 10, (3k-5k) 4, (5k-65534) 13, (65k) 248 
CBF freq dist: (1) 258, (1-100) 2314, (100-1000) 708, (1k-2k) 1, (2k-3k) 0, (3k-5k) 0, (5k-65534) 23, (65k) 0 
collected one batch of samples. pages to migrate = 343 
start promoting 105 pages
move page ret -1 
move page error: 12
got ENOMEM. trying against with 21 pages 
second promote attempt return -1
pages migrated: 411, lfu # items: 12675, lfu sample size: 24900000, samples: 24900000, node 0 mem 69772
CBF freq dist: (1) 909, (1-100) 4484, (100-1000) 7362, (1k-2k) 553, (2k-3k) 11, (3k-5k) 4, (5k-65534) 13, (65k) 248 
CBF freq dist: (1) 244, (1-100) 2278, (100-1000) 799, (1k-2k) 1, (2k-3k) 0, (3k-5k) 0, (5k-65534) 23, (65k) 0 
[DEBUG] Number of hot pages promoted in 50 batches = 0 
[INFO] Reached promotion plateau. cur hot page size 3208642560, fast mem 80% 3435973836
[INFO] Decrease hot thresh to 700.
collected one batch of samples. pages to migrate = 343 
start promoting 109 pages
move page ret -1 
move page error: 12
got ENOMEM. trying against with 21 pages 
second promote attempt return -1
pages migrated: 411, lfu # items: 12676, lfu sample size: 25000000, samples: 25000000, node 0 mem 69772
CBF freq dist: (1) 909, (1-100) 4472, (100-1000) 7361, (1k-2k) 567, (2k-3k) 11, (3k-5k) 4, (5k-65534) 13, (65k) 248 
CBF freq dist: (1) 234, (1-100) 2236, (100-1000) 881, (1k-2k) 2, (2k-3k) 0, (3k-5k) 0, (5k-65534) 23, (65k) 0 
collected one batch of samples. pages to migrate = 356 
start promoting 120 pages
move page ret -1 
move page error: 12
got ENOMEM. trying against with 24 pages 
second promote attempt return -1
pages migrated: 411, lfu # items: 12678, lfu sample size: 25100000, samples: 25100000, node 0 mem 69772
CBF freq dist: (1) 909, (1-100) 4460, (100-1000) 7362, (1k-2k) 579, (2k-3k) 12, (3k-5k) 4, (5k-65534) 13, (65k) 248 
CBF freq dist: (1) 230, (1-100) 2174, (100-1000) 962, (1k-2k) 15, (2k-3k) 0, (3k-5k) 0, (5k-65534) 23, (65k) 0 
num_perf_record_lost count 1500
collected one batch of samples. pages to migrate = 331 
start promoting 93 pages
move page ret -1 
move page error: 12
got ENOMEM. trying against with 18 pages 
second promote attempt return -1
pages migrated: 411, lfu # items: 12680, lfu sample size: 25200000, samples: 25200000, node 0 mem 69772
CBF freq dist: (1) 908, (1-100) 4446, (100-1000) 7363, (1k-2k) 594, (2k-3k) 12, (3k-5k) 4, (5k-65534) 13, (65k) 248 
CBF freq dist: (1) 219, (1-100) 2131, (100-1000) 855, (1k-2k) 192, (2k-3k) 0, (3k-5k) 0, (5k-65534) 23, (65k) 0 
collected one batch of samples. pages to migrate = 323 
start promoting 87 pages
move page ret -1 
move page error: 12
got ENOMEM. trying against with 17 pages 
second promote attempt return -1
pages migrated: 411, lfu # items: 12681, lfu sample size: 25300000, samples: 25300000, node 0 mem 69772
CBF freq dist: (1) 907, (1-100) 4438, (100-1000) 7359, (1k-2k) 607, (2k-3k) 12, (3k-5k) 4, (5k-65534) 13, (65k) 248 
CBF freq dist: (1) 215, (1-100) 2083, (100-1000) 884, (1k-2k) 229, (2k-3k) 0, (3k-5k) 0, (5k-65534) 23, (65k) 0 
[DEBUG] Halving CBF counters.
collected one batch of samples. pages to migrate = 343 
start promoting 104 pages
Trial Time:          30.99337
pages migrated: 515, lfu # items: 12684, lfu sample size: 25400000, samples: 25400000, node 0 mem 258648
CBF freq dist: (1) 907, (1-100) 4428, (100-1000) 7355, (1k-2k) 624, (2k-3k) 12, (3k-5k) 4, (5k-65534) 13, (65k) 248 
CBF freq dist: (1) 213, (1-100) 2259, (100-1000) 763, (1k-2k) 0, (2k-3k) 0, (3k-5k) 0, (5k-65534) 23, (65k) 0 
collected one batch of samples. pages to migrate = 495 
start promoting 422 pages
move page ret 421 
move page error: 12
got ENOMEM. trying against with 84 pages 
second promote attempt return 0
pages migrated: 515, lfu # items: 12685, lfu sample size: 25500000, samples: 25500000, node 0 mem 74700
CBF freq dist: (1) 907, (1-100) 4399, (100-1000) 7383, (1k-2k) 626, (2k-3k) 12, (3k-5k) 4, (5k-65534) 12, (65k) 249 
CBF freq dist: (1) 190, (1-100) 2265, (100-1000) 779, (1k-2k) 43, (2k-3k) 0, (3k-5k) 0, (5k-65534) 23, (65k) 0 
collected one batch of samples. pages to migrate = 400 
start promoting 116 pages
move page ret -1 
move page error: 12
got ENOMEM. trying against with 23 pages 
second promote attempt return -1
pages migrated: 515, lfu # items: 12697, lfu sample size: 25600000, samples: 25600000, node 0 mem 74700
CBF freq dist: (1) 904, (1-100) 4405, (100-1000) 7389, (1k-2k) 626, (2k-3k) 12, (3k-5k) 4, (5k-65534) 10, (65k) 251 
CBF freq dist: (1) 201, (1-100) 2349, (100-1000) 597, (1k-2k) 229, (2k-3k) 0, (3k-5k) 0, (5k-65534) 23, (65k) 0 
collected one batch of samples. pages to migrate = 381 
start promoting 124 pages
move page ret -1 
move page error: 12
got ENOMEM. trying against with 24 pages 
second promote attempt return -1
pages migrated: 515, lfu # items: 12699, lfu sample size: 25700000, samples: 25700000, node 0 mem 74700
CBF freq dist: (1) 903, (1-100) 4401, (100-1000) 7395, (1k-2k) 626, (2k-3k) 12, (3k-5k) 4, (5k-65534) 7, (65k) 254 
CBF freq dist: (1) 193, (1-100) 2354, (100-1000) 623, (1k-2k) 216, (2k-3k) 13, (3k-5k) 0, (5k-65534) 23, (65k) 0 
collected one batch of samples. pages to migrate = 303 
start promoting 139 pages
move page ret -1 
move page error: 12
got ENOMEM. trying against with 27 pages 
second promote attempt return -1
pages migrated: 515, lfu # items: 12701, lfu sample size: 25800000, samples: 25800000, node 0 mem 74832
CBF freq dist: (1) 903, (1-100) 4398, (100-1000) 7396, (1k-2k) 630, (2k-3k) 12, (3k-5k) 4, (5k-65534) 7, (65k) 254 
CBF freq dist: (1) 192, (1-100) 2341, (100-1000) 660, (1k-2k) 146, (2k-3k) 82, (3k-5k) 1, (5k-65534) 23, (65k) 0 
[DEBUG] Halving CBF counters.
collected one batch of samples. pages to migrate = 299 
start promoting 143 pages
move page ret -1 
move page error: 12
got ENOMEM. trying against with 28 pages 
second promote attempt return -1
pages migrated: 515, lfu # items: 12701, lfu sample size: 25900000, samples: 25900000, node 0 mem 74832
CBF freq dist: (1) 903, (1-100) 4397, (100-1000) 7393, (1k-2k) 634, (2k-3k) 12, (3k-5k) 4, (5k-65534) 7, (65k) 254 
CBF freq dist: (1) 226, (1-100) 2576, (100-1000) 399, (1k-2k) 41, (2k-3k) 45, (3k-5k) 0, (5k-65534) 23, (65k) 0 
collected one batch of samples. pages to migrate = 287 
start promoting 132 pages
move page ret -1 
move page error: 12
got ENOMEM. trying against with 26 pages 
second promote attempt return -1
pages migrated: 515, lfu # items: 12703, lfu sample size: 26000000, samples: 26000000, node 0 mem 73508
CBF freq dist: (1) 903, (1-100) 4396, (100-1000) 7394, (1k-2k) 636, (2k-3k) 12, (3k-5k) 4, (5k-65534) 6, (65k) 255 
CBF freq dist: (1) 218, (1-100) 2569, (100-1000) 386, (1k-2k) 43, (2k-3k) 73, (3k-5k) 9, (5k-65534) 23, (65k) 0 
collected one batch of samples. pages to migrate = 303 
start promoting 145 pages
move page ret -1 
move page error: 12
got ENOMEM. trying against with 29 pages 
second promote attempt return -1
pages migrated: 515, lfu # items: 12703, lfu sample size: 26100000, samples: 26100000, node 0 mem 73508
CBF freq dist: (1) 903, (1-100) 4394, (100-1000) 7395, (1k-2k) 637, (2k-3k) 12, (3k-5k) 4, (5k-65534) 6, (65k) 255 
CBF freq dist: (1) 213, (1-100) 2558, (100-1000) 377, (1k-2k) 81, (2k-3k) 0, (3k-5k) 82, (5k-65534) 23, (65k) 0 
collected one batch of samples. pages to migrate = 294 
start promoting 139 pages
move page ret -1 
move page error: 12
got ENOMEM. trying against with 27 pages 
second promote attempt return -1
pages migrated: 515, lfu # items: 12705, lfu sample size: 26200000, samples: 26200000, node 0 mem 73508
CBF freq dist: (1) 903, (1-100) 4393, (100-1000) 7397, (1k-2k) 638, (2k-3k) 12, (3k-5k) 4, (5k-65534) 6, (65k) 255 
CBF freq dist: (1) 202, (1-100) 2546, (100-1000) 399, (1k-2k) 90, (2k-3k) 0, (3k-5k) 81, (5k-65534) 24, (65k) 0 
collected one batch of samples. pages to migrate = 295 
start promoting 135 pages
move page ret -1 
move page error: 12
got ENOMEM. trying against with 27 pages 
second promote attempt return -1
pages migrated: 515, lfu # items: 12705, lfu sample size: 26300000, samples: 26300000, node 0 mem 73508
CBF freq dist: (1) 903, (1-100) 4392, (100-1000) 7397, (1k-2k) 639, (2k-3k) 12, (3k-5k) 4, (5k-65534) 6, (65k) 255 
CBF freq dist: (1) 202, (1-100) 2558, (100-1000) 384, (1k-2k) 134, (2k-3k) 0, (3k-5k) 24, (5k-65534) 81, (65k) 0 
collected one batch of samples. pages to migrate = 285 
start promoting 130 pages
move page ret -1 
move page error: 12
got ENOMEM. trying against with 26 pages 
second promote attempt return -1
pages migrated: 515, lfu # items: 12706, lfu sample size: 26400000, samples: 26400000, node 0 mem 73508
CBF freq dist: (1) 903, (1-100) 4390, (100-1000) 7398, (1k-2k) 641, (2k-3k) 12, (3k-5k) 4, (5k-65534) 6, (65k) 255 
CBF freq dist: (1) 197, (1-100) 2551, (100-1000) 401, (1k-2k) 150, (2k-3k) 0, (3k-5k) -1, (5k-65534) 106, (65k) 0 
[DEBUG] Halving CBF counters.
collected one batch of samples. pages to migrate = 290 
start promoting 133 pages
move page ret -1 
move page error: 12
got ENOMEM. trying against with 26 pages 
second promote attempt return -1
pages migrated: 515, lfu # items: 12706, lfu sample size: 26500000, samples: 26500000, node 0 mem 73848
CBF freq dist: (1) 903, (1-100) 4386, (100-1000) 7401, (1k-2k) 642, (2k-3k) 12, (3k-5k) 4, (5k-65534) 6, (65k) 255 
CBF freq dist: (1) 226, (1-100) 2687, (100-1000) 248, (1k-2k) -1, (2k-3k) 1, (3k-5k) 82, (5k-65534) 23, (65k) 0 
collected one batch of samples. pages to migrate = 288 
start promoting 136 pages
move page ret -1 
move page error: 12
got ENOMEM. trying against with 27 pages 
second promote attempt return -1
pages migrated: 515, lfu # items: 12706, lfu sample size: 26600000, samples: 26600000, node 0 mem 73692
CBF freq dist: (1) 902, (1-100) 4383, (100-1000) 7401, (1k-2k) 645, (2k-3k) 12, (3k-5k) 4, (5k-65534) 6, (65k) 255 
CBF freq dist: (1) 219, (1-100) 2676, (100-1000) 279, (1k-2k) -1, (2k-3k) 1, (3k-5k) 81, (5k-65534) 24, (65k) 0 
collected one batch of samples. pages to migrate = 293 
start promoting 136 pages
move page ret -1 
move page error: 12
got ENOMEM. trying against with 27 pages 
second promote attempt return -1
pages migrated: 515, lfu # items: 12708, lfu sample size: 26700000, samples: 26700000, node 0 mem 73692
CBF freq dist: (1) 902, (1-100) 4379, (100-1000) 7406, (1k-2k) 646, (2k-3k) 12, (3k-5k) 4, (5k-65534) 6, (65k) 255 
CBF freq dist: (1) 211, (1-100) 2676, (100-1000) 303, (1k-2k) -1, (2k-3k) 1, (3k-5k) 0, (5k-65534) 105, (65k) 0 
collected one batch of samples. pages to migrate = 298 
start promoting 143 pages
move page ret 142 
move page error: 12
got ENOMEM. trying against with 28 pages 
second promote attempt return -1
pages migrated: 515, lfu # items: 12709, lfu sample size: 26800000, samples: 26800000, node 0 mem 73692
CBF freq dist: (1) 902, (1-100) 4373, (100-1000) 7409, (1k-2k) 650, (2k-3k) 12, (3k-5k) 4, (5k-65534) 6, (65k) 255 
CBF freq dist: (1) 205, (1-100) 2662, (100-1000) 339, (1k-2k) 3, (2k-3k) 1, (3k-5k) -1, (5k-65534) 106, (65k) 0 
collected one batch of samples. pages to migrate = 299 
start promoting 142 pages
move page ret -1 
move page error: 12
got ENOMEM. trying against with 28 pages 
second promote attempt return -1
pages migrated: 515, lfu # items: 12710, lfu sample size: 26900000, samples: 26900000, node 0 mem 73692
CBF freq dist: (1) 902, (1-100) 4366, (100-1000) 7414, (1k-2k) 653, (2k-3k) 12, (3k-5k) 4, (5k-65534) 6, (65k) 255 
CBF freq dist: (1) 205, (1-100) 2665, (100-1000) 287, (1k-2k) 89, (2k-3k) 1, (3k-5k) -1, (5k-65534) 106, (65k) 0 
[DEBUG] Halving CBF counters.
collected one batch of samples. pages to migrate = 298 
start promoting 132 pages
move page ret -1 
move page error: 12
got ENOMEM. trying against with 26 pages 
second promote attempt return -1
pages migrated: 515, lfu # items: 12713, lfu sample size: 27000000, samples: 27000000, node 0 mem 73692
CBF freq dist: (1) 894, (1-100) 4362, (100-1000) 7420, (1k-2k) 654, (2k-3k) 12, (3k-5k) 4, (5k-65534) 6, (65k) 255 
CBF freq dist: (1) 277, (1-100) 2675, (100-1000) 207, (1k-2k) 0, (2k-3k) 0, (3k-5k) 84, (5k-65534) 22, (65k) 0 
collected one batch of samples. pages to migrate = 290 
start promoting 134 pages
move page ret -1 
move page error: 12
got ENOMEM. trying against with 26 pages 
second promote attempt return -1
pages migrated: 515, lfu # items: 12713, lfu sample size: 27100000, samples: 27100000, node 0 mem 74188
CBF freq dist: (1) 894, (1-100) 4357, (100-1000) 7422, (1k-2k) 657, (2k-3k) 12, (3k-5k) 4, (5k-65534) 6, (65k) 255 
CBF freq dist: (1) 259, (1-100) 2679, (100-1000) 234, (1k-2k) 0, (2k-3k) 0, (3k-5k) 66, (5k-65534) 40, (65k) 0 
collected one batch of samples. pages to migrate = 307 
start promoting 149 pages
move page ret -1 
move page error: 12
got ENOMEM. trying against with 29 pages 
second promote attempt return -1
pages migrated: 515, lfu # items: 12713, lfu sample size: 27200000, samples: 27200000, node 0 mem 74240
CBF freq dist: (1) 894, (1-100) 4354, (100-1000) 7421, (1k-2k) 661, (2k-3k) 12, (3k-5k) 4, (5k-65534) 6, (65k) 255 
CBF freq dist: (1) 255, (1-100) 2681, (100-1000) 263, (1k-2k) 0, (2k-3k) 0, (3k-5k) 1, (5k-65534) 105, (65k) 0 
collected one batch of samples. pages to migrate = 290 
start promoting 138 pages
move page ret -1 
move page error: 12
got ENOMEM. trying against with 27 pages 
second promote attempt return -1
pages migrated: 515, lfu # items: 12714, lfu sample size: 27300000, samples: 27300000, node 0 mem 74240
CBF freq dist: (1) 894, (1-100) 4350, (100-1000) 7422, (1k-2k) 665, (2k-3k) 12, (3k-5k) 4, (5k-65534) 6, (65k) 255 
CBF freq dist: (1) 252, (1-100) 2686, (100-1000) 295, (1k-2k) 2, (2k-3k) 0, (3k-5k) 0, (5k-65534) 106, (65k) 0 
collected one batch of samples. pages to migrate = 298 
start promoting 146 pages
move page ret -1 
move page error: 12
got ENOMEM. trying against with 29 pages 
second promote attempt return -1
pages migrated: 515, lfu # items: 12715, lfu sample size: 27400000, samples: 27400000, node 0 mem 74240
CBF freq dist: (1) 894, (1-100) 4344, (100-1000) 7424, (1k-2k) 670, (2k-3k) 12, (3k-5k) 4, (5k-65534) 6, (65k) 255 
CBF freq dist: (1) 247, (1-100) 2674, (100-1000) 324, (1k-2k) 13, (2k-3k) 0, (3k-5k) 0, (5k-65534) 106, (65k) 0 
collected one batch of samples. pages to migrate = 295 
start promoting 143 pages
move page ret -1 
move page error: 12
got ENOMEM. trying against with 28 pages 
second promote attempt return -1
pages migrated: 515, lfu # items: 12715, lfu sample size: 27500000, samples: 27500000, node 0 mem 74240
CBF freq dist: (1) 894, (1-100) 4337, (100-1000) 7427, (1k-2k) 674, (2k-3k) 12, (3k-5k) 4, (5k-65534) 6, (65k) 255 
CBF freq dist: (1) 235, (1-100) 2660, (100-1000) 268, (1k-2k) 103, (2k-3k) 0, (3k-5k) 0, (5k-65534) 106, (65k) 0 
[DEBUG] Halving CBF counters.
collected one batch of samples. pages to migrate = 298 
start promoting 138 pages
move page ret -1 
move page error: 12
got ENOMEM. trying against with 27 pages 
second promote attempt return -1
pages migrated: 515, lfu # items: 12716, lfu sample size: 27600000, samples: 27600000, node 0 mem 74240
CBF freq dist: (1) 893, (1-100) 4334, (100-1000) 7430, (1k-2k) 675, (2k-3k) 12, (3k-5k) 4, (5k-65534) 6, (65k) 255 
CBF freq dist: (1) 336, (1-100) 2602, (100-1000) 233, (1k-2k) 0, (2k-3k) 0, (3k-5k) 84, (5k-65534) 22, (65k) 0 
num_perf_record_lost count 1600
collected one batch of samples. pages to migrate = 301 
start promoting 144 pages
move page ret -1 
move page error: 12
got ENOMEM. trying against with 28 pages 
second promote attempt return -1
pages migrated: 515, lfu # items: 12720, lfu sample size: 27700000, samples: 27700000, node 0 mem 74240
CBF freq dist: (1) 893, (1-100) 4326, (100-1000) 7439, (1k-2k) 678, (2k-3k) 12, (3k-5k) 4, (5k-65534) 6, (65k) 255 
CBF freq dist: (1) 336, (1-100) 2620, (100-1000) 267, (1k-2k) 0, (2k-3k) 0, (3k-5k) 4, (5k-65534) 102, (65k) 0 
collected one batch of samples. pages to migrate = 313 
start promoting 149 pages
move page ret -1 
move page error: 12
got ENOMEM. trying against with 29 pages 
second promote attempt return -1
pages migrated: 515, lfu # items: 12720, lfu sample size: 27800000, samples: 27800000, node 0 mem 74500
CBF freq dist: (1) 893, (1-100) 4321, (100-1000) 7440, (1k-2k) 682, (2k-3k) 12, (3k-5k) 4, (5k-65534) 6, (65k) 255 
CBF freq dist: (1) 344, (1-100) 2643, (100-1000) 298, (1k-2k) 0, (2k-3k) 0, (3k-5k) 0, (5k-65534) 106, (65k) 0 
collected one batch of samples. pages to migrate = 298 
start promoting 140 pages
move page ret -1 
move page error: 12
got ENOMEM. trying against with 28 pages 
second promote attempt return -1
pages migrated: 515, lfu # items: 12723, lfu sample size: 27900000, samples: 27900000, node 0 mem 74500
CBF freq dist: (1) 894, (1-100) 4320, (100-1000) 7441, (1k-2k) 685, (2k-3k) 12, (3k-5k) 4, (5k-65534) 5, (65k) 256 
CBF freq dist: (1) 332, (1-100) 2645, (100-1000) 324, (1k-2k) 5, (2k-3k) 0, (3k-5k) 0, (5k-65534) 106, (65k) 0 
collected one batch of samples. pages to migrate = 305 
start promoting 150 pages
move page ret -1 
move page error: 12
got ENOMEM. trying against with 30 pages 
second promote attempt return -1
pages migrated: 515, lfu # items: 12723, lfu sample size: 28000000, samples: 28000000, node 0 mem 74500
CBF freq dist: (1) 894, (1-100) 4318, (100-1000) 7439, (1k-2k) 689, (2k-3k) 12, (3k-5k) 4, (5k-65534) 5, (65k) 256 
CBF freq dist: (1) 328, (1-100) 2636, (100-1000) 252, (1k-2k) 111, (2k-3k) 0, (3k-5k) 0, (5k-65534) 106, (65k) 0 
[DEBUG] Halving CBF counters.
collected one batch of samples. pages to migrate = 297 
start promoting 142 pages
move page ret -1 
move page error: 12
got ENOMEM. trying against with 28 pages 
second promote attempt return -1
pages migrated: 515, lfu # items: 12723, lfu sample size: 28100000, samples: 28100000, node 0 mem 74500
CBF freq dist: (1) 894, (1-100) 4313, (100-1000) 7439, (1k-2k) 694, (2k-3k) 12, (3k-5k) 4, (5k-65534) 5, (65k) 256 
CBF freq dist: (1) 341, (1-100) 2502, (100-1000) 209, (1k-2k) 0, (2k-3k) 0, (3k-5k) 104, (5k-65534) 2, (65k) 0 
collected one batch of samples. pages to migrate = 294 
start promoting 137 pages
move page ret -1 
move page error: 12
got ENOMEM. trying against with 27 pages 
second promote attempt return -1
pages migrated: 515, lfu # items: 12723, lfu sample size: 28200000, samples: 28200000, node 0 mem 74500
CBF freq dist: (1) 894, (1-100) 4309, (100-1000) 7441, (1k-2k) 696, (2k-3k) 12, (3k-5k) 4, (5k-65534) 5, (65k) 256 
CBF freq dist: (1) 328, (1-100) 2510, (100-1000) 243, (1k-2k) 0, (2k-3k) 0, (3k-5k) 37, (5k-65534) 69, (65k) 0 
collected one batch of samples. pages to migrate = 313 
start promoting 160 pages
move page ret -1 
move page error: 12
got ENOMEM. trying against with 32 pages 
second promote attempt return -1
pages migrated: 515, lfu # items: 12724, lfu sample size: 28300000, samples: 28300000, node 0 mem 74728
CBF freq dist: (1) 894, (1-100) 4305, (100-1000) 7439, (1k-2k) 703, (2k-3k) 12, (3k-5k) 4, (5k-65534) 5, (65k) 256 
CBF freq dist: (1) 314, (1-100) 2515, (100-1000) 271, (1k-2k) 0, (2k-3k) 0, (3k-5k) 0, (5k-65534) 106, (65k) 0 
collected one batch of samples. pages to migrate = 304 
start promoting 146 pages
move page ret -1 
move page error: 12
got ENOMEM. trying against with 29 pages 
second promote attempt return -1
pages migrated: 515, lfu # items: 12725, lfu sample size: 28400000, samples: 28400000, node 0 mem 75232
CBF freq dist: (1) 893, (1-100) 4305, (100-1000) 7437, (1k-2k) 706, (2k-3k) 12, (3k-5k) 4, (5k-65534) 5, (65k) 256 
CBF freq dist: (1) 307, (1-100) 2523, (100-1000) 294, (1k-2k) 7, (2k-3k) 0, (3k-5k) 0, (5k-65534) 106, (65k) 0 
collected one batch of samples. pages to migrate = 297 
start promoting 140 pages
move page ret -1 
move page error: 12
got ENOMEM. trying against with 28 pages 
second promote attempt return -1
pages migrated: 515, lfu # items: 12727, lfu sample size: 28500000, samples: 28500000, node 0 mem 75232
CBF freq dist: (1) 888, (1-100) 4299, (100-1000) 7441, (1k-2k) 709, (2k-3k) 13, (3k-5k) 4, (5k-65534) 5, (65k) 256 
CBF freq dist: (1) 308, (1-100) 2544, (100-1000) 249, (1k-2k) 87, (2k-3k) 0, (3k-5k) 0, (5k-65534) 106, (65k) 0 
collected one batch of samples. pages to migrate = 294 
start promoting 140 pages
move page ret -1 
move page error: 12
got ENOMEM. trying against with 28 pages 
second promote attempt return -1
pages migrated: 515, lfu # items: 12727, lfu sample size: 28600000, samples: 28600000, node 0 mem 75232
CBF freq dist: (1) 887, (1-100) 4295, (100-1000) 7444, (1k-2k) 710, (2k-3k) 13, (3k-5k) 4, (5k-65534) 5, (65k) 256 
CBF freq dist: (1) 300, (1-100) 2542, (100-1000) 219, (1k-2k) 150, (2k-3k) 0, (3k-5k) 0, (5k-65534) 106, (65k) 0 
[DEBUG] Halving CBF counters.
collected one batch of samples. pages to migrate = 308 
start promoting 154 pages
move page ret -1 
move page error: 12
got ENOMEM. trying against with 30 pages 
second promote attempt return -1
pages migrated: 515, lfu # items: 12728, lfu sample size: 28700000, samples: 28700000, node 0 mem 75232
CBF freq dist: (1) 887, (1-100) 4289, (100-1000) 7448, (1k-2k) 713, (2k-3k) 13, (3k-5k) 4, (5k-65534) 5, (65k) 256 
CBF freq dist: (1) 393, (1-100) 2412, (100-1000) 239, (1k-2k) 0, (2k-3k) 0, (3k-5k) 101, (5k-65534) 5, (65k) 0 
collected one batch of samples. pages to migrate = 286 
start promoting 133 pages
move page ret -1 
move page error: 12
got ENOMEM. trying against with 26 pages 
second promote attempt return -1
pages migrated: 515, lfu # items: 12729, lfu sample size: 28800000, samples: 28800000, node 0 mem 75232
CBF freq dist: (1) 887, (1-100) 4287, (100-1000) 7449, (1k-2k) 715, (2k-3k) 13, (3k-5k) 4, (5k-65534) 5, (65k) 256 
CBF freq dist: (1) 386, (1-100) 2440, (100-1000) 264, (1k-2k) 0, (2k-3k) 0, (3k-5k) 6, (5k-65534) 100, (65k) 0 
num_perf_record_lost count 1700
collected one batch of samples. pages to migrate = 294 
start promoting 134 pages
move page ret -1 
move page error: 12
got ENOMEM. trying against with 26 pages 
second promote attempt return -1
pages migrated: 515, lfu # items: 12732, lfu sample size: 28900000, samples: 28900000, node 0 mem 75588
CBF freq dist: (1) 887, (1-100) 4283, (100-1000) 7450, (1k-2k) 721, (2k-3k) 13, (3k-5k) 4, (5k-65534) 5, (65k) 256 
CBF freq dist: (1) 390, (1-100) 2456, (100-1000) 294, (1k-2k) 4, (2k-3k) 0, (3k-5k) 1, (5k-65534) 105, (65k) 0 
collected one batch of samples. pages to migrate = 302 
start promoting 145 pages
move page ret -1 
move page error: 12
got ENOMEM. trying against with 29 pages 
second promote attempt return -1
pages migrated: 515, lfu # items: 12733, lfu sample size: 29000000, samples: 29000000, node 0 mem 75588
CBF freq dist: (1) 887, (1-100) 4278, (100-1000) 7452, (1k-2k) 725, (2k-3k) 13, (3k-5k) 4, (5k-65534) 5, (65k) 256 
CBF freq dist: (1) 382, (1-100) 2467, (100-1000) 232, (1k-2k) 95, (2k-3k) 0, (3k-5k) 1, (5k-65534) 105, (65k) 0 
collected one batch of samples. pages to migrate = 316 
start promoting 156 pages
move page ret -1 
move page error: 12
got ENOMEM. trying against with 31 pages 
second promote attempt return -1
pages migrated: 515, lfu # items: 12733, lfu sample size: 29100000, samples: 29100000, node 0 mem 75588
CBF freq dist: (1) 887, (1-100) 4276, (100-1000) 7446, (1k-2k) 733, (2k-3k) 13, (3k-5k) 4, (5k-65534) 5, (65k) 256 
CBF freq dist: (1) 374, (1-100) 2463, (100-1000) 213, (1k-2k) 147, (2k-3k) 0, (3k-5k) 1, (5k-65534) 105, (65k) 0 
[DEBUG] Halving CBF counters.
collected one batch of samples. pages to migrate = 334 
start promoting 147 pages
move page ret -1 
move page error: 12
got ENOMEM. trying against with 29 pages 
second promote attempt return -1
pages migrated: 515, lfu # items: 12735, lfu sample size: 29200000, samples: 29200000, node 0 mem 75588
CBF freq dist: (1) 886, (1-100) 4273, (100-1000) 7449, (1k-2k) 735, (2k-3k) 13, (3k-5k) 4, (5k-65534) 5, (65k) 256 
CBF freq dist: (1) 385, (1-100) 2312, (100-1000) 198, (1k-2k) 0, (2k-3k) 0, (3k-5k) 106, (5k-65534) 0, (65k) 0 
collected one batch of samples. pages to migrate = 330 
start promoting 165 pages
move page ret -1 
move page error: 12
got ENOMEM. trying against with 33 pages 
second promote attempt return -1
pages migrated: 515, lfu # items: 12742, lfu sample size: 29300000, samples: 29300000, node 0 mem 75588
CBF freq dist: (1) 888, (1-100) 4271, (100-1000) 7455, (1k-2k) 738, (2k-3k) 13, (3k-5k) 4, (5k-65534) 5, (65k) 256 
CBF freq dist: (1) 386, (1-100) 2365, (100-1000) 229, (1k-2k) 0, (2k-3k) 0, (3k-5k) 42, (5k-65534) 64, (65k) 0 
collected one batch of samples. pages to migrate = 317 
start promoting 155 pages
move page ret -1 
move page error: 12
got ENOMEM. trying against with 31 pages 
second promote attempt return -1
pages migrated: 515, lfu # items: 12742, lfu sample size: 29400000, samples: 29400000, node 0 mem 75588
CBF freq dist: (1) 887, (1-100) 4267, (100-1000) 7453, (1k-2k) 744, (2k-3k) 13, (3k-5k) 4, (5k-65534) 5, (65k) 256 
CBF freq dist: (1) 384, (1-100) 2385, (100-1000) 262, (1k-2k) 0, (2k-3k) 0, (3k-5k) 1, (5k-65534) 105, (65k) 0 
collected one batch of samples. pages to migrate = 312 
start promoting 146 pages
move page ret -1 
move page error: 12
got ENOMEM. trying against with 29 pages 
second promote attempt return -1
pages migrated: 515, lfu # items: 12742, lfu sample size: 29500000, samples: 29500000, node 0 mem 75764
CBF freq dist: (1) 887, (1-100) 4264, (100-1000) 7452, (1k-2k) 748, (2k-3k) 13, (3k-5k) 4, (5k-65534) 5, (65k) 256 
CBF freq dist: (1) 376, (1-100) 2403, (100-1000) 282, (1k-2k) 15, (2k-3k) 0, (3k-5k) 0, (5k-65534) 106, (65k) 0 
collected one batch of samples. pages to migrate = 302 
start promoting 148 pages
move page ret -1 
move page error: 12
got ENOMEM. trying against with 29 pages 
second promote attempt return -1
pages migrated: 515, lfu # items: 12743, lfu sample size: 29600000, samples: 29600000, node 0 mem 75808
CBF freq dist: (1) 888, (1-100) 4257, (100-1000) 7460, (1k-2k) 748, (2k-3k) 13, (3k-5k) 4, (5k-65534) 5, (65k) 256 
CBF freq dist: (1) 371, (1-100) 2424, (100-1000) 176, (1k-2k) 147, (2k-3k) 0, (3k-5k) 0, (5k-65534) 106, (65k) 0 
collected one batch of samples. pages to migrate = 306 
start promoting 147 pages
move page ret -1 
move page error: 12
got ENOMEM. trying against with 29 pages 
second promote attempt return -1
pages migrated: 515, lfu # items: 12743, lfu sample size: 29700000, samples: 29700000, node 0 mem 75808
CBF freq dist: (1) 888, (1-100) 4253, (100-1000) 7460, (1k-2k) 752, (2k-3k) 13, (3k-5k) 4, (5k-65534) 5, (65k) 256 
CBF freq dist: (1) 355, (1-100) 2435, (100-1000) 204, (1k-2k) 149, (2k-3k) 0, (3k-5k) 0, (5k-65534) 106, (65k) 0 
[DEBUG] Halving CBF counters.
collected one batch of samples. pages to migrate = 294 
start promoting 139 pages
move page ret -1 
move page error: 12
got ENOMEM. trying against with 27 pages 
second promote attempt return -1
pages migrated: 515, lfu # items: 12745, lfu sample size: 29800000, samples: 29800000, node 0 mem 75808
CBF freq dist: (1) 887, (1-100) 4250, (100-1000) 7465, (1k-2k) 752, (2k-3k) 13, (3k-5k) 4, (5k-65534) 5, (65k) 256 
CBF freq dist: (1) 341, (1-100) 2274, (100-1000) 210, (1k-2k) 0, (2k-3k) 0, (3k-5k) 105, (5k-65534) 1, (65k) 0 
collected one batch of samples. pages to migrate = 294 
start promoting 141 pages
move page ret -1 
move page error: 12
got ENOMEM. trying against with 28 pages 
second promote attempt return -1
pages migrated: 515, lfu # items: 12745, lfu sample size: 29900000, samples: 29900000, node 0 mem 75960
CBF freq dist: (1) 887, (1-100) 4245, (100-1000) 7469, (1k-2k) 753, (2k-3k) 13, (3k-5k) 4, (5k-65534) 5, (65k) 256 
CBF freq dist: (1) 330, (1-100) 2299, (100-1000) 240, (1k-2k) 0, (2k-3k) 0, (3k-5k) 7, (5k-65534) 99, (65k) 0 
[DEBUG] Number of hot pages promoted in 50 batches = 104 
collected one batch of samples. pages to migrate = 318 
start promoting 130 pages
move page ret -1 
move page error: 12
got ENOMEM. trying against with 26 pages 
second promote attempt return -1
pages migrated: 515, lfu # items: 12746, lfu sample size: 30000000, samples: 30000000, node 0 mem 75960
CBF freq dist: (1) 887, (1-100) 4243, (100-1000) 7469, (1k-2k) 756, (2k-3k) 13, (3k-5k) 4, (5k-65534) 5, (65k) 256 
CBF freq dist: (1) 316, (1-100) 2331, (100-1000) 221, (1k-2k) 39, (2k-3k) 0, (3k-5k) 0, (5k-65534) 106, (65k) 0 
num_perf_record_lost count 1800
collected one batch of samples. pages to migrate = 282 
start promoting 124 pages
move page ret -1 
move page error: 12
got ENOMEM. trying against with 24 pages 
second promote attempt return -1
pages migrated: 515, lfu # items: 12747, lfu sample size: 30100000, samples: 30100000, node 0 mem 75632
CBF freq dist: (1) 887, (1-100) 4238, (100-1000) 7473, (1k-2k) 758, (2k-3k) 13, (3k-5k) 4, (5k-65534) 5, (65k) 256 
CBF freq dist: (1) 312, (1-100) 2358, (100-1000) 170, (1k-2k) 115, (2k-3k) 0, (3k-5k) 0, (5k-65534) 106, (65k) 0 
collected one batch of samples. pages to migrate = 279 
start promoting 127 pages
move page ret -1 
move page error: 12
got ENOMEM. trying against with 25 pages 
second promote attempt return -1
pages migrated: 515, lfu # items: 12749, lfu sample size: 30200000, samples: 30200000, node 0 mem 75632
CBF freq dist: (1) 888, (1-100) 4237, (100-1000) 7472, (1k-2k) 762, (2k-3k) 13, (3k-5k) 4, (5k-65534) 5, (65k) 256 
CBF freq dist: (1) 300, (1-100) 2378, (100-1000) 161, (1k-2k) 145, (2k-3k) 0, (3k-5k) 0, (5k-65534) 106, (65k) 0 
[DEBUG] Halving CBF counters.
collected one batch of samples. pages to migrate = 283 
start promoting 130 pages
move page ret -1 
move page error: 12
got ENOMEM. trying against with 26 pages 
second promote attempt return -1
pages migrated: 515, lfu # items: 12750, lfu sample size: 30300000, samples: 30300000, node 0 mem 75632
CBF freq dist: (1) 888, (1-100) 4232, (100-1000) 7476, (1k-2k) 764, (2k-3k) 13, (3k-5k) 4, (5k-65534) 5, (65k) 256 
CBF freq dist: (1) 292, (1-100) 2251, (100-1000) 192, (1k-2k) 0, (2k-3k) 0, (3k-5k) 106, (5k-65534) 0, (65k) 0 
collected one batch of samples. pages to migrate = 281 
start promoting 129 pages
move page ret -1 
move page error: 12
got ENOMEM. trying against with 25 pages 
second promote attempt return -1
pages migrated: 515, lfu # items: 12753, lfu sample size: 30400000, samples: 30400000, node 0 mem 75632
CBF freq dist: (1) 887, (1-100) 4230, (100-1000) 7480, (1k-2k) 765, (2k-3k) 13, (3k-5k) 4, (5k-65534) 5, (65k) 256 
CBF freq dist: (1) 289, (1-100) 2298, (100-1000) 211, (1k-2k) 0, (2k-3k) 0, (3k-5k) 28, (5k-65534) 78, (65k) 0 
collected one batch of samples. pages to migrate = 285 
start promoting 134 pages
move page ret -1 
move page error: 12
got ENOMEM. trying against with 26 pages 
second promote attempt return -1
pages migrated: 515, lfu # items: 12754, lfu sample size: 30500000, samples: 30500000, node 0 mem 75632
CBF freq dist: (1) 887, (1-100) 4225, (100-1000) 7480, (1k-2k) 771, (2k-3k) 13, (3k-5k) 4, (5k-65534) 5, (65k) 256 
CBF freq dist: (1) 279, (1-100) 2342, (100-1000) 226, (1k-2k) 0, (2k-3k) 0, (3k-5k) 0, (5k-65534) 106, (65k) 0 
collected one batch of samples. pages to migrate = 301 
start promoting 148 pages
move page ret -1 
move page error: 12
got ENOMEM. trying against with 29 pages 
second promote attempt return -1
pages migrated: 515, lfu # items: 12755, lfu sample size: 30600000, samples: 30600000, node 0 mem 75632
CBF freq dist: (1) 887, (1-100) 4221, (100-1000) 7483, (1k-2k) 773, (2k-3k) 13, (3k-5k) 4, (5k-65534) 5, (65k) 256 
CBF freq dist: (1) 266, (1-100) 2351, (100-1000) 258, (1k-2k) 0, (2k-3k) 0, (3k-5k) 0, (5k-65534) 106, (65k) 0 
collected one batch of samples. pages to migrate = 299 
start promoting 145 pages
move page ret -1 
move page error: 12
got ENOMEM. trying against with 29 pages 
second promote attempt return -1
pages migrated: 515, lfu # items: 12757, lfu sample size: 30700000, samples: 30700000, node 0 mem 75632
CBF freq dist: (1) 887, (1-100) 4221, (100-1000) 7483, (1k-2k) 775, (2k-3k) 13, (3k-5k) 4, (5k-65534) 5, (65k) 256 
CBF freq dist: (1) 260, (1-100) 2382, (100-1000) 279, (1k-2k) 2, (2k-3k) 0, (3k-5k) 0, (5k-65534) 106, (65k) 0 
collected one batch of samples. pages to migrate = 294 
start promoting 138 pages
move page ret -1 
move page error: 12
got ENOMEM. trying against with 27 pages 
second promote attempt return -1
pages migrated: 515, lfu # items: 12758, lfu sample size: 30800000, samples: 30800000, node 0 mem 75632
CBF freq dist: (1) 887, (1-100) 4217, (100-1000) 7485, (1k-2k) 778, (2k-3k) 13, (3k-5k) 4, (5k-65534) 5, (65k) 256 
CBF freq dist: (1) 252, (1-100) 2401, (100-1000) 192, (1k-2k) 117, (2k-3k) 0, (3k-5k) 0, (5k-65534) 106, (65k) 0 
[DEBUG] Halving CBF counters.
collected one batch of samples. pages to migrate = 292 
start promoting 139 pages
move page ret -1 
move page error: 12
got ENOMEM. trying against with 27 pages 
second promote attempt return -1
pages migrated: 515, lfu # items: 12758, lfu sample size: 30900000, samples: 30900000, node 0 mem 75632
CBF freq dist: (1) 887, (1-100) 4214, (100-1000) 7483, (1k-2k) 783, (2k-3k) 13, (3k-5k) 4, (5k-65534) 5, (65k) 256 
CBF freq dist: (1) 391, (1-100) 2288, (100-1000) 225, (1k-2k) 0, (2k-3k) 0, (3k-5k) 86, (5k-65534) 20, (65k) 0 
collected one batch of samples. pages to migrate = 298 
start promoting 145 pages
move page ret -1 
move page error: 12
got ENOMEM. trying against with 29 pages 
second promote attempt return -1
pages migrated: 515, lfu # items: 12759, lfu sample size: 31000000, samples: 31000000, node 0 mem 75632
CBF freq dist: (1) 887, (1-100) 4212, (100-1000) 7481, (1k-2k) 788, (2k-3k) 13, (3k-5k) 4, (5k-65534) 5, (65k) 256 
CBF freq dist: (1) 383, (1-100) 2310, (100-1000) 258, (1k-2k) 0, (2k-3k) 0, (3k-5k) 0, (5k-65534) 106, (65k) 0 
collected one batch of samples. pages to migrate = 288 
start promoting 133 pages
move page ret -1 
move page error: 12
got ENOMEM. trying against with 26 pages 
second promote attempt return -1
pages migrated: 515, lfu # items: 12761, lfu sample size: 31100000, samples: 31100000, node 0 mem 75632
CBF freq dist: (1) 880, (1-100) 4214, (100-1000) 7479, (1k-2k) 790, (2k-3k) 13, (3k-5k) 4, (5k-65534) 5, (65k) 256 
CBF freq dist: (1) 399, (1-100) 2374, (100-1000) 274, (1k-2k) 3, (2k-3k) 0, (3k-5k) 0, (5k-65534) 106, (65k) 0 
collected one batch of samples. pages to migrate = 283 
start promoting 129 pages
move page ret -1 
move page error: 12
got ENOMEM. trying against with 25 pages 
second promote attempt return -1
pages migrated: 515, lfu # items: 12762, lfu sample size: 31200000, samples: 31200000, node 0 mem 75632
CBF freq dist: (1) 880, (1-100) 4213, (100-1000) 7478, (1k-2k) 793, (2k-3k) 13, (3k-5k) 4, (5k-65534) 5, (65k) 256 
CBF freq dist: (1) 388, (1-100) 2405, (100-1000) 175, (1k-2k) 124, (2k-3k) 0, (3k-5k) 0, (5k-65534) 106, (65k) 0 
collected one batch of samples. pages to migrate = 285 
start promoting 130 pages
move page ret -1 
move page error: 12
got ENOMEM. trying against with 26 pages 
second promote attempt return -1
pages migrated: 515, lfu # items: 12763, lfu sample size: 31300000, samples: 31300000, node 0 mem 75632
CBF freq dist: (1) 880, (1-100) 4210, (100-1000) 7481, (1k-2k) 794, (2k-3k) 13, (3k-5k) 4, (5k-65534) 5, (65k) 256 
CBF freq dist: (1) 379, (1-100) 2421, (100-1000) 178, (1k-2k) 149, (2k-3k) 0, (3k-5k) 0, (5k-65534) 106, (65k) 0 
[DEBUG] Halving CBF counters.
collected one batch of samples. pages to migrate = 299 
start promoting 146 pages
move page ret -1 
move page error: 12
got ENOMEM. trying against with 29 pages 
second promote attempt return -1
pages migrated: 515, lfu # items: 12763, lfu sample size: 31400000, samples: 31400000, node 0 mem 75632
CBF freq dist: (1) 880, (1-100) 4209, (100-1000) 7477, (1k-2k) 799, (2k-3k) 13, (3k-5k) 4, (5k-65534) 5, (65k) 256 
CBF freq dist: (1) 377, (1-100) 2229, (100-1000) 199, (1k-2k) 0, (2k-3k) 0, (3k-5k) 106, (5k-65534) 0, (65k) 0 
collected one batch of samples. pages to migrate = 305 
start promoting 154 pages
move page ret -1 
move page error: 12
got ENOMEM. trying against with 30 pages 
second promote attempt return -1
pages migrated: 515, lfu # items: 12763, lfu sample size: 31500000, samples: 31500000, node 0 mem 75632
CBF freq dist: (1) 880, (1-100) 4207, (100-1000) 7469, (1k-2k) 809, (2k-3k) 13, (3k-5k) 4, (5k-65534) 5, (65k) 256 
CBF freq dist: (1) 366, (1-100) 2254, (100-1000) 229, (1k-2k) 0, (2k-3k) 0, (3k-5k) 40, (5k-65534) 66, (65k) 0 
collected one batch of samples. pages to migrate = 298 
start promoting 148 pages
move page ret -1 
move page error: 12
got ENOMEM. trying against with 29 pages 
second promote attempt return -1
pages migrated: 515, lfu # items: 12764, lfu sample size: 31600000, samples: 31600000, node 0 mem 75632
CBF freq dist: (1) 880, (1-100) 4206, (100-1000) 7469, (1k-2k) 811, (2k-3k) 13, (3k-5k) 4, (5k-65534) 5, (65k) 256 
CBF freq dist: (1) 357, (1-100) 2275, (100-1000) 261, (1k-2k) 0, (2k-3k) 0, (3k-5k) 0, (5k-65534) 106, (65k) 0 
num_perf_record_lost count 1900
collected one batch of samples. pages to migrate = 293 
start promoting 141 pages
move page ret -1 
move page error: 12
got ENOMEM. trying against with 28 pages 
second promote attempt return -1
pages migrated: 515, lfu # items: 12766, lfu sample size: 31700000, samples: 31700000, node 0 mem 75632
CBF freq dist: (1) 880, (1-100) 4200, (100-1000) 7476, (1k-2k) 812, (2k-3k) 13, (3k-5k) 4, (5k-65534) 5, (65k) 256 
CBF freq dist: (1) 351, (1-100) 2297, (100-1000) 292, (1k-2k) 0, (2k-3k) 0, (3k-5k) 0, (5k-65534) 106, (65k) 0 
collected one batch of samples. pages to migrate = 291 
start promoting 136 pages
move page ret -1 
move page error: 12
got ENOMEM. trying against with 27 pages 
second promote attempt return -1
pages migrated: 515, lfu # items: 12766, lfu sample size: 31800000, samples: 31800000, node 0 mem 76064
CBF freq dist: (1) 880, (1-100) 4199, (100-1000) 7474, (1k-2k) 815, (2k-3k) 13, (3k-5k) 4, (5k-65534) 5, (65k) 256 
CBF freq dist: (1) 341, (1-100) 2319, (100-1000) 286, (1k-2k) 33, (2k-3k) 0, (3k-5k) 0, (5k-65534) 106, (65k) 0 
collected one batch of samples. pages to migrate = 293 
start promoting 140 pages
move page ret -1 
move page error: 12
got ENOMEM. trying against with 28 pages 
second promote attempt return -1
pages migrated: 515, lfu # items: 12767, lfu sample size: 31900000, samples: 31900000, node 0 mem 76064
CBF freq dist: (1) 880, (1-100) 4197, (100-1000) 7474, (1k-2k) 818, (2k-3k) 13, (3k-5k) 4, (5k-65534) 5, (65k) 256 
CBF freq dist: (1) 327, (1-100) 2329, (100-1000) 228, (1k-2k) 121, (2k-3k) 0, (3k-5k) 0, (5k-65534) 106, (65k) 0 
[DEBUG] Halving CBF counters.
collected one batch of samples. pages to migrate = 305 
start promoting 153 pages
move page ret -1 
move page error: 12
got ENOMEM. trying against with 30 pages 
second promote attempt return -1
pages migrated: 515, lfu # items: 12767, lfu sample size: 32000000, samples: 32000000, node 0 mem 76064
CBF freq dist: (1) 880, (1-100) 4196, (100-1000) 7471, (1k-2k) 822, (2k-3k) 13, (3k-5k) 4, (5k-65534) 5, (65k) 256 
CBF freq dist: (1) 457, (1-100) 2177, (100-1000) 224, (1k-2k) 0, (2k-3k) 0, (3k-5k) 96, (5k-65534) 10, (65k) 0 
collected one batch of samples. pages to migrate = 300 
start promoting 146 pages
move page ret -1 
move page error: 12
got ENOMEM. trying against with 29 pages 
second promote attempt return -1
pages migrated: 515, lfu # items: 12768, lfu sample size: 32100000, samples: 32100000, node 0 mem 76064
CBF freq dist: (1) 876, (1-100) 4194, (100-1000) 7470, (1k-2k) 826, (2k-3k) 13, (3k-5k) 4, (5k-65534) 5, (65k) 256 
CBF freq dist: (1) 468, (1-100) 2227, (100-1000) 253, (1k-2k) 0, (2k-3k) 0, (3k-5k) 2, (5k-65534) 104, (65k) 0 
collected one batch of samples. pages to migrate = 306 
start promoting 154 pages
move page ret -1 
move page error: 12
got ENOMEM. trying against with 30 pages 
second promote attempt return -1
pages migrated: 515, lfu # items: 12768, lfu sample size: 32200000, samples: 32200000, node 0 mem 76064
CBF freq dist: (1) 876, (1-100) 4193, (100-1000) 7465, (1k-2k) 832, (2k-3k) 13, (3k-5k) 4, (5k-65534) 5, (65k) 256 
CBF freq dist: (1) 448, (1-100) 2243, (100-1000) 289, (1k-2k) 0, (2k-3k) 0, (3k-5k) 0, (5k-65534) 106, (65k) 0 
collected one batch of samples. pages to migrate = 305 
start promoting 154 pages
move page ret -1 
move page error: 12
got ENOMEM. trying against with 30 pages 
second promote attempt return -1
pages migrated: 515, lfu # items: 12768, lfu sample size: 32300000, samples: 32300000, node 0 mem 76064
CBF freq dist: (1) 876, (1-100) 4187, (100-1000) 7466, (1k-2k) 837, (2k-3k) 13, (3k-5k) 4, (5k-65534) 5, (65k) 256 
CBF freq dist: (1) 428, (1-100) 2257, (100-1000) 306, (1k-2k) 19, (2k-3k) 0, (3k-5k) 0, (5k-65534) 106, (65k) 0 
collected one batch of samples. pages to migrate = 298 
start promoting 146 pages
move page ret -1 
move page error: 12
got ENOMEM. trying against with 29 pages 
second promote attempt return -1
pages migrated: 515, lfu # items: 12769, lfu sample size: 32400000, samples: 32400000, node 0 mem 76064
CBF freq dist: (1) 875, (1-100) 4182, (100-1000) 7470, (1k-2k) 839, (2k-3k) 13, (3k-5k) 4, (5k-65534) 5, (65k) 256 
CBF freq dist: (1) 420, (1-100) 2282, (100-1000) 207, (1k-2k) 143, (2k-3k) 0, (3k-5k) 0, (5k-65534) 106, (65k) 0 
[DEBUG] Halving CBF counters.
collected one batch of samples. pages to migrate = 297 
start promoting 146 pages
move page ret -1 
move page error: 12
got ENOMEM. trying against with 29 pages 
second promote attempt return -1
pages migrated: 515, lfu # items: 12769, lfu sample size: 32500000, samples: 32500000, node 0 mem 76064
CBF freq dist: (1) 875, (1-100) 4178, (100-1000) 7470, (1k-2k) 843, (2k-3k) 13, (3k-5k) 4, (5k-65534) 5, (65k) 256 
CBF freq dist: (1) 396, (1-100) 2072, (100-1000) 207, (1k-2k) 0, (2k-3k) 0, (3k-5k) 106, (5k-65534) 0, (65k) 0 
collected one batch of samples. pages to migrate = 294 
start promoting 141 pages
move page ret -1 
move page error: 12
got ENOMEM. trying against with 28 pages 
second promote attempt return -1
pages migrated: 515, lfu # items: 12769, lfu sample size: 32600000, samples: 32600000, node 0 mem 76064
CBF freq dist: (1) 875, (1-100) 4176, (100-1000) 7467, (1k-2k) 848, (2k-3k) 13, (3k-5k) 4, (5k-65534) 5, (65k) 256 
CBF freq dist: (1) 387, (1-100) 2102, (100-1000) 234, (1k-2k) 0, (2k-3k) 0, (3k-5k) 49, (5k-65534) 57, (65k) 0 
collected one batch of samples. pages to migrate = 316 
start promoting 161 pages
move page ret -1 
move page error: 12
got ENOMEM. trying against with 32 pages 
second promote attempt return -1
pages migrated: 515, lfu # items: 12770, lfu sample size: 32700000, samples: 32700000, node 0 mem 76064
CBF freq dist: (1) 876, (1-100) 4176, (100-1000) 7466, (1k-2k) 850, (2k-3k) 13, (3k-5k) 4, (5k-65534) 5, (65k) 256 
CBF freq dist: (1) 389, (1-100) 2141, (100-1000) 263, (1k-2k) 0, (2k-3k) 0, (3k-5k) 1, (5k-65534) 105, (65k) 0 
collected one batch of samples. pages to migrate = 302 
start promoting 151 pages
move page ret -1 
move page error: 12
got ENOMEM. trying against with 30 pages 
second promote attempt return -1
pages migrated: 515, lfu # items: 12771, lfu sample size: 32800000, samples: 32800000, node 0 mem 69412
CBF freq dist: (1) 876, (1-100) 4177, (100-1000) 7461, (1k-2k) 855, (2k-3k) 13, (3k-5k) 4, (5k-65534) 5, (65k) 256 
CBF freq dist: (1) 377, (1-100) 2154, (100-1000) 290, (1k-2k) 7, (2k-3k) 0, (3k-5k) 0, (5k-65534) 106, (65k) 0 
num_perf_record_lost count 2000
collected one batch of samples. pages to migrate = 303 
start promoting 147 pages
move page ret -1 
move page error: 12
got ENOMEM. trying against with 29 pages 
second promote attempt return -1
pages migrated: 515, lfu # items: 12774, lfu sample size: 32900000, samples: 32900000, node 0 mem 69412
CBF freq dist: (1) 877, (1-100) 4178, (100-1000) 7460, (1k-2k) 858, (2k-3k) 13, (3k-5k) 4, (5k-65534) 5, (65k) 256 
CBF freq dist: (1) 367, (1-100) 2182, (100-1000) 177, (1k-2k) 147, (2k-3k) 0, (3k-5k) 0, (5k-65534) 106, (65k) 0 
collected one batch of samples. pages to migrate = 312 
start promoting 157 pages
move page ret -1 
move page error: 12
got ENOMEM. trying against with 31 pages 
second promote attempt return -1
pages migrated: 515, lfu # items: 12777, lfu sample size: 33000000, samples: 33000000, node 0 mem 69412
CBF freq dist: (1) 878, (1-100) 4180, (100-1000) 7454, (1k-2k) 865, (2k-3k) 13, (3k-5k) 4, (5k-65534) 5, (65k) 256 
CBF freq dist: (1) 364, (1-100) 2209, (100-1000) 206, (1k-2k) 148, (2k-3k) 0, (3k-5k) 0, (5k-65534) 106, (65k) 0 
[DEBUG] Halving CBF counters.
collected one batch of samples. pages to migrate = 307 
start promoting 156 pages
move page ret -1 
move page error: 12
got ENOMEM. trying against with 31 pages 
second promote attempt return -1
pages migrated: 515, lfu # items: 12778, lfu sample size: 33100000, samples: 33100000, node 0 mem 69412
CBF freq dist: (1) 878, (1-100) 4177, (100-1000) 7447, (1k-2k) 876, (2k-3k) 13, (3k-5k) 4, (5k-65534) 5, (65k) 256 
CBF freq dist: (1) 305, (1-100) 2037, (100-1000) 229, (1k-2k) 0, (2k-3k) 0, (3k-5k) 101, (5k-65534) 5, (65k) 0 
collected one batch of samples. pages to migrate = 300 
start promoting 149 pages
move page ret -1 
move page error: 12
got ENOMEM. trying against with 29 pages 
second promote attempt return -1
pages migrated: 515, lfu # items: 12778, lfu sample size: 33200000, samples: 33200000, node 0 mem 69412
CBF freq dist: (1) 878, (1-100) 4172, (100-1000) 7445, (1k-2k) 883, (2k-3k) 13, (3k-5k) 4, (5k-65534) 5, (65k) 256 
CBF freq dist: (1) 300, (1-100) 2077, (100-1000) 262, (1k-2k) 0, (2k-3k) 0, (3k-5k) 2, (5k-65534) 104, (65k) 0 
collected one batch of samples. pages to migrate = 296 
start promoting 145 pages
move page ret -1 
move page error: 12
got ENOMEM. trying against with 29 pages 
second promote attempt return -1
pages migrated: 515, lfu # items: 12778, lfu sample size: 33300000, samples: 33300000, node 0 mem 69412
CBF freq dist: (1) 878, (1-100) 4168, (100-1000) 7446, (1k-2k) 886, (2k-3k) 13, (3k-5k) 4, (5k-65534) 5, (65k) 256 
CBF freq dist: (1) 285, (1-100) 2091, (100-1000) 296, (1k-2k) 0, (2k-3k) 0, (3k-5k) 0, (5k-65534) 106, (65k) 0 
collected one batch of samples. pages to migrate = 310 
start promoting 159 pages
move page ret -1 
move page error: 12
got ENOMEM. trying against with 31 pages 
second promote attempt return -1
pages migrated: 515, lfu # items: 12779, lfu sample size: 33400000, samples: 33400000, node 0 mem 69412
CBF freq dist: (1) 878, (1-100) 4160, (100-1000) 7445, (1k-2k) 896, (2k-3k) 13, (3k-5k) 4, (5k-65534) 5, (65k) 256 
CBF freq dist: (1) 281, (1-100) 2109, (100-1000) 290, (1k-2k) 38, (2k-3k) 0, (3k-5k) 0, (5k-65534) 106, (65k) 0 
collected one batch of samples. pages to migrate = 309 
start promoting 154 pages
move page ret -1 
move page error: 12
got ENOMEM. trying against with 30 pages 
second promote attempt return -1
pages migrated: 515, lfu # items: 12779, lfu sample size: 33500000, samples: 33500000, node 0 mem 69412
CBF freq dist: (1) 878, (1-100) 4155, (100-1000) 7446, (1k-2k) 900, (2k-3k) 13, (3k-5k) 4, (5k-65534) 5, (65k) 256 
CBF freq dist: (1) 271, (1-100) 2143, (100-1000) 211, (1k-2k) 144, (2k-3k) 0, (3k-5k) 0, (5k-65534) 106, (65k) 0 
[DEBUG] Halving CBF counters.
collected one batch of samples. pages to migrate = 287 
start promoting 136 pages
move page ret -1 
move page error: 12
got ENOMEM. trying against with 27 pages 
second promote attempt return -1
pages migrated: 515, lfu # items: 12780, lfu sample size: 33600000, samples: 33600000, node 0 mem 69412
CBF freq dist: (1) 877, (1-100) 4153, (100-1000) 7445, (1k-2k) 904, (2k-3k) 13, (3k-5k) 4, (5k-65534) 5, (65k) 256 
CBF freq dist: (1) 295, (1-100) 2094, (100-1000) 199, (1k-2k) 0, (2k-3k) 0, (3k-5k) 106, (5k-65534) 0, (65k) 0 
collected one batch of samples. pages to migrate = 288 
start promoting 136 pages
move page ret -1 
move page error: 12
got ENOMEM. trying against with 27 pages 
second promote attempt return -1
pages migrated: 515, lfu # items: 12780, lfu sample size: 33700000, samples: 33700000, node 0 mem 69412
CBF freq dist: (1) 877, (1-100) 4148, (100-1000) 7449, (1k-2k) 905, (2k-3k) 13, (3k-5k) 4, (5k-65534) 5, (65k) 256 
CBF freq dist: (1) 285, (1-100) 2124, (100-1000) 231, (1k-2k) 0, (2k-3k) 0, (3k-5k) 41, (5k-65534) 65, (65k) 0 
collected one batch of samples. pages to migrate = 295 
start promoting 143 pages
move page ret -1 
move page error: 12
got ENOMEM. trying against with 28 pages 
second promote attempt return -1
pages migrated: 515, lfu # items: 12781, lfu sample size: 33800000, samples: 33800000, node 0 mem 69412
CBF freq dist: (1) 876, (1-100) 4139, (100-1000) 7458, (1k-2k) 906, (2k-3k) 13, (3k-5k) 4, (5k-65534) 5, (65k) 256 
CBF freq dist: (1) 276, (1-100) 2158, (100-1000) 259, (1k-2k) 1, (2k-3k) 0, (3k-5k) 0, (5k-65534) 106, (65k) 0 
collected one batch of samples. pages to migrate = 305 
start promoting 154 pages
move page ret -1 
move page error: 12
got ENOMEM. trying against with 30 pages 
second promote attempt return -1
pages migrated: 515, lfu # items: 12781, lfu sample size: 33900000, samples: 33900000, node 0 mem 69412
CBF freq dist: (1) 875, (1-100) 4138, (100-1000) 7456, (1k-2k) 908, (2k-3k) 14, (3k-5k) 4, (5k-65534) 5, (65k) 256 
CBF freq dist: (1) 270, (1-100) 2177, (100-1000) 293, (1k-2k) 2, (2k-3k) 0, (3k-5k) 0, (5k-65534) 106, (65k) 0 
collected one batch of samples. pages to migrate = 305 
start promoting 154 pages
move page ret -1 
move page error: 12
got ENOMEM. trying against with 30 pages 
second promote attempt return -1
pages migrated: 515, lfu # items: 12781, lfu sample size: 34000000, samples: 34000000, node 0 mem 69412
CBF freq dist: (1) 875, (1-100) 4138, (100-1000) 7450, (1k-2k) 914, (2k-3k) 14, (3k-5k) 4, (5k-65534) 5, (65k) 256 
CBF freq dist: (1) 256, (1-100) 2201, (100-1000) 297, (1k-2k) 31, (2k-3k) 0, (3k-5k) 0, (5k-65534) 106, (65k) 0 
num_perf_record_lost count 2100
collected one batch of samples. pages to migrate = 303 
start promoting 152 pages
move page ret -1 
move page error: 12
got ENOMEM. trying against with 30 pages 
second promote attempt return -1
pages migrated: 515, lfu # items: 12781, lfu sample size: 34100000, samples: 34100000, node 0 mem 69412
CBF freq dist: (1) 875, (1-100) 4134, (100-1000) 7452, (1k-2k) 915, (2k-3k) 15, (3k-5k) 4, (5k-65534) 5, (65k) 256 
CBF freq dist: (1) 250, (1-100) 2221, (100-1000) 220, (1k-2k) 140, (2k-3k) 0, (3k-5k) 0, (5k-65534) 106, (65k) 0 
[DEBUG] Halving CBF counters.
collected one batch of samples. pages to migrate = 317 
start promoting 164 pages
move page ret -1 
move page error: 12
got ENOMEM. trying against with 32 pages 
second promote attempt return -1
pages migrated: 515, lfu # items: 12781, lfu sample size: 34200000, samples: 34200000, node 0 mem 69412
CBF freq dist: (1) 875, (1-100) 4130, (100-1000) 7454, (1k-2k) 917, (2k-3k) 15, (3k-5k) 4, (5k-65534) 5, (65k) 256 
CBF freq dist: (1) 269, (1-100) 2158, (100-1000) 230, (1k-2k) 0, (2k-3k) 0, (3k-5k) 95, (5k-65534) 11, (65k) 0 
collected one batch of samples. pages to migrate = 287 
start promoting 137 pages
move page ret -1 
move page error: 12
got ENOMEM. trying against with 27 pages 
second promote attempt return -1
pages migrated: 515, lfu # items: 12781, lfu sample size: 34300000, samples: 34300000, node 0 mem 69412
CBF freq dist: (1) 875, (1-100) 4124, (100-1000) 7460, (1k-2k) 917, (2k-3k) 15, (3k-5k) 4, (5k-65534) 5, (65k) 256 
CBF freq dist: (1) 263, (1-100) 2184, (100-1000) 262, (1k-2k) 0, (2k-3k) 0, (3k-5k) 2, (5k-65534) 104, (65k) 0 
collected one batch of samples. pages to migrate = 306 
start promoting 156 pages
move page ret -1 
move page error: 12
got ENOMEM. trying against with 31 pages 
second promote attempt return -1
pages migrated: 515, lfu # items: 12783, lfu sample size: 34400000, samples: 34400000, node 0 mem 69412
CBF freq dist: (1) 875, (1-100) 4122, (100-1000) 7459, (1k-2k) 922, (2k-3k) 15, (3k-5k) 4, (5k-65534) 5, (65k) 256 
CBF freq dist: (1) 254, (1-100) 2214, (100-1000) 288, (1k-2k) 0, (2k-3k) 0, (3k-5k) 0, (5k-65534) 106, (65k) 0 
collected one batch of samples. pages to migrate = 297 
start promoting 147 pages
move page ret -1 
move page error: 12
got ENOMEM. trying against with 29 pages 
second promote attempt return -1
pages migrated: 515, lfu # items: 12784, lfu sample size: 34500000, samples: 34500000, node 0 mem 69412
CBF freq dist: (1) 875, (1-100) 4118, (100-1000) 7460, (1k-2k) 926, (2k-3k) 15, (3k-5k) 4, (5k-65534) 5, (65k) 256 
CBF freq dist: (1) 247, (1-100) 2237, (100-1000) 319, (1k-2k) 3, (2k-3k) 0, (3k-5k) 0, (5k-65534) 106, (65k) 0 
collected one batch of samples. pages to migrate = 287 
start promoting 134 pages
move page ret -1 
move page error: 12
got ENOMEM. trying against with 26 pages 
second promote attempt return -1
pages migrated: 515, lfu # items: 12786, lfu sample size: 34600000, samples: 34600000, node 0 mem 69412
CBF freq dist: (1) 875, (1-100) 4116, (100-1000) 7463, (1k-2k) 927, (2k-3k) 15, (3k-5k) 4, (5k-65534) 5, (65k) 256 
CBF freq dist: (1) 246, (1-100) 2269, (100-1000) 283, (1k-2k) 69, (2k-3k) 0, (3k-5k) 0, (5k-65534) 106, (65k) 0 
[DEBUG] Halving CBF counters.
collected one batch of samples. pages to migrate = 300 
start promoting 146 pages
move page ret -1 
move page error: 12
got ENOMEM. trying against with 29 pages 
second promote attempt return -1
pages migrated: 515, lfu # items: 12786, lfu sample size: 34700000, samples: 34700000, node 0 mem 69412
CBF freq dist: (1) 875, (1-100) 4116, (100-1000) 7461, (1k-2k) 929, (2k-3k) 15, (3k-5k) 4, (5k-65534) 5, (65k) 256 
CBF freq dist: (1) 307, (1-100) 2218, (100-1000) 213, (1k-2k) 1, (2k-3k) 0, (3k-5k) 105, (5k-65534) 0, (65k) 0 
collected one batch of samples. pages to migrate = 290 
start promoting 135 pages
move page ret -1 
move page error: 12
got ENOMEM. trying against with 27 pages 
second promote attempt return -1
pages migrated: 515, lfu # items: 12788, lfu sample size: 34800000, samples: 34800000, node 0 mem 69412
CBF freq dist: (1) 871, (1-100) 4112, (100-1000) 7465, (1k-2k) 931, (2k-3k) 15, (3k-5k) 4, (5k-65534) 5, (65k) 256 
CBF freq dist: (1) 301, (1-100) 2259, (100-1000) 243, (1k-2k) 1, (2k-3k) 0, (3k-5k) 34, (5k-65534) 71, (65k) 0 
collected one batch of samples. pages to migrate = 309 
start promoting 134 pages
move page ret -1 
move page error: 12
got ENOMEM. trying against with 26 pages 
second promote attempt return -1
pages migrated: 515, lfu # items: 12788, lfu sample size: 34900000, samples: 34900000, node 0 mem 69412
CBF freq dist: (1) 871, (1-100) 4107, (100-1000) 7468, (1k-2k) 933, (2k-3k) 15, (3k-5k) 4, (5k-65534) 5, (65k) 256 
CBF freq dist: (1) 295, (1-100) 2291, (100-1000) 272, (1k-2k) 1, (2k-3k) 0, (3k-5k) -1, (5k-65534) 106, (65k) 0 
[DEBUG] Number of hot pages promoted in 50 batches = 0 
[INFO] Reached promotion plateau. cur hot page size 5953814528, fast mem 80% 3435973836
[INFO] Go to monitor mode from promotion plateau.
[INFO] Starting low overhead perf stat monitoring.
closing perf counters
munmap done 0
close fd done 0
munmap done 1
close fd done 1
munmap done 0
close fd done 0
munmap done 1
close fd done 1
munmap done 0
close fd done 0
munmap done 1
close fd done 1
munmap done 0
close fd done 0
munmap done 1
close fd done 1
munmap done 0
close fd done 0
munmap done 1
close fd done 1
munmap done 0
close fd done 0
munmap done 1
close fd done 1
munmap done 0
close fd done 0
munmap done 1
close fd done 1
munmap done 0
close fd done 0
munmap done 1
close fd done 1
munmap done 0
close fd done 0
munmap done 1
close fd done 1
munmap done 0
close fd done 0
munmap done 1
close fd done 1
munmap done 0
close fd done 0
munmap done 1
close fd done 1
munmap done 0
close fd done 0
munmap done 1
close fd done 1
munmap done 0
close fd done 0
munmap done 1
close fd done 1
munmap done 0
close fd done 0
munmap done 1
close fd done 1
munmap done 0
close fd done 0
munmap done 1
close fd done 1
munmap done 0
close fd done 0
munmap done 1
close fd done 1
[INFO] Sleep for 120s for fast memory hit ratio to stablize.
Trial Time:          37.12769
Trial Time:          47.80584
Trial Time:          50.93442
return freq 0 
[INFO] node 0 free memory in kB : 369784
return freq 0 
[INFO] node 0 free memory in kB : 369824
return freq 0 
[INFO] node 0 free memory in kB : 369824
return freq 0 
[INFO] node 0 free memory in kB : 369836
return freq 0 
Trial Time:          51.23305
[INFO] node 0 free memory in kB : 390316
return freq 0 
[INFO] node 0 free memory in kB : 390300
return freq 0 
[INFO] node 0 free memory in kB : 390300
return freq 0 
[INFO] node 0 free memory in kB : 390300
return freq 0 
Trial Time:          52.74459
[INFO] node 0 free memory in kB : 414880
return freq 0 
[INFO] node 0 free memory in kB : 414880
return freq 0 
[INFO] node 0 free memory in kB : 414880
return freq 0 
[INFO] node 0 free memory in kB : 414876
return freq 0 
[INFO] node 0 free memory in kB : 414928
return freq 0 
Trial Time:          53.54548
[INFO] node 0 free memory in kB : 445648
return freq 0 
[INFO] node 0 free memory in kB : 445668
return freq 0 
[INFO] node 0 free memory in kB : 445672
return freq 0 
[INFO] node 0 free memory in kB : 445676
return freq 0 
Trial Time:          53.52695
[INFO] node 0 free memory in kB : 466164
return freq 0 
[INFO] node 0 free memory in kB : 466164
return freq 0 
[INFO] node 0 free memory in kB : 466168
return freq 0 
[INFO] node 0 free memory in kB : 466176
return freq 0 
Trial Time:          53.50312
Average Time:        45.96983
