!!!!!!!!!!!!!!!!!!!!Overridden __libc_start_main called!
executable name bc
Target executable name is bc
found process bc
Hybridtier. huge page
[DEBUG] fast memory size = 4294967296
[DEBUG] number of pages in fast memory = 2048
[DEBUG] perf_pages = 2048
 perf_pages 33, sample_batch_size 100000 
pid: 195298
==== debug info
[INFO] Calculating CBF size = 10459
Actual LFU table size 16384 
block mask 7ff 
Blocked CBF + sample batch. 
vector start 0x774a10000900, 
[INFO] Creating CBF with capacity = 16384 (each 8B), sample size (W) = 131072000
Actual LFU table size 2048 
block mask ff 
Blocked CBF + sample batch. 
vector start 0x774a10020940, 
[INFO] Creating CBF with capacity = 2048 (each 8B), sample size (W) = 1100000
Starting hot threshold = 1000
Momentum threshold = 200
Stable fast mem hit ratio slope threshold = -0.02
False positive rate = 0.001
perf stat period = 60s 
allocation watermark = 53687091, demotion watermark = 214748364
[INFO] Starting perf stat monitoring.
/usr/bin/perf stat -I 60000 -e mem_load_l3_miss_retired.local_dram -e mem_load_l3_miss_retired.remote_dram -x , --output perf_stat_file &
!!!!!!!!!!!!!!!!!!!!Overridden __libc_start_main called!
executable name sh
Target executable name is bc
executable not target app. just run 
[INFO] perf stat command return code: 0
start perf recording.
[INFO] Hybridtier perf sampling freq: 100000
Perf mmap size 135168, page size 4096 
[INFO] Hybridtier perf sampling freq: 100000
Perf mmap size 135168, page size 4096 
[INFO] Hybridtier perf sampling freq: 100000
Perf mmap size 135168, page size 4096 
[INFO] Hybridtier perf sampling freq: 100000
Perf mmap size 135168, page size 4096 
[INFO] Hybridtier perf sampling freq: 100000
Perf mmap size 135168, page size 4096 
[INFO] Hybridtier perf sampling freq: 100000
Perf mmap size 135168, page size 4096 
[INFO] Hybridtier perf sampling freq: 100000
Perf mmap size 135168, page size 4096 
[INFO] Hybridtier perf sampling freq: 100000
Perf mmap size 135168, page size 4096 
[INFO] Hybridtier perf sampling freq: 100000
Perf mmap size 135168, page size 4096 
[INFO] Hybridtier perf sampling freq: 100000
Perf mmap size 135168, page size 4096 
[INFO] Hybridtier perf sampling freq: 100000
Perf mmap size 135168, page size 4096 
[INFO] Hybridtier perf sampling freq: 100000
Perf mmap size 135168, page size 4096 
[INFO] Hybridtier perf sampling freq: 100000
Perf mmap size 135168, page size 4096 
[INFO] Hybridtier perf sampling freq: 100000
Perf mmap size 135168, page size 4096 
[INFO] Hybridtier perf sampling freq: 100000
Perf mmap size 135168, page size 4096 
[INFO] Hybridtier perf sampling freq: 100000
Perf mmap size 135168, page size 4096 
[INFO] Hybridtier perf sampling freq: 100000
Perf mmap size 135168, page size 4096 
[INFO] Hybridtier perf sampling freq: 100000
Perf mmap size 135168, page size 4096 
[INFO] Hybridtier perf sampling freq: 100000
Perf mmap size 135168, page size 4096 
[INFO] Hybridtier perf sampling freq: 100000
Perf mmap size 135168, page size 4096 
[INFO] Hybridtier perf sampling freq: 100000
Perf mmap size 135168, page size 4096 
[INFO] Hybridtier perf sampling freq: 100000
Perf mmap size 135168, page size 4096 
[INFO] Hybridtier perf sampling freq: 100000
Perf mmap size 135168, page size 4096 
[INFO] Hybridtier perf sampling freq: 100000
Perf mmap size 135168, page size 4096 
[INFO] Hybridtier perf sampling freq: 100000
Perf mmap size 135168, page size 4096 
[INFO] Hybridtier perf sampling freq: 100000
Perf mmap size 135168, page size 4096 
[INFO] Hybridtier perf sampling freq: 100000
Perf mmap size 135168, page size 4096 
[INFO] Hybridtier perf sampling freq: 100000
Perf mmap size 135168, page size 4096 
[INFO] Hybridtier perf sampling freq: 100000
Perf mmap size 135168, page size 4096 
[INFO] Hybridtier perf sampling freq: 100000
Perf mmap size 135168, page size 4096 
[INFO] Hybridtier perf sampling freq: 100000
Perf mmap size 135168, page size 4096 
[INFO] Hybridtier perf sampling freq: 100000
!!!!!!!!!!!!!!!!!!!!Overridden __libc_start_main called!
executable name bash
Target executable name is bc
executable not target app. just run 
!!!!!!!!!!!!!!!!!!!!Overridden __libc_start_main called!
executable name dpkg
Target executable name is bc
executable not target app. just run 
dpkg: error: version '!!!!!!!!!!!!!!!!!!!!Overridden __libc_start_main called!
executable name uname
Target executable name is bc
executable not target app. just run 
6.18.1-061801' has bad syntax: version string has embedded spaces
!!!!!!!!!!!!!!!!!!!!Overridden __libc_start_main called!
executable name dpkg
Target executable name is bc
executable not target app. just run 
dpkg: error: version '!!!!!!!!!!!!!!!!!!!!Overridden __libc_start_main called!
executable name uname
Target executable name is bc
executable not target app. just run 
6.18.1-061801' has bad syntax: version string has embedded spaces
/usr/bin/lsb_release: 2: eval: executable: not found
WARNING: !!!!!!!!!!!!!!!!!!!!Overridden __libc_start_main called!
executable name basename
Target executable name is bc
executable not target app. just run 
perf not found for kernel !!!!!!!!!!!!!!!!!!!!Overridden __libc_start_main called!
executable name uname
Target executable name is bc
executable not target app. just run 
6.18.1-061801

  You may need to install the following packages for this specific kernel:
    linux-tools-!!!!!!!!!!!!!!!!!!!!Overridden __libc_start_main called!
executable name uname
Target executable name is bc
executable not target app. just run 
6.18.1-061801-generic

  You may also want to install one of the following packages to keep up to date:
    linux-tools-generic
Perf mmap size 135168, page size 4096 
Read Time:           43.35246
Graph has 61578415 nodes and 1468364884 directed edges for degree: 23
collected one batch of samples. pages to migrate = 148 
no slow pages to promote
pages migrated: 0, lfu # items: 3026, lfu sample size: 100000, samples: 100000, node 0 mem 1301604
CBF freq dist: (1) 574, (1-100) 2819, (100-1000) 205, (1k-2k) 2, (2k-3k) 0, (3k-5k) 0, (5k-65534) 0, (65k) 0 
CBF freq dist: (1) 374, (1-100) 2418, (100-1000) 206, (1k-2k) 2, (2k-3k) 0, (3k-5k) 0, (5k-65534) 0, (65k) 0 
collected one batch of samples. pages to migrate = 261 
start promoting 193 pages
pages migrated: 193, lfu # items: 3692, lfu sample size: 200000, samples: 200000, node 0 mem 641872
CBF freq dist: (1) 781, (1-100) 3194, (100-1000) 486, (1k-2k) 12, (2k-3k) 0, (3k-5k) 0, (5k-65534) 0, (65k) 0 
CBF freq dist: (1) 429, (1-100) 2512, (100-1000) 486, (1k-2k) 12, (2k-3k) 0, (3k-5k) 0, (5k-65534) 0, (65k) 0 
collected one batch of samples. pages to migrate = 426 
start promoting 92 pages
pages migrated: 285, lfu # items: 3941, lfu sample size: 300000, samples: 300000, node 0 mem 487324
CBF freq dist: (1) 905, (1-100) 3398, (100-1000) 497, (1k-2k) 44, (2k-3k) 2, (3k-5k) 0, (5k-65534) 0, (65k) 0 
CBF freq dist: (1) 463, (1-100) 2586, (100-1000) 497, (1k-2k) 45, (2k-3k) 2, (3k-5k) 0, (5k-65534) 0, (65k) 0 
collected one batch of samples. pages to migrate = 529 
start promoting 18 pages
pages migrated: 303, lfu # items: 4273, lfu sample size: 400000, samples: 400000, node 0 mem 444164
CBF freq dist: (1) 1059, (1-100) 3703, (100-1000) 464, (1k-2k) 89, (2k-3k) 15, (3k-5k) 2, (5k-65534) 0, (65k) 0 
CBF freq dist: (1) 484, (1-100) 2714, (100-1000) 459, (1k-2k) 92, (2k-3k) 15, (3k-5k) 2, (5k-65534) 0, (65k) 0 
collected one batch of samples. pages to migrate = 517 
start promoting 32 pages
pages migrated: 335, lfu # items: 4820, lfu sample size: 500000, samples: 500000, node 0 mem 381848
CBF freq dist: (1) 1217, (1-100) 4243, (100-1000) 404, (1k-2k) 133, (2k-3k) 28, (3k-5k) 12, (5k-65534) 0, (65k) 0 
CBF freq dist: (1) 449, (1-100) 2894, (100-1000) 402, (1k-2k) 134, (2k-3k) 28, (3k-5k) 12, (5k-65534) 0, (65k) 0 
collected one batch of samples. pages to migrate = 433 
start promoting 5 pages
pages migrated: 340, lfu # items: 5127, lfu sample size: 600000, samples: 600000, node 0 mem 374784
CBF freq dist: (1) 1238, (1-100) 4547, (100-1000) 363, (1k-2k) 154, (2k-3k) 44, (3k-5k) 17, (5k-65534) 2, (65k) 0 
CBF freq dist: (1) 408, (1-100) 2967, (100-1000) 358, (1k-2k) 155, (2k-3k) 46, (3k-5k) 17, (5k-65534) 2, (65k) 0 
collected one batch of samples. pages to migrate = 426 
start promoting 5 pages
pages migrated: 345, lfu # items: 5348, lfu sample size: 700000, samples: 700000, node 0 mem 367020
CBF freq dist: (1) 1261, (1-100) 4767, (100-1000) 333, (1k-2k) 137, (2k-3k) 78, (3k-5k) 23, (5k-65534) 10, (65k) 0 
CBF freq dist: (1) 381, (1-100) 3024, (100-1000) 331, (1k-2k) 137, (2k-3k) 78, (3k-5k) 24, (5k-65534) 10, (65k) 0 
collected one batch of samples. pages to migrate = 418 
start promoting 2 pages
pages migrated: 347, lfu # items: 5500, lfu sample size: 800000, samples: 800000, node 0 mem 364300
CBF freq dist: (1) 1247, (1-100) 4919, (100-1000) 312, (1k-2k) 122, (2k-3k) 92, (3k-5k) 44, (5k-65534) 11, (65k) 0 
CBF freq dist: (1) 362, (1-100) 3062, (100-1000) 311, (1k-2k) 122, (2k-3k) 91, (3k-5k) 45, (5k-65534) 11, (65k) 0 
collected one batch of samples. pages to migrate = 420 
start promoting 2 pages
pages migrated: 349, lfu # items: 5671, lfu sample size: 900000, samples: 900000, node 0 mem 359596
CBF freq dist: (1) 1169, (1-100) 5090, (100-1000) 303, (1k-2k) 102, (2k-3k) 89, (3k-5k) 72, (5k-65534) 15, (65k) 0 
CBF freq dist: (1) 327, (1-100) 3102, (100-1000) 303, (1k-2k) 101, (2k-3k) 89, (3k-5k) 73, (5k-65534) 15, (65k) 0 
collected one batch of samples. pages to migrate = 431 
start promoting 3 pages
pages migrated: 352, lfu # items: 5824, lfu sample size: 1000000, samples: 1000000, node 0 mem 354032
CBF freq dist: (1) 1046, (1-100) 5242, (100-1000) 293, (1k-2k) 69, (2k-3k) 104, (3k-5k) 97, (5k-65534) 19, (65k) 0 
CBF freq dist: (1) 297, (1-100) 3135, (100-1000) 294, (1k-2k) 68, (2k-3k) 105, (3k-5k) 97, (5k-65534) 19, (65k) 0 
[DEBUG] Halving CBF counters.
collected one batch of samples. pages to migrate = 432 
start promoting 1 pages
pages migrated: 353, lfu # items: 5940, lfu sample size: 1100000, samples: 1100000, node 0 mem 351100
CBF freq dist: (1) 932, (1-100) 5355, (100-1000) 295, (1k-2k) 50, (2k-3k) 103, (3k-5k) 111, (5k-65534) 26, (65k) 0 
CBF freq dist: (1) 266, (1-100) 2964, (100-1000) 269, (1k-2k) 162, (2k-3k) 66, (3k-5k) 15, (5k-65534) 0, (65k) 0 
collected one batch of samples. pages to migrate = 402 
start promoting 1 pages
pages migrated: 354, lfu # items: 6025, lfu sample size: 1200000, samples: 1200000, node 0 mem 347792
CBF freq dist: (1) 782, (1-100) 5430, (100-1000) 303, (1k-2k) 43, (2k-3k) 103, (3k-5k) 95, (5k-65534) 51, (65k) 0 
CBF freq dist: (1) 162, (1-100) 3012, (100-1000) 272, (1k-2k) 152, (2k-3k) 60, (3k-5k) 37, (5k-65534) 6, (65k) 0 
collected one batch of samples. pages to migrate = 401 
no slow pages to promote
pages migrated: 354, lfu # items: 6101, lfu sample size: 1300000, samples: 1300000, node 0 mem 343276
CBF freq dist: (1) 745, (1-100) 5481, (100-1000) 327, (1k-2k) 40, (2k-3k) 103, (3k-5k) 74, (5k-65534) 76, (65k) 0 
CBF freq dist: (1) 116, (1-100) 3019, (100-1000) 288, (1k-2k) 149, (2k-3k) 27, (3k-5k) 65, (5k-65534) 15, (65k) 0 
collected one batch of samples. pages to migrate = 411 
no slow pages to promote
pages migrated: 354, lfu # items: 6159, lfu sample size: 1400000, samples: 1400000, node 0 mem 340396
CBF freq dist: (1) 678, (1-100) 5504, (100-1000) 361, (1k-2k) 39, (2k-3k) 100, (3k-5k) 68, (5k-65534) 87, (65k) 0 
CBF freq dist: (1) 93, (1-100) 2994, (100-1000) 313, (1k-2k) 161, (2k-3k) 26, (3k-5k) 49, (5k-65534) 38, (65k) 0 
collected one batch of samples. pages to migrate = 424 
start promoting 7 pages
pages migrated: 361, lfu # items: 6189, lfu sample size: 1500000, samples: 1500000, node 0 mem 324988
CBF freq dist: (1) 652, (1-100) 5467, (100-1000) 428, (1k-2k) 35, (2k-3k) 100, (3k-5k) 72, (5k-65534) 87, (65k) 0 
CBF freq dist: (1) 89, (1-100) 2933, (100-1000) 385, (1k-2k) 158, (2k-3k) 28, (3k-5k) 37, (5k-65534) 52, (65k) 0 
collected one batch of samples. pages to migrate = 480 
start promoting 54 pages
pages migrated: 415, lfu # items: 6204, lfu sample size: 1600000, samples: 1600000, node 0 mem 204184
CBF freq dist: (1) 637, (1-100) 5425, (100-1000) 481, (1k-2k) 35, (2k-3k) 97, (3k-5k) 78, (5k-65534) 88, (65k) 0 
CBF freq dist: (1) 84, (1-100) 2879, (100-1000) 437, (1k-2k) 161, (2k-3k) 28, (3k-5k) 15, (5k-65534) 75, (65k) 0 
[DEBUG] Halving CBF counters.
collected one batch of samples. pages to migrate = 480 
start promoting 4 pages
pages migrated: 419, lfu # items: 6224, lfu sample size: 1700000, samples: 1700000, node 0 mem 204272
CBF freq dist: (1) 628, (1-100) 5419, (100-1000) 507, (1k-2k) 27, (2k-3k) 100, (3k-5k) 82, (5k-65534) 89, (65k) 0 
CBF freq dist: (1) 242, (1-100) 2904, (100-1000) 492, (1k-2k) 30, (2k-3k) 27, (3k-5k) 51, (5k-65534) 11, (65k) 0 
collected one batch of samples. pages to migrate = 430 
start promoting 56 pages
pages migrated: 475, lfu # items: 6238, lfu sample size: 1800000, samples: 1800000, node 0 mem 103544
CBF freq dist: (1) 622, (1-100) 5395, (100-1000) 545, (1k-2k) 23, (2k-3k) 103, (3k-5k) 82, (5k-65534) 90, (65k) 0 
CBF freq dist: (1) 238, (1-100) 2876, (100-1000) 515, (1k-2k) 39, (2k-3k) 6, (3k-5k) 53, (5k-65534) 31, (65k) 0 
collected one batch of samples. pages to migrate = 587 
start promoting 71 pages
move page ret 71 
move page error: 2
pages migrated: 475, lfu # items: 6253, lfu sample size: 1900000, samples: 1900000, node 0 mem 71720
CBF freq dist: (1) 618, (1-100) 5336, (100-1000) 618, (1k-2k) 21, (2k-3k) 104, (3k-5k) 83, (5k-65534) 91, (65k) 0 
CBF freq dist: (1) 234, (1-100) 2789, (100-1000) 591, (1k-2k) 55, (2k-3k) 2, (3k-5k) 50, (5k-65534) 39, (65k) 0 
collected one batch of samples. pages to migrate = 619 
start promoting 113 pages
move page ret -1 
move page error: 12
got ENOMEM. trying against with 22 pages 
second promote attempt return -1
pages migrated: 475, lfu # items: 6279, lfu sample size: 2000000, samples: 2000000, node 0 mem 71440
CBF freq dist: (1) 612, (1-100) 5118, (100-1000) 861, (1k-2k) 20, (2k-3k) 106, (3k-5k) 83, (5k-65534) 91, (65k) 0 
CBF freq dist: (1) 223, (1-100) 2552, (100-1000) 828, (1k-2k) 65, (2k-3k) 2, (3k-5k) 42, (5k-65534) 47, (65k) 0 
collected one batch of samples. pages to migrate = 721 
start promoting 205 pages
move page ret -1 
move page error: 12
got ENOMEM. trying against with 41 pages 
second promote attempt return -1
pages migrated: 475, lfu # items: 6303, lfu sample size: 2100000, samples: 2100000, node 0 mem 71440
CBF freq dist: (1) 612, (1-100) 4861, (100-1000) 1141, (1k-2k) 20, (2k-3k) 104, (3k-5k) 86, (5k-65534) 91, (65k) 0 
CBF freq dist: (1) 221, (1-100) 2344, (100-1000) 1039, (1k-2k) 72, (2k-3k) 1, (3k-5k) 28, (5k-65534) 62, (65k) 0 
collected one batch of samples. pages to migrate = 938 
start promoting 505 pages
move page ret -1 
move page error: 12
got ENOMEM. trying against with 101 pages 
second promote attempt return -1
pages migrated: 475, lfu # items: 6381, lfu sample size: 2200000, samples: 2200000, node 0 mem 72572
CBF freq dist: (1) 611, (1-100) 4784, (100-1000) 1262, (1k-2k) 54, (2k-3k) 104, (3k-5k) 86, (5k-65534) 91, (65k) 0 
CBF freq dist: (1) 212, (1-100) 2230, (100-1000) 1158, (1k-2k) 90, (2k-3k) 2, (3k-5k) 22, (5k-65534) 68, (65k) 0 
[DEBUG] Halving CBF counters.
collected one batch of samples. pages to migrate = 690 
start promoting 87 pages
move page ret 87 
move page error: 12
got ENOMEM. trying against with 17 pages 
second promote attempt return -1
pages migrated: 475, lfu # items: 6385, lfu sample size: 2300000, samples: 2300000, node 0 mem 71764
CBF freq dist: (1) 598, (1-100) 4664, (100-1000) 1341, (1k-2k) 92, (2k-3k) 107, (3k-5k) 89, (5k-65534) 92, (65k) 0 
CBF freq dist: (1) 492, (1-100) 2603, (100-1000) 658, (1k-2k) 13, (2k-3k) 41, (3k-5k) 48, (5k-65534) 0, (65k) 0 
collected one batch of samples. pages to migrate = 776 
start promoting 139 pages
move page ret -1 
move page error: 12
got ENOMEM. trying against with 27 pages 
second promote attempt return -1
pages migrated: 475, lfu # items: 6402, lfu sample size: 2400000, samples: 2400000, node 0 mem 71764
CBF freq dist: (1) 594, (1-100) 4496, (100-1000) 1504, (1k-2k) 110, (2k-3k) 108, (3k-5k) 92, (5k-65534) 92, (65k) 0 
CBF freq dist: (1) 483, (1-100) 2438, (100-1000) 791, (1k-2k) 49, (2k-3k) 36, (3k-5k) 52, (5k-65534) 2, (65k) 0 
collected one batch of samples. pages to migrate = 725 
start promoting 178 pages
move page ret -1 
move page error: 12
got ENOMEM. trying against with 35 pages 
second promote attempt return -1
pages migrated: 475, lfu # items: 6410, lfu sample size: 2500000, samples: 2500000, node 0 mem 71764
CBF freq dist: (1) 590, (1-100) 4368, (100-1000) 1607, (1k-2k) 127, (2k-3k) 116, (3k-5k) 100, (5k-65534) 92, (65k) 0 
CBF freq dist: (1) 484, (1-100) 2260, (100-1000) 950, (1k-2k) 69, (2k-3k) 16, (3k-5k) 74, (5k-65534) 5, (65k) 0 
collected one batch of samples. pages to migrate = 700 
start promoting 164 pages
move page ret -1 
move page error: 12
got ENOMEM. trying against with 32 pages 
second promote attempt return -1
pages migrated: 475, lfu # items: 6416, lfu sample size: 2600000, samples: 2600000, node 0 mem 71764
CBF freq dist: (1) 589, (1-100) 4248, (100-1000) 1729, (1k-2k) 129, (2k-3k) 108, (3k-5k) 108, (5k-65534) 94, (65k) 0 
CBF freq dist: (1) 481, (1-100) 2121, (100-1000) 1075, (1k-2k) 86, (2k-3k) 9, (3k-5k) 59, (5k-65534) 27, (65k) 0 
collected one batch of samples. pages to migrate = 688 
start promoting 184 pages
move page ret -1 
move page error: 12
got ENOMEM. trying against with 36 pages 
second promote attempt return -1
pages migrated: 475, lfu # items: 6420, lfu sample size: 2700000, samples: 2700000, node 0 mem 71764
CBF freq dist: (1) 587, (1-100) 4117, (100-1000) 1863, (1k-2k) 129, (2k-3k) 96, (3k-5k) 116, (5k-65534) 99, (65k) 0 
CBF freq dist: (1) 478, (1-100) 1973, (100-1000) 1187, (1k-2k) 122, (2k-3k) 9, (3k-5k) 48, (5k-65534) 40, (65k) 0 
[DEBUG] Halving CBF counters.
collected one batch of samples. pages to migrate = 613 
start promoting 77 pages
move page ret -1 
move page error: 12
got ENOMEM. trying against with 15 pages 
second promote attempt return -1
pages migrated: 475, lfu # items: 6424, lfu sample size: 2800000, samples: 2800000, node 0 mem 71764
CBF freq dist: (1) 586, (1-100) 4073, (100-1000) 1908, (1k-2k) 128, (2k-3k) 78, (3k-5k) 130, (5k-65534) 107, (65k) 0 
CBF freq dist: (1) 73, (1-100) 2177, (100-1000) 624, (1k-2k) 14, (2k-3k) 47, (3k-5k) 40, (5k-65534) 0, (65k) 0 
collected one batch of samples. pages to migrate = 570 
start promoting 70 pages
move page ret -1 
move page error: 12
got ENOMEM. trying against with 14 pages 
second promote attempt return -1
pages migrated: 475, lfu # items: 6429, lfu sample size: 2900000, samples: 2900000, node 0 mem 71764
CBF freq dist: (1) 586, (1-100) 3994, (100-1000) 1992, (1k-2k) 128, (2k-3k) 61, (3k-5k) 146, (5k-65534) 108, (65k) 0 
CBF freq dist: (1) 74, (1-100) 2102, (100-1000) 691, (1k-2k) 23, (2k-3k) 28, (3k-5k) 54, (5k-65534) 7, (65k) 0 
collected one batch of samples. pages to migrate = 610 
start promoting 88 pages
move page ret -1 
move page error: 12
got ENOMEM. trying against with 17 pages 
second promote attempt return -1
pages migrated: 475, lfu # items: 6431, lfu sample size: 3000000, samples: 3000000, node 0 mem 71764
CBF freq dist: (1) 585, (1-100) 3954, (100-1000) 2031, (1k-2k) 130, (2k-3k) 50, (3k-5k) 155, (5k-65534) 111, (65k) 0 
CBF freq dist: (1) 73, (1-100) 2057, (100-1000) 714, (1k-2k) 46, (2k-3k) 4, (3k-5k) 64, (5k-65534) 22, (65k) 0 
Trial Time:          8.61887
collected one batch of samples. pages to migrate = 897 
start promoting 641 pages
move page ret 174 
move page error: 12
got ENOMEM. trying against with 128 pages 
second promote attempt return 0
pages migrated: 475, lfu # items: 6431, lfu sample size: 3100000, samples: 3100000, node 0 mem 58704
CBF freq dist: (1) 585, (1-100) 3914, (100-1000) 2061, (1k-2k) 140, (2k-3k) 39, (3k-5k) 153, (5k-65534) 124, (65k) 0 
CBF freq dist: (1) 70, (1-100) 1975, (100-1000) 765, (1k-2k) 76, (2k-3k) 4, (3k-5k) 45, (5k-65534) 42, (65k) 0 
num_perf_record_lost count 100
collected one batch of samples. pages to migrate = 674 
start promoting 32 pages
move page ret 32 
move page error: 12
got ENOMEM. trying against with 6 pages 
second promote attempt return -1
pages migrated: 475, lfu # items: 6431, lfu sample size: 3200000, samples: 3200000, node 0 mem 58148
CBF freq dist: (1) 583, (1-100) 3914, (100-1000) 2058, (1k-2k) 139, (2k-3k) 39, (3k-5k) 143, (5k-65534) 138, (65k) 0 
CBF freq dist: (1) 69, (1-100) 1966, (100-1000) 699, (1k-2k) 146, (2k-3k) 9, (3k-5k) 42, (5k-65534) 45, (65k) 0 
collected one batch of samples. pages to migrate = 741 
start promoting 59 pages
move page ret -1 
move page error: 12
got ENOMEM. trying against with 11 pages 
second promote attempt return -1
pages migrated: 475, lfu # items: 6435, lfu sample size: 3300000, samples: 3300000, node 0 mem 58148
CBF freq dist: (1) 582, (1-100) 3916, (100-1000) 2051, (1k-2k) 147, (2k-3k) 37, (3k-5k) 134, (5k-65534) 150, (65k) 0 
CBF freq dist: (1) 66, (1-100) 1959, (100-1000) 668, (1k-2k) 158, (2k-3k) 35, (3k-5k) 31, (5k-65534) 57, (65k) 0 
[DEBUG] Halving CBF counters.
collected one batch of samples. pages to migrate = 447 
start promoting 35 pages
move page ret -1 
move page error: 12
got ENOMEM. trying against with 7 pages 
second promote attempt return -1
pages migrated: 475, lfu # items: 6440, lfu sample size: 3400000, samples: 3400000, node 0 mem 58148
CBF freq dist: (1) 585, (1-100) 3920, (100-1000) 2044, (1k-2k) 154, (2k-3k) 37, (3k-5k) 122, (5k-65534) 163, (65k) 0 
CBF freq dist: (1) 35, (1-100) 2222, (100-1000) 440, (1k-2k) 94, (2k-3k) 32, (3k-5k) 55, (5k-65534) 1, (65k) 0 
collected one batch of samples. pages to migrate = 457 
start promoting 39 pages
move page ret -1 
move page error: 12
got ENOMEM. trying against with 7 pages 
second promote attempt return -1
pages migrated: 475, lfu # items: 6440, lfu sample size: 3500000, samples: 3500000, node 0 mem 60532
CBF freq dist: (1) 584, (1-100) 3916, (100-1000) 2041, (1k-2k) 159, (2k-3k) 35, (3k-5k) 109, (5k-65534) 180, (65k) 0 
CBF freq dist: (1) 32, (1-100) 2220, (100-1000) 375, (1k-2k) 157, (2k-3k) 14, (3k-5k) 67, (5k-65534) 12, (65k) 0 
collected one batch of samples. pages to migrate = 480 
start promoting 56 pages
move page ret -1 
move page error: 12
got ENOMEM. trying against with 11 pages 
second promote attempt return -1
pages migrated: 475, lfu # items: 6440, lfu sample size: 3600000, samples: 3600000, node 0 mem 60508
CBF freq dist: (1) 584, (1-100) 3910, (100-1000) 2038, (1k-2k) 168, (2k-3k) 34, (3k-5k) 99, (5k-65534) 191, (65k) 0 
CBF freq dist: (1) 32, (1-100) 2215, (100-1000) 360, (1k-2k) 148, (2k-3k) 37, (3k-5k) 63, (5k-65534) 22, (65k) 0 
collected one batch of samples. pages to migrate = 453 
start promoting 56 pages
move page ret -1 
move page error: 12
got ENOMEM. trying against with 11 pages 
second promote attempt return -1
pages migrated: 475, lfu # items: 6442, lfu sample size: 3700000, samples: 3700000, node 0 mem 60556
CBF freq dist: (1) 585, (1-100) 3906, (100-1000) 2039, (1k-2k) 173, (2k-3k) 33, (3k-5k) 85, (5k-65534) 206, (65k) 0 
CBF freq dist: (1) 34, (1-100) 2213, (100-1000) 356, (1k-2k) 128, (2k-3k) 63, (3k-5k) 52, (5k-65534) 36, (65k) 0 
collected one batch of samples. pages to migrate = 473 
start promoting 56 pages
move page ret -1 
move page error: 12
got ENOMEM. trying against with 11 pages 
second promote attempt return -1
pages migrated: 475, lfu # items: 6445, lfu sample size: 3800000, samples: 3800000, node 0 mem 60136
CBF freq dist: (1) 587, (1-100) 3904, (100-1000) 2042, (1k-2k) 175, (2k-3k) 33, (3k-5k) 63, (5k-65534) 228, (65k) 0 
CBF freq dist: (1) 36, (1-100) 2214, (100-1000) 352, (1k-2k) 92, (2k-3k) 100, (3k-5k) 45, (5k-65534) 47, (65k) 0 
[DEBUG] Halving CBF counters.
collected one batch of samples. pages to migrate = 420 
start promoting 39 pages
move page ret -1 
move page error: 12
got ENOMEM. trying against with 7 pages 
second promote attempt return -1
pages migrated: 475, lfu # items: 6446, lfu sample size: 3900000, samples: 3900000, node 0 mem 60136
CBF freq dist: (1) 588, (1-100) 3896, (100-1000) 2049, (1k-2k) 177, (2k-3k) 32, (3k-5k) 45, (5k-65534) 247, (65k) 0 
CBF freq dist: (1) 34, (1-100) 2330, (100-1000) 237, (1k-2k) 159, (2k-3k) 46, (3k-5k) 42, (5k-65534) 0, (65k) 0 
collected one batch of samples. pages to migrate = 369 
start promoting 26 pages
move page ret -1 
move page error: 12
got ENOMEM. trying against with 5 pages 
second promote attempt return -1
pages migrated: 475, lfu # items: 6446, lfu sample size: 4000000, samples: 4000000, node 0 mem 60136
CBF freq dist: (1) 588, (1-100) 3883, (100-1000) 2062, (1k-2k) 177, (2k-3k) 30, (3k-5k) 36, (5k-65534) 258, (65k) 0 
CBF freq dist: (1) 32, (1-100) 2314, (100-1000) 233, (1k-2k) 162, (2k-3k) 41, (3k-5k) 59, (5k-65534) 5, (65k) 0 
collected one batch of samples. pages to migrate = 364 
start promoting 24 pages
move page ret -1 
move page error: 12
got ENOMEM. trying against with 4 pages 
second promote attempt return -1
pages migrated: 475, lfu # items: 6447, lfu sample size: 4100000, samples: 4100000, node 0 mem 60136
CBF freq dist: (1) 588, (1-100) 3872, (100-1000) 2071, (1k-2k) 179, (2k-3k) 30, (3k-5k) 33, (5k-65534) 262, (65k) 0 
CBF freq dist: (1) 30, (1-100) 2308, (100-1000) 237, (1k-2k) 131, (2k-3k) 52, (3k-5k) 70, (5k-65534) 17, (65k) 0 
collected one batch of samples. pages to migrate = 392 
start promoting 38 pages
move page ret -1 
move page error: 12
got ENOMEM. trying against with 7 pages 
second promote attempt return -1
pages migrated: 475, lfu # items: 6447, lfu sample size: 4200000, samples: 4200000, node 0 mem 60136
CBF freq dist: (1) 588, (1-100) 3867, (100-1000) 2071, (1k-2k) 184, (2k-3k) 30, (3k-5k) 32, (5k-65534) 263, (65k) 0 
CBF freq dist: (1) 31, (1-100) 2295, (100-1000) 249, (1k-2k) 94, (2k-3k) 82, (3k-5k) 65, (5k-65534) 31, (65k) 0 
collected one batch of samples. pages to migrate = 420 
start promoting 34 pages
move page ret -1 
move page error: 12
got ENOMEM. trying against with 6 pages 
second promote attempt return -1
pages migrated: 475, lfu # items: 6447, lfu sample size: 4300000, samples: 4300000, node 0 mem 60868
CBF freq dist: (1) 588, (1-100) 3863, (100-1000) 2069, (1k-2k) 188, (2k-3k) 32, (3k-5k) 31, (5k-65534) 264, (65k) 0 
CBF freq dist: (1) 31, (1-100) 2273, (100-1000) 272, (1k-2k) 60, (2k-3k) 101, (3k-5k) 67, (5k-65534) 44, (65k) 0 
collected one batch of samples. pages to migrate = 529 
start promoting 76 pages
move page ret -1 
move page error: 12
got ENOMEM. trying against with 15 pages 
second promote attempt return -1
pages migrated: 475, lfu # items: 6447, lfu sample size: 4400000, samples: 4400000, node 0 mem 62788
CBF freq dist: (1) 588, (1-100) 3853, (100-1000) 2068, (1k-2k) 199, (2k-3k) 31, (3k-5k) 31, (5k-65534) 265, (65k) 0 
CBF freq dist: (1) 31, (1-100) 2242, (100-1000) 303, (1k-2k) 41, (2k-3k) 110, (3k-5k) 67, (5k-65534) 56, (65k) 0 
[DEBUG] Halving CBF counters.
collected one batch of samples. pages to migrate = 550 
start promoting 73 pages
move page ret -1 
move page error: 12
got ENOMEM. trying against with 14 pages 
second promote attempt return -1
pages migrated: 475, lfu # items: 6448, lfu sample size: 4500000, samples: 4500000, node 0 mem 62788
CBF freq dist: (1) 588, (1-100) 3821, (100-1000) 2087, (1k-2k) 211, (2k-3k) 33, (3k-5k) 27, (5k-65534) 269, (65k) 0 
CBF freq dist: (1) 64, (1-100) 2372, (100-1000) 180, (1k-2k) 145, (2k-3k) 31, (3k-5k) 52, (5k-65534) 13, (65k) 0 
collected one batch of samples. pages to migrate = 554 
start promoting 75 pages
move page ret -1 
move page error: 12
got ENOMEM. trying against with 15 pages 
second promote attempt return -1
pages migrated: 475, lfu # items: 6452, lfu sample size: 4600000, samples: 4600000, node 0 mem 63092
CBF freq dist: (1) 588, (1-100) 3794, (100-1000) 2113, (1k-2k) 215, (2k-3k) 34, (3k-5k) 23, (5k-65534) 273, (65k) 0 
CBF freq dist: (1) 54, (1-100) 2334, (100-1000) 209, (1k-2k) 164, (2k-3k) 10, (3k-5k) 56, (5k-65534) 31, (65k) 0 
collected one batch of samples. pages to migrate = 559 
start promoting 75 pages
move page ret -1 
move page error: 12
got ENOMEM. trying against with 15 pages 
second promote attempt return -1
pages migrated: 475, lfu # items: 6454, lfu sample size: 4700000, samples: 4700000, node 0 mem 63292
CBF freq dist: (1) 589, (1-100) 3779, (100-1000) 2126, (1k-2k) 217, (2k-3k) 35, (3k-5k) 22, (5k-65534) 275, (65k) 0 
CBF freq dist: (1) 48, (1-100) 2285, (100-1000) 254, (1k-2k) 174, (2k-3k) 10, (3k-5k) 39, (5k-65534) 49, (65k) 0 
collected one batch of samples. pages to migrate = 582 
start promoting 78 pages
move page ret -1 
move page error: 12
got ENOMEM. trying against with 15 pages 
second promote attempt return -1
pages migrated: 475, lfu # items: 6458, lfu sample size: 4800000, samples: 4800000, node 0 mem 63292
CBF freq dist: (1) 589, (1-100) 3744, (100-1000) 2150, (1k-2k) 229, (2k-3k) 38, (3k-5k) 20, (5k-65534) 277, (65k) 0 
CBF freq dist: (1) 46, (1-100) 2246, (100-1000) 303, (1k-2k) 180, (2k-3k) 10, (3k-5k) 24, (5k-65534) 65, (65k) 0 
collected one batch of samples. pages to migrate = 596 
start promoting 81 pages
move page ret -1 
move page error: 12
got ENOMEM. trying against with 16 pages 
second promote attempt return -1
pages migrated: 475, lfu # items: 6462, lfu sample size: 4900000, samples: 4900000, node 0 mem 63292
CBF freq dist: (1) 593, (1-100) 3730, (100-1000) 2158, (1k-2k) 238, (2k-3k) 38, (3k-5k) 20, (5k-65534) 278, (65k) 0 
CBF freq dist: (1) 40, (1-100) 2180, (100-1000) 371, (1k-2k) 179, (2k-3k) 13, (3k-5k) 7, (5k-65534) 83, (65k) 0 
[DEBUG] Number of hot pages promoted in 50 batches = 475 
[DEBUG] Halving CBF counters.
collected one batch of samples. pages to migrate = 601 
start promoting 79 pages
move page ret -1 
move page error: 12
got ENOMEM. trying against with 15 pages 
second promote attempt return -1
pages migrated: 475, lfu # items: 6468, lfu sample size: 5000000, samples: 5000000, node 0 mem 63292
CBF freq dist: (1) 595, (1-100) 3705, (100-1000) 2188, (1k-2k) 236, (2k-3k) 40, (3k-5k) 19, (5k-65534) 280, (65k) 0 
CBF freq dist: (1) 151, (1-100) 2383, (100-1000) 314, (1k-2k) 15, (2k-3k) 13, (3k-5k) 49, (5k-65534) 27, (65k) 0 
collected one batch of samples. pages to migrate = 592 
start promoting 83 pages
move page ret -1 
move page error: 12
got ENOMEM. trying against with 16 pages 
second promote attempt return -1
pages migrated: 475, lfu # items: 6468, lfu sample size: 5100000, samples: 5100000, node 0 mem 63292
CBF freq dist: (1) 594, (1-100) 3680, (100-1000) 2208, (1k-2k) 232, (2k-3k) 48, (3k-5k) 18, (5k-65534) 282, (65k) 0 
CBF freq dist: (1) 145, (1-100) 2285, (100-1000) 409, (1k-2k) 22, (2k-3k) 2, (3k-5k) 51, (5k-65534) 37, (65k) 0 
collected one batch of samples. pages to migrate = 599 
start promoting 84 pages
move page ret 78 
move page error: 12
got ENOMEM. trying against with 16 pages 
second promote attempt return -1
pages migrated: 475, lfu # items: 6468, lfu sample size: 5200000, samples: 5200000, node 0 mem 60076
CBF freq dist: (1) 594, (1-100) 3667, (100-1000) 2217, (1k-2k) 232, (2k-3k) 52, (3k-5k) 17, (5k-65534) 283, (65k) 0 
CBF freq dist: (1) 142, (1-100) 2166, (100-1000) 523, (1k-2k) 30, (2k-3k) 2, (3k-5k) 36, (5k-65534) 52, (65k) 0 
collected one batch of samples. pages to migrate = 653 
start promoting 119 pages
move page ret -1 
move page error: 12
got ENOMEM. trying against with 23 pages 
second promote attempt return -1
pages migrated: 475, lfu # items: 6470, lfu sample size: 5300000, samples: 5300000, node 0 mem 60076
CBF freq dist: (1) 592, (1-100) 3624, (100-1000) 2262, (1k-2k) 221, (2k-3k) 61, (3k-5k) 19, (5k-65534) 283, (65k) 0 
CBF freq dist: (1) 137, (1-100) 1896, (100-1000) 804, (1k-2k) 35, (2k-3k) 1, (3k-5k) 30, (5k-65534) 59, (65k) 0 
collected one batch of samples. pages to migrate = 743 
start promoting 203 pages
move page ret -1 
move page error: 12
got ENOMEM. trying against with 40 pages 
second promote attempt return -1
pages migrated: 475, lfu # items: 6472, lfu sample size: 5400000, samples: 5400000, node 0 mem 60076
CBF freq dist: (1) 592, (1-100) 3598, (100-1000) 2287, (1k-2k) 220, (2k-3k) 65, (3k-5k) 19, (5k-65534) 283, (65k) 0 
CBF freq dist: (1) 134, (1-100) 1699, (100-1000) 995, (1k-2k) 45, (2k-3k) 1, (3k-5k) 18, (5k-65534) 71, (65k) 0 
collected one batch of samples. pages to migrate = 829 
start promoting 275 pages
move page ret -1 
move page error: 12
got ENOMEM. trying against with 55 pages 
second promote attempt return -1
pages migrated: 475, lfu # items: 6473, lfu sample size: 5500000, samples: 5500000, node 0 mem 60076
CBF freq dist: (1) 592, (1-100) 3580, (100-1000) 2303, (1k-2k) 223, (2k-3k) 65, (3k-5k) 19, (5k-65534) 283, (65k) 0 
CBF freq dist: (1) 126, (1-100) 1575, (100-1000) 1118, (1k-2k) 46, (2k-3k) 2, (3k-5k) 5, (5k-65534) 85, (65k) 0 
[DEBUG] Halving CBF counters.
collected one batch of samples. pages to migrate = 636 
start promoting 93 pages
move page ret -1 
move page error: 12
got ENOMEM. trying against with 18 pages 
second promote attempt return -1
pages migrated: 475, lfu # items: 6474, lfu sample size: 5600000, samples: 5600000, node 0 mem 60076
CBF freq dist: (1) 592, (1-100) 3567, (100-1000) 2313, (1k-2k) 225, (2k-3k) 66, (3k-5k) 20, (5k-65534) 283, (65k) 0 
CBF freq dist: (1) 102, (1-100) 1937, (100-1000) 683, (1k-2k) 4, (2k-3k) 5, (3k-5k) 54, (5k-65534) 30, (65k) 0 
collected one batch of samples. pages to migrate = 667 
start promoting 125 pages
move page ret -1 
move page error: 12
got ENOMEM. trying against with 25 pages 
second promote attempt return -1
pages migrated: 475, lfu # items: 6475, lfu sample size: 5700000, samples: 5700000, node 0 mem 60076
CBF freq dist: (1) 591, (1-100) 3553, (100-1000) 2325, (1k-2k) 227, (2k-3k) 66, (3k-5k) 21, (5k-65534) 283, (65k) 0 
CBF freq dist: (1) 92, (1-100) 1811, (100-1000) 808, (1k-2k) 9, (2k-3k) 3, (3k-5k) 48, (5k-65534) 39, (65k) 0 
collected one batch of samples. pages to migrate = 715 
start promoting 166 pages
move page ret -1 
move page error: 12
got ENOMEM. trying against with 33 pages 
second promote attempt return -1
pages migrated: 475, lfu # items: 6476, lfu sample size: 5800000, samples: 5800000, node 0 mem 60076
CBF freq dist: (1) 592, (1-100) 3545, (100-1000) 2334, (1k-2k) 225, (2k-3k) 67, (3k-5k) 22, (5k-65534) 283, (65k) 0 
CBF freq dist: (1) 90, (1-100) 1657, (100-1000) 964, (1k-2k) 13, (2k-3k) 3, (3k-5k) 38, (5k-65534) 49, (65k) 0 
collected one batch of samples. pages to migrate = 816 
start promoting 262 pages
move page ret -1 
move page error: 12
got ENOMEM. trying against with 52 pages 
second promote attempt return -1
pages migrated: 475, lfu # items: 6476, lfu sample size: 5900000, samples: 5900000, node 0 mem 61508
CBF freq dist: (1) 592, (1-100) 3531, (100-1000) 2347, (1k-2k) 221, (2k-3k) 71, (3k-5k) 23, (5k-65534) 283, (65k) 0 
CBF freq dist: (1) 84, (1-100) 1448, (100-1000) 1171, (1k-2k) 15, (2k-3k) 2, (3k-5k) 23, (5k-65534) 65, (65k) 0 
collected one batch of samples. pages to migrate = 950 
start promoting 392 pages
move page ret -1 
move page error: 12
got ENOMEM. trying against with 78 pages 
second promote attempt return -1
pages migrated: 475, lfu # items: 6477, lfu sample size: 6000000, samples: 6000000, node 0 mem 61508
CBF freq dist: (1) 592, (1-100) 3516, (100-1000) 2362, (1k-2k) 218, (2k-3k) 70, (3k-5k) 28, (5k-65534) 283, (65k) 0 
CBF freq dist: (1) 85, (1-100) 1263, (100-1000) 1360, (1k-2k) 18, (2k-3k) 2, (3k-5k) 11, (5k-65534) 78, (65k) 0 
[DEBUG] Halving CBF counters.
collected one batch of samples. pages to migrate = 699 
start promoting 138 pages
move page ret -1 
move page error: 12
got ENOMEM. trying against with 27 pages 
second promote attempt return -1
pages migrated: 475, lfu # items: 6477, lfu sample size: 6100000, samples: 6100000, node 0 mem 61508
CBF freq dist: (1) 591, (1-100) 3507, (100-1000) 2368, (1k-2k) 219, (2k-3k) 63, (3k-5k) 37, (5k-65534) 283, (65k) 0 
CBF freq dist: (1) 21, (1-100) 1716, (100-1000) 846, (1k-2k) 3, (2k-3k) 25, (3k-5k) 55, (5k-65534) 9, (65k) 0 
collected one batch of samples. pages to migrate = 799 
start promoting 247 pages
move page ret -1 
move page error: 12
got ENOMEM. trying against with 49 pages 
second promote attempt return 67
pages migrated: 475, lfu # items: 6482, lfu sample size: 6200000, samples: 6200000, node 0 mem 69248
CBF freq dist: (1) 589, (1-100) 3495, (100-1000) 2384, (1k-2k) 220, (2k-3k) 50, (3k-5k) 50, (5k-65534) 283, (65k) 0 
CBF freq dist: (1) 14, (1-100) 1421, (100-1000) 1161, (1k-2k) 2, (2k-3k) 7, (3k-5k) 60, (5k-65534) 23, (65k) 0 
collected one batch of samples. pages to migrate = 1055 
start promoting 433 pages
move page ret 432 
move page error: 12
got ENOMEM. trying against with 86 pages 
second promote attempt return -1
pages migrated: 475, lfu # items: 6482, lfu sample size: 6300000, samples: 6300000, node 0 mem 69580
CBF freq dist: (1) 589, (1-100) 3473, (100-1000) 2403, (1k-2k) 210, (2k-3k) 43, (3k-5k) 67, (5k-65534) 286, (65k) 0 
CBF freq dist: (1) 6, (1-100) 1351, (100-1000) 1268, (1k-2k) 22, (2k-3k) 5, (3k-5k) 56, (5k-65534) 29, (65k) 0 
collected one batch of samples. pages to migrate = 1212 
start promoting 499 pages
move page ret -1 
move page error: 12
got ENOMEM. trying against with 99 pages 
second promote attempt return -1
pages migrated: 475, lfu # items: 6483, lfu sample size: 6400000, samples: 6400000, node 0 mem 69580
CBF freq dist: (1) 588, (1-100) 3450, (100-1000) 2425, (1k-2k) 180, (2k-3k) 66, (3k-5k) 73, (5k-65534) 289, (65k) 0 
CBF freq dist: (1) 1, (1-100) 1290, (100-1000) 1301, (1k-2k) 60, (2k-3k) 4, (3k-5k) 53, (5k-65534) 33, (65k) 0 
collected one batch of samples. pages to migrate = 1089 
start promoting 455 pages
move page ret -1 
move page error: 12
got ENOMEM. trying against with 91 pages 
second promote attempt return -1
pages migrated: 475, lfu # items: 6484, lfu sample size: 6500000, samples: 6500000, node 0 mem 69580
CBF freq dist: (1) 589, (1-100) 3439, (100-1000) 2437, (1k-2k) 130, (2k-3k) 112, (3k-5k) 75, (5k-65534) 291, (65k) 0 
CBF freq dist: (1) -1, (1-100) 1221, (100-1000) 1358, (1k-2k) 75, (2k-3k) 8, (3k-5k) 51, (5k-65534) 35, (65k) 0 
collected one batch of samples. pages to migrate = 1037 
start promoting 458 pages
move page ret -1 
move page error: 12
got ENOMEM. trying against with 91 pages 
second promote attempt return -1
pages migrated: 475, lfu # items: 6484, lfu sample size: 6600000, samples: 6600000, node 0 mem 69580
CBF freq dist: (1) 588, (1-100) 3401, (100-1000) 2475, (1k-2k) 125, (2k-3k) 117, (3k-5k) 74, (5k-65534) 292, (65k) 0 
CBF freq dist: (1) -2, (1-100) 1151, (100-1000) 1423, (1k-2k) 82, (2k-3k) 9, (3k-5k) 41, (5k-65534) 45, (65k) 0 
[DEBUG] Halving CBF counters.
collected one batch of samples. pages to migrate = 542 
start promoting 159 pages
move page ret -1 
move page error: 12
got ENOMEM. trying against with 31 pages 
second promote attempt return -1
pages migrated: 475, lfu # items: 6484, lfu sample size: 6700000, samples: 6700000, node 0 mem 68880
CBF freq dist: (1) 587, (1-100) 3367, (100-1000) 2509, (1k-2k) 125, (2k-3k) 117, (3k-5k) 73, (5k-65534) 293, (65k) 0 
CBF freq dist: (1) -5, (1-100) 1874, (100-1000) 789, (1k-2k) 10, (2k-3k) 45, (3k-5k) 43, (5k-65534) 0, (65k) 0 
collected one batch of samples. pages to migrate = 545 
start promoting 161 pages
move page ret -1 
move page error: 12
got ENOMEM. trying against with 32 pages 
second promote attempt return -1
pages migrated: 475, lfu # items: 6486, lfu sample size: 6800000, samples: 6800000, node 0 mem 68880
CBF freq dist: (1) 589, (1-100) 3348, (100-1000) 2530, (1k-2k) 124, (2k-3k) 118, (3k-5k) 73, (5k-65534) 293, (65k) 0 
CBF freq dist: (1) -7, (1-100) 1803, (100-1000) 823, (1k-2k) 50, (2k-3k) 18, (3k-5k) 68, (5k-65534) 2, (65k) 0 
num_perf_record_lost count 200
collected one batch of samples. pages to migrate = 601 
start promoting 180 pages
move page ret -1 
move page error: 12
got ENOMEM. trying against with 36 pages 
second promote attempt return -1
pages migrated: 475, lfu # items: 6486, lfu sample size: 6900000, samples: 6900000, node 0 mem 69008
CBF freq dist: (1) 588, (1-100) 3333, (100-1000) 2545, (1k-2k) 124, (2k-3k) 116, (3k-5k) 73, (5k-65534) 295, (65k) 0 
CBF freq dist: (1) -8, (1-100) 1754, (100-1000) 803, (1k-2k) 122, (2k-3k) 5, (3k-5k) 70, (5k-65534) 14, (65k) 0 
collected one batch of samples. pages to migrate = 621 
start promoting 178 pages
move page ret -1 
move page error: 12
got ENOMEM. trying against with 35 pages 
second promote attempt return -1
pages migrated: 475, lfu # items: 6500, lfu sample size: 7000000, samples: 7000000, node 0 mem 69008
CBF freq dist: (1) 591, (1-100) 3328, (100-1000) 2563, (1k-2k) 124, (2k-3k) 117, (3k-5k) 72, (5k-65534) 296, (65k) 0 
CBF freq dist: (1) -6, (1-100) 1703, (100-1000) 812, (1k-2k) 169, (2k-3k) 9, (3k-5k) 59, (5k-65534) 29, (65k) 0 
collected one batch of samples. pages to migrate = 619 
start promoting 181 pages
move page ret -1 
move page error: 12
got ENOMEM. trying against with 36 pages 
second promote attempt return -1
pages migrated: 475, lfu # items: 6501, lfu sample size: 7100000, samples: 7100000, node 0 mem 69008
CBF freq dist: (1) 590, (1-100) 3317, (100-1000) 2575, (1k-2k) 121, (2k-3k) 120, (3k-5k) 70, (5k-65534) 298, (65k) 0 
CBF freq dist: (1) -11, (1-100) 1678, (100-1000) 832, (1k-2k) 155, (2k-3k) 32, (3k-5k) 51, (5k-65534) 38, (65k) 0 
[DEBUG] Halving CBF counters.
collected one batch of samples. pages to migrate = 597 
start promoting 173 pages
move page ret -1 
move page error: 12
got ENOMEM. trying against with 34 pages 
second promote attempt return -1
pages migrated: 475, lfu # items: 6502, lfu sample size: 7200000, samples: 7200000, node 0 mem 69008
CBF freq dist: (1) 591, (1-100) 3306, (100-1000) 2587, (1k-2k) 118, (2k-3k) 122, (3k-5k) 71, (5k-65534) 298, (65k) 0 
CBF freq dist: (1) 25, (1-100) 2195, (100-1000) 461, (1k-2k) 57, (2k-3k) 50, (3k-5k) 37, (5k-65534) 0, (65k) 0 
collected one batch of samples. pages to migrate = 447 
start promoting 135 pages
move page ret -1 
move page error: 12
got ENOMEM. trying against with 27 pages 
second promote attempt return -1
pages migrated: 475, lfu # items: 6502, lfu sample size: 7300000, samples: 7300000, node 0 mem 69008
CBF freq dist: (1) 591, (1-100) 3303, (100-1000) 2589, (1k-2k) 119, (2k-3k) 122, (3k-5k) 71, (5k-65534) 298, (65k) 0 
CBF freq dist: (1) 22, (1-100) 2190, (100-1000) 376, (1k-2k) 149, (2k-3k) 22, (3k-5k) 65, (5k-65534) 1, (65k) 0 
collected one batch of samples. pages to migrate = 554 
start promoting 155 pages
move page ret -1 
move page error: 12
got ENOMEM. trying against with 31 pages 
second promote attempt return -1
pages migrated: 475, lfu # items: 6503, lfu sample size: 7400000, samples: 7400000, node 0 mem 69008
CBF freq dist: (1) 590, (1-100) 3301, (100-1000) 2592, (1k-2k) 118, (2k-3k) 123, (3k-5k) 71, (5k-65534) 298, (65k) 0 
CBF freq dist: (1) 21, (1-100) 2187, (100-1000) 357, (1k-2k) 172, (2k-3k) 10, (3k-5k) 74, (5k-65534) 12, (65k) 0 
collected one batch of samples. pages to migrate = 565 
start promoting 152 pages
move page ret -1 
move page error: 12
got ENOMEM. trying against with 30 pages 
second promote attempt return -1
pages migrated: 475, lfu # items: 6503, lfu sample size: 7500000, samples: 7500000, node 0 mem 69008
CBF freq dist: (1) 590, (1-100) 3300, (100-1000) 2593, (1k-2k) 116, (2k-3k) 125, (3k-5k) 70, (5k-65534) 299, (65k) 0 
CBF freq dist: (1) 21, (1-100) 2178, (100-1000) 364, (1k-2k) 144, (2k-3k) 38, (3k-5k) 63, (5k-65534) 26, (65k) 0 
collected one batch of samples. pages to migrate = 523 
start promoting 150 pages
move page ret -1 
move page error: 12
got ENOMEM. trying against with 30 pages 
second promote attempt return -1
pages migrated: 475, lfu # items: 6505, lfu sample size: 7600000, samples: 7600000, node 0 mem 69008
CBF freq dist: (1) 591, (1-100) 3297, (100-1000) 2597, (1k-2k) 113, (2k-3k) 129, (3k-5k) 70, (5k-65534) 299, (65k) 0 
CBF freq dist: (1) 21, (1-100) 2171, (100-1000) 371, (1k-2k) 101, (2k-3k) 81, (3k-5k) 51, (5k-65534) 40, (65k) 0 
collected one batch of samples. pages to migrate = 490 
start promoting 147 pages
move page ret -1 
move page error: 12
got ENOMEM. trying against with 29 pages 
second promote attempt return -1
pages migrated: 475, lfu # items: 6507, lfu sample size: 7700000, samples: 7700000, node 0 mem 69496
CBF freq dist: (1) 589, (1-100) 3298, (100-1000) 2598, (1k-2k) 111, (2k-3k) 131, (3k-5k) 70, (5k-65534) 299, (65k) 0 
CBF freq dist: (1) 22, (1-100) 2175, (100-1000) 366, (1k-2k) 58, (2k-3k) 124, (3k-5k) 42, (5k-65534) 55, (65k) 0 
[DEBUG] Halving CBF counters.
collected one batch of samples. pages to migrate = 511 
start promoting 148 pages
move page ret -1 
move page error: 12
got ENOMEM. trying against with 29 pages 
second promote attempt return -1
pages migrated: 475, lfu # items: 6524, lfu sample size: 7800000, samples: 7800000, node 0 mem 69496
CBF freq dist: (1) 592, (1-100) 3313, (100-1000) 2600, (1k-2k) 111, (2k-3k) 130, (3k-5k) 71, (5k-65534) 299, (65k) 0 
CBF freq dist: (1) 59, (1-100) 2309, (100-1000) 238, (1k-2k) 172, (2k-3k) 40, (3k-5k) 52, (5k-65534) 0, (65k) 0 
collected one batch of samples. pages to migrate = 497 
start promoting 146 pages
move page ret -1 
move page error: 12
got ENOMEM. trying against with 29 pages 
second promote attempt return -1
pages migrated: 475, lfu # items: 6527, lfu sample size: 7900000, samples: 7900000, node 0 mem 69496
CBF freq dist: (1) 592, (1-100) 3316, (100-1000) 2600, (1k-2k) 110, (2k-3k) 130, (3k-5k) 72, (5k-65534) 299, (65k) 0 
CBF freq dist: (1) 56, (1-100) 2298, (100-1000) 247, (1k-2k) 149, (2k-3k) 39, (3k-5k) 80, (5k-65534) 1, (65k) 0 
collected one batch of samples. pages to migrate = 378 
start promoting 121 pages
move page ret -1 
move page error: 12
got ENOMEM. trying against with 24 pages 
second promote attempt return -1
pages migrated: 475, lfu # items: 6542, lfu sample size: 8000000, samples: 8000000, node 0 mem 69496
CBF freq dist: (1) 593, (1-100) 3327, (100-1000) 2604, (1k-2k) 106, (2k-3k) 134, (3k-5k) 72, (5k-65534) 299, (65k) 0 
CBF freq dist: (1) 55, (1-100) 2289, (100-1000) 259, (1k-2k) 103, (2k-3k) 78, (3k-5k) 77, (5k-65534) 13, (65k) 0 
collected one batch of samples. pages to migrate = 393 
start promoting 123 pages
move page ret -1 
move page error: 12
got ENOMEM. trying against with 24 pages 
second promote attempt return -1
pages migrated: 475, lfu # items: 6542, lfu sample size: 8100000, samples: 8100000, node 0 mem 69496
CBF freq dist: (1) 593, (1-100) 3327, (100-1000) 2604, (1k-2k) 100, (2k-3k) 140, (3k-5k) 72, (5k-65534) 298, (65k) 1 
CBF freq dist: (1) 54, (1-100) 2275, (100-1000) 273, (1k-2k) 37, (2k-3k) 140, (3k-5k) 63, (5k-65534) 32, (65k) 0 
collected one batch of samples. pages to migrate = 429 
start promoting 134 pages
move page ret -1 
move page error: 12
got ENOMEM. trying against with 26 pages 
second promote attempt return -1
pages migrated: 475, lfu # items: 6542, lfu sample size: 8200000, samples: 8200000, node 0 mem 69496
CBF freq dist: (1) 593, (1-100) 3327, (100-1000) 2604, (1k-2k) 98, (2k-3k) 142, (3k-5k) 72, (5k-65534) 298, (65k) 1 
CBF freq dist: (1) 54, (1-100) 2268, (100-1000) 280, (1k-2k) 7, (2k-3k) 151, (3k-5k) 65, (5k-65534) 49, (65k) 0 
[DEBUG] Halving CBF counters.
collected one batch of samples. pages to migrate = 505 
start promoting 134 pages
move page ret -1 
move page error: 12
got ENOMEM. trying against with 26 pages 
second promote attempt return -1
pages migrated: 475, lfu # items: 6542, lfu sample size: 8300000, samples: 8300000, node 0 mem 69524
CBF freq dist: (1) 593, (1-100) 3327, (100-1000) 2604, (1k-2k) 94, (2k-3k) 144, (3k-5k) 73, (5k-65534) 299, (65k) 1 
CBF freq dist: (1) 120, (1-100) 2369, (100-1000) 133, (1k-2k) 170, (2k-3k) 65, (3k-5k) 32, (5k-65534) 1, (65k) 0 
Trial Time:          10.14211
collected one batch of samples. pages to migrate = 656 
start promoting 467 pages
move page ret 115 
move page error: 12
got ENOMEM. trying against with 93 pages 
second promote attempt return 0
pages migrated: 475, lfu # items: 6542, lfu sample size: 8400000, samples: 8400000, node 0 mem 76716
CBF freq dist: (1) 591, (1-100) 3304, (100-1000) 2625, (1k-2k) 91, (2k-3k) 148, (3k-5k) 74, (5k-65534) 299, (65k) 1 
CBF freq dist: (1) 107, (1-100) 2337, (100-1000) 182, (1k-2k) 155, (2k-3k) 43, (3k-5k) 69, (5k-65534) 2, (65k) 0 
collected one batch of samples. pages to migrate = 533 
start promoting 133 pages
move page ret -1 
move page error: 12
got ENOMEM. trying against with 26 pages 
second promote attempt return -1
pages migrated: 475, lfu # items: 6542, lfu sample size: 8500000, samples: 8500000, node 0 mem 76716
CBF freq dist: (1) 591, (1-100) 3303, (100-1000) 2626, (1k-2k) 89, (2k-3k) 150, (3k-5k) 74, (5k-65534) 299, (65k) 1 
CBF freq dist: (1) 107, (1-100) 2332, (100-1000) 186, (1k-2k) 108, (2k-3k) 73, (3k-5k) 82, (5k-65534) 8, (65k) 0 
collected one batch of samples. pages to migrate = 610 
start promoting 135 pages
move page ret -1 
move page error: 12
got ENOMEM. trying against with 27 pages 
second promote attempt return -1
pages migrated: 475, lfu # items: 6542, lfu sample size: 8600000, samples: 8600000, node 0 mem 76716
CBF freq dist: (1) 591, (1-100) 3303, (100-1000) 2626, (1k-2k) 84, (2k-3k) 155, (3k-5k) 73, (5k-65534) 300, (65k) 1 
CBF freq dist: (1) 99, (1-100) 2334, (100-1000) 188, (1k-2k) 66, (2k-3k) 100, (3k-5k) 83, (5k-65534) 23, (65k) 0 
collected one batch of samples. pages to migrate = 614 
start promoting 180 pages
move page ret -1 
move page error: 12
got ENOMEM. trying against with 36 pages 
second promote attempt return -1
pages migrated: 475, lfu # items: 6544, lfu sample size: 8700000, samples: 8700000, node 0 mem 76716
CBF freq dist: (1) 590, (1-100) 3302, (100-1000) 2629, (1k-2k) 84, (2k-3k) 155, (3k-5k) 73, (5k-65534) 299, (65k) 2 
CBF freq dist: (1) 97, (1-100) 2336, (100-1000) 189, (1k-2k) 50, (2k-3k) 111, (3k-5k) 75, (5k-65534) 41, (65k) 0 
collected one batch of samples. pages to migrate = 583 
start promoting 177 pages
move page ret -1 
move page error: 12
got ENOMEM. trying against with 35 pages 
second promote attempt return -1
pages migrated: 475, lfu # items: 6544, lfu sample size: 8800000, samples: 8800000, node 0 mem 76716
CBF freq dist: (1) 590, (1-100) 3299, (100-1000) 2631, (1k-2k) 85, (2k-3k) 155, (3k-5k) 73, (5k-65534) 297, (65k) 4 
CBF freq dist: (1) 89, (1-100) 2329, (100-1000) 190, (1k-2k) 49, (2k-3k) 107, (3k-5k) 75, (5k-65534) 58, (65k) 0 
[DEBUG] Halving CBF counters.
collected one batch of samples. pages to migrate = 584 
start promoting 174 pages
move page ret -1 
move page error: 12
got ENOMEM. trying against with 34 pages 
second promote attempt return -1
pages migrated: 475, lfu # items: 6544, lfu sample size: 8900000, samples: 8900000, node 0 mem 76716
CBF freq dist: (1) 589, (1-100) 3298, (100-1000) 2632, (1k-2k) 85, (2k-3k) 155, (3k-5k) 73, (5k-65534) 295, (65k) 6 
CBF freq dist: (1) 95, (1-100) 2362, (100-1000) 96, (1k-2k) 165, (2k-3k) 29, (3k-5k) 61, (5k-65534) 11, (65k) 0 
collected one batch of samples. pages to migrate = 593 
start promoting 173 pages
move page ret -1 
move page error: 12
got ENOMEM. trying against with 34 pages 
second promote attempt return -1
pages migrated: 475, lfu # items: 6544, lfu sample size: 9000000, samples: 9000000, node 0 mem 76716
CBF freq dist: (1) 589, (1-100) 3297, (100-1000) 2633, (1k-2k) 85, (2k-3k) 155, (3k-5k) 72, (5k-65534) 293, (65k) 9 
CBF freq dist: (1) 91, (1-100) 2364, (100-1000) 95, (1k-2k) 161, (2k-3k) 26, (3k-5k) 68, (5k-65534) 17, (65k) 0 
collected one batch of samples. pages to migrate = 557 
start promoting 170 pages
move page ret -1 
move page error: 12
got ENOMEM. trying against with 34 pages 
second promote attempt return -1
pages migrated: 475, lfu # items: 6546, lfu sample size: 9100000, samples: 9100000, node 0 mem 76716
CBF freq dist: (1) 590, (1-100) 3294, (100-1000) 2638, (1k-2k) 84, (2k-3k) 155, (3k-5k) 73, (5k-65534) 293, (65k) 9 
CBF freq dist: (1) 80, (1-100) 2364, (100-1000) 92, (1k-2k) 135, (2k-3k) 58, (3k-5k) 60, (5k-65534) 27, (65k) 0 
collected one batch of samples. pages to migrate = 599 
start promoting 174 pages
move page ret -1 
move page error: 12
got ENOMEM. trying against with 34 pages 
second promote attempt return -1
pages migrated: 475, lfu # items: 6546, lfu sample size: 9200000, samples: 9200000, node 0 mem 76716
CBF freq dist: (1) 590, (1-100) 3292, (100-1000) 2640, (1k-2k) 84, (2k-3k) 155, (3k-5k) 73, (5k-65534) 291, (65k) 11 
CBF freq dist: (1) 75, (1-100) 2360, (100-1000) 91, (1k-2k) 99, (2k-3k) 101, (3k-5k) 39, (5k-65534) 49, (65k) 0 
collected one batch of samples. pages to migrate = 618 
start promoting 184 pages
move page ret -1 
move page error: 12
got ENOMEM. trying against with 36 pages 
second promote attempt return -1
pages migrated: 475, lfu # items: 6546, lfu sample size: 9300000, samples: 9300000, node 0 mem 76972
CBF freq dist: (1) 590, (1-100) 3291, (100-1000) 2640, (1k-2k) 84, (2k-3k) 156, (3k-5k) 72, (5k-65534) 290, (65k) 13 
CBF freq dist: (1) 68, (1-100) 2347, (100-1000) 103, (1k-2k) 63, (2k-3k) 135, (3k-5k) 16, (5k-65534) 75, (65k) 0 
[DEBUG] Halving CBF counters.
collected one batch of samples. pages to migrate = 612 
start promoting 185 pages
move page ret -1 
move page error: 12
got ENOMEM. trying against with 37 pages 
second promote attempt return -1
pages migrated: 475, lfu # items: 6546, lfu sample size: 9400000, samples: 9400000, node 0 mem 76972
CBF freq dist: (1) 590, (1-100) 3287, (100-1000) 2643, (1k-2k) 85, (2k-3k) 156, (3k-5k) 72, (5k-65534) 290, (65k) 13 
CBF freq dist: (1) 151, (1-100) 2345, (100-1000) 92, (1k-2k) 161, (2k-3k) 23, (3k-5k) 52, (5k-65534) 13, (65k) 0 
collected one batch of samples. pages to migrate = 606 
start promoting 228 pages
move page ret -1 
move page error: 12
got ENOMEM. trying against with 45 pages 
second promote attempt return -1
pages migrated: 475, lfu # items: 6546, lfu sample size: 9500000, samples: 9500000, node 0 mem 78188
CBF freq dist: (1) 590, (1-100) 3284, (100-1000) 2645, (1k-2k) 86, (2k-3k) 155, (3k-5k) 73, (5k-65534) 289, (65k) 14 
CBF freq dist: (1) 132, (1-100) 2351, (100-1000) 67, (1k-2k) 187, (2k-3k) 5, (3k-5k) 65, (5k-65534) 20, (65k) 0 
collected one batch of samples. pages to migrate = 625 
start promoting 177 pages
move page ret -1 
move page error: 12
got ENOMEM. trying against with 35 pages 
second promote attempt return -1
pages migrated: 475, lfu # items: 6546, lfu sample size: 9600000, samples: 9600000, node 0 mem 78188
CBF freq dist: (1) 590, (1-100) 3281, (100-1000) 2648, (1k-2k) 85, (2k-3k) 156, (3k-5k) 73, (5k-65534) 287, (65k) 16 
CBF freq dist: (1) 111, (1-100) 2351, (100-1000) 64, (1k-2k) 180, (2k-3k) 20, (3k-5k) 62, (5k-65534) 23, (65k) 0 
collected one batch of samples. pages to migrate = 608 
start promoting 180 pages
move page ret -1 
move page error: 12
got ENOMEM. trying against with 36 pages 
second promote attempt return -1
pages migrated: 475, lfu # items: 6546, lfu sample size: 9700000, samples: 9700000, node 0 mem 78188
CBF freq dist: (1) 590, (1-100) 3278, (100-1000) 2651, (1k-2k) 85, (2k-3k) 155, (3k-5k) 74, (5k-65534) 286, (65k) 17 
CBF freq dist: (1) 104, (1-100) 2351, (100-1000) 71, (1k-2k) 150, (2k-3k) 52, (3k-5k) 49, (5k-65534) 38, (65k) 0 
collected one batch of samples. pages to migrate = 617 
start promoting 181 pages
move page ret -1 
move page error: 12
got ENOMEM. trying against with 36 pages 
second promote attempt return -1
pages migrated: 475, lfu # items: 6546, lfu sample size: 9800000, samples: 9800000, node 0 mem 78188
CBF freq dist: (1) 590, (1-100) 3275, (100-1000) 2654, (1k-2k) 82, (2k-3k) 158, (3k-5k) 73, (5k-65534) 287, (65k) 17 
CBF freq dist: (1) 95, (1-100) 2340, (100-1000) 87, (1k-2k) 105, (2k-3k) 95, (3k-5k) 36, (5k-65534) 55, (65k) 0 
collected one batch of samples. pages to migrate = 611 
start promoting 182 pages
move page ret 179 
move page error: 12
got ENOMEM. trying against with 36 pages 
second promote attempt return -1
pages migrated: 475, lfu # items: 6546, lfu sample size: 9900000, samples: 9900000, node 0 mem 78500
CBF freq dist: (1) 590, (1-100) 3275, (100-1000) 2654, (1k-2k) 82, (2k-3k) 158, (3k-5k) 73, (5k-65534) 287, (65k) 17 
CBF freq dist: (1) 87, (1-100) 2326, (100-1000) 102, (1k-2k) 47, (2k-3k) 151, (3k-5k) 24, (5k-65534) 71, (65k) 0 
[DEBUG] Number of hot pages promoted in 50 batches = 0 
[DEBUG] Halving CBF counters.
collected one batch of samples. pages to migrate = 599 
start promoting 173 pages
move page ret -1 
move page error: 12
got ENOMEM. trying against with 34 pages 
second promote attempt return -1
pages migrated: 475, lfu # items: 6546, lfu sample size: 10000000, samples: 10000000, node 0 mem 78500
CBF freq dist: (1) 589, (1-100) 3272, (100-1000) 2655, (1k-2k) 82, (2k-3k) 160, (3k-5k) 73, (5k-65534) 285, (65k) 19 
CBF freq dist: (1) 203, (1-100) 2297, (100-1000) 69, (1k-2k) 185, (2k-3k) 32, (3k-5k) 44, (5k-65534) 15, (65k) 0 
collected one batch of samples. pages to migrate = 616 
start promoting 177 pages
move page ret -1 
move page error: 12
got ENOMEM. trying against with 35 pages 
second promote attempt return -1
pages migrated: 475, lfu # items: 6546, lfu sample size: 10100000, samples: 10100000, node 0 mem 78500
CBF freq dist: (1) 589, (1-100) 3270, (100-1000) 2657, (1k-2k) 80, (2k-3k) 161, (3k-5k) 74, (5k-65534) 285, (65k) 19 
CBF freq dist: (1) 182, (1-100) 2298, (100-1000) 66, (1k-2k) 162, (2k-3k) 40, (3k-5k) 62, (5k-65534) 20, (65k) 0 
collected one batch of samples. pages to migrate = 534 
start promoting 161 pages
move page ret -1 
move page error: 12
got ENOMEM. trying against with 32 pages 
second promote attempt return -1
pages migrated: 475, lfu # items: 6547, lfu sample size: 10200000, samples: 10200000, node 0 mem 78708
CBF freq dist: (1) 590, (1-100) 3270, (100-1000) 2658, (1k-2k) 78, (2k-3k) 163, (3k-5k) 73, (5k-65534) 285, (65k) 20 
CBF freq dist: (1) 178, (1-100) 2291, (100-1000) 78, (1k-2k) 106, (2k-3k) 96, (3k-5k) 61, (5k-65534) 26, (65k) 0 
collected one batch of samples. pages to migrate = 559 
start promoting 154 pages
move page ret -1 
move page error: 12
got ENOMEM. trying against with 30 pages 
second promote attempt return -1
pages migrated: 475, lfu # items: 6547, lfu sample size: 10300000, samples: 10300000, node 0 mem 78708
CBF freq dist: (1) 590, (1-100) 3270, (100-1000) 2658, (1k-2k) 69, (2k-3k) 172, (3k-5k) 73, (5k-65534) 285, (65k) 20 
CBF freq dist: (1) 167, (1-100) 2276, (100-1000) 96, (1k-2k) 70, (2k-3k) 127, (3k-5k) 62, (5k-65534) 32, (65k) 0 
collected one batch of samples. pages to migrate = 605 
start promoting 169 pages
move page ret -1 
move page error: 12
got ENOMEM. trying against with 33 pages 
second promote attempt return -1
pages migrated: 475, lfu # items: 6549, lfu sample size: 10400000, samples: 10400000, node 0 mem 78708
CBF freq dist: (1) 591, (1-100) 3270, (100-1000) 2660, (1k-2k) 66, (2k-3k) 173, (3k-5k) 75, (5k-65534) 283, (65k) 22 
CBF freq dist: (1) 159, (1-100) 2260, (100-1000) 128, (1k-2k) 41, (2k-3k) 126, (3k-5k) 78, (5k-65534) 46, (65k) 0 
[DEBUG] Halving CBF counters.
collected one batch of samples. pages to migrate = 613 
start promoting 177 pages
move page ret -1 
move page error: 12
got ENOMEM. trying against with 35 pages 
second promote attempt return -1
pages migrated: 475, lfu # items: 6549, lfu sample size: 10500000, samples: 10500000, node 0 mem 78708
CBF freq dist: (1) 591, (1-100) 3269, (100-1000) 2660, (1k-2k) 67, (2k-3k) 172, (3k-5k) 75, (5k-65534) 284, (65k) 22 
CBF freq dist: (1) 244, (1-100) 2190, (100-1000) 75, (1k-2k) 172, (2k-3k) 49, (3k-5k) 35, (5k-65534) 10, (65k) 0 
collected one batch of samples. pages to migrate = 585 
start promoting 177 pages
move page ret -1 
move page error: 12
got ENOMEM. trying against with 35 pages 
second promote attempt return -1
pages migrated: 475, lfu # items: 6549, lfu sample size: 10600000, samples: 10600000, node 0 mem 78120
CBF freq dist: (1) 591, (1-100) 3269, (100-1000) 2660, (1k-2k) 67, (2k-3k) 168, (3k-5k) 79, (5k-65534) 282, (65k) 24 
CBF freq dist: (1) 196, (1-100) 2181, (100-1000) 92, (1k-2k) 150, (2k-3k) 46, (3k-5k) 64, (5k-65534) 11, (65k) 0 
collected one batch of samples. pages to migrate = 608 
start promoting 182 pages
move page ret -1 
move page error: 12
got ENOMEM. trying against with 36 pages 
second promote attempt return -1
pages migrated: 475, lfu # items: 6549, lfu sample size: 10700000, samples: 10700000, node 0 mem 78120
CBF freq dist: (1) 591, (1-100) 3269, (100-1000) 2659, (1k-2k) 67, (2k-3k) 169, (3k-5k) 79, (5k-65534) 281, (65k) 25 
CBF freq dist: (1) 159, (1-100) 2175, (100-1000) 115, (1k-2k) 132, (2k-3k) 50, (3k-5k) 71, (5k-65534) 21, (65k) 0 
collected one batch of samples. pages to migrate = 621 
start promoting 182 pages
move page ret -1 
move page error: 12
got ENOMEM. trying against with 36 pages 
second promote attempt return -1
pages migrated: 475, lfu # items: 6549, lfu sample size: 10800000, samples: 10800000, node 0 mem 78120
CBF freq dist: (1) 591, (1-100) 3263, (100-1000) 2665, (1k-2k) 67, (2k-3k) 168, (3k-5k) 80, (5k-65534) 280, (65k) 26 
CBF freq dist: (1) 142, (1-100) 2146, (100-1000) 145, (1k-2k) 99, (2k-3k) 71, (3k-5k) 80, (5k-65534) 32, (65k) 0 
collected one batch of samples. pages to migrate = 601 
start promoting 178 pages
move page ret -1 
move page error: 12
got ENOMEM. trying against with 35 pages 
second promote attempt return -1
pages migrated: 475, lfu # items: 6549, lfu sample size: 10900000, samples: 10900000, node 0 mem 78120
CBF freq dist: (1) 591, (1-100) 3263, (100-1000) 2664, (1k-2k) 66, (2k-3k) 168, (3k-5k) 82, (5k-65534) 279, (65k) 27 
CBF freq dist: (1) 123, (1-100) 2121, (100-1000) 174, (1k-2k) 61, (2k-3k) 99, (3k-5k) 80, (5k-65534) 46, (65k) 0 
collected one batch of samples. pages to migrate = 613 
start promoting 173 pages
move page ret -1 
move page error: 12
got ENOMEM. trying against with 34 pages 
second promote attempt return -1
pages migrated: 475, lfu # items: 6549, lfu sample size: 11000000, samples: 11000000, node 0 mem 78120
CBF freq dist: (1) 590, (1-100) 3263, (100-1000) 2664, (1k-2k) 66, (2k-3k) 167, (3k-5k) 83, (5k-65534) 277, (65k) 29 
CBF freq dist: (1) 111, (1-100) 2099, (100-1000) 204, (1k-2k) 41, (2k-3k) 106, (3k-5k) 85, (5k-65534) 55, (65k) 0 
[DEBUG] Halving CBF counters.
collected one batch of samples. pages to migrate = 636 
start promoting 188 pages
move page ret -1 
move page error: 12
got ENOMEM. trying against with 37 pages 
second promote attempt return -1
pages migrated: 475, lfu # items: 6549, lfu sample size: 11100000, samples: 11100000, node 0 mem 78120
CBF freq dist: (1) 590, (1-100) 3260, (100-1000) 2665, (1k-2k) 64, (2k-3k) 170, (3k-5k) 83, (5k-65534) 278, (65k) 29 
CBF freq dist: (1) 192, (1-100) 2115, (100-1000) 129, (1k-2k) 144, (2k-3k) 74, (3k-5k) 51, (5k-65534) 2, (65k) 0 
collected one batch of samples. pages to migrate = 644 
start promoting 186 pages
move page ret -1 
move page error: 12
got ENOMEM. trying against with 37 pages 
second promote attempt return -1
pages migrated: 475, lfu # items: 6549, lfu sample size: 11200000, samples: 11200000, node 0 mem 78120
CBF freq dist: (1) 590, (1-100) 3257, (100-1000) 2667, (1k-2k) 63, (2k-3k) 169, (3k-5k) 85, (5k-65534) 279, (65k) 29 
CBF freq dist: (1) 104, (1-100) 2115, (100-1000) 161, (1k-2k) 132, (2k-3k) 66, (3k-5k) 62, (5k-65534) 15, (65k) 0 
collected one batch of samples. pages to migrate = 650 
start promoting 190 pages
move page ret -1 
move page error: 12
got ENOMEM. trying against with 38 pages 
second promote attempt return -1
pages migrated: 475, lfu # items: 6549, lfu sample size: 11300000, samples: 11300000, node 0 mem 78120
CBF freq dist: (1) 590, (1-100) 3254, (100-1000) 2667, (1k-2k) 64, (2k-3k) 170, (3k-5k) 85, (5k-65534) 280, (65k) 29 
CBF freq dist: (1) 72, (1-100) 2122, (100-1000) 195, (1k-2k) 128, (2k-3k) 41, (3k-5k) 87, (5k-65534) 22, (65k) 0 
collected one batch of samples. pages to migrate = 637 
start promoting 189 pages
move page ret -1 
move page error: 12
got ENOMEM. trying against with 37 pages 
second promote attempt return -1
pages migrated: 475, lfu # items: 6552, lfu sample size: 11400000, samples: 11400000, node 0 mem 78424
CBF freq dist: (1) 592, (1-100) 3249, (100-1000) 2675, (1k-2k) 60, (2k-3k) 173, (3k-5k) 86, (5k-65534) 278, (65k) 31 
CBF freq dist: (1) 32, (1-100) 2088, (100-1000) 248, (1k-2k) 137, (2k-3k) 37, (3k-5k) 76, (5k-65534) 40, (65k) 0 
collected one batch of samples. pages to migrate = 645 
start promoting 189 pages
move page ret -1 
move page error: 12
got ENOMEM. trying against with 37 pages 
second promote attempt return -1
pages migrated: 475, lfu # items: 6552, lfu sample size: 11500000, samples: 11500000, node 0 mem 78424
CBF freq dist: (1) 592, (1-100) 3243, (100-1000) 2680, (1k-2k) 61, (2k-3k) 170, (3k-5k) 89, (5k-65534) 275, (65k) 34 
CBF freq dist: (1) 8, (1-100) 2074, (100-1000) 285, (1k-2k) 136, (2k-3k) 38, (3k-5k) 63, (5k-65534) 55, (65k) 0 
[DEBUG] Halving CBF counters.
collected one batch of samples. pages to migrate = 645 
start promoting 186 pages
move page ret -1 
move page error: 12
got ENOMEM. trying against with 37 pages 
second promote attempt return -1
pages migrated: 475, lfu # items: 6553, lfu sample size: 11600000, samples: 11600000, node 0 mem 78424
CBF freq dist: (1) 592, (1-100) 3240, (100-1000) 2684, (1k-2k) 60, (2k-3k) 171, (3k-5k) 89, (5k-65534) 271, (65k) 38 
CBF freq dist: (1) 131, (1-100) 2192, (100-1000) 303, (1k-2k) 71, (2k-3k) 35, (3k-5k) 44, (5k-65534) 12, (65k) 0 
collected one batch of samples. pages to migrate = 643 
start promoting 186 pages
move page ret -1 
move page error: 12
got ENOMEM. trying against with 37 pages 
second promote attempt return -1
pages migrated: 475, lfu # items: 6559, lfu sample size: 11700000, samples: 11700000, node 0 mem 78424
CBF freq dist: (1) 591, (1-100) 3243, (100-1000) 2683, (1k-2k) 61, (2k-3k) 172, (3k-5k) 91, (5k-65534) 270, (65k) 39 
CBF freq dist: (1) 103, (1-100) 2150, (100-1000) 366, (1k-2k) 75, (2k-3k) 15, (3k-5k) 49, (5k-65534) 31, (65k) 0 
collected one batch of samples. pages to migrate = 652 
start promoting 189 pages
move page ret -1 
move page error: 12
got ENOMEM. trying against with 37 pages 
second promote attempt return -1
pages migrated: 475, lfu # items: 6570, lfu sample size: 11800000, samples: 11800000, node 0 mem 78424
CBF freq dist: (1) 594, (1-100) 3252, (100-1000) 2684, (1k-2k) 61, (2k-3k) 172, (3k-5k) 92, (5k-65534) 270, (65k) 39 
CBF freq dist: (1) 88, (1-100) 2173, (100-1000) 375, (1k-2k) 81, (2k-3k) 8, (3k-5k) 46, (5k-65534) 43, (65k) 0 
collected one batch of samples. pages to migrate = 654 
start promoting 194 pages
move page ret -1 
move page error: 12
got ENOMEM. trying against with 38 pages 
second promote attempt return -1
pages migrated: 475, lfu # items: 6573, lfu sample size: 11900000, samples: 11900000, node 0 mem 79004
CBF freq dist: (1) 593, (1-100) 3253, (100-1000) 2681, (1k-2k) 65, (2k-3k) 173, (3k-5k) 91, (5k-65534) 268, (65k) 42 
CBF freq dist: (1) 76, (1-100) 2150, (100-1000) 390, (1k-2k) 96, (2k-3k) 8, (3k-5k) 33, (5k-65534) 57, (65k) 0 
collected one batch of samples. pages to migrate = 664 
start promoting 196 pages
move page ret -1 
move page error: 12
got ENOMEM. trying against with 39 pages 
second promote attempt return -1
pages migrated: 475, lfu # items: 6573, lfu sample size: 12000000, samples: 12000000, node 0 mem 79004
CBF freq dist: (1) 593, (1-100) 3250, (100-1000) 2681, (1k-2k) 67, (2k-3k) 170, (3k-5k) 93, (5k-65534) 269, (65k) 43 
CBF freq dist: (1) 67, (1-100) 2139, (100-1000) 394, (1k-2k) 114, (2k-3k) 8, (3k-5k) 12, (5k-65534) 79, (65k) 0 
collected one batch of samples. pages to migrate = 674 
start promoting 201 pages
move page ret -1 
move page error: 12
got ENOMEM. trying against with 40 pages 
second promote attempt return -1
pages migrated: 475, lfu # items: 6573, lfu sample size: 12100000, samples: 12100000, node 0 mem 79004
CBF freq dist: (1) 593, (1-100) 3248, (100-1000) 2675, (1k-2k) 74, (2k-3k) 167, (3k-5k) 97, (5k-65534) 268, (65k) 44 
CBF freq dist: (1) 62, (1-100) 2070, (100-1000) 455, (1k-2k) 127, (2k-3k) 8, (3k-5k) 3, (5k-65534) 88, (65k) 0 
[DEBUG] Halving CBF counters.
collected one batch of samples. pages to migrate = 679 
start promoting 202 pages
move page ret -1 
move page error: 12
got ENOMEM. trying against with 40 pages 
second promote attempt return -1
pages migrated: 475, lfu # items: 6573, lfu sample size: 12200000, samples: 12200000, node 0 mem 78900
CBF freq dist: (1) 593, (1-100) 3246, (100-1000) 2673, (1k-2k) 77, (2k-3k) 157, (3k-5k) 108, (5k-65534) 268, (65k) 44 
CBF freq dist: (1) 98, (1-100) 2181, (100-1000) 420, (1k-2k) 13, (2k-3k) 3, (3k-5k) 53, (5k-65534) 35, (65k) 0 
collected one batch of samples. pages to migrate = 689 
start promoting 201 pages
move page ret -1 
move page error: 12
got ENOMEM. trying against with 40 pages 
second promote attempt return -1
pages migrated: 475, lfu # items: 6573, lfu sample size: 12300000, samples: 12300000, node 0 mem 79144
CBF freq dist: (1) 593, (1-100) 3241, (100-1000) 2673, (1k-2k) 80, (2k-3k) 124, (3k-5k) 141, (5k-65534) 269, (65k) 45 
CBF freq dist: (1) 80, (1-100) 2172, (100-1000) 441, (1k-2k) 19, (2k-3k) 2, (3k-5k) 45, (5k-65534) 44, (65k) 0 
collected one batch of samples. pages to migrate = 701 
start promoting 209 pages
move page ret -1 
move page error: 12
got ENOMEM. trying against with 41 pages 
second promote attempt return -1
pages migrated: 475, lfu # items: 6573, lfu sample size: 12400000, samples: 12400000, node 0 mem 79152
CBF freq dist: (1) 591, (1-100) 3236, (100-1000) 2675, (1k-2k) 80, (2k-3k) 107, (3k-5k) 158, (5k-65534) 271, (65k) 46 
CBF freq dist: (1) 67, (1-100) 2158, (100-1000) 469, (1k-2k) 27, (2k-3k) 2, (3k-5k) 33, (5k-65534) 57, (65k) 0 
collected one batch of samples. pages to migrate = 700 
start promoting 211 pages
move page ret -1 
move page error: 12
got ENOMEM. trying against with 42 pages 
second promote attempt return -1
pages migrated: 475, lfu # items: 6573, lfu sample size: 12500000, samples: 12500000, node 0 mem 79404
CBF freq dist: (1) 591, (1-100) 3230, (100-1000) 2676, (1k-2k) 83, (2k-3k) 96, (3k-5k) 169, (5k-65534) 272, (65k) 47 
CBF freq dist: (1) 69, (1-100) 2124, (100-1000) 509, (1k-2k) 34, (2k-3k) 1, (3k-5k) 12, (5k-65534) 79, (65k) 0 
collected one batch of samples. pages to migrate = 699 
start promoting 213 pages
move page ret -1 
move page error: 12
got ENOMEM. trying against with 42 pages 
second promote attempt return -1
pages migrated: 475, lfu # items: 6573, lfu sample size: 12600000, samples: 12600000, node 0 mem 79404
CBF freq dist: (1) 591, (1-100) 3224, (100-1000) 2678, (1k-2k) 86, (2k-3k) 93, (3k-5k) 170, (5k-65534) 275, (65k) 47 
CBF freq dist: (1) 65, (1-100) 2087, (100-1000) 548, (1k-2k) 39, (2k-3k) 2, (3k-5k) 3, (5k-65534) 88, (65k) 0 
[DEBUG] Halving CBF counters.
collected one batch of samples. pages to migrate = 705 
start promoting 220 pages
move page ret -1 
move page error: 12
got ENOMEM. trying against with 44 pages 
second promote attempt return -1
pages migrated: 475, lfu # items: 6573, lfu sample size: 12700000, samples: 12700000, node 0 mem 79404
CBF freq dist: (1) 591, (1-100) 3222, (100-1000) 2673, (1k-2k) 92, (2k-3k) 87, (3k-5k) 173, (5k-65534) 278, (65k) 48 
CBF freq dist: (1) 34, (1-100) 2195, (100-1000) 426, (1k-2k) 3, (2k-3k) 3, (3k-5k) 62, (5k-65534) 26, (65k) 0 
collected one batch of samples. pages to migrate = 713 
start promoting 225 pages
move page ret -1 
move page error: 12
got ENOMEM. trying against with 45 pages 
second promote attempt return -1
pages migrated: 475, lfu # items: 6573, lfu sample size: 12800000, samples: 12800000, node 0 mem 79404
CBF freq dist: (1) 591, (1-100) 3220, (100-1000) 2663, (1k-2k) 104, (2k-3k) 77, (3k-5k) 179, (5k-65534) 282, (65k) 48 
CBF freq dist: (1) 30, (1-100) 2174, (100-1000) 462, (1k-2k) 4, (2k-3k) 2, (3k-5k) 55, (5k-65534) 34, (65k) 0 
collected one batch of samples. pages to migrate = 742 
start promoting 240 pages
move page ret 232 
move page error: 12
got ENOMEM. trying against with 48 pages 
second promote attempt return -1
pages migrated: 475, lfu # items: 6573, lfu sample size: 12900000, samples: 12900000, node 0 mem 71476
CBF freq dist: (1) 591, (1-100) 3214, (100-1000) 2657, (1k-2k) 116, (2k-3k) 71, (3k-5k) 182, (5k-65534) 285, (65k) 48 
CBF freq dist: (1) 23, (1-100) 2109, (100-1000) 541, (1k-2k) 7, (2k-3k) 1, (3k-5k) 41, (5k-65534) 49, (65k) 0 
collected one batch of samples. pages to migrate = 759 
start promoting 246 pages
move page ret -1 
move page error: 12
got ENOMEM. trying against with 49 pages 
second promote attempt return -1
pages migrated: 475, lfu # items: 6573, lfu sample size: 13000000, samples: 13000000, node 0 mem 71464
CBF freq dist: (1) 590, (1-100) 3206, (100-1000) 2657, (1k-2k) 123, (2k-3k) 61, (3k-5k) 190, (5k-65534) 286, (65k) 50 
CBF freq dist: (1) 28, (1-100) 2080, (100-1000) 637, (1k-2k) 10, (2k-3k) 0, (3k-5k) 34, (5k-65534) 57, (65k) 0 
collected one batch of samples. pages to migrate = 798 
start promoting 270 pages
move page ret 269 
move page error: 12
got ENOMEM. trying against with 54 pages 
second promote attempt return -1
pages migrated: 475, lfu # items: 6582, lfu sample size: 13100000, samples: 13100000, node 0 mem 72260
CBF freq dist: (1) 592, (1-100) 3190, (100-1000) 2676, (1k-2k) 124, (2k-3k) 59, (3k-5k) 187, (5k-65534) 296, (65k) 50 
CBF freq dist: (1) 13, (1-100) 2051, (100-1000) 626, (1k-2k) 79, (2k-3k) 0, (3k-5k) 27, (5k-65534) 64, (65k) 0 
num_perf_record_lost count 300
collected one batch of samples. pages to migrate = 794 
start promoting 264 pages
move page ret -1 
move page error: 12
got ENOMEM. trying against with 52 pages 
second promote attempt return -1
pages migrated: 475, lfu # items: 6585, lfu sample size: 13200000, samples: 13200000, node 0 mem 72260
CBF freq dist: (1) 592, (1-100) 3175, (100-1000) 2693, (1k-2k) 123, (2k-3k) 52, (3k-5k) 185, (5k-65534) 307, (65k) 50 
CBF freq dist: (1) 12, (1-100) 1983, (100-1000) 622, (1k-2k) 151, (2k-3k) 5, (3k-5k) 20, (5k-65534) 71, (65k) 0 
[DEBUG] Halving CBF counters.
collected one batch of samples. pages to migrate = 763 
start promoting 251 pages
move page ret -1 
move page error: 12
got ENOMEM. trying against with 50 pages 
second promote attempt return -1
pages migrated: 475, lfu # items: 6585, lfu sample size: 13300000, samples: 13300000, node 0 mem 72260
CBF freq dist: (1) 592, (1-100) 3164, (100-1000) 2703, (1k-2k) 122, (2k-3k) 48, (3k-5k) 184, (5k-65534) 312, (65k) 52 
CBF freq dist: (1) 60, (1-100) 2238, (100-1000) 491, (1k-2k) 28, (2k-3k) 42, (3k-5k) 45, (5k-65534) 4, (65k) 0 
collected one batch of samples. pages to migrate = 772 
start promoting 257 pages
move page ret -1 
move page error: 12
got ENOMEM. trying against with 51 pages 
second promote attempt return -1
pages migrated: 475, lfu # items: 6585, lfu sample size: 13400000, samples: 13400000, node 0 mem 72260
CBF freq dist: (1) 591, (1-100) 3156, (100-1000) 2709, (1k-2k) 123, (2k-3k) 42, (3k-5k) 186, (5k-65534) 316, (65k) 53 
CBF freq dist: (1) 55, (1-100) 2221, (100-1000) 457, (1k-2k) 77, (2k-3k) 42, (3k-5k) 52, (5k-65534) 5, (65k) 0 
collected one batch of samples. pages to migrate = 777 
start promoting 261 pages
move page ret -1 
move page error: 12
got ENOMEM. trying against with 52 pages 
second promote attempt return -1
pages migrated: 475, lfu # items: 6585, lfu sample size: 13500000, samples: 13500000, node 0 mem 72748
CBF freq dist: (1) 591, (1-100) 3149, (100-1000) 2711, (1k-2k) 126, (2k-3k) 41, (3k-5k) 170, (5k-65534) 334, (65k) 54 
CBF freq dist: (1) 54, (1-100) 2183, (100-1000) 414, (1k-2k) 148, (2k-3k) 36, (3k-5k) 71, (5k-65534) 5, (65k) 0 
collected one batch of samples. pages to migrate = 782 
start promoting 266 pages
move page ret -1 
move page error: 12
got ENOMEM. trying against with 53 pages 
second promote attempt return -1
pages migrated: 475, lfu # items: 6585, lfu sample size: 13600000, samples: 13600000, node 0 mem 71136
CBF freq dist: (1) 591, (1-100) 3140, (100-1000) 2718, (1k-2k) 128, (2k-3k) 40, (3k-5k) 153, (5k-65534) 352, (65k) 54 
CBF freq dist: (1) 54, (1-100) 2132, (100-1000) 453, (1k-2k) 157, (2k-3k) 26, (3k-5k) 84, (5k-65534) 9, (65k) 0 
collected one batch of samples. pages to migrate = 728 
start promoting 251 pages
move page ret -1 
move page error: 12
got ENOMEM. trying against with 50 pages 
second promote attempt return -1
pages migrated: 475, lfu # items: 6585, lfu sample size: 13700000, samples: 13700000, node 0 mem 70776
CBF freq dist: (1) 591, (1-100) 3127, (100-1000) 2727, (1k-2k) 132, (2k-3k) 38, (3k-5k) 154, (5k-65534) 353, (65k) 54 
CBF freq dist: (1) 49, (1-100) 2062, (100-1000) 450, (1k-2k) 230, (2k-3k) 25, (3k-5k) 74, (5k-65534) 22, (65k) 0 
[DEBUG] Halving CBF counters.
collected one batch of samples. pages to migrate = 733 
start promoting 249 pages
move page ret -1 
move page error: 12
got ENOMEM. trying against with 49 pages 
second promote attempt return -1
pages migrated: 475, lfu # items: 6585, lfu sample size: 13800000, samples: 13800000, node 0 mem 71028
CBF freq dist: (1) 591, (1-100) 3119, (100-1000) 2735, (1k-2k) 132, (2k-3k) 38, (3k-5k) 153, (5k-65534) 353, (65k) 55 
CBF freq dist: (1) 21, (1-100) 2246, (100-1000) 453, (1k-2k) 37, (2k-3k) 62, (3k-5k) 21, (5k-65534) 1, (65k) 0 
collected one batch of samples. pages to migrate = 742 
start promoting 250 pages
move page ret -1 
move page error: 12
got ENOMEM. trying against with 50 pages 
second promote attempt return -1
pages migrated: 475, lfu # items: 6585, lfu sample size: 13900000, samples: 13900000, node 0 mem 71028
CBF freq dist: (1) 591, (1-100) 3114, (100-1000) 2740, (1k-2k) 132, (2k-3k) 37, (3k-5k) 154, (5k-65534) 352, (65k) 56 
CBF freq dist: (1) 19, (1-100) 2225, (100-1000) 458, (1k-2k) 51, (2k-3k) 51, (3k-5k) 40, (5k-65534) 1, (65k) 0 
collected one batch of samples. pages to migrate = 718 
start promoting 248 pages
move page ret -1 
move page error: 12
got ENOMEM. trying against with 49 pages 
second promote attempt return -1
pages migrated: 475, lfu # items: 6585, lfu sample size: 14000000, samples: 14000000, node 0 mem 71028
CBF freq dist: (1) 590, (1-100) 3106, (100-1000) 2746, (1k-2k) 133, (2k-3k) 36, (3k-5k) 154, (5k-65534) 351, (65k) 59 
CBF freq dist: (1) 18, (1-100) 2202, (100-1000) 364, (1k-2k) 171, (2k-3k) 22, (3k-5k) 67, (5k-65534) 3, (65k) 0 
collected one batch of samples. pages to migrate = 742 
start promoting 245 pages
move page ret 244 
move page error: 12
got ENOMEM. trying against with 49 pages 
second promote attempt return -1
pages migrated: 475, lfu # items: 6585, lfu sample size: 14100000, samples: 14100000, node 0 mem 70360
CBF freq dist: (1) 590, (1-100) 3101, (100-1000) 2748, (1k-2k) 136, (2k-3k) 33, (3k-5k) 157, (5k-65534) 350, (65k) 60 
CBF freq dist: (1) 13, (1-100) 2179, (100-1000) 358, (1k-2k) 202, (2k-3k) 6, (3k-5k) 79, (5k-65534) 10, (65k) 0 
collected one batch of samples. pages to migrate = 744 
start promoting 247 pages
move page ret -1 
move page error: 12
got ENOMEM. trying against with 49 pages 
second promote attempt return -1
pages migrated: 475, lfu # items: 6585, lfu sample size: 14200000, samples: 14200000, node 0 mem 70360
CBF freq dist: (1) 590, (1-100) 3099, (100-1000) 2749, (1k-2k) 137, (2k-3k) 31, (3k-5k) 158, (5k-65534) 350, (65k) 61 
CBF freq dist: (1) 12, (1-100) 2163, (100-1000) 373, (1k-2k) 195, (2k-3k) 16, (3k-5k) 67, (5k-65534) 23, (65k) 0 
collected one batch of samples. pages to migrate = 746 
start promoting 242 pages
move page ret -1 
move page error: 12
got ENOMEM. trying against with 48 pages 
second promote attempt return -1
pages migrated: 475, lfu # items: 6585, lfu sample size: 14300000, samples: 14300000, node 0 mem 71412
CBF freq dist: (1) 590, (1-100) 3093, (100-1000) 2751, (1k-2k) 141, (2k-3k) 29, (3k-5k) 158, (5k-65534) 350, (65k) 63 
CBF freq dist: (1) 11, (1-100) 2147, (100-1000) 394, (1k-2k) 165, (2k-3k) 47, (3k-5k) 48, (5k-65534) 42, (65k) 0 
[DEBUG] Halving CBF counters.
collected one batch of samples. pages to migrate = 686 
start promoting 215 pages
move page ret -1 
move page error: 12
got ENOMEM. trying against with 43 pages 
second promote attempt return -1
pages migrated: 475, lfu # items: 6585, lfu sample size: 14400000, samples: 14400000, node 0 mem 71412
CBF freq dist: (1) 590, (1-100) 3091, (100-1000) 2753, (1k-2k) 141, (2k-3k) 29, (3k-5k) 158, (5k-65534) 349, (65k) 64 
CBF freq dist: (1) 74, (1-100) 2246, (100-1000) 342, (1k-2k) 159, (2k-3k) 51, (3k-5k) 37, (5k-65534) 1, (65k) 0 
collected one batch of samples. pages to migrate = 684 
start promoting 225 pages
move page ret -1 
move page error: 12
got ENOMEM. trying against with 45 pages 
second promote attempt return -1
pages migrated: 475, lfu # items: 6585, lfu sample size: 14500000, samples: 14500000, node 0 mem 71412
CBF freq dist: (1) 590, (1-100) 3087, (100-1000) 2757, (1k-2k) 141, (2k-3k) 29, (3k-5k) 158, (5k-65534) 349, (65k) 64 
CBF freq dist: (1) 71, (1-100) 2247, (100-1000) 324, (1k-2k) 167, (2k-3k) 36, (3k-5k) 64, (5k-65534) 1, (65k) 0 
collected one batch of samples. pages to migrate = 683 
start promoting 230 pages
move page ret -1 
move page error: 12
got ENOMEM. trying against with 46 pages 
second promote attempt return -1
pages migrated: 475, lfu # items: 6585, lfu sample size: 14600000, samples: 14600000, node 0 mem 71412
CBF freq dist: (1) 589, (1-100) 3086, (100-1000) 2757, (1k-2k) 142, (2k-3k) 29, (3k-5k) 158, (5k-65534) 347, (65k) 66 
CBF freq dist: (1) 66, (1-100) 2240, (100-1000) 330, (1k-2k) 153, (2k-3k) 34, (3k-5k) 74, (5k-65534) 11, (65k) 0 
collected one batch of samples. pages to migrate = 696 
start promoting 223 pages
move page ret -1 
move page error: 12
got ENOMEM. trying against with 44 pages 
second promote attempt return -1
pages migrated: 475, lfu # items: 6585, lfu sample size: 14700000, samples: 14700000, node 0 mem 71412
CBF freq dist: (1) 589, (1-100) 3086, (100-1000) 2757, (1k-2k) 142, (2k-3k) 29, (3k-5k) 155, (5k-65534) 345, (65k) 71 
CBF freq dist: (1) 65, (1-100) 2239, (100-1000) 335, (1k-2k) 107, (2k-3k) 76, (3k-5k) 68, (5k-65534) 21, (65k) 0 
collected one batch of samples. pages to migrate = 726 
start promoting 238 pages
move page ret -1 
move page error: 12
got ENOMEM. trying against with 47 pages 
second promote attempt return -1
pages migrated: 475, lfu # items: 6586, lfu sample size: 14800000, samples: 14800000, node 0 mem 71412
CBF freq dist: (1) 589, (1-100) 3086, (100-1000) 2758, (1k-2k) 141, (2k-3k) 29, (3k-5k) 153, (5k-65534) 347, (65k) 72 
CBF freq dist: (1) 64, (1-100) 2232, (100-1000) 343, (1k-2k) 62, (2k-3k) 112, (3k-5k) 71, (5k-65534) 28, (65k) 0 
[DEBUG] Halving CBF counters.
collected one batch of samples. pages to migrate = 707 
start promoting 232 pages
move page ret -1 
move page error: 12
got ENOMEM. trying against with 46 pages 
second promote attempt return -1
pages migrated: 475, lfu # items: 6586, lfu sample size: 14900000, samples: 14900000, node 0 mem 71432
CBF freq dist: (1) 589, (1-100) 3082, (100-1000) 2761, (1k-2k) 141, (2k-3k) 30, (3k-5k) 150, (5k-65534) 349, (65k) 73 
CBF freq dist: (1) 3, (1-100) 2214, (100-1000) 322, (1k-2k) 162, (2k-3k) 63, (3k-5k) 27, (5k-65534) 0, (65k) 0 
[DEBUG] Number of hot pages promoted in 50 batches = 0 
[INFO] Reached promotion plateau. cur hot page size 1558183936, fast mem 80% 3435973836
[INFO] Decrease hot thresh to 900.
collected one batch of samples. pages to migrate = 828 
start promoting 313 pages
move page ret -1 
move page error: 12
got ENOMEM. trying against with 62 pages 
second promote attempt return -1
pages migrated: 475, lfu # items: 6586, lfu sample size: 15000000, samples: 15000000, node 0 mem 71432
CBF freq dist: (1) 589, (1-100) 3082, (100-1000) 2754, (1k-2k) 148, (2k-3k) 28, (3k-5k) 146, (5k-65534) 353, (65k) 75 
CBF freq dist: (1) 1, (1-100) 2207, (100-1000) 320, (1k-2k) 151, (2k-3k) 73, (3k-5k) 32, (5k-65534) 10, (65k) 0 
collected one batch of samples. pages to migrate = 841 
start promoting 318 pages
move page ret -1 
move page error: 12
got ENOMEM. trying against with 63 pages 
second promote attempt return -1
pages migrated: 475, lfu # items: 6587, lfu sample size: 15100000, samples: 15100000, node 0 mem 71432
CBF freq dist: (1) 588, (1-100) 3082, (100-1000) 2754, (1k-2k) 149, (2k-3k) 26, (3k-5k) 146, (5k-65534) 354, (65k) 76 
CBF freq dist: (1) 3, (1-100) 2199, (100-1000) 328, (1k-2k) 137, (2k-3k) 54, (3k-5k) 62, (5k-65534) 17, (65k) 0 
collected one batch of samples. pages to migrate = 815 
start promoting 305 pages
move page ret -1 
move page error: 12
got ENOMEM. trying against with 61 pages 
second promote attempt return -1
pages migrated: 475, lfu # items: 6587, lfu sample size: 15200000, samples: 15200000, node 0 mem 71000
CBF freq dist: (1) 588, (1-100) 3082, (100-1000) 2754, (1k-2k) 149, (2k-3k) 24, (3k-5k) 147, (5k-65534) 355, (65k) 76 
CBF freq dist: (1) 4, (1-100) 2193, (100-1000) 334, (1k-2k) 126, (2k-3k) 52, (3k-5k) 73, (5k-65534) 21, (65k) 0 
collected one batch of samples. pages to migrate = 447 
start promoting 162 pages
move page ret -1 
move page error: 12
got ENOMEM. trying against with 32 pages 
Trial Time:          10.52989
second promote attempt return 0
pages migrated: 475, lfu # items: 6587, lfu sample size: 15300000, samples: 15300000, node 0 mem 779204
CBF freq dist: (1) 588, (1-100) 3082, (100-1000) 2754, (1k-2k) 149, (2k-3k) 23, (3k-5k) 148, (5k-65534) 353, (65k) 78 
CBF freq dist: (1) 4, (1-100) 2190, (100-1000) 337, (1k-2k) 83, (2k-3k) 90, (3k-5k) 65, (5k-65534) 35, (65k) 0 
collected one batch of samples. pages to migrate = 629 
start promoting 498 pages
move page ret 123 
move page error: 12
got ENOMEM. trying against with 99 pages 
second promote attempt return -1
pages migrated: 475, lfu # items: 6587, lfu sample size: 15400000, samples: 15400000, node 0 mem 77068
CBF freq dist: (1) 588, (1-100) 3078, (100-1000) 2753, (1k-2k) 154, (2k-3k) 23, (3k-5k) 148, (5k-65534) 352, (65k) 79 
CBF freq dist: (1) -3, (1-100) 2151, (100-1000) 384, (1k-2k) 49, (2k-3k) 100, (3k-5k) 78, (5k-65534) 48, (65k) 0 
[DEBUG] Halving CBF counters.
collected one batch of samples. pages to migrate = 603 
start promoting 159 pages
move page ret -1 
move page error: 12
got ENOMEM. trying against with 31 pages 
second promote attempt return -1
pages migrated: 475, lfu # items: 6604, lfu sample size: 15500000, samples: 15500000, node 0 mem 77068
CBF freq dist: (1) 592, (1-100) 3094, (100-1000) 2754, (1k-2k) 153, (2k-3k) 24, (3k-5k) 148, (5k-65534) 352, (65k) 79 
CBF freq dist: (1) 75, (1-100) 2259, (100-1000) 302, (1k-2k) 161, (2k-3k) 61, (3k-5k) 44, (5k-65534) 0, (65k) 0 
collected one batch of samples. pages to migrate = 750 
start promoting 216 pages
move page ret -1 
move page error: 12
got ENOMEM. trying against with 43 pages 
second promote attempt return -1
pages migrated: 475, lfu # items: 6604, lfu sample size: 15600000, samples: 15600000, node 0 mem 77068
CBF freq dist: (1) 592, (1-100) 3093, (100-1000) 2755, (1k-2k) 153, (2k-3k) 24, (3k-5k) 148, (5k-65534) 351, (65k) 80 
CBF freq dist: (1) 74, (1-100) 2260, (100-1000) 301, (1k-2k) 121, (2k-3k) 78, (3k-5k) 68, (5k-65534) 3, (65k) 0 
collected one batch of samples. pages to migrate = 513 
start promoting 209 pages
move page ret 202 
move page error: 12
got ENOMEM. trying against with 41 pages 
second promote attempt return -1
pages migrated: 475, lfu # items: 6607, lfu sample size: 15700000, samples: 15700000, node 0 mem 76512
CBF freq dist: (1) 595, (1-100) 3095, (100-1000) 2755, (1k-2k) 154, (2k-3k) 24, (3k-5k) 148, (5k-65534) 351, (65k) 80 
CBF freq dist: (1) 74, (1-100) 2256, (100-1000) 308, (1k-2k) 98, (2k-3k) 79, (3k-5k) 80, (5k-65534) 15, (65k) 0 
collected one batch of samples. pages to migrate = 624 
start promoting 226 pages
move page ret -1 
move page error: 12
got ENOMEM. trying against with 45 pages 
second promote attempt return -1
pages migrated: 475, lfu # items: 6607, lfu sample size: 15800000, samples: 15800000, node 0 mem 76204
CBF freq dist: (1) 595, (1-100) 3094, (100-1000) 2755, (1k-2k) 155, (2k-3k) 23, (3k-5k) 148, (5k-65534) 351, (65k) 81 
CBF freq dist: (1) 74, (1-100) 2250, (100-1000) 304, (1k-2k) 86, (2k-3k) 101, (3k-5k) 65, (5k-65534) 33, (65k) 0 
collected one batch of samples. pages to migrate = 593 
start promoting 195 pages
move page ret -1 
move page error: 12
got ENOMEM. trying against with 39 pages 
second promote attempt return -1
pages migrated: 475, lfu # items: 6607, lfu sample size: 15900000, samples: 15900000, node 0 mem 76404
CBF freq dist: (1) 594, (1-100) 3092, (100-1000) 2757, (1k-2k) 155, (2k-3k) 23, (3k-5k) 146, (5k-65534) 351, (65k) 83 
CBF freq dist: (1) 71, (1-100) 2237, (100-1000) 312, (1k-2k) 78, (2k-3k) 103, (3k-5k) 61, (5k-65534) 49, (65k) 0 
[DEBUG] Halving CBF counters.
collected one batch of samples. pages to migrate = 698 
start promoting 246 pages
move page ret -1 
move page error: 12
got ENOMEM. trying against with 49 pages 
second promote attempt return -1
pages migrated: 475, lfu # items: 6607, lfu sample size: 16000000, samples: 16000000, node 0 mem 76404
CBF freq dist: (1) 594, (1-100) 3091, (100-1000) 2757, (1k-2k) 156, (2k-3k) 22, (3k-5k) 147, (5k-65534) 349, (65k) 85 
CBF freq dist: (1) 81, (1-100) 2396, (100-1000) 146, (1k-2k) 142, (2k-3k) 40, (3k-5k) 36, (5k-65534) 11, (65k) 0 
collected one batch of samples. pages to migrate = 595 
start promoting 192 pages
move page ret -1 
move page error: 12
got ENOMEM. trying against with 38 pages 
second promote attempt return -1
pages migrated: 475, lfu # items: 6607, lfu sample size: 16100000, samples: 16100000, node 0 mem 76404
CBF freq dist: (1) 594, (1-100) 3090, (100-1000) 2756, (1k-2k) 158, (2k-3k) 22, (3k-5k) 146, (5k-65534) 350, (65k) 85 
CBF freq dist: (1) 73, (1-100) 2380, (100-1000) 130, (1k-2k) 161, (2k-3k) 28, (3k-5k) 58, (5k-65534) 16, (65k) 0 
collected one batch of samples. pages to migrate = 622 
start promoting 221 pages
move page ret -1 
move page error: 12
got ENOMEM. trying against with 44 pages 
second promote attempt return -1
pages migrated: 475, lfu # items: 6607, lfu sample size: 16200000, samples: 16200000, node 0 mem 76564
CBF freq dist: (1) 594, (1-100) 3090, (100-1000) 2756, (1k-2k) 158, (2k-3k) 22, (3k-5k) 145, (5k-65534) 351, (65k) 85 
CBF freq dist: (1) 70, (1-100) 2355, (100-1000) 141, (1k-2k) 156, (2k-3k) 40, (3k-5k) 64, (5k-65534) 21, (65k) 0 
collected one batch of samples. pages to migrate = 706 
start promoting 259 pages
move page ret -1 
move page error: 12
got ENOMEM. trying against with 51 pages 
second promote attempt return -1
pages migrated: 475, lfu # items: 6607, lfu sample size: 16300000, samples: 16300000, node 0 mem 76564
CBF freq dist: (1) 594, (1-100) 3090, (100-1000) 2754, (1k-2k) 159, (2k-3k) 23, (3k-5k) 145, (5k-65534) 351, (65k) 85 
CBF freq dist: (1) 68, (1-100) 2316, (100-1000) 174, (1k-2k) 118, (2k-3k) 81, (3k-5k) 61, (5k-65534) 27, (65k) 0 
collected one batch of samples. pages to migrate = 694 
start promoting 245 pages
move page ret -1 
move page error: 12
got ENOMEM. trying against with 49 pages 
second promote attempt return -1
pages migrated: 475, lfu # items: 6607, lfu sample size: 16400000, samples: 16400000, node 0 mem 75780
CBF freq dist: (1) 594, (1-100) 3090, (100-1000) 2754, (1k-2k) 159, (2k-3k) 23, (3k-5k) 144, (5k-65534) 352, (65k) 85 
CBF freq dist: (1) 66, (1-100) 2270, (100-1000) 219, (1k-2k) 93, (2k-3k) 100, (3k-5k) 59, (5k-65534) 37, (65k) 0 
collected one batch of samples. pages to migrate = 705 
start promoting 257 pages
move page ret -1 
move page error: 12
got ENOMEM. trying against with 51 pages 
second promote attempt return -1
pages migrated: 475, lfu # items: 6607, lfu sample size: 16500000, samples: 16500000, node 0 mem 76888
CBF freq dist: (1) 593, (1-100) 3089, (100-1000) 2752, (1k-2k) 162, (2k-3k) 22, (3k-5k) 143, (5k-65534) 354, (65k) 85 
CBF freq dist: (1) 68, (1-100) 2245, (100-1000) 249, (1k-2k) 66, (2k-3k) 107, (3k-5k) 62, (5k-65534) 54, (65k) 0 
[DEBUG] Halving CBF counters.
collected one batch of samples. pages to migrate = 573 
start promoting 199 pages
move page ret -1 
move page error: 12
got ENOMEM. trying against with 39 pages 
second promote attempt return -1
pages migrated: 475, lfu # items: 6608, lfu sample size: 16600000, samples: 16600000, node 0 mem 76888
CBF freq dist: (1) 592, (1-100) 3090, (100-1000) 2752, (1k-2k) 162, (2k-3k) 22, (3k-5k) 143, (5k-65534) 353, (65k) 86 
CBF freq dist: (1) 151, (1-100) 2353, (100-1000) 102, (1k-2k) 171, (2k-3k) 48, (3k-5k) 37, (5k-65534) 11, (65k) 0 
collected one batch of samples. pages to migrate = 684 
start promoting 241 pages
move page ret -1 
move page error: 12
got ENOMEM. trying against with 48 pages 
second promote attempt return -1
pages migrated: 475, lfu # items: 6609, lfu sample size: 16700000, samples: 16700000, node 0 mem 76888
CBF freq dist: (1) 593, (1-100) 3091, (100-1000) 2752, (1k-2k) 161, (2k-3k) 23, (3k-5k) 142, (5k-65534) 354, (65k) 86 
CBF freq dist: (1) 142, (1-100) 2332, (100-1000) 117, (1k-2k) 156, (2k-3k) 45, (3k-5k) 60, (5k-65534) 18, (65k) 0 
collected one batch of samples. pages to migrate = 692 
start promoting 258 pages
move page ret -1 
move page error: 12
got ENOMEM. trying against with 51 pages 
second promote attempt return -1
pages migrated: 475, lfu # items: 6609, lfu sample size: 16800000, samples: 16800000, node 0 mem 76888
CBF freq dist: (1) 593, (1-100) 3091, (100-1000) 2749, (1k-2k) 164, (2k-3k) 23, (3k-5k) 140, (5k-65534) 356, (65k) 86 
CBF freq dist: (1) 140, (1-100) 2302, (100-1000) 148, (1k-2k) 133, (2k-3k) 57, (3k-5k) 69, (5k-65534) 25, (65k) 0 
collected one batch of samples. pages to migrate = 747 
start promoting 283 pages
move page ret -1 
move page error: 12
got ENOMEM. trying against with 56 pages 
second promote attempt return -1
pages migrated: 475, lfu # items: 6609, lfu sample size: 16900000, samples: 16900000, node 0 mem 77320
CBF freq dist: (1) 593, (1-100) 3091, (100-1000) 2746, (1k-2k) 167, (2k-3k) 23, (3k-5k) 135, (5k-65534) 361, (65k) 86 
CBF freq dist: (1) 137, (1-100) 2270, (100-1000) 184, (1k-2k) 96, (2k-3k) 82, (3k-5k) 77, (5k-65534) 32, (65k) 0 
collected one batch of samples. pages to migrate = 772 
start promoting 307 pages
move page ret -1 
move page error: 12
got ENOMEM. trying against with 61 pages 
second promote attempt return -1
pages migrated: 475, lfu # items: 6609, lfu sample size: 17000000, samples: 17000000, node 0 mem 77148
CBF freq dist: (1) 593, (1-100) 3091, (100-1000) 2742, (1k-2k) 171, (2k-3k) 22, (3k-5k) 131, (5k-65534) 366, (65k) 86 
CBF freq dist: (1) 130, (1-100) 2223, (100-1000) 229, (1k-2k) 60, (2k-3k) 109, (3k-5k) 73, (5k-65534) 47, (65k) 0 
[DEBUG] Halving CBF counters.
collected one batch of samples. pages to migrate = 749 
start promoting 287 pages
move page ret -1 
move page error: 12
got ENOMEM. trying against with 57 pages 
second promote attempt return -1
pages migrated: 475, lfu # items: 6609, lfu sample size: 17100000, samples: 17100000, node 0 mem 77148
CBF freq dist: (1) 593, (1-100) 3091, (100-1000) 2741, (1k-2k) 172, (2k-3k) 22, (3k-5k) 129, (5k-65534) 368, (65k) 86 
CBF freq dist: (1) 152, (1-100) 2274, (100-1000) 98, (1k-2k) 152, (2k-3k) 57, (3k-5k) 39, (5k-65534) 9, (65k) 0 
collected one batch of samples. pages to migrate = 695 
start promoting 272 pages
move page ret -1 
move page error: 12
got ENOMEM. trying against with 54 pages 
second promote attempt return -1
pages migrated: 475, lfu # items: 6610, lfu sample size: 17200000, samples: 17200000, node 0 mem 77148
CBF freq dist: (1) 593, (1-100) 3092, (100-1000) 2740, (1k-2k) 172, (2k-3k) 23, (3k-5k) 128, (5k-65534) 369, (65k) 86 
CBF freq dist: (1) 124, (1-100) 2250, (100-1000) 122, (1k-2k) 149, (2k-3k) 51, (3k-5k) 57, (5k-65534) 12, (65k) 0 
collected one batch of samples. pages to migrate = 768 
start promoting 313 pages
move page ret -1 
move page error: 12
got ENOMEM. trying against with 62 pages 
second promote attempt return -1
pages migrated: 475, lfu # items: 6610, lfu sample size: 17300000, samples: 17300000, node 0 mem 77832
CBF freq dist: (1) 593, (1-100) 3092, (100-1000) 2736, (1k-2k) 176, (2k-3k) 23, (3k-5k) 127, (5k-65534) 370, (65k) 86 
CBF freq dist: (1) 117, (1-100) 2202, (100-1000) 174, (1k-2k) 136, (2k-3k) 36, (3k-5k) 78, (5k-65534) 22, (65k) 0 
collected one batch of samples. pages to migrate = 807 
start promoting 320 pages
move page ret -1 
move page error: 12
got ENOMEM. trying against with 64 pages 
second promote attempt return -1
pages migrated: 475, lfu # items: 6610, lfu sample size: 17400000, samples: 17400000, node 0 mem 77896
CBF freq dist: (1) 593, (1-100) 3092, (100-1000) 2733, (1k-2k) 178, (2k-3k) 24, (3k-5k) 123, (5k-65534) 374, (65k) 86 
CBF freq dist: (1) 105, (1-100) 2140, (100-1000) 230, (1k-2k) 141, (2k-3k) 25, (3k-5k) 80, (5k-65534) 36, (65k) 0 
collected one batch of samples. pages to migrate = 830 
start promoting 339 pages
move page ret -1 
move page error: 12
got ENOMEM. trying against with 67 pages 
second promote attempt return -1
pages migrated: 475, lfu # items: 6612, lfu sample size: 17500000, samples: 17500000, node 0 mem 77872
CBF freq dist: (1) 595, (1-100) 3090, (100-1000) 2736, (1k-2k) 179, (2k-3k) 23, (3k-5k) 119, (5k-65534) 378, (65k) 87 
CBF freq dist: (1) 77, (1-100) 2125, (100-1000) 264, (1k-2k) 139, (2k-3k) 27, (3k-5k) 70, (5k-65534) 50, (65k) 0 
collected one batch of samples. pages to migrate = 822 
start promoting 336 pages
move page ret -1 
move page error: 12
got ENOMEM. trying against with 67 pages 
second promote attempt return -1
pages migrated: 475, lfu # items: 6612, lfu sample size: 17600000, samples: 17600000, node 0 mem 77872
CBF freq dist: (1) 595, (1-100) 3089, (100-1000) 2734, (1k-2k) 182, (2k-3k) 23, (3k-5k) 118, (5k-65534) 379, (65k) 87 
CBF freq dist: (1) 58, (1-100) 2122, (100-1000) 280, (1k-2k) 140, (2k-3k) 28, (3k-5k) 51, (5k-65534) 69, (65k) 0 
[DEBUG] Halving CBF counters.
collected one batch of samples. pages to migrate = 824 
start promoting 334 pages
move page ret -1 
move page error: 12
got ENOMEM. trying against with 66 pages 
second promote attempt return -1
pages migrated: 475, lfu # items: 6616, lfu sample size: 17700000, samples: 17700000, node 0 mem 77872
CBF freq dist: (1) 596, (1-100) 3093, (100-1000) 2733, (1k-2k) 183, (2k-3k) 22, (3k-5k) 115, (5k-65534) 383, (65k) 87 
CBF freq dist: (1) 116, (1-100) 2150, (100-1000) 347, (1k-2k) 55, (2k-3k) 19, (3k-5k) 63, (5k-65534) 18, (65k) 0 
collected one batch of samples. pages to migrate = 830 
start promoting 343 pages
move page ret -1 
move page error: 12
got ENOMEM. trying against with 68 pages 
second promote attempt return -1
pages migrated: 475, lfu # items: 6617, lfu sample size: 17800000, samples: 17800000, node 0 mem 77872
CBF freq dist: (1) 596, (1-100) 3094, (100-1000) 2733, (1k-2k) 183, (2k-3k) 21, (3k-5k) 110, (5k-65534) 389, (65k) 87 
CBF freq dist: (1) 88, (1-100) 2136, (100-1000) 364, (1k-2k) 66, (2k-3k) 15, (3k-5k) 46, (5k-65534) 41, (65k) 0 
collected one batch of samples. pages to migrate = 836 
start promoting 346 pages
move page ret -1 
move page error: 12
got ENOMEM. trying against with 69 pages 
second promote attempt return -1
pages migrated: 475, lfu # items: 6617, lfu sample size: 17900000, samples: 17900000, node 0 mem 77872
CBF freq dist: (1) 596, (1-100) 3094, (100-1000) 2730, (1k-2k) 186, (2k-3k) 21, (3k-5k) 107, (5k-65534) 391, (65k) 88 
CBF freq dist: (1) 68, (1-100) 2126, (100-1000) 374, (1k-2k) 74, (2k-3k) 15, (3k-5k) 34, (5k-65534) 54, (65k) 0 
collected one batch of samples. pages to migrate = 851 
start promoting 350 pages
move page ret 347 
move page error: 12
got ENOMEM. trying against with 70 pages 
second promote attempt return -1
pages migrated: 475, lfu # items: 6619, lfu sample size: 18000000, samples: 18000000, node 0 mem 78532
CBF freq dist: (1) 596, (1-100) 3095, (100-1000) 2725, (1k-2k) 192, (2k-3k) 21, (3k-5k) 106, (5k-65534) 392, (65k) 88 
CBF freq dist: (1) 63, (1-100) 2113, (100-1000) 392, (1k-2k) 80, (2k-3k) 17, (3k-5k) 15, (5k-65534) 74, (65k) 0 
collected one batch of samples. pages to migrate = 867 
start promoting 351 pages
move page ret -1 
move page error: 12
got ENOMEM. trying against with 70 pages 
second promote attempt return -1
pages migrated: 475, lfu # items: 6619, lfu sample size: 18100000, samples: 18100000, node 0 mem 78524
CBF freq dist: (1) 596, (1-100) 3093, (100-1000) 2724, (1k-2k) 195, (2k-3k) 21, (3k-5k) 101, (5k-65534) 397, (65k) 88 
CBF freq dist: (1) 46, (1-100) 2096, (100-1000) 403, (1k-2k) 93, (2k-3k) 17, (3k-5k) 6, (5k-65534) 85, (65k) 0 
[DEBUG] Halving CBF counters.
collected one batch of samples. pages to migrate = 874 
start promoting 357 pages
move page ret -1 
move page error: 12
got ENOMEM. trying against with 71 pages 
second promote attempt return -1
pages migrated: 475, lfu # items: 6620, lfu sample size: 18200000, samples: 18200000, node 0 mem 78524
CBF freq dist: (1) 596, (1-100) 3094, (100-1000) 2721, (1k-2k) 198, (2k-3k) 21, (3k-5k) 98, (5k-65534) 400, (65k) 88 
CBF freq dist: (1) 18, (1-100) 2157, (100-1000) 397, (1k-2k) 22, (2k-3k) 8, (3k-5k) 52, (5k-65534) 29, (65k) 0 
collected one batch of samples. pages to migrate = 866 
start promoting 361 pages
move page ret -1 
move page error: 12
got ENOMEM. trying against with 72 pages 
second promote attempt return -1
pages migrated: 475, lfu # items: 6624, lfu sample size: 18300000, samples: 18300000, node 0 mem 78524
CBF freq dist: (1) 596, (1-100) 3098, (100-1000) 2717, (1k-2k) 202, (2k-3k) 20, (3k-5k) 97, (5k-65534) 401, (65k) 89 
CBF freq dist: (1) 9, (1-100) 2156, (100-1000) 410, (1k-2k) 27, (2k-3k) 2, (3k-5k) 46, (5k-65534) 43, (65k) 0 
collected one batch of samples. pages to migrate = 871 
start promoting 364 pages
move page ret -1 
move page error: 12
got ENOMEM. trying against with 72 pages 
second promote attempt return -1
pages migrated: 475, lfu # items: 6624, lfu sample size: 18400000, samples: 18400000, node 0 mem 78524
CBF freq dist: (1) 596, (1-100) 3098, (100-1000) 2714, (1k-2k) 205, (2k-3k) 19, (3k-5k) 96, (5k-65534) 403, (65k) 89 
CBF freq dist: (1) 7, (1-100) 2142, (100-1000) 431, (1k-2k) 32, (2k-3k) 1, (3k-5k) 41, (5k-65534) 49, (65k) 0 
collected one batch of samples. pages to migrate = 888 
start promoting 373 pages
move page ret -1 
move page error: 12
got ENOMEM. trying against with 74 pages 
second promote attempt return -1
pages migrated: 475, lfu # items: 6624, lfu sample size: 18500000, samples: 18500000, node 0 mem 78524
CBF freq dist: (1) 595, (1-100) 3097, (100-1000) 2711, (1k-2k) 209, (2k-3k) 19, (3k-5k) 95, (5k-65534) 404, (65k) 89 
CBF freq dist: (1) 5, (1-100) 2103, (100-1000) 470, (1k-2k) 42, (2k-3k) 1, (3k-5k) 26, (5k-65534) 64, (65k) 0 
collected one batch of samples. pages to migrate = 907 
start promoting 387 pages
move page ret -1 
move page error: 12
got ENOMEM. trying against with 77 pages 
second promote attempt return -1
pages migrated: 475, lfu # items: 6624, lfu sample size: 18600000, samples: 18600000, node 0 mem 78524
CBF freq dist: (1) 595, (1-100) 3096, (100-1000) 2705, (1k-2k) 216, (2k-3k) 18, (3k-5k) 90, (5k-65534) 410, (65k) 89 
CBF freq dist: (1) 7, (1-100) 2029, (100-1000) 544, (1k-2k) 52, (2k-3k) 1, (3k-5k) 6, (5k-65534) 85, (65k) 0 
collected one batch of samples. pages to migrate = 915 
start promoting 325 pages
move page ret -1 
move page error: 12
got ENOMEM. trying against with 65 pages 
second promote attempt return -1
pages migrated: 475, lfu # items: 6624, lfu sample size: 18700000, samples: 18700000, node 0 mem 77752
CBF freq dist: (1) 595, (1-100) 3095, (100-1000) 2694, (1k-2k) 228, (2k-3k) 18, (3k-5k) 86, (5k-65534) 414, (65k) 89 
CBF freq dist: (1) 3, (1-100) 1914, (100-1000) 660, (1k-2k) 60, (2k-3k) 1, (3k-5k) 2, (5k-65534) 89, (65k) 0 
[DEBUG] Halving CBF counters.
collected one batch of samples. pages to migrate = 939 
start promoting 411 pages
move page ret -1 
move page error: 12
got ENOMEM. trying against with 82 pages 
second promote attempt return -1
pages migrated: 475, lfu # items: 6634, lfu sample size: 18800000, samples: 18800000, node 0 mem 78428
CBF freq dist: (1) 596, (1-100) 3098, (100-1000) 2698, (1k-2k) 231, (2k-3k) 14, (3k-5k) 86, (5k-65534) 418, (65k) 89 
CBF freq dist: (1) 56, (1-100) 2188, (100-1000) 496, (1k-2k) 10, (2k-3k) 17, (3k-5k) 64, (5k-65534) 8, (65k) 0 
collected one batch of samples. pages to migrate = 935 
start promoting 412 pages
move page ret -1 
move page error: 12
got ENOMEM. trying against with 82 pages 
second promote attempt return -1
pages migrated: 475, lfu # items: 6645, lfu sample size: 18900000, samples: 18900000, node 0 mem 78428
CBF freq dist: (1) 597, (1-100) 3104, (100-1000) 2702, (1k-2k) 231, (2k-3k) 14, (3k-5k) 82, (5k-65534) 423, (65k) 89 
CBF freq dist: (1) 50, (1-100) 2185, (100-1000) 499, (1k-2k) 29, (2k-3k) 12, (3k-5k) 70, (5k-65534) 12, (65k) 0 
collected one batch of samples. pages to migrate = 961 
start promoting 425 pages
move page ret -1 
move page error: 12
got ENOMEM. trying against with 85 pages 
second promote attempt return -1
pages migrated: 475, lfu # items: 6646, lfu sample size: 19000000, samples: 19000000, node 0 mem 78428
CBF freq dist: (1) 597, (1-100) 3099, (100-1000) 2707, (1k-2k) 232, (2k-3k) 12, (3k-5k) 75, (5k-65534) 432, (65k) 89 
CBF freq dist: (1) 39, (1-100) 2146, (100-1000) 461, (1k-2k) 107, (2k-3k) 6, (3k-5k) 73, (5k-65534) 17, (65k) 0 
collected one batch of samples. pages to migrate = 964 
start promoting 436 pages
move page ret -1 
move page error: 12
got ENOMEM. trying against with 87 pages 
second promote attempt return -1
pages migrated: 475, lfu # items: 6646, lfu sample size: 19100000, samples: 19100000, node 0 mem 78428
CBF freq dist: (1) 597, (1-100) 3097, (100-1000) 2706, (1k-2k) 235, (2k-3k) 12, (3k-5k) 71, (5k-65534) 436, (65k) 89 
CBF freq dist: (1) 39, (1-100) 2105, (100-1000) 433, (1k-2k) 170, (2k-3k) 22, (3k-5k) 70, (5k-65534) 22, (65k) 0 
collected one batch of samples. pages to migrate = 963 
start promoting 438 pages
move page ret -1 
move page error: 12
got ENOMEM. trying against with 87 pages 
second promote attempt return -1
pages migrated: 475, lfu # items: 6646, lfu sample size: 19200000, samples: 19200000, node 0 mem 78428
CBF freq dist: (1) 597, (1-100) 3095, (100-1000) 2701, (1k-2k) 242, (2k-3k) 11, (3k-5k) 68, (5k-65534) 440, (65k) 89 
CBF freq dist: (1) 39, (1-100) 2037, (100-1000) 476, (1k-2k) 189, (2k-3k) 19, (3k-5k) 71, (5k-65534) 33, (65k) 0 
[DEBUG] Halving CBF counters.
collected one batch of samples. pages to migrate = 921 
start promoting 405 pages
move page ret -1 
move page error: 12
got ENOMEM. trying against with 81 pages 
second promote attempt return -1
pages migrated: 475, lfu # items: 6646, lfu sample size: 19300000, samples: 19300000, node 0 mem 78428
CBF freq dist: (1) 596, (1-100) 3094, (100-1000) 2699, (1k-2k) 245, (2k-3k) 10, (3k-5k) 69, (5k-65534) 440, (65k) 89 
CBF freq dist: (1) 35, (1-100) 2211, (100-1000) 457, (1k-2k) 40, (2k-3k) 59, (3k-5k) 27, (5k-65534) 0, (65k) 0 
collected one batch of samples. pages to migrate = 848 
start promoting 376 pages
move page ret 372 
move page error: 12
got ENOMEM. trying against with 75 pages 
second promote attempt return 83
pages migrated: 475, lfu # items: 6648, lfu sample size: 19400000, samples: 19400000, node 0 mem 78684
CBF freq dist: (1) 596, (1-100) 3082, (100-1000) 2713, (1k-2k) 245, (2k-3k) 10, (3k-5k) 68, (5k-65534) 441, (65k) 89 
CBF freq dist: (1) 31, (1-100) 2196, (100-1000) 476, (1k-2k) 39, (2k-3k) 50, (3k-5k) 43, (5k-65534) 0, (65k) 0 
collected one batch of samples. pages to migrate = 905 
start promoting 408 pages
move page ret -1 
move page error: 12
got ENOMEM. trying against with 81 pages 
second promote attempt return -1
pages migrated: 475, lfu # items: 6650, lfu sample size: 19500000, samples: 19500000, node 0 mem 78684
CBF freq dist: (1) 596, (1-100) 3077, (100-1000) 2720, (1k-2k) 245, (2k-3k) 10, (3k-5k) 68, (5k-65534) 441, (65k) 89 
CBF freq dist: (1) 25, (1-100) 2149, (100-1000) 477, (1k-2k) 93, (2k-3k) 37, (3k-5k) 54, (5k-65534) 3, (65k) 0 
collected one batch of samples. pages to migrate = 948 
start promoting 434 pages
move page ret -1 
move page error: 12
got ENOMEM. trying against with 86 pages 
second promote attempt return -1
pages migrated: 475, lfu # items: 6651, lfu sample size: 19600000, samples: 19600000, node 0 mem 78548
CBF freq dist: (1) 595, (1-100) 3076, (100-1000) 2721, (1k-2k) 246, (2k-3k) 10, (3k-5k) 67, (5k-65534) 442, (65k) 89 
CBF freq dist: (1) 23, (1-100) 2122, (100-1000) 427, (1k-2k) 169, (2k-3k) 9, (3k-5k) 76, (5k-65534) 12, (65k) 0 
collected one batch of samples. pages to migrate = 979 
start promoting 460 pages
move page ret -1 
move page error: 12
got ENOMEM. trying against with 92 pages 
second promote attempt return -1
pages migrated: 475, lfu # items: 6651, lfu sample size: 19700000, samples: 19700000, node 0 mem 78484
CBF freq dist: (1) 595, (1-100) 3075, (100-1000) 2720, (1k-2k) 248, (2k-3k) 10, (3k-5k) 67, (5k-65534) 442, (65k) 89 
CBF freq dist: (1) 23, (1-100) 2079, (100-1000) 436, (1k-2k) 181, (2k-3k) 26, (3k-5k) 73, (5k-65534) 20, (65k) 0 
collected one batch of samples. pages to migrate = 1001 
start promoting 474 pages
move page ret -1 
move page error: 12
got ENOMEM. trying against with 94 pages 
second promote attempt return -1
pages migrated: 475, lfu # items: 6651, lfu sample size: 19800000, samples: 19800000, node 0 mem 78736
CBF freq dist: (1) 595, (1-100) 3074, (100-1000) 2716, (1k-2k) 253, (2k-3k) 10, (3k-5k) 66, (5k-65534) 443, (65k) 89 
CBF freq dist: (1) 24, (1-100) 2029, (100-1000) 484, (1k-2k) 162, (2k-3k) 46, (3k-5k) 64, (5k-65534) 32, (65k) 0 
[DEBUG] Halving CBF counters.
collected one batch of samples. pages to migrate = 980 
start promoting 454 pages
move page ret -1 
move page error: 12
got ENOMEM. trying against with 90 pages 
second promote attempt return -1
pages migrated: 475, lfu # items: 6653, lfu sample size: 19900000, samples: 19900000, node 0 mem 78736
CBF freq dist: (1) 595, (1-100) 3074, (100-1000) 2717, (1k-2k) 254, (2k-3k) 10, (3k-5k) 66, (5k-65534) 443, (65k) 89 
CBF freq dist: (1) 25, (1-100) 2213, (100-1000) 413, (1k-2k) 86, (2k-3k) 60, (3k-5k) 27, (5k-65534) 0, (65k) 0 
[DEBUG] Number of hot pages promoted in 50 batches = 0 
[INFO] Reached promotion plateau. cur hot page size 2051014656, fast mem 80% 3435973836
[INFO] Decrease hot thresh to 800.
collected one batch of samples. pages to migrate = 1133 
start promoting 623 pages
move page ret -1 
move page error: 12
got ENOMEM. trying against with 124 pages 
second promote attempt return -1
pages migrated: 475, lfu # items: 6653, lfu sample size: 20000000, samples: 20000000, node 0 mem 78736
CBF freq dist: (1) 594, (1-100) 3072, (100-1000) 2718, (1k-2k) 255, (2k-3k) 10, (3k-5k) 66, (5k-65534) 443, (65k) 89 
CBF freq dist: (1) 24, (1-100) 2200, (100-1000) 340, (1k-2k) 162, (2k-3k) 59, (3k-5k) 33, (5k-65534) 10, (65k) 0 
collected one batch of samples. pages to migrate = 1072 
start promoting 572 pages
move page ret -1 
move page error: 12
got ENOMEM. trying against with 114 pages 
second promote attempt return -1
pages migrated: 475, lfu # items: 6654, lfu sample size: 20100000, samples: 20100000, node 0 mem 78736
CBF freq dist: (1) 592, (1-100) 3071, (100-1000) 2720, (1k-2k) 254, (2k-3k) 11, (3k-5k) 66, (5k-65534) 443, (65k) 89 
CBF freq dist: (1) 25, (1-100) 2196, (100-1000) 325, (1k-2k) 165, (2k-3k) 51, (3k-5k) 60, (5k-65534) 12, (65k) 0 
collected one batch of samples. pages to migrate = 1271 
start promoting 735 pages
move page ret -1 
move page error: 12
got ENOMEM. trying against with 147 pages 
second promote attempt return -1
pages migrated: 475, lfu # items: 6654, lfu sample size: 20200000, samples: 20200000, node 0 mem 78736
CBF freq dist: (1) 592, (1-100) 3071, (100-1000) 2714, (1k-2k) 260, (2k-3k) 11, (3k-5k) 66, (5k-65534) 443, (65k) 89 
CBF freq dist: (1) 22, (1-100) 2179, (100-1000) 336, (1k-2k) 157, (2k-3k) 43, (3k-5k) 75, (5k-65534) 20, (65k) 0 
collected one batch of samples. pages to migrate = 1145 
start promoting 629 pages
move page ret -1 
move page error: 12
got ENOMEM. trying against with 125 pages 
second promote attempt return -1
pages migrated: 475, lfu # items: 6654, lfu sample size: 20300000, samples: 20300000, node 0 mem 78736
CBF freq dist: (1) 592, (1-100) 3069, (100-1000) 2714, (1k-2k) 262, (2k-3k) 11, (3k-5k) 66, (5k-65534) 443, (65k) 89 
CBF freq dist: (1) 21, (1-100) 2167, (100-1000) 349, (1k-2k) 144, (2k-3k) 42, (3k-5k) 85, (5k-65534) 25, (65k) 0 
[DEBUG] Halving CBF counters.
collected one batch of samples. pages to migrate = 415 
start promoting 156 pages
move page ret -1 
move page error: 12
got ENOMEM. trying against with 31 pages 
second promote attempt return -1
pages migrated: 475, lfu # items: 6654, lfu sample size: 20400000, samples: 20400000, node 0 mem 78328
CBF freq dist: (1) 592, (1-100) 3069, (100-1000) 2714, (1k-2k) 262, (2k-3k) 11, (3k-5k) 66, (5k-65534) 443, (65k) 89 
CBF freq dist: (1) 32, (1-100) 2209, (100-1000) 362, (1k-2k) 135, (2k-3k) 52, (3k-5k) 34, (5k-65534) 0, (65k) 0 
collected one batch of samples. pages to migrate = 482 
start promoting 93 pages
Trial Time:          10.92083
move page ret 5 
move page error: 12
got ENOMEM. trying against with 18 pages 
second promote attempt return 0
pages migrated: 475, lfu # items: 6654, lfu sample size: 20500000, samples: 20500000, node 0 mem 401100
CBF freq dist: (1) 592, (1-100) 3069, (100-1000) 2714, (1k-2k) 262, (2k-3k) 11, (3k-5k) 66, (5k-65534) 443, (65k) 89 
CBF freq dist: (1) 33, (1-100) 2211, (100-1000) 318, (1k-2k) 172, (2k-3k) 34, (3k-5k) 59, (5k-65534) 0, (65k) 0 
collected one batch of samples. pages to migrate = 754 
start promoting 625 pages
move page ret 624 
move page error: 12
got ENOMEM. trying against with 125 pages 
second promote attempt return -1
pages migrated: 475, lfu # items: 6654, lfu sample size: 20600000, samples: 20600000, node 0 mem 73764
CBF freq dist: (1) 592, (1-100) 3069, (100-1000) 2710, (1k-2k) 266, (2k-3k) 11, (3k-5k) 64, (5k-65534) 445, (65k) 89 
CBF freq dist: (1) 38, (1-100) 2176, (100-1000) 360, (1k-2k) 125, (2k-3k) 66, (3k-5k) 68, (5k-65534) 8, (65k) 0 
num_perf_record_lost count 400
collected one batch of samples. pages to migrate = 680 
start promoting 177 pages
move page ret -1 
move page error: 12
got ENOMEM. trying against with 35 pages 
second promote attempt return -1
pages migrated: 475, lfu # items: 6654, lfu sample size: 20700000, samples: 20700000, node 0 mem 73764
CBF freq dist: (1) 592, (1-100) 3069, (100-1000) 2710, (1k-2k) 265, (2k-3k) 12, (3k-5k) 61, (5k-65534) 448, (65k) 89 
CBF freq dist: (1) 39, (1-100) 2174, (100-1000) 361, (1k-2k) 87, (2k-3k) 92, (3k-5k) 80, (5k-65534) 13, (65k) 0 
collected one batch of samples. pages to migrate = 780 
start promoting 266 pages
move page ret -1 
move page error: 12
got ENOMEM. trying against with 53 pages 
second promote attempt return -1
pages migrated: 475, lfu # items: 6654, lfu sample size: 20800000, samples: 20800000, node 0 mem 73764
CBF freq dist: (1) 592, (1-100) 3068, (100-1000) 2711, (1k-2k) 264, (2k-3k) 13, (3k-5k) 59, (5k-65534) 450, (65k) 89 
CBF freq dist: (1) 35, (1-100) 2177, (100-1000) 364, (1k-2k) 58, (2k-3k) 86, (3k-5k) 106, (5k-65534) 23, (65k) 0 
collected one batch of samples. pages to migrate = 565 
start promoting 265 pages
move page ret -1 
move page error: 12
got ENOMEM. trying against with 53 pages 
second promote attempt return -1
pages migrated: 475, lfu # items: 6654, lfu sample size: 20900000, samples: 20900000, node 0 mem 73764
CBF freq dist: (1) 592, (1-100) 3068, (100-1000) 2711, (1k-2k) 264, (2k-3k) 13, (3k-5k) 55, (5k-65534) 454, (65k) 89 
CBF freq dist: (1) 37, (1-100) 2178, (100-1000) 364, (1k-2k) 28, (2k-3k) 100, (3k-5k) 110, (5k-65534) 37, (65k) 0 
[DEBUG] Halving CBF counters.
collected one batch of samples. pages to migrate = 489 
start promoting 215 pages
move page ret -1 
move page error: 12
got ENOMEM. trying against with 43 pages 
second promote attempt return -1
pages migrated: 475, lfu # items: 6656, lfu sample size: 21000000, samples: 21000000, node 0 mem 72952
CBF freq dist: (1) 594, (1-100) 3070, (100-1000) 2710, (1k-2k) 265, (2k-3k) 13, (3k-5k) 54, (5k-65534) 455, (65k) 89 
CBF freq dist: (1) 91, (1-100) 2228, (100-1000) 293, (1k-2k) 130, (2k-3k) 106, (3k-5k) 26, (5k-65534) 0, (65k) 0 
collected one batch of samples. pages to migrate = 621 
start promoting 301 pages
move page ret -1 
move page error: 12
got ENOMEM. trying against with 60 pages 
second promote attempt return -1
pages migrated: 475, lfu # items: 6656, lfu sample size: 21100000, samples: 21100000, node 0 mem 72952
CBF freq dist: (1) 593, (1-100) 3070, (100-1000) 2710, (1k-2k) 265, (2k-3k) 13, (3k-5k) 52, (5k-65534) 457, (65k) 89 
CBF freq dist: (1) 92, (1-100) 2225, (100-1000) 295, (1k-2k) 109, (2k-3k) 98, (3k-5k) 59, (5k-65534) 0, (65k) 0 
collected one batch of samples. pages to migrate = 518 
start promoting 242 pages
move page ret -1 
move page error: 12
got ENOMEM. trying against with 48 pages 
second promote attempt return -1
pages migrated: 475, lfu # items: 6656, lfu sample size: 21200000, samples: 21200000, node 0 mem 72952
CBF freq dist: (1) 593, (1-100) 3070, (100-1000) 2710, (1k-2k) 265, (2k-3k) 12, (3k-5k) 50, (5k-65534) 460, (65k) 89 
CBF freq dist: (1) 89, (1-100) 2217, (100-1000) 301, (1k-2k) 68, (2k-3k) 94, (3k-5k) 95, (5k-65534) 12, (65k) 0 
collected one batch of samples. pages to migrate = 550 
start promoting 259 pages
move page ret -1 
move page error: 12
got ENOMEM. trying against with 51 pages 
second promote attempt return -1
pages migrated: 475, lfu # items: 6656, lfu sample size: 21300000, samples: 21300000, node 0 mem 70596
CBF freq dist: (1) 592, (1-100) 3070, (100-1000) 2710, (1k-2k) 264, (2k-3k) 13, (3k-5k) 48, (5k-65534) 462, (65k) 89 
CBF freq dist: (1) 88, (1-100) 2215, (100-1000) 302, (1k-2k) 23, (2k-3k) 117, (3k-5k) 113, (5k-65534) 19, (65k) 0 
collected one batch of samples. pages to migrate = 408 
start promoting 177 pages
move page ret -1 
move page error: 12
got ENOMEM. trying against with 35 pages 
second promote attempt return -1
pages migrated: 475, lfu # items: 6656, lfu sample size: 21400000, samples: 21400000, node 0 mem 72300
CBF freq dist: (1) 591, (1-100) 3070, (100-1000) 2710, (1k-2k) 263, (2k-3k) 14, (3k-5k) 46, (5k-65534) 464, (65k) 89 
CBF freq dist: (1) 90, (1-100) 2215, (100-1000) 303, (1k-2k) 17, (2k-3k) 107, (3k-5k) 121, (5k-65534) 28, (65k) 0 
[DEBUG] Halving CBF counters.
collected one batch of samples. pages to migrate = 554 
start promoting 257 pages
move page ret -1 
move page error: 12
got ENOMEM. trying against with 51 pages 
second promote attempt return -1
pages migrated: 475, lfu # items: 6656, lfu sample size: 21500000, samples: 21500000, node 0 mem 72300
CBF freq dist: (1) 591, (1-100) 3070, (100-1000) 2710, (1k-2k) 263, (2k-3k) 14, (3k-5k) 46, (5k-65534) 464, (65k) 89 
CBF freq dist: (1) 147, (1-100) 2326, (100-1000) 119, (1k-2k) 141, (2k-3k) 92, (3k-5k) 28, (5k-65534) 0, (65k) 0 
collected one batch of samples. pages to migrate = 491 
start promoting 219 pages
move page ret -1 
move page error: 12
got ENOMEM. trying against with 43 pages 
second promote attempt return -1
pages migrated: 475, lfu # items: 6657, lfu sample size: 21600000, samples: 21600000, node 0 mem 72300
CBF freq dist: (1) 592, (1-100) 3071, (100-1000) 2710, (1k-2k) 263, (2k-3k) 14, (3k-5k) 43, (5k-65534) 467, (65k) 89 
CBF freq dist: (1) 141, (1-100) 2326, (100-1000) 123, (1k-2k) 119, (2k-3k) 90, (3k-5k) 56, (5k-65534) 0, (65k) 0 
collected one batch of samples. pages to migrate = 519 
start promoting 225 pages
move page ret -1 
move page error: 12
got ENOMEM. trying against with 45 pages 
second promote attempt return -1
pages migrated: 475, lfu # items: 6657, lfu sample size: 21700000, samples: 21700000, node 0 mem 72300
CBF freq dist: (1) 592, (1-100) 3071, (100-1000) 2710, (1k-2k) 263, (2k-3k) 14, (3k-5k) 41, (5k-65534) 469, (65k) 89 
CBF freq dist: (1) 132, (1-100) 2327, (100-1000) 121, (1k-2k) 100, (2k-3k) 62, (3k-5k) 98, (5k-65534) 10, (65k) 0 
collected one batch of samples. pages to migrate = 573 
start promoting 265 pages
move page ret -1 
move page error: 12
got ENOMEM. trying against with 53 pages 
second promote attempt return -1
pages migrated: 475, lfu # items: 6657, lfu sample size: 21800000, samples: 21800000, node 0 mem 72300
CBF freq dist: (1) 592, (1-100) 3071, (100-1000) 2710, (1k-2k) 263, (2k-3k) 14, (3k-5k) 41, (5k-65534) 469, (65k) 89 
CBF freq dist: (1) 126, (1-100) 2329, (100-1000) 119, (1k-2k) 36, (2k-3k) 112, (3k-5k) 106, (5k-65534) 18, (65k) 0 
collected one batch of samples. pages to migrate = 633 
start promoting 280 pages
move page ret -1 
move page error: 12
got ENOMEM. trying against with 56 pages 
second promote attempt return -1
pages migrated: 475, lfu # items: 6657, lfu sample size: 21900000, samples: 21900000, node 0 mem 72300
CBF freq dist: (1) 592, (1-100) 3071, (100-1000) 2708, (1k-2k) 265, (2k-3k) 14, (3k-5k) 40, (5k-65534) 470, (65k) 89 
CBF freq dist: (1) 118, (1-100) 2334, (100-1000) 119, (1k-2k) 20, (2k-3k) 116, (3k-5k) 109, (5k-65534) 29, (65k) 0 
collected one batch of samples. pages to migrate = 921 
start promoting 483 pages
move page ret -1 
move page error: 12
got ENOMEM. trying against with 96 pages 
second promote attempt return -1
pages migrated: 475, lfu # items: 6657, lfu sample size: 22000000, samples: 22000000, node 0 mem 72300
CBF freq dist: (1) 592, (1-100) 3071, (100-1000) 2704, (1k-2k) 269, (2k-3k) 14, (3k-5k) 38, (5k-65534) 472, (65k) 89 
CBF freq dist: (1) 116, (1-100) 2277, (100-1000) 174, (1k-2k) 15, (2k-3k) 100, (3k-5k) 118, (5k-65534) 44, (65k) 0 
[DEBUG] Halving CBF counters.
collected one batch of samples. pages to migrate = 958 
start promoting 543 pages
move page ret -1 
move page error: 12
got ENOMEM. trying against with 108 pages 
second promote attempt return -1
pages migrated: 475, lfu # items: 6657, lfu sample size: 22100000, samples: 22100000, node 0 mem 72300
CBF freq dist: (1) 592, (1-100) 3071, (100-1000) 2704, (1k-2k) 269, (2k-3k) 14, (3k-5k) 38, (5k-65534) 472, (65k) 89 
CBF freq dist: (1) 338, (1-100) 2290, (100-1000) 95, (1k-2k) 139, (2k-3k) 69, (3k-5k) 50, (5k-65534) 6, (65k) 0 
collected one batch of samples. pages to migrate = 899 
start promoting 491 pages
move page ret -1 
move page error: 12
got ENOMEM. trying against with 98 pages 
second promote attempt return -1
pages migrated: 475, lfu # items: 6662, lfu sample size: 22200000, samples: 22200000, node 0 mem 72300
CBF freq dist: (1) 594, (1-100) 3073, (100-1000) 2707, (1k-2k) 269, (2k-3k) 14, (3k-5k) 38, (5k-65534) 472, (65k) 89 
CBF freq dist: (1) 508, (1-100) 2893, (100-1000) 96, (1k-2k) 140, (2k-3k) 43, (3k-5k) 65, (5k-65534) 21, (65k) 0 
collected one batch of samples. pages to migrate = 998 
start promoting 539 pages
move page ret -1 
move page error: 12
got ENOMEM. trying against with 107 pages 
second promote attempt return -1
pages migrated: 475, lfu # items: 6671, lfu sample size: 22300000, samples: 22300000, node 0 mem 72300
CBF freq dist: (1) 595, (1-100) 3075, (100-1000) 2714, (1k-2k) 269, (2k-3k) 14, (3k-5k) 38, (5k-65534) 472, (65k) 89 
CBF freq dist: (1) 445, (1-100) 2932, (100-1000) 93, (1k-2k) 150, (2k-3k) 45, (3k-5k) 51, (5k-65534) 35, (65k) 0 
collected one batch of samples. pages to migrate = 963 
start promoting 511 pages
move page ret -1 
move page error: 12
got ENOMEM. trying against with 102 pages 
second promote attempt return -1
pages migrated: 475, lfu # items: 6671, lfu sample size: 22400000, samples: 22400000, node 0 mem 72300
CBF freq dist: (1) 595, (1-100) 3071, (100-1000) 2718, (1k-2k) 269, (2k-3k) 14, (3k-5k) 37, (5k-65534) 473, (65k) 89 
CBF freq dist: (1) 408, (1-100) 2939, (100-1000) 106, (1k-2k) 147, (2k-3k) 45, (3k-5k) 22, (5k-65534) 69, (65k) 0 
collected one batch of samples. pages to migrate = 938 
start promoting 479 pages
move page ret -1 
move page error: 12
got ENOMEM. trying against with 95 pages 
second promote attempt return -1
pages migrated: 475, lfu # items: 6672, lfu sample size: 22500000, samples: 22500000, node 0 mem 72300
CBF freq dist: (1) 595, (1-100) 3070, (100-1000) 2719, (1k-2k) 270, (2k-3k) 14, (3k-5k) 35, (5k-65534) 474, (65k) 90 
CBF freq dist: (1) 392, (1-100) 2922, (100-1000) 129, (1k-2k) 148, (2k-3k) 44, (3k-5k) 6, (5k-65534) 86, (65k) 0 
[DEBUG] Halving CBF counters.
collected one batch of samples. pages to migrate = 902 
start promoting 480 pages
move page ret -1 
move page error: 12
got ENOMEM. trying against with 96 pages 
second promote attempt return -1
pages migrated: 475, lfu # items: 6672, lfu sample size: 22600000, samples: 22600000, node 0 mem 72300
CBF freq dist: (1) 595, (1-100) 3070, (100-1000) 2719, (1k-2k) 270, (2k-3k) 14, (3k-5k) 34, (5k-65534) 474, (65k) 91 
CBF freq dist: (1) 414, (1-100) 2617, (100-1000) 192, (1k-2k) 62, (2k-3k) 7, (3k-5k) 62, (5k-65534) 20, (65k) 0 
collected one batch of samples. pages to migrate = 997 
start promoting 550 pages
move page ret -1 
move page error: 12
got ENOMEM. trying against with 110 pages 
second promote attempt return -1
pages migrated: 475, lfu # items: 6672, lfu sample size: 22700000, samples: 22700000, node 0 mem 72652
CBF freq dist: (1) 594, (1-100) 3067, (100-1000) 2722, (1k-2k) 270, (2k-3k) 14, (3k-5k) 33, (5k-65534) 475, (65k) 91 
CBF freq dist: (1) 359, (1-100) 2630, (100-1000) 178, (1k-2k) 78, (2k-3k) 4, (3k-5k) 51, (5k-65534) 35, (65k) 0 
collected one batch of samples. pages to migrate = 1118 
start promoting 627 pages
move page ret -1 
move page error: 12
got ENOMEM. trying against with 125 pages 
second promote attempt return -1
pages migrated: 475, lfu # items: 6672, lfu sample size: 22800000, samples: 22800000, node 0 mem 72652
CBF freq dist: (1) 594, (1-100) 3067, (100-1000) 2720, (1k-2k) 271, (2k-3k) 15, (3k-5k) 33, (5k-65534) 475, (65k) 91 
CBF freq dist: (1) 341, (1-100) 2618, (100-1000) 183, (1k-2k) 94, (2k-3k) 3, (3k-5k) 31, (5k-65534) 58, (65k) 0 
collected one batch of samples. pages to migrate = 1088 
start promoting 597 pages
move page ret -1 
move page error: 12
got ENOMEM. trying against with 119 pages 
second promote attempt return -1
pages migrated: 475, lfu # items: 6672, lfu sample size: 22900000, samples: 22900000, node 0 mem 72652
CBF freq dist: (1) 594, (1-100) 3066, (100-1000) 2718, (1k-2k) 274, (2k-3k) 15, (3k-5k) 33, (5k-65534) 475, (65k) 91 
CBF freq dist: (1) 326, (1-100) 2580, (100-1000) 194, (1k-2k) 130, (2k-3k) 3, (3k-5k) 10, (5k-65534) 79, (65k) 0 
collected one batch of samples. pages to migrate = 1142 
start promoting 634 pages
move page ret -1 
move page error: 12
got ENOMEM. trying against with 126 pages 
second promote attempt return -1
pages migrated: 475, lfu # items: 6672, lfu sample size: 23000000, samples: 23000000, node 0 mem 72652
CBF freq dist: (1) 592, (1-100) 3064, (100-1000) 2719, (1k-2k) 275, (2k-3k) 15, (3k-5k) 33, (5k-65534) 475, (65k) 91 
CBF freq dist: (1) 375, (1-100) 2789, (100-1000) 201, (1k-2k) 162, (2k-3k) 6, (3k-5k) 3, (5k-65534) 86, (65k) 0 
collected one batch of samples. pages to migrate = 1097 
start promoting 619 pages
move page ret -1 
move page error: 12
got ENOMEM. trying against with 123 pages 
second promote attempt return -1
pages migrated: 475, lfu # items: 6672, lfu sample size: 23100000, samples: 23100000, node 0 mem 72652
CBF freq dist: (1) 592, (1-100) 3064, (100-1000) 2719, (1k-2k) 275, (2k-3k) 15, (3k-5k) 32, (5k-65534) 476, (65k) 91 
CBF freq dist: (1) 366, (1-100) 2750, (100-1000) 225, (1k-2k) 173, (2k-3k) 11, (3k-5k) 5, (5k-65534) 86, (65k) 0 
[DEBUG] Halving CBF counters.
collected one batch of samples. pages to migrate = 1067 
start promoting 580 pages
move page ret -1 
move page error: 12
got ENOMEM. trying against with 116 pages 
second promote attempt return -1
pages migrated: 475, lfu # items: 6672, lfu sample size: 23200000, samples: 23200000, node 0 mem 72652
CBF freq dist: (1) 592, (1-100) 3062, (100-1000) 2721, (1k-2k) 275, (2k-3k) 15, (3k-5k) 32, (5k-65534) 476, (65k) 91 
CBF freq dist: (1) 202, (1-100) 2533, (100-1000) 241, (1k-2k) 26, (2k-3k) 4, (3k-5k) 51, (5k-65534) 35, (65k) 0 
collected one batch of samples. pages to migrate = 1139 
start promoting 640 pages
move page ret -1 
move page error: 12
got ENOMEM. trying against with 128 pages 
second promote attempt return -1
pages migrated: 475, lfu # items: 6672, lfu sample size: 23300000, samples: 23300000, node 0 mem 72652
CBF freq dist: (1) 592, (1-100) 3062, (100-1000) 2721, (1k-2k) 275, (2k-3k) 15, (3k-5k) 32, (5k-65534) 476, (65k) 91 
CBF freq dist: (1) 185, (1-100) 2473, (100-1000) 299, (1k-2k) 39, (2k-3k) 3, (3k-5k) 34, (5k-65534) 54, (65k) 0 
collected one batch of samples. pages to migrate = 1211 
start promoting 711 pages
move page ret -1 
move page error: 12
got ENOMEM. trying against with 142 pages 
second promote attempt return -1
pages migrated: 475, lfu # items: 6672, lfu sample size: 23400000, samples: 23400000, node 0 mem 72652
CBF freq dist: (1) 592, (1-100) 3062, (100-1000) 2718, (1k-2k) 278, (2k-3k) 15, (3k-5k) 32, (5k-65534) 476, (65k) 91 
CBF freq dist: (1) 176, (1-100) 2407, (100-1000) 363, (1k-2k) 47, (2k-3k) 3, (3k-5k) 14, (5k-65534) 75, (65k) 0 
collected one batch of samples. pages to migrate = 1316 
start promoting 808 pages
move page ret -1 
move page error: 12
got ENOMEM. trying against with 161 pages 
second promote attempt return -1
pages migrated: 475, lfu # items: 6672, lfu sample size: 23500000, samples: 23500000, node 0 mem 72652
CBF freq dist: (1) 592, (1-100) 3061, (100-1000) 2710, (1k-2k) 287, (2k-3k) 14, (3k-5k) 33, (5k-65534) 476, (65k) 91 
CBF freq dist: (1) 171, (1-100) 2356, (100-1000) 406, (1k-2k) 63, (2k-3k) 3, (3k-5k) 4, (5k-65534) 85, (65k) 0 
collected one batch of samples. pages to migrate = 1293 
start promoting 776 pages
move page ret -1 
move page error: 12
got ENOMEM. trying against with 155 pages 
second promote attempt return -1
pages migrated: 475, lfu # items: 6672, lfu sample size: 23600000, samples: 23600000, node 0 mem 72652
CBF freq dist: (1) 592, (1-100) 3060, (100-1000) 2705, (1k-2k) 293, (2k-3k) 14, (3k-5k) 33, (5k-65534) 476, (65k) 91 
CBF freq dist: (1) 165, (1-100) 2333, (100-1000) 382, (1k-2k) 110, (2k-3k) 5, (3k-5k) 5, (5k-65534) 86, (65k) 0 
[DEBUG] Halving CBF counters.
collected one batch of samples. pages to migrate = 1242 
start promoting 719 pages
move page ret -1 
move page error: 12
got ENOMEM. trying against with 143 pages 
second promote attempt return -1
pages migrated: 475, lfu # items: 6673, lfu sample size: 23700000, samples: 23700000, node 0 mem 72960
CBF freq dist: (1) 592, (1-100) 3061, (100-1000) 2702, (1k-2k) 295, (2k-3k) 15, (3k-5k) 29, (5k-65534) 480, (65k) 91 
CBF freq dist: (1) 173, (1-100) 2275, (100-1000) 385, (1k-2k) 14, (2k-3k) 2, (3k-5k) 54, (5k-65534) 32, (65k) 0 
collected one batch of samples. pages to migrate = 1100 
start promoting 664 pages
move page ret -1 
move page error: 12
got ENOMEM. trying against with 132 pages 
second promote attempt return -1
pages migrated: 475, lfu # items: 6674, lfu sample size: 23800000, samples: 23800000, node 0 mem 72960
CBF freq dist: (1) 592, (1-100) 3062, (100-1000) 2698, (1k-2k) 299, (2k-3k) 15, (3k-5k) 29, (5k-65534) 480, (65k) 91 
CBF freq dist: (1) 156, (1-100) 2247, (100-1000) 421, (1k-2k) 17, (2k-3k) 1, (3k-5k) 40, (5k-65534) 48, (65k) 0 
collected one batch of samples. pages to migrate = 1220 
start promoting 745 pages
move page ret -1 
move page error: 12
got ENOMEM. trying against with 149 pages 
second promote attempt return -1
pages migrated: 475, lfu # items: 6678, lfu sample size: 23900000, samples: 23900000, node 0 mem 72960
CBF freq dist: (1) 592, (1-100) 3066, (100-1000) 2693, (1k-2k) 303, (2k-3k) 16, (3k-5k) 29, (5k-65534) 480, (65k) 91 
CBF freq dist: (1) 150, (1-100) 2244, (100-1000) 419, (1k-2k) 27, (2k-3k) 0, (3k-5k) 24, (5k-65534) 65, (65k) 0 
collected one batch of samples. pages to migrate = 1356 
start promoting 858 pages
move page ret -1 
move page error: 12
got ENOMEM. trying against with 171 pages 
second promote attempt return -1
pages migrated: 475, lfu # items: 6679, lfu sample size: 24000000, samples: 24000000, node 0 mem 72960
CBF freq dist: (1) 593, (1-100) 3067, (100-1000) 2685, (1k-2k) 311, (2k-3k) 16, (3k-5k) 28, (5k-65534) 481, (65k) 91 
CBF freq dist: (1) 147, (1-100) 2238, (100-1000) 414, (1k-2k) 52, (2k-3k) 1, (3k-5k) 10, (5k-65534) 79, (65k) 0 
collected one batch of samples. pages to migrate = 1367 
start promoting 856 pages
move page ret -1 
move page error: 12
got ENOMEM. trying against with 171 pages 
second promote attempt return -1
pages migrated: 475, lfu # items: 6679, lfu sample size: 24100000, samples: 24100000, node 0 mem 72960
CBF freq dist: (1) 592, (1-100) 3067, (100-1000) 2671, (1k-2k) 325, (2k-3k) 16, (3k-5k) 28, (5k-65534) 481, (65k) 91 
CBF freq dist: (1) 146, (1-100) 2225, (100-1000) 397, (1k-2k) 83, (2k-3k) 1, (3k-5k) 4, (5k-65534) 86, (65k) 0 
collected one batch of samples. pages to migrate = 1390 
start promoting 867 pages
move page ret -1 
move page error: 12
got ENOMEM. trying against with 173 pages 
second promote attempt return -1
pages migrated: 475, lfu # items: 6679, lfu sample size: 24200000, samples: 24200000, node 0 mem 72960
CBF freq dist: (1) 592, (1-100) 3067, (100-1000) 2667, (1k-2k) 328, (2k-3k) 16, (3k-5k) 29, (5k-65534) 481, (65k) 91 
CBF freq dist: (1) 144, (1-100) 2202, (100-1000) 384, (1k-2k) 123, (2k-3k) 1, (3k-5k) 2, (5k-65534) 88, (65k) 0 
[DEBUG] Halving CBF counters.
collected one batch of samples. pages to migrate = 1344 
start promoting 818 pages
move page ret -1 
move page error: 12
got ENOMEM. trying against with 163 pages 
second promote attempt return -1
pages migrated: 475, lfu # items: 6679, lfu sample size: 24300000, samples: 24300000, node 0 mem 72960
CBF freq dist: (1) 592, (1-100) 3067, (100-1000) 2664, (1k-2k) 331, (2k-3k) 16, (3k-5k) 29, (5k-65534) 481, (65k) 91 
CBF freq dist: (1) 74, (1-100) 2148, (100-1000) 433, (1k-2k) 1, (2k-3k) 2, (3k-5k) 51, (5k-65534) 37, (65k) 0 
collected one batch of samples. pages to migrate = 1429 
start promoting 895 pages
move page ret -1 
move page error: 12
got ENOMEM. trying against with 179 pages 
second promote attempt return -1
pages migrated: 475, lfu # items: 6680, lfu sample size: 24400000, samples: 24400000, node 0 mem 72960
CBF freq dist: (1) 592, (1-100) 3066, (100-1000) 2660, (1k-2k) 336, (2k-3k) 17, (3k-5k) 29, (5k-65534) 481, (65k) 91 
CBF freq dist: (1) 343, (1-100) 2576, (100-1000) 444, (1k-2k) 7, (2k-3k) 1, (3k-5k) 43, (5k-65534) 46, (65k) 0 
collected one batch of samples. pages to migrate = 1416 
start promoting 883 pages
move page ret -1 
move page error: 12
got ENOMEM. trying against with 176 pages 
second promote attempt return -1
pages migrated: 475, lfu # items: 6680, lfu sample size: 24500000, samples: 24500000, node 0 mem 72960
CBF freq dist: (1) 591, (1-100) 3066, (100-1000) 2657, (1k-2k) 339, (2k-3k) 16, (3k-5k) 30, (5k-65534) 481, (65k) 91 
CBF freq dist: (1) 342, (1-100) 2573, (100-1000) 446, (1k-2k) 19, (2k-3k) 1, (3k-5k) 34, (5k-65534) 55, (65k) 0 
collected one batch of samples. pages to migrate = 1339 
start promoting 838 pages
move page ret -1 
move page error: 12
got ENOMEM. trying against with 167 pages 
second promote attempt return -1
pages migrated: 475, lfu # items: 6680, lfu sample size: 24600000, samples: 24600000, node 0 mem 73212
CBF freq dist: (1) 591, (1-100) 3064, (100-1000) 2655, (1k-2k) 343, (2k-3k) 16, (3k-5k) 29, (5k-65534) 482, (65k) 91 
CBF freq dist: (1) 339, (1-100) 2564, (100-1000) 404, (1k-2k) 70, (2k-3k) 3, (3k-5k) 9, (5k-65534) 80, (65k) 0 
collected one batch of samples. pages to migrate = 1457 
start promoting 932 pages
move page ret -1 
move page error: 12
got ENOMEM. trying against with 186 pages 
second promote attempt return -1
pages migrated: 475, lfu # items: 6680, lfu sample size: 24700000, samples: 24700000, node 0 mem 73212
CBF freq dist: (1) 591, (1-100) 3063, (100-1000) 2646, (1k-2k) 353, (2k-3k) 16, (3k-5k) 29, (5k-65534) 482, (65k) 91 
CBF freq dist: (1) 342, (1-100) 2554, (100-1000) 368, (1k-2k) 120, (2k-3k) 2, (3k-5k) 2, (5k-65534) 88, (65k) 0 
[DEBUG] Halving CBF counters.
collected one batch of samples. pages to migrate = 1484 
start promoting 947 pages
move page ret -1 
move page error: 12
got ENOMEM. trying against with 189 pages 
second promote attempt return -1
pages migrated: 475, lfu # items: 6680, lfu sample size: 24800000, samples: 24800000, node 0 mem 73212
CBF freq dist: (1) 591, (1-100) 3062, (100-1000) 2635, (1k-2k) 364, (2k-3k) 17, (3k-5k) 29, (5k-65534) 482, (65k) 91 
CBF freq dist: (1) 169, (1-100) 2275, (100-1000) 431, (1k-2k) 3, (2k-3k) 8, (3k-5k) 50, (5k-65534) 31, (65k) 0 
collected one batch of samples. pages to migrate = 1488 
start promoting 953 pages
move page ret -1 
move page error: 12
got ENOMEM. trying against with 190 pages 
second promote attempt return -1
pages migrated: 475, lfu # items: 6680, lfu sample size: 24900000, samples: 24900000, node 0 mem 73212
CBF freq dist: (1) 591, (1-100) 3062, (100-1000) 2626, (1k-2k) 372, (2k-3k) 17, (3k-5k) 30, (5k-65534) 482, (65k) 91 
CBF freq dist: (1) 161, (1-100) 2265, (100-1000) 450, (1k-2k) 6, (2k-3k) 1, (3k-5k) 50, (5k-65534) 38, (65k) 0 
[DEBUG] Number of hot pages promoted in 50 batches = 0 
[INFO] Reached promotion plateau. cur hot page size 3170893824, fast mem 80% 3435973836
[INFO] Decrease hot thresh to 700.
collected one batch of samples. pages to migrate = 1568 
start promoting 1056 pages
move page ret -1 
move page error: 12
got ENOMEM. trying against with 211 pages 
second promote attempt return -1
pages migrated: 475, lfu # items: 6681, lfu sample size: 25000000, samples: 25000000, node 0 mem 73212
CBF freq dist: (1) 589, (1-100) 3063, (100-1000) 2623, (1k-2k) 375, (2k-3k) 17, (3k-5k) 30, (5k-65534) 482, (65k) 91 
CBF freq dist: (1) 158, (1-100) 2260, (100-1000) 452, (1k-2k) 17, (2k-3k) 1, (3k-5k) 38, (5k-65534) 50, (65k) 0 
collected one batch of samples. pages to migrate = 1668 
start promoting 1125 pages
move page ret -1 
move page error: 12
got ENOMEM. trying against with 225 pages 
second promote attempt return -1
pages migrated: 475, lfu # items: 6682, lfu sample size: 25100000, samples: 25100000, node 0 mem 73212
CBF freq dist: (1) 589, (1-100) 3064, (100-1000) 2620, (1k-2k) 378, (2k-3k) 17, (3k-5k) 30, (5k-65534) 482, (65k) 91 
CBF freq dist: (1) 151, (1-100) 2253, (100-1000) 414, (1k-2k) 69, (2k-3k) 0, (3k-5k) 27, (5k-65534) 62, (65k) 0 
collected one batch of samples. pages to migrate = 1625 
start promoting 1098 pages
move page ret -1 
move page error: 12
got ENOMEM. trying against with 219 pages 
second promote attempt return -1
pages migrated: 475, lfu # items: 6682, lfu sample size: 25200000, samples: 25200000, node 0 mem 73212
CBF freq dist: (1) 589, (1-100) 3064, (100-1000) 2614, (1k-2k) 384, (2k-3k) 17, (3k-5k) 30, (5k-65534) 482, (65k) 91 
CBF freq dist: (1) 137, (1-100) 2255, (100-1000) 378, (1k-2k) 113, (2k-3k) 2, (3k-5k) 9, (5k-65534) 80, (65k) 0 
collected one batch of samples. pages to migrate = 1701 
start promoting 1147 pages
move page ret -1 
move page error: 12
got ENOMEM. trying against with 229 pages 
second promote attempt return -1
pages migrated: 475, lfu # items: 6682, lfu sample size: 25300000, samples: 25300000, node 0 mem 73212
CBF freq dist: (1) 589, (1-100) 3064, (100-1000) 2604, (1k-2k) 394, (2k-3k) 17, (3k-5k) 30, (5k-65534) 482, (65k) 91 
CBF freq dist: (1) 136, (1-100) 2238, (100-1000) 369, (1k-2k) 146, (2k-3k) 1, (3k-5k) 3, (5k-65534) 87, (65k) 0 
[DEBUG] Halving CBF counters.
collected one batch of samples. pages to migrate = 1732 
start promoting 1176 pages
move page ret -1 
move page error: 12
got ENOMEM. trying against with 235 pages 
second promote attempt return -1
pages migrated: 475, lfu # items: 6682, lfu sample size: 25400000, samples: 25400000, node 0 mem 73452
CBF freq dist: (1) 589, (1-100) 3064, (100-1000) 2591, (1k-2k) 407, (2k-3k) 17, (3k-5k) 30, (5k-65534) 482, (65k) 91 
CBF freq dist: (1) 95, (1-100) 2180, (100-1000) 457, (1k-2k) 2, (2k-3k) 2, (3k-5k) 54, (5k-65534) 33, (65k) 0 
collected one batch of samples. pages to migrate = 1733 
start promoting 1181 pages
move page ret -1 
move page error: 12
got ENOMEM. trying against with 236 pages 
second promote attempt return -1
pages migrated: 475, lfu # items: 6682, lfu sample size: 25500000, samples: 25500000, node 0 mem 73452
CBF freq dist: (1) 589, (1-100) 3063, (100-1000) 2582, (1k-2k) 417, (2k-3k) 16, (3k-5k) 31, (5k-65534) 482, (65k) 91 
CBF freq dist: (1) 82, (1-100) 2175, (100-1000) 470, (1k-2k) 3, (2k-3k) 2, (3k-5k) 46, (5k-65534) 42, (65k) 0 
collected one batch of samples. pages to migrate = 1727 
start promoting 1189 pages
move page ret -1 
move page error: 12
got ENOMEM. trying against with 237 pages 
second promote attempt return -1
pages migrated: 475, lfu # items: 6682, lfu sample size: 25600000, samples: 25600000, node 0 mem 73452
CBF freq dist: (1) 589, (1-100) 3063, (100-1000) 2565, (1k-2k) 433, (2k-3k) 17, (3k-5k) 30, (5k-65534) 483, (65k) 91 
CBF freq dist: (1) 70, (1-100) 2163, (100-1000) 481, (1k-2k) 10, (2k-3k) 1, (3k-5k) 32, (5k-65534) 57, (65k) 0 
collected one batch of samples. pages to migrate = 1745 
start promoting 1195 pages
move page ret -1 
move page error: 12
got ENOMEM. trying against with 239 pages 
second promote attempt return -1
pages migrated: 475, lfu # items: 6682, lfu sample size: 25700000, samples: 25700000, node 0 mem 73452
CBF freq dist: (1) 589, (1-100) 3063, (100-1000) 2546, (1k-2k) 450, (2k-3k) 19, (3k-5k) 30, (5k-65534) 483, (65k) 91 
CBF freq dist: (1) 71, (1-100) 2124, (100-1000) 528, (1k-2k) 12, (2k-3k) 2, (3k-5k) 10, (5k-65534) 79, (65k) 0 
collected one batch of samples. pages to migrate = 1748 
start promoting 1202 pages
move page ret -1 
move page error: 12
got ENOMEM. trying against with 240 pages 
second promote attempt return -1
pages migrated: 475, lfu # items: 6682, lfu sample size: 25800000, samples: 25800000, node 0 mem 73452
CBF freq dist: (1) 589, (1-100) 3062, (100-1000) 2516, (1k-2k) 481, (2k-3k) 19, (3k-5k) 30, (5k-65534) 483, (65k) 91 
CBF freq dist: (1) 67, (1-100) 2017, (100-1000) 635, (1k-2k) 16, (2k-3k) 1, (3k-5k) 2, (5k-65534) 88, (65k) 0 
[DEBUG] Halving CBF counters.
collected one batch of samples. pages to migrate = 1771 
start promoting 1218 pages
move page ret -1 
move page error: 12
got ENOMEM. trying against with 243 pages 
second promote attempt return -1
pages migrated: 475, lfu # items: 6682, lfu sample size: 25900000, samples: 25900000, node 0 mem 73452
CBF freq dist: (1) 589, (1-100) 3062, (100-1000) 2476, (1k-2k) 517, (2k-3k) 23, (3k-5k) 29, (5k-65534) 484, (65k) 91 
CBF freq dist: (1) 30, (1-100) 2148, (100-1000) 458, (1k-2k) 2, (2k-3k) 3, (3k-5k) 68, (5k-65534) 18, (65k) 0 
collected one batch of samples. pages to migrate = 1805 
start promoting 1226 pages
move page ret -1 
move page error: 12
got ENOMEM. trying against with 245 pages 
second promote attempt return -1
pages migrated: 475, lfu # items: 6682, lfu sample size: 26000000, samples: 26000000, node 0 mem 73452
CBF freq dist: (1) 589, (1-100) 3061, (100-1000) 2450, (1k-2k) 544, (2k-3k) 22, (3k-5k) 30, (5k-65534) 484, (65k) 91 
CBF freq dist: (1) 38, (1-100) 2165, (100-1000) 521, (1k-2k) 5, (2k-3k) 1, (3k-5k) 62, (5k-65534) 26, (65k) 0 
collected one batch of samples. pages to migrate = 1747 
start promoting 1174 pages
move page ret -1 
move page error: 12
got ENOMEM. trying against with 234 pages 
second promote attempt return -1
pages migrated: 475, lfu # items: 6682, lfu sample size: 26100000, samples: 26100000, node 0 mem 73452
CBF freq dist: (1) 589, (1-100) 3059, (100-1000) 2444, (1k-2k) 552, (2k-3k) 22, (3k-5k) 28, (5k-65534) 486, (65k) 91 
CBF freq dist: (1) 49, (1-100) 2165, (100-1000) 521, (1k-2k) 36, (2k-3k) 5, (3k-5k) 58, (5k-65534) 30, (65k) 0 
collected one batch of samples. pages to migrate = 1784 
start promoting 1187 pages
move page ret -1 
move page error: 12
got ENOMEM. trying against with 237 pages 
second promote attempt return -1
pages migrated: 475, lfu # items: 6682, lfu sample size: 26200000, samples: 26200000, node 0 mem 73452
CBF freq dist: (1) 588, (1-100) 3058, (100-1000) 2439, (1k-2k) 557, (2k-3k) 23, (3k-5k) 25, (5k-65534) 489, (65k) 91 
CBF freq dist: (1) 358, (1-100) 2569, (100-1000) 464, (1k-2k) 111, (2k-3k) 19, (3k-5k) 62, (5k-65534) 30, (65k) 0 
collected one batch of samples. pages to migrate = 1793 
start promoting 1202 pages
move page ret -1 
move page error: 12
got ENOMEM. trying against with 240 pages 
second promote attempt return -1
pages migrated: 475, lfu # items: 6682, lfu sample size: 26300000, samples: 26300000, node 0 mem 73452
CBF freq dist: (1) 588, (1-100) 3055, (100-1000) 2427, (1k-2k) 572, (2k-3k) 23, (3k-5k) 24, (5k-65534) 490, (65k) 91 
CBF freq dist: (1) 347, (1-100) 2523, (100-1000) 460, (1k-2k) 159, (2k-3k) 25, (3k-5k) 61, (5k-65534) 33, (65k) 0 
collected one batch of samples. pages to migrate = 1800 
start promoting 1199 pages
move page ret -1 
move page error: 12
got ENOMEM. trying against with 239 pages 
second promote attempt return -1
pages migrated: 475, lfu # items: 6682, lfu sample size: 26400000, samples: 26400000, node 0 mem 73704
CBF freq dist: (1) 588, (1-100) 3044, (100-1000) 2430, (1k-2k) 580, (2k-3k) 23, (3k-5k) 22, (5k-65534) 492, (65k) 91 
CBF freq dist: (1) 344, (1-100) 2448, (100-1000) 525, (1k-2k) 174, (2k-3k) 25, (3k-5k) 57, (5k-65534) 39, (65k) 0 
[DEBUG] Halving CBF counters.
collected one batch of samples. pages to migrate = 1827 
start promoting 1231 pages
move page ret -1 
move page error: 12
got ENOMEM. trying against with 246 pages 
second promote attempt return -1
pages migrated: 475, lfu # items: 6683, lfu sample size: 26500000, samples: 26500000, node 0 mem 73704
CBF freq dist: (1) 588, (1-100) 3035, (100-1000) 2427, (1k-2k) 593, (2k-3k) 23, (3k-5k) 21, (5k-65534) 493, (65k) 91 
CBF freq dist: (1) 148, (1-100) 2318, (100-1000) 494, (1k-2k) 32, (2k-3k) 54, (3k-5k) 36, (5k-65534) 0, (65k) 0 
collected one batch of samples. pages to migrate = 1854 
start promoting 1255 pages
move page ret -1 
move page error: 12
got ENOMEM. trying against with 251 pages 
second promote attempt return -1
pages migrated: 475, lfu # items: 6683, lfu sample size: 26600000, samples: 26600000, node 0 mem 73704
CBF freq dist: (1) 588, (1-100) 3030, (100-1000) 2416, (1k-2k) 609, (2k-3k) 23, (3k-5k) 21, (5k-65534) 493, (65k) 91 
CBF freq dist: (1) 140, (1-100) 2276, (100-1000) 524, (1k-2k) 49, (2k-3k) 31, (3k-5k) 60, (5k-65534) 0, (65k) 0 
collected one batch of samples. pages to migrate = 1903 
start promoting 1297 pages
move page ret -1 
move page error: 12
got ENOMEM. trying against with 259 pages 
second promote attempt return -1
pages migrated: 475, lfu # items: 6683, lfu sample size: 26700000, samples: 26700000, node 0 mem 73704
CBF freq dist: (1) 588, (1-100) 3025, (100-1000) 2407, (1k-2k) 623, (2k-3k) 23, (3k-5k) 18, (5k-65534) 496, (65k) 91 
CBF freq dist: (1) 136, (1-100) 2218, (100-1000) 510, (1k-2k) 122, (2k-3k) 7, (3k-5k) 86, (5k-65534) 0, (65k) 0 
collected one batch of samples. pages to migrate = 1832 
start promoting 1259 pages
move page ret -1 
move page error: 12
got ENOMEM. trying against with 251 pages 
second promote attempt return -1
pages migrated: 475, lfu # items: 6683, lfu sample size: 26800000, samples: 26800000, node 0 mem 73704
CBF freq dist: (1) 588, (1-100) 3013, (100-1000) 2410, (1k-2k) 631, (2k-3k) 24, (3k-5k) 18, (5k-65534) 495, (65k) 92 
CBF freq dist: (1) 131, (1-100) 2153, (100-1000) 499, (1k-2k) 198, (2k-3k) 10, (3k-5k) 86, (5k-65534) 3, (65k) 0 
collected one batch of samples. pages to migrate = 1916 
start promoting 1306 pages
move page ret -1 
move page error: 12
got ENOMEM. trying against with 261 pages 
second promote attempt return -1
pages migrated: 475, lfu # items: 6683, lfu sample size: 26900000, samples: 26900000, node 0 mem 73704
CBF freq dist: (1) 588, (1-100) 3011, (100-1000) 2389, (1k-2k) 654, (2k-3k) 24, (3k-5k) 18, (5k-65534) 495, (65k) 92 
CBF freq dist: (1) 121, (1-100) 2073, (100-1000) 524, (1k-2k) 254, (2k-3k) 19, (3k-5k) 85, (5k-65534) 6, (65k) 0 
[DEBUG] Halving CBF counters.
collected one batch of samples. pages to migrate = 1945 
start promoting 1324 pages
move page ret -1 
move page error: 12
got ENOMEM. trying against with 264 pages 
second promote attempt return -1
pages migrated: 475, lfu # items: 6683, lfu sample size: 27000000, samples: 27000000, node 0 mem 73704
CBF freq dist: (1) 588, (1-100) 3010, (100-1000) 2375, (1k-2k) 668, (2k-3k) 25, (3k-5k) 18, (5k-65534) 495, (65k) 92 
CBF freq dist: (1) 67, (1-100) 2228, (100-1000) 512, (1k-2k) 30, (2k-3k) 85, (3k-5k) 2, (5k-65534) 0, (65k) 0 
collected one batch of samples. pages to migrate = 1912 
start promoting 1318 pages
move page ret -1 
move page error: 12
got ENOMEM. trying against with 263 pages 
second promote attempt return -1
pages migrated: 475, lfu # items: 6683, lfu sample size: 27100000, samples: 27100000, node 0 mem 73704
CBF freq dist: (1) 586, (1-100) 3007, (100-1000) 2364, (1k-2k) 681, (2k-3k) 25, (3k-5k) 18, (5k-65534) 496, (65k) 92 
CBF freq dist: (1) 65, (1-100) 2183, (100-1000) 499, (1k-2k) 96, (2k-3k) 77, (3k-5k) 14, (5k-65534) 0, (65k) 0 
collected one batch of samples. pages to migrate = 1936 
start promoting 1331 pages
move page ret -1 
move page error: 12
got ENOMEM. trying against with 266 pages 
second promote attempt return -1
pages migrated: 475, lfu # items: 6683, lfu sample size: 27200000, samples: 27200000, node 0 mem 73704
CBF freq dist: (1) 585, (1-100) 3003, (100-1000) 2358, (1k-2k) 689, (2k-3k) 27, (3k-5k) 18, (5k-65534) 496, (65k) 92 
CBF freq dist: (1) 60, (1-100) 2142, (100-1000) 472, (1k-2k) 168, (2k-3k) 45, (3k-5k) 49, (5k-65534) 0, (65k) 0 
collected one batch of samples. pages to migrate = 1935 
start promoting 1331 pages
move page ret -1 
move page error: 12
got ENOMEM. trying against with 266 pages 
second promote attempt return -1
pages migrated: 475, lfu # items: 6683, lfu sample size: 27300000, samples: 27300000, node 0 mem 73704
CBF freq dist: (1) 585, (1-100) 2998, (100-1000) 2348, (1k-2k) 704, (2k-3k) 27, (3k-5k) 17, (5k-65534) 497, (65k) 92 
CBF freq dist: (1) 59, (1-100) 2077, (100-1000) 522, (1k-2k) 174, (2k-3k) 19, (3k-5k) 88, (5k-65534) 0, (65k) 0 
collected one batch of samples. pages to migrate = 1937 
start promoting 1324 pages
move page ret -1 
move page error: 12
got ENOMEM. trying against with 264 pages 
second promote attempt return -1
pages migrated: 475, lfu # items: 6683, lfu sample size: 27400000, samples: 27400000, node 0 mem 73704
CBF freq dist: (1) 584, (1-100) 2994, (100-1000) 2343, (1k-2k) 713, (2k-3k) 27, (3k-5k) 13, (5k-65534) 501, (65k) 92 
CBF freq dist: (1) 57, (1-100) 1992, (100-1000) 593, (1k-2k) 185, (2k-3k) 18, (3k-5k) 94, (5k-65534) 0, (65k) 0 
collected one batch of samples. pages to migrate = 1985 
start promoting 1363 pages
move page ret -1 
move page error: 12
got ENOMEM. trying against with 272 pages 
second promote attempt return -1
pages migrated: 475, lfu # items: 6683, lfu sample size: 27500000, samples: 27500000, node 0 mem 73704
CBF freq dist: (1) 584, (1-100) 2991, (100-1000) 2335, (1k-2k) 722, (2k-3k) 29, (3k-5k) 13, (5k-65534) 501, (65k) 92 
CBF freq dist: (1) 56, (1-100) 1909, (100-1000) 633, (1k-2k) 220, (2k-3k) 28, (3k-5k) 95, (5k-65534) 0, (65k) 0 
[DEBUG] Halving CBF counters.
collected one batch of samples. pages to migrate = 1459 
start promoting 938 pages
move page ret -1 
move page error: 12
got ENOMEM. trying against with 187 pages 
second promote attempt return -1
pages migrated: 475, lfu # items: 6683, lfu sample size: 27600000, samples: 27600000, node 0 mem 73704
CBF freq dist: (1) 584, (1-100) 2991, (100-1000) 2330, (1k-2k) 727, (2k-3k) 29, (3k-5k) 13, (5k-65534) 501, (65k) 92 
CBF freq dist: (1) 47, (1-100) 2185, (100-1000) 411, (1k-2k) 147, (2k-3k) 90, (3k-5k) 1, (5k-65534) 0, (65k) 0 
collected one batch of samples. pages to migrate = 827 
start promoting 489 pages
move page ret -1 
move page error: 12
got ENOMEM. trying against with 97 pages 
second promote attempt return -1
pages migrated: 475, lfu # items: 6683, lfu sample size: 27700000, samples: 27700000, node 0 mem 73704
CBF freq dist: (1) 583, (1-100) 2991, (100-1000) 2328, (1k-2k) 728, (2k-3k) 30, (3k-5k) 13, (5k-65534) 501, (65k) 92 
CBF freq dist: (1) 52, (1-100) 2201, (100-1000) 399, (1k-2k) 173, (2k-3k) 56, (3k-5k) 40, (5k-65534) 0, (65k) 0 
collected one batch of samples. pages to migrate = 1110 
start promoting 738 pages
move page ret -1 
move page error: 12
got ENOMEM. trying against with 147 pages 
second promote attempt return -1
pages migrated: 475, lfu # items: 6695, lfu sample size: 27800000, samples: 27800000, node 0 mem 73704
CBF freq dist: (1) 585, (1-100) 2999, (100-1000) 2332, (1k-2k) 728, (2k-3k) 30, (3k-5k) 13, (5k-65534) 501, (65k) 92 
CBF freq dist: (1) 315, (1-100) 2650, (100-1000) 397, (1k-2k) 174, (2k-3k) 30, (3k-5k) 80, (5k-65534) 1, (65k) 0 
collected one batch of samples. pages to migrate = 1024 
start promoting 628 pages
move page ret -1 
move page error: 12
got ENOMEM. trying against with 125 pages 
second promote attempt return -1
pages migrated: 475, lfu # items: 6696, lfu sample size: 27900000, samples: 27900000, node 0 mem 73704
CBF freq dist: (1) 583, (1-100) 2998, (100-1000) 2331, (1k-2k) 731, (2k-3k) 29, (3k-5k) 13, (5k-65534) 502, (65k) 92 
CBF freq dist: (1) 254, (1-100) 2701, (100-1000) 401, (1k-2k) 155, (2k-3k) 44, (3k-5k) 80, (5k-65534) 10, (65k) 0 
collected one batch of samples. pages to migrate = 1079 
start promoting 739 pages
move page ret -1 
move page error: 12
got ENOMEM. trying against with 147 pages 
second promote attempt return -1
pages migrated: 475, lfu # items: 6708, lfu sample size: 28000000, samples: 28000000, node 0 mem 73704
CBF freq dist: (1) 583, (1-100) 3005, (100-1000) 2334, (1k-2k) 733, (2k-3k) 29, (3k-5k) 13, (5k-65534) 502, (65k) 92 
CBF freq dist: (1) 244, (1-100) 2699, (100-1000) 412, (1k-2k) 110, (2k-3k) 82, (3k-5k) 83, (5k-65534) 17, (65k) 0 
[DEBUG] Halving CBF counters.
collected one batch of samples. pages to migrate = 938 
start promoting 577 pages
move page ret -1 
move page error: 12
got ENOMEM. trying against with 115 pages 
second promote attempt return -1
pages migrated: 475, lfu # items: 6708, lfu sample size: 28100000, samples: 28100000, node 0 mem 73704
CBF freq dist: (1) 583, (1-100) 3003, (100-1000) 2331, (1k-2k) 738, (2k-3k) 28, (3k-5k) 14, (5k-65534) 502, (65k) 92 
CBF freq dist: (1) 210, (1-100) 2577, (100-1000) 340, (1k-2k) 155, (2k-3k) 69, (3k-5k) 20, (5k-65534) 0, (65k) 0 
collected one batch of samples. pages to migrate = 992 
start promoting 656 pages
move page ret -1 
move page error: 12
got ENOMEM. trying against with 131 pages 
second promote attempt return -1
pages migrated: 475, lfu # items: 6708, lfu sample size: 28200000, samples: 28200000, node 0 mem 73704
CBF freq dist: (1) 583, (1-100) 3002, (100-1000) 2326, (1k-2k) 743, (2k-3k) 29, (3k-5k) 13, (5k-65534) 502, (65k) 93 
CBF freq dist: (1) 211, (1-100) 2573, (100-1000) 332, (1k-2k) 154, (2k-3k) 58, (3k-5k) 40, (5k-65534) 7, (65k) 0 
collected one batch of samples. pages to migrate = 784 
start promoting 447 pages
move page ret -1 
move page error: 12
got ENOMEM. trying against with 89 pages 
second promote attempt return -1
pages migrated: 475, lfu # items: 6708, lfu sample size: 28300000, samples: 28300000, node 0 mem 73704
CBF freq dist: (1) 583, (1-100) 3002, (100-1000) 2322, (1k-2k) 747, (2k-3k) 29, (3k-5k) 13, (5k-65534) 502, (65k) 93 
CBF freq dist: (1) 207, (1-100) 2575, (100-1000) 331, (1k-2k) 141, (2k-3k) 40, (3k-5k) 72, (5k-65534) 10, (65k) 0 
collected one batch of samples. pages to migrate = 761 
start promoting 447 pages
move page ret -1 
move page error: 12
got ENOMEM. trying against with 89 pages 
second promote attempt return -1
pages migrated: 475, lfu # items: 6708, lfu sample size: 28400000, samples: 28400000, node 0 mem 73704
CBF freq dist: (1) 582, (1-100) 3000, (100-1000) 2324, (1k-2k) 747, (2k-3k) 29, (3k-5k) 13, (5k-65534) 502, (65k) 93 
CBF freq dist: (1) 203, (1-100) 2580, (100-1000) 331, (1k-2k) 129, (2k-3k) 38, (3k-5k) 82, (5k-65534) 16, (65k) 0 
collected one batch of samples. pages to migrate = 665 
start promoting 348 pages
move page ret -1 
move page error: 12
got ENOMEM. trying against with 69 pages 
second promote attempt return -1
pages migrated: 475, lfu # items: 6708, lfu sample size: 28500000, samples: 28500000, node 0 mem 73704
CBF freq dist: (1) 581, (1-100) 2998, (100-1000) 2326, (1k-2k) 747, (2k-3k) 29, (3k-5k) 13, (5k-65534) 502, (65k) 93 
CBF freq dist: (1) 254, (1-100) 2779, (100-1000) 333, (1k-2k) 81, (2k-3k) 84, (3k-5k) 80, (5k-65534) 26, (65k) 0 
collected one batch of samples. pages to migrate = 1050 
start promoting 633 pages
move page ret -1 
move page error: 12
got ENOMEM. trying against with 126 pages 
second promote attempt return -1
pages migrated: 475, lfu # items: 6708, lfu sample size: 28600000, samples: 28600000, node 0 mem 73704
CBF freq dist: (1) 581, (1-100) 2996, (100-1000) 2327, (1k-2k) 748, (2k-3k) 29, (3k-5k) 13, (5k-65534) 502, (65k) 93 
CBF freq dist: (1) 253, (1-100) 2781, (100-1000) 327, (1k-2k) 35, (2k-3k) 130, (3k-5k) 73, (5k-65534) 41, (65k) 0 
Trial Time:          10.70663
[DEBUG] Halving CBF counters.
collected one batch of samples. pages to migrate = 1194 
start promoting 907 pages
move page ret 906 
move page error: 12
got ENOMEM. trying against with 181 pages 
second promote attempt return -1
pages migrated: 475, lfu # items: 6708, lfu sample size: 28700000, samples: 28700000, node 0 mem 73752
CBF freq dist: (1) 581, (1-100) 2996, (100-1000) 2318, (1k-2k) 756, (2k-3k) 30, (3k-5k) 13, (5k-65534) 502, (65k) 93 
CBF freq dist: (1) 225, (1-100) 2561, (100-1000) 337, (1k-2k) 149, (2k-3k) 67, (3k-5k) 30, (5k-65534) 8, (65k) 0 
collected one batch of samples. pages to migrate = 708 
start promoting 221 pages
move page ret -1 
move page error: 12
got ENOMEM. trying against with 44 pages 
second promote attempt return -1
pages migrated: 475, lfu # items: 6709, lfu sample size: 28800000, samples: 28800000, node 0 mem 73752
CBF freq dist: (1) 581, (1-100) 2997, (100-1000) 2318, (1k-2k) 755, (2k-3k) 31, (3k-5k) 13, (5k-65534) 502, (65k) 93 
CBF freq dist: (1) 220, (1-100) 2557, (100-1000) 342, (1k-2k) 131, (2k-3k) 65, (3k-5k) 49, (5k-65534) 13, (65k) 0 
collected one batch of samples. pages to migrate = 808 
start promoting 333 pages
move page ret -1 
move page error: 12
got ENOMEM. trying against with 66 pages 
second promote attempt return -1
pages migrated: 475, lfu # items: 6709, lfu sample size: 28900000, samples: 28900000, node 0 mem 73752
CBF freq dist: (1) 581, (1-100) 2994, (100-1000) 2320, (1k-2k) 756, (2k-3k) 31, (3k-5k) 13, (5k-65534) 501, (65k) 94 
CBF freq dist: (1) 214, (1-100) 2564, (100-1000) 343, (1k-2k) 100, (2k-3k) 67, (3k-5k) 77, (5k-65534) 17, (65k) 0 
collected one batch of samples. pages to migrate = 655 
start promoting 394 pages
move page ret -1 
move page error: 12
got ENOMEM. trying against with 78 pages 
second promote attempt return -1
pages migrated: 475, lfu # items: 6709, lfu sample size: 29000000, samples: 29000000, node 0 mem 73752
CBF freq dist: (1) 581, (1-100) 2993, (100-1000) 2321, (1k-2k) 756, (2k-3k) 31, (3k-5k) 13, (5k-65534) 501, (65k) 94 
CBF freq dist: (1) 208, (1-100) 2555, (100-1000) 341, (1k-2k) 81, (2k-3k) 87, (3k-5k) 84, (5k-65534) 23, (65k) 0 
collected one batch of samples. pages to migrate = 823 
start promoting 491 pages
move page ret -1 
move page error: 12
got ENOMEM. trying against with 98 pages 
second promote attempt return -1
pages migrated: 475, lfu # items: 6709, lfu sample size: 29100000, samples: 29100000, node 0 mem 73752
CBF freq dist: (1) 581, (1-100) 2993, (100-1000) 2321, (1k-2k) 756, (2k-3k) 31, (3k-5k) 13, (5k-65534) 501, (65k) 94 
CBF freq dist: (1) 205, (1-100) 2548, (100-1000) 340, (1k-2k) 51, (2k-3k) 112, (3k-5k) 88, (5k-65534) 32, (65k) 0 
[DEBUG] Halving CBF counters.
collected one batch of samples. pages to migrate = 692 
start promoting 395 pages
move page ret -1 
move page error: 12
got ENOMEM. trying against with 79 pages 
second promote attempt return -1
pages migrated: 475, lfu # items: 6709, lfu sample size: 29200000, samples: 29200000, node 0 mem 73752
CBF freq dist: (1) 580, (1-100) 2992, (100-1000) 2321, (1k-2k) 757, (2k-3k) 31, (3k-5k) 13, (5k-65534) 500, (65k) 95 
CBF freq dist: (1) 205, (1-100) 2583, (100-1000) 138, (1k-2k) 157, (2k-3k) 62, (3k-5k) 22, (5k-65534) 10, (65k) 0 
collected one batch of samples. pages to migrate = 788 
start promoting 484 pages
move page ret -1 
move page error: 12
got ENOMEM. trying against with 96 pages 
second promote attempt return -1
pages migrated: 475, lfu # items: 6709, lfu sample size: 29300000, samples: 29300000, node 0 mem 73752
CBF freq dist: (1) 580, (1-100) 2992, (100-1000) 2320, (1k-2k) 758, (2k-3k) 31, (3k-5k) 13, (5k-65534) 500, (65k) 95 
CBF freq dist: (1) 208, (1-100) 2586, (100-1000) 124, (1k-2k) 159, (2k-3k) 46, (3k-5k) 50, (5k-65534) 12, (65k) 0 
collected one batch of samples. pages to migrate = 948 
start promoting 600 pages
move page ret -1 
move page error: 12
got ENOMEM. trying against with 120 pages 
second promote attempt return -1
pages migrated: 475, lfu # items: 6709, lfu sample size: 29400000, samples: 29400000, node 0 mem 72236
CBF freq dist: (1) 580, (1-100) 2992, (100-1000) 2318, (1k-2k) 760, (2k-3k) 31, (3k-5k) 13, (5k-65534) 500, (65k) 95 
CBF freq dist: (1) 209, (1-100) 2578, (100-1000) 124, (1k-2k) 150, (2k-3k) 43, (3k-5k) 67, (5k-65534) 18, (65k) 0 
collected one batch of samples. pages to migrate = 812 
start promoting 455 pages
move page ret -1 
move page error: 12
got ENOMEM. trying against with 91 pages 
second promote attempt return -1
pages migrated: 475, lfu # items: 6709, lfu sample size: 29500000, samples: 29500000, node 0 mem 71948
CBF freq dist: (1) 580, (1-100) 2991, (100-1000) 2318, (1k-2k) 759, (2k-3k) 33, (3k-5k) 13, (5k-65534) 500, (65k) 95 
CBF freq dist: (1) 209, (1-100) 2573, (100-1000) 127, (1k-2k) 107, (2k-3k) 85, (3k-5k) 67, (5k-65534) 24, (65k) 0 
collected one batch of samples. pages to migrate = 911 
start promoting 520 pages
move page ret -1 
move page error: 12
got ENOMEM. trying against with 104 pages 
second promote attempt return -1
pages migrated: 475, lfu # items: 6709, lfu sample size: 29600000, samples: 29600000, node 0 mem 71948
CBF freq dist: (1) 580, (1-100) 2990, (100-1000) 2317, (1k-2k) 761, (2k-3k) 33, (3k-5k) 13, (5k-65534) 500, (65k) 95 
CBF freq dist: (1) 208, (1-100) 2569, (100-1000) 131, (1k-2k) 61, (2k-3k) 127, (3k-5k) 62, (5k-65534) 36, (65k) 0 
collected one batch of samples. pages to migrate = 780 
start promoting 419 pages
move page ret -1 
move page error: 12
got ENOMEM. trying against with 83 pages 
second promote attempt return -1
pages migrated: 475, lfu # items: 6709, lfu sample size: 29700000, samples: 29700000, node 0 mem 71948
CBF freq dist: (1) 580, (1-100) 2990, (100-1000) 2317, (1k-2k) 761, (2k-3k) 33, (3k-5k) 13, (5k-65534) 499, (65k) 96 
CBF freq dist: (1) 206, (1-100) 2568, (100-1000) 133, (1k-2k) 30, (2k-3k) 145, (3k-5k) 62, (5k-65534) 54, (65k) 0 
[DEBUG] Halving CBF counters.
collected one batch of samples. pages to migrate = 816 
start promoting 447 pages
move page ret -1 
move page error: 12
got ENOMEM. trying against with 89 pages 
second promote attempt return -1
pages migrated: 475, lfu # items: 6709, lfu sample size: 29800000, samples: 29800000, node 0 mem 71948
CBF freq dist: (1) 580, (1-100) 2990, (100-1000) 2317, (1k-2k) 761, (2k-3k) 33, (3k-5k) 13, (5k-65534) 498, (65k) 97 
CBF freq dist: (1) 140, (1-100) 2434, (100-1000) 95, (1k-2k) 172, (2k-3k) 43, (3k-5k) 42, (5k-65534) 11, (65k) 0 
collected one batch of samples. pages to migrate = 994 
start promoting 594 pages
move page ret -1 
move page error: 12
got ENOMEM. trying against with 118 pages 
second promote attempt return -1
pages migrated: 475, lfu # items: 6709, lfu sample size: 29900000, samples: 29900000, node 0 mem 71948
CBF freq dist: (1) 579, (1-100) 2988, (100-1000) 2316, (1k-2k) 764, (2k-3k) 33, (3k-5k) 13, (5k-65534) 497, (65k) 98 
CBF freq dist: (1) 375, (1-100) 2811, (100-1000) 108, (1k-2k) 138, (2k-3k) 66, (3k-5k) 57, (5k-65534) 15, (65k) 0 
[DEBUG] Number of hot pages promoted in 50 batches = 0 
[INFO] Reached promotion plateau. cur hot page size 4244635648, fast mem 80% 3435973836
[INFO] Go to monitor mode from promotion plateau.
[INFO] Starting low overhead perf stat monitoring.
closing perf counters
munmap done 0
close fd done 0
munmap done 1
close fd done 1
munmap done 0
close fd done 0
munmap done 1
close fd done 1
munmap done 0
close fd done 0
munmap done 1
close fd done 1
munmap done 0
close fd done 0
munmap done 1
close fd done 1
munmap done 0
close fd done 0
munmap done 1
close fd done 1
munmap done 0
close fd done 0
munmap done 1
close fd done 1
munmap done 0
close fd done 0
munmap done 1
close fd done 1
munmap done 0
close fd done 0
munmap done 1
close fd done 1
munmap done 0
close fd done 0
munmap done 1
close fd done 1
munmap done 0
close fd done 0
munmap done 1
close fd done 1
munmap done 0
close fd done 0
munmap done 1
close fd done 1
munmap done 0
close fd done 0
munmap done 1
close fd done 1
munmap done 0
close fd done 0
munmap done 1
close fd done 1
munmap done 0
close fd done 0
munmap done 1
close fd done 1
munmap done 0
close fd done 0
munmap done 1
close fd done 1
munmap done 0
close fd done 0
munmap done 1
close fd done 1
[INFO] Sleep for 120s for fast memory hit ratio to stablize.
Trial Time:          9.33458
Trial Time:          9.79866
Trial Time:          9.67075
Trial Time:          10.73991
Trial Time:          9.97492
Average Time:        10.04372
