Sun Mar  1 06:09:13 PM CST 2026: eno1: starting
Sun Mar  1 06:09:16 PM CST 2026: eno1: control net is us
Sun Mar  1 06:09:16 PM CST 2026: eno1: writing cnet metadata in /var/emulab/boot
Sun Mar  1 06:09:16 PM CST 2026: eno1: restarting systemd-networkd
Sun Mar  1 06:09:17 PM CST 2026: eno1: done!
Sun Mar  1 09:20:54 PM CST 2026: eno1: starting
Sun Mar  1 09:20:57 PM CST 2026: eno1: control net is us
Sun Mar  1 09:20:57 PM CST 2026: eno1: writing cnet metadata in /var/emulab/boot
Sun Mar  1 09:20:57 PM CST 2026: eno1: restarting systemd-networkd
Sun Mar  1 09:20:58 PM CST 2026: eno1: done!
Mon Mar  2 02:02:06 AM CST 2026: eno1: starting
Mon Mar  2 02:02:09 AM CST 2026: eno1: control net is us
Mon Mar  2 02:02:09 AM CST 2026: eno1: writing cnet metadata in /var/emulab/boot
Mon Mar  2 02:02:09 AM CST 2026: eno1: restarting systemd-networkd
Mon Mar  2 02:02:10 AM CST 2026: eno1: done!
Mon Mar  2 02:09:23 AM CST 2026: eno1: starting
Mon Mar  2 02:09:26 AM CST 2026: eno1: control net is us
Mon Mar  2 02:09:26 AM CST 2026: eno1: writing cnet metadata in /var/emulab/boot
Mon Mar  2 02:09:26 AM CST 2026: eno1: restarting systemd-networkd
Mon Mar  2 02:09:27 AM CST 2026: eno1: done!
Mon Mar  2 02:12:25 AM CST 2026: eno1: starting
Mon Mar  2 02:12:28 AM CST 2026: eno1: control net is us
Mon Mar  2 02:12:28 AM CST 2026: eno1: writing cnet metadata in /var/emulab/boot
Mon Mar  2 02:12:28 AM CST 2026: eno1: restarting systemd-networkd
Mon Mar  2 02:12:29 AM CST 2026: eno1: done!
Mon Mar  2 02:24:36 AM CST 2026: eno1: starting
Mon Mar  2 02:24:38 AM CST 2026: eno1: control net is us
Mon Mar  2 02:24:38 AM CST 2026: eno1: writing cnet metadata in /var/emulab/boot
Mon Mar  2 02:24:38 AM CST 2026: eno1: restarting systemd-networkd
Mon Mar  2 02:24:39 AM CST 2026: eno1: done!
Mon Mar  2 02:42:45 AM CST 2026: eno1: starting
Mon Mar  2 02:42:48 AM CST 2026: eno1: control net is us
Mon Mar  2 02:42:48 AM CST 2026: eno1: writing cnet metadata in /var/emulab/boot
Mon Mar  2 02:42:48 AM CST 2026: eno1: restarting systemd-networkd
Mon Mar  2 02:42:49 AM CST 2026: eno1: done!
Mon Mar  2 11:20:24 AM CST 2026: eno1: starting
Mon Mar  2 11:20:28 AM CST 2026: eno1: control net is us
Mon Mar  2 11:20:28 AM CST 2026: eno1: writing cnet metadata in /var/emulab/boot
Mon Mar  2 11:20:28 AM CST 2026: eno1: restarting systemd-networkd
Mon Mar  2 11:20:29 AM CST 2026: eno1: done!
Mon Mar  2 01:59:53 PM CST 2026: eno1: starting
Mon Mar  2 01:59:56 PM CST 2026: eno1: control net is us
Mon Mar  2 01:59:56 PM CST 2026: eno1: writing cnet metadata in /var/emulab/boot
Mon Mar  2 01:59:56 PM CST 2026: eno1: restarting systemd-networkd
Mon Mar  2 01:59:56 PM CST 2026: eno1: done!
Mon Mar  2 02:20:54 PM CST 2026: eno1: starting
Mon Mar  2 02:20:56 PM CST 2026: eno1: control net is us
Mon Mar  2 02:20:56 PM CST 2026: eno1: writing cnet metadata in /var/emulab/boot
Mon Mar  2 02:20:56 PM CST 2026: eno1: restarting systemd-networkd
Mon Mar  2 02:20:57 PM CST 2026: eno1: done!
Mon Mar  2 02:42:32 PM CST 2026: eno1: starting
Mon Mar  2 02:42:35 PM CST 2026: eno1: control net is us
Mon Mar  2 02:42:35 PM CST 2026: eno1: writing cnet metadata in /var/emulab/boot
Mon Mar  2 02:42:35 PM CST 2026: eno1: restarting systemd-networkd
Mon Mar  2 02:42:36 PM CST 2026: eno1: done!
Mon Mar  2 03:14:37 PM CST 2026: eno1: starting
Mon Mar  2 03:14:40 PM CST 2026: eno1: control net is us
Mon Mar  2 03:14:40 PM CST 2026: eno1: writing cnet metadata in /var/emulab/boot
Mon Mar  2 03:14:40 PM CST 2026: eno1: restarting systemd-networkd
Mon Mar  2 03:14:41 PM CST 2026: eno1: done!
Mon Mar  2 03:40:47 PM CST 2026: eno1: starting
Mon Mar  2 03:40:50 PM CST 2026: eno1: control net is us
Mon Mar  2 03:40:51 PM CST 2026: eno1: writing cnet metadata in /var/emulab/boot
Mon Mar  2 03:40:51 PM CST 2026: eno1: restarting systemd-networkd
Mon Mar  2 03:40:51 PM CST 2026: eno1: done!
Mon Mar  2 04:13:27 PM CST 2026: eno1: starting
Mon Mar  2 04:13:31 PM CST 2026: eno1: control net is us
Mon Mar  2 04:13:31 PM CST 2026: eno1: writing cnet metadata in /var/emulab/boot
Mon Mar  2 04:13:31 PM CST 2026: eno1: restarting systemd-networkd
Mon Mar  2 04:13:32 PM CST 2026: eno1: done!
Mon Mar  2 04:32:44 PM CST 2026: eno1: starting
Mon Mar  2 04:32:49 PM CST 2026: eno1: control net is us
Mon Mar  2 04:32:49 PM CST 2026: eno1: writing cnet metadata in /var/emulab/boot
Mon Mar  2 04:32:49 PM CST 2026: eno1: restarting systemd-networkd
Mon Mar  2 04:32:49 PM CST 2026: eno1: done!
Mon Mar  2 04:39:05 PM CST 2026: eno1: starting
Mon Mar  2 04:39:09 PM CST 2026: eno1: control net is us
Mon Mar  2 04:39:09 PM CST 2026: eno1: writing cnet metadata in /var/emulab/boot
Mon Mar  2 04:39:09 PM CST 2026: eno1: restarting systemd-networkd
Mon Mar  2 04:39:10 PM CST 2026: eno1: done!
Mon Mar  2 05:34:26 PM CST 2026: eno1: starting
Mon Mar  2 05:34:30 PM CST 2026: eno1: control net is us
Mon Mar  2 05:34:31 PM CST 2026: eno1: writing cnet metadata in /var/emulab/boot
Mon Mar  2 05:34:31 PM CST 2026: eno1: restarting systemd-networkd
Mon Mar  2 05:34:31 PM CST 2026: eno1: done!
Mon Mar  2 06:15:42 PM CST 2026: eno1: starting
Mon Mar  2 06:15:47 PM CST 2026: eno1: control net is us
Mon Mar  2 06:15:47 PM CST 2026: eno1: writing cnet metadata in /var/emulab/boot
Mon Mar  2 06:15:47 PM CST 2026: eno1: restarting systemd-networkd
Mon Mar  2 06:15:47 PM CST 2026: eno1: done!
Mon Mar  2 06:24:35 PM CST 2026: eno1: starting
Mon Mar  2 06:24:39 PM CST 2026: eno1: control net is us
Mon Mar  2 06:24:39 PM CST 2026: eno1: writing cnet metadata in /var/emulab/boot
Mon Mar  2 06:24:39 PM CST 2026: eno1: restarting systemd-networkd
Mon Mar  2 06:24:40 PM CST 2026: eno1: done!
Mon Mar  2 06:33:56 PM CST 2026: eno1: starting
Mon Mar  2 06:34:00 PM CST 2026: eno1: control net is us
Mon Mar  2 06:34:00 PM CST 2026: eno1: writing cnet metadata in /var/emulab/boot
Mon Mar  2 06:34:00 PM CST 2026: eno1: restarting systemd-networkd
Mon Mar  2 06:34:01 PM CST 2026: eno1: done!
Mon Mar  2 06:39:23 PM CST 2026: eno1: starting
Mon Mar  2 06:39:27 PM CST 2026: eno1: control net is us
Mon Mar  2 06:39:27 PM CST 2026: eno1: writing cnet metadata in /var/emulab/boot
Mon Mar  2 06:39:27 PM CST 2026: eno1: restarting systemd-networkd
Mon Mar  2 06:39:28 PM CST 2026: eno1: done!
Mon Mar  2 07:01:37 PM CST 2026: eno1: starting
Mon Mar  2 07:01:41 PM CST 2026: eno1: control net is us
Mon Mar  2 07:01:41 PM CST 2026: eno1: writing cnet metadata in /var/emulab/boot
Mon Mar  2 07:01:41 PM CST 2026: eno1: restarting systemd-networkd
Mon Mar  2 07:01:42 PM CST 2026: eno1: done!
Mon Mar  2 11:13:45 PM CST 2026: eno1: starting
Mon Mar  2 11:13:51 PM CST 2026: eno1: control net is us
Mon Mar  2 11:13:51 PM CST 2026: eno1: writing cnet metadata in /var/emulab/boot
Mon Mar  2 11:13:51 PM CST 2026: eno1: restarting systemd-networkd
Mon Mar  2 11:13:51 PM CST 2026: eno1: done!
Mon Mar  2 11:23:23 PM CST 2026: eno1: starting
Mon Mar  2 11:23:28 PM CST 2026: eno1: control net is us
Mon Mar  2 11:23:28 PM CST 2026: eno1: writing cnet metadata in /var/emulab/boot
Mon Mar  2 11:23:28 PM CST 2026: eno1: restarting systemd-networkd
Mon Mar  2 11:23:28 PM CST 2026: eno1: done!
Mon Mar  2 11:26:51 PM CST 2026: eno1: starting
Mon Mar  2 11:26:57 PM CST 2026: eno1: control net is us
Mon Mar  2 11:26:57 PM CST 2026: eno1: writing cnet metadata in /var/emulab/boot
Mon Mar  2 11:26:57 PM CST 2026: eno1: restarting systemd-networkd
Mon Mar  2 11:26:58 PM CST 2026: eno1: done!
Mon Mar  2 11:32:07 PM CST 2026: eno1: starting
Mon Mar  2 11:32:14 PM CST 2026: eno1: control net is us
Mon Mar  2 11:32:14 PM CST 2026: eno1: writing cnet metadata in /var/emulab/boot
Mon Mar  2 11:32:14 PM CST 2026: eno1: restarting systemd-networkd
Mon Mar  2 11:32:15 PM CST 2026: eno1: done!
Fri Mar  6 11:17:29 AM CST 2026: eno1: starting
Fri Mar  6 11:17:33 AM CST 2026: eno1: control net is us
Fri Mar  6 11:17:33 AM CST 2026: eno1: downed enp94s0f0np0
Fri Mar  6 11:17:33 AM CST 2026: eno1: /run/systemd/network/enp94s0f1np1.network is not ours; ignoring
Fri Mar  6 11:17:33 AM CST 2026: eno1: no leases file in /run/systemd/netif/leases; cannot write cnet metadata in /var/emulab/boot; failing!
Fri Mar  6 11:25:38 AM CST 2026: eno1: starting
Fri Mar  6 11:25:42 AM CST 2026: eno1: control net is us
Fri Mar  6 11:25:43 AM CST 2026: eno1: downed enp94s0f0np0
Fri Mar  6 11:25:43 AM CST 2026: eno1: /run/systemd/network/enp94s0f1np1.network is not ours; ignoring
Fri Mar  6 11:25:43 AM CST 2026: eno1: no leases file in /run/systemd/netif/leases; cannot write cnet metadata in /var/emulab/boot; failing!
Fri Mar  6 11:33:42 AM CST 2026: eno1: starting
Fri Mar  6 11:33:46 AM CST 2026: eno1: control net is us
Fri Mar  6 11:33:47 AM CST 2026: eno1: downed enp94s0f0np0
Fri Mar  6 11:33:47 AM CST 2026: eno1: /run/systemd/network/enp94s0f1np1.network is not ours; ignoring
Fri Mar  6 11:33:47 AM CST 2026: eno1: no leases file in /run/systemd/netif/leases; cannot write cnet metadata in /var/emulab/boot; failing!
Fri Mar  6 11:41:43 AM CST 2026: eno1: starting
Fri Mar  6 11:41:47 AM CST 2026: eno1: control net is us
Fri Mar  6 11:41:48 AM CST 2026: eno1: downed enp94s0f0np0
Fri Mar  6 11:41:48 AM CST 2026: eno1: /run/systemd/network/enp94s0f1np1.network is not ours; ignoring
Fri Mar  6 11:41:48 AM CST 2026: eno1: no leases file in /run/systemd/netif/leases; cannot write cnet metadata in /var/emulab/boot; failing!
Fri Mar  6 12:05:48 PM CST 2026: eno1: starting
Fri Mar  6 12:05:52 PM CST 2026: eno1: control net is us
Fri Mar  6 12:05:53 PM CST 2026: eno1: downed enp94s0f0np0
Fri Mar  6 12:05:53 PM CST 2026: eno1: /run/systemd/network/enp94s0f1np1.network is not ours; ignoring
Fri Mar  6 12:05:53 PM CST 2026: eno1: no leases file in /run/systemd/netif/leases; cannot write cnet metadata in /var/emulab/boot; failing!
Fri Mar  6 12:26:44 PM CST 2026: eno1: starting
Fri Mar  6 12:26:48 PM CST 2026: eno1: control net is us
Fri Mar  6 12:26:49 PM CST 2026: eno1: downed enp94s0f0np0
Fri Mar  6 12:26:49 PM CST 2026: eno1: /run/systemd/network/enp94s0f1np1.network is not ours; ignoring
Fri Mar  6 12:26:49 PM CST 2026: eno1: no leases file in /run/systemd/netif/leases; cannot write cnet metadata in /var/emulab/boot; failing!
Fri Mar  6 01:18:57 PM CST 2026: eno1: starting
Fri Mar  6 01:19:01 PM CST 2026: eno1: control net is us
Fri Mar  6 01:19:02 PM CST 2026: eno1: downed enp94s0f0np0
Fri Mar  6 01:19:02 PM CST 2026: eno1: downed enp94s0f1np1
Fri Mar  6 01:19:02 PM CST 2026: eno1: no leases file in /run/systemd/netif/leases; cannot write cnet metadata in /var/emulab/boot; failing!
Fri Mar  6 01:27:00 PM CST 2026: eno1: starting
Fri Mar  6 01:27:04 PM CST 2026: eno1: control net is us
Fri Mar  6 01:27:05 PM CST 2026: eno1: downed enp94s0f1np1
Fri Mar  6 01:27:05 PM CST 2026: eno1: no leases file in /run/systemd/netif/leases; cannot write cnet metadata in /var/emulab/boot; failing!
Fri Mar  6 01:33:05 PM CST 2026: eno1: starting
Fri Mar  6 01:33:12 PM CST 2026: eno1: control net is us
Fri Mar  6 01:33:12 PM CST 2026: eno1: writing cnet metadata in /var/emulab/boot
Fri Mar  6 01:33:12 PM CST 2026: eno1: restarting systemd-networkd
Fri Mar  6 01:33:13 PM CST 2026: eno1: done!
Fri Mar  6 10:21:47 PM CST 2026: eno1: starting
Fri Mar  6 10:21:54 PM CST 2026: eno1: control net is us
Fri Mar  6 10:21:54 PM CST 2026: eno1: writing cnet metadata in /var/emulab/boot
Fri Mar  6 10:21:54 PM CST 2026: eno1: restarting systemd-networkd
Fri Mar  6 10:21:55 PM CST 2026: eno1: done!
Fri Mar  6 10:51:14 PM CST 2026: eno1: starting
Fri Mar  6 10:51:20 PM CST 2026: eno1: control net is us
Fri Mar  6 10:51:20 PM CST 2026: eno1: writing cnet metadata in /var/emulab/boot
Fri Mar  6 10:51:20 PM CST 2026: eno1: restarting systemd-networkd
Fri Mar  6 10:51:20 PM CST 2026: eno1: done!
Fri Mar  6 10:58:12 PM CST 2026: eno1: starting
Fri Mar  6 10:58:19 PM CST 2026: eno1: control net is us
Fri Mar  6 10:58:19 PM CST 2026: eno1: writing cnet metadata in /var/emulab/boot
Fri Mar  6 10:58:19 PM CST 2026: eno1: restarting systemd-networkd
Fri Mar  6 10:58:19 PM CST 2026: eno1: done!
Sat Mar  7 10:01:18 AM CST 2026: eno1: starting
Sat Mar  7 10:01:25 AM CST 2026: eno1: control net is us
Sat Mar  7 10:01:25 AM CST 2026: eno1: writing cnet metadata in /var/emulab/boot
Sat Mar  7 10:01:25 AM CST 2026: eno1: restarting systemd-networkd
Sat Mar  7 10:01:25 AM CST 2026: eno1: done!
Sun Mar  8 05:13:42 PM CDT 2026: eno1: starting
Sun Mar  8 05:13:49 PM CDT 2026: eno1: control net is us
Sun Mar  8 05:13:49 PM CDT 2026: eno1: writing cnet metadata in /var/emulab/boot
Sun Mar  8 05:13:49 PM CDT 2026: eno1: restarting systemd-networkd
Sun Mar  8 05:13:49 PM CDT 2026: eno1: done!
Sun Mar  8 05:23:34 PM CDT 2026: eno1: starting
Sun Mar  8 05:23:38 PM CDT 2026: eno1: control net is us
Sun Mar  8 05:23:39 PM CDT 2026: eno1: downed enp94s0f0np0
Sun Mar  8 05:23:39 PM CDT 2026: eno1: downed enp94s0f1np1
Sun Mar  8 05:23:39 PM CDT 2026: eno1: no leases file in /run/systemd/netif/leases; cannot write cnet metadata in /var/emulab/boot; failing!
Sun Mar  8 05:28:30 PM CDT 2026: eno1: starting
Sun Mar  8 05:28:37 PM CDT 2026: eno1: control net is us
Sun Mar  8 05:28:37 PM CDT 2026: eno1: writing cnet metadata in /var/emulab/boot
Sun Mar  8 05:28:37 PM CDT 2026: eno1: restarting systemd-networkd
Sun Mar  8 05:28:38 PM CDT 2026: eno1: done!
Sun Mar  8 05:40:07 PM CDT 2026: eno1: starting
Sun Mar  8 05:40:14 PM CDT 2026: eno1: control net is us
Sun Mar  8 05:40:14 PM CDT 2026: eno1: writing cnet metadata in /var/emulab/boot
Sun Mar  8 05:40:14 PM CDT 2026: eno1: restarting systemd-networkd
Sun Mar  8 05:40:15 PM CDT 2026: eno1: done!
Mon Mar  9 11:45:31 PM CDT 2026: eno1: starting
Mon Mar  9 11:45:38 PM CDT 2026: eno1: control net is us
Mon Mar  9 11:45:38 PM CDT 2026: eno1: writing cnet metadata in /var/emulab/boot
Mon Mar  9 11:45:38 PM CDT 2026: eno1: restarting systemd-networkd
Mon Mar  9 11:45:38 PM CDT 2026: eno1: done!
Fri Mar 13 10:40:56 AM CDT 2026: eno1: starting
Fri Mar 13 10:41:03 AM CDT 2026: eno1: control net is us
Fri Mar 13 10:41:03 AM CDT 2026: eno1: writing cnet metadata in /var/emulab/boot
Fri Mar 13 10:41:03 AM CDT 2026: eno1: restarting systemd-networkd
Fri Mar 13 10:41:03 AM CDT 2026: eno1: done!
Fri Mar 13 03:39:45 PM CDT 2026: eno1: starting
Fri Mar 13 03:39:52 PM CDT 2026: eno1: control net is us
Fri Mar 13 03:39:52 PM CDT 2026: eno1: writing cnet metadata in /var/emulab/boot
Fri Mar 13 03:39:52 PM CDT 2026: eno1: restarting systemd-networkd
Fri Mar 13 03:39:53 PM CDT 2026: eno1: done!
Mon Mar 16 03:26:43 PM CDT 2026: eno1: starting
Mon Mar 16 03:26:47 PM CDT 2026: eno1: control net is us
Mon Mar 16 03:26:48 PM CDT 2026: eno1: downed enp94s0f0np0
Mon Mar 16 03:26:48 PM CDT 2026: eno1: downed enp94s0f1np1
Mon Mar 16 03:26:48 PM CDT 2026: eno1: no leases file in /run/systemd/netif/leases; cannot write cnet metadata in /var/emulab/boot; failing!
Mon Mar 16 03:34:54 PM CDT 2026: eno1: starting
Mon Mar 16 03:34:58 PM CDT 2026: eno1: control net is us
Mon Mar 16 03:34:58 PM CDT 2026: eno1: downed enp94s0f0np0
Mon Mar 16 03:34:58 PM CDT 2026: eno1: /run/systemd/network/enp94s0f1np1.network is not ours; ignoring
Mon Mar 16 03:34:59 PM CDT 2026: eno1: no leases file in /run/systemd/netif/leases; cannot write cnet metadata in /var/emulab/boot; failing!
Mon Mar 16 03:55:00 PM CDT 2026: eno1: starting
Mon Mar 16 03:55:04 PM CDT 2026: eno1: control net is us
Mon Mar 16 03:55:05 PM CDT 2026: eno1: downed enp94s0f0np0
Mon Mar 16 03:55:05 PM CDT 2026: eno1: /run/systemd/network/enp94s0f1np1.network is not ours; ignoring
Mon Mar 16 03:55:05 PM CDT 2026: eno1: no leases file in /run/systemd/netif/leases; cannot write cnet metadata in /var/emulab/boot; failing!
Mon Mar 16 04:09:08 PM CDT 2026: eno1: starting
Mon Mar 16 04:09:12 PM CDT 2026: eno1: control net is us
Mon Mar 16 04:09:12 PM CDT 2026: eno1: downed enp94s0f0np0
Mon Mar 16 04:09:12 PM CDT 2026: eno1: /run/systemd/network/enp94s0f1np1.network is not ours; ignoring
Mon Mar 16 04:09:12 PM CDT 2026: eno1: no leases file in /run/systemd/netif/leases; cannot write cnet metadata in /var/emulab/boot; failing!
Mon Mar 16 04:17:10 PM CDT 2026: eno1: starting
Mon Mar 16 04:17:14 PM CDT 2026: eno1: control net is us
Mon Mar 16 04:17:14 PM CDT 2026: eno1: downed enp94s0f0np0
Mon Mar 16 04:17:14 PM CDT 2026: eno1: /run/systemd/network/enp94s0f1np1.network is not ours; ignoring
Mon Mar 16 04:17:14 PM CDT 2026: eno1: no leases file in /run/systemd/netif/leases; cannot write cnet metadata in /var/emulab/boot; failing!
Mon Mar 16 04:52:06 PM CDT 2026: eno1: starting
Mon Mar 16 04:52:10 PM CDT 2026: eno1: control net is us
Mon Mar 16 04:52:11 PM CDT 2026: eno1: downed enp94s0f0np0
Mon Mar 16 04:52:11 PM CDT 2026: eno1: /run/systemd/network/enp94s0f1np1.network is not ours; ignoring
Mon Mar 16 04:52:11 PM CDT 2026: eno1: no leases file in /run/systemd/netif/leases; cannot write cnet metadata in /var/emulab/boot; failing!
Mon Mar 16 05:12:03 PM CDT 2026: eno1: starting
Mon Mar 16 05:12:07 PM CDT 2026: eno1: control net is us
Mon Mar 16 05:12:07 PM CDT 2026: eno1: downed enp94s0f0np0
Mon Mar 16 05:12:07 PM CDT 2026: eno1: /run/systemd/network/enp94s0f1np1.network is not ours; ignoring
Mon Mar 16 05:12:07 PM CDT 2026: eno1: no leases file in /run/systemd/netif/leases; cannot write cnet metadata in /var/emulab/boot; failing!
Mon Mar 16 05:24:09 PM CDT 2026: eno1: starting
Mon Mar 16 05:24:15 PM CDT 2026: eno1: control net is us
Mon Mar 16 05:24:15 PM CDT 2026: eno1: writing cnet metadata in /var/emulab/boot
Mon Mar 16 05:24:15 PM CDT 2026: eno1: restarting systemd-networkd
Mon Mar 16 05:24:16 PM CDT 2026: eno1: done!
Wed Mar 18 10:20:07 AM CDT 2026: eno1: starting
Wed Mar 18 10:20:12 AM CDT 2026: eno1: control net is us
Wed Mar 18 10:20:12 AM CDT 2026: eno1: downed enp94s0f0np0
Wed Mar 18 10:20:12 AM CDT 2026: eno1: /run/systemd/network/enp94s0f1np1.network is not ours; ignoring
Wed Mar 18 10:20:12 AM CDT 2026: eno1: no leases file in /run/systemd/netif/leases; cannot write cnet metadata in /var/emulab/boot; failing!
Wed Mar 18 10:27:59 AM CDT 2026: eno1: starting
Wed Mar 18 10:28:03 AM CDT 2026: eno1: control net is us
Wed Mar 18 10:28:04 AM CDT 2026: eno1: downed enp94s0f0np0
Wed Mar 18 10:28:04 AM CDT 2026: eno1: downed enp94s0f1np1
Wed Mar 18 10:28:04 AM CDT 2026: eno1: no leases file in /run/systemd/netif/leases; cannot write cnet metadata in /var/emulab/boot; failing!
Wed Mar 18 10:33:44 AM CDT 2026: eno1: starting
Wed Mar 18 10:33:50 AM CDT 2026: eno1: control net is us
Wed Mar 18 10:33:50 AM CDT 2026: eno1: writing cnet metadata in /var/emulab/boot
Wed Mar 18 10:33:50 AM CDT 2026: eno1: restarting systemd-networkd
Wed Mar 18 10:33:51 AM CDT 2026: eno1: done!
Wed Mar 18 06:41:43 PM CDT 2026: eno1: starting
Wed Mar 18 06:41:48 PM CDT 2026: eno1: control net is us
Wed Mar 18 06:41:48 PM CDT 2026: eno1: downed enp94s0f0np0
Wed Mar 18 06:41:48 PM CDT 2026: eno1: no leases file in /run/systemd/netif/leases; cannot write cnet metadata in /var/emulab/boot; failing!
Wed Mar 18 06:47:00 PM CDT 2026: eno1: starting
Wed Mar 18 06:47:06 PM CDT 2026: eno1: control net is us
Wed Mar 18 06:47:06 PM CDT 2026: eno1: writing cnet metadata in /var/emulab/boot
Wed Mar 18 06:47:06 PM CDT 2026: eno1: restarting systemd-networkd
Wed Mar 18 06:47:07 PM CDT 2026: eno1: done!
Thu Mar 19 10:01:27 AM CDT 2026: eno1: starting
Thu Mar 19 10:01:31 AM CDT 2026: eno1: control net is us
Thu Mar 19 10:01:32 AM CDT 2026: eno1: downed enp94s0f0np0
Thu Mar 19 10:01:32 AM CDT 2026: eno1: /run/systemd/network/enp94s0f1np1.network is not ours; ignoring
Thu Mar 19 10:01:32 AM CDT 2026: eno1: no leases file in /run/systemd/netif/leases; cannot write cnet metadata in /var/emulab/boot; failing!
Thu Mar 19 10:06:29 AM CDT 2026: eno1: starting
Thu Mar 19 10:06:33 AM CDT 2026: eno1: control net is us
Thu Mar 19 10:06:33 AM CDT 2026: eno1: downed enp94s0f0np0
Thu Mar 19 10:06:33 AM CDT 2026: eno1: no leases file in /run/systemd/netif/leases; cannot write cnet metadata in /var/emulab/boot; failing!
Thu Mar 19 10:14:35 AM CDT 2026: eno1: starting
Thu Mar 19 10:14:40 AM CDT 2026: eno1: control net is us
Thu Mar 19 10:14:41 AM CDT 2026: eno1: downed enp94s0f0np0
Thu Mar 19 10:14:41 AM CDT 2026: eno1: no leases file in /run/systemd/netif/leases; cannot write cnet metadata in /var/emulab/boot; failing!
Thu Mar 19 10:23:30 AM CDT 2026: eno1: starting
Thu Mar 19 10:23:35 AM CDT 2026: eno1: control net is us
Thu Mar 19 10:23:35 AM CDT 2026: eno1: writing cnet metadata in /var/emulab/boot
Thu Mar 19 10:23:35 AM CDT 2026: eno1: restarting systemd-networkd
Thu Mar 19 10:23:36 AM CDT 2026: eno1: done!
Thu Mar 19 10:42:31 AM CDT 2026: eno1: starting
Thu Mar 19 10:42:35 AM CDT 2026: eno1: control net is us
Thu Mar 19 10:42:36 AM CDT 2026: eno1: downed enp94s0f0np0
Thu Mar 19 10:42:36 AM CDT 2026: eno1: no leases file in /run/systemd/netif/leases; cannot write cnet metadata in /var/emulab/boot; failing!
Thu Mar 19 10:50:36 AM CDT 2026: eno1: starting
Thu Mar 19 10:50:39 AM CDT 2026: eno1: control net is us
Thu Mar 19 10:50:40 AM CDT 2026: eno1: downed enp94s0f0np0
Thu Mar 19 10:50:40 AM CDT 2026: eno1: no leases file in /run/systemd/netif/leases; cannot write cnet metadata in /var/emulab/boot; failing!
Thu Mar 19 10:58:41 AM CDT 2026: eno1: starting
Thu Mar 19 10:58:45 AM CDT 2026: eno1: control net is us
Thu Mar 19 10:58:46 AM CDT 2026: eno1: downed enp94s0f0np0
Thu Mar 19 10:58:46 AM CDT 2026: eno1: no leases file in /run/systemd/netif/leases; cannot write cnet metadata in /var/emulab/boot; failing!
Thu Mar 19 11:06:45 AM CDT 2026: eno1: starting
Thu Mar 19 11:06:49 AM CDT 2026: eno1: control net is us
Thu Mar 19 11:06:50 AM CDT 2026: eno1: downed enp94s0f0np0
Thu Mar 19 11:06:50 AM CDT 2026: eno1: /run/systemd/network/enp94s0f1np1.network is not ours; ignoring
Thu Mar 19 11:06:50 AM CDT 2026: eno1: no leases file in /run/systemd/netif/leases; cannot write cnet metadata in /var/emulab/boot; failing!
Thu Mar 19 11:11:11 AM CDT 2026: eno1: starting
Thu Mar 19 11:11:15 AM CDT 2026: eno1: control net is us
Thu Mar 19 11:11:15 AM CDT 2026: eno1: downed enp94s0f0np0
Thu Mar 19 11:11:15 AM CDT 2026: eno1: no leases file in /run/systemd/netif/leases; cannot write cnet metadata in /var/emulab/boot; failing!
Thu Mar 19 11:16:37 AM CDT 2026: eno1: starting
Thu Mar 19 11:16:44 AM CDT 2026: eno1: control net is us
Thu Mar 19 11:16:44 AM CDT 2026: eno1: writing cnet metadata in /var/emulab/boot
Thu Mar 19 11:16:44 AM CDT 2026: eno1: restarting systemd-networkd
Thu Mar 19 11:16:45 AM CDT 2026: eno1: done!
Thu Mar 19 11:28:52 AM CDT 2026: eno1: starting
Thu Mar 19 11:28:56 AM CDT 2026: eno1: control net is us
Thu Mar 19 11:28:57 AM CDT 2026: eno1: downed enp94s0f0np0
Thu Mar 19 11:28:57 AM CDT 2026: eno1: /run/systemd/network/enp94s0f1np1.network is not ours; ignoring
Thu Mar 19 11:28:57 AM CDT 2026: eno1: no leases file in /run/systemd/netif/leases; cannot write cnet metadata in /var/emulab/boot; failing!
Thu Mar 19 11:37:10 AM CDT 2026: eno1: starting
Thu Mar 19 11:37:17 AM CDT 2026: eno1: control net is us
Thu Mar 19 11:37:17 AM CDT 2026: eno1: writing cnet metadata in /var/emulab/boot
Thu Mar 19 11:37:17 AM CDT 2026: eno1: restarting systemd-networkd
Thu Mar 19 11:37:18 AM CDT 2026: eno1: done!
Thu Mar 19 11:44:27 AM CDT 2026: eno1: starting
Thu Mar 19 11:44:33 AM CDT 2026: eno1: control net is us
Thu Mar 19 11:44:33 AM CDT 2026: eno1: writing cnet metadata in /var/emulab/boot
Thu Mar 19 11:44:33 AM CDT 2026: eno1: restarting systemd-networkd
Thu Mar 19 11:44:35 AM CDT 2026: eno1: done!
Thu Mar 19 11:55:55 AM CDT 2026: eno1: starting
Thu Mar 19 11:56:00 AM CDT 2026: eno1: control net is us
Thu Mar 19 11:56:01 AM CDT 2026: eno1: downed enp94s0f0np0
Thu Mar 19 11:56:01 AM CDT 2026: eno1: no leases file in /run/systemd/netif/leases; cannot write cnet metadata in /var/emulab/boot; failing!
Thu Mar 19 12:08:27 PM CDT 2026: eno1: starting
Thu Mar 19 12:08:33 PM CDT 2026: eno1: control net is us
Thu Mar 19 12:08:33 PM CDT 2026: eno1: writing cnet metadata in /var/emulab/boot
Thu Mar 19 12:08:33 PM CDT 2026: eno1: restarting systemd-networkd
Thu Mar 19 12:08:34 PM CDT 2026: eno1: done!
Thu Mar 19 12:20:21 PM CDT 2026: eno1: starting
Thu Mar 19 12:20:25 PM CDT 2026: eno1: control net is us
Thu Mar 19 12:20:26 PM CDT 2026: eno1: downed enp94s0f0np0
Thu Mar 19 12:20:26 PM CDT 2026: eno1: /run/systemd/network/enp94s0f1np1.network is not ours; ignoring
Thu Mar 19 12:20:26 PM CDT 2026: eno1: no leases file in /run/systemd/netif/leases; cannot write cnet metadata in /var/emulab/boot; failing!
Thu Mar 19 12:26:09 PM CDT 2026: eno1: starting
Thu Mar 19 12:26:16 PM CDT 2026: eno1: control net is us
Thu Mar 19 12:26:16 PM CDT 2026: eno1: writing cnet metadata in /var/emulab/boot
Thu Mar 19 12:26:16 PM CDT 2026: eno1: restarting systemd-networkd
Thu Mar 19 12:26:17 PM CDT 2026: eno1: done!
Thu Mar 19 12:32:23 PM CDT 2026: eno1: starting
Thu Mar 19 12:32:27 PM CDT 2026: eno1: control net is us
Thu Mar 19 12:32:27 PM CDT 2026: eno1: downed enp94s0f0np0
Thu Mar 19 12:32:27 PM CDT 2026: eno1: /run/systemd/network/enp94s0f1np1.network is not ours; ignoring
Thu Mar 19 12:32:27 PM CDT 2026: eno1: no leases file in /run/systemd/netif/leases; cannot write cnet metadata in /var/emulab/boot; failing!
Thu Mar 19 12:40:50 PM CDT 2026: eno1: starting
Thu Mar 19 12:40:57 PM CDT 2026: eno1: control net is us
Thu Mar 19 12:40:57 PM CDT 2026: eno1: writing cnet metadata in /var/emulab/boot
Thu Mar 19 12:40:57 PM CDT 2026: eno1: restarting systemd-networkd
Thu Mar 19 12:40:57 PM CDT 2026: eno1: done!
Thu Mar 19 12:58:54 PM CDT 2026: eno1: starting
Thu Mar 19 12:58:58 PM CDT 2026: eno1: control net is us
Thu Mar 19 12:58:58 PM CDT 2026: eno1: downed enp94s0f0np0
Thu Mar 19 12:58:58 PM CDT 2026: eno1: /run/systemd/network/enp94s0f1np1.network is not ours; ignoring
Thu Mar 19 12:58:58 PM CDT 2026: eno1: writing cnet metadata in /var/emulab/boot
Thu Mar 19 12:58:58 PM CDT 2026: eno1: restarting systemd-networkd
Thu Mar 19 12:58:59 PM CDT 2026: eno1: done!
Thu Mar 19 01:03:04 PM CDT 2026: eno1: starting
Thu Mar 19 01:03:08 PM CDT 2026: eno1: control net is us
Thu Mar 19 01:03:08 PM CDT 2026: eno1: downed enp94s0f0np0
Thu Mar 19 01:03:08 PM CDT 2026: eno1: /run/systemd/network/enp94s0f1np1.network is not ours; ignoring
Thu Mar 19 01:03:08 PM CDT 2026: eno1: writing cnet metadata in /var/emulab/boot
Thu Mar 19 01:03:08 PM CDT 2026: eno1: restarting systemd-networkd
Thu Mar 19 01:03:09 PM CDT 2026: eno1: done!
Thu Mar 19 01:13:46 PM CDT 2026: eno1: starting
Thu Mar 19 01:13:50 PM CDT 2026: eno1: control net is us
Thu Mar 19 01:13:50 PM CDT 2026: eno1: downed enp94s0f0np0
Thu Mar 19 01:13:51 PM CDT 2026: eno1: /run/systemd/network/enp94s0f1np1.network is not ours; ignoring
Thu Mar 19 01:13:51 PM CDT 2026: eno1: writing cnet metadata in /var/emulab/boot
Thu Mar 19 01:13:51 PM CDT 2026: eno1: restarting systemd-networkd
Thu Mar 19 01:13:51 PM CDT 2026: eno1: done!
Thu Mar 19 01:28:51 PM CDT 2026: eno1: starting
Thu Mar 19 01:28:56 PM CDT 2026: eno1: control net is us
Thu Mar 19 01:28:56 PM CDT 2026: eno1: downed eno2
Thu Mar 19 01:28:56 PM CDT 2026: eno1: /run/systemd/network/enp94s0f0np0.network is not ours; ignoring
Thu Mar 19 01:28:56 PM CDT 2026: eno1: /run/systemd/network/enp94s0f1np1.network is not ours; ignoring
Thu Mar 19 01:28:56 PM CDT 2026: eno1: writing cnet metadata in /var/emulab/boot
Thu Mar 19 01:28:56 PM CDT 2026: eno1: restarting systemd-networkd
Thu Mar 19 01:28:57 PM CDT 2026: eno1: done!
Thu Mar 19 04:39:34 PM CDT 2026: eno1: starting
Thu Mar 19 04:39:38 PM CDT 2026: eno1: control net is us
Thu Mar 19 04:39:39 PM CDT 2026: eno1: downed eno2
Thu Mar 19 04:39:39 PM CDT 2026: eno1: /run/systemd/network/enp94s0f0np0.network is not ours; ignoring
Thu Mar 19 04:39:39 PM CDT 2026: eno1: /run/systemd/network/enp94s0f1np1.network is not ours; ignoring
Thu Mar 19 04:39:39 PM CDT 2026: eno1: writing cnet metadata in /var/emulab/boot
Thu Mar 19 04:39:39 PM CDT 2026: eno1: restarting systemd-networkd
Thu Mar 19 04:39:40 PM CDT 2026: eno1: done!
Thu Mar 19 04:45:11 PM CDT 2026: eno1: starting
Thu Mar 19 04:45:15 PM CDT 2026: eno1: control net is us
Thu Mar 19 04:45:15 PM CDT 2026: eno1: downed eno2
Thu Mar 19 04:45:15 PM CDT 2026: eno1: /run/systemd/network/enp94s0f0np0.network is not ours; ignoring
Thu Mar 19 04:45:15 PM CDT 2026: eno1: /run/systemd/network/enp94s0f1np1.network is not ours; ignoring
Thu Mar 19 04:45:15 PM CDT 2026: eno1: writing cnet metadata in /var/emulab/boot
Thu Mar 19 04:45:15 PM CDT 2026: eno1: restarting systemd-networkd
Thu Mar 19 04:45:16 PM CDT 2026: eno1: done!
Thu Mar 19 05:18:53 PM CDT 2026: eno1: starting
Thu Mar 19 05:18:58 PM CDT 2026: eno1: control net is us
Thu Mar 19 05:18:58 PM CDT 2026: eno1: downed eno2
Thu Mar 19 05:18:58 PM CDT 2026: eno1: /run/systemd/network/enp94s0f0np0.network is not ours; ignoring
Thu Mar 19 05:18:58 PM CDT 2026: eno1: /run/systemd/network/enp94s0f1np1.network is not ours; ignoring
Thu Mar 19 05:18:58 PM CDT 2026: eno1: writing cnet metadata in /var/emulab/boot
Thu Mar 19 05:18:58 PM CDT 2026: eno1: restarting systemd-networkd
Thu Mar 19 05:18:59 PM CDT 2026: eno1: done!
Thu Mar 19 05:32:14 PM CDT 2026: eno1: starting
Thu Mar 19 05:32:18 PM CDT 2026: eno1: control net is us
Thu Mar 19 05:32:19 PM CDT 2026: eno1: downed eno2
Thu Mar 19 05:32:19 PM CDT 2026: eno1: /run/systemd/network/enp94s0f0np0.network is not ours; ignoring
Thu Mar 19 05:32:19 PM CDT 2026: eno1: /run/systemd/network/enp94s0f1np1.network is not ours; ignoring
Thu Mar 19 05:32:19 PM CDT 2026: eno1: writing cnet metadata in /var/emulab/boot
Thu Mar 19 05:32:19 PM CDT 2026: eno1: restarting systemd-networkd
Thu Mar 19 05:32:20 PM CDT 2026: eno1: done!
Thu Mar 19 07:31:27 PM CDT 2026: eno1: starting
Thu Mar 19 07:31:32 PM CDT 2026: eno1: control net is us
Thu Mar 19 07:31:32 PM CDT 2026: eno1: downed eno2
Thu Mar 19 07:31:32 PM CDT 2026: eno1: /run/systemd/network/enp94s0f0.network is not ours; ignoring
Thu Mar 19 07:31:32 PM CDT 2026: eno1: /run/systemd/network/enp94s0f1.network is not ours; ignoring
Thu Mar 19 07:31:32 PM CDT 2026: eno1: /run/systemd/network/wlan0.network is not ours; ignoring
Thu Mar 19 07:31:32 PM CDT 2026: eno1: /run/systemd/network/wlan1.network is not ours; ignoring
Thu Mar 19 07:31:32 PM CDT 2026: eno1: /run/systemd/network/wpan0.network is not ours; ignoring
Thu Mar 19 07:31:32 PM CDT 2026: eno1: /run/systemd/network/wpan1.network is not ours; ignoring
Thu Mar 19 07:31:32 PM CDT 2026: eno1: /run/systemd/network/wpan2.network is not ours; ignoring
Thu Mar 19 07:31:32 PM CDT 2026: eno1: /run/systemd/network/wpan3.network is not ours; ignoring
Thu Mar 19 07:31:32 PM CDT 2026: eno1: writing cnet metadata in /var/emulab/boot
Thu Mar 19 07:31:32 PM CDT 2026: eno1: restarting systemd-networkd
Thu Mar 19 07:31:33 PM CDT 2026: eno1: done!
Thu Mar 19 07:40:49 PM CDT 2026: eno1: starting
Thu Mar 19 07:40:53 PM CDT 2026: eno1: control net is us
Thu Mar 19 07:40:54 PM CDT 2026: eno1: downed eno2
Thu Mar 19 07:40:54 PM CDT 2026: eno1: /run/systemd/network/enp94s0f0.network is not ours; ignoring
Thu Mar 19 07:40:54 PM CDT 2026: eno1: /run/systemd/network/enp94s0f1.network is not ours; ignoring
Thu Mar 19 07:40:54 PM CDT 2026: eno1: /run/systemd/network/wlan0.network is not ours; ignoring
Thu Mar 19 07:40:54 PM CDT 2026: eno1: /run/systemd/network/wlan1.network is not ours; ignoring
Thu Mar 19 07:40:54 PM CDT 2026: eno1: /run/systemd/network/wpan0.network is not ours; ignoring
Thu Mar 19 07:40:54 PM CDT 2026: eno1: /run/systemd/network/wpan1.network is not ours; ignoring
Thu Mar 19 07:40:54 PM CDT 2026: eno1: /run/systemd/network/wpan2.network is not ours; ignoring
Thu Mar 19 07:40:54 PM CDT 2026: eno1: /run/systemd/network/wpan3.network is not ours; ignoring
Thu Mar 19 07:40:54 PM CDT 2026: eno1: writing cnet metadata in /var/emulab/boot
Thu Mar 19 07:40:54 PM CDT 2026: eno1: restarting systemd-networkd
Thu Mar 19 07:40:55 PM CDT 2026: eno1: done!
Thu Mar 19 10:14:03 PM CDT 2026: eno1: starting
Thu Mar 19 10:14:07 PM CDT 2026: eno1: control net is us
Thu Mar 19 10:14:08 PM CDT 2026: eno1: downed eno2
Thu Mar 19 10:14:08 PM CDT 2026: eno1: /run/systemd/network/enp94s0f0.network is not ours; ignoring
Thu Mar 19 10:14:08 PM CDT 2026: eno1: /run/systemd/network/enp94s0f1.network is not ours; ignoring
Thu Mar 19 10:14:08 PM CDT 2026: eno1: /run/systemd/network/wlan0.network is not ours; ignoring
Thu Mar 19 10:14:08 PM CDT 2026: eno1: /run/systemd/network/wlan1.network is not ours; ignoring
Thu Mar 19 10:14:08 PM CDT 2026: eno1: /run/systemd/network/wpan0.network is not ours; ignoring
Thu Mar 19 10:14:08 PM CDT 2026: eno1: /run/systemd/network/wpan1.network is not ours; ignoring
Thu Mar 19 10:14:08 PM CDT 2026: eno1: /run/systemd/network/wpan2.network is not ours; ignoring
Thu Mar 19 10:14:08 PM CDT 2026: eno1: /run/systemd/network/wpan3.network is not ours; ignoring
Thu Mar 19 10:14:08 PM CDT 2026: eno1: writing cnet metadata in /var/emulab/boot
Thu Mar 19 10:14:08 PM CDT 2026: eno1: restarting systemd-networkd
Thu Mar 19 10:14:09 PM CDT 2026: eno1: done!
Thu Mar 19 11:22:54 PM CDT 2026: eno1: starting
Thu Mar 19 11:22:59 PM CDT 2026: eno1: control net is us
Thu Mar 19 11:22:59 PM CDT 2026: eno1: downed eno2
Thu Mar 19 11:22:59 PM CDT 2026: eno1: /run/systemd/network/enp94s0f0np0.network is not ours; ignoring
Thu Mar 19 11:22:59 PM CDT 2026: eno1: /run/systemd/network/enp94s0f1np1.network is not ours; ignoring
Thu Mar 19 11:22:59 PM CDT 2026: eno1: writing cnet metadata in /var/emulab/boot
Thu Mar 19 11:22:59 PM CDT 2026: eno1: restarting systemd-networkd
Thu Mar 19 11:23:00 PM CDT 2026: eno1: done!
Thu Mar 19 11:43:28 PM CDT 2026: eno1: starting
Thu Mar 19 11:43:32 PM CDT 2026: eno1: control net is us
Thu Mar 19 11:43:33 PM CDT 2026: eno1: downed eno2
Thu Mar 19 11:43:33 PM CDT 2026: eno1: /run/systemd/network/enp94s0f0.network is not ours; ignoring
Thu Mar 19 11:43:33 PM CDT 2026: eno1: /run/systemd/network/enp94s0f1.network is not ours; ignoring
Thu Mar 19 11:43:33 PM CDT 2026: eno1: /run/systemd/network/wlan0.network is not ours; ignoring
Thu Mar 19 11:43:33 PM CDT 2026: eno1: /run/systemd/network/wlan1.network is not ours; ignoring
Thu Mar 19 11:43:33 PM CDT 2026: eno1: /run/systemd/network/wpan0.network is not ours; ignoring
Thu Mar 19 11:43:33 PM CDT 2026: eno1: /run/systemd/network/wpan1.network is not ours; ignoring
Thu Mar 19 11:43:33 PM CDT 2026: eno1: /run/systemd/network/wpan2.network is not ours; ignoring
Thu Mar 19 11:43:33 PM CDT 2026: eno1: /run/systemd/network/wpan3.network is not ours; ignoring
Thu Mar 19 11:43:33 PM CDT 2026: eno1: writing cnet metadata in /var/emulab/boot
Thu Mar 19 11:43:33 PM CDT 2026: eno1: restarting systemd-networkd
Thu Mar 19 11:43:33 PM CDT 2026: eno1: done!
Thu Mar 19 11:49:28 PM CDT 2026: eno1: starting
Thu Mar 19 11:49:33 PM CDT 2026: eno1: control net is us
Thu Mar 19 11:49:33 PM CDT 2026: eno1: downed eno2
Thu Mar 19 11:49:33 PM CDT 2026: eno1: /run/systemd/network/enp94s0f0np0.network is not ours; ignoring
Thu Mar 19 11:49:33 PM CDT 2026: eno1: /run/systemd/network/enp94s0f1np1.network is not ours; ignoring
Thu Mar 19 11:49:33 PM CDT 2026: eno1: writing cnet metadata in /var/emulab/boot
Thu Mar 19 11:49:33 PM CDT 2026: eno1: restarting systemd-networkd
Thu Mar 19 11:49:34 PM CDT 2026: eno1: done!
Fri Mar 20 11:08:26 AM CDT 2026: eno1: starting
Fri Mar 20 11:08:31 AM CDT 2026: eno1: control net is us
Fri Mar 20 11:08:31 AM CDT 2026: eno1: downed eno2
Fri Mar 20 11:08:31 AM CDT 2026: eno1: /run/systemd/network/enp94s0f0np0.network is not ours; ignoring
Fri Mar 20 11:08:31 AM CDT 2026: eno1: /run/systemd/network/enp94s0f1np1.network is not ours; ignoring
Fri Mar 20 11:08:31 AM CDT 2026: eno1: writing cnet metadata in /var/emulab/boot
Fri Mar 20 11:08:31 AM CDT 2026: eno1: restarting systemd-networkd
Fri Mar 20 11:08:32 AM CDT 2026: eno1: done!
Fri Mar 20 11:16:10 AM CDT 2026: eno1: starting
Fri Mar 20 11:16:14 AM CDT 2026: eno1: control net is us
Fri Mar 20 11:16:15 AM CDT 2026: eno1: downed eno2
Fri Mar 20 11:16:15 AM CDT 2026: eno1: /run/systemd/network/enp94s0f0np0.network is not ours; ignoring
Fri Mar 20 11:16:15 AM CDT 2026: eno1: /run/systemd/network/enp94s0f1np1.network is not ours; ignoring
Fri Mar 20 11:16:15 AM CDT 2026: eno1: writing cnet metadata in /var/emulab/boot
Fri Mar 20 11:16:15 AM CDT 2026: eno1: restarting systemd-networkd
Fri Mar 20 11:16:16 AM CDT 2026: eno1: done!
Fri Mar 20 11:25:12 AM CDT 2026: eno1: starting
Fri Mar 20 11:25:16 AM CDT 2026: eno1: control net is us
Fri Mar 20 11:25:17 AM CDT 2026: eno1: downed eno2
Fri Mar 20 11:25:17 AM CDT 2026: eno1: /run/systemd/network/enp94s0f0np0.network is not ours; ignoring
Fri Mar 20 11:25:17 AM CDT 2026: eno1: /run/systemd/network/enp94s0f1np1.network is not ours; ignoring
Fri Mar 20 11:25:17 AM CDT 2026: eno1: writing cnet metadata in /var/emulab/boot
Fri Mar 20 11:25:17 AM CDT 2026: eno1: restarting systemd-networkd
Fri Mar 20 11:25:18 AM CDT 2026: eno1: done!
Fri Mar 20 01:06:02 PM CDT 2026: eno1: starting
Fri Mar 20 01:06:07 PM CDT 2026: eno1: control net is us
Fri Mar 20 01:06:07 PM CDT 2026: eno1: downed eno2
Fri Mar 20 01:06:07 PM CDT 2026: eno1: /run/systemd/network/enp94s0f0np0.network is not ours; ignoring
Fri Mar 20 01:06:07 PM CDT 2026: eno1: /run/systemd/network/enp94s0f1np1.network is not ours; ignoring
Fri Mar 20 01:06:07 PM CDT 2026: eno1: writing cnet metadata in /var/emulab/boot
Fri Mar 20 01:06:07 PM CDT 2026: eno1: restarting systemd-networkd
Fri Mar 20 01:06:08 PM CDT 2026: eno1: done!
Fri Mar 20 04:23:09 PM CDT 2026: eno1: starting
Fri Mar 20 04:23:13 PM CDT 2026: eno1: control net is us
Fri Mar 20 04:23:13 PM CDT 2026: eno1: downed eno2
Fri Mar 20 04:23:13 PM CDT 2026: eno1: /run/systemd/network/enp94s0f0np0.network is not ours; ignoring
Fri Mar 20 04:23:13 PM CDT 2026: eno1: /run/systemd/network/enp94s0f1np1.network is not ours; ignoring
Fri Mar 20 04:23:13 PM CDT 2026: eno1: writing cnet metadata in /var/emulab/boot
Fri Mar 20 04:23:13 PM CDT 2026: eno1: restarting systemd-networkd
Fri Mar 20 04:23:14 PM CDT 2026: eno1: done!
Sat Mar 21 02:27:07 AM CDT 2026: eno1: starting
Sat Mar 21 02:27:12 AM CDT 2026: eno1: control net is us
Sat Mar 21 02:27:12 AM CDT 2026: eno1: downed eno2
Sat Mar 21 02:27:12 AM CDT 2026: eno1: /run/systemd/network/enp94s0f0np0.network is not ours; ignoring
Sat Mar 21 02:27:12 AM CDT 2026: eno1: /run/systemd/network/enp94s0f1np1.network is not ours; ignoring
Sat Mar 21 02:27:12 AM CDT 2026: eno1: writing cnet metadata in /var/emulab/boot
Sat Mar 21 02:27:12 AM CDT 2026: eno1: restarting systemd-networkd
Sat Mar 21 02:27:13 AM CDT 2026: eno1: done!
Sat Mar 21 01:54:20 PM CDT 2026: eno1: starting
Sat Mar 21 01:54:25 PM CDT 2026: eno1: control net is us
Sat Mar 21 01:54:25 PM CDT 2026: eno1: downed eno2
Sat Mar 21 01:54:25 PM CDT 2026: eno1: /run/systemd/network/enp94s0f0np0.network is not ours; ignoring
Sat Mar 21 01:54:25 PM CDT 2026: eno1: /run/systemd/network/enp94s0f1np1.network is not ours; ignoring
Sat Mar 21 01:54:25 PM CDT 2026: eno1: writing cnet metadata in /var/emulab/boot
Sat Mar 21 01:54:25 PM CDT 2026: eno1: restarting systemd-networkd
Sat Mar 21 01:54:26 PM CDT 2026: eno1: done!
Sat Mar 21 07:27:30 PM CDT 2026: eno1: starting
Sat Mar 21 07:27:33 PM CDT 2026: eno1: control net is us
Sat Mar 21 07:27:33 PM CDT 2026: eno1: /run/systemd/network/eno2.network is not ours; ignoring
Sat Mar 21 07:27:33 PM CDT 2026: eno1: downed enp94s0f0
Sat Mar 21 07:27:33 PM CDT 2026: eno1: /run/systemd/network/enp94s0f1.network is not ours; ignoring
Sat Mar 21 07:27:33 PM CDT 2026: eno1: /run/systemd/network/wlan1.network is not ours; ignoring
Sat Mar 21 07:27:33 PM CDT 2026: eno1: /run/systemd/network/wpan0.network is not ours; ignoring
Sat Mar 21 07:27:33 PM CDT 2026: eno1: /run/systemd/network/wpan1.network is not ours; ignoring
Sat Mar 21 07:27:33 PM CDT 2026: eno1: /run/systemd/network/wpan3.network is not ours; ignoring
Sat Mar 21 07:27:33 PM CDT 2026: eno1: writing cnet metadata in /var/emulab/boot
Sat Mar 21 07:27:33 PM CDT 2026: eno1: restarting systemd-networkd
Sat Mar 21 07:27:34 PM CDT 2026: eno1: done!
Sat Mar 21 07:34:18 PM CDT 2026: eno1: starting
Sat Mar 21 07:34:22 PM CDT 2026: eno1: control net is us
Sat Mar 21 07:34:22 PM CDT 2026: eno1: downed eno2
Sat Mar 21 07:34:22 PM CDT 2026: eno1: /run/systemd/network/enp94s0f0np0.network is not ours; ignoring
Sat Mar 21 07:34:22 PM CDT 2026: eno1: writing cnet metadata in /var/emulab/boot
Sat Mar 21 07:34:22 PM CDT 2026: eno1: restarting systemd-networkd
Sat Mar 21 07:34:23 PM CDT 2026: eno1: done!
Sat Mar 21 08:03:44 PM CDT 2026: eno1: starting
Sat Mar 21 08:03:48 PM CDT 2026: eno1: control net is us
Sat Mar 21 08:03:49 PM CDT 2026: eno1: downed eno2
Sat Mar 21 08:03:49 PM CDT 2026: eno1: /run/systemd/network/enp94s0f0np0.network is not ours; ignoring
Sat Mar 21 08:03:49 PM CDT 2026: eno1: /run/systemd/network/enp94s0f1np1.network is not ours; ignoring
Sat Mar 21 08:03:49 PM CDT 2026: eno1: writing cnet metadata in /var/emulab/boot
Sat Mar 21 08:03:49 PM CDT 2026: eno1: restarting systemd-networkd
Sat Mar 21 08:03:50 PM CDT 2026: eno1: done!
Sat Mar 21 08:12:39 PM CDT 2026: eno1: starting
Sat Mar 21 08:12:43 PM CDT 2026: eno1: control net is us
Sat Mar 21 08:12:43 PM CDT 2026: eno1: downed eno2
Sat Mar 21 08:12:43 PM CDT 2026: eno1: /run/systemd/network/enp94s0f0np0.network is not ours; ignoring
Sat Mar 21 08:12:43 PM CDT 2026: eno1: /run/systemd/network/enp94s0f1np1.network is not ours; ignoring
Sat Mar 21 08:12:43 PM CDT 2026: eno1: writing cnet metadata in /var/emulab/boot
Sat Mar 21 08:12:43 PM CDT 2026: eno1: restarting systemd-networkd
Sat Mar 21 08:12:44 PM CDT 2026: eno1: done!
Sat Mar 21 08:18:39 PM CDT 2026: eno1: starting
Sat Mar 21 08:18:43 PM CDT 2026: eno1: control net is us
Sat Mar 21 08:18:43 PM CDT 2026: eno1: downed eno2
Sat Mar 21 08:18:43 PM CDT 2026: eno1: /run/systemd/network/enp94s0f0np0.network is not ours; ignoring
Sat Mar 21 08:18:43 PM CDT 2026: eno1: /run/systemd/network/enp94s0f1np1.network is not ours; ignoring
Sat Mar 21 08:18:43 PM CDT 2026: eno1: writing cnet metadata in /var/emulab/boot
Sat Mar 21 08:18:43 PM CDT 2026: eno1: restarting systemd-networkd
Sat Mar 21 08:18:44 PM CDT 2026: eno1: done!
Sat Mar 21 08:22:35 PM CDT 2026: eno1: starting
Sat Mar 21 08:22:39 PM CDT 2026: eno1: control net is us
Sat Mar 21 08:22:39 PM CDT 2026: eno1: downed eno2
Sat Mar 21 08:22:39 PM CDT 2026: eno1: /run/systemd/network/enp94s0f0np0.network is not ours; ignoring
Sat Mar 21 08:22:39 PM CDT 2026: eno1: /run/systemd/network/enp94s0f1np1.network is not ours; ignoring
Sat Mar 21 08:22:39 PM CDT 2026: eno1: writing cnet metadata in /var/emulab/boot
Sat Mar 21 08:22:39 PM CDT 2026: eno1: restarting systemd-networkd
Sat Mar 21 08:22:40 PM CDT 2026: eno1: done!
Sat Mar 21 08:41:07 PM CDT 2026: eno1: starting
Sat Mar 21 08:41:11 PM CDT 2026: eno1: control net is us
Sat Mar 21 08:41:11 PM CDT 2026: eno1: downed eno2
Sat Mar 21 08:41:11 PM CDT 2026: eno1: /run/systemd/network/enp94s0f0np0.network is not ours; ignoring
Sat Mar 21 08:41:11 PM CDT 2026: eno1: /run/systemd/network/enp94s0f1np1.network is not ours; ignoring
Sat Mar 21 08:41:11 PM CDT 2026: eno1: writing cnet metadata in /var/emulab/boot
Sat Mar 21 08:41:11 PM CDT 2026: eno1: restarting systemd-networkd
Sat Mar 21 08:41:12 PM CDT 2026: eno1: done!
Sat Mar 21 08:57:11 PM CDT 2026: eno1: starting
Sat Mar 21 08:57:16 PM CDT 2026: eno1: control net is us
Sat Mar 21 08:57:16 PM CDT 2026: eno1: downed eno2
Sat Mar 21 08:57:16 PM CDT 2026: eno1: /run/systemd/network/enp94s0f0.network is not ours; ignoring
Sat Mar 21 08:57:16 PM CDT 2026: eno1: /run/systemd/network/enp94s0f1.network is not ours; ignoring
Sat Mar 21 08:57:16 PM CDT 2026: eno1: /run/systemd/network/wlan0.network is not ours; ignoring
Sat Mar 21 08:57:16 PM CDT 2026: eno1: /run/systemd/network/wlan1.network is not ours; ignoring
Sat Mar 21 08:57:16 PM CDT 2026: eno1: /run/systemd/network/wpan0.network is not ours; ignoring
Sat Mar 21 08:57:16 PM CDT 2026: eno1: /run/systemd/network/wpan1.network is not ours; ignoring
Sat Mar 21 08:57:16 PM CDT 2026: eno1: /run/systemd/network/wpan3.network is not ours; ignoring
Sat Mar 21 08:57:16 PM CDT 2026: eno1: writing cnet metadata in /var/emulab/boot
Sat Mar 21 08:57:16 PM CDT 2026: eno1: restarting systemd-networkd
Sat Mar 21 08:57:17 PM CDT 2026: eno1: done!
Sat Mar 21 10:50:47 PM CDT 2026: eno1: starting
Sat Mar 21 10:50:50 PM CDT 2026: eno1: control net is us
Sat Mar 21 10:50:51 PM CDT 2026: eno1: downed eno2
Sat Mar 21 10:50:51 PM CDT 2026: eno1: /run/systemd/network/enp94s0f0np0.network is not ours; ignoring
Sat Mar 21 10:50:51 PM CDT 2026: eno1: /run/systemd/network/enp94s0f1np1.network is not ours; ignoring
Sat Mar 21 10:50:51 PM CDT 2026: eno1: writing cnet metadata in /var/emulab/boot
Sat Mar 21 10:50:51 PM CDT 2026: eno1: restarting systemd-networkd
Sat Mar 21 10:50:52 PM CDT 2026: eno1: done!
Sat Mar 21 10:58:06 PM CDT 2026: eno1: starting
Sat Mar 21 10:58:11 PM CDT 2026: eno1: control net is us
Sat Mar 21 10:58:11 PM CDT 2026: eno1: downed eno2
Sat Mar 21 10:58:11 PM CDT 2026: eno1: /run/systemd/network/enp94s0f0.network is not ours; ignoring
Sat Mar 21 10:58:11 PM CDT 2026: eno1: /run/systemd/network/enp94s0f1.network is not ours; ignoring
Sat Mar 21 10:58:11 PM CDT 2026: eno1: /run/systemd/network/wlan0.network is not ours; ignoring
Sat Mar 21 10:58:11 PM CDT 2026: eno1: /run/systemd/network/wlan1.network is not ours; ignoring
Sat Mar 21 10:58:11 PM CDT 2026: eno1: /run/systemd/network/wpan0.network is not ours; ignoring
Sat Mar 21 10:58:11 PM CDT 2026: eno1: /run/systemd/network/wpan1.network is not ours; ignoring
Sat Mar 21 10:58:11 PM CDT 2026: eno1: /run/systemd/network/wpan2.network is not ours; ignoring
Sat Mar 21 10:58:11 PM CDT 2026: eno1: /run/systemd/network/wpan3.network is not ours; ignoring
Sat Mar 21 10:58:11 PM CDT 2026: eno1: writing cnet metadata in /var/emulab/boot
Sat Mar 21 10:58:11 PM CDT 2026: eno1: restarting systemd-networkd
Sat Mar 21 10:58:12 PM CDT 2026: eno1: done!
Sun Mar 22 11:25:45 AM CDT 2026: eno1: starting
Sun Mar 22 11:25:49 AM CDT 2026: eno1: control net is us
Sun Mar 22 11:25:49 AM CDT 2026: eno1: /run/systemd/network/eno2.network is not ours; ignoring
Sun Mar 22 11:25:50 AM CDT 2026: eno1: downed enp94s0f1np1
Sun Mar 22 11:25:50 AM CDT 2026: eno1: writing cnet metadata in /var/emulab/boot
Sun Mar 22 11:25:50 AM CDT 2026: eno1: restarting systemd-networkd
Sun Mar 22 11:25:51 AM CDT 2026: eno1: done!
Sun Mar 22 11:37:23 AM CDT 2026: eno1: starting
Sun Mar 22 11:37:26 AM CDT 2026: eno1: control net is us
Sun Mar 22 11:37:26 AM CDT 2026: eno1: /run/systemd/network/eno2.network is not ours; ignoring
Sun Mar 22 11:37:26 AM CDT 2026: eno1: /run/systemd/network/enp94s0f0.network is not ours; ignoring
Sun Mar 22 11:37:26 AM CDT 2026: eno1: downed enp94s0f1
Sun Mar 22 11:37:26 AM CDT 2026: eno1: /run/systemd/network/wlan0.network is not ours; ignoring
Sun Mar 22 11:37:26 AM CDT 2026: eno1: /run/systemd/network/wlan1.network is not ours; ignoring
Sun Mar 22 11:37:26 AM CDT 2026: eno1: /run/systemd/network/wpan0.network is not ours; ignoring
Sun Mar 22 11:37:26 AM CDT 2026: eno1: /run/systemd/network/wpan1.network is not ours; ignoring
Sun Mar 22 11:37:26 AM CDT 2026: eno1: /run/systemd/network/wpan2.network is not ours; ignoring
Sun Mar 22 11:37:26 AM CDT 2026: eno1: /run/systemd/network/wpan3.network is not ours; ignoring
Sun Mar 22 11:37:26 AM CDT 2026: eno1: writing cnet metadata in /var/emulab/boot
Sun Mar 22 11:37:26 AM CDT 2026: eno1: restarting systemd-networkd
Sun Mar 22 11:37:27 AM CDT 2026: eno1: done!
Sun Mar 22 03:48:23 PM CDT 2026: eno1: starting
Sun Mar 22 03:48:27 PM CDT 2026: eno1: control net is us
Sun Mar 22 03:48:27 PM CDT 2026: eno1: downed eno2
Sun Mar 22 03:48:27 PM CDT 2026: eno1: /run/systemd/network/enp94s0f0.network is not ours; ignoring
Sun Mar 22 03:48:27 PM CDT 2026: eno1: /run/systemd/network/enp94s0f1.network is not ours; ignoring
Sun Mar 22 03:48:27 PM CDT 2026: eno1: /run/systemd/network/wlan0.network is not ours; ignoring
Sun Mar 22 03:48:27 PM CDT 2026: eno1: /run/systemd/network/wlan1.network is not ours; ignoring
Sun Mar 22 03:48:27 PM CDT 2026: eno1: /run/systemd/network/wpan0.network is not ours; ignoring
Sun Mar 22 03:48:27 PM CDT 2026: eno1: /run/systemd/network/wpan1.network is not ours; ignoring
Sun Mar 22 03:48:27 PM CDT 2026: eno1: /run/systemd/network/wpan2.network is not ours; ignoring
Sun Mar 22 03:48:27 PM CDT 2026: eno1: /run/systemd/network/wpan3.network is not ours; ignoring
Sun Mar 22 03:48:27 PM CDT 2026: eno1: writing cnet metadata in /var/emulab/boot
Sun Mar 22 03:48:27 PM CDT 2026: eno1: restarting systemd-networkd
Sun Mar 22 03:48:28 PM CDT 2026: eno1: done!
Sun Mar 22 08:16:24 PM CDT 2026: eno1: starting
Sun Mar 22 08:16:28 PM CDT 2026: eno1: control net is us
Sun Mar 22 08:16:29 PM CDT 2026: eno1: downed eno2
Sun Mar 22 08:16:29 PM CDT 2026: eno1: /run/systemd/network/enp94s0f0.network is not ours; ignoring
Sun Mar 22 08:16:29 PM CDT 2026: eno1: /run/systemd/network/enp94s0f1.network is not ours; ignoring
Sun Mar 22 08:16:29 PM CDT 2026: eno1: /run/systemd/network/wlan0.network is not ours; ignoring
Sun Mar 22 08:16:29 PM CDT 2026: eno1: /run/systemd/network/wlan1.network is not ours; ignoring
Sun Mar 22 08:16:29 PM CDT 2026: eno1: /run/systemd/network/wpan0.network is not ours; ignoring
Sun Mar 22 08:16:29 PM CDT 2026: eno1: /run/systemd/network/wpan1.network is not ours; ignoring
Sun Mar 22 08:16:29 PM CDT 2026: eno1: /run/systemd/network/wpan2.network is not ours; ignoring
Sun Mar 22 08:16:29 PM CDT 2026: eno1: /run/systemd/network/wpan3.network is not ours; ignoring
Sun Mar 22 08:16:29 PM CDT 2026: eno1: writing cnet metadata in /var/emulab/boot
Sun Mar 22 08:16:29 PM CDT 2026: eno1: restarting systemd-networkd
Sun Mar 22 08:16:29 PM CDT 2026: eno1: done!
Mon Mar 23 01:03:22 AM CDT 2026: eno1: starting
Mon Mar 23 01:03:26 AM CDT 2026: eno1: control net is us
Mon Mar 23 01:03:26 AM CDT 2026: eno1: downed enp94s0f0
Mon Mar 23 01:03:26 AM CDT 2026: eno1: /run/systemd/network/enp94s0f1.network is not ours; ignoring
Mon Mar 23 01:03:26 AM CDT 2026: eno1: /run/systemd/network/wlan0.network is not ours; ignoring
Mon Mar 23 01:03:26 AM CDT 2026: eno1: /run/systemd/network/wlan1.network is not ours; ignoring
Mon Mar 23 01:03:26 AM CDT 2026: eno1: /run/systemd/network/wpan0.network is not ours; ignoring
Mon Mar 23 01:03:26 AM CDT 2026: eno1: /run/systemd/network/wpan1.network is not ours; ignoring
Mon Mar 23 01:03:26 AM CDT 2026: eno1: /run/systemd/network/wpan2.network is not ours; ignoring
Mon Mar 23 01:03:26 AM CDT 2026: eno1: /run/systemd/network/wpan3.network is not ours; ignoring
Mon Mar 23 01:03:26 AM CDT 2026: eno1: writing cnet metadata in /var/emulab/boot
Mon Mar 23 01:03:26 AM CDT 2026: eno1: restarting systemd-networkd
Mon Mar 23 01:03:27 AM CDT 2026: eno1: done!
Mon Mar 23 11:35:10 PM CDT 2026: eno1: starting
Mon Mar 23 11:35:15 PM CDT 2026: eno1: control net is us
Mon Mar 23 11:35:15 PM CDT 2026: eno1: /run/systemd/network/eno2.network is not ours; ignoring
Mon Mar 23 11:35:15 PM CDT 2026: eno1: downed enp94s0f0
Mon Mar 23 11:35:15 PM CDT 2026: eno1: /run/systemd/network/enp94s0f1.network is not ours; ignoring
Mon Mar 23 11:35:15 PM CDT 2026: eno1: /run/systemd/network/wlan0.network is not ours; ignoring
Mon Mar 23 11:35:15 PM CDT 2026: eno1: /run/systemd/network/wlan1.network is not ours; ignoring
Mon Mar 23 11:35:15 PM CDT 2026: eno1: /run/systemd/network/wpan0.network is not ours; ignoring
Mon Mar 23 11:35:15 PM CDT 2026: eno1: /run/systemd/network/wpan1.network is not ours; ignoring
Mon Mar 23 11:35:15 PM CDT 2026: eno1: /run/systemd/network/wpan2.network is not ours; ignoring
Mon Mar 23 11:35:15 PM CDT 2026: eno1: /run/systemd/network/wpan3.network is not ours; ignoring
Mon Mar 23 11:35:15 PM CDT 2026: eno1: writing cnet metadata in /var/emulab/boot
Mon Mar 23 11:35:15 PM CDT 2026: eno1: restarting systemd-networkd
Mon Mar 23 11:35:16 PM CDT 2026: eno1: done!
Tue Mar 24 07:06:33 AM CDT 2026: eno1: starting
Tue Mar 24 07:06:37 AM CDT 2026: eno1: control net is us
Tue Mar 24 07:06:38 AM CDT 2026: eno1: downed eno2
Tue Mar 24 07:06:38 AM CDT 2026: eno1: /run/systemd/network/enp94s0f0.network is not ours; ignoring
Tue Mar 24 07:06:38 AM CDT 2026: eno1: /run/systemd/network/enp94s0f1.network is not ours; ignoring
Tue Mar 24 07:06:38 AM CDT 2026: eno1: /run/systemd/network/wlan0.network is not ours; ignoring
Tue Mar 24 07:06:38 AM CDT 2026: eno1: /run/systemd/network/wlan1.network is not ours; ignoring
Tue Mar 24 07:06:38 AM CDT 2026: eno1: /run/systemd/network/wpan0.network is not ours; ignoring
Tue Mar 24 07:06:38 AM CDT 2026: eno1: /run/systemd/network/wpan1.network is not ours; ignoring
Tue Mar 24 07:06:38 AM CDT 2026: eno1: /run/systemd/network/wpan2.network is not ours; ignoring
Tue Mar 24 07:06:38 AM CDT 2026: eno1: /run/systemd/network/wpan3.network is not ours; ignoring
Tue Mar 24 07:06:38 AM CDT 2026: eno1: writing cnet metadata in /var/emulab/boot
Tue Mar 24 07:06:38 AM CDT 2026: eno1: restarting systemd-networkd
Tue Mar 24 07:06:39 AM CDT 2026: eno1: done!
Tue Mar 24 10:35:23 AM CDT 2026: eno1: starting
Tue Mar 24 10:35:28 AM CDT 2026: eno1: control net is us
Tue Mar 24 10:35:29 AM CDT 2026: eno1: downed eno2
Tue Mar 24 10:35:29 AM CDT 2026: eno1: /run/systemd/network/enp94s0f0.network is not ours; ignoring
Tue Mar 24 10:35:29 AM CDT 2026: eno1: /run/systemd/network/enp94s0f1.network is not ours; ignoring
Tue Mar 24 10:35:29 AM CDT 2026: eno1: /run/systemd/network/wlan0.network is not ours; ignoring
Tue Mar 24 10:35:29 AM CDT 2026: eno1: /run/systemd/network/wlan1.network is not ours; ignoring
Tue Mar 24 10:35:29 AM CDT 2026: eno1: /run/systemd/network/wpan0.network is not ours; ignoring
Tue Mar 24 10:35:29 AM CDT 2026: eno1: /run/systemd/network/wpan1.network is not ours; ignoring
Tue Mar 24 10:35:29 AM CDT 2026: eno1: /run/systemd/network/wpan2.network is not ours; ignoring
Tue Mar 24 10:35:29 AM CDT 2026: eno1: /run/systemd/network/wpan3.network is not ours; ignoring
Tue Mar 24 10:35:29 AM CDT 2026: eno1: writing cnet metadata in /var/emulab/boot
Tue Mar 24 10:35:29 AM CDT 2026: eno1: restarting systemd-networkd
Tue Mar 24 10:35:29 AM CDT 2026: eno1: done!
Tue Mar 24 02:06:39 PM CDT 2026: eno1: starting
Tue Mar 24 02:06:44 PM CDT 2026: eno1: control net is us
Tue Mar 24 02:06:45 PM CDT 2026: eno1: downed eno2
Tue Mar 24 02:06:45 PM CDT 2026: eno1: /run/systemd/network/enp94s0f0.network is not ours; ignoring
Tue Mar 24 02:06:45 PM CDT 2026: eno1: /run/systemd/network/enp94s0f1.network is not ours; ignoring
Tue Mar 24 02:06:45 PM CDT 2026: eno1: /run/systemd/network/wlan0.network is not ours; ignoring
Tue Mar 24 02:06:45 PM CDT 2026: eno1: /run/systemd/network/wlan1.network is not ours; ignoring
Tue Mar 24 02:06:45 PM CDT 2026: eno1: /run/systemd/network/wpan0.network is not ours; ignoring
Tue Mar 24 02:06:45 PM CDT 2026: eno1: /run/systemd/network/wpan1.network is not ours; ignoring
Tue Mar 24 02:06:45 PM CDT 2026: eno1: /run/systemd/network/wpan2.network is not ours; ignoring
Tue Mar 24 02:06:45 PM CDT 2026: eno1: /run/systemd/network/wpan3.network is not ours; ignoring
Tue Mar 24 02:06:45 PM CDT 2026: eno1: writing cnet metadata in /var/emulab/boot
Tue Mar 24 02:06:45 PM CDT 2026: eno1: restarting systemd-networkd
Tue Mar 24 02:06:45 PM CDT 2026: eno1: done!
Wed Mar 25 04:58:56 PM CDT 2026: eno1: starting
Wed Mar 25 04:59:01 PM CDT 2026: eno1: control net is us
Wed Mar 25 04:59:01 PM CDT 2026: eno1: downed eno2
Wed Mar 25 04:59:01 PM CDT 2026: eno1: /run/systemd/network/enp94s0f0.network is not ours; ignoring
Wed Mar 25 04:59:01 PM CDT 2026: eno1: /run/systemd/network/enp94s0f1.network is not ours; ignoring
Wed Mar 25 04:59:01 PM CDT 2026: eno1: /run/systemd/network/wlan0.network is not ours; ignoring
Wed Mar 25 04:59:02 PM CDT 2026: eno1: /run/systemd/network/wlan1.network is not ours; ignoring
Wed Mar 25 04:59:02 PM CDT 2026: eno1: /run/systemd/network/wpan0.network is not ours; ignoring
Wed Mar 25 04:59:02 PM CDT 2026: eno1: /run/systemd/network/wpan2.network is not ours; ignoring
Wed Mar 25 04:59:02 PM CDT 2026: eno1: /run/systemd/network/wpan3.network is not ours; ignoring
Wed Mar 25 04:59:02 PM CDT 2026: eno1: writing cnet metadata in /var/emulab/boot
Wed Mar 25 04:59:02 PM CDT 2026: eno1: restarting systemd-networkd
Wed Mar 25 04:59:02 PM CDT 2026: eno1: done!
Wed Mar 25 09:18:23 PM CDT 2026: eno1: starting
Wed Mar 25 09:18:28 PM CDT 2026: eno1: control net is us
Wed Mar 25 09:18:28 PM CDT 2026: eno1: downed eno2
Wed Mar 25 09:18:28 PM CDT 2026: eno1: /run/systemd/network/enp94s0f0.network is not ours; ignoring
Wed Mar 25 09:18:28 PM CDT 2026: eno1: /run/systemd/network/enp94s0f1.network is not ours; ignoring
Wed Mar 25 09:18:29 PM CDT 2026: eno1: /run/systemd/network/wlan0.network is not ours; ignoring
Wed Mar 25 09:18:29 PM CDT 2026: eno1: /run/systemd/network/wlan1.network is not ours; ignoring
Wed Mar 25 09:18:29 PM CDT 2026: eno1: /run/systemd/network/wpan0.network is not ours; ignoring
Wed Mar 25 09:18:29 PM CDT 2026: eno1: /run/systemd/network/wpan1.network is not ours; ignoring
Wed Mar 25 09:18:29 PM CDT 2026: eno1: /run/systemd/network/wpan2.network is not ours; ignoring
Wed Mar 25 09:18:29 PM CDT 2026: eno1: /run/systemd/network/wpan3.network is not ours; ignoring
Wed Mar 25 09:18:29 PM CDT 2026: eno1: writing cnet metadata in /var/emulab/boot
Wed Mar 25 09:18:29 PM CDT 2026: eno1: restarting systemd-networkd
Wed Mar 25 09:18:29 PM CDT 2026: eno1: done!
Thu Mar 26 12:30:58 AM CDT 2026: eno1: starting
Thu Mar 26 12:31:03 AM CDT 2026: eno1: control net is us
Thu Mar 26 12:31:03 AM CDT 2026: eno1: downed eno2
Thu Mar 26 12:31:03 AM CDT 2026: eno1: /run/systemd/network/enp94s0f0np0.network is not ours; ignoring
Thu Mar 26 12:31:03 AM CDT 2026: eno1: /run/systemd/network/enp94s0f1np1.network is not ours; ignoring
Thu Mar 26 12:31:03 AM CDT 2026: eno1: writing cnet metadata in /var/emulab/boot
Thu Mar 26 12:31:03 AM CDT 2026: eno1: restarting systemd-networkd
Thu Mar 26 12:31:04 AM CDT 2026: eno1: done!
Thu Mar 26 10:08:20 AM CDT 2026: eno1: starting
Thu Mar 26 10:08:24 AM CDT 2026: eno1: control net is us
Thu Mar 26 10:08:25 AM CDT 2026: eno1: downed eno2
Thu Mar 26 10:08:25 AM CDT 2026: eno1: /run/systemd/network/enp94s0f1np1.network is not ours; ignoring
Thu Mar 26 10:08:25 AM CDT 2026: eno1: writing cnet metadata in /var/emulab/boot
Thu Mar 26 10:08:25 AM CDT 2026: eno1: restarting systemd-networkd
Thu Mar 26 10:08:26 AM CDT 2026: eno1: done!
Thu Mar 26 01:11:03 PM CDT 2026: eno1: starting
Thu Mar 26 01:11:08 PM CDT 2026: eno1: control net is us
Thu Mar 26 01:11:08 PM CDT 2026: eno1: downed enp94s0f0np0
Thu Mar 26 01:11:08 PM CDT 2026: eno1: /run/systemd/network/enp94s0f1np1.network is not ours; ignoring
Thu Mar 26 01:11:08 PM CDT 2026: eno1: writing cnet metadata in /var/emulab/boot
Thu Mar 26 01:11:08 PM CDT 2026: eno1: restarting systemd-networkd
Thu Mar 26 01:11:09 PM CDT 2026: eno1: done!
Thu Mar 26 07:04:49 PM CDT 2026: eno1: starting
Thu Mar 26 07:04:53 PM CDT 2026: eno1: control net is us
Thu Mar 26 07:04:54 PM CDT 2026: eno1: downed eno2
Thu Mar 26 07:04:54 PM CDT 2026: eno1: /run/systemd/network/enp94s0f0np0.network is not ours; ignoring
Thu Mar 26 07:04:54 PM CDT 2026: eno1: /run/systemd/network/enp94s0f1np1.network is not ours; ignoring
Thu Mar 26 07:04:54 PM CDT 2026: eno1: writing cnet metadata in /var/emulab/boot
Thu Mar 26 07:04:54 PM CDT 2026: eno1: restarting systemd-networkd
Thu Mar 26 07:04:54 PM CDT 2026: eno1: done!
Fri Mar 27 10:50:14 AM CDT 2026: eno1: starting
Fri Mar 27 10:50:19 AM CDT 2026: eno1: control net is us
Fri Mar 27 10:50:19 AM CDT 2026: eno1: /run/systemd/network/eno2.network is not ours; ignoring
Fri Mar 27 10:50:19 AM CDT 2026: eno1: downed enp94s0f0
Fri Mar 27 10:50:19 AM CDT 2026: eno1: /run/systemd/network/enp94s0f1.network is not ours; ignoring
Fri Mar 27 10:50:19 AM CDT 2026: eno1: /run/systemd/network/wlan0.network is not ours; ignoring
Fri Mar 27 10:50:19 AM CDT 2026: eno1: /run/systemd/network/wlan1.network is not ours; ignoring
Fri Mar 27 10:50:19 AM CDT 2026: eno1: /run/systemd/network/wpan0.network is not ours; ignoring
Fri Mar 27 10:50:19 AM CDT 2026: eno1: /run/systemd/network/wpan1.network is not ours; ignoring
Fri Mar 27 10:50:19 AM CDT 2026: eno1: /run/systemd/network/wpan2.network is not ours; ignoring
Fri Mar 27 10:50:19 AM CDT 2026: eno1: /run/systemd/network/wpan3.network is not ours; ignoring
Fri Mar 27 10:50:19 AM CDT 2026: eno1: writing cnet metadata in /var/emulab/boot
Fri Mar 27 10:50:19 AM CDT 2026: eno1: restarting systemd-networkd
Fri Mar 27 10:50:20 AM CDT 2026: eno1: done!
Sat Mar 28 05:21:56 PM CDT 2026: eno1: starting
Sat Mar 28 05:22:01 PM CDT 2026: eno1: control net is us
Sat Mar 28 05:22:02 PM CDT 2026: eno1: downed eno2
Sat Mar 28 05:22:02 PM CDT 2026: eno1: /run/systemd/network/enp94s0f0.network is not ours; ignoring
Sat Mar 28 05:22:02 PM CDT 2026: eno1: /run/systemd/network/enp94s0f1.network is not ours; ignoring
Sat Mar 28 05:22:02 PM CDT 2026: eno1: /run/systemd/network/wlan0.network is not ours; ignoring
Sat Mar 28 05:22:02 PM CDT 2026: eno1: /run/systemd/network/wlan1.network is not ours; ignoring
Sat Mar 28 05:22:02 PM CDT 2026: eno1: /run/systemd/network/wpan0.network is not ours; ignoring
Sat Mar 28 05:22:02 PM CDT 2026: eno1: /run/systemd/network/wpan1.network is not ours; ignoring
Sat Mar 28 05:22:02 PM CDT 2026: eno1: /run/systemd/network/wpan2.network is not ours; ignoring
Sat Mar 28 05:22:02 PM CDT 2026: eno1: /run/systemd/network/wpan3.network is not ours; ignoring
Sat Mar 28 05:22:02 PM CDT 2026: eno1: writing cnet metadata in /var/emulab/boot
Sat Mar 28 05:22:02 PM CDT 2026: eno1: restarting systemd-networkd
Sat Mar 28 05:22:02 PM CDT 2026: eno1: done!
Sat Mar 28 08:51:18 PM CDT 2026: eno1: starting
Sat Mar 28 08:51:22 PM CDT 2026: eno1: control net is us
Sat Mar 28 08:51:23 PM CDT 2026: eno1: downed eno2
Sat Mar 28 08:51:23 PM CDT 2026: eno1: /run/systemd/network/enp94s0f0.network is not ours; ignoring
Sat Mar 28 08:51:23 PM CDT 2026: eno1: /run/systemd/network/enp94s0f1.network is not ours; ignoring
Sat Mar 28 08:51:23 PM CDT 2026: eno1: /run/systemd/network/wlan0.network is not ours; ignoring
Sat Mar 28 08:51:23 PM CDT 2026: eno1: /run/systemd/network/wlan1.network is not ours; ignoring
Sat Mar 28 08:51:23 PM CDT 2026: eno1: /run/systemd/network/wpan0.network is not ours; ignoring
Sat Mar 28 08:51:23 PM CDT 2026: eno1: /run/systemd/network/wpan1.network is not ours; ignoring
Sat Mar 28 08:51:23 PM CDT 2026: eno1: /run/systemd/network/wpan2.network is not ours; ignoring
Sat Mar 28 08:51:23 PM CDT 2026: eno1: /run/systemd/network/wpan3.network is not ours; ignoring
Sat Mar 28 08:51:23 PM CDT 2026: eno1: writing cnet metadata in /var/emulab/boot
Sat Mar 28 08:51:23 PM CDT 2026: eno1: restarting systemd-networkd
Sat Mar 28 08:51:23 PM CDT 2026: eno1: done!
Sun Mar 29 12:55:53 AM CDT 2026: eno1: starting
Sun Mar 29 12:55:58 AM CDT 2026: eno1: control net is us
Sun Mar 29 12:55:58 AM CDT 2026: eno1: downed eno2
Sun Mar 29 12:55:58 AM CDT 2026: eno1: /run/systemd/network/enp94s0f0.network is not ours; ignoring
Sun Mar 29 12:55:58 AM CDT 2026: eno1: /run/systemd/network/enp94s0f1.network is not ours; ignoring
Sun Mar 29 12:55:58 AM CDT 2026: eno1: /run/systemd/network/wlan0.network is not ours; ignoring
Sun Mar 29 12:55:58 AM CDT 2026: eno1: /run/systemd/network/wlan1.network is not ours; ignoring
Sun Mar 29 12:55:58 AM CDT 2026: eno1: /run/systemd/network/wpan0.network is not ours; ignoring
Sun Mar 29 12:55:58 AM CDT 2026: eno1: /run/systemd/network/wpan1.network is not ours; ignoring
Sun Mar 29 12:55:58 AM CDT 2026: eno1: /run/systemd/network/wpan2.network is not ours; ignoring
Sun Mar 29 12:55:58 AM CDT 2026: eno1: /run/systemd/network/wpan3.network is not ours; ignoring
Sun Mar 29 12:55:58 AM CDT 2026: eno1: writing cnet metadata in /var/emulab/boot
Sun Mar 29 12:55:58 AM CDT 2026: eno1: restarting systemd-networkd
Sun Mar 29 12:55:59 AM CDT 2026: eno1: done!
Sun Mar 29 12:25:17 PM CDT 2026: eno1: starting
Sun Mar 29 12:25:22 PM CDT 2026: eno1: control net is us
Sun Mar 29 12:25:22 PM CDT 2026: eno1: downed eno2
Sun Mar 29 12:25:22 PM CDT 2026: eno1: /run/systemd/network/enp94s0f0.network is not ours; ignoring
Sun Mar 29 12:25:22 PM CDT 2026: eno1: /run/systemd/network/enp94s0f1.network is not ours; ignoring
Sun Mar 29 12:25:22 PM CDT 2026: eno1: /run/systemd/network/wlan0.network is not ours; ignoring
Sun Mar 29 12:25:22 PM CDT 2026: eno1: /run/systemd/network/wlan1.network is not ours; ignoring
Sun Mar 29 12:25:22 PM CDT 2026: eno1: /run/systemd/network/wpan1.network is not ours; ignoring
Sun Mar 29 12:25:22 PM CDT 2026: eno1: /run/systemd/network/wpan2.network is not ours; ignoring
Sun Mar 29 12:25:22 PM CDT 2026: eno1: /run/systemd/network/wpan3.network is not ours; ignoring
Sun Mar 29 12:25:22 PM CDT 2026: eno1: writing cnet metadata in /var/emulab/boot
Sun Mar 29 12:25:22 PM CDT 2026: eno1: restarting systemd-networkd
Sun Mar 29 12:25:23 PM CDT 2026: eno1: done!
Sun Mar 29 04:44:45 PM CDT 2026: eno1: starting
Sun Mar 29 04:44:49 PM CDT 2026: eno1: control net is us
Sun Mar 29 04:44:49 PM CDT 2026: eno1: downed eno2
Sun Mar 29 04:44:49 PM CDT 2026: eno1: /run/systemd/network/enp94s0f0.network is not ours; ignoring
Sun Mar 29 04:44:49 PM CDT 2026: eno1: /run/systemd/network/enp94s0f1.network is not ours; ignoring
Sun Mar 29 04:44:49 PM CDT 2026: eno1: /run/systemd/network/wlan0.network is not ours; ignoring
Sun Mar 29 04:44:49 PM CDT 2026: eno1: /run/systemd/network/wlan1.network is not ours; ignoring
Sun Mar 29 04:44:49 PM CDT 2026: eno1: /run/systemd/network/wpan0.network is not ours; ignoring
Sun Mar 29 04:44:49 PM CDT 2026: eno1: /run/systemd/network/wpan1.network is not ours; ignoring
Sun Mar 29 04:44:49 PM CDT 2026: eno1: /run/systemd/network/wpan2.network is not ours; ignoring
Sun Mar 29 04:44:49 PM CDT 2026: eno1: /run/systemd/network/wpan3.network is not ours; ignoring
Sun Mar 29 04:44:49 PM CDT 2026: eno1: writing cnet metadata in /var/emulab/boot
Sun Mar 29 04:44:49 PM CDT 2026: eno1: restarting systemd-networkd
Sun Mar 29 04:44:50 PM CDT 2026: eno1: done!
Sun Mar 29 05:29:47 PM CDT 2026: eno1: starting
Sun Mar 29 05:29:51 PM CDT 2026: eno1: control net is us
Sun Mar 29 05:29:52 PM CDT 2026: eno1: downed eno2
Sun Mar 29 05:29:52 PM CDT 2026: eno1: /run/systemd/network/enp94s0f1.network is not ours; ignoring
Sun Mar 29 05:29:52 PM CDT 2026: eno1: /run/systemd/network/wlan0.network is not ours; ignoring
Sun Mar 29 05:29:52 PM CDT 2026: eno1: /run/systemd/network/wlan1.network is not ours; ignoring
Sun Mar 29 05:29:52 PM CDT 2026: eno1: /run/systemd/network/wpan0.network is not ours; ignoring
Sun Mar 29 05:29:52 PM CDT 2026: eno1: /run/systemd/network/wpan1.network is not ours; ignoring
Sun Mar 29 05:29:52 PM CDT 2026: eno1: /run/systemd/network/wpan2.network is not ours; ignoring
Sun Mar 29 05:29:52 PM CDT 2026: eno1: writing cnet metadata in /var/emulab/boot
Sun Mar 29 05:29:52 PM CDT 2026: eno1: restarting systemd-networkd
Sun Mar 29 05:29:53 PM CDT 2026: eno1: done!
Sun Mar 29 10:05:48 PM CDT 2026: eno1: starting
Sun Mar 29 10:05:52 PM CDT 2026: eno1: control net is us
Sun Mar 29 10:05:52 PM CDT 2026: eno1: downed eno2
Sun Mar 29 10:05:52 PM CDT 2026: eno1: /run/systemd/network/enp94s0f0.network is not ours; ignoring
Sun Mar 29 10:05:52 PM CDT 2026: eno1: /run/systemd/network/enp94s0f1.network is not ours; ignoring
Sun Mar 29 10:05:52 PM CDT 2026: eno1: /run/systemd/network/wlan1.network is not ours; ignoring
Sun Mar 29 10:05:52 PM CDT 2026: eno1: /run/systemd/network/wpan0.network is not ours; ignoring
Sun Mar 29 10:05:52 PM CDT 2026: eno1: /run/systemd/network/wpan1.network is not ours; ignoring
Sun Mar 29 10:05:52 PM CDT 2026: eno1: /run/systemd/network/wpan2.network is not ours; ignoring
Sun Mar 29 10:05:52 PM CDT 2026: eno1: /run/systemd/network/wpan3.network is not ours; ignoring
Sun Mar 29 10:05:52 PM CDT 2026: eno1: writing cnet metadata in /var/emulab/boot
Sun Mar 29 10:05:52 PM CDT 2026: eno1: restarting systemd-networkd
Sun Mar 29 10:05:53 PM CDT 2026: eno1: done!
Mon Mar 30 02:23:37 AM CDT 2026: eno1: starting
Mon Mar 30 02:23:42 AM CDT 2026: eno1: control net is us
Mon Mar 30 02:23:42 AM CDT 2026: eno1: downed eno2
Mon Mar 30 02:23:42 AM CDT 2026: eno1: /run/systemd/network/enp94s0f0.network is not ours; ignoring
Mon Mar 30 02:23:42 AM CDT 2026: eno1: /run/systemd/network/enp94s0f1.network is not ours; ignoring
Mon Mar 30 02:23:42 AM CDT 2026: eno1: /run/systemd/network/wlan0.network is not ours; ignoring
Mon Mar 30 02:23:42 AM CDT 2026: eno1: /run/systemd/network/wlan1.network is not ours; ignoring
Mon Mar 30 02:23:42 AM CDT 2026: eno1: /run/systemd/network/wpan0.network is not ours; ignoring
Mon Mar 30 02:23:42 AM CDT 2026: eno1: /run/systemd/network/wpan1.network is not ours; ignoring
Mon Mar 30 02:23:42 AM CDT 2026: eno1: /run/systemd/network/wpan2.network is not ours; ignoring
Mon Mar 30 02:23:42 AM CDT 2026: eno1: writing cnet metadata in /var/emulab/boot
Mon Mar 30 02:23:42 AM CDT 2026: eno1: restarting systemd-networkd
Mon Mar 30 02:23:43 AM CDT 2026: eno1: done!
Mon Mar 30 04:26:48 PM CDT 2026: eno1: starting
Mon Mar 30 04:26:53 PM CDT 2026: eno1: control net is us
Mon Mar 30 04:26:53 PM CDT 2026: eno1: downed eno2
Mon Mar 30 04:26:53 PM CDT 2026: eno1: /run/systemd/network/enp94s0f0np0.network is not ours; ignoring
Mon Mar 30 04:26:53 PM CDT 2026: eno1: /run/systemd/network/enp94s0f1np1.network is not ours; ignoring
Mon Mar 30 04:26:53 PM CDT 2026: eno1: writing cnet metadata in /var/emulab/boot
Mon Mar 30 04:26:53 PM CDT 2026: eno1: restarting systemd-networkd
Mon Mar 30 04:26:54 PM CDT 2026: eno1: done!
Mon Mar 30 04:43:15 PM CDT 2026: eno1: starting
Mon Mar 30 04:43:20 PM CDT 2026: eno1: control net is us
Mon Mar 30 04:43:20 PM CDT 2026: eno1: /run/systemd/network/eno2.network is not ours; ignoring
Mon Mar 30 04:43:20 PM CDT 2026: eno1: downed enp94s0f0
Mon Mar 30 04:43:20 PM CDT 2026: eno1: /run/systemd/network/wlan0.network is not ours; ignoring
Mon Mar 30 04:43:20 PM CDT 2026: eno1: /run/systemd/network/wlan1.network is not ours; ignoring
Mon Mar 30 04:43:20 PM CDT 2026: eno1: /run/systemd/network/wpan0.network is not ours; ignoring
Mon Mar 30 04:43:20 PM CDT 2026: eno1: /run/systemd/network/wpan1.network is not ours; ignoring
Mon Mar 30 04:43:20 PM CDT 2026: eno1: /run/systemd/network/wpan2.network is not ours; ignoring
Mon Mar 30 04:43:20 PM CDT 2026: eno1: /run/systemd/network/wpan3.network is not ours; ignoring
Mon Mar 30 04:43:20 PM CDT 2026: eno1: writing cnet metadata in /var/emulab/boot
Mon Mar 30 04:43:20 PM CDT 2026: eno1: restarting systemd-networkd
Mon Mar 30 04:43:21 PM CDT 2026: eno1: done!
Mon Mar 30 09:17:55 PM CDT 2026: eno1: starting
Mon Mar 30 09:17:59 PM CDT 2026: eno1: control net is us
Mon Mar 30 09:17:59 PM CDT 2026: eno1: downed enp94s0f0
Mon Mar 30 09:17:59 PM CDT 2026: eno1: /run/systemd/network/wlan0.network is not ours; ignoring
Mon Mar 30 09:17:59 PM CDT 2026: eno1: /run/systemd/network/wlan1.network is not ours; ignoring
Mon Mar 30 09:17:59 PM CDT 2026: eno1: /run/systemd/network/wpan0.network is not ours; ignoring
Mon Mar 30 09:17:59 PM CDT 2026: eno1: writing cnet metadata in /var/emulab/boot
Mon Mar 30 09:17:59 PM CDT 2026: eno1: restarting systemd-networkd
Mon Mar 30 09:18:00 PM CDT 2026: eno1: done!
Tue Mar 31 12:32:31 AM CDT 2026: eno1: starting
Tue Mar 31 12:32:35 AM CDT 2026: eno1: control net is us
Tue Mar 31 12:32:36 AM CDT 2026: eno1: downed eno2
Tue Mar 31 12:32:36 AM CDT 2026: eno1: /run/systemd/network/enp94s0f0.network is not ours; ignoring
Tue Mar 31 12:32:36 AM CDT 2026: eno1: /run/systemd/network/enp94s0f1.network is not ours; ignoring
Tue Mar 31 12:32:36 AM CDT 2026: eno1: /run/systemd/network/wlan0.network is not ours; ignoring
Tue Mar 31 12:32:36 AM CDT 2026: eno1: /run/systemd/network/wlan1.network is not ours; ignoring
Tue Mar 31 12:32:36 AM CDT 2026: eno1: /run/systemd/network/wpan0.network is not ours; ignoring
Tue Mar 31 12:32:36 AM CDT 2026: eno1: /run/systemd/network/wpan1.network is not ours; ignoring
Tue Mar 31 12:32:36 AM CDT 2026: eno1: /run/systemd/network/wpan2.network is not ours; ignoring
Tue Mar 31 12:32:36 AM CDT 2026: eno1: /run/systemd/network/wpan3.network is not ours; ignoring
Tue Mar 31 12:32:36 AM CDT 2026: eno1: writing cnet metadata in /var/emulab/boot
Tue Mar 31 12:32:36 AM CDT 2026: eno1: restarting systemd-networkd
Tue Mar 31 12:32:36 AM CDT 2026: eno1: done!
Fri Apr  3 11:51:51 PM CDT 2026: eno1: starting
Fri Apr  3 11:51:55 PM CDT 2026: eno1: control net is us
Fri Apr  3 11:51:55 PM CDT 2026: eno1: downed eno2
Fri Apr  3 11:51:55 PM CDT 2026: eno1: /run/systemd/network/enp94s0f0np0.network is not ours; ignoring
Fri Apr  3 11:51:55 PM CDT 2026: eno1: /run/systemd/network/enp94s0f1np1.network is not ours; ignoring
Fri Apr  3 11:51:55 PM CDT 2026: eno1: writing cnet metadata in /var/emulab/boot
Fri Apr  3 11:51:55 PM CDT 2026: eno1: restarting systemd-networkd
Fri Apr  3 11:51:56 PM CDT 2026: eno1: done!
Tue Apr 21 11:52:46 AM CDT 2026: eno1: starting
Tue Apr 21 11:52:50 AM CDT 2026: eno1: control net is us
Tue Apr 21 11:52:51 AM CDT 2026: eno1: downed eno2
Tue Apr 21 11:52:51 AM CDT 2026: eno1: /run/systemd/network/enp94s0f0np0.network is not ours; ignoring
Tue Apr 21 11:52:51 AM CDT 2026: eno1: /run/systemd/network/enp94s0f1np1.network is not ours; ignoring
Tue Apr 21 11:52:51 AM CDT 2026: eno1: writing cnet metadata in /var/emulab/boot
Tue Apr 21 11:52:51 AM CDT 2026: eno1: restarting systemd-networkd
Tue Apr 21 11:52:52 AM CDT 2026: eno1: done!
Wed Apr 22 05:30:09 PM CDT 2026: eno1: starting
Wed Apr 22 05:30:13 PM CDT 2026: eno1: control net is us
Wed Apr 22 05:30:13 PM CDT 2026: eno1: downed eno2
Wed Apr 22 05:30:13 PM CDT 2026: eno1: /run/systemd/network/enp94s0f0np0.network is not ours; ignoring
Wed Apr 22 05:30:13 PM CDT 2026: eno1: /run/systemd/network/enp94s0f1np1.network is not ours; ignoring
Wed Apr 22 05:30:13 PM CDT 2026: eno1: writing cnet metadata in /var/emulab/boot
Wed Apr 22 05:30:13 PM CDT 2026: eno1: restarting systemd-networkd
Wed Apr 22 05:30:14 PM CDT 2026: eno1: done!
Fri Apr 24 08:23:50 PM CDT 2026: eno1: starting
Fri Apr 24 08:23:54 PM CDT 2026: eno1: control net is us
Fri Apr 24 08:23:54 PM CDT 2026: eno1: downed eno2
Fri Apr 24 08:23:54 PM CDT 2026: eno1: /run/systemd/network/enp94s0f0.network is not ours; ignoring
Fri Apr 24 08:23:54 PM CDT 2026: eno1: /run/systemd/network/enp94s0f1.network is not ours; ignoring
Fri Apr 24 08:23:55 PM CDT 2026: eno1: /run/systemd/network/wlan0.network is not ours; ignoring
Fri Apr 24 08:23:55 PM CDT 2026: eno1: /run/systemd/network/wlan1.network is not ours; ignoring
Fri Apr 24 08:23:55 PM CDT 2026: eno1: /run/systemd/network/wpan0.network is not ours; ignoring
Fri Apr 24 08:23:55 PM CDT 2026: eno1: /run/systemd/network/wpan1.network is not ours; ignoring
Fri Apr 24 08:23:55 PM CDT 2026: eno1: /run/systemd/network/wpan2.network is not ours; ignoring
Fri Apr 24 08:23:55 PM CDT 2026: eno1: /run/systemd/network/wpan3.network is not ours; ignoring
Fri Apr 24 08:23:55 PM CDT 2026: eno1: writing cnet metadata in /var/emulab/boot
Fri Apr 24 08:23:55 PM CDT 2026: eno1: restarting systemd-networkd
Fri Apr 24 08:23:55 PM CDT 2026: eno1: done!
Sat Apr 25 12:49:50 AM CDT 2026: eno1: starting
Sat Apr 25 12:49:54 AM CDT 2026: eno1: control net is us
Sat Apr 25 12:49:55 AM CDT 2026: eno1: downed eno2
Sat Apr 25 12:49:55 AM CDT 2026: eno1: /run/systemd/network/enp94s0f0.network is not ours; ignoring
Sat Apr 25 12:49:55 AM CDT 2026: eno1: /run/systemd/network/enp94s0f1.network is not ours; ignoring
Sat Apr 25 12:49:55 AM CDT 2026: eno1: /run/systemd/network/wlan0.network is not ours; ignoring
Sat Apr 25 12:49:55 AM CDT 2026: eno1: /run/systemd/network/wlan1.network is not ours; ignoring
Sat Apr 25 12:49:55 AM CDT 2026: eno1: /run/systemd/network/wpan0.network is not ours; ignoring
Sat Apr 25 12:49:55 AM CDT 2026: eno1: /run/systemd/network/wpan1.network is not ours; ignoring
Sat Apr 25 12:49:55 AM CDT 2026: eno1: /run/systemd/network/wpan2.network is not ours; ignoring
Sat Apr 25 12:49:55 AM CDT 2026: eno1: /run/systemd/network/wpan3.network is not ours; ignoring
Sat Apr 25 12:49:55 AM CDT 2026: eno1: writing cnet metadata in /var/emulab/boot
Sat Apr 25 12:49:55 AM CDT 2026: eno1: restarting systemd-networkd
Sat Apr 25 12:49:56 AM CDT 2026: eno1: done!
Sat Apr 25 02:11:19 AM CDT 2026: eno1: starting
Sat Apr 25 02:11:23 AM CDT 2026: eno1: control net is us
Sat Apr 25 02:11:24 AM CDT 2026: eno1: downed eno2
Sat Apr 25 02:11:24 AM CDT 2026: eno1: /run/systemd/network/enp94s0f0.network is not ours; ignoring
Sat Apr 25 02:11:24 AM CDT 2026: eno1: /run/systemd/network/enp94s0f1.network is not ours; ignoring
Sat Apr 25 02:11:24 AM CDT 2026: eno1: /run/systemd/network/wlan0.network is not ours; ignoring
Sat Apr 25 02:11:24 AM CDT 2026: eno1: /run/systemd/network/wlan1.network is not ours; ignoring
Sat Apr 25 02:11:24 AM CDT 2026: eno1: /run/systemd/network/wpan0.network is not ours; ignoring
Sat Apr 25 02:11:24 AM CDT 2026: eno1: /run/systemd/network/wpan1.network is not ours; ignoring
Sat Apr 25 02:11:24 AM CDT 2026: eno1: /run/systemd/network/wpan2.network is not ours; ignoring
Sat Apr 25 02:11:24 AM CDT 2026: eno1: /run/systemd/network/wpan3.network is not ours; ignoring
Sat Apr 25 02:11:24 AM CDT 2026: eno1: writing cnet metadata in /var/emulab/boot
Sat Apr 25 02:11:24 AM CDT 2026: eno1: restarting systemd-networkd
Sat Apr 25 02:11:24 AM CDT 2026: eno1: done!
Sat Apr 25 12:24:13 PM CDT 2026: eno1: starting
Sat Apr 25 12:24:17 PM CDT 2026: eno1: control net is us
Sat Apr 25 12:24:17 PM CDT 2026: eno1: /run/systemd/network/eno2.network is not ours; ignoring
Sat Apr 25 12:24:18 PM CDT 2026: eno1: downed enp94s0f0
Sat Apr 25 12:24:18 PM CDT 2026: eno1: /run/systemd/network/enp94s0f1.network is not ours; ignoring
Sat Apr 25 12:24:18 PM CDT 2026: eno1: /run/systemd/network/wlan0.network is not ours; ignoring
Sat Apr 25 12:24:18 PM CDT 2026: eno1: /run/systemd/network/wlan1.network is not ours; ignoring
Sat Apr 25 12:24:18 PM CDT 2026: eno1: /run/systemd/network/wpan0.network is not ours; ignoring
Sat Apr 25 12:24:18 PM CDT 2026: eno1: /run/systemd/network/wpan1.network is not ours; ignoring
Sat Apr 25 12:24:18 PM CDT 2026: eno1: /run/systemd/network/wpan2.network is not ours; ignoring
Sat Apr 25 12:24:18 PM CDT 2026: eno1: /run/systemd/network/wpan3.network is not ours; ignoring
Sat Apr 25 12:24:18 PM CDT 2026: eno1: writing cnet metadata in /var/emulab/boot
Sat Apr 25 12:24:18 PM CDT 2026: eno1: restarting systemd-networkd
Sat Apr 25 12:24:18 PM CDT 2026: eno1: done!
Sat Apr 25 04:01:39 PM CDT 2026: eno1: starting
Sat Apr 25 04:01:43 PM CDT 2026: eno1: control net is us
Sat Apr 25 04:01:44 PM CDT 2026: eno1: downed eno2
Sat Apr 25 04:01:44 PM CDT 2026: eno1: /run/systemd/network/enp94s0f0np0.network is not ours; ignoring
Sat Apr 25 04:01:44 PM CDT 2026: eno1: /run/systemd/network/enp94s0f1np1.network is not ours; ignoring
Sat Apr 25 04:01:44 PM CDT 2026: eno1: writing cnet metadata in /var/emulab/boot
Sat Apr 25 04:01:44 PM CDT 2026: eno1: restarting systemd-networkd
Sat Apr 25 04:01:44 PM CDT 2026: eno1: done!
Sat Apr 25 05:32:50 PM CDT 2026: eno1: starting
Sat Apr 25 05:32:55 PM CDT 2026: eno1: control net is us
Sat Apr 25 05:32:56 PM CDT 2026: eno1: downed eno2
Sat Apr 25 05:32:56 PM CDT 2026: eno1: /run/systemd/network/enp94s0f0.network is not ours; ignoring
Sat Apr 25 05:32:56 PM CDT 2026: eno1: /run/systemd/network/enp94s0f1.network is not ours; ignoring
Sat Apr 25 05:32:56 PM CDT 2026: eno1: /run/systemd/network/wlan0.network is not ours; ignoring
Sat Apr 25 05:32:56 PM CDT 2026: eno1: /run/systemd/network/wlan1.network is not ours; ignoring
Sat Apr 25 05:32:56 PM CDT 2026: eno1: /run/systemd/network/wpan0.network is not ours; ignoring
Sat Apr 25 05:32:56 PM CDT 2026: eno1: /run/systemd/network/wpan1.network is not ours; ignoring
Sat Apr 25 05:32:56 PM CDT 2026: eno1: /run/systemd/network/wpan2.network is not ours; ignoring
Sat Apr 25 05:32:56 PM CDT 2026: eno1: /run/systemd/network/wpan3.network is not ours; ignoring
Sat Apr 25 05:32:56 PM CDT 2026: eno1: writing cnet metadata in /var/emulab/boot
Sat Apr 25 05:32:56 PM CDT 2026: eno1: restarting systemd-networkd
Sat Apr 25 05:32:56 PM CDT 2026: eno1: done!
Sat Apr 25 10:03:28 PM CDT 2026: eno1: starting
Sat Apr 25 10:03:31 PM CDT 2026: eno1: control net is us
Sat Apr 25 10:03:32 PM CDT 2026: eno1: downed eno2
Sat Apr 25 10:03:32 PM CDT 2026: eno1: /run/systemd/network/enp94s0f0np0.network is not ours; ignoring
Sat Apr 25 10:03:32 PM CDT 2026: eno1: /run/systemd/network/enp94s0f1np1.network is not ours; ignoring
Sat Apr 25 10:03:32 PM CDT 2026: eno1: writing cnet metadata in /var/emulab/boot
Sat Apr 25 10:03:32 PM CDT 2026: eno1: restarting systemd-networkd
Sat Apr 25 10:03:32 PM CDT 2026: eno1: done!
Sun Apr 26 12:08:59 AM CDT 2026: eno1: starting
Sun Apr 26 12:09:04 AM CDT 2026: eno1: control net is us
Sun Apr 26 12:09:04 AM CDT 2026: eno1: downed eno2
Sun Apr 26 12:09:04 AM CDT 2026: eno1: /run/systemd/network/enp94s0f0np0.network is not ours; ignoring
Sun Apr 26 12:09:04 AM CDT 2026: eno1: /run/systemd/network/enp94s0f1np1.network is not ours; ignoring
Sun Apr 26 12:09:04 AM CDT 2026: eno1: writing cnet metadata in /var/emulab/boot
Sun Apr 26 12:09:04 AM CDT 2026: eno1: restarting systemd-networkd
Sun Apr 26 12:09:05 AM CDT 2026: eno1: done!
Sun Apr 26 01:34:07 AM CDT 2026: eno1: starting
Sun Apr 26 01:34:11 AM CDT 2026: eno1: control net is us
Sun Apr 26 01:34:12 AM CDT 2026: eno1: downed eno2
Sun Apr 26 01:34:12 AM CDT 2026: eno1: /run/systemd/network/enp94s0f0np0.network is not ours; ignoring
Sun Apr 26 01:34:12 AM CDT 2026: eno1: /run/systemd/network/enp94s0f1np1.network is not ours; ignoring
Sun Apr 26 01:34:12 AM CDT 2026: eno1: writing cnet metadata in /var/emulab/boot
Sun Apr 26 01:34:12 AM CDT 2026: eno1: restarting systemd-networkd
Sun Apr 26 01:34:13 AM CDT 2026: eno1: done!
Sun Apr 26 11:40:32 AM CDT 2026: eno1: starting
Sun Apr 26 11:40:36 AM CDT 2026: eno1: control net is us
Sun Apr 26 11:40:37 AM CDT 2026: eno1: downed eno2
Sun Apr 26 11:40:37 AM CDT 2026: eno1: /run/systemd/network/enp94s0f0np0.network is not ours; ignoring
Sun Apr 26 11:40:37 AM CDT 2026: eno1: writing cnet metadata in /var/emulab/boot
Sun Apr 26 11:40:37 AM CDT 2026: eno1: restarting systemd-networkd
Sun Apr 26 11:40:37 AM CDT 2026: eno1: done!
Sun Apr 26 01:04:44 PM CDT 2026: eno1: starting
Sun Apr 26 01:04:49 PM CDT 2026: eno1: control net is us
Sun Apr 26 01:04:49 PM CDT 2026: eno1: downed eno2
Sun Apr 26 01:04:49 PM CDT 2026: eno1: /run/systemd/network/enp94s0f1np1.network is not ours; ignoring
Sun Apr 26 01:04:49 PM CDT 2026: eno1: writing cnet metadata in /var/emulab/boot
Sun Apr 26 01:04:49 PM CDT 2026: eno1: restarting systemd-networkd
Sun Apr 26 01:04:50 PM CDT 2026: eno1: done!
Sun Apr 26 08:08:25 PM CDT 2026: eno1: starting
Sun Apr 26 08:08:28 PM CDT 2026: eno1: control net is us
Sun Apr 26 08:08:29 PM CDT 2026: eno1: downed eno2
Sun Apr 26 08:08:29 PM CDT 2026: eno1: /run/systemd/network/enp94s0f0np0.network is not ours; ignoring
Sun Apr 26 08:08:29 PM CDT 2026: eno1: /run/systemd/network/enp94s0f1np1.network is not ours; ignoring
Sun Apr 26 08:08:29 PM CDT 2026: eno1: writing cnet metadata in /var/emulab/boot
Sun Apr 26 08:08:29 PM CDT 2026: eno1: restarting systemd-networkd
Sun Apr 26 08:08:29 PM CDT 2026: eno1: done!
Sun Apr 26 10:29:53 PM CDT 2026: eno1: starting
Sun Apr 26 10:29:58 PM CDT 2026: eno1: control net is us
Sun Apr 26 10:29:58 PM CDT 2026: eno1: downed eno2
Sun Apr 26 10:29:58 PM CDT 2026: eno1: /run/systemd/network/enp94s0f0np0.network is not ours; ignoring
Sun Apr 26 10:29:58 PM CDT 2026: eno1: /run/systemd/network/enp94s0f1np1.network is not ours; ignoring
Sun Apr 26 10:29:58 PM CDT 2026: eno1: writing cnet metadata in /var/emulab/boot
Sun Apr 26 10:29:58 PM CDT 2026: eno1: restarting systemd-networkd
Sun Apr 26 10:29:59 PM CDT 2026: eno1: done!
Mon Apr 27 01:48:12 AM CDT 2026: eno1: starting
Mon Apr 27 01:48:16 AM CDT 2026: eno1: control net is us
Mon Apr 27 01:48:16 AM CDT 2026: eno1: downed eno2
Mon Apr 27 01:48:16 AM CDT 2026: eno1: /run/systemd/network/enp94s0f0np0.network is not ours; ignoring
Mon Apr 27 01:48:16 AM CDT 2026: eno1: /run/systemd/network/enp94s0f1np1.network is not ours; ignoring
Mon Apr 27 01:48:16 AM CDT 2026: eno1: writing cnet metadata in /var/emulab/boot
Mon Apr 27 01:48:16 AM CDT 2026: eno1: restarting systemd-networkd
Mon Apr 27 01:48:17 AM CDT 2026: eno1: done!
Mon Apr 27 03:41:11 AM CDT 2026: eno1: starting
Mon Apr 27 03:41:15 AM CDT 2026: eno1: control net is us
Mon Apr 27 03:41:16 AM CDT 2026: eno1: downed eno2
Mon Apr 27 03:41:16 AM CDT 2026: eno1: /run/systemd/network/enp94s0f0np0.network is not ours; ignoring
Mon Apr 27 03:41:16 AM CDT 2026: eno1: /run/systemd/network/enp94s0f1np1.network is not ours; ignoring
Mon Apr 27 03:41:16 AM CDT 2026: eno1: writing cnet metadata in /var/emulab/boot
Mon Apr 27 03:41:16 AM CDT 2026: eno1: restarting systemd-networkd
Mon Apr 27 03:41:17 AM CDT 2026: eno1: done!
Mon Apr 27 11:23:04 AM CDT 2026: eno1: starting
Mon Apr 27 11:23:09 AM CDT 2026: eno1: control net is us
Mon Apr 27 11:23:09 AM CDT 2026: eno1: downed eno2
Mon Apr 27 11:23:09 AM CDT 2026: eno1: /run/systemd/network/enp94s0f0np0.network is not ours; ignoring
Mon Apr 27 11:23:09 AM CDT 2026: eno1: /run/systemd/network/enp94s0f1np1.network is not ours; ignoring
Mon Apr 27 11:23:09 AM CDT 2026: eno1: writing cnet metadata in /var/emulab/boot
Mon Apr 27 11:23:09 AM CDT 2026: eno1: restarting systemd-networkd
Mon Apr 27 11:23:10 AM CDT 2026: eno1: done!
Mon Apr 27 02:20:52 PM CDT 2026: eno1: starting
Mon Apr 27 02:20:56 PM CDT 2026: eno1: control net is us
Mon Apr 27 02:20:57 PM CDT 2026: eno1: downed eno2
Mon Apr 27 02:20:57 PM CDT 2026: eno1: /run/systemd/network/enp94s0f0np0.network is not ours; ignoring
Mon Apr 27 02:20:57 PM CDT 2026: eno1: /run/systemd/network/enp94s0f1np1.network is not ours; ignoring
Mon Apr 27 02:20:57 PM CDT 2026: eno1: writing cnet metadata in /var/emulab/boot
Mon Apr 27 02:20:57 PM CDT 2026: eno1: restarting systemd-networkd
Mon Apr 27 02:20:57 PM CDT 2026: eno1: done!
Mon Apr 27 06:05:48 PM CDT 2026: eno1: starting
Mon Apr 27 06:05:52 PM CDT 2026: eno1: control net is us
Mon Apr 27 06:05:53 PM CDT 2026: eno1: downed eno2
Mon Apr 27 06:05:53 PM CDT 2026: eno1: /run/systemd/network/enp94s0f0np0.network is not ours; ignoring
Mon Apr 27 06:05:53 PM CDT 2026: eno1: /run/systemd/network/enp94s0f1np1.network is not ours; ignoring
Mon Apr 27 06:05:53 PM CDT 2026: eno1: writing cnet metadata in /var/emulab/boot
Mon Apr 27 06:05:53 PM CDT 2026: eno1: restarting systemd-networkd
Mon Apr 27 06:05:53 PM CDT 2026: eno1: done!
Mon Apr 27 07:55:57 PM CDT 2026: eno1: starting
Mon Apr 27 07:56:00 PM CDT 2026: eno1: control net is us
Mon Apr 27 07:56:00 PM CDT 2026: eno1: downed eno2
Mon Apr 27 07:56:00 PM CDT 2026: eno1: /run/systemd/network/enp94s0f0np0.network is not ours; ignoring
Mon Apr 27 07:56:00 PM CDT 2026: eno1: /run/systemd/network/enp94s0f1np1.network is not ours; ignoring
Mon Apr 27 07:56:00 PM CDT 2026: eno1: writing cnet metadata in /var/emulab/boot
Mon Apr 27 07:56:00 PM CDT 2026: eno1: restarting systemd-networkd
Mon Apr 27 07:56:01 PM CDT 2026: eno1: done!
Tue Apr 28 04:15:45 PM CDT 2026: eno1: starting
Tue Apr 28 04:15:50 PM CDT 2026: eno1: control net is us
Tue Apr 28 04:15:50 PM CDT 2026: eno1: downed eno2
Tue Apr 28 04:15:50 PM CDT 2026: eno1: /run/systemd/network/enp94s0f0np0.network is not ours; ignoring
Tue Apr 28 04:15:50 PM CDT 2026: eno1: /run/systemd/network/enp94s0f1np1.network is not ours; ignoring
Tue Apr 28 04:15:50 PM CDT 2026: eno1: writing cnet metadata in /var/emulab/boot
Tue Apr 28 04:15:50 PM CDT 2026: eno1: restarting systemd-networkd
Tue Apr 28 04:15:51 PM CDT 2026: eno1: done!
Wed Apr 29 12:25:13 AM CDT 2026: eno1: starting
Wed Apr 29 12:25:17 AM CDT 2026: eno1: control net is us
Wed Apr 29 12:25:17 AM CDT 2026: eno1: downed eno2
Wed Apr 29 12:25:17 AM CDT 2026: eno1: /run/systemd/network/enp94s0f0np0.network is not ours; ignoring
Wed Apr 29 12:25:17 AM CDT 2026: eno1: /run/systemd/network/enp94s0f1np1.network is not ours; ignoring
Wed Apr 29 12:25:17 AM CDT 2026: eno1: writing cnet metadata in /var/emulab/boot
Wed Apr 29 12:25:17 AM CDT 2026: eno1: restarting systemd-networkd
Wed Apr 29 12:25:18 AM CDT 2026: eno1: done!
Wed Apr 29 02:12:14 AM CDT 2026: eno1: starting
Wed Apr 29 02:12:18 AM CDT 2026: eno1: control net is us
Wed Apr 29 02:12:18 AM CDT 2026: eno1: downed eno2
Wed Apr 29 02:12:18 AM CDT 2026: eno1: /run/systemd/network/enp94s0f0np0.network is not ours; ignoring
Wed Apr 29 02:12:18 AM CDT 2026: eno1: /run/systemd/network/enp94s0f1np1.network is not ours; ignoring
Wed Apr 29 02:12:18 AM CDT 2026: eno1: writing cnet metadata in /var/emulab/boot
Wed Apr 29 02:12:18 AM CDT 2026: eno1: restarting systemd-networkd
Wed Apr 29 02:12:19 AM CDT 2026: eno1: done!
Wed Apr 29 01:24:41 PM CDT 2026: eno1: starting
Wed Apr 29 01:24:44 PM CDT 2026: eno1: control net is us
Wed Apr 29 01:24:45 PM CDT 2026: eno1: downed eno2
Wed Apr 29 01:24:45 PM CDT 2026: eno1: /run/systemd/network/enp94s0f0np0.network is not ours; ignoring
Wed Apr 29 01:24:45 PM CDT 2026: eno1: /run/systemd/network/enp94s0f1np1.network is not ours; ignoring
Wed Apr 29 01:24:45 PM CDT 2026: eno1: writing cnet metadata in /var/emulab/boot
Wed Apr 29 01:24:45 PM CDT 2026: eno1: restarting systemd-networkd
Wed Apr 29 01:24:45 PM CDT 2026: eno1: done!
Wed Apr 29 02:37:52 PM CDT 2026: eno1: starting
Wed Apr 29 02:37:56 PM CDT 2026: eno1: control net is us
Wed Apr 29 02:37:56 PM CDT 2026: eno1: downed eno2
Wed Apr 29 02:37:56 PM CDT 2026: eno1: /run/systemd/network/enp94s0f0np0.network is not ours; ignoring
Wed Apr 29 02:37:56 PM CDT 2026: eno1: /run/systemd/network/enp94s0f1np1.network is not ours; ignoring
Wed Apr 29 02:37:56 PM CDT 2026: eno1: writing cnet metadata in /var/emulab/boot
Wed Apr 29 02:37:56 PM CDT 2026: eno1: restarting systemd-networkd
Wed Apr 29 02:37:57 PM CDT 2026: eno1: done!
Thu Apr 30 10:39:05 AM CDT 2026: eno1: starting
Thu Apr 30 10:39:09 AM CDT 2026: eno1: control net is us
Thu Apr 30 10:39:09 AM CDT 2026: eno1: downed eno2
Thu Apr 30 10:39:09 AM CDT 2026: eno1: /run/systemd/network/enp94s0f0np0.network is not ours; ignoring
Thu Apr 30 10:39:09 AM CDT 2026: eno1: writing cnet metadata in /var/emulab/boot
Thu Apr 30 10:39:09 AM CDT 2026: eno1: restarting systemd-networkd
Thu Apr 30 10:39:10 AM CDT 2026: eno1: done!
Thu Apr 30 01:40:59 PM CDT 2026: eno1: starting
Thu Apr 30 01:41:03 PM CDT 2026: eno1: control net is us
Thu Apr 30 01:41:03 PM CDT 2026: eno1: downed eno2
Thu Apr 30 01:41:03 PM CDT 2026: eno1: /run/systemd/network/enp94s0f0np0.network is not ours; ignoring
Thu Apr 30 01:41:03 PM CDT 2026: eno1: /run/systemd/network/enp94s0f1np1.network is not ours; ignoring
Thu Apr 30 01:41:03 PM CDT 2026: eno1: writing cnet metadata in /var/emulab/boot
Thu Apr 30 01:41:03 PM CDT 2026: eno1: restarting systemd-networkd
Thu Apr 30 01:41:04 PM CDT 2026: eno1: done!
Sat May  2 10:24:00 AM CDT 2026: eno1: starting
Sat May  2 10:24:03 AM CDT 2026: eno1: control net is us
Sat May  2 10:24:04 AM CDT 2026: eno1: downed eno2
Sat May  2 10:24:04 AM CDT 2026: eno1: /run/systemd/network/enp94s0f0np0.network is not ours; ignoring
Sat May  2 10:24:04 AM CDT 2026: eno1: /run/systemd/network/enp94s0f1np1.network is not ours; ignoring
Sat May  2 10:24:04 AM CDT 2026: eno1: writing cnet metadata in /var/emulab/boot
Sat May  2 10:24:04 AM CDT 2026: eno1: restarting systemd-networkd
Sat May  2 10:24:04 AM CDT 2026: eno1: done!
Sun May  3 01:07:41 PM CDT 2026: eno1: starting
Sun May  3 01:07:45 PM CDT 2026: eno1: control net is us
Sun May  3 01:07:46 PM CDT 2026: eno1: downed eno2
Sun May  3 01:07:46 PM CDT 2026: eno1: /run/systemd/network/enp94s0f0np0.network is not ours; ignoring
Sun May  3 01:07:46 PM CDT 2026: eno1: /run/systemd/network/enp94s0f1np1.network is not ours; ignoring
Sun May  3 01:07:46 PM CDT 2026: eno1: writing cnet metadata in /var/emulab/boot
Sun May  3 01:07:46 PM CDT 2026: eno1: restarting systemd-networkd
Sun May  3 01:07:46 PM CDT 2026: eno1: done!
Mon May  4 01:19:19 PM CDT 2026: eno1: starting
Mon May  4 01:19:23 PM CDT 2026: eno1: control net is us
Mon May  4 01:19:23 PM CDT 2026: eno1: downed eno2
Mon May  4 01:19:23 PM CDT 2026: eno1: /run/systemd/network/enp94s0f0np0.network is not ours; ignoring
Mon May  4 01:19:23 PM CDT 2026: eno1: /run/systemd/network/enp94s0f1np1.network is not ours; ignoring
Mon May  4 01:19:23 PM CDT 2026: eno1: writing cnet metadata in /var/emulab/boot
Mon May  4 01:19:23 PM CDT 2026: eno1: restarting systemd-networkd
Mon May  4 01:19:24 PM CDT 2026: eno1: done!
Tue May  5 05:16:11 PM CDT 2026: eno1: starting
Tue May  5 05:16:15 PM CDT 2026: eno1: control net is us
Tue May  5 05:16:15 PM CDT 2026: eno1: downed eno2
Tue May  5 05:16:15 PM CDT 2026: eno1: /run/systemd/network/enp94s0f0np0.network is not ours; ignoring
Tue May  5 05:16:15 PM CDT 2026: eno1: /run/systemd/network/enp94s0f1np1.network is not ours; ignoring
Tue May  5 05:16:15 PM CDT 2026: eno1: writing cnet metadata in /var/emulab/boot
Tue May  5 05:16:15 PM CDT 2026: eno1: restarting systemd-networkd
Tue May  5 05:16:16 PM CDT 2026: eno1: done!
Wed May  6 10:38:18 AM CDT 2026: eno1: starting
Wed May  6 10:38:23 AM CDT 2026: eno1: control net is us
Wed May  6 10:38:23 AM CDT 2026: eno1: downed eno2
Wed May  6 10:38:23 AM CDT 2026: eno1: /run/systemd/network/enp94s0f0np0.network is not ours; ignoring
Wed May  6 10:38:23 AM CDT 2026: eno1: /run/systemd/network/enp94s0f1np1.network is not ours; ignoring
Wed May  6 10:38:23 AM CDT 2026: eno1: writing cnet metadata in /var/emulab/boot
Wed May  6 10:38:23 AM CDT 2026: eno1: restarting systemd-networkd
Wed May  6 10:38:24 AM CDT 2026: eno1: done!
Wed May  6 11:01:43 PM CDT 2026: eno1: starting
Wed May  6 11:01:48 PM CDT 2026: eno1: control net is us
Wed May  6 11:01:48 PM CDT 2026: eno1: downed eno2
Wed May  6 11:01:48 PM CDT 2026: eno1: /run/systemd/network/enp94s0f0np0.network is not ours; ignoring
Wed May  6 11:01:48 PM CDT 2026: eno1: /run/systemd/network/enp94s0f1np1.network is not ours; ignoring
Wed May  6 11:01:48 PM CDT 2026: eno1: writing cnet metadata in /var/emulab/boot
Wed May  6 11:01:48 PM CDT 2026: eno1: restarting systemd-networkd
Wed May  6 11:01:49 PM CDT 2026: eno1: done!
Thu May  7 12:59:54 AM CDT 2026: eno1: starting
Thu May  7 12:59:58 AM CDT 2026: eno1: control net is us
Thu May  7 12:59:59 AM CDT 2026: eno1: downed eno2
Thu May  7 12:59:59 AM CDT 2026: eno1: /run/systemd/network/enp94s0f0np0.network is not ours; ignoring
Thu May  7 12:59:59 AM CDT 2026: eno1: /run/systemd/network/enp94s0f1np1.network is not ours; ignoring
Thu May  7 12:59:59 AM CDT 2026: eno1: writing cnet metadata in /var/emulab/boot
Thu May  7 12:59:59 AM CDT 2026: eno1: restarting systemd-networkd
Thu May  7 01:00:00 AM CDT 2026: eno1: done!
Thu May  7 02:07:07 PM CDT 2026: eno1: starting
Thu May  7 02:07:11 PM CDT 2026: eno1: control net is us
Thu May  7 02:07:11 PM CDT 2026: eno1: downed eno2
Thu May  7 02:07:11 PM CDT 2026: eno1: /run/systemd/network/enp94s0f0np0.network is not ours; ignoring
Thu May  7 02:07:11 PM CDT 2026: eno1: /run/systemd/network/enp94s0f1np1.network is not ours; ignoring
Thu May  7 02:07:11 PM CDT 2026: eno1: writing cnet metadata in /var/emulab/boot
Thu May  7 02:07:11 PM CDT 2026: eno1: restarting systemd-networkd
Thu May  7 02:07:12 PM CDT 2026: eno1: done!
Fri May  8 01:10:22 AM CDT 2026: eno1: starting
Fri May  8 01:10:25 AM CDT 2026: eno1: control net is us
Fri May  8 01:10:26 AM CDT 2026: eno1: downed eno2
Fri May  8 01:10:26 AM CDT 2026: eno1: /run/systemd/network/enp94s0f0np0.network is not ours; ignoring
Fri May  8 01:10:26 AM CDT 2026: eno1: /run/systemd/network/enp94s0f1np1.network is not ours; ignoring
Fri May  8 01:10:26 AM CDT 2026: eno1: writing cnet metadata in /var/emulab/boot
Fri May  8 01:10:26 AM CDT 2026: eno1: restarting systemd-networkd
Fri May  8 01:10:27 AM CDT 2026: eno1: done!
Fri May  8 12:13:49 PM CDT 2026: eno1: starting
Fri May  8 12:13:53 PM CDT 2026: eno1: control net is us
Fri May  8 12:13:54 PM CDT 2026: eno1: downed eno2
Fri May  8 12:13:54 PM CDT 2026: eno1: /run/systemd/network/enp94s0f0np0.network is not ours; ignoring
Fri May  8 12:13:54 PM CDT 2026: eno1: /run/systemd/network/enp94s0f1np1.network is not ours; ignoring
Fri May  8 12:13:54 PM CDT 2026: eno1: writing cnet metadata in /var/emulab/boot
Fri May  8 12:13:54 PM CDT 2026: eno1: restarting systemd-networkd
Fri May  8 12:13:54 PM CDT 2026: eno1: done!
Fri May  8 08:23:59 PM CDT 2026: eno1: starting
Fri May  8 08:24:04 PM CDT 2026: eno1: control net is us
Fri May  8 08:24:04 PM CDT 2026: eno1: downed eno2
Fri May  8 08:24:04 PM CDT 2026: eno1: /run/systemd/network/enp94s0f0np0.network is not ours; ignoring
Fri May  8 08:24:04 PM CDT 2026: eno1: /run/systemd/network/enp94s0f1np1.network is not ours; ignoring
Fri May  8 08:24:04 PM CDT 2026: eno1: writing cnet metadata in /var/emulab/boot
Fri May  8 08:24:04 PM CDT 2026: eno1: restarting systemd-networkd
Fri May  8 08:24:05 PM CDT 2026: eno1: done!
Sat May  9 02:17:21 AM CDT 2026: eno1: starting
Sat May  9 02:17:25 AM CDT 2026: eno1: control net is us
Sat May  9 02:17:25 AM CDT 2026: eno1: downed eno2
Sat May  9 02:17:25 AM CDT 2026: eno1: /run/systemd/network/enp94s0f0np0.network is not ours; ignoring
Sat May  9 02:17:25 AM CDT 2026: eno1: writing cnet metadata in /var/emulab/boot
Sat May  9 02:17:25 AM CDT 2026: eno1: restarting systemd-networkd
Sat May  9 02:17:26 AM CDT 2026: eno1: done!
Sat May  9 11:32:56 AM CDT 2026: eno1: starting
Sat May  9 11:33:00 AM CDT 2026: eno1: control net is us
Sat May  9 11:33:01 AM CDT 2026: eno1: downed eno2
Sat May  9 11:33:01 AM CDT 2026: eno1: /run/systemd/network/enp94s0f0np0.network is not ours; ignoring
Sat May  9 11:33:01 AM CDT 2026: eno1: /run/systemd/network/enp94s0f1np1.network is not ours; ignoring
Sat May  9 11:33:01 AM CDT 2026: eno1: writing cnet metadata in /var/emulab/boot
Sat May  9 11:33:01 AM CDT 2026: eno1: restarting systemd-networkd
Sat May  9 11:33:02 AM CDT 2026: eno1: done!
Sat May  9 11:28:06 PM CDT 2026: eno1: starting
Sat May  9 11:28:10 PM CDT 2026: eno1: control net is us
Sat May  9 11:28:11 PM CDT 2026: eno1: downed eno2
Sat May  9 11:28:11 PM CDT 2026: eno1: /run/systemd/network/enp94s0f0np0.network is not ours; ignoring
Sat May  9 11:28:11 PM CDT 2026: eno1: writing cnet metadata in /var/emulab/boot
Sat May  9 11:28:11 PM CDT 2026: eno1: restarting systemd-networkd
Sat May  9 11:28:11 PM CDT 2026: eno1: done!
Sun May 10 11:35:06 AM CDT 2026: eno1: starting
Sun May 10 11:35:10 AM CDT 2026: eno1: control net is us
Sun May 10 11:35:11 AM CDT 2026: eno1: downed eno2
Sun May 10 11:35:11 AM CDT 2026: eno1: /run/systemd/network/enp94s0f0np0.network is not ours; ignoring
Sun May 10 11:35:11 AM CDT 2026: eno1: /run/systemd/network/enp94s0f1np1.network is not ours; ignoring
Sun May 10 11:35:11 AM CDT 2026: eno1: writing cnet metadata in /var/emulab/boot
Sun May 10 11:35:11 AM CDT 2026: eno1: restarting systemd-networkd
Sun May 10 11:35:12 AM CDT 2026: eno1: done!
Sun May 10 02:56:13 PM CDT 2026: eno1: starting
Sun May 10 02:56:17 PM CDT 2026: eno1: control net is us
Sun May 10 02:56:17 PM CDT 2026: eno1: downed eno2
Sun May 10 02:56:17 PM CDT 2026: eno1: /run/systemd/network/enp94s0f0np0.network is not ours; ignoring
Sun May 10 02:56:17 PM CDT 2026: eno1: /run/systemd/network/enp94s0f1np1.network is not ours; ignoring
Sun May 10 02:56:17 PM CDT 2026: eno1: writing cnet metadata in /var/emulab/boot
Sun May 10 02:56:17 PM CDT 2026: eno1: restarting systemd-networkd
Sun May 10 02:56:18 PM CDT 2026: eno1: done!
Sun May 10 03:04:26 PM CDT 2026: eno1: starting
Sun May 10 03:04:30 PM CDT 2026: eno1: control net is us
Sun May 10 03:04:31 PM CDT 2026: eno1: downed eno2
Sun May 10 03:04:31 PM CDT 2026: eno1: /run/systemd/network/enp94s0f0np0.network is not ours; ignoring
Sun May 10 03:04:31 PM CDT 2026: eno1: writing cnet metadata in /var/emulab/boot
Sun May 10 03:04:31 PM CDT 2026: eno1: restarting systemd-networkd
Sun May 10 03:04:32 PM CDT 2026: eno1: done!
Sun May 10 03:20:25 PM CDT 2026: eno1: starting
Sun May 10 03:20:29 PM CDT 2026: eno1: control net is us
Sun May 10 03:20:29 PM CDT 2026: eno1: downed eno2
Sun May 10 03:20:29 PM CDT 2026: eno1: /run/systemd/network/enp94s0f0np0.network is not ours; ignoring
Sun May 10 03:20:29 PM CDT 2026: eno1: /run/systemd/network/enp94s0f1np1.network is not ours; ignoring
Sun May 10 03:20:29 PM CDT 2026: eno1: writing cnet metadata in /var/emulab/boot
Sun May 10 03:20:29 PM CDT 2026: eno1: restarting systemd-networkd
Sun May 10 03:20:30 PM CDT 2026: eno1: done!
Sun May 10 05:56:55 PM CDT 2026: eno1: starting
Sun May 10 05:56:59 PM CDT 2026: eno1: control net is us
Sun May 10 05:56:59 PM CDT 2026: eno1: downed eno2
Sun May 10 05:56:59 PM CDT 2026: eno1: /run/systemd/network/enp94s0f0.network is not ours; ignoring
Sun May 10 05:56:59 PM CDT 2026: eno1: /run/systemd/network/enp94s0f1.network is not ours; ignoring
Sun May 10 05:56:59 PM CDT 2026: eno1: /run/systemd/network/wlan0.network is not ours; ignoring
Sun May 10 05:56:59 PM CDT 2026: eno1: /run/systemd/network/wlan1.network is not ours; ignoring
Sun May 10 05:56:59 PM CDT 2026: eno1: /run/systemd/network/wpan1.network is not ours; ignoring
Sun May 10 05:56:59 PM CDT 2026: eno1: /run/systemd/network/wpan2.network is not ours; ignoring
Sun May 10 05:56:59 PM CDT 2026: eno1: /run/systemd/network/wpan3.network is not ours; ignoring
Sun May 10 05:56:59 PM CDT 2026: eno1: writing cnet metadata in /var/emulab/boot
Sun May 10 05:57:00 PM CDT 2026: eno1: restarting systemd-networkd
Sun May 10 05:57:00 PM CDT 2026: eno1: done!
Sun May 10 10:59:02 PM CDT 2026: eno1: starting
Sun May 10 10:59:06 PM CDT 2026: eno1: control net is us
Sun May 10 10:59:07 PM CDT 2026: eno1: downed eno2
Sun May 10 10:59:07 PM CDT 2026: eno1: /run/systemd/network/enp94s0f0.network is not ours; ignoring
Sun May 10 10:59:07 PM CDT 2026: eno1: /run/systemd/network/enp94s0f1.network is not ours; ignoring
Sun May 10 10:59:07 PM CDT 2026: eno1: /run/systemd/network/wlan0.network is not ours; ignoring
Sun May 10 10:59:07 PM CDT 2026: eno1: /run/systemd/network/wlan1.network is not ours; ignoring
Sun May 10 10:59:07 PM CDT 2026: eno1: /run/systemd/network/wpan0.network is not ours; ignoring
Sun May 10 10:59:07 PM CDT 2026: eno1: /run/systemd/network/wpan1.network is not ours; ignoring
Sun May 10 10:59:07 PM CDT 2026: eno1: /run/systemd/network/wpan2.network is not ours; ignoring
Sun May 10 10:59:07 PM CDT 2026: eno1: writing cnet metadata in /var/emulab/boot
Sun May 10 10:59:07 PM CDT 2026: eno1: restarting systemd-networkd
Sun May 10 10:59:08 PM CDT 2026: eno1: done!
Mon May 11 09:52:05 AM CDT 2026: eno1: starting
Mon May 11 09:52:09 AM CDT 2026: eno1: control net is us
Mon May 11 09:52:10 AM CDT 2026: eno1: downed eno2
Mon May 11 09:52:10 AM CDT 2026: eno1: /run/systemd/network/enp94s0f0np0.network is not ours; ignoring
Mon May 11 09:52:10 AM CDT 2026: eno1: /run/systemd/network/enp94s0f1np1.network is not ours; ignoring
Mon May 11 09:52:10 AM CDT 2026: eno1: writing cnet metadata in /var/emulab/boot
Mon May 11 09:52:10 AM CDT 2026: eno1: restarting systemd-networkd
Mon May 11 09:52:11 AM CDT 2026: eno1: done!
Mon May 11 03:48:32 PM CDT 2026: eno1: starting
Mon May 11 03:48:36 PM CDT 2026: eno1: control net is us
Mon May 11 03:48:37 PM CDT 2026: eno1: downed eno2
Mon May 11 03:48:37 PM CDT 2026: eno1: /run/systemd/network/enp94s0f0np0.network is not ours; ignoring
Mon May 11 03:48:37 PM CDT 2026: eno1: /run/systemd/network/enp94s0f1np1.network is not ours; ignoring
Mon May 11 03:48:37 PM CDT 2026: eno1: writing cnet metadata in /var/emulab/boot
Mon May 11 03:48:37 PM CDT 2026: eno1: restarting systemd-networkd
Mon May 11 03:48:38 PM CDT 2026: eno1: done!
Mon May 11 03:58:40 PM CDT 2026: eno1: starting
Mon May 11 03:58:44 PM CDT 2026: eno1: control net is us
Mon May 11 03:58:45 PM CDT 2026: eno1: downed eno2
Mon May 11 03:58:45 PM CDT 2026: eno1: /run/systemd/network/enp94s0f0.network is not ours; ignoring
Mon May 11 03:58:45 PM CDT 2026: eno1: /run/systemd/network/enp94s0f1.network is not ours; ignoring
Mon May 11 03:58:45 PM CDT 2026: eno1: /run/systemd/network/wlan0.network is not ours; ignoring
Mon May 11 03:58:45 PM CDT 2026: eno1: /run/systemd/network/wlan1.network is not ours; ignoring
Mon May 11 03:58:45 PM CDT 2026: eno1: /run/systemd/network/wpan0.network is not ours; ignoring
Mon May 11 03:58:45 PM CDT 2026: eno1: /run/systemd/network/wpan1.network is not ours; ignoring
Mon May 11 03:58:45 PM CDT 2026: eno1: /run/systemd/network/wpan2.network is not ours; ignoring
Mon May 11 03:58:45 PM CDT 2026: eno1: /run/systemd/network/wpan3.network is not ours; ignoring
Mon May 11 03:58:45 PM CDT 2026: eno1: writing cnet metadata in /var/emulab/boot
Mon May 11 03:58:45 PM CDT 2026: eno1: restarting systemd-networkd
Mon May 11 03:58:45 PM CDT 2026: eno1: done!
Mon May 11 06:55:55 PM CDT 2026: eno1: starting
Mon May 11 06:55:59 PM CDT 2026: eno1: control net is us
Mon May 11 06:55:59 PM CDT 2026: eno1: /run/systemd/network/eno2.network is not ours; ignoring
Mon May 11 06:55:59 PM CDT 2026: eno1: downed enp94s0f0
Mon May 11 06:55:59 PM CDT 2026: eno1: /run/systemd/network/enp94s0f1.network is not ours; ignoring
Mon May 11 06:55:59 PM CDT 2026: eno1: /run/systemd/network/wlan0.network is not ours; ignoring
Mon May 11 06:55:59 PM CDT 2026: eno1: /run/systemd/network/wpan0.network is not ours; ignoring
Mon May 11 06:55:59 PM CDT 2026: eno1: /run/systemd/network/wpan2.network is not ours; ignoring
Mon May 11 06:55:59 PM CDT 2026: eno1: /run/systemd/network/wpan3.network is not ours; ignoring
Mon May 11 06:55:59 PM CDT 2026: eno1: writing cnet metadata in /var/emulab/boot
Mon May 11 06:55:59 PM CDT 2026: eno1: restarting systemd-networkd
Mon May 11 06:56:00 PM CDT 2026: eno1: done!
Mon May 11 08:31:12 PM CDT 2026: eno1: starting
Mon May 11 08:31:17 PM CDT 2026: eno1: control net is us
Mon May 11 08:31:17 PM CDT 2026: eno1: downed eno2
Mon May 11 08:31:17 PM CDT 2026: eno1: /run/systemd/network/enp94s0f0np0.network is not ours; ignoring
Mon May 11 08:31:17 PM CDT 2026: eno1: /run/systemd/network/enp94s0f1np1.network is not ours; ignoring
Mon May 11 08:31:17 PM CDT 2026: eno1: writing cnet metadata in /var/emulab/boot
Mon May 11 08:31:17 PM CDT 2026: eno1: restarting systemd-networkd
Mon May 11 08:31:18 PM CDT 2026: eno1: done!
Mon May 11 08:55:21 PM CDT 2026: eno1: starting
Mon May 11 08:55:25 PM CDT 2026: eno1: control net is us
Mon May 11 08:55:26 PM CDT 2026: eno1: downed eno2
Mon May 11 08:55:26 PM CDT 2026: eno1: /run/systemd/network/enp94s0f0.network is not ours; ignoring
Mon May 11 08:55:26 PM CDT 2026: eno1: /run/systemd/network/enp94s0f1.network is not ours; ignoring
Mon May 11 08:55:26 PM CDT 2026: eno1: /run/systemd/network/wlan0.network is not ours; ignoring
Mon May 11 08:55:26 PM CDT 2026: eno1: /run/systemd/network/wlan1.network is not ours; ignoring
Mon May 11 08:55:26 PM CDT 2026: eno1: /run/systemd/network/wpan0.network is not ours; ignoring
Mon May 11 08:55:26 PM CDT 2026: eno1: /run/systemd/network/wpan1.network is not ours; ignoring
Mon May 11 08:55:26 PM CDT 2026: eno1: /run/systemd/network/wpan2.network is not ours; ignoring
Mon May 11 08:55:26 PM CDT 2026: eno1: /run/systemd/network/wpan3.network is not ours; ignoring
Mon May 11 08:55:26 PM CDT 2026: eno1: writing cnet metadata in /var/emulab/boot
Mon May 11 08:55:26 PM CDT 2026: eno1: restarting systemd-networkd
Mon May 11 08:55:27 PM CDT 2026: eno1: done!
Mon May 11 10:39:26 PM CDT 2026: eno1: starting
Mon May 11 10:39:31 PM CDT 2026: eno1: control net is us
Mon May 11 10:39:31 PM CDT 2026: eno1: /run/systemd/network/eno2.network is not ours; ignoring
Mon May 11 10:39:31 PM CDT 2026: eno1: downed enp94s0f0
Mon May 11 10:39:31 PM CDT 2026: eno1: /run/systemd/network/enp94s0f1.network is not ours; ignoring
Mon May 11 10:39:31 PM CDT 2026: eno1: /run/systemd/network/wlan0.network is not ours; ignoring
Mon May 11 10:39:31 PM CDT 2026: eno1: /run/systemd/network/wlan1.network is not ours; ignoring
Mon May 11 10:39:31 PM CDT 2026: eno1: /run/systemd/network/wpan0.network is not ours; ignoring
Mon May 11 10:39:31 PM CDT 2026: eno1: /run/systemd/network/wpan1.network is not ours; ignoring
Mon May 11 10:39:31 PM CDT 2026: eno1: /run/systemd/network/wpan2.network is not ours; ignoring
Mon May 11 10:39:31 PM CDT 2026: eno1: /run/systemd/network/wpan3.network is not ours; ignoring
Mon May 11 10:39:31 PM CDT 2026: eno1: writing cnet metadata in /var/emulab/boot
Mon May 11 10:39:31 PM CDT 2026: eno1: restarting systemd-networkd
Mon May 11 10:39:32 PM CDT 2026: eno1: done!
Tue May 12 12:06:22 PM CDT 2026: eno1: starting
Tue May 12 12:06:27 PM CDT 2026: eno1: control net is us
Tue May 12 12:06:27 PM CDT 2026: eno1: downed eno2
Tue May 12 12:06:27 PM CDT 2026: eno1: /run/systemd/network/enp94s0f0np0.network is not ours; ignoring
Tue May 12 12:06:27 PM CDT 2026: eno1: /run/systemd/network/enp94s0f1np1.network is not ours; ignoring
Tue May 12 12:06:27 PM CDT 2026: eno1: writing cnet metadata in /var/emulab/boot
Tue May 12 12:06:27 PM CDT 2026: eno1: restarting systemd-networkd
Tue May 12 12:06:28 PM CDT 2026: eno1: done!
Tue May 12 07:46:35 PM CDT 2026: eno1: starting
Tue May 12 07:46:39 PM CDT 2026: eno1: control net is us
Tue May 12 07:46:40 PM CDT 2026: eno1: downed eno2
Tue May 12 07:46:40 PM CDT 2026: eno1: /run/systemd/network/enp94s0f0np0.network is not ours; ignoring
Tue May 12 07:46:40 PM CDT 2026: eno1: /run/systemd/network/enp94s0f1np1.network is not ours; ignoring
Tue May 12 07:46:40 PM CDT 2026: eno1: writing cnet metadata in /var/emulab/boot
Tue May 12 07:46:40 PM CDT 2026: eno1: restarting systemd-networkd
Tue May 12 07:46:40 PM CDT 2026: eno1: done!
Tue May 12 08:08:24 PM CDT 2026: eno1: starting
Tue May 12 08:08:28 PM CDT 2026: eno1: control net is us
Tue May 12 08:08:29 PM CDT 2026: eno1: downed eno2
Tue May 12 08:08:29 PM CDT 2026: eno1: /run/systemd/network/enp94s0f0np0.network is not ours; ignoring
Tue May 12 08:08:29 PM CDT 2026: eno1: /run/systemd/network/enp94s0f1np1.network is not ours; ignoring
Tue May 12 08:08:29 PM CDT 2026: eno1: writing cnet metadata in /var/emulab/boot
Tue May 12 08:08:29 PM CDT 2026: eno1: restarting systemd-networkd
Tue May 12 08:08:30 PM CDT 2026: eno1: done!
Wed May 13 11:28:22 AM CDT 2026: eno1: starting
Wed May 13 11:28:26 AM CDT 2026: eno1: control net is us
Wed May 13 11:28:27 AM CDT 2026: eno1: downed eno2
Wed May 13 11:28:27 AM CDT 2026: eno1: /run/systemd/network/enp94s0f0np0.network is not ours; ignoring
Wed May 13 11:28:27 AM CDT 2026: eno1: /run/systemd/network/enp94s0f1np1.network is not ours; ignoring
Wed May 13 11:28:27 AM CDT 2026: eno1: writing cnet metadata in /var/emulab/boot
Wed May 13 11:28:27 AM CDT 2026: eno1: restarting systemd-networkd
Wed May 13 11:28:27 AM CDT 2026: eno1: done!
Thu May 14 12:10:13 AM CDT 2026: eno1: starting
Thu May 14 12:10:17 AM CDT 2026: eno1: control net is us
Thu May 14 12:10:18 AM CDT 2026: eno1: downed eno2
Thu May 14 12:10:18 AM CDT 2026: eno1: /run/systemd/network/enp94s0f0np0.network is not ours; ignoring
Thu May 14 12:10:18 AM CDT 2026: eno1: /run/systemd/network/enp94s0f1np1.network is not ours; ignoring
Thu May 14 12:10:18 AM CDT 2026: eno1: writing cnet metadata in /var/emulab/boot
Thu May 14 12:10:18 AM CDT 2026: eno1: restarting systemd-networkd
Thu May 14 12:10:18 AM CDT 2026: eno1: done!
Thu May 14 01:14:57 AM CDT 2026: eno1: starting
Thu May 14 01:15:01 AM CDT 2026: eno1: control net is us
Thu May 14 01:15:02 AM CDT 2026: eno1: downed eno2
Thu May 14 01:15:02 AM CDT 2026: eno1: /run/systemd/network/enp94s0f0np0.network is not ours; ignoring
Thu May 14 01:15:02 AM CDT 2026: eno1: /run/systemd/network/enp94s0f1np1.network is not ours; ignoring
Thu May 14 01:15:02 AM CDT 2026: eno1: writing cnet metadata in /var/emulab/boot
Thu May 14 01:15:02 AM CDT 2026: eno1: restarting systemd-networkd
Thu May 14 01:15:03 AM CDT 2026: eno1: done!
Thu May 14 02:30:54 AM CDT 2026: eno1: starting
Thu May 14 02:30:59 AM CDT 2026: eno1: control net is us
Thu May 14 02:30:59 AM CDT 2026: eno1: downed eno2
Thu May 14 02:30:59 AM CDT 2026: eno1: /run/systemd/network/enp94s0f0np0.network is not ours; ignoring
Thu May 14 02:30:59 AM CDT 2026: eno1: /run/systemd/network/enp94s0f1np1.network is not ours; ignoring
Thu May 14 02:30:59 AM CDT 2026: eno1: writing cnet metadata in /var/emulab/boot
Thu May 14 02:30:59 AM CDT 2026: eno1: restarting systemd-networkd
Thu May 14 02:31:00 AM CDT 2026: eno1: done!
Sat May 30 04:57:35 PM CDT 2026: eno1: starting
Sat May 30 04:57:39 PM CDT 2026: eno1: control net is us
Sat May 30 04:57:40 PM CDT 2026: eno1: downed eno2
Sat May 30 04:57:40 PM CDT 2026: eno1: /run/systemd/network/enp94s0f0np0.network is not ours; ignoring
Sat May 30 04:57:40 PM CDT 2026: eno1: /run/systemd/network/enp94s0f1np1.network is not ours; ignoring
Sat May 30 04:57:40 PM CDT 2026: eno1: writing cnet metadata in /var/emulab/boot
Sat May 30 04:57:40 PM CDT 2026: eno1: restarting systemd-networkd
Sat May 30 04:57:40 PM CDT 2026: eno1: done!
Sat May 30 09:38:42 PM CDT 2026: eno1: starting
Sat May 30 09:38:46 PM CDT 2026: eno1: control net is us
Sat May 30 09:38:46 PM CDT 2026: eno1: /run/systemd/network/eno2.network is not ours; ignoring
Sat May 30 09:38:46 PM CDT 2026: eno1: /run/systemd/network/enp94s0f0.network is not ours; ignoring
Sat May 30 09:38:47 PM CDT 2026: eno1: downed enp94s0f1
Sat May 30 09:38:47 PM CDT 2026: eno1: /run/systemd/network/wlan0.network is not ours; ignoring
Sat May 30 09:38:47 PM CDT 2026: eno1: /run/systemd/network/wlan1.network is not ours; ignoring
Sat May 30 09:38:47 PM CDT 2026: eno1: /run/systemd/network/wpan0.network is not ours; ignoring
Sat May 30 09:38:47 PM CDT 2026: eno1: /run/systemd/network/wpan1.network is not ours; ignoring
Sat May 30 09:38:47 PM CDT 2026: eno1: /run/systemd/network/wpan2.network is not ours; ignoring
Sat May 30 09:38:47 PM CDT 2026: eno1: /run/systemd/network/wpan3.network is not ours; ignoring
Sat May 30 09:38:47 PM CDT 2026: eno1: writing cnet metadata in /var/emulab/boot
Sat May 30 09:38:47 PM CDT 2026: eno1: restarting systemd-networkd
Sat May 30 09:38:47 PM CDT 2026: eno1: done!
Sat Jun 13 05:10:29 PM CDT 2026: eno1: starting
Sat Jun 13 05:10:34 PM CDT 2026: eno1: control net is us
Sat Jun 13 05:10:34 PM CDT 2026: eno1: downed enp94s0f1np1
Sat Jun 13 05:10:34 PM CDT 2026: eno1: writing cnet metadata in /var/emulab/boot
Sat Jun 13 05:10:34 PM CDT 2026: eno1: restarting systemd-networkd
Sat Jun 13 05:10:35 PM CDT 2026: eno1: done!
Mon Jun 15 01:26:02 AM CDT 2026: eno1: starting
Mon Jun 15 01:26:07 AM CDT 2026: eno1: control net is us
Mon Jun 15 01:26:07 AM CDT 2026: eno1: downed eno2
Mon Jun 15 01:26:07 AM CDT 2026: eno1: /run/systemd/network/enp94s0f0np0.network is not ours; ignoring
Mon Jun 15 01:26:07 AM CDT 2026: eno1: /run/systemd/network/enp94s0f1np1.network is not ours; ignoring
Mon Jun 15 01:26:07 AM CDT 2026: eno1: writing cnet metadata in /var/emulab/boot
Mon Jun 15 01:26:07 AM CDT 2026: eno1: restarting systemd-networkd
Mon Jun 15 01:26:08 AM CDT 2026: eno1: done!
Mon Jun 15 04:55:40 PM CDT 2026: eno1: starting
Mon Jun 15 04:55:44 PM CDT 2026: eno1: control net is us
Mon Jun 15 04:55:44 PM CDT 2026: eno1: downed eno2
Mon Jun 15 04:55:44 PM CDT 2026: eno1: /run/systemd/network/enp94s0f0np0.network is not ours; ignoring
Mon Jun 15 04:55:44 PM CDT 2026: eno1: /run/systemd/network/enp94s0f1np1.network is not ours; ignoring
Mon Jun 15 04:55:44 PM CDT 2026: eno1: writing cnet metadata in /var/emulab/boot
Mon Jun 15 04:55:44 PM CDT 2026: eno1: restarting systemd-networkd
Mon Jun 15 04:55:45 PM CDT 2026: eno1: done!
Wed Jun 17 09:17:04 AM CDT 2026: eno1: starting
Wed Jun 17 09:17:09 AM CDT 2026: eno1: control net is us
Wed Jun 17 09:17:09 AM CDT 2026: eno1: downed eno2
Wed Jun 17 09:17:09 AM CDT 2026: eno1: /run/systemd/network/enp94s0f0np0.network is not ours; ignoring
Wed Jun 17 09:17:09 AM CDT 2026: eno1: /run/systemd/network/enp94s0f1np1.network is not ours; ignoring
Wed Jun 17 09:17:09 AM CDT 2026: eno1: writing cnet metadata in /var/emulab/boot
Wed Jun 17 09:17:09 AM CDT 2026: eno1: restarting systemd-networkd
Wed Jun 17 09:17:09 AM CDT 2026: eno1: done!
Thu Jun 18 11:16:15 AM CDT 2026: eno1: starting
Thu Jun 18 11:16:18 AM CDT 2026: eno1: control net is us
Thu Jun 18 11:16:19 AM CDT 2026: eno1: downed eno2
Thu Jun 18 11:16:19 AM CDT 2026: eno1: /run/systemd/network/enp94s0f0np0.network is not ours; ignoring
Thu Jun 18 11:16:19 AM CDT 2026: eno1: /run/systemd/network/enp94s0f1np1.network is not ours; ignoring
Thu Jun 18 11:16:19 AM CDT 2026: eno1: writing cnet metadata in /var/emulab/boot
Thu Jun 18 11:16:19 AM CDT 2026: eno1: restarting systemd-networkd
Thu Jun 18 11:16:19 AM CDT 2026: eno1: done!
Thu Jun 18 01:26:08 PM CDT 2026: eno1: starting
Thu Jun 18 01:26:12 PM CDT 2026: eno1: control net is us
Thu Jun 18 01:26:12 PM CDT 2026: eno1: downed eno2
Thu Jun 18 01:26:12 PM CDT 2026: eno1: /run/systemd/network/enp94s0f0np0.network is not ours; ignoring
Thu Jun 18 01:26:12 PM CDT 2026: eno1: /run/systemd/network/enp94s0f1np1.network is not ours; ignoring
Thu Jun 18 01:26:12 PM CDT 2026: eno1: writing cnet metadata in /var/emulab/boot
Thu Jun 18 01:26:12 PM CDT 2026: eno1: restarting systemd-networkd
Thu Jun 18 01:26:13 PM CDT 2026: eno1: done!
Fri Jun 19 04:19:03 PM CDT 2026: eno1: starting
Fri Jun 19 04:19:08 PM CDT 2026: eno1: control net is us
Fri Jun 19 04:19:08 PM CDT 2026: eno1: downed eno2
Fri Jun 19 04:19:08 PM CDT 2026: eno1: /run/systemd/network/enp94s0f0np0.network is not ours; ignoring
Fri Jun 19 04:19:08 PM CDT 2026: eno1: /run/systemd/network/enp94s0f1np1.network is not ours; ignoring
Fri Jun 19 04:19:08 PM CDT 2026: eno1: writing cnet metadata in /var/emulab/boot
Fri Jun 19 04:19:08 PM CDT 2026: eno1: restarting systemd-networkd
Fri Jun 19 04:19:09 PM CDT 2026: eno1: done!
Sat Jun 20 05:28:21 PM CDT 2026: eno1: starting
Sat Jun 20 05:28:25 PM CDT 2026: eno1: control net is us
Sat Jun 20 05:28:25 PM CDT 2026: eno1: downed eno2
Sat Jun 20 05:28:25 PM CDT 2026: eno1: /run/systemd/network/enp94s0f0np0.network is not ours; ignoring
Sat Jun 20 05:28:25 PM CDT 2026: eno1: /run/systemd/network/enp94s0f1np1.network is not ours; ignoring
Sat Jun 20 05:28:25 PM CDT 2026: eno1: writing cnet metadata in /var/emulab/boot
Sat Jun 20 05:28:25 PM CDT 2026: eno1: restarting systemd-networkd
Sat Jun 20 05:28:26 PM CDT 2026: eno1: done!
Sun Jun 21 09:30:03 AM CDT 2026: eno1: starting
Sun Jun 21 09:30:07 AM CDT 2026: eno1: control net is us
Sun Jun 21 09:30:08 AM CDT 2026: eno1: downed eno2
Sun Jun 21 09:30:08 AM CDT 2026: eno1: /run/systemd/network/enp94s0f0np0.network is not ours; ignoring
Sun Jun 21 09:30:08 AM CDT 2026: eno1: /run/systemd/network/enp94s0f1np1.network is not ours; ignoring
Sun Jun 21 09:30:08 AM CDT 2026: eno1: writing cnet metadata in /var/emulab/boot
Sun Jun 21 09:30:08 AM CDT 2026: eno1: restarting systemd-networkd
Sun Jun 21 09:30:09 AM CDT 2026: eno1: done!
Sun Jun 21 09:49:12 AM CDT 2026: eno1: starting
Sun Jun 21 09:49:16 AM CDT 2026: eno1: control net is us
Sun Jun 21 09:49:16 AM CDT 2026: eno1: downed eno2
Sun Jun 21 09:49:16 AM CDT 2026: eno1: /run/systemd/network/enp94s0f0np0.network is not ours; ignoring
Sun Jun 21 09:49:16 AM CDT 2026: eno1: writing cnet metadata in /var/emulab/boot
Sun Jun 21 09:49:16 AM CDT 2026: eno1: restarting systemd-networkd
Sun Jun 21 09:49:17 AM CDT 2026: eno1: done!
Sun Jun 21 10:55:42 PM CDT 2026: eno1: starting
Sun Jun 21 10:55:46 PM CDT 2026: eno1: control net is us
Sun Jun 21 10:55:46 PM CDT 2026: eno1: downed eno2
Sun Jun 21 10:55:46 PM CDT 2026: eno1: /run/systemd/network/enp94s0f0np0.network is not ours; ignoring
Sun Jun 21 10:55:46 PM CDT 2026: eno1: /run/systemd/network/enp94s0f1np1.network is not ours; ignoring
Sun Jun 21 10:55:46 PM CDT 2026: eno1: writing cnet metadata in /var/emulab/boot
Sun Jun 21 10:55:46 PM CDT 2026: eno1: restarting systemd-networkd
Sun Jun 21 10:55:47 PM CDT 2026: eno1: done!
Thu Jun 25 11:38:47 AM CDT 2026: eno1: starting
Thu Jun 25 11:38:50 AM CDT 2026: eno1: control net is us
Thu Jun 25 11:38:51 AM CDT 2026: eno1: downed eno2
Thu Jun 25 11:38:51 AM CDT 2026: eno1: /run/systemd/network/enp94s0f0np0.network is not ours; ignoring
Thu Jun 25 11:38:51 AM CDT 2026: eno1: /run/systemd/network/enp94s0f1np1.network is not ours; ignoring
Thu Jun 25 11:38:51 AM CDT 2026: eno1: writing cnet metadata in /var/emulab/boot
Thu Jun 25 11:38:51 AM CDT 2026: eno1: restarting systemd-networkd
Thu Jun 25 11:38:51 AM CDT 2026: eno1: done!
Fri Jun 26 09:47:12 AM CDT 2026: eno1: starting
Fri Jun 26 09:47:17 AM CDT 2026: eno1: control net is us
Fri Jun 26 09:47:17 AM CDT 2026: eno1: downed eno2
Fri Jun 26 09:47:17 AM CDT 2026: eno1: /run/systemd/network/enp94s0f0np0.network is not ours; ignoring
Fri Jun 26 09:47:17 AM CDT 2026: eno1: /run/systemd/network/enp94s0f1np1.network is not ours; ignoring
Fri Jun 26 09:47:17 AM CDT 2026: eno1: writing cnet metadata in /var/emulab/boot
Fri Jun 26 09:47:17 AM CDT 2026: eno1: restarting systemd-networkd
Fri Jun 26 09:47:18 AM CDT 2026: eno1: done!
Thu Jul 16 11:57:35 PM CDT 2026: eno1: starting
Thu Jul 16 11:57:39 PM CDT 2026: eno1: control net is us
Thu Jul 16 11:57:39 PM CDT 2026: eno1: downed eno2
Thu Jul 16 11:57:39 PM CDT 2026: eno1: /run/systemd/network/enp94s0f0.network is not ours; ignoring
Thu Jul 16 11:57:39 PM CDT 2026: eno1: /run/systemd/network/enp94s0f1.network is not ours; ignoring
Thu Jul 16 11:57:39 PM CDT 2026: eno1: /run/systemd/network/wlan0.network is not ours; ignoring
Thu Jul 16 11:57:39 PM CDT 2026: eno1: /run/systemd/network/wlan1.network is not ours; ignoring
Thu Jul 16 11:57:39 PM CDT 2026: eno1: /run/systemd/network/wpan0.network is not ours; ignoring
Thu Jul 16 11:57:39 PM CDT 2026: eno1: /run/systemd/network/wpan1.network is not ours; ignoring
Thu Jul 16 11:57:39 PM CDT 2026: eno1: /run/systemd/network/wpan2.network is not ours; ignoring
Thu Jul 16 11:57:39 PM CDT 2026: eno1: /run/systemd/network/wpan3.network is not ours; ignoring
Thu Jul 16 11:57:39 PM CDT 2026: eno1: writing cnet metadata in /var/emulab/boot
Thu Jul 16 11:57:39 PM CDT 2026: eno1: restarting systemd-networkd
Thu Jul 16 11:57:40 PM CDT 2026: eno1: done!
Fri Jul 17 12:11:27 AM CDT 2026: eno1: starting
Fri Jul 17 12:11:30 AM CDT 2026: eno1: control net is us
Fri Jul 17 12:11:31 AM CDT 2026: eno1: downed eno2
Fri Jul 17 12:11:31 AM CDT 2026: eno1: /run/systemd/network/enp94s0f0.network is not ours; ignoring
Fri Jul 17 12:11:31 AM CDT 2026: eno1: /run/systemd/network/enp94s0f1.network is not ours; ignoring
Fri Jul 17 12:11:31 AM CDT 2026: eno1: /run/systemd/network/wlan0.network is not ours; ignoring
Fri Jul 17 12:11:31 AM CDT 2026: eno1: /run/systemd/network/wlan1.network is not ours; ignoring
Fri Jul 17 12:11:31 AM CDT 2026: eno1: /run/systemd/network/wpan0.network is not ours; ignoring
Fri Jul 17 12:11:31 AM CDT 2026: eno1: /run/systemd/network/wpan2.network is not ours; ignoring
Fri Jul 17 12:11:31 AM CDT 2026: eno1: /run/systemd/network/wpan3.network is not ours; ignoring
Fri Jul 17 12:11:31 AM CDT 2026: eno1: writing cnet metadata in /var/emulab/boot
Fri Jul 17 12:11:31 AM CDT 2026: eno1: restarting systemd-networkd
Fri Jul 17 12:11:31 AM CDT 2026: eno1: done!
Wed Jul 29 03:31:40 PM CDT 2026: eno1: starting
Wed Jul 29 03:31:45 PM CDT 2026: eno1: control net is us
Wed Jul 29 03:31:45 PM CDT 2026: eno1: downed eno2
Wed Jul 29 03:31:45 PM CDT 2026: eno1: /run/systemd/network/enp94s0f0.network is not ours; ignoring
Wed Jul 29 03:31:45 PM CDT 2026: eno1: /run/systemd/network/enp94s0f1.network is not ours; ignoring
Wed Jul 29 03:31:45 PM CDT 2026: eno1: /run/systemd/network/wlan0.network is not ours; ignoring
Wed Jul 29 03:31:45 PM CDT 2026: eno1: /run/systemd/network/wlan1.network is not ours; ignoring
Wed Jul 29 03:31:45 PM CDT 2026: eno1: /run/systemd/network/wpan0.network is not ours; ignoring
Wed Jul 29 03:31:45 PM CDT 2026: eno1: /run/systemd/network/wpan1.network is not ours; ignoring
Wed Jul 29 03:31:45 PM CDT 2026: eno1: /run/systemd/network/wpan2.network is not ours; ignoring
Wed Jul 29 03:31:45 PM CDT 2026: eno1: /run/systemd/network/wpan3.network is not ours; ignoring
Wed Jul 29 03:31:45 PM CDT 2026: eno1: writing cnet metadata in /var/emulab/boot
Wed Jul 29 03:31:45 PM CDT 2026: eno1: restarting systemd-networkd
Wed Jul 29 03:31:46 PM CDT 2026: eno1: done!
Wed Jul 29 05:59:32 PM CDT 2026: eno1: starting
Wed Jul 29 05:59:36 PM CDT 2026: eno1: control net is us
Wed Jul 29 05:59:36 PM CDT 2026: eno1: downed eno2
Wed Jul 29 05:59:36 PM CDT 2026: eno1: /run/systemd/network/enp94s0f0.network is not ours; ignoring
Wed Jul 29 05:59:36 PM CDT 2026: eno1: /run/systemd/network/enp94s0f1.network is not ours; ignoring
Wed Jul 29 05:59:36 PM CDT 2026: eno1: /run/systemd/network/wlan0.network is not ours; ignoring
Wed Jul 29 05:59:37 PM CDT 2026: eno1: /run/systemd/network/wlan1.network is not ours; ignoring
Wed Jul 29 05:59:37 PM CDT 2026: eno1: /run/systemd/network/wpan0.network is not ours; ignoring
Wed Jul 29 05:59:37 PM CDT 2026: eno1: /run/systemd/network/wpan1.network is not ours; ignoring
Wed Jul 29 05:59:37 PM CDT 2026: eno1: /run/systemd/network/wpan2.network is not ours; ignoring
Wed Jul 29 05:59:37 PM CDT 2026: eno1: /run/systemd/network/wpan3.network is not ours; ignoring
Wed Jul 29 05:59:37 PM CDT 2026: eno1: writing cnet metadata in /var/emulab/boot
Wed Jul 29 05:59:37 PM CDT 2026: eno1: restarting systemd-networkd
Wed Jul 29 05:59:37 PM CDT 2026: eno1: done!
Wed Jul 29 11:00:58 PM CDT 2026: eno1: starting
Wed Jul 29 11:01:02 PM CDT 2026: eno1: control net is us
Wed Jul 29 11:01:02 PM CDT 2026: eno1: downed eno2
Wed Jul 29 11:01:02 PM CDT 2026: eno1: /run/systemd/network/enp94s0f0.network is not ours; ignoring
Wed Jul 29 11:01:02 PM CDT 2026: eno1: /run/systemd/network/enp94s0f1.network is not ours; ignoring
Wed Jul 29 11:01:02 PM CDT 2026: eno1: /run/systemd/network/wlan0.network is not ours; ignoring
Wed Jul 29 11:01:02 PM CDT 2026: eno1: /run/systemd/network/wlan1.network is not ours; ignoring
Wed Jul 29 11:01:02 PM CDT 2026: eno1: /run/systemd/network/wpan0.network is not ours; ignoring
Wed Jul 29 11:01:02 PM CDT 2026: eno1: /run/systemd/network/wpan1.network is not ours; ignoring
Wed Jul 29 11:01:02 PM CDT 2026: eno1: /run/systemd/network/wpan2.network is not ours; ignoring
Wed Jul 29 11:01:02 PM CDT 2026: eno1: /run/systemd/network/wpan3.network is not ours; ignoring
Wed Jul 29 11:01:02 PM CDT 2026: eno1: writing cnet metadata in /var/emulab/boot
Wed Jul 29 11:01:02 PM CDT 2026: eno1: restarting systemd-networkd
Wed Jul 29 11:01:03 PM CDT 2026: eno1: done!
Thu Jul 30 09:14:15 AM CDT 2026: eno1: starting
Thu Jul 30 09:14:19 AM CDT 2026: eno1: control net is us
Thu Jul 30 09:14:20 AM CDT 2026: eno1: downed eno2
Thu Jul 30 09:14:20 AM CDT 2026: eno1: /run/systemd/network/enp94s0f0.network is not ours; ignoring
Thu Jul 30 09:14:20 AM CDT 2026: eno1: /run/systemd/network/enp94s0f1.network is not ours; ignoring
Thu Jul 30 09:14:20 AM CDT 2026: eno1: /run/systemd/network/wlan0.network is not ours; ignoring
Thu Jul 30 09:14:20 AM CDT 2026: eno1: /run/systemd/network/wlan1.network is not ours; ignoring
Thu Jul 30 09:14:20 AM CDT 2026: eno1: /run/systemd/network/wpan0.network is not ours; ignoring
Thu Jul 30 09:14:20 AM CDT 2026: eno1: /run/systemd/network/wpan1.network is not ours; ignoring
Thu Jul 30 09:14:20 AM CDT 2026: eno1: /run/systemd/network/wpan2.network is not ours; ignoring
Thu Jul 30 09:14:20 AM CDT 2026: eno1: writing cnet metadata in /var/emulab/boot
Thu Jul 30 09:14:20 AM CDT 2026: eno1: restarting systemd-networkd
Thu Jul 30 09:14:21 AM CDT 2026: eno1: done!
Thu Jul 30 01:19:32 PM CDT 2026: eno1: starting
Thu Jul 30 01:19:36 PM CDT 2026: eno1: control net is us
Thu Jul 30 01:19:36 PM CDT 2026: eno1: downed eno2
Thu Jul 30 01:19:36 PM CDT 2026: eno1: /run/systemd/network/enp94s0f0np0.network is not ours; ignoring
Thu Jul 30 01:19:36 PM CDT 2026: eno1: /run/systemd/network/enp94s0f1np1.network is not ours; ignoring
Thu Jul 30 01:19:36 PM CDT 2026: eno1: writing cnet metadata in /var/emulab/boot
Thu Jul 30 01:19:36 PM CDT 2026: eno1: restarting systemd-networkd
Thu Jul 30 01:19:37 PM CDT 2026: eno1: done!
Thu Jul 30 08:21:50 PM CDT 2026: eno1: starting
Thu Jul 30 08:21:55 PM CDT 2026: eno1: control net is us
Thu Jul 30 08:21:55 PM CDT 2026: eno1: downed eno2
Thu Jul 30 08:21:55 PM CDT 2026: eno1: /run/systemd/network/enp94s0f0.network is not ours; ignoring
Thu Jul 30 08:21:55 PM CDT 2026: eno1: /run/systemd/network/enp94s0f1.network is not ours; ignoring
Thu Jul 30 08:21:55 PM CDT 2026: eno1: /run/systemd/network/wlan0.network is not ours; ignoring
Thu Jul 30 08:21:55 PM CDT 2026: eno1: /run/systemd/network/wlan1.network is not ours; ignoring
Thu Jul 30 08:21:55 PM CDT 2026: eno1: /run/systemd/network/wpan0.network is not ours; ignoring
Thu Jul 30 08:21:55 PM CDT 2026: eno1: /run/systemd/network/wpan1.network is not ours; ignoring
Thu Jul 30 08:21:55 PM CDT 2026: eno1: /run/systemd/network/wpan2.network is not ours; ignoring
Thu Jul 30 08:21:55 PM CDT 2026: eno1: /run/systemd/network/wpan3.network is not ours; ignoring
Thu Jul 30 08:21:55 PM CDT 2026: eno1: writing cnet metadata in /var/emulab/boot
Thu Jul 30 08:21:55 PM CDT 2026: eno1: restarting systemd-networkd
Thu Jul 30 08:21:56 PM CDT 2026: eno1: done!
Fri Jul 31 11:01:19 AM CDT 2026: eno1: starting
Fri Jul 31 11:01:24 AM CDT 2026: eno1: control net is us
Fri Jul 31 11:01:24 AM CDT 2026: eno1: /run/systemd/network/eno2.network is not ours; ignoring
Fri Jul 31 11:01:24 AM CDT 2026: eno1: /run/systemd/network/enp94s0f0.network is not ours; ignoring
Fri Jul 31 11:01:24 AM CDT 2026: eno1: downed enp94s0f1
Fri Jul 31 11:01:24 AM CDT 2026: eno1: /run/systemd/network/wlan0.network is not ours; ignoring
Fri Jul 31 11:01:24 AM CDT 2026: eno1: /run/systemd/network/wlan1.network is not ours; ignoring
Fri Jul 31 11:01:24 AM CDT 2026: eno1: /run/systemd/network/wpan0.network is not ours; ignoring
Fri Jul 31 11:01:24 AM CDT 2026: eno1: /run/systemd/network/wpan1.network is not ours; ignoring
Fri Jul 31 11:01:24 AM CDT 2026: eno1: /run/systemd/network/wpan2.network is not ours; ignoring
Fri Jul 31 11:01:24 AM CDT 2026: eno1: /run/systemd/network/wpan3.network is not ours; ignoring
Fri Jul 31 11:01:24 AM CDT 2026: eno1: writing cnet metadata in /var/emulab/boot
Fri Jul 31 11:01:24 AM CDT 2026: eno1: restarting systemd-networkd
Fri Jul 31 11:01:25 AM CDT 2026: eno1: done!
Sun Aug  2 05:32:53 PM CDT 2026: eno1: starting
Sun Aug  2 05:32:57 PM CDT 2026: eno1: control net is us
Sun Aug  2 05:32:58 PM CDT 2026: eno1: downed eno2
Sun Aug  2 05:32:58 PM CDT 2026: eno1: /run/systemd/network/enp94s0f0.network is not ours; ignoring
Sun Aug  2 05:32:58 PM CDT 2026: eno1: /run/systemd/network/enp94s0f1.network is not ours; ignoring
Sun Aug  2 05:32:58 PM CDT 2026: eno1: /run/systemd/network/wlan0.network is not ours; ignoring
Sun Aug  2 05:32:58 PM CDT 2026: eno1: /run/systemd/network/wlan1.network is not ours; ignoring
Sun Aug  2 05:32:58 PM CDT 2026: eno1: /run/systemd/network/wpan0.network is not ours; ignoring
Sun Aug  2 05:32:58 PM CDT 2026: eno1: /run/systemd/network/wpan1.network is not ours; ignoring
Sun Aug  2 05:32:58 PM CDT 2026: eno1: /run/systemd/network/wpan2.network is not ours; ignoring
Sun Aug  2 05:32:58 PM CDT 2026: eno1: /run/systemd/network/wpan3.network is not ours; ignoring
Sun Aug  2 05:32:58 PM CDT 2026: eno1: writing cnet metadata in /var/emulab/boot
Sun Aug  2 05:32:58 PM CDT 2026: eno1: restarting systemd-networkd
Sun Aug  2 05:32:59 PM CDT 2026: eno1: done!
Mon Aug  3 04:02:33 PM CDT 2026: eno1: starting
Mon Aug  3 04:02:37 PM CDT 2026: eno1: control net is us
Mon Aug  3 04:02:37 PM CDT 2026: eno1: downed eno2
Mon Aug  3 04:02:37 PM CDT 2026: eno1: /run/systemd/network/enp94s0f0.network is not ours; ignoring
Mon Aug  3 04:02:37 PM CDT 2026: eno1: /run/systemd/network/enp94s0f1.network is not ours; ignoring
Mon Aug  3 04:02:37 PM CDT 2026: eno1: /run/systemd/network/wlan0.network is not ours; ignoring
Mon Aug  3 04:02:37 PM CDT 2026: eno1: /run/systemd/network/wlan1.network is not ours; ignoring
Mon Aug  3 04:02:37 PM CDT 2026: eno1: /run/systemd/network/wpan0.network is not ours; ignoring
Mon Aug  3 04:02:37 PM CDT 2026: eno1: /run/systemd/network/wpan1.network is not ours; ignoring
Mon Aug  3 04:02:37 PM CDT 2026: eno1: /run/systemd/network/wpan2.network is not ours; ignoring
Mon Aug  3 04:02:37 PM CDT 2026: eno1: /run/systemd/network/wpan3.network is not ours; ignoring
Mon Aug  3 04:02:37 PM CDT 2026: eno1: writing cnet metadata in /var/emulab/boot
Mon Aug  3 04:02:37 PM CDT 2026: eno1: restarting systemd-networkd
Mon Aug  3 04:02:38 PM CDT 2026: eno1: done!
Sat Aug  8 04:29:46 PM CDT 2026: eno1: starting
Sat Aug  8 04:29:49 PM CDT 2026: eno1: control net is us
Sat Aug  8 04:29:49 PM CDT 2026: eno1: /run/systemd/network/eno2.network is not ours; ignoring
Sat Aug  8 04:29:49 PM CDT 2026: eno1: downed enp94s0f0np0
Sat Aug  8 04:29:49 PM CDT 2026: eno1: /run/systemd/network/enp94s0f1np1.network is not ours; ignoring
Sat Aug  8 04:29:49 PM CDT 2026: eno1: writing cnet metadata in /var/emulab/boot
Sat Aug  8 04:29:49 PM CDT 2026: eno1: restarting systemd-networkd
Sat Aug  8 04:29:50 PM CDT 2026: eno1: done!
Tue Aug 18 04:33:09 AM CDT 2026: eno1: starting
Tue Aug 18 04:33:14 AM CDT 2026: eno1: control net is us
Tue Aug 18 04:33:14 AM CDT 2026: eno1: /run/systemd/network/eno2.network is not ours; ignoring
Tue Aug 18 04:33:14 AM CDT 2026: eno1: writing cnet metadata in /var/emulab/boot
Tue Aug 18 04:33:14 AM CDT 2026: eno1: restarting systemd-networkd
Tue Aug 18 04:33:15 AM CDT 2026: eno1: done!
Fri Aug 21 05:27:30 AM CDT 2026: eno1: starting
Fri Aug 21 05:27:35 AM CDT 2026: eno1: control net is us
Fri Aug 21 05:27:35 AM CDT 2026: eno1: downed eno2
Fri Aug 21 05:27:35 AM CDT 2026: eno1: /run/systemd/network/enp94s0f0np0.network is not ours; ignoring
Fri Aug 21 05:27:35 AM CDT 2026: eno1: /run/systemd/network/enp94s0f1np1.network is not ours; ignoring
Fri Aug 21 05:27:35 AM CDT 2026: eno1: writing cnet metadata in /var/emulab/boot
Fri Aug 21 05:27:35 AM CDT 2026: eno1: restarting systemd-networkd
Fri Aug 21 05:27:36 AM CDT 2026: eno1: done!
Fri Aug 21 05:41:09 AM CDT 2026: eno1: starting
Fri Aug 21 05:41:13 AM CDT 2026: eno1: control net is us
Fri Aug 21 05:41:13 AM CDT 2026: eno1: /run/systemd/network/eno2.network is not ours; ignoring
Fri Aug 21 05:41:14 AM CDT 2026: eno1: downed enp94s0f0
Fri Aug 21 05:41:14 AM CDT 2026: eno1: /run/systemd/network/enp94s0f1.network is not ours; ignoring
Fri Aug 21 05:41:14 AM CDT 2026: eno1: /run/systemd/network/wlan0.network is not ours; ignoring
Fri Aug 21 05:41:14 AM CDT 2026: eno1: /run/systemd/network/wlan1.network is not ours; ignoring
Fri Aug 21 05:41:14 AM CDT 2026: eno1: /run/systemd/network/wpan0.network is not ours; ignoring
Fri Aug 21 05:41:14 AM CDT 2026: eno1: /run/systemd/network/wpan1.network is not ours; ignoring
Fri Aug 21 05:41:14 AM CDT 2026: eno1: /run/systemd/network/wpan2.network is not ours; ignoring
Fri Aug 21 05:41:14 AM CDT 2026: eno1: /run/systemd/network/wpan3.network is not ours; ignoring
Fri Aug 21 05:41:14 AM CDT 2026: eno1: writing cnet metadata in /var/emulab/boot
Fri Aug 21 05:41:14 AM CDT 2026: eno1: restarting systemd-networkd
Fri Aug 21 05:41:14 AM CDT 2026: eno1: done!
Mon Aug 24 05:01:29 AM CDT 2026: eno1: starting
Mon Aug 24 05:01:33 AM CDT 2026: eno1: control net is us
Mon Aug 24 05:01:33 AM CDT 2026: eno1: downed eno2
Mon Aug 24 05:01:33 AM CDT 2026: eno1: /run/systemd/network/enp94s0f0np0.network is not ours; ignoring
Mon Aug 24 05:01:33 AM CDT 2026: eno1: /run/systemd/network/enp94s0f1np1.network is not ours; ignoring
Mon Aug 24 05:01:33 AM CDT 2026: eno1: writing cnet metadata in /var/emulab/boot
Mon Aug 24 05:01:33 AM CDT 2026: eno1: restarting systemd-networkd
Mon Aug 24 05:01:34 AM CDT 2026: eno1: done!
Tue Aug 25 02:16:27 AM CDT 2026: eno1: starting
Tue Aug 25 02:16:32 AM CDT 2026: eno1: control net is us
Tue Aug 25 02:16:32 AM CDT 2026: eno1: downed eno2
Tue Aug 25 02:16:32 AM CDT 2026: eno1: /run/systemd/network/enp94s0f0.network is not ours; ignoring
Tue Aug 25 02:16:32 AM CDT 2026: eno1: /run/systemd/network/enp94s0f1.network is not ours; ignoring
Tue Aug 25 02:16:32 AM CDT 2026: eno1: /run/systemd/network/wlan0.network is not ours; ignoring
Tue Aug 25 02:16:32 AM CDT 2026: eno1: /run/systemd/network/wlan1.network is not ours; ignoring
Tue Aug 25 02:16:32 AM CDT 2026: eno1: /run/systemd/network/wpan0.network is not ours; ignoring
Tue Aug 25 02:16:32 AM CDT 2026: eno1: /run/systemd/network/wpan1.network is not ours; ignoring
Tue Aug 25 02:16:32 AM CDT 2026: eno1: /run/systemd/network/wpan2.network is not ours; ignoring
Tue Aug 25 02:16:32 AM CDT 2026: eno1: /run/systemd/network/wpan3.network is not ours; ignoring
Tue Aug 25 02:16:32 AM CDT 2026: eno1: writing cnet metadata in /var/emulab/boot
Tue Aug 25 02:16:32 AM CDT 2026: eno1: restarting systemd-networkd
Tue Aug 25 02:16:33 AM CDT 2026: eno1: done!
Tue Aug 25 11:52:27 AM CDT 2026: eno1: starting
Tue Aug 25 11:52:32 AM CDT 2026: eno1: control net is us
Tue Aug 25 11:52:33 AM CDT 2026: eno1: downed eno2
Tue Aug 25 11:52:33 AM CDT 2026: eno1: /run/systemd/network/enp94s0f0.network is not ours; ignoring
Tue Aug 25 11:52:33 AM CDT 2026: eno1: /run/systemd/network/enp94s0f1.network is not ours; ignoring
Tue Aug 25 11:52:33 AM CDT 2026: eno1: /run/systemd/network/wlan0.network is not ours; ignoring
Tue Aug 25 11:52:33 AM CDT 2026: eno1: /run/systemd/network/wlan1.network is not ours; ignoring
Tue Aug 25 11:52:33 AM CDT 2026: eno1: /run/systemd/network/wpan0.network is not ours; ignoring
Tue Aug 25 11:52:33 AM CDT 2026: eno1: /run/systemd/network/wpan1.network is not ours; ignoring
Tue Aug 25 11:52:33 AM CDT 2026: eno1: /run/systemd/network/wpan2.network is not ours; ignoring
Tue Aug 25 11:52:33 AM CDT 2026: eno1: /run/systemd/network/wpan3.network is not ours; ignoring
Tue Aug 25 11:52:33 AM CDT 2026: eno1: writing cnet metadata in /var/emulab/boot
Tue Aug 25 11:52:33 AM CDT 2026: eno1: restarting systemd-networkd
Tue Aug 25 11:52:33 AM CDT 2026: eno1: done!
Wed Aug 26 08:17:45 AM CDT 2026: eno1: starting
Wed Aug 26 08:17:50 AM CDT 2026: eno1: control net is us
Wed Aug 26 08:17:51 AM CDT 2026: eno1: downed eno2
Wed Aug 26 08:17:51 AM CDT 2026: eno1: /run/systemd/network/enp94s0f0.network is not ours; ignoring
Wed Aug 26 08:17:51 AM CDT 2026: eno1: /run/systemd/network/enp94s0f1.network is not ours; ignoring
Wed Aug 26 08:17:51 AM CDT 2026: eno1: /run/systemd/network/wlan0.network is not ours; ignoring
Wed Aug 26 08:17:51 AM CDT 2026: eno1: /run/systemd/network/wlan1.network is not ours; ignoring
Wed Aug 26 08:17:51 AM CDT 2026: eno1: /run/systemd/network/wpan0.network is not ours; ignoring
Wed Aug 26 08:17:51 AM CDT 2026: eno1: /run/systemd/network/wpan1.network is not ours; ignoring
Wed Aug 26 08:17:51 AM CDT 2026: eno1: /run/systemd/network/wpan2.network is not ours; ignoring
Wed Aug 26 08:17:51 AM CDT 2026: eno1: /run/systemd/network/wpan3.network is not ours; ignoring
Wed Aug 26 08:17:51 AM CDT 2026: eno1: writing cnet metadata in /var/emulab/boot
Wed Aug 26 08:17:51 AM CDT 2026: eno1: restarting systemd-networkd
Wed Aug 26 08:17:51 AM CDT 2026: eno1: done!
Thu Aug 27 05:40:24 AM CDT 2026: eno1: starting
Thu Aug 27 05:40:28 AM CDT 2026: eno1: control net is us
Thu Aug 27 05:40:29 AM CDT 2026: eno1: downed eno2
Thu Aug 27 05:40:29 AM CDT 2026: eno1: /run/systemd/network/enp94s0f0.network is not ours; ignoring
Thu Aug 27 05:40:29 AM CDT 2026: eno1: /run/systemd/network/enp94s0f1.network is not ours; ignoring
Thu Aug 27 05:40:29 AM CDT 2026: eno1: /run/systemd/network/wlan0.network is not ours; ignoring
Thu Aug 27 05:40:29 AM CDT 2026: eno1: /run/systemd/network/wlan1.network is not ours; ignoring
Thu Aug 27 05:40:29 AM CDT 2026: eno1: /run/systemd/network/wpan0.network is not ours; ignoring
Thu Aug 27 05:40:29 AM CDT 2026: eno1: /run/systemd/network/wpan1.network is not ours; ignoring
Thu Aug 27 05:40:29 AM CDT 2026: eno1: /run/systemd/network/wpan2.network is not ours; ignoring
Thu Aug 27 05:40:29 AM CDT 2026: eno1: /run/systemd/network/wpan3.network is not ours; ignoring
Thu Aug 27 05:40:29 AM CDT 2026: eno1: writing cnet metadata in /var/emulab/boot
Thu Aug 27 05:40:29 AM CDT 2026: eno1: restarting systemd-networkd
Thu Aug 27 05:40:30 AM CDT 2026: eno1: done!
Thu Aug 27 01:15:04 PM CDT 2026: eno1: starting
Thu Aug 27 01:15:08 PM CDT 2026: eno1: control net is us
Thu Aug 27 01:15:09 PM CDT 2026: eno1: downed eno2
Thu Aug 27 01:15:09 PM CDT 2026: eno1: /run/systemd/network/enp94s0f0np0.network is not ours; ignoring
Thu Aug 27 01:15:09 PM CDT 2026: eno1: /run/systemd/network/enp94s0f1np1.network is not ours; ignoring
Thu Aug 27 01:15:09 PM CDT 2026: eno1: writing cnet metadata in /var/emulab/boot
Thu Aug 27 01:15:09 PM CDT 2026: eno1: restarting systemd-networkd
Thu Aug 27 01:15:09 PM CDT 2026: eno1: done!
Sun Aug 30 03:22:13 AM CDT 2026: eno1: starting
Sun Aug 30 03:22:17 AM CDT 2026: eno1: control net is us
Sun Aug 30 03:22:17 AM CDT 2026: eno1: downed eno2
Sun Aug 30 03:22:17 AM CDT 2026: eno1: /run/systemd/network/enp94s0f0np0.network is not ours; ignoring
Sun Aug 30 03:22:17 AM CDT 2026: eno1: writing cnet metadata in /var/emulab/boot
Sun Aug 30 03:22:17 AM CDT 2026: eno1: restarting systemd-networkd
Sun Aug 30 03:22:18 AM CDT 2026: eno1: done!
Mon Aug 31 05:07:31 AM CDT 2026: eno1: starting
Mon Aug 31 05:07:35 AM CDT 2026: eno1: control net is us
Mon Aug 31 05:07:36 AM CDT 2026: eno1: downed eno2
Mon Aug 31 05:07:36 AM CDT 2026: eno1: /run/systemd/network/enp94s0f0np0.network is not ours; ignoring
Mon Aug 31 05:07:36 AM CDT 2026: eno1: /run/systemd/network/enp94s0f1np1.network is not ours; ignoring
Mon Aug 31 05:07:36 AM CDT 2026: eno1: writing cnet metadata in /var/emulab/boot
Mon Aug 31 05:07:36 AM CDT 2026: eno1: restarting systemd-networkd
Mon Aug 31 05:07:37 AM CDT 2026: eno1: done!
Mon Aug 31 07:08:22 AM CDT 2026: eno1: starting
Mon Aug 31 07:08:26 AM CDT 2026: eno1: control net is us
Mon Aug 31 07:08:26 AM CDT 2026: eno1: downed eno2
Mon Aug 31 07:08:26 AM CDT 2026: eno1: /run/systemd/network/enp94s0f0np0.network is not ours; ignoring
Mon Aug 31 07:08:26 AM CDT 2026: eno1: /run/systemd/network/enp94s0f1np1.network is not ours; ignoring
Mon Aug 31 07:08:26 AM CDT 2026: eno1: writing cnet metadata in /var/emulab/boot
Mon Aug 31 07:08:26 AM CDT 2026: eno1: restarting systemd-networkd
Mon Aug 31 07:08:27 AM CDT 2026: eno1: done!
Mon Aug 31 08:40:50 AM CDT 2026: eno1: starting
Mon Aug 31 08:40:54 AM CDT 2026: eno1: control net is us
Mon Aug 31 08:40:54 AM CDT 2026: eno1: downed eno2
Mon Aug 31 08:40:54 AM CDT 2026: eno1: /run/systemd/network/enp94s0f0np0.network is not ours; ignoring
Mon Aug 31 08:40:54 AM CDT 2026: eno1: /run/systemd/network/enp94s0f1np1.network is not ours; ignoring
Mon Aug 31 08:40:54 AM CDT 2026: eno1: writing cnet metadata in /var/emulab/boot
Mon Aug 31 08:40:54 AM CDT 2026: eno1: restarting systemd-networkd
Mon Aug 31 08:40:55 AM CDT 2026: eno1: done!
Mon Aug 31 10:44:05 AM CDT 2026: eno1: starting
Mon Aug 31 10:44:09 AM CDT 2026: eno1: control net is us
Mon Aug 31 10:44:09 AM CDT 2026: eno1: downed eno2
Mon Aug 31 10:44:09 AM CDT 2026: eno1: /run/systemd/network/enp94s0f1np1.network is not ours; ignoring
Mon Aug 31 10:44:09 AM CDT 2026: eno1: writing cnet metadata in /var/emulab/boot
Mon Aug 31 10:44:09 AM CDT 2026: eno1: restarting systemd-networkd
Mon Aug 31 10:44:10 AM CDT 2026: eno1: done!
Mon Aug 31 10:52:43 AM CDT 2026: eno1: starting
Mon Aug 31 10:52:47 AM CDT 2026: eno1: control net is us
Mon Aug 31 10:52:47 AM CDT 2026: eno1: downed enp94s0f0
Mon Aug 31 10:52:47 AM CDT 2026: eno1: writing cnet metadata in /var/emulab/boot
Mon Aug 31 10:52:47 AM CDT 2026: eno1: restarting systemd-networkd
Mon Aug 31 10:52:47 AM CDT 2026: eno1: done!
Mon Aug 31 11:33:04 AM CDT 2026: eno1: starting
Mon Aug 31 11:33:08 AM CDT 2026: eno1: control net is us
Mon Aug 31 11:33:08 AM CDT 2026: eno1: downed eno2
Mon Aug 31 11:33:08 AM CDT 2026: eno1: /run/systemd/network/enp94s0f0.network is not ours; ignoring
Mon Aug 31 11:33:08 AM CDT 2026: eno1: /run/systemd/network/enp94s0f1.network is not ours; ignoring
Mon Aug 31 11:33:08 AM CDT 2026: eno1: writing cnet metadata in /var/emulab/boot
Mon Aug 31 11:33:08 AM CDT 2026: eno1: restarting systemd-networkd
Mon Aug 31 11:33:09 AM CDT 2026: eno1: done!
Tue Sep  1 10:22:49 AM CDT 2026: eno1: starting
Tue Sep  1 10:22:52 AM CDT 2026: eno1: control net is us
Tue Sep  1 10:22:53 AM CDT 2026: eno1: downed eno2
Tue Sep  1 10:22:53 AM CDT 2026: eno1: /run/systemd/network/enp94s0f0.network is not ours; ignoring
Tue Sep  1 10:22:53 AM CDT 2026: eno1: /run/systemd/network/enp94s0f1.network is not ours; ignoring
Tue Sep  1 10:22:53 AM CDT 2026: eno1: writing cnet metadata in /var/emulab/boot
Tue Sep  1 10:22:53 AM CDT 2026: eno1: restarting systemd-networkd
Tue Sep  1 10:22:53 AM CDT 2026: eno1: done!
Tue Sep  1 10:27:16 AM CDT 2026: eno1: starting
Tue Sep  1 10:27:20 AM CDT 2026: eno1: control net is us
Tue Sep  1 10:27:20 AM CDT 2026: eno1: downed eno2
Tue Sep  1 10:27:20 AM CDT 2026: eno1: /run/systemd/network/enp94s0f0.network is not ours; ignoring
Tue Sep  1 10:27:20 AM CDT 2026: eno1: /run/systemd/network/enp94s0f1.network is not ours; ignoring
Tue Sep  1 10:27:20 AM CDT 2026: eno1: writing cnet metadata in /var/emulab/boot
Tue Sep  1 10:27:20 AM CDT 2026: eno1: restarting systemd-networkd
Tue Sep  1 10:27:21 AM CDT 2026: eno1: done!
Wed Sep  2 01:59:34 AM CDT 2026: eno1: starting
Wed Sep  2 01:59:38 AM CDT 2026: eno1: control net is us
Wed Sep  2 01:59:38 AM CDT 2026: eno1: downed eno2
Wed Sep  2 01:59:38 AM CDT 2026: eno1: /run/systemd/network/enp94s0f0.network is not ours; ignoring
Wed Sep  2 01:59:38 AM CDT 2026: eno1: /run/systemd/network/enp94s0f1.network is not ours; ignoring
Wed Sep  2 01:59:38 AM CDT 2026: eno1: writing cnet metadata in /var/emulab/boot
Wed Sep  2 01:59:38 AM CDT 2026: eno1: restarting systemd-networkd
Wed Sep  2 01:59:39 AM CDT 2026: eno1: done!
Wed Sep  2 07:24:52 AM CDT 2026: eno1: starting
Wed Sep  2 07:24:55 AM CDT 2026: eno1: control net is us
Wed Sep  2 07:24:56 AM CDT 2026: eno1: downed eno2
Wed Sep  2 07:24:56 AM CDT 2026: eno1: /run/systemd/network/enp94s0f1.network is not ours; ignoring
Wed Sep  2 07:24:56 AM CDT 2026: eno1: writing cnet metadata in /var/emulab/boot
Wed Sep  2 07:24:56 AM CDT 2026: eno1: restarting systemd-networkd
Wed Sep  2 07:24:56 AM CDT 2026: eno1: done!
Wed Sep  2 01:31:06 PM CDT 2026: eno1: starting
Wed Sep  2 01:31:10 PM CDT 2026: eno1: control net is us
Wed Sep  2 01:31:10 PM CDT 2026: eno1: downed eno2
Wed Sep  2 01:31:10 PM CDT 2026: eno1: /run/systemd/network/enp94s0f1np1.network is not ours; ignoring
Wed Sep  2 01:31:10 PM CDT 2026: eno1: writing cnet metadata in /var/emulab/boot
Wed Sep  2 01:31:10 PM CDT 2026: eno1: restarting systemd-networkd
Wed Sep  2 01:31:11 PM CDT 2026: eno1: done!
Fri Sep  4 03:14:24 PM CDT 2026: eno1: starting
Fri Sep  4 03:14:28 PM CDT 2026: eno1: control net is us
Fri Sep  4 03:14:28 PM CDT 2026: eno1: downed eno2
Fri Sep  4 03:14:28 PM CDT 2026: eno1: /run/systemd/network/enp94s0f0np0.network is not ours; ignoring
Fri Sep  4 03:14:28 PM CDT 2026: eno1: /run/systemd/network/enp94s0f1np1.network is not ours; ignoring
Fri Sep  4 03:14:28 PM CDT 2026: eno1: writing cnet metadata in /var/emulab/boot
Fri Sep  4 03:14:28 PM CDT 2026: eno1: restarting systemd-networkd
Fri Sep  4 03:14:29 PM CDT 2026: eno1: done!
Sat Sep  5 02:04:31 AM CDT 2026: eno1: starting
Sat Sep  5 02:04:35 AM CDT 2026: eno1: control net is us
Sat Sep  5 02:04:35 AM CDT 2026: eno1: downed eno2
Sat Sep  5 02:04:35 AM CDT 2026: eno1: /run/systemd/network/enp94s0f0np0.network is not ours; ignoring
Sat Sep  5 02:04:35 AM CDT 2026: eno1: /run/systemd/network/enp94s0f1np1.network is not ours; ignoring
Sat Sep  5 02:04:36 AM CDT 2026: eno1: writing cnet metadata in /var/emulab/boot
Sat Sep  5 02:04:36 AM CDT 2026: eno1: restarting systemd-networkd
Sat Sep  5 02:04:36 AM CDT 2026: eno1: done!
Sat Sep  5 09:33:44 AM CDT 2026: eno1: starting
Sat Sep  5 09:33:48 AM CDT 2026: eno1: control net is us
Sat Sep  5 09:33:49 AM CDT 2026: eno1: downed eno2
Sat Sep  5 09:33:49 AM CDT 2026: eno1: /run/systemd/network/enp94s0f0np0.network is not ours; ignoring
Sat Sep  5 09:33:49 AM CDT 2026: eno1: /run/systemd/network/enp94s0f1np1.network is not ours; ignoring
Sat Sep  5 09:33:49 AM CDT 2026: eno1: writing cnet metadata in /var/emulab/boot
Sat Sep  5 09:33:49 AM CDT 2026: eno1: restarting systemd-networkd
Sat Sep  5 09:33:50 AM CDT 2026: eno1: done!
Sat Sep  5 02:06:16 PM CDT 2026: eno1: starting
Sat Sep  5 02:06:20 PM CDT 2026: eno1: control net is us
Sat Sep  5 02:06:20 PM CDT 2026: eno1: downed eno2
Sat Sep  5 02:06:20 PM CDT 2026: eno1: /run/systemd/network/enp94s0f0np0.network is not ours; ignoring
Sat Sep  5 02:06:20 PM CDT 2026: eno1: /run/systemd/network/enp94s0f1np1.network is not ours; ignoring
Sat Sep  5 02:06:20 PM CDT 2026: eno1: writing cnet metadata in /var/emulab/boot
Sat Sep  5 02:06:20 PM CDT 2026: eno1: restarting systemd-networkd
Sat Sep  5 02:06:21 PM CDT 2026: eno1: done!
Sat Sep  5 02:11:41 PM CDT 2026: eno1: starting
Sat Sep  5 02:11:45 PM CDT 2026: eno1: control net is us
Sat Sep  5 02:11:45 PM CDT 2026: eno1: downed eno2
Sat Sep  5 02:11:45 PM CDT 2026: eno1: /run/systemd/network/enp94s0f0np0.network is not ours; ignoring
Sat Sep  5 02:11:45 PM CDT 2026: eno1: /run/systemd/network/enp94s0f1np1.network is not ours; ignoring
Sat Sep  5 02:11:45 PM CDT 2026: eno1: writing cnet metadata in /var/emulab/boot
Sat Sep  5 02:11:45 PM CDT 2026: eno1: restarting systemd-networkd
Sat Sep  5 02:11:46 PM CDT 2026: eno1: done!
Sun Sep  6 01:06:53 AM CDT 2026: eno1: starting
Sun Sep  6 01:06:56 AM CDT 2026: eno1: control net is us
Sun Sep  6 01:06:56 AM CDT 2026: eno1: downed eno2
Sun Sep  6 01:06:56 AM CDT 2026: eno1: /run/systemd/network/enp94s0f0np0.network is not ours; ignoring
Sun Sep  6 01:06:56 AM CDT 2026: eno1: /run/systemd/network/enp94s0f1np1.network is not ours; ignoring
Sun Sep  6 01:06:56 AM CDT 2026: eno1: writing cnet metadata in /var/emulab/boot
Sun Sep  6 01:06:56 AM CDT 2026: eno1: restarting systemd-networkd
Sun Sep  6 01:06:57 AM CDT 2026: eno1: done!
Mon Sep  7 02:00:02 AM CDT 2026: eno1: starting
Mon Sep  7 02:00:06 AM CDT 2026: eno1: control net is us
Mon Sep  7 02:00:06 AM CDT 2026: eno1: downed eno2
Mon Sep  7 02:00:06 AM CDT 2026: eno1: /run/systemd/network/enp94s0f0np0.network is not ours; ignoring
Mon Sep  7 02:00:06 AM CDT 2026: eno1: /run/systemd/network/enp94s0f1np1.network is not ours; ignoring
Mon Sep  7 02:00:06 AM CDT 2026: eno1: writing cnet metadata in /var/emulab/boot
Mon Sep  7 02:00:06 AM CDT 2026: eno1: restarting systemd-networkd
Mon Sep  7 02:00:07 AM CDT 2026: eno1: done!
Mon Sep  7 10:18:25 AM CDT 2026: eno1: starting
Mon Sep  7 10:18:29 AM CDT 2026: eno1: control net is us
Mon Sep  7 10:18:29 AM CDT 2026: eno1: downed eno2
Mon Sep  7 10:18:29 AM CDT 2026: eno1: /run/systemd/network/enp94s0f0.network is not ours; ignoring
Mon Sep  7 10:18:29 AM CDT 2026: eno1: /run/systemd/network/enp94s0f1.network is not ours; ignoring
Mon Sep  7 10:18:29 AM CDT 2026: eno1: writing cnet metadata in /var/emulab/boot
Mon Sep  7 10:18:29 AM CDT 2026: eno1: restarting systemd-networkd
Mon Sep  7 10:18:30 AM CDT 2026: eno1: done!
Mon Sep  7 10:27:30 AM CDT 2026: eno1: starting
Mon Sep  7 10:27:33 AM CDT 2026: eno1: control net is us
Mon Sep  7 10:27:33 AM CDT 2026: eno1: downed eno2
Mon Sep  7 10:27:33 AM CDT 2026: eno1: /run/systemd/network/enp94s0f0.network is not ours; ignoring
Mon Sep  7 10:27:33 AM CDT 2026: eno1: /run/systemd/network/enp94s0f1.network is not ours; ignoring
Mon Sep  7 10:27:33 AM CDT 2026: eno1: writing cnet metadata in /var/emulab/boot
Mon Sep  7 10:27:33 AM CDT 2026: eno1: restarting systemd-networkd
Mon Sep  7 10:27:34 AM CDT 2026: eno1: done!
Mon Sep  7 11:08:42 AM CDT 2026: eno1: starting
Mon Sep  7 11:08:46 AM CDT 2026: eno1: control net is us
Mon Sep  7 11:08:46 AM CDT 2026: eno1: downed eno2
Mon Sep  7 11:08:46 AM CDT 2026: eno1: /run/systemd/network/enp94s0f0np0.network is not ours; ignoring
Mon Sep  7 11:08:46 AM CDT 2026: eno1: /run/systemd/network/enp94s0f1np1.network is not ours; ignoring
Mon Sep  7 11:08:46 AM CDT 2026: eno1: writing cnet metadata in /var/emulab/boot
Mon Sep  7 11:08:46 AM CDT 2026: eno1: restarting systemd-networkd
Mon Sep  7 11:08:47 AM CDT 2026: eno1: done!
Mon Sep  7 02:08:16 PM CDT 2026: eno1: starting
Mon Sep  7 02:08:19 PM CDT 2026: eno1: control net is us
Mon Sep  7 02:08:20 PM CDT 2026: eno1: downed eno2
Mon Sep  7 02:08:20 PM CDT 2026: eno1: /run/systemd/network/enp94s0f0.network is not ours; ignoring
Mon Sep  7 02:08:20 PM CDT 2026: eno1: /run/systemd/network/enp94s0f1.network is not ours; ignoring
Mon Sep  7 02:08:20 PM CDT 2026: eno1: writing cnet metadata in /var/emulab/boot
Mon Sep  7 02:08:20 PM CDT 2026: eno1: restarting systemd-networkd
Mon Sep  7 02:08:20 PM CDT 2026: eno1: done!
Mon Sep  7 04:02:04 PM CDT 2026: eno1: starting
Mon Sep  7 04:02:07 PM CDT 2026: eno1: control net is us
Mon Sep  7 04:02:07 PM CDT 2026: eno1: downed eno2
Mon Sep  7 04:02:07 PM CDT 2026: eno1: /run/systemd/network/enp94s0f0.network is not ours; ignoring
Mon Sep  7 04:02:07 PM CDT 2026: eno1: /run/systemd/network/enp94s0f1.network is not ours; ignoring
Mon Sep  7 04:02:07 PM CDT 2026: eno1: writing cnet metadata in /var/emulab/boot
Mon Sep  7 04:02:07 PM CDT 2026: eno1: restarting systemd-networkd
Mon Sep  7 04:02:08 PM CDT 2026: eno1: done!
Tue Sep  8 01:58:32 AM CDT 2026: eno1: starting
Tue Sep  8 01:58:36 AM CDT 2026: eno1: control net is us
Tue Sep  8 01:58:36 AM CDT 2026: eno1: downed eno2
Tue Sep  8 01:58:36 AM CDT 2026: eno1: /run/systemd/network/enp94s0f0.network is not ours; ignoring
Tue Sep  8 01:58:36 AM CDT 2026: eno1: /run/systemd/network/enp94s0f1.network is not ours; ignoring
Tue Sep  8 01:58:36 AM CDT 2026: eno1: writing cnet metadata in /var/emulab/boot
Tue Sep  8 01:58:36 AM CDT 2026: eno1: restarting systemd-networkd
Tue Sep  8 01:58:37 AM CDT 2026: eno1: done!
Tue Sep  8 03:59:36 AM CDT 2026: eno1: starting
Tue Sep  8 03:59:40 AM CDT 2026: eno1: control net is us
Tue Sep  8 03:59:40 AM CDT 2026: eno1: downed eno2
Tue Sep  8 03:59:40 AM CDT 2026: eno1: /run/systemd/network/enp94s0f0.network is not ours; ignoring
Tue Sep  8 03:59:40 AM CDT 2026: eno1: /run/systemd/network/enp94s0f1.network is not ours; ignoring
Tue Sep  8 03:59:40 AM CDT 2026: eno1: writing cnet metadata in /var/emulab/boot
Tue Sep  8 03:59:40 AM CDT 2026: eno1: restarting systemd-networkd
Tue Sep  8 03:59:41 AM CDT 2026: eno1: done!
Tue Sep  8 04:45:07 AM CDT 2026: eno1: starting
Tue Sep  8 04:45:11 AM CDT 2026: eno1: control net is us
Tue Sep  8 04:45:11 AM CDT 2026: eno1: downed eno2
Tue Sep  8 04:45:11 AM CDT 2026: eno1: /run/systemd/network/enp94s0f0.network is not ours; ignoring
Tue Sep  8 04:45:11 AM CDT 2026: eno1: /run/systemd/network/enp94s0f1.network is not ours; ignoring
Tue Sep  8 04:45:11 AM CDT 2026: eno1: writing cnet metadata in /var/emulab/boot
Tue Sep  8 04:45:11 AM CDT 2026: eno1: restarting systemd-networkd
Tue Sep  8 04:45:12 AM CDT 2026: eno1: done!
Tue Sep  8 06:40:07 AM CDT 2026: eno1: starting
Tue Sep  8 06:40:11 AM CDT 2026: eno1: control net is us
Tue Sep  8 06:40:11 AM CDT 2026: eno1: downed eno2
Tue Sep  8 06:40:11 AM CDT 2026: eno1: /run/systemd/network/enp94s0f0.network is not ours; ignoring
Tue Sep  8 06:40:11 AM CDT 2026: eno1: /run/systemd/network/enp94s0f1.network is not ours; ignoring
Tue Sep  8 06:40:11 AM CDT 2026: eno1: writing cnet metadata in /var/emulab/boot
Tue Sep  8 06:40:11 AM CDT 2026: eno1: restarting systemd-networkd
Tue Sep  8 06:40:12 AM CDT 2026: eno1: done!
                                                Tue Sep  8 08:58:16 AM CDT 2026: eno1: starting
Tue Sep  8 08:58:20 AM CDT 2026: eno1: control net is us
Tue Sep  8 08:58:20 AM CDT 2026: eno1: downed eno2
Tue Sep  8 08:58:21 AM CDT 2026: eno1: /run/systemd/network/enp94s0f0np0.network is not ours; ignoring
Tue Sep  8 08:58:21 AM CDT 2026: eno1: /run/systemd/network/enp94s0f1np1.network is not ours; ignoring
Tue Sep  8 08:58:21 AM CDT 2026: eno1: writing cnet metadata in /var/emulab/boot
Tue Sep  8 08:58:21 AM CDT 2026: eno1: restarting systemd-networkd
Tue Sep  8 08:58:22 AM CDT 2026: eno1: done!
Tue Sep  8 09:02:01 AM CDT 2026: eno1: starting
Tue Sep  8 09:02:05 AM CDT 2026: eno1: control net is us
Tue Sep  8 09:02:05 AM CDT 2026: eno1: downed eno2
Tue Sep  8 09:02:05 AM CDT 2026: eno1: /run/systemd/network/enp94s0f0.network is not ours; ignoring
Tue Sep  8 09:02:05 AM CDT 2026: eno1: /run/systemd/network/enp94s0f1.network is not ours; ignoring
Tue Sep  8 09:02:05 AM CDT 2026: eno1: writing cnet metadata in /var/emulab/boot
Tue Sep  8 09:02:05 AM CDT 2026: eno1: restarting systemd-networkd
Tue Sep  8 09:02:06 AM CDT 2026: eno1: done!
Tue Sep  8 10:18:10 AM CDT 2026: eno1: starting
Tue Sep  8 10:18:14 AM CDT 2026: eno1: control net is us
Tue Sep  8 10:18:14 AM CDT 2026: eno1: downed eno2
Tue Sep  8 10:18:14 AM CDT 2026: eno1: /run/systemd/network/enp94s0f0.network is not ours; ignoring
Tue Sep  8 10:18:14 AM CDT 2026: eno1: /run/systemd/network/enp94s0f1.network is not ours; ignoring
Tue Sep  8 10:18:14 AM CDT 2026: eno1: writing cnet metadata in /var/emulab/boot
Tue Sep  8 10:18:14 AM CDT 2026: eno1: restarting systemd-networkd
Tue Sep  8 10:18:15 AM CDT 2026: eno1: done!
Tue Sep  8 12:01:20 PM CDT 2026: eno1: starting
Tue Sep  8 12:01:24 PM CDT 2026: eno1: control net is us
Tue Sep  8 12:01:25 PM CDT 2026: eno1: downed eno2
Tue Sep  8 12:01:25 PM CDT 2026: eno1: /run/systemd/network/enp94s0f0np0.network is not ours; ignoring
Tue Sep  8 12:01:25 PM CDT 2026: eno1: /run/systemd/network/enp94s0f1np1.network is not ours; ignoring
Tue Sep  8 12:01:25 PM CDT 2026: eno1: writing cnet metadata in /var/emulab/boot
Tue Sep  8 12:01:25 PM CDT 2026: eno1: restarting systemd-networkd
Tue Sep  8 12:01:25 PM CDT 2026: eno1: done!
Tue Sep  8 12:29:32 PM CDT 2026: eno1: starting
Tue Sep  8 12:29:35 PM CDT 2026: eno1: control net is us
Tue Sep  8 12:29:36 PM CDT 2026: eno1: downed eno2
Tue Sep  8 12:29:36 PM CDT 2026: eno1: /run/systemd/network/enp94s0f0.network is not ours; ignoring
Tue Sep  8 12:29:36 PM CDT 2026: eno1: /run/systemd/network/enp94s0f1.network is not ours; ignoring
Tue Sep  8 12:29:36 PM CDT 2026: eno1: writing cnet metadata in /var/emulab/boot
Tue Sep  8 12:29:36 PM CDT 2026: eno1: restarting systemd-networkd
Tue Sep  8 12:29:36 PM CDT 2026: eno1: done!
Tue Sep  8 12:55:01 PM CDT 2026: eno1: starting
Tue Sep  8 12:55:05 PM CDT 2026: eno1: control net is us
Tue Sep  8 12:55:05 PM CDT 2026: eno1: downed eno2
Tue Sep  8 12:55:05 PM CDT 2026: eno1: /run/systemd/network/enp94s0f0np0.network is not ours; ignoring
Tue Sep  8 12:55:05 PM CDT 2026: eno1: /run/systemd/network/enp94s0f1np1.network is not ours; ignoring
Tue Sep  8 12:55:05 PM CDT 2026: eno1: writing cnet metadata in /var/emulab/boot
Tue Sep  8 12:55:05 PM CDT 2026: eno1: restarting systemd-networkd
Tue Sep  8 12:55:06 PM CDT 2026: eno1: done!
Tue Sep  8 01:10:36 PM CDT 2026: eno1: starting
Tue Sep  8 01:10:40 PM CDT 2026: eno1: control net is us
Tue Sep  8 01:10:40 PM CDT 2026: eno1: downed eno2
Tue Sep  8 01:10:40 PM CDT 2026: eno1: /run/systemd/network/enp94s0f0.network is not ours; ignoring
Tue Sep  8 01:10:40 PM CDT 2026: eno1: /run/systemd/network/enp94s0f1.network is not ours; ignoring
Tue Sep  8 01:10:40 PM CDT 2026: eno1: writing cnet metadata in /var/emulab/boot
Tue Sep  8 01:10:40 PM CDT 2026: eno1: restarting systemd-networkd
Tue Sep  8 01:10:42 PM CDT 2026: eno1: done!
Tue Sep  8 01:15:05 PM CDT 2026: eno1: starting
Tue Sep  8 01:15:09 PM CDT 2026: eno1: control net is us
Tue Sep  8 01:15:09 PM CDT 2026: eno1: downed eno2
Tue Sep  8 01:15:09 PM CDT 2026: eno1: /run/systemd/network/enp94s0f0.network is not ours; ignoring
Tue Sep  8 01:15:09 PM CDT 2026: eno1: /run/systemd/network/enp94s0f1.network is not ours; ignoring
Tue Sep  8 01:15:09 PM CDT 2026: eno1: writing cnet metadata in /var/emulab/boot
Tue Sep  8 01:15:09 PM CDT 2026: eno1: restarting systemd-networkd
Tue Sep  8 01:15:10 PM CDT 2026: eno1: done!
Tue Sep  8 01:24:16 PM CDT 2026: eno1: starting
Tue Sep  8 01:24:20 PM CDT 2026: eno1: control net is us
Tue Sep  8 01:24:20 PM CDT 2026: eno1: downed eno2
Tue Sep  8 01:24:20 PM CDT 2026: eno1: /run/systemd/network/enp94s0f0.network is not ours; ignoring
Tue Sep  8 01:24:20 PM CDT 2026: eno1: /run/systemd/network/enp94s0f1.network is not ours; ignoring
Tue Sep  8 01:24:20 PM CDT 2026: eno1: /run/systemd/network/wlan0.network is not ours; ignoring
Tue Sep  8 01:24:20 PM CDT 2026: eno1: /run/systemd/network/wlan1.network is not ours; ignoring
Tue Sep  8 01:24:20 PM CDT 2026: eno1: /run/systemd/network/wpan0.network is not ours; ignoring
Tue Sep  8 01:24:20 PM CDT 2026: eno1: /run/systemd/network/wpan1.network is not ours; ignoring
Tue Sep  8 01:24:20 PM CDT 2026: eno1: /run/systemd/network/wpan2.network is not ours; ignoring
Tue Sep  8 01:24:20 PM CDT 2026: eno1: /run/systemd/network/wpan3.network is not ours; ignoring
Tue Sep  8 01:24:20 PM CDT 2026: eno1: writing cnet metadata in /var/emulab/boot
Tue Sep  8 01:24:20 PM CDT 2026: eno1: restarting systemd-networkd
Tue Sep  8 01:24:21 PM CDT 2026: eno1: done!
Tue Sep  8 03:20:21 PM CDT 2026: eno1: starting
Tue Sep  8 03:20:25 PM CDT 2026: eno1: control net is us
Tue Sep  8 03:20:25 PM CDT 2026: eno1: downed eno2
Tue Sep  8 03:20:25 PM CDT 2026: eno1: /run/systemd/network/enp94s0f0.network is not ours; ignoring
Tue Sep  8 03:20:25 PM CDT 2026: eno1: /run/systemd/network/enp94s0f1.network is not ours; ignoring
Tue Sep  8 03:20:25 PM CDT 2026: eno1: writing cnet metadata in /var/emulab/boot
Tue Sep  8 03:20:25 PM CDT 2026: eno1: restarting systemd-networkd
Tue Sep  8 03:20:27 PM CDT 2026: eno1: done!
Wed Sep  9 06:15:11 AM CDT 2026: eno1: starting
Wed Sep  9 06:15:15 AM CDT 2026: eno1: control net is us
Wed Sep  9 06:15:16 AM CDT 2026: eno1: downed eno2
Wed Sep  9 06:15:16 AM CDT 2026: eno1: /run/systemd/network/enp94s0f0np0.network is not ours; ignoring
Wed Sep  9 06:15:16 AM CDT 2026: eno1: /run/systemd/network/enp94s0f1np1.network is not ours; ignoring
Wed Sep  9 06:15:16 AM CDT 2026: eno1: writing cnet metadata in /var/emulab/boot
Wed Sep  9 06:15:16 AM CDT 2026: eno1: restarting systemd-networkd
Wed Sep  9 06:15:16 AM CDT 2026: eno1: done!
Wed Sep  9 03:56:46 PM CDT 2026: eno1: starting
Wed Sep  9 03:56:50 PM CDT 2026: eno1: control net is us
Wed Sep  9 03:56:50 PM CDT 2026: eno1: downed eno2
Wed Sep  9 03:56:50 PM CDT 2026: eno1: /run/systemd/network/enp94s0f0np0.network is not ours; ignoring
Wed Sep  9 03:56:50 PM CDT 2026: eno1: /run/systemd/network/enp94s0f1np1.network is not ours; ignoring
Wed Sep  9 03:56:50 PM CDT 2026: eno1: writing cnet metadata in /var/emulab/boot
Wed Sep  9 03:56:50 PM CDT 2026: eno1: restarting systemd-networkd
Wed Sep  9 03:56:51 PM CDT 2026: eno1: done!
Wed Sep  9 04:20:47 PM CDT 2026: eno1: starting
Wed Sep  9 04:20:51 PM CDT 2026: eno1: control net is us
Wed Sep  9 04:20:51 PM CDT 2026: eno1: downed eno2
Wed Sep  9 04:20:51 PM CDT 2026: eno1: /run/systemd/network/enp94s0f0.network is not ours; ignoring
Wed Sep  9 04:20:51 PM CDT 2026: eno1: /run/systemd/network/enp94s0f1.network is not ours; ignoring
Wed Sep  9 04:20:51 PM CDT 2026: eno1: /run/systemd/network/wlan0.network is not ours; ignoring
Wed Sep  9 04:20:51 PM CDT 2026: eno1: /run/systemd/network/wlan1.network is not ours; ignoring
Wed Sep  9 04:20:51 PM CDT 2026: eno1: /run/systemd/network/wpan0.network is not ours; ignoring
Wed Sep  9 04:20:51 PM CDT 2026: eno1: /run/systemd/network/wpan1.network is not ours; ignoring
Wed Sep  9 04:20:51 PM CDT 2026: eno1: /run/systemd/network/wpan2.network is not ours; ignoring
Wed Sep  9 04:20:51 PM CDT 2026: eno1: writing cnet metadata in /var/emulab/boot
Wed Sep  9 04:20:51 PM CDT 2026: eno1: restarting systemd-networkd
Wed Sep  9 04:20:52 PM CDT 2026: eno1: done!
Wed Sep  9 05:19:56 PM CDT 2026: eno1: starting
Wed Sep  9 05:20:00 PM CDT 2026: eno1: control net is us
Wed Sep  9 05:20:01 PM CDT 2026: eno1: downed eno2
Wed Sep  9 05:20:01 PM CDT 2026: eno1: /run/systemd/network/enp94s0f0np0.network is not ours; ignoring
Wed Sep  9 05:20:01 PM CDT 2026: eno1: /run/systemd/network/enp94s0f1np1.network is not ours; ignoring
Wed Sep  9 05:20:01 PM CDT 2026: eno1: writing cnet metadata in /var/emulab/boot
Wed Sep  9 05:20:01 PM CDT 2026: eno1: restarting systemd-networkd
Wed Sep  9 05:20:02 PM CDT 2026: eno1: done!
Wed Sep  9 05:23:55 PM CDT 2026: eno1: starting
Wed Sep  9 05:23:59 PM CDT 2026: eno1: control net is us
Wed Sep  9 05:24:00 PM CDT 2026: eno1: downed eno2
Wed Sep  9 05:24:00 PM CDT 2026: eno1: /run/systemd/network/enp94s0f0.network is not ours; ignoring
Wed Sep  9 05:24:00 PM CDT 2026: eno1: /run/systemd/network/enp94s0f1.network is not ours; ignoring
Wed Sep  9 05:24:00 PM CDT 2026: eno1: writing cnet metadata in /var/emulab/boot
Wed Sep  9 05:24:00 PM CDT 2026: eno1: restarting systemd-networkd
Wed Sep  9 05:24:01 PM CDT 2026: eno1: done!
Thu Sep 10 02:50:46 AM CDT 2026: eno1: starting
Thu Sep 10 02:50:50 AM CDT 2026: eno1: control net is us
Thu Sep 10 02:50:51 AM CDT 2026: eno1: downed eno2
Thu Sep 10 02:50:51 AM CDT 2026: eno1: downed enp94s0f0np0
Thu Sep 10 02:50:51 AM CDT 2026: eno1: /run/systemd/network/enp94s0f1np1.network is not ours; ignoring
Thu Sep 10 02:50:51 AM CDT 2026: eno1: no leases file in /run/systemd/netif/leases; cannot write cnet metadata in /var/emulab/boot; failing!
Thu Sep 10 02:58:59 AM CDT 2026: eno1: starting
Thu Sep 10 02:59:03 AM CDT 2026: eno1: control net is us
Thu Sep 10 02:59:03 AM CDT 2026: eno1: downed eno2
Thu Sep 10 02:59:04 AM CDT 2026: eno1: downed enp94s0f0np0
Thu Sep 10 02:59:04 AM CDT 2026: eno1: /run/systemd/network/enp94s0f1np1.network is not ours; ignoring
Thu Sep 10 02:59:04 AM CDT 2026: eno1: no leases file in /run/systemd/netif/leases; cannot write cnet metadata in /var/emulab/boot; failing!
Thu Sep 10 03:07:51 AM CDT 2026: eno1: starting
Thu Sep 10 03:07:56 AM CDT 2026: eno1: control net is us
Thu Sep 10 03:07:57 AM CDT 2026: eno1: downed eno2
Thu Sep 10 03:07:57 AM CDT 2026: eno1: /run/systemd/network/enp94s0f0np0.network is not ours; ignoring
Thu Sep 10 03:07:57 AM CDT 2026: eno1: downed enp94s0f1np1
Thu Sep 10 03:07:57 AM CDT 2026: eno1: no leases file in /run/systemd/netif/leases; cannot write cnet metadata in /var/emulab/boot; failing!
Thu Sep 10 03:46:44 AM CDT 2026: eno1: starting
Thu Sep 10 03:46:48 AM CDT 2026: eno1: control net is us
Thu Sep 10 03:46:49 AM CDT 2026: eno1: downed eno2
Thu Sep 10 03:46:49 AM CDT 2026: eno1: /run/systemd/network/enp94s0f0np0.network is not ours; ignoring
Thu Sep 10 03:46:49 AM CDT 2026: eno1: /run/systemd/network/enp94s0f1np1.network is not ours; ignoring
Thu Sep 10 03:46:49 AM CDT 2026: eno1: writing cnet metadata in /var/emulab/boot
Thu Sep 10 03:46:49 AM CDT 2026: eno1: restarting systemd-networkd
Thu Sep 10 03:46:50 AM CDT 2026: eno1: done!
Thu Sep 10 04:08:30 AM CDT 2026: eno1: starting
Thu Sep 10 04:08:34 AM CDT 2026: eno1: control net is us
Thu Sep 10 04:08:35 AM CDT 2026: eno1: downed eno2
Thu Sep 10 04:08:35 AM CDT 2026: eno1: /run/systemd/network/enp94s0f0np0.network is not ours; ignoring
Thu Sep 10 04:08:35 AM CDT 2026: eno1: /run/systemd/network/enp94s0f1np1.network is not ours; ignoring
Thu Sep 10 04:08:35 AM CDT 2026: eno1: writing cnet metadata in /var/emulab/boot
Thu Sep 10 04:08:35 AM CDT 2026: eno1: restarting systemd-networkd
Thu Sep 10 04:08:36 AM CDT 2026: eno1: done!
Thu Sep 10 04:39:15 AM CDT 2026: eno1: starting
Thu Sep 10 04:39:20 AM CDT 2026: eno1: control net is us
Thu Sep 10 04:39:20 AM CDT 2026: eno1: downed eno1
Thu Sep 10 04:39:21 AM CDT 2026: eno1: downed eno2
Thu Sep 10 04:39:21 AM CDT 2026: eno1: downed enp94s0f0np0
Thu Sep 10 04:39:21 AM CDT 2026: eno1: no leases file in /run/systemd/netif/leases; cannot write cnet metadata in /var/emulab/boot; failing!
Thu Sep 10 05:17:26 AM CDT 2026: eno1: starting
Thu Sep 10 05:17:30 AM CDT 2026: eno1: control net is us
Thu Sep 10 05:17:30 AM CDT 2026: eno1: downed enp94s0f0np0
Thu Sep 10 05:17:30 AM CDT 2026: eno1: /run/systemd/network/enp94s0f1np1.network is not ours; ignoring
Thu Sep 10 05:17:30 AM CDT 2026: eno1: writing cnet metadata in /var/emulab/boot
Thu Sep 10 05:17:30 AM CDT 2026: eno1: restarting systemd-networkd
Thu Sep 10 05:55:37 AM CDT 2026: eno1: starting
Thu Sep 10 05:55:42 AM CDT 2026: eno1: control net is us
Thu Sep 10 05:55:42 AM CDT 2026: eno1: downed eno2
Thu Sep 10 05:55:42 AM CDT 2026: eno1: /run/systemd/network/enp94s0f0np0.network is not ours; ignoring
Thu Sep 10 05:55:42 AM CDT 2026: eno1: /run/systemd/network/enp94s0f1np1.network is not ours; ignoring
Thu Sep 10 05:55:42 AM CDT 2026: eno1: writing cnet metadata in /var/emulab/boot
Thu Sep 10 05:55:42 AM CDT 2026: eno1: restarting systemd-networkd
Thu Sep 10 05:55:43 AM CDT 2026: eno1: done!
Thu Sep 10 06:46:18 AM CDT 2026: eno1: starting
Thu Sep 10 06:46:23 AM CDT 2026: eno1: control net is us
Thu Sep 10 06:46:24 AM CDT 2026: eno1: downed eno2
Thu Sep 10 06:46:24 AM CDT 2026: eno1: downed enp94s0f0np0
Thu Sep 10 06:46:24 AM CDT 2026: eno1: /run/systemd/network/enp94s0f1np1.network is not ours; ignoring
Thu Sep 10 06:46:24 AM CDT 2026: eno1: no leases file in /run/systemd/netif/leases; cannot write cnet metadata in /var/emulab/boot; failing!
Thu Sep 10 06:54:21 AM CDT 2026: eno1: starting
Thu Sep 10 06:54:26 AM CDT 2026: eno1: control net is us
Thu Sep 10 06:54:26 AM CDT 2026: eno1: downed eno2
Thu Sep 10 06:54:27 AM CDT 2026: eno1: downed enp94s0f0np0
Thu Sep 10 06:54:27 AM CDT 2026: eno1: /run/systemd/network/enp94s0f1np1.network is not ours; ignoring
Thu Sep 10 06:54:27 AM CDT 2026: eno1: no leases file in /run/systemd/netif/leases; cannot write cnet metadata in /var/emulab/boot; failing!
Thu Sep 10 07:04:50 AM CDT 2026: eno1: starting
Thu Sep 10 07:04:55 AM CDT 2026: eno1: control net is us
Thu Sep 10 07:04:55 AM CDT 2026: eno1: downed eno1
Thu Sep 10 07:04:56 AM CDT 2026: eno1: downed eno2
Thu Sep 10 07:04:56 AM CDT 2026: eno1: downed enp94s0f1np1
Thu Sep 10 07:04:56 AM CDT 2026: eno1: no leases file in /run/systemd/netif/leases; cannot write cnet metadata in /var/emulab/boot; failing!
Thu Sep 10 07:12:53 AM CDT 2026: eno1: starting
Thu Sep 10 07:12:57 AM CDT 2026: eno1: control net is us
Thu Sep 10 07:12:57 AM CDT 2026: eno1: /run/systemd/network/eno2.network is not ours; ignoring
Thu Sep 10 07:12:58 AM CDT 2026: eno1: downed enp94s0f0np0
Thu Sep 10 07:12:58 AM CDT 2026: eno1: downed enp94s0f1np1
Thu Sep 10 07:12:58 AM CDT 2026: eno1: no leases file in /run/systemd/netif/leases; cannot write cnet metadata in /var/emulab/boot; failing!
Thu Sep 10 07:28:47 AM CDT 2026: eno1: starting
Thu Sep 10 07:28:51 AM CDT 2026: eno1: control net is us
Thu Sep 10 07:28:51 AM CDT 2026: eno1: downed eno2
Thu Sep 10 07:28:51 AM CDT 2026: eno1: /run/systemd/network/enp94s0f0np0.network is not ours; ignoring
Thu Sep 10 07:28:51 AM CDT 2026: eno1: /run/systemd/network/enp94s0f1np1.network is not ours; ignoring
Thu Sep 10 07:28:51 AM CDT 2026: eno1: writing cnet metadata in /var/emulab/boot
Thu Sep 10 07:28:51 AM CDT 2026: eno1: restarting systemd-networkd
Thu Sep 10 07:28:52 AM CDT 2026: eno1: done!
Thu Sep 10 07:32:29 AM CDT 2026: eno1: starting
Thu Sep 10 07:32:33 AM CDT 2026: eno1: control net is us
Thu Sep 10 07:32:34 AM CDT 2026: eno1: downed eno2
Thu Sep 10 07:32:34 AM CDT 2026: eno1: /run/systemd/network/enp94s0f0np0.network is not ours; ignoring
Thu Sep 10 07:32:34 AM CDT 2026: eno1: /run/systemd/network/enp94s0f1np1.network is not ours; ignoring
Thu Sep 10 07:32:34 AM CDT 2026: eno1: writing cnet metadata in /var/emulab/boot
Thu Sep 10 07:32:34 AM CDT 2026: eno1: restarting systemd-networkd
Thu Sep 10 07:32:35 AM CDT 2026: eno1: done!
Thu Sep 10 07:36:20 AM CDT 2026: eno1: starting
Thu Sep 10 07:36:24 AM CDT 2026: eno1: control net is us
Thu Sep 10 07:36:25 AM CDT 2026: eno1: downed eno2
Thu Sep 10 07:36:25 AM CDT 2026: eno1: /run/systemd/network/enp94s0f0np0.network is not ours; ignoring
Thu Sep 10 07:36:25 AM CDT 2026: eno1: /run/systemd/network/enp94s0f1np1.network is not ours; ignoring
Thu Sep 10 07:36:25 AM CDT 2026: eno1: writing cnet metadata in /var/emulab/boot
Thu Sep 10 07:36:25 AM CDT 2026: eno1: restarting systemd-networkd
Thu Sep 10 07:36:26 AM CDT 2026: eno1: done!
Thu Sep 10 07:41:31 AM CDT 2026: eno1: starting
Thu Sep 10 07:41:35 AM CDT 2026: eno1: control net is us
Thu Sep 10 07:41:36 AM CDT 2026: eno1: downed eno1
Thu Sep 10 07:41:36 AM CDT 2026: eno1: downed eno2
Thu Sep 10 07:41:36 AM CDT 2026: eno1: downed enp94s0f1np1
Thu Sep 10 07:41:36 AM CDT 2026: eno1: no leases file in /run/systemd/netif/leases; cannot write cnet metadata in /var/emulab/boot; failing!
Thu Sep 10 07:49:35 AM CDT 2026: eno1: starting
Thu Sep 10 07:49:40 AM CDT 2026: eno1: control net is us
Thu Sep 10 07:49:41 AM CDT 2026: eno1: downed eno2
Thu Sep 10 07:49:41 AM CDT 2026: eno1: /run/systemd/network/enp94s0f0np0.network is not ours; ignoring
Thu Sep 10 07:49:41 AM CDT 2026: eno1: downed enp94s0f1np1
Thu Sep 10 07:49:41 AM CDT 2026: eno1: no leases file in /run/systemd/netif/leases; cannot write cnet metadata in /var/emulab/boot; failing!
Thu Sep 10 07:58:53 AM CDT 2026: eno1: starting
Thu Sep 10 07:58:57 AM CDT 2026: eno1: control net is us
Thu Sep 10 07:58:58 AM CDT 2026: eno1: downed eno2
Thu Sep 10 07:58:58 AM CDT 2026: eno1: /run/systemd/network/enp94s0f0np0.network is not ours; ignoring
Thu Sep 10 07:58:58 AM CDT 2026: eno1: /run/systemd/network/enp94s0f1np1.network is not ours; ignoring
Thu Sep 10 07:58:58 AM CDT 2026: eno1: writing cnet metadata in /var/emulab/boot
Thu Sep 10 07:58:58 AM CDT 2026: eno1: restarting systemd-networkd
Thu Sep 10 07:58:58 AM CDT 2026: eno1: done!
