step,page,count,model_selection,model_score,arms_score
step,page,count,model_selection,model_score,arms_score
step,page,count,model_selection,model_score,arms_score
step,page,count,model_selection,model_score,arms_score
step,page,count,model_selection,model_score,arms_score
step,page,count,model_selection,model_score,arms_score
step,page,count,model_selection,model_score,arms_score
step,page,count,model_selection,model_score,arms_score
step,page,count,model_selection,model_score,arms_score
step,page,count,model_selection,model_score,arms_score
step,page,count,model_selection,model_score,arms_score
step,page,count,model_selection,model_score,arms_score
1,140658192941056,24024,0,0,0
1,140679539851264,32032,0,0,0
1,140679554531328,28028,0,0,0
1,140658190843904,21021,0,0,0
1,140679571308544,90090,0,0,0
1,140679548239872,25025,0,0,0
1,140658207621120,22022,0,0,0
1,140658197135360,17017,0,0,0
1,140658216009728,6006,0,0,0
1,140679640514560,0,0,0,0
1,140679567114240,17017,0,0,0
1,140679565017088,29029,0,0,0
1,140658180358144,18018,0,0,0
1,140679514685440,126126,0,0,0
1,140658169872384,16016,0,0,0
1,140679508393984,118118,0,0,0
1,140658199232512,25025,0,0,0
1,140658209718272,25025,0,0,0
1,140658182455296,38038,0,0,0
1,140679552434176,32032,0,0,0
1,140679531462656,44044,0,0,0
1,140679516782592,68068,0,0,0
1,140658218106880,0,0,0,0
1,140679537754112,38038,0,0,0
1,140679520976896,46046,0,0,0
1,140658171969536,11011,0,0,0
1,140679527268352,35035,0,0,0
1,140658201329664,20020,0,0,0
1,140679550337024,46046,0,0,0
1,140658174066688,27027,0,0,0
1,140679506296832,2.4032e+07,0,0,0
1,140679523074048,50050,0,0,0
1,140658176163840,19019,0,0,0
1,140679529365504,55055,0,0,0
1,140658203426816,9009,0,0,0
1,140679560822784,20020,0,0,0
1,140679544045568,35035,0,0,0
1,140679533559808,57057,0,0,0
1,140658186649600,14014,0,0,0
1,140679525171200,44044,0,0,0
1,140658211815424,20020,0,0,0
1,140679556628480,50050,0,0,0
1,140658205523968,19019,0,0,0
1,140658195038208,21021,0,0,0
1,140679558725632,33033,0,0,0
1,140679518879744,52052,0,0,0
1,140658031460352,0,0,0,0
1,140679512588288,79079,0,0,0
1,140658184552448,23023,0,0,0
1,140679510491136,105105,0,0,0
1,140658213912576,19019,0,0,0
1,140679562919936,30030,0,0,0
1,140679569211392,36036,0,0,0
1,140658165678080,86086,0,0,0
1,140658178260992,30030,0,0,0
1,140679535656960,51051,0,0,0
1,140679541948416,35035,0,0,0
1,140658167775232,25025,0,0,0
1,140658188746752,13013,0,0,0
1,140679546142720,48048,0,0,0
2,140658220204032,30030,0,0,0
2,140657945477120,22022,0,0,0
2,140657953865728,17017,0,0,0
2,140679548239872,19019,0,10738.5,8103.1
2,140658207621120,6006,0,6203.98,7130.72
2,140658222301184,28028,0,0,0
2,140679640514560,0,0,9111.05,0
2,140679510491136,89089,0,29358.6,34033
2,140657932894208,24024,0,0,0
2,140658197135360,4004,0,6203.98,5510.1
2,140679523074048,21021,0,13836.6,16206.2
2,140679567114240,14014,0,10738.5,5510.1
2,140658216009728,11011,0,5513.52,1944.74
2,140679565017088,15015,0,10738.5,9399.59
2,140657939185664,27027,0,0,0
2,140657773510656,28028,0,0,0
2,140658180358144,5005,0,6203.98,5834.23
2,140657897242624,96096,0,0,0
2,140679514685440,48048,0,34839.2,40839.6
2,140658165678080,27027,0,17857.1,27874.6
2,140657920311296,34034,0,0,0
2,140658169872384,5005,0,6203.98,5185.98
2,140657947574272,12012,0,0,0
2,140679560822784,7007,0,10738.5,6482.48
2,140679508393984,94094,0,33838.7,38246.6
2,140657905631232,23023,0,0,0
2,140657916116992,32032,0,0,0
2,140658182455296,8008,0,6203.98,12316.7
2,140657911922688,29029,0,0,0
2,140679516782592,51051,0,17938.5,22040.4
2,140657930797056,26026,0,0,0
2,140658171969536,3003,0,6203.98,3565.36
2,140657767219200,23023,0,0,0
2,140679527268352,28028,0,10738.5,11344.3
2,140657792385024,16016,0,0,0
2,140679544045568,13013,0,10738.5,11344.3
2,140657786093568,16016,0,0,0
2,140657796579328,16016,0,0,0
2,140658174066688,2002,0,6203.98,8751.34
2,140679506296832,2.47127e+07,0,1.71971e+07,7.78156e+06
2,140658218106880,28028,0,5513.52,0
2,140657817550848,25025,0,0,0
2,140679535656960,26026,0,14827.5,16530.3
2,140657779802112,23023,0,0,0
2,140657802870784,14014,0,0,0
2,140658176163840,7007,0,6203.98,6158.35
2,140658201329664,6006,0,6203.98,6482.48
2,140679529365504,33033,0,14827.5,17826.8
2,140658209718272,4004,0,6203.98,8103.1
2,140658031460352,0,0,5513.52,0
2,140679533559808,15015,0,15677.5,18475.1
2,140657934991360,22022,0,0,0
2,140657960157184,25025,0,0,0
2,140658186649600,4004,0,6203.98,4537.73
2,140679525171200,31031,0,12510.2,14261.4
2,140657775607808,19019,0,0,0
2,140658178260992,9009,0,6203.98,9723.71
2,140657804967936,19019,0,0,0
2,140657922408448,26026,0,0,0
2,140658224398336,30030,0,0,0
2,140658195038208,4004,0,6203.98,6806.6
2,140679541948416,20020,0,10738.5,11344.3
2,140658211815424,10010,0,6203.98,6482.48
2,140679518879744,26026,0,14827.5,16854.4
2,140679556628480,11011,0,13836.6,16206.2
2,140657813356544,17017,0,0,0
2,140657901436928,14014,0,0,0
2,140658184552448,10010,0,6203.98,7454.85
2,140679562919936,9009,0,10738.5,9723.71
2,140657769316352,21021,0,0,0
2,140657809162240,20020,0,0,0
2,140658213912576,9009,0,6203.98,6158.35
2,140657955962880,27027,0,0,0
2,140657909825536,28028,0,0,0
2,140658188746752,5005,0,6203.98,4213.61
2,140658226495488,22022,0,0,0
2,140679552434176,14014,0,10738.5,10372
2,140679546142720,14014,0,13836.6,15557.9
2,140657788190720,27027,0,0,0
2,140658205523968,5005,0,6203.98,6158.35
2,140657763024896,88088,0,0,0
2,140657798676480,24024,0,0,0
2,140657781899264,17017,0,0,0
2,140658228592640,21021,0,0,0
2,140679531462656,28028,0,12510.2,14261.4
2,140657918214144,26026,0,0,0
2,140657903534080,27027,0,0,0
2,140657958060032,26026,0,0,0
2,140658167775232,5005,0,6203.98,8103.1
2,140679569211392,13013,0,10738.5,11668.5
2,140657811259392,27027,0,0,0
2,140657777704960,20020,0,0,0
2,140657819648000,14014,0,0,0
2,140657962254336,22022,0,0,0
2,140657941282816,25025,0,0,0
2,140679537754112,21021,0,10738.5,12316.7
2,140657914019840,26026,0,0,0
2,140657926602752,10010,0,0,0
2,140657807065088,14014,0,0,0
2,140657937088512,19019,0,0,0
2,140657928699904,12012,0,0,0
2,140679558725632,10010,0,10738.5,10696.1
2,140679520976896,48048,0,12510.2,14909.7
2,140657771413504,19019,0,0,0
2,140658230689792,18018,0,0,0
2,140657951768576,25025,0,0,0
2,140657907728384,18018,0,0,0
2,140657943379968,32032,0,0,0
2,140657924505600,19019,0,0,0
2,140679550337024,17017,0,12510.2,14909.7
2,140657815453696,17017,0,0,0
2,140658199232512,5005,0,6203.98,8103.1
2,140657790287872,17017,0,0,0
2,140679512588288,63063,0,22487.5,25605.8
2,140657794482176,18018,0,0,0
2,140657783996416,24024,0,0,0
2,140658203426816,9009,0,6014.43,2917.11
2,140657765122048,20020,0,0,0
2,140657949671424,20020,0,0,0
2,140657800773632,21021,0,0,0
2,140658192941056,5005,0,6203.98,7778.97
2,140657899339776,31031,0,0,0
2,140679539851264,12012,0,10738.5,10372
2,140679554531328,12012,0,10738.5,9075.47
2,140658190843904,11011,0,6203.98,6806.6
2,140679571308544,193193,0,27657.7,29171.1
3,140658220204032,3003,0,1792.72,9723.71
3,140657945477120,1001,0,6203.98,7130.72
3,140657953865728,2002,0,6203.98,5510.1
3,140679548239872,6006,0,10738.5,9676.03
3,140657635098624,20020,0,0,0
3,140658207621120,6006,0,1792.72,5040.3
3,140658222301184,5005,0,1792.72,9075.47
3,140657511366656,17017,0,0,0
3,140679640514560,0,0,9111.05,0
3,140679510491136,82082,0,44492.2,43621.3
3,140657932894208,3003,0,6203.98,7778.97
3,140658197135360,2002,0,1792.72,3688.52
3,140679523074048,16016,0,14827.5,13842
3,140679567114240,7007,0,10738.5,6929.76
3,140657685430272,19019,0,0,0
3,140658216009728,5005,0,1792.72,4409.6
3,140657534435328,17017,0,0,0
3,140657540726784,16016,0,0,0
3,140679565017088,20020,0,10738.5,8942.37
3,140657939185664,4004,0,6203.98,8751.34
3,140657773510656,3003,0,6203.98,9075.47
3,140658180358144,6006,0,1792.72,4153.35
3,140657528143872,19019,0,0,0
3,140657897242624,3003,0,17853,31115.9
3,140679514685440,39039,0,38185.9,33287
3,140657630904320,22022,0,0,0
3,140658165678080,4004,0,13605.4,20852.2
3,140657920311296,2002,0,6203.98,11020.2
3,140658169872384,5005,0,1792.72,3871.93
3,140657947574272,3003,0,6203.98,3889.49
3,140679560822784,13013,0,10738.5,5083.01
3,140679508393984,98098,0,44492.2,47071.1
3,140657905631232,5005,0,6203.98,7454.85
3,140657916116992,1001,0,6203.98,10372
3,140657521852416,15015,0,0,0
3,140658182455296,2002,0,1792.72,7939.86
3,140657689624576,17017,0,0,0
3,140657911922688,2002,0,6203.98,9399.59
3,140679516782592,51051,0,27657.7,26098.4
3,140657930797056,3003,0,6203.98,8427.22
3,140657500880896,22022,0,0,0
3,140657660264448,28028,0,0,0
3,140657656070144,9009,0,0,0
3,140658171969536,7007,0,1603.16,2520.15
3,140657662361600,26026,0,0,0
3,140657767219200,3003,0,6203.98,7454.85
3,140679527268352,24024,0,14827.5,14000.2
3,140657651875840,12012,0,0,0
3,140657792385024,1001,0,6203.98,5185.98
3,140679544045568,18018,0,10738.5,9138.36
3,140657666555904,24024,0,0,0
3,140657786093568,0,0,6203.98,5185.98
3,140657796579328,3003,0,6203.98,5185.98
3,140658174066688,5005,0,1792.72,4447.34
3,140657647681536,19019,0,0,0
3,140657515560960,27027,0,0,0
3,140679506296832,2.35856e+07,0,2.41641e+07,1.13801e+07
3,140658218106880,4004,0,1792.72,9075.47
3,140657817550848,4004,0,6203.98,8103.1
3,140657670750208,17017,0,0,0
3,140679535656960,31031,0,15677.5,15603.3
3,140657779802112,3003,0,6203.98,7454.85
3,140657693818880,19019,0,0,0
3,140657802870784,7007,0,6203.98,4537.73
3,140658176163840,1001,0,1792.72,4942.3
3,140657645584384,34034,0,0,0
3,140658201329664,2002,0,1792.72,4758.89
3,140679529365504,24024,0,18808.2,18435
3,140658209718272,4004,0,1792.72,4814.17
3,140658031460352,0,0,1102.25,0
3,140679533559808,26026,0,14827.5,12882.2
3,140657934991360,3003,0,6203.98,7130.72
3,140657674944512,16016,0,0,0
3,140657960157184,5005,0,6203.98,8103.1
3,140658186649600,1001,0,1792.72,3266.4
3,140657825939456,26026,0,0,0
3,140679525171200,32032,0,15677.5,16239
3,140657641390080,31031,0,0,0
3,140657775607808,8008,0,6203.98,6158.35
3,140658178260992,3003,0,1792.72,7138.33
3,140657804967936,4004,0,6203.98,6158.35
3,140657538629632,20020,0,0,0
3,140657509269504,23023,0,0,0
3,140657532338176,10010,0,0,0
3,140657922408448,4004,0,6203.98,8427.22
3,140658224398336,6006,0,1792.72,9723.71
3,140657679138816,20020,0,0,0
3,140658195038208,3003,0,1792.72,4251.35
3,140679541948416,11011,0,11787.8,11407.2
3,140658211815424,5005,0,1792.72,6055.38
3,140679518879744,39039,0,15677.5,15744
3,140679556628480,6006,0,12510.2,10600.7
3,140657496686592,18018,0,0,0
3,140657526046720,21021,0,0,0
3,140657637195776,19019,0,0,0
3,140657813356544,5005,0,6203.98,5510.1
3,140657901436928,5005,0,6203.98,4537.73
3,140658184552448,3003,0,1792.72,6477.5
3,140679562919936,17017,0,10738.5,7138.33
3,140657769316352,3003,0,6203.98,6806.6
3,140657683333120,7007,0,0,0
3,140657809162240,4004,0,6203.98,6482.48
3,140657821745152,33033,0,0,0
3,140657519755264,36036,0,0,0
3,140658213912576,4004,0,1792.72,5590.55
3,140657955962880,2002,0,6203.98,8751.34
3,140657909825536,8008,0,6203.98,9075.47
3,140658188746752,2002,0,1792.72,3449.81
3,140658226495488,5005,0,1792.72,7130.72
3,140657633001472,18018,0,0,0
3,140679552434176,16016,0,10738.5,9040.36
3,140679546142720,17017,0,12510.2,11291.7
3,140657788190720,4004,0,6203.98,8751.34
3,140657505075200,15015,0,0,0
3,140658205523968,3003,0,1792.72,4294.06
3,140657763024896,21021,0,17857.1,28522.9
3,140657798676480,1001,0,6203.98,7778.97
3,140657498783744,26026,0,0,0
3,140657781899264,3003,0,6203.98,5510.1
3,140657687527424,13013,0,0,0
3,140658228592640,3003,0,1792.72,6806.6
3,140679531462656,22022,0,15677.5,15266.6
3,140657918214144,3003,0,6203.98,8427.22
3,140657513463808,20020,0,0,0
3,140657903534080,4004,0,6203.98,8751.34
3,140657958060032,4004,0,6203.98,8427.22
3,140658167775232,7007,0,1792.72,5138.3
3,140679569211392,16016,0,10738.5,9279.07
3,140657628807168,100100,0,0,0
3,140657811259392,4004,0,6203.98,8751.34
3,140657777704960,3003,0,6203.98,6482.48
3,140657819648000,8008,0,6203.98,4537.73
3,140657962254336,6006,0,6203.98,7130.72
3,140657941282816,2002,0,6203.98,8103.1
3,140657658167296,22022,0,0,0
3,140679537754112,27027,0,12510.2,12153.5
3,140657653972992,15015,0,0,0
3,140657664458752,22022,0,0,0
3,140657536532480,27027,0,0,0
3,140657691721728,22022,0,0,0
3,140657914019840,2002,0,6203.98,8427.22
3,140657649778688,25025,0,0,0
3,140657542823936,6006,0,0,0
3,140657530241024,15015,0,0,0
3,140657926602752,6006,0,6014.43,3241.24
3,140657668653056,17017,0,0,0
3,140657807065088,3003,0,6203.98,4537.73
3,140657937088512,1001,0,6203.98,6158.35
3,140657928699904,8008,0,6203.98,3889.49
3,140679558725632,13013,0,10738.5,7884.58
3,140679520976896,32032,0,22487.5,22030.5
3,140657507172352,17017,0,0,0
3,140657771413504,8008,0,6203.98,6158.35
3,140657828036608,21021,0,0,0
3,140657523949568,16016,0,0,0
3,140657672847360,23023,0,0,0
3,140658230689792,3003,0,1792.72,5834.23
3,140657951768576,2002,0,6203.98,8103.1
3,140657643487232,28028,0,0,0
3,140657907728384,6006,0,6203.98,5834.23
3,140657943379968,1001,0,6203.98,10372
3,140657924505600,3003,0,6203.98,6158.35
3,140679550337024,18018,0,12510.2,11982.6
3,140657494589440,92092,0,0,0
3,140657815453696,4004,0,6203.98,5510.1
3,140657677041664,26026,0,0,0
3,140658199232512,1001,0,1792.72,5138.3
3,140657517658112,31031,0,0,0
3,140657790287872,7007,0,6203.98,5510.1
3,140679512588288,48048,0,31404.1,31535.7
3,140657794482176,8008,0,6203.98,5834.23
3,140657639292928,17017,0,0,0
3,140657783996416,5005,0,6203.98,7778.97
3,140658203426816,2002,0,1792.72,4183.48
3,140657765122048,3003,0,6203.98,6482.48
3,140657949671424,1001,0,6203.98,6482.48
3,140657823842304,29029,0,0,0
3,140657800773632,4004,0,6203.98,6806.6
3,140658192941056,4004,0,1792.72,4997.59
3,140657899339776,5005,0,6203.98,10047.8
3,140657681235968,26026,0,0,0
3,140679539851264,20020,0,10738.5,8392.12
3,140679554531328,11011,0,10738.5,7829.29
3,140657502978048,28028,0,0,0
3,140658190843904,5005,0,1792.72,6520.21
3,140679571308544,114114,0,68091.4,75219.5
4,140658207621120,8008,0,1792.72,4471.19
4,140657362468864,20020,0,0,0
4,140679510491136,91091,0,49956.1,47129.8
4,140657549115392,19019,0,0,0
4,140658222301184,2002,0,1792.72,5560.42
4,140657544921088,29029,0,0,0
4,140679523074048,36036,0,14827.5,11964
4,140679558725632,11011,0,10738.5,8143.98
4,140657511366656,2002,0,2610.5,5510.1
4,140657228251136,13013,0,0,0
4,140679567114240,13013,0,10738.5,5538.65
4,140658197135360,3003,0,1792.72,2510.96
4,140657681235968,1001,0,2610.5,8427.22
4,140657366663168,17017,0,0,0
4,140679565017088,12012,0,11787.8,10810.5
4,140657651875840,4004,0,2610.5,3889.49
4,140657402314752,26026,0,0,0
4,140658216009728,2002,0,1792.72,3627.18
4,140657765122048,1001,0,2610.5,3786.52
4,140679514685440,45045,0,34839.2,29029.2
4,140657372954624,24024,0,0,0
4,140658180358144,3003,0,1792.72,4024.62
4,140657419091968,22022,0,0,0
4,140679560822784,10010,0,10738.5,6727.83
4,140657630904320,4004,0,2610.5,7130.72
4,140657242931200,22022,0,0,0
4,140679539851264,17017,0,11787.8,10617.8
4,140657364566016,26026,0,0,0
4,140658169872384,1001,0,1792.72,3547.57
4,140657664458752,0,0,2610.5,7130.72
4,140657521852416,8008,0,2610.5,4861.86
4,140679508393984,94094,0,49956.1,54013.3
4,140657379246080,30030,0,0,0
4,140657500880896,0,0,2610.5,7130.72
4,140657807065088,0,0,2610.5,2942.27
4,140657798676480,2002,0,2610.5,3701.1
4,140658182455296,2002,0,1792.72,4679.52
4,140657647681536,2002,0,2610.5,6158.35
4,140679516782592,42042,0,31404.1,28905.9
4,140657505075200,5005,0,2610.5,4861.86
4,140657645584384,0,0,2610.5,11020.2
4,140657526046720,1001,0,2610.5,6806.6
4,140657513463808,2002,0,2610.5,6482.48
4,140658171969536,1001,0,1792.72,3532.09
4,140657494589440,22022,0,15141.7,29819.4
4,140679527268352,31031,0,15677.5,14395
4,140657905631232,2002,0,2610.5,4856.88
4,140679554531328,14014,0,10738.5,7394.83
4,140657385537536,16016,0,0,0
4,140657557504000,29029,0,0,0
4,140657825939456,6006,0,2610.5,8427.22
4,140658174066688,2002,0,1792.72,3966.55
4,140657955962880,9009,0,2610.5,4447.34
4,140679506296832,2.42252e+07,0,2.40567e+07,1.29465e+07
4,140657408606208,23023,0,0,0
4,140657792385024,3003,0,2610.5,2575.44
4,140658167775232,6006,0,1792.72,4883.99
4,140657911922688,2002,0,2610.5,4728.76
4,140658176163840,5005,0,1792.72,2761.88
4,140679529365504,23023,0,18808.2,16627.8
4,140658230689792,6006,0,1792.72,3505.1
4,140657660264448,4004,0,2610.5,9075.47
4,140658218106880,7007,0,1792.72,5236.3
4,140658186649600,3003,0,1603.16,1957.44
4,140679571308544,135135,0,82228.3,70988.3
4,140679525171200,27027,0,19790.9,18098.3
4,140657391828992,14014,0,0,0
4,140657542823936,13013,0,1920.03,1944.74
4,140657683333120,2002,0,2102.23,2268.87
4,140657425383424,17017,0,0,0
4,140657679138816,2002,0,2610.5,6482.48
4,140658195038208,5005,0,1792.72,3140.94
4,140679518879744,39039,0,22487.5,20275.3
4,140657515560960,4004,0,2610.5,8751.34
4,140657819648000,3003,0,2610.5,4562.89
4,140657538629632,4004,0,2610.5,6482.48
4,140657360371712,99099,0,0,0
4,140657960157184,3003,0,2610.5,5138.3
4,140658184552448,4004,0,1792.72,4138.11
4,140658224398336,4004,0,1792.72,6165.96
4,140679562919936,7007,0,10738.5,9070.38
4,140658201329664,5005,0,1792.72,3021.76
4,140657828036608,2002,0,2610.5,6806.6
4,140658031460352,0,0,1102.25,0
4,140657414897664,25025,0,0,0
4,140657779802112,3003,0,2610.5,4208.64
4,140657398120448,27027,0,0,0
4,140658188746752,3003,0,1792.72,2345.81
4,140679552434176,9009,0,11190.9,9602.72
4,140657922408448,3003,0,2610.5,4954.88
4,140657249222656,24024,0,0,0
4,140657641390080,2002,0,2610.5,10047.8
4,140657637195776,4004,0,2610.5,6158.35
4,140658228592640,5005,0,1792.72,3927.22
4,140658226495488,5005,0,1792.72,4716.18
4,140679531462656,31031,0,15677.5,14434.9
4,140658205523968,2002,0,1792.72,3128.72
4,140657502978048,2002,0,2610.5,9075.47
4,140657536532480,4004,0,2610.5,8751.34
4,140657909825536,3003,0,2610.5,6532.79
4,140657368760320,23023,0,0,0
4,140657800773632,5005,0,2610.5,4251.35
4,140657903534080,5005,0,2610.5,5095.59
4,140657962254336,2002,0,2610.5,5040.3
4,140657937088512,4004,0,2610.5,2997.56
4,140679537754112,14014,0,15677.5,14611.8
4,140657769316352,2002,0,2610.5,3927.22
4,140657375051776,20020,0,0,0
4,140658199232512,5005,0,1792.72,2939.25
4,140657404411904,22022,0,0,0
4,140657230348288,10010,0,0,0
4,140657941282816,3003,0,2610.5,4165.93
4,140657763024896,4004,0,12605.9,19188.8
4,140657928699904,4004,0,2610.5,4281.48
4,140657236639744,25025,0,0,0
4,140679520976896,30030,0,25027.4,20643.2
4,140657813356544,2002,0,2610.5,4012.64
4,140657811259392,2002,0,2610.5,5095.59
4,140657381343232,19019,0,0,0
4,140657553309696,23023,0,0,0
4,140657809162240,5005,0,2610.5,4110.64
4,140658209718272,2002,0,1792.72,3770.91
4,140657421189120,22022,0,0,0
4,140657519755264,1001,0,2610.5,11668.5
4,140657781899264,5005,0,2610.5,3364.39
4,140657914019840,2002,0,2610.5,4306.63
4,140657924505600,5005,0,2610.5,3645.81
4,140657821745152,1001,0,2610.5,10696.1
4,140679550337024,12012,0,13836.6,11743.6
4,140657245028352,12012,0,0,0
4,140657907728384,1001,0,2610.5,4477.47
4,140657387634688,18018,0,0,0
4,140657951768576,2002,0,2610.5,4165.93
4,140657530241024,3003,0,2610.5,4861.86
4,140657775607808,3003,0,2610.5,5266.43
4,140657949671424,2002,0,2610.5,3138.27
4,140679544045568,23023,0,11787.8,10339.6
4,140657658167296,2002,0,2610.5,7130.72
4,140657410703360,15015,0,0,0
4,140657771413504,4004,0,2610.5,5266.43
4,140657918214144,4004,0,2610.5,4630.76
4,140657628807168,0,0,15141.7,32412.4
4,140657943379968,1001,0,2610.5,4826.75
4,140657932894208,3003,0,2610.5,4349.34
4,140658203426816,2002,0,1792.72,2602.78
4,140679535656960,28028,0,18808.2,17605.9
4,140658165678080,6006,1,6009.06,11671.5
4,140657393926144,15015,0,0,0
4,140657523949568,4004,0,2610.5,5185.98
4,140657653972992,2002,0,2610.5,4861.86
4,140657498783744,4004,0,2610.5,8427.22
4,140657685430272,2002,0,2610.5,6158.35
4,140679546142720,13013,0,12510.2,11150.3
4,140657234542592,30030,0,0,0
4,140657783996416,2002,0,2610.5,4997.59
4,140657794482176,3003,0,2610.5,5125.72
4,140657226153984,54054,0,0,0
4,140657633001472,2002,0,2610.5,5834.23
4,140657815453696,5005,0,2610.5,3688.52
4,140657668653056,4004,0,2610.5,5510.1
4,140657509269504,5005,0,2610.5,7454.85
4,140657691721728,1001,0,2610.5,7130.72
4,140657920311296,3003,0,2610.5,5432.29
4,140657240834048,21021,0,0,0
4,140657534435328,1001,0,2610.5,5510.1
4,140657689624576,1001,0,2610.5,5510.1
4,140657656070144,4004,0,2420.95,2917.11
4,140657400217600,26026,0,0,0
4,140657416994816,14014,0,0,0
4,140657823842304,2002,0,2610.5,9399.59
4,140657507172352,1001,0,2610.5,5510.1
4,140657639292928,1001,0,2610.5,5510.1
4,140657817550848,1001,0,2610.5,4814.17
4,140657666555904,3003,0,2610.5,7778.97
4,140658178260992,3003,0,1792.72,4532.64
4,140658190843904,8008,0,1792.72,4774.13
4,140657899339776,3003,0,2610.5,5982.54
4,140657677041664,4004,0,2610.5,8427.22
4,140657370857472,39039,0,0,0
4,140657540726784,2002,0,2610.5,5185.98
4,140679533559808,17017,0,15677.5,14896.3
4,140657790287872,2002,0,2610.5,4660.89
4,140657947574272,3003,0,2610.5,2660.86
4,140657377148928,32032,0,0,0
4,140657251319808,9009,0,0,0
4,140657517658112,5005,0,2610.5,10047.8
4,140657939185664,2002,0,2610.5,5095.59
4,140657551212544,27027,0,0,0
4,140679569211392,12012,0,11190.9,9767.86
4,140657901436928,5005,0,2610.5,3590.52
4,140657693818880,5005,0,2610.5,6158.35
4,140657406509056,33033,0,0,0
4,140657662361600,5005,0,2610.5,8427.22
4,140657383440384,22022,0,0,0
4,140657934991360,3003,0,2610.5,4067.93
4,140657926602752,1001,0,2610.5,3351.81
4,140657559601152,34034,0,0,0
4,140657232445440,17017,0,0,0
4,140657643487232,1001,0,2610.5,9075.47
4,140658192941056,4004,0,1792.72,3835.16
4,140657773510656,1001,0,2610.5,4912.17
4,140657786093568,3003,0,2420.95,2251.31
4,140679512588288,57057,0,34839.2,30463.1
4,140657238736896,18018,0,0,0
4,140657532338176,3003,0,2420.95,3241.24
4,140657670750208,0,0,2610.5,5510.1
4,140657423286272,18018,0,0,0
4,140658211815424,4004,0,1792.72,4556.96
4,140657555406848,13013,0,0,0
4,140657389731840,18018,0,0,0
4,140657687527424,2002,0,2610.5,4213.61
4,140657788190720,3003,0,2610.5,5095.59
4,140657930797056,1001,0,2610.5,4630.76
4,140657804967936,3003,0,2610.5,3969.93
4,140657528143872,1001,0,2610.5,6158.35
4,140679541948416,18018,0,11190.9,9055.73
4,140657672847360,3003,0,2610.5,7454.85
4,140657496686592,5005,0,2610.5,5834.23
4,140657958060032,3003,0,2610.5,4954.88
4,140657247125504,22022,0,0,0
4,140657916116992,6006,0,2610.5,4826.75
4,140657767219200,2002,0,2610.5,4208.64
4,140657412800512,15015,0,0,0
4,140658213912576,2002,0,1792.72,4015.67
4,140657649778688,2002,0,2610.5,8103.1
4,140657396023296,20020,0,0,0
4,140657897242624,5005,0,9810.52,14480.3
4,140657802870784,4004,0,2610.5,4238.77
4,140679556628480,11011,0,10738.5,7315.7
4,140657796579328,1001,0,2610.5,3223.69
4,140657674944512,1001,0,2610.5,5185.98
4,140658220204032,5005,0,1792.72,5193.59
4,140657945477120,2002,0,2610.5,3419.68
4,140657777704960,1001,0,2610.5,3786.52
4,140657953865728,2002,0,2610.5,3040.27
4,140679548239872,12012,0,10738.5,6529.77
4,140657547018240,32032,0,0,0
4,140657635098624,3003,0,2610.5,6482.48
4,140679640514560,0,1,9111.05,0
5,140658207621120,1001,0,1792.72,5045.22
5,140657362468864,2002,0,2610.5,6482.48
5,140679510491136,64064,0,51734,53323.4
5,140657549115392,3003,0,2610.5,6158.35
5,140658222301184,9009,0,1792.72,3492.76
5,140657544921088,2002,0,2610.5,9399.59
5,140679523074048,33033,0,18808.2,18137.3
5,140679558725632,20020,0,10738.5,7883
5,140657511366656,1001,0,2610.5,3040.27
5,140657228251136,2002,0,2610.5,4213.61
5,140679567114240,7007,0,10738.5,7157.07
5,140657257611264,8008,0,0,0
5,140658197135360,2002,0,1792.72,2447.66
5,140657681235968,1001,0,2610.5,3982.51
5,140657366663168,1001,0,2610.5,5510.1
5,140679565017088,8008,0,11190.9,9365.44
5,140657651875840,4004,0,2610.5,2984.98
5,140657402314752,4004,0,2610.5,8427.22
5,140658216009728,4004,0,1792.72,2506.3
5,140657765122048,3003,0,2610.5,2275.52
5,140679514685440,43043,0,38185.9,30325.2
5,140657372954624,1001,0,2610.5,7778.97
5,140657094033408,14014,0,0,0
5,140658180358144,4004,0,1792.72,3139.19
5,140657419091968,2002,0,2610.5,7130.72
5,140679560822784,13013,0,10738.5,6650.41
5,140657630904320,5005,0,2610.5,4392.05
5,140657242931200,4004,0,2610.5,7130.72
5,140657272291328,16016,0,0,0
5,140679539851264,21021,0,12510.2,10913.4
5,140657364566016,1001,0,2610.5,8427.22
5,140658169872384,7007,0,1792.72,2245.76
5,140657664458752,0,0,2610.5,3095.56
5,140657521852416,2002,0,2610.5,4703.6
5,140679508393984,91091,0,58796.7,57608.4
5,140657379246080,5005,0,2610.5,9723.71
5,140657500880896,4004,0,2610.5,3095.56
5,140657807065088,0,0,2102.23,1492.61
5,140657798676480,7007,0,2610.5,2624.08
5,140658182455296,5005,1,1792.72,3526.36
5,140657647681536,4004,0,2610.5,3321.68
5,140679516782592,41041,0,33838.7,28241
5,140657505075200,4004,0,2610.5,3731.23
5,140657645584384,5005,0,2610.5,4784.04
5,140657526046720,5005,0,2610.5,3278.97
5,140657513463808,4004,0,2610.5,3462.39
5,140658171969536,8008,0,1603.16,2113.07
5,140657494589440,3003,1,12605.9,20075.8
5,140679527268352,29029,0,18808.2,17394.1
5,140657291165696,18018,0,0,0
5,140657905631232,5005,0,2610.5,3110.45
5,140679554531328,11011,0,10738.5,8465.7
5,140657385537536,3003,0,2610.5,5185.98
5,140657557504000,4004,0,2610.5,9399.59
5,140657825939456,5005,0,2610.5,5603.13
5,140658174066688,6006,0,1792.72,2915.1
5,140657955962880,1001,0,2610.5,5263.05
5,140679506296832,2.25896e+07,0,2.40098e+07,1.43013e+07
5,140657408606208,2002,0,2610.5,7454.85
5,140657792385024,3003,0,2420.95,2336.5
5,140658167775232,4004,0,1792.72,4617.92
5,140657253416960,25025,0,0,0
5,140657911922688,4004,0,2610.5,3147.11
5,140658176163840,4004,0,1792.72,3289.07
5,140679529365504,17017,0,18808.2,16228.1
5,140657268097024,19019,0,0,0
5,140658230689792,4004,0,1792.72,3743.21
5,140657660264448,3003,0,2610.5,5236.3
5,140658218106880,0,0,1792.72,4972.68
5,140658186649600,5005,0,1603.16,2150.24
5,140679571308544,126126,0,91264.4,79256.1
5,140679525171200,21021,0,19790.9,17922.8
5,140657391828992,2002,0,2610.5,4537.73
5,140657286971392,27027,0,0,0
5,140657542823936,2002,0,2610.5,5057.85
5,140657131782144,13013,0,0,0
5,140657127587840,24024,0,0,0
5,140657683333120,1001,0,1920.03,1633.2
5,140657135976448,15015,0,0,0
5,140657425383424,1001,0,2610.5,5510.1
5,140657679138816,5005,0,2610.5,3462.39
5,140657123393536,21021,0,0,0
5,140658195038208,3003,0,1792.72,3445.56
5,140657140170752,11011,0,0,0
5,140679518879744,30030,0,27657.7,22832.8
5,140657515560960,4004,0,2610.5,5095.59
5,140657819648000,2002,0,2610.5,3168.52
5,140657119199232,21021,0,0,0
5,140657538629632,2002,0,2610.5,4110.64
5,140657360371712,2002,0,15141.7,32088.3
5,140657144365056,21021,0,0,0
5,140657960157184,3003,0,2610.5,3587.5
5,140658184552448,5005,0,1792.72,3684.69
5,140658224398336,4004,0,1792.72,4434.65
5,140679562919936,7007,0,10738.5,6916.16
5,140658201329664,7007,0,1792.72,3405.55
5,140657828036608,5005,0,2610.5,3603.1
5,140658031460352,0,0,1102.25,0
5,140657148559360,19019,0,0,0
5,140657414897664,3003,0,2610.5,8103.1
5,140657779802112,11011,0,2610.5,3153.16
5,140657398120448,1001,0,2610.5,8751.34
5,140658188746752,3003,0,1603.16,2315.18
5,140657282777088,20020,0,0,0
5,140657112907776,20020,0,0,0
5,140679552434176,9009,0,10738.5,7910.49
5,140657922408448,2002,0,2610.5,3523.25
5,140657263902720,21021,0,0,0
5,140657249222656,5005,0,2610.5,7778.97
5,140657641390080,2002,0,2610.5,5010.17
5,140657152753664,20020,0,0,0
5,140657637195776,2002,0,2610.5,3969.93
5,140658228592640,4004,0,1792.72,3648.48
5,140658226495488,6006,0,1792.72,4006.35
5,140679531462656,26026,0,18808.2,17582.8
5,140657108713472,15015,0,0,0
5,140658205523968,2002,0,1792.72,2445.18
5,140657502978048,1001,0,2610.5,4588.05
5,140657536532480,2002,0,2610.5,5095.59
5,140657909825536,2002,0,2610.5,4239.01
5,140657368760320,1001,0,2610.5,7454.85
5,140657800773632,3003,0,2610.5,3789.18
5,140657156947968,24024,0,0,0
5,140657903534080,2002,0,2610.5,4247.96
5,140657962254336,3003,0,2610.5,3174.69
5,140657937088512,3003,0,2610.5,2890.01
5,140679537754112,26026,0,14827.5,11927.6
5,140657769316352,2002,0,2610.5,2676.1
5,140657375051776,2002,0,2610.5,6482.48
5,140658199232512,5005,0,1792.72,3449.56
5,140657104519168,23023,0,0,0
5,140657278582784,26026,0,0,0
5,140657404411904,1001,0,2610.5,7130.72
5,140657230348288,3003,0,2420.95,3241.24
5,140657941282816,1001,0,2610.5,3165.38
5,140657763024896,5005,1,7549.49,10980.1
5,140657928699904,2002,0,2610.5,3339.72
5,140657236639744,3003,0,2610.5,8103.1
5,140656959815680,15015,0,0,0
5,140679520976896,21021,0,25027.4,20299.5
5,140657813356544,5005,0,2610.5,2651.67
5,140657811259392,1001,0,2610.5,3275.59
5,140657381343232,5005,0,2610.5,6158.35
5,140657553309696,6006,0,2610.5,7454.85
5,140657809162240,2002,0,2610.5,3712.72
5,140658209718272,5005,0,1792.72,2822.84
5,140657421189120,2002,0,2610.5,7130.72
5,140657259708416,19019,0,0,0
5,140657519755264,3003,0,2610.5,5389.58
5,140657100324864,15015,0,0,0
5,140657781899264,4004,0,2610.5,3342.62
5,140657914019840,5005,0,2610.5,2917.72
5,140657924505600,4004,0,2610.5,3495.55
5,140657821745152,3003,0,2610.5,4967.46
5,140679550337024,8008,0,12510.2,10125
5,140657245028352,3003,0,2610.5,3889.49
5,140657907728384,5005,0,2610.5,2544.71
5,140657387634688,4004,0,2610.5,5834.23
5,140657951768576,2002,0,2610.5,2841.25
5,140657530241024,4004,0,2610.5,3082.98
5,140657775607808,5005,0,2610.5,3550.84
5,140657949671424,4004,0,2610.5,2318.23
5,140657274388480,17017,0,0,0
5,140679544045568,18018,0,14827.5,12809.9
5,140657096130560,18018,0,0,0
5,140657658167296,2002,0,2610.5,3743.81
5,140657410703360,0,0,2610.5,4861.86
5,140657771413504,3003,0,2610.5,3874.96
5,140657918214144,2002,0,2610.5,3706.67
5,140657628807168,5005,0,9810.52,14070.7
5,140657943379968,3003,0,2610.5,2911.67
5,140657932894208,7007,0,2610.5,3229.62
5,140658203426816,4004,0,1603.16,2087.96
5,140679535656960,23023,0,19790.9,18089.5
5,140658165678080,1001,1,2841.74,9064.43
5,140657393926144,1001,0,2610.5,4861.86
5,140657523949568,1001,0,2610.5,3547.81
5,140657091936256,84084,0,0,0
5,140657255514112,26026,0,0,0
5,140657653972992,3003,0,2610.5,2758.86
5,140657498783744,4004,0,2610.5,4954.88
5,140657685430272,1001,0,2610.5,3321.68
5,140679546142720,30030,0,12510.2,10183.5
5,140657234542592,3003,0,2610.5,9723.71
5,140657783996416,1001,0,2610.5,3186.91
5,140657794482176,2002,0,2610.5,3474.37
5,140657226153984,56056,0,6699.53,17502.7
5,140657633001472,2002,0,2610.5,3180.98
5,140657270194176,17017,0,0,0
5,140657815453696,1001,0,2610.5,3483.33
5,140657668653056,4004,0,2610.5,3688.52
5,140657509269504,3003,0,2610.5,4856.88
5,140657691721728,2002,0,2610.5,3419.68
5,140657920311296,3003,0,2610.5,3853.55
5,140657240834048,3003,0,2610.5,6806.6
5,140657534435328,5005,0,2610.5,2716.15
5,140657689624576,10010,0,2610.5,2716.15
5,140657656070144,0,0,2420.95,2562.86
5,140657400217600,6006,0,2610.5,8427.22
5,140657289068544,30030,0,0,0
5,140657416994816,2002,0,2610.5,4537.73
5,140657823842304,5005,0,2610.5,4728.76
5,140657507172352,1001,0,2610.5,2716.15
5,140657639292928,2002,0,2610.5,2716.15
5,140657817550848,4004,0,2610.5,2798.54
5,140657666555904,1001,0,2610.5,4349.34
5,140658178260992,5005,0,1792.72,3649.76
5,140658190843904,3003,0,1792.72,5234.59
5,140657899339776,4004,0,2610.5,4046.28
5,140657677041664,0,0,2610.5,4954.88
5,140657370857472,3003,0,3062.89,12640.8
5,140657540726784,2002,0,2610.5,2899.56
5,140679533559808,23023,0,15677.5,13292.9
5,140657790287872,2002,0,2610.5,2933.08
5,140657129684992,14014,0,0,0
5,140657133879296,16016,0,0,0
5,140657125490688,14014,0,0,0
5,140657138073600,18018,0,0,0
5,140657947574272,7007,0,2420.95,2312.06
5,140657377148928,2002,0,2610.5,10372
5,140657121296384,12012,0,0,0
5,140657251319808,11011,0,2420.95,2917.11
5,140657142267904,15015,0,0,0
5,140657265999872,21021,0,0,0
5,140657517658112,3003,0,2610.5,5982.54
5,140657284874240,17017,0,0,0
5,140657117102080,12012,0,0,0
5,140657939185664,1001,0,2610.5,3275.59
5,140657551212544,3003,0,2610.5,8751.34
5,140679569211392,10010,0,11190.9,9015.34
5,140657901436928,2002,0,2610.5,3394.65
5,140657146462208,28028,0,0,0
5,140657693818880,0,0,2610.5,4294.06
5,140657406509056,0,0,2610.5,10696.1
5,140657662361600,2002,0,2610.5,5279.01
5,140657383440384,2002,0,2610.5,7130.72
5,140657115004928,17017,0,0,0
5,140657934991360,4004,0,2610.5,3076.69
5,140657926602752,4004,0,2420.95,1933
5,140657559601152,3003,0,2610.5,11020.2
5,140657150656512,16016,0,0,0
5,140657232445440,1001,0,2610.5,5510.1
5,140657643487232,6006,0,2610.5,4263.93
5,140658192941056,3003,0,1792.72,3495.32
5,140657773510656,3003,0,2610.5,2887.23
5,140657786093568,4004,0,2420.95,2195.79
5,140679512588288,47047,0,38185.9,34172.9
5,140657110810624,15015,0,0,0
5,140657238736896,2002,0,2610.5,5834.23
5,140657532338176,3003,0,2420.95,2379.44
5,140657670750208,3003,0,2610.5,2392.02
5,140657423286272,1001,0,2610.5,5834.23
5,140658211815424,3003,0,1792.72,3809.4
5,140657555406848,1001,0,2610.5,4213.61
5,140657154850816,13013,0,0,0
5,140657389731840,4004,0,2610.5,5834.23
5,140657280679936,18018,0,0,0
5,140657687527424,3003,0,2420.95,2477.44
5,140657788190720,3003,0,2610.5,3599.72
5,140657930797056,3003,0,2610.5,2734.3
5,140657106616320,29029,0,0,0
5,140657804967936,4004,0,2610.5,2988.01
5,140657528143872,4004,0,2610.5,2997.56
5,140657261805568,13013,0,0,0
5,140679541948416,15015,0,12510.2,10739.6
5,140657672847360,5005,0,2610.5,4208.64
5,140657496686592,1001,0,2610.5,4153.35
5,140656957718528,20020,0,0,0
5,140657958060032,10010,0,2610.5,3523.25
5,140657247125504,6006,0,2610.5,7130.72
5,140657916116992,2002,0,2610.5,4532.29
5,140657767219200,5005,0,2610.5,2829.03
5,140657412800512,1001,0,2610.5,4861.86
5,140658213912576,11011,0,1792.72,2891.74
5,140657102422016,15015,0,0,0
5,140657649778688,3003,0,2610.5,4165.93
5,140657396023296,2002,0,2610.5,6482.48
5,140657897242624,3003,0,5708.58,9383.25
5,140657802870784,3003,0,2610.5,3351.94
5,140679556628480,18018,0,10738.5,7862.53
5,140657276485632,9009,0,0,0
5,140657796579328,2002,0,2420.95,1969.66
5,140657674944512,4004,0,2610.5,2575.44
5,140658220204032,6006,0,1792.72,4336.65
5,140657945477120,4004,0,2610.5,2471.15
5,140657777704960,3003,0,2610.5,2275.52
5,140657953865728,5005,0,2610.5,2229.54
5,140679548239872,14014,0,10738.5,7492.45
5,140657547018240,5005,0,2610.5,10372
5,140657635098624,3003,0,2610.5,3786.52
5,140657098227712,28028,0,0,0
5,140679640514560,0,1,9111.05,0
6,140658207621120,4004,0,1792.72,3137.51
6,140657362468864,4004,0,2610.5,3462.39
6,140679510491136,68068,0,49956.1,48836.9
6,140657549115392,0,0,2610.5,3645.81
6,140658222301184,3003,0,1792.72,5043.47
6,140657544921088,1001,0,2610.5,4728.76
6,140679523074048,35035,0,22487.5,20162.7
6,140679558725632,12012,0,11787.8,10919.9
6,140657511366656,0,0,2420.95,1905.42
6,140656987078656,22022,0,0,0
6,140657228251136,2002,0,2420.95,2477.44
6,140679567114240,11011,0,10738.5,6072.07
6,140656966107136,17017,0,0,0
6,140657257611264,2002,0,2102.23,2592.99
6,140658197135360,2002,0,1603.16,2139.7
6,140657681235968,2002,0,2610.5,2452.88
6,140657366663168,0,0,2610.5,2716.15
6,140679565017088,17017,0,10738.5,7801.13
6,140657651875840,1001,0,2610.5,2776.89
6,140656846569472,22022,0,0,0
6,140657402314752,1001,0,2610.5,4954.88
6,140658216009728,4004,0,1792.72,2784.52
6,140657765122048,2002,0,2610.5,2387.2
6,140679514685440,48048,0,38185.9,31002.1
6,140657372954624,0,0,2610.5,3701.1
6,140657094033408,1001,0,2610.5,4537.73
6,140658180358144,4004,0,1792.72,3187.65
6,140657419091968,3003,0,2610.5,3743.81
6,140679560822784,9009,0,10738.5,7812.66
6,140657630904320,1001,0,2610.5,3865.65
6,140657242931200,2002,0,2610.5,4392.05
6,140657272291328,0,0,2610.5,5185.98
6,140679539851264,16016,0,14827.5,12686.4
6,140656863346688,1001,0,0,0
6,140657364566016,1001,0,2610.5,3982.51
6,140658169872384,6006,0,1792.72,3718.91
6,140657664458752,2002,0,2420.95,1682.2
6,140657521852416,1001,0,2610.5,2920.86
6,140679508393984,114114,0,68091.4,60036
6,140657379246080,1001,0,2610.5,5841.83
6,140657500880896,2002,0,2610.5,2978.69
6,140657807065088,0,0,1920.03,960.703
6,140656970301440,24024,0,0,0
6,140657003855872,11011,0,0,0
6,140657798676480,3003,0,2610.5,3880.42
6,140658182455296,4004,1,1792.72,4054.22
6,140657647681536,1001,0,2610.5,3030.72
6,140679516782592,35035,0,34839.2,28592.3
6,140657505075200,5005,0,2610.5,3146.99
6,140657645584384,1001,0,2610.5,4220.38
6,140657526046720,2002,0,2610.5,3367.06
6,140656825597952,29029,0,0,0
6,140657513463808,2002,0,2610.5,3107.18
6,140656831889408,15015,0,0,0
6,140658171969536,2002,0,1792.72,3883.42
6,140657494589440,2002,1,7549.49,11102.6
6,140679527268352,24024,0,19790.9,18515.8
6,140657291165696,1001,0,2610.5,5834.23
6,140657905631232,1001,0,2610.5,3485.79
6,140679554531328,15015,0,10738.5,8168.42
6,140657385537536,2002,0,2610.5,3223.69
6,140657557504000,1001,0,2610.5,5377
6,140657825939456,0,0,2610.5,4452.92
6,140658174066688,4004,0,1792.72,3836.55
6,140657955962880,4004,0,2610.5,3153.8
6,140679506296832,2.48748e+07,0,2.34913e+07,1.48101e+07
6,140657408606208,2002,0,2610.5,3884.51
6,140657792385024,2002,0,2420.95,2306.74
6,140658167775232,1001,0,1792.72,3977.54
6,140657253416960,4004,0,2610.5,8103.1
6,140656857055232,17017,0,0,0
6,140656974495744,27027,0,0,0
6,140657911922688,2002,0,2610.5,3245.7
6,140658176163840,3003,0,1792.72,3232.83
6,140656840278016,17017,0,0,0
6,140679529365504,25025,0,17938.5,14594.1
6,140657268097024,0,0,2610.5,6158.35
6,140658230689792,5005,0,1792.72,3310.39
6,140657660264448,2002,0,2610.5,3676.18
6,140658218106880,4004,0,1792.72,2753.43
6,140658186649600,1001,0,1792.72,2910.76
6,140679571308544,101101,0,103374,82378.9
6,140679525171200,30030,0,18808.2,16502.9
6,140657391828992,2002,0,2610.5,2618.15
6,140657286971392,1001,0,2610.5,8751.34
6,140657542823936,1001,0,2610.5,2936.22
6,140657131782144,0,0,2610.5,4213.61
6,140657127587840,2002,0,2610.5,7778.97
6,140657683333120,2002,0,1920.03,1140.78
6,140657135976448,3003,0,2610.5,4861.86
6,140657425383424,6006,0,2610.5,2716.15
6,140657679138816,2002,0,2610.5,3431.31
6,140657123393536,2002,0,2610.5,6806.6
6,140658195038208,3003,0,1792.72,2988.16
6,140657140170752,3003,0,2610.5,3565.36
6,140679518879744,28028,0,27657.7,21715.5
6,140657008050176,12012,0,0,0
6,140657515560960,2002,0,2610.5,3923.84
6,140657819648000,4004,0,2610.5,2413.39
6,140657119199232,1001,0,2610.5,6806.6
6,140656993370112,19019,0,0,0
6,140657538629632,0,0,2610.5,2740.35
6,140657360371712,0,0,9810.52,14578.3
6,140656976592896,16016,0,0,0
6,140657144365056,2002,0,2610.5,6806.6
6,140657960157184,0,0,2610.5,3082.72
6,140658184552448,4004,0,1792.72,3892.35
6,140658224398336,0,1,1792.72,3885.2
6,140679562919936,16016,0,10738.5,6272.28
6,140658201329664,2002,0,1792.72,4271.05
6,140657828036608,0,0,2610.5,3507.77
6,140656850763776,24024,0,0,0
6,140658031460352,0,0,1102.25,0
6,140657148559360,2002,0,2610.5,6158.35
6,140657414897664,3003,0,2610.5,4490.05
6,140657779802112,6006,0,2610.5,5418.31
6,140657398120448,1001,0,2610.5,4123.22
6,140658188746752,3003,0,1603.16,2349.6
6,140657282777088,0,0,2610.5,6482.48
6,140657112907776,0,0,2610.5,6482.48
6,140679552434176,8008,0,10738.5,7469.89
6,140657922408448,3003,0,2610.5,2734.37
6,140657263902720,2002,0,2610.5,6806.6
6,140657249222656,0,0,2610.5,4997.59
6,140657641390080,1001,0,2610.5,3300.03
6,140657152753664,2002,0,2610.5,6482.48
6,140657637195776,1001,0,2610.5,2663.89
6,140657020633088,18018,0,0,0
6,140656836083712,20020,0,0,0
6,140658228592640,3003,0,1792.72,3326.39
6,140658226495488,1001,0,1792.72,4179.8
6,140679531462656,21021,0,19790.9,17765
6,140657108713472,3003,0,2610.5,4861.86
6,140658205523968,5005,0,1603.16,2210.92
6,140656980787200,20020,0,0,0
6,140657502978048,0,0,2610.5,2746.52
6,140657536532480,3003,0,2610.5,3275.59
6,140657909825536,6006,0,2610.5,3144.7
6,140657368760320,1001,0,2610.5,3560.39
6,140657800773632,3003,0,2610.5,3078.73
6,140657156947968,1001,0,2610.5,7778.97
6,140657903534080,4004,0,2610.5,3068.02
6,140657962254336,3003,0,2610.5,2861.77
6,140656997564416,18018,0,0,0
6,140657937088512,1001,0,2610.5,2604.16
6,140679537754112,19019,0,15677.5,15140
6,140657769316352,2002,0,2420.95,2256.02
6,140657375051776,2002,0,2610.5,3462.39
6,140658199232512,2002,0,1792.72,3702.18
6,140657104519168,2002,0,2610.5,7454.85
6,140657012244480,19019,0,0,0
6,140657278582784,0,0,2610.5,8427.22
6,140657404411904,1001,0,2610.5,3419.68
6,140657230348288,3003,0,2420.95,2379.44
6,140656844472320,15015,0,0,0
6,140657941282816,0,0,2610.5,2205.09
6,140657763024896,2002,1,3659.81,8386
6,140657928699904,1001,0,2610.5,2449.62
6,140657236639744,2002,0,2610.5,4490.05
6,140656959815680,5005,0,2610.5,4861.86
6,140679520976896,33033,0,22487.5,17896.3
6,140657813356544,4004,0,2610.5,3172.37
6,140657811259392,0,0,2610.5,2321.78
6,140657381343232,1001,0,2610.5,4294.06
6,140656861249536,19019,0,0,0
6,140657553309696,0,0,2610.5,5181.01
6,140657809162240,0,0,2610.5,2702.37
6,140658209718272,3003,0,1792.72,3457.21
6,140657421189120,2002,0,2610.5,3743.81
6,140657259708416,0,0,2610.5,6158.35
6,140657519755264,1001,0,2610.5,3865.77
6,140657100324864,0,0,2610.5,4861.86
6,140657781899264,4004,0,2610.5,3117.44
6,140656984981504,26026,0,0,0
6,140657914019840,2002,0,2610.5,3413.11
6,140657924505600,5005,0,2610.5,3221.92
6,140657821745152,1001,0,2610.5,3636.38
6,140679550337024,14014,0,11190.9,8460.13
6,140657245028352,1001,0,2610.5,2660.86
6,140656964009984,26026,0,0,0
6,140657907728384,6006,0,2610.5,3160.37
6,140657387634688,1001,0,2610.5,3829.22
6,140657951768576,1001,0,2610.5,2388.5
6,140657530241024,1001,0,2610.5,2865.57
6,140657775607808,1001,0,2610.5,3646.94
6,140657949671424,2002,0,2610.5,2699.1
6,140657274388480,3003,0,2610.5,5510.1
6,140679544045568,14014,0,14827.5,12582.4
6,140656823500800,51051,0,0,0
6,140657096130560,2002,0,2610.5,5834.23
6,140657001758720,5005,0,0,0
6,140657658167296,3003,0,2610.5,2611.86
6,140657410703360,2002,0,2420.95,2110.61
6,140657771413504,3003,0,2610.5,3139.4
6,140656854958080,29029,0,0,0
6,140657918214144,2002,0,2610.5,2798.62
6,140657628807168,2002,0,5708.58,9266.98
6,140657943379968,2002,0,2610.5,2861.11
6,140656968204288,26026,0,0,0
6,140657932894208,0,0,2610.5,4174.06
6,140658203426816,3003,0,1603.16,2575.5
6,140679535656960,17017,0,19790.9,17245.5
6,140657016438784,23023,0,0,0
6,140656989175808,30030,0,0,0
6,140658165678080,4004,1,1792.72,6463.49
6,140657393926144,1001,0,2610.5,2434.73
6,140657523949568,0,0,2420.95,2110.37
6,140657091936256,2002,0,12605.9,27226.4
6,140657255514112,1001,0,2610.5,8427.22
6,140657653972992,2002,0,2610.5,2400.74
6,140657498783744,1001,0,2610.5,3847.38
6,140657685430272,2002,0,2420.95,2058.35
6,140679546142720,18018,0,15677.5,15581.6
6,140657234542592,0,0,2610.5,5193.59
6,140657783996416,0,0,2610.5,2241.53
6,140657794482176,3003,0,2610.5,2622.34
6,140657226153984,2002,1,15141.7,25749.1
6,140657633001472,2002,0,2610.5,2306.01
6,140657270194176,0,0,2610.5,5510.1
6,140656972398592,25025,0,0,0
6,140657815453696,3003,0,2610.5,2221.54
6,140657668653056,2002,0,2610.5,3159.21
6,140657509269504,2002,0,2610.5,3434.57
6,140657691721728,1001,0,2610.5,2471.15
6,140657920311296,3003,0,2610.5,3323.46
6,140657240834048,2002,0,2610.5,3927.22
6,140657534435328,2002,0,2610.5,3061.21
6,140656848666624,21021,0,0,0
6,140657689624576,1001,0,2610.5,4681.83
6,140657656070144,1001,0,1920.03,1251
6,140657005953024,16016,0,0,0
6,140657400217600,0,0,2610.5,5603.13
6,140657289068544,0,0,2610.5,9723.71
6,140657416994816,2002,0,2610.5,2618.15
6,140657823842304,2002,0,2610.5,4119.48
6,140657507172352,2002,0,2420.95,1764.71
6,140657639292928,0,0,2420.95,2088.84
6,140657817550848,2002,0,2610.5,3048.97
6,140657666555904,5005,0,2610.5,2581.37
6,140656991272960,28028,0,0,0
6,140658178260992,3003,1,1792.72,3990.71
6,140658190843904,3003,0,1792.72,3928.86
6,140657899339776,2002,0,2610.5,3720.27
6,140657677041664,2002,0,2610.5,2550.88
6,140657370857472,1001,0,2610.5,6459.95
6,140657540726784,3003,0,2420.95,2153.08
6,140656827695104,18018,0,0,0
6,140679533559808,27027,0,15677.5,14990.5
6,140657790287872,4004,0,2610.5,2352.93
6,140657129684992,1001,0,2610.5,4537.73
6,140657133879296,1001,0,2610.5,5185.98
6,140657125490688,0,0,2610.5,4537.73
6,140656833986560,23023,0,0,0
6,140657138073600,2002,0,2610.5,5834.23
6,140657947574272,2002,0,2610.5,3547.22
6,140657377148928,0,0,2610.5,5150.88
6,140657121296384,3003,0,2610.5,3889.49
6,140657018535936,22022,0,0,0
6,140657251319808,0,0,2610.5,4831.73
6,140657142267904,1001,0,2610.5,4861.86
6,140657265999872,1001,0,2610.5,6806.6
6,140657517658112,0,0,2610.5,4046.28
6,140657284874240,0,0,2610.5,5510.1
6,140657117102080,3003,0,2610.5,3889.49
6,140657939185664,3003,0,2610.5,2321.78
6,140657551212544,0,0,2610.5,4771.47
6,140679569211392,10010,0,10738.5,8330.36
6,140657901436928,4004,0,2610.5,2465.41
6,140657146462208,3003,0,2610.5,9075.47
6,140657693818880,1001,0,2610.5,2156.34
6,140657406509056,0,0,2610.5,4643.34
6,140657662361600,1001,0,2610.5,3339.84
6,140657383440384,0,0,2610.5,3743.81
6,140657115004928,2002,0,2610.5,5510.1
6,140657934991360,4004,0,2610.5,3097.21
6,140656842375168,21021,0,0,0
6,140657926602752,2002,0,2420.95,2418.35
6,140657559601152,2002,0,2610.5,5756.42
6,140656859152384,20020,0,0,0
6,140656978690048,21021,0,0,0
6,140657150656512,4004,0,2610.5,5185.98
6,140657232445440,2002,0,2610.5,2716.15
6,140657643487232,2002,0,2610.5,4226.43
6,140656995467264,31031,0,0,0
6,140658192941056,2002,0,1792.72,3101
6,140657773510656,3003,0,2610.5,2805.09
6,140657010147328,22022,0,0,0
6,140657786093568,1001,0,2420.95,2554.4
6,140679512588288,58058,0,38185.9,33502.9
6,140657110810624,2002,0,2610.5,4861.86
6,140657238736896,1001,0,2610.5,3180.98
6,140657532338176,0,0,2420.95,2159.13
6,140657670750208,0,0,2420.95,2272.25
6,140657423286272,1001,0,2610.5,2856.85
6,140658211815424,1001,0,1792.72,3272.18
6,140657555406848,1001,0,2420.95,2153.32
6,140657154850816,1001,0,2610.5,4213.61
6,140657389731840,0,0,2610.5,3829.22
6,140657280679936,2002,0,2610.5,5834.23
6,140657687527424,1001,0,2420.95,2247.81
6,140657788190720,3003,0,2610.5,3110.73
6,140657930797056,2002,0,2610.5,2700.62
6,140657106616320,3003,0,2610.5,9399.59
6,140657804967936,0,0,2610.5,3016.97
6,140657528143872,1001,0,2610.5,2890.01
6,140657261805568,1001,0,2610.5,4213.61
6,140679541948416,9009,0,12510.2,10736.9
6,140657672847360,2002,0,2610.5,3801.4
6,140657496686592,0,0,2610.5,2404
6,140656957718528,63063,0,2610.5,6482.48
6,140657958060032,3003,0,2610.5,5327.36
6,140657247125504,3003,0,2610.5,5040.3
6,140657916116992,3003,0,2610.5,3240.52
6,140656982884352,20020,0,0,0
6,140657767219200,5005,0,2610.5,3332.86
6,140656852860928,16016,0,0,0
6,140656829792256,24024,0,0,0
6,140657412800512,1001,0,2610.5,2434.73
6,140658213912576,6006,0,1792.72,5413.44
6,140657022730240,18018,0,0,0
6,140657102422016,1001,0,2610.5,4861.86
6,140657649778688,1001,0,2610.5,3165.38
6,140657396023296,0,0,2610.5,3462.39
6,140657897242624,2002,0,2610.5,6920.01
6,140657802870784,3003,0,2610.5,2801.76
6,140679556628480,10010,0,11787.8,10496.1
6,140656838180864,25025,0,0,0
6,140656999661568,22022,0,0,0
6,140656961912832,14014,0,0,0
6,140657276485632,0,0,2420.95,2917.11
6,140657796579328,1001,0,2102.23,1854.13
6,140657674944512,1001,0,2610.5,2660.62
6,140658220204032,2002,0,1792.72,4444.77
6,140657945477120,1001,0,2610.5,2803.58
6,140657777704960,5005,0,2610.5,2387.2
6,140657953865728,3003,0,2610.5,2942.98
6,140679548239872,17017,0,10738.5,8717.87
6,140657547018240,2002,0,2610.5,6123.25
6,140657635098624,1001,0,2610.5,2923.77
6,140657014341632,28028,0,0,0
6,140657098227712,1001,0,2610.5,9075.47
6,140679640514560,0,1,9111.05,0
7,140658207621120,3003,0,1736.43,3398.97
7,140657362468864,0,0,1792.72,3107.18
7,140679510491136,60060,0,49956.1,49746.9
7,140657549115392,0,0,1603.16,1874.93
7,140658222301184,4004,1,1736.43,3818.06
7,140657544921088,1001,0,1792.72,2822.98
7,140656714448896,25025,0,0,0
7,140679523074048,22022,0,25027.4,22238.6
7,140679558725632,13013,0,11190.9,9820.38
7,140657511366656,1001,0,1102.25,1181.66
7,140656987078656,0,0,1792.72,7130.72
7,140657228251136,0,0,1603.16,1923.69
7,140679567114240,9009,0,10738.5,7100.7
7,140656966107136,0,0,1792.72,5510.1
7,140657257611264,0,0,1284.45,1773.91
7,140656741711872,17017,0,0,0
7,140658197135360,6006,0,1341.54,2038.08
7,140657681235968,0,0,1603.16,2223.57
7,140657366663168,1001,0,1284.45,1440.59
7,140679565017088,10010,0,11190.9,10259.6
7,140657651875840,2002,0,1603.16,1819.65
7,140656846569472,1001,0,6203.98,7130.72
7,140657402314752,0,0,1792.72,2875.01
7,140658216009728,1001,0,1736.43,2945.82
7,140657765122048,3003,0,1603.16,2135.84
7,140679514685440,28028,0,38185.9,33591
7,140657372954624,1001,0,1792.72,1975.83
7,140657094033408,1001,0,1603.16,2294.02
7,140658180358144,3003,0,1736.43,3254.08
7,140657419091968,1001,0,1792.72,2935.99
7,140679560822784,7007,0,10738.5,7196.73
7,140657630904320,1001,0,1792.72,2482.72
7,140657242931200,2002,0,1792.72,2893.28
7,140657272291328,0,0,1603.16,2251.31
7,140679539851264,18018,0,13836.6,12129.5
7,140656863346688,23023,0,5513.52,324.124
7,140657364566016,0,0,1792.72,2452.88
7,140658169872384,2002,0,1736.43,4047.74
7,140657664458752,2002,0,1284.45,1797.45
7,140657521852416,0,0,1603.16,2000.8
7,140679508393984,77077,0,82228.3,70194
7,140657379246080,0,0,1792.72,3321.57
7,140657500880896,2002,0,1792.72,2360.28
7,140657807065088,1001,0,1102.25,739.319
7,140656970301440,1001,0,1792.72,7778.97
7,140657003855872,2002,0,1792.72,3565.36
7,140657798676480,1001,0,1792.72,3161.24
7,140658182455296,1001,1,1736.43,3949.63
7,140657647681536,1001,0,1603.16,2032.37
7,140679516782592,32032,0,31404.1,27543.6
7,140657505075200,4004,0,1792.72,3349.31
7,140657645584384,1001,0,1792.72,2803.7
7,140657526046720,0,0,1792.72,2525.21
7,140656825597952,0,0,6203.98,9399.59
7,140657513463808,0,0,1792.72,2408.73
7,140656831889408,1001,0,6203.98,4861.86
7,140658171969536,3003,0,1736.43,2734.34
7,140657494589440,3003,1,2119.39,7558.33
7,140679527268352,16016,0,19790.9,17900.7
7,140657291165696,1001,0,1792.72,2856.85
7,140657905631232,3003,0,1792.72,2398.91
7,140656555065344,26026,0,0,0
7,140679554531328,11011,0,10738.5,9555.68
7,140657385537536,2002,0,1792.72,2293.79
7,140657557504000,2002,0,1792.72,3104.4
7,140656733323264,20020,0,0,0
7,140657825939456,0,0,1792.72,2520.47
7,140658174066688,5005,0,1736.43,3603.88
7,140657955962880,1001,0,1792.72,3353.45
7,140679506296832,2.34184e+07,0,2.38837e+07,1.61973e+07
7,140657408606208,2002,0,1792.72,2688.32
7,140657792385024,2002,0,1284.45,2017.84
7,140658167775232,2002,0,1736.43,2813.73
7,140657253416960,0,0,1792.72,4814.17
7,140656857055232,1001,0,6203.98,5510.1
7,140656974495744,1001,0,1792.72,8751.34
7,140657911922688,2002,0,1792.72,2675.31
7,140658176163840,2002,0,1736.43,2940.7
7,140656840278016,1001,0,6203.98,5510.1
7,140679529365504,19019,0,17938.5,16848.1
7,140657268097024,0,0,1792.72,2673.44
7,140656888512512,19019,0,0,0
7,140658230689792,0,0,1736.43,3548.01
7,140656693477376,18018,0,0,0
7,140657660264448,3003,0,1792.72,2838.85
7,140658218106880,3003,0,1736.43,3205.91
7,140656748003328,38038,0,0,0
7,140658186649600,4004,0,1341.54,1976.53
7,140679571308544,150150,0,99503.5,77994.2
7,140679525171200,18018,0,19790.9,19278.6
7,140657391828992,1001,0,1603.16,2000.15
7,140657286971392,0,0,1792.72,4123.22
7,140657542823936,0,0,1603.16,1912.98
7,140656699768832,27027,0,0,0
7,140657131782144,0,0,1284.45,1829.19
7,140657127587840,1001,0,1792.72,4025.22
7,140657683333120,3003,0,1102.25,1307.54
7,140657135976448,2002,0,1792.72,3082.98
7,140657425383424,2002,0,1792.72,3385.33
7,140657679138816,1001,0,1792.72,2549.44
7,140657123393536,0,0,1792.72,3603.1
7,140658195038208,3003,0,1736.43,2851.16
7,140656878026752,11011,0,0,0
7,140657140170752,0,0,1603.16,2520.15
7,140679518879744,18018,0,25027.4,21258
7,140657008050176,2002,0,1792.72,3889.49
7,140657515560960,2002,0,1792.72,2927.32
7,140657819648000,3003,0,1792.72,2807.8
7,140657119199232,1001,0,1792.72,3278.97
7,140656993370112,0,0,1792.72,6158.35
7,140657538629632,0,0,1603.16,1632
7,140657360371712,1001,0,2841.74,7851.31
7,140656706060288,17017,0,0,0
7,140656976592896,1001,0,1792.72,5185.98
7,140657144365056,1001,0,1792.72,3603.1
7,140657960157184,1001,0,1603.16,1953.07
7,140658184552448,5005,0,1736.43,3701.47
7,140658224398336,4004,1,1736.43,2430.55
7,140679562919936,13013,0,10738.5,9041.85
7,140658201329664,4004,0,1736.43,3085.09
7,140657828036608,1001,0,1603.16,1953.43
7,140656850763776,3003,0,6203.98,7778.97
7,140656871735296,11011,0,0,0
7,140658031460352,0,0,1159.34,0
7,140657148559360,1001,0,1792.72,3321.68
7,140657414897664,1001,0,1792.72,3306.08
7,140656727031808,22022,0,0,0
7,140657779802112,2002,0,1792.72,4835.77
7,140656739614720,21021,0,0,0
7,140657398120448,1001,0,1792.72,2529.35
7,140658188746752,5005,0,1660.25,2401.45
7,140657282777088,0,0,1792.72,2814.14
7,140657112907776,1001,0,1792.72,2814.14
7,140679552434176,8008,0,10738.5,7110.58
7,140657922408448,1001,0,1792.72,2774.11
7,140656712351744,25025,0,0,0
7,140657263902720,0,0,1792.72,3603.1
7,140657249222656,0,0,1792.72,2538.66
7,140657641390080,2002,0,1792.72,2377.8
7,140657152753664,0,0,1792.72,3462.39
7,140657637195776,1001,0,1603.16,1903.89
7,140657020633088,3003,0,1792.72,5834.23
7,140656836083712,2002,0,6203.98,6482.48
7,140658228592640,1001,0,1736.43,2948.14
7,140658226495488,1001,0,1736.43,2727.4
7,140679531462656,15015,0,18808.2,16723.7
7,140657108713472,0,0,1792.72,3082.98
7,140658205523968,4004,0,1736.43,3099.38
7,140656867540992,13013,0,0,0
7,140656980787200,3003,0,1792.72,6482.48
7,140657502978048,1001,0,1603.16,1756.26
7,140657536532480,0,0,1792.72,2970.03
7,140657909825536,0,0,1792.72,4038.66
7,140657368760320,3003,0,1792.72,2223.49
7,140657800773632,1001,0,1792.72,2859.67
7,140657156947968,0,0,1792.72,3701.1
7,140657903534080,1001,0,1792.72,3292.78
7,140657962254336,0,0,1792.72,2776.37
7,140656997564416,2002,0,1792.72,5834.23
7,140657937088512,1001,0,1284.45,1895.02
7,140679537754112,14014,0,15677.5,14530.8
7,140656718643200,18018,0,0,0
7,140657769316352,1001,0,1603.16,2113.21
7,140657375051776,0,0,1792.72,2458.93
7,140658199232512,1001,0,1736.43,2888.68
7,140657104519168,1001,0,1792.72,3884.51
7,140656754294784,16016,0,0,0
7,140657012244480,1001,0,1792.72,6158.35
7,140657278582784,0,0,1792.72,3658.39
7,140657404411904,1001,0,1792.72,2147.03
7,140657230348288,1001,0,1603.16,2159.13
7,140656844472320,2002,0,6203.98,4861.86
7,140657941282816,1001,0,1284.45,1514.95
7,140657763024896,0,1,1792.72,6416.72
7,140657928699904,3003,0,1284.45,1828.66
7,140657236639744,1001,0,1792.72,2981.96
7,140656959815680,0,0,1792.72,3731.23
7,140679520976896,32032,0,25027.4,21259.4
7,140656731226112,11011,0,0,0
7,140657813356544,0,0,1792.72,3121.6
7,140657811259392,2002,0,1284.45,1626.18
7,140657381343232,1001,0,1792.72,2480.47
7,140656861249536,3003,0,6203.98,6158.35
7,140657553309696,0,0,1792.72,2602.91
7,140657809162240,0,0,1284.45,1704.98
7,140658209718272,4004,0,1736.43,3098.5
7,140657421189120,1001,0,1792.72,2611.86
7,140657259708416,0,0,1792.72,2673.44
7,140657519755264,3003,0,1792.72,2703.22
7,140657100324864,0,0,1603.16,2110.61
7,140657781899264,0,0,1792.72,3105.81
7,140656984981504,1001,0,1792.72,8427.22
7,140657914019840,0,0,1792.72,2691.17
7,140657924505600,1001,0,1792.72,3513.16
7,140657821745152,2002,0,1792.72,2546.52
7,140679550337024,6006,0,11190.9,9874.11
7,140656745906176,17017,0,0,0
7,140656722837504,25025,0,0,0
7,140657245028352,1001,0,1284.45,1663.81
7,140656964009984,1001,0,1792.72,8427.22
7,140657907728384,1001,0,1792.72,3787.23
7,140657387634688,1001,0,1792.72,2263.3
7,140657951768576,2002,0,1284.45,1903.31
7,140657530241024,1001,0,1603.16,1899.89
7,140657775607808,2002,0,1792.72,2465.63
7,140657949671424,3003,0,1603.16,2248.54
7,140657274388480,1001,0,1792.72,3364.39
7,140679544045568,13013,0,13836.6,11562.3
7,140656823500800,37037,0,10293,16530.3
7,140657096130560,1001,0,1792.72,3180.98
7,140657001758720,1001,0,1102.25,1620.62
7,140657658167296,3003,0,1792.72,2555.92
7,140656691380224,32032,0,0,0
7,140656886415360,13013,0,0,0
7,140657410703360,0,0,1284.45,1795.2
7,140657771413504,3003,0,1792.72,2908.92
7,140656854958080,2002,0,6203.98,9399.59
7,140656697671680,17017,0,0,0
7,140657918214144,1001,0,1792.72,2474.21
7,140656882221056,26026,0,0,0
7,140657628807168,1001,0,1792.72,6575.44
7,140657943379968,1001,0,1792.72,2530.75
7,140656968204288,0,0,1792.72,8427.22
7,140657932894208,4004,0,1792.72,2369.81
7,140658203426816,2002,0,1660.25,2489.07
7,140679535656960,15015,0,17938.5,15413
7,140657016438784,2002,0,1792.72,7454.85
7,140656989175808,0,0,1792.72,9723.71
7,140658165678080,3003,1,1736.43,6304.8
7,140657393926144,0,0,1284.45,1611.79
7,140656703963136,15015,0,0,0
7,140656737517568,5005,0,0,0
7,140657523949568,0,0,1284.45,1282.35
7,140656875929600,21021,0,0,0
7,140656724934656,14014,0,0,0
7,140657091936256,0,0,6009.06,12467.7
7,140657255514112,3003,0,1792.72,3982.51
7,140657653972992,0,0,1603.16,2006.84
7,140657498783744,1001,0,1792.72,2550.96
7,140657685430272,0,0,1603.16,1934.38
7,140679546142720,12012,0,15677.5,14237.1
7,140657234542592,1001,0,1792.72,2716.03
7,140656559259648,5005,0,0,0
7,140657783996416,1001,0,1284.45,1553.58
7,140657794482176,4004,0,1792.72,2650.14
7,140657226153984,0,1,8270.1,12656.9
7,140657633001472,0,0,1603.16,2022.85
7,140656710254592,19019,0,0,0
7,140657270194176,0,0,1792.72,2392.02
7,140656972398592,1001,0,1792.72,8103.1
7,140657815453696,3003,0,1603.16,2411.8
7,140657668653056,1001,0,1792.72,2404.95
7,140657509269504,1001,0,1792.72,2654.13
7,140656869638144,15015,0,0,0
7,140657691721728,1001,0,1603.16,1831.21
7,140657920311296,1001,0,1792.72,3143.27
7,140657240834048,2002,0,1792.72,2676.1
7,140657534435328,1001,0,1603.16,2316.27
7,140656848666624,2002,0,6203.98,6806.6
7,140657689624576,1001,0,1792.72,2695.68
7,140657656070144,0,0,1102.25,1100.11
7,140656752197632,22022,0,0,0
7,140657005953024,1001,0,1792.72,5185.98
7,140657400217600,2002,0,1792.72,2832.3
7,140657289068544,1001,0,1792.72,4221.22
7,140657416994816,1001,0,1603.16,2000.15
7,140657823842304,1001,0,1792.72,3019.57
7,140657507172352,1001,0,1284.45,1753.44
7,140657639292928,2002,0,1102.25,1245.9
7,140657817550848,1001,0,1792.72,2536.86
7,140657666555904,1001,0,1792.72,3244.39
7,140656991272960,0,0,1792.72,9075.47
7,140658178260992,1001,1,1736.43,3509.66
7,140658190843904,6006,1,1736.43,3476.33
7,140656716546048,24024,0,0,0
7,140657899339776,1001,0,1792.72,2991.71
7,140657677041664,3003,0,1792.72,2312.25
7,140657370857472,0,0,1792.72,3728.33
7,140657540726784,1001,0,1603.16,2242.5
7,140656827695104,0,0,6203.98,5834.23
7,140656865443840,18018,0,0,0
7,140679533559808,12012,0,17938.5,17308.8
7,140656729128960,26026,0,0,0
7,140657790287872,1001,0,1792.72,2803.95
7,140657129684992,1001,0,1603.16,2294.02
7,140657133879296,1001,0,1792.72,2575.44
7,140657125490688,1001,0,1603.16,1969.9
7,140656833986560,3003,0,6203.98,7454.85
7,140657138073600,1001,0,1792.72,3180.98
7,140657947574272,4004,0,1792.72,2518.68
7,140657377148928,0,0,1792.72,2728.25
7,140657121296384,0,0,1792.72,2660.86
7,140657018535936,1001,0,1792.72,7130.72
7,140657251319808,0,0,1792.72,2235.95
7,140656743809024,16016,0,0,0
7,140657142267904,0,0,1792.72,2434.73
7,140657265999872,1001,0,1792.72,3278.97
7,140657517658112,0,0,1792.72,2423.77
7,140657284874240,0,0,1792.72,2392.02
7,140657117102080,0,0,1792.72,2660.86
7,140657939185664,4004,0,1792.72,2598.56
7,140657551212544,2002,0,1792.72,2486.64
7,140679569211392,4004,0,10738.5,8230.39
7,140657901436928,2002,0,1792.72,2804.02
7,140657146462208,2002,0,1792.72,4912.17
7,140657693818880,1001,0,1284.45,1698.94
7,140656720740352,14014,0,0,0
7,140657406509056,1001,0,1792.72,2523.3
7,140657662361600,0,0,1792.72,2346.01
7,140657383440384,0,0,1792.72,1963.61
7,140657115004928,1001,0,1792.72,3040.27
7,140657934991360,2002,0,1792.72,3160.95
7,140656842375168,2002,0,6203.98,6806.6
7,140657926602752,1001,0,1284.45,2017.11
7,140657559601152,1001,0,1792.72,3670.13
7,140656859152384,1001,0,6203.98,6482.48
7,140656978690048,0,0,1792.72,6806.6
7,140657150656512,2002,0,1792.72,3547.81
7,140657232445440,2002,0,1603.16,2088.84
7,140657643487232,1001,0,1792.72,3031.58
7,140656995467264,0,0,1792.72,10047.8
7,140658192941056,5005,0,1736.43,2651.74
7,140657773510656,7007,0,1792.72,2792.89
7,140657010147328,1001,0,1792.72,7130.72
7,140657786093568,3003,0,1284.45,1782.18
7,140679512588288,52052,0,42211.5,37725.8
7,140657110810624,0,0,1792.72,2758.86
7,140657238736896,3003,0,1603.16,1981.88
7,140657532338176,2002,0,1102.25,1173.88
7,140657670750208,0,0,1284.45,1310.14
7,140657423286272,2002,0,1603.16,1841.18
7,140658211815424,1001,0,1660.25,2444.84
7,140657555406848,0,0,1284.45,1458.86
7,140657154850816,1001,0,1603.16,2153.32
7,140657389731840,1001,0,1603.16,1939.17
7,140657280679936,2002,0,1792.72,3180.98
7,140657687527424,0,0,1284.45,1578.25
7,140656689283072,92092,0,0,0
7,140656735420416,13013,0,0,0
7,140657788190720,1001,0,1792.72,2956.43
7,140656884318208,25025,0,0,0
7,140656695574528,25025,0,0,0
7,140657930797056,0,0,1603.16,2385.53
7,140657106616320,2002,0,1792.72,5052.88
7,140656557162496,9009,0,0,0
7,140657804967936,0,0,1603.16,1791.85
7,140657528143872,2002,0,1603.16,1955.91
7,140657261805568,2002,0,1603.16,2153.32
7,140679541948416,10010,0,11190.9,9062.94
7,140657672847360,1001,0,1792.72,2782.61
7,140656880123904,12012,0,0,0
7,140657496686592,2002,0,1284.45,1463.28
7,140656701865984,16016,0,0,0
7,140656957718528,2002,0,10122.5,23233.9
7,140657958060032,0,0,1792.72,3899.77
7,140657247125504,0,0,1792.72,3498.81
7,140657916116992,2002,0,1792.72,3096.48
7,140656982884352,0,0,1792.72,6482.48
7,140657767219200,0,0,1792.72,3590.94
7,140656852860928,2002,0,6203.98,5185.98
7,140656829792256,2002,0,6203.98,7778.97
7,140657412800512,0,0,1284.45,1611.79
7,140658213912576,4004,0,1736.43,4908.57
7,140657022730240,3003,0,1792.72,5834.23
7,140657102422016,0,0,1792.72,2434.73
7,140657649778688,3003,0,1792.72,2205.09
7,140656750100480,20020,0,0,0
7,140656873832448,21021,0,0,0
7,140657396023296,2002,0,1603.16,1810.69
7,140657897242624,1001,0,1792.72,5604.43
7,140656708157440,25025,0,0,0
7,140657802870784,1001,0,1792.72,2648.61
7,140679556628480,8008,0,10738.5,9174.78
7,140656838180864,1001,0,6203.98,8103.1
7,140656999661568,0,0,1792.72,7130.72
7,140656961912832,2002,0,1792.72,4537.73
7,140657276485632,0,0,1102.25,1266.36
7,140657796579328,1001,0,1102.25,1504.55
7,140657674944512,0,0,1284.45,1799.2
7,140658220204032,5005,1,1736.43,3279.97
7,140657945477120,1001,0,1603.16,2007.65
7,140657777704960,1001,0,1792.72,3108.21
7,140657953865728,2002,0,1792.72,2640.76
7,140679548239872,7007,0,11190.9,10395.9
7,140657547018240,0,0,1792.72,3798.62
7,140657635098624,3003,0,1603.16,2020.37
7,140657014341632,0,0,1792.72,9075.47
7,140657098227712,0,0,1792.72,4263.93
7,140679640514560,0,1,9111.05,0
8,140658222301184,4004,1,1736.43,3720.91
8,140657094033408,0,0,1284.45,1535.32
8,140679567114240,4004,0,10738.5,7010.85
8,140657544921088,1001,0,1792.72,2132.62
8,140657496686592,0,0,1284.45,1734.96
8,140679565017088,10010,0,10738.5,9161.06
8,140656714448896,2002,0,2610.5,8103.1
8,140657800773632,0,0,1603.16,2154.46
8,140679514685440,33033,0,33838.7,28806.9
8,140657674944512,2002,0,1102.25,1164.64
8,140657511366656,0,0,1102.25,1212.51
8,140657148559360,1001,0,1603.16,2058.35
8,140679548239872,10010,0,10738.5,8080.99
8,140657807065088,1001,0,1102.25,949.756
8,140658197135360,4004,0,1736.43,3301.65
8,140679560822784,10010,0,10738.5,6477.76
8,140657398120448,0,0,1603.16,1951.68
8,140658216009728,2002,0,1660.25,2089.26
8,140656980787200,3003,0,1792.72,3786.52
8,140679539851264,15015,0,14827.5,12856.5
8,140657769316352,1001,0,1284.45,1738.96
8,140657381343232,1001,0,1603.16,1839.64
8,140657406509056,2002,0,1603.16,2047.93
8,140658201329664,2002,0,1736.43,3306.94
8,140658180358144,1001,0,1736.43,2997.58
8,140657140170752,3003,0,1102.25,1263.22
8,140657419091968,0,0,1603.16,2048.38
8,140679508393984,86086,0,80000,64052.3
8,140657119199232,0,0,1792.72,2070.57
8,140656567648256,20020,0,0,0
8,140656848666624,1001,0,2610.5,3603.1
8,140657542823936,0,0,1102.25,1222.4
8,140658169872384,1001,0,1736.43,2974.7
8,140656582328320,14014,0,0,0
8,140679516782592,21021,0,31404.1,26730.5
8,140656974495744,1001,0,1792.72,4123.22
8,140656827695104,0,0,2610.5,2532.73
8,140658182455296,4004,1,1736.43,2949.17
8,140656599105536,11011,0,0,0
8,140679527268352,20020,0,17938.5,15510.9
8,140657519755264,1001,0,1792.72,2892.84
8,140656433430528,14014,0,0,0
8,140656443916288,15015,0,0,0
8,140656712351744,1001,0,2610.5,8103.1
8,140657645584384,1001,0,1603.16,2262.06
8,140657291165696,1001,0,1603.16,1841.18
8,140658171969536,6006,0,1736.43,2665.46
8,140657660264448,1001,0,1792.72,2857.34
8,140679554531328,7007,0,10738.5,9024.05
8,140657108713472,1001,0,1284.45,1569.08
8,140656970301440,0,0,1792.72,3701.1
8,140657135976448,0,0,1603.16,2217.32
8,140657012244480,0,0,1792.72,2997.56
8,140657146462208,0,0,1792.72,3211.35
8,140657521852416,0,0,1102.25,1335.75
8,140658174066688,2002,0,1736.43,3883.23
8,140656422944768,21021,0,0,0
8,140679506296832,2.39249e+07,0,2.36144e+07,1.66948e+07
8,140656706060288,1001,0,2610.5,5510.1
8,140657953865728,0,0,1603.16,2248.49
8,140658176163840,6006,0,1660.25,2532.43
8,140679529365504,17017,0,17938.5,16102.1
8,140657771413504,4004,0,1792.72,2845.39
8,140657955962880,3003,0,1603.16,2482.58
8,140657658167296,2002,0,1603.16,2567.42
8,140658186649600,5005,0,1660.25,2605.25
8,140657918214144,4004,0,1284.45,2022.29
8,140679525171200,15015,0,18808.2,16908.6
8,140656559259648,20020,0,1920.03,1620.62
8,140657911922688,2002,0,1603.16,2460.56
8,140658195038208,1001,0,1660.25,2819.48
8,140656615882752,32032,0,0,0
8,140679518879744,25025,0,19790.9,18308.5
8,140656743809024,0,0,2610.5,5185.98
8,140657792385024,0,0,1284.45,1929.71
8,140657016438784,1001,0,1792.72,3884.51
8,140658213912576,2002,1,1736.43,4177.72
8,140657557504000,1001,0,1792.72,2609.67
8,140657020633088,0,0,1792.72,3505.1
8,140658184552448,3003,1,1736.43,3987.23
8,140657809162240,2002,0,1102.25,1295.98
8,140679562919936,10010,0,10738.5,9347.34
8,140657941282816,1001,0,1102.25,1534.79
8,140657825939456,4004,0,1603.16,1777.73
8,140656840278016,3003,0,2610.5,2716.15
8,140658188746752,5005,0,1736.43,3103.51
8,140656588619776,24024,0,0,0
8,140679552434176,9009,0,10738.5,7059.18
8,140657907728384,1001,0,1792.72,2496.48
8,140657414897664,1001,0,1792.72,2281.55
8,140657008050176,3003,0,1603.16,2336.73
8,140657960157184,0,0,1284.45,1812.56
8,140657393926144,0,0,1102.25,1000.72
8,140658228592640,5005,0,1660.25,2189.31
8,140657920311296,1001,0,1603.16,2431.77
8,140656993370112,0,0,1792.72,2673.44
8,140679531462656,16016,0,15677.5,14737.7
8,140657282777088,0,0,1284.45,1529.27
8,140657828036608,0,0,1284.45,1684.83
8,140656571842560,22022,0,0,0
8,140657289068544,0,0,1792.72,2618.03
8,140657156947968,1001,0,1792.72,1975.83
8,140657947574272,0,0,1792.72,2823.96
8,140656605396992,22022,0,0,0
8,140658031460352,0,0,1159.34,0
8,140657962254336,1001,0,1284.45,1792.63
8,140656997564416,0,0,1792.72,3180.98
8,140679537754112,20020,0,14827.5,13011.3
8,140656873832448,1001,0,2610.5,6806.6
8,140657679138816,2002,0,1603.16,1924.63
8,140657425383424,1001,0,1792.72,2456.98
8,140656561356800,22022,0,0,0
8,140656745906176,3003,0,2610.5,5510.1
8,140657779802112,2002,0,1792.72,3437.87
8,140656710254592,1001,0,2610.5,6158.35
8,140657909825536,2002,0,1792.72,2488.37
8,140657928699904,1001,0,1603.16,2237.12
8,140679520976896,22022,0,25027.4,22696.7
8,140657104519168,0,0,1792.72,2364.2
8,140657523949568,1001,0,1102.25,951.249
8,140657263902720,5005,0,1603.16,1887.15
8,140656976592896,0,0,1792.72,2575.44
8,140657641390080,2002,0,1603.16,2336.42
8,140657924505600,0,0,1603.16,2399.18
8,140656861249536,3003,0,2610.5,3645.81
8,140679550337024,9009,0,10738.5,7970.29
8,140657817550848,2002,0,1284.45,2024.35
8,140657154850816,3003,0,1284.45,1458.86
8,140657670750208,1001,0,1102.25,936.845
8,140656439721984,18018,0,0,0
8,140658205523968,5005,0,1736.43,3164.14
8,140656735420416,2002,0,2610.5,4213.61
8,140656429236224,23023,0,0,0
8,140658192941056,1001,0,1736.43,3447.39
8,140657637195776,2002,0,1284.45,1617.39
8,140657763024896,1001,1,1792.72,4894.4
8,140657949671424,1001,0,1603.16,2421.14
8,140657914019840,1001,0,1284.45,1781.47
8,140679544045568,15015,0,12510.2,11086.2
8,140656448110592,13013,0,0,0
8,140657106616320,1001,0,1792.72,3287.81
8,140656838180864,0,0,2610.5,3841.8
8,140657926602752,1001,0,1102.25,1571.02
8,140657100324864,0,0,1102.25,1146.95
8,140657278582784,0,0,1792.72,1988.05
8,140656699768832,2002,0,2610.5,8751.34
8,140657932894208,2002,0,1792.72,2971.79
8,140656594911232,18018,0,0,0
8,140679535656960,18018,0,15677.5,14313.9
8,140656578134016,16016,0,0,0
8,140657781899264,2002,0,1284.45,1862.81
8,140658218106880,1001,0,1736.43,3068.89
8,140657672847360,6006,0,1603.16,2101.71
8,140657653972992,2002,0,1102.25,1239.5
8,140657813356544,3003,0,1284.45,1865.79
8,140657115004928,1001,0,1603.16,1905.42
8,140657536532480,1001,0,1603.16,1907.6
8,140657685430272,1001,0,1102.25,1253.04
8,140658203426816,1001,0,1341.54,2171.5
8,140657656070144,0,0,1102.25,724.188
8,140656836083712,3003,0,2610.5,3462.39
8,140657937088512,0,0,1102.25,1624.42
8,140657943379968,2002,0,1284.45,2073.44
8,140657509269504,1001,0,1603.16,2053.26
8,140657775607808,0,0,1603.16,2340.54
8,140657502978048,3003,0,1284.45,1670.28
8,140656701865984,0,0,2610.5,5185.98
8,140657811259392,1001,0,1284.45,1961.45
8,140657534435328,2002,0,1284.45,1747.55
8,140657662361600,0,0,1284.45,1636.81
8,140679546142720,13013,0,13836.6,12126.8
8,140658199232512,1001,0,1660.25,2262.95
8,140656854958080,3003,0,2610.5,4728.76
8,140656611688448,19019,0,0,0
8,140656691380224,1001,0,2610.5,10372
8,140656865443840,1001,0,2610.5,5834.23
8,140657375051776,0,0,1284.45,1479.07
8,140657823842304,1001,0,1603.16,2299.16
8,140658220204032,1001,1,1736.43,3819.96
8,140656882221056,1001,0,2610.5,8427.22
8,140656959815680,0,0,1603.16,1850.49
8,140658209718272,2002,0,1736.43,3308.39
8,140657096130560,0,0,1603.16,1981.88
8,140657540726784,1001,0,1284.45,1669.48
8,140657689624576,1001,0,1603.16,1989.16
8,140679533559808,17017,0,15677.5,13762.9
8,140657628807168,1001,0,1792.72,5149.35
8,140657783996416,2002,0,1102.25,1571.63
8,140657916116992,4004,0,1792.72,2722.99
8,140656720740352,1001,0,2610.5,4537.73
8,140657794482176,1001,0,1792.72,3005.04
8,140656989175808,0,0,1792.72,4221.22
8,140657230348288,3003,0,1284.45,1498
8,140657951768576,3003,0,1284.45,2023.85
8,140657939185664,4004,0,1792.72,3031.82
8,140657666555904,2002,0,1603.16,2259.59
8,140679569211392,11011,0,10738.5,6368.45
8,140657530241024,0,0,1284.45,1551.62
8,140657236639744,0,0,1792.72,2140.84
8,140657421189120,2002,0,1603.16,1907.67
8,140657815453696,1001,0,1603.16,2506.7
8,140656584425472,20020,0,0,0
8,140657387634688,3003,0,1284.45,1710.94
8,140657498783744,1001,0,1603.16,2061.62
8,140657633001472,1001,0,1102.25,1287.88
8,140657551212544,0,0,1792.72,2288.03
8,140658178260992,2002,1,1660.25,2684.18
8,140657773510656,1001,0,1792.72,4099.04
8,140679512588288,53053,0,42211.5,38345.1
8,140656601202688,13013,0,0,0
8,140656703963136,2002,0,2610.5,4861.86
8,140657245028352,1001,0,1102.25,1321.06
8,140657517658112,0,0,1603.16,1780.64
8,140657370857472,0,0,1792.72,2407.32
8,140657410703360,1001,0,1102.25,1064.96
8,140656722837504,1001,0,2610.5,8103.1
8,140657691721728,1001,0,1284.45,1585.52
8,140656435527680,19019,0,0,0
8,140657635098624,3003,0,1603.16,2331.48
8,140657528143872,0,0,1284.45,1937.73
8,140657693818880,2002,0,1102.25,1516.7
8,140679541948416,11011,0,10738.5,8878.81
8,140657240834048,2002,0,1603.16,2256.02
8,140657274388480,0,0,1603.16,2046.13
8,140657786093568,0,0,1284.45,2147.97
8,140656425041920,17017,0,0,0
8,140657677041664,0,0,1603.16,2544.72
8,140657930797056,1001,0,1284.45,1617.92
8,140657507172352,1001,0,1102.25,1441.69
8,140657416994816,2002,0,1284.45,1489.78
8,140657901436928,3003,0,1603.16,2334.05
8,140657897242624,1001,1,1792.72,4654.92
8,140657022730240,2002,0,1792.72,3505.1
8,140679556628480,7007,0,10738.5,8181.06
8,140657270194176,2002,0,1284.45,1299.88
8,140656875929600,1001,0,2610.5,6806.6
8,140657255514112,3003,0,1792.72,3101.13
8,140658190843904,1001,1,1736.43,4282.19
8,140657121296384,0,0,1284.45,1339.68
8,140657400217600,0,0,1792.72,2465.18
8,140657790287872,2002,0,1284.45,2043.76
8,140658211815424,2002,0,1341.54,2103.7
8,140656617979904,26026,0,0,0
8,140657091936256,1001,0,2245.11,6704.36
8,140657804967936,4004,0,1102.25,1308.66
8,140656987078656,0,0,1792.72,3095.56
8,140679571308544,139139,0,103374,94020.5
8,140657377148928,2002,0,1603.16,1824.5
8,140657630904320,1001,0,1603.16,1971.62
8,140656590716928,25025,0,0,0
8,140657796579328,3003,0,1102.25,1367.17
8,140657788190720,1001,0,1603.16,2264.61
8,140657802870784,3003,0,1284.45,1976.67
8,140656716546048,0,0,2610.5,7778.97
8,140657687527424,1001,0,1102.25,1015.57
8,140657643487232,1001,0,1603.16,2281.78
8,140657228251136,1001,0,1102.25,1113.42
8,140656573939712,17017,0,0,0
8,140679640514560,0,1,9111.05,0
8,140657396023296,2002,0,1284.45,1845.91
8,140656972398592,0,0,1792.72,3841.8
8,140657129684992,1001,0,1284.45,1535.32
8,140656607494144,26026,0,0,0
8,140657265999872,1001,0,1792.72,2070.57
8,140657555406848,2002,0,1102.25,896.246
8,140657280679936,1001,0,1792.72,2306.01
8,140657242931200,0,0,1792.72,2384.72
8,140656966107136,2002,0,1792.72,2392.02
8,140657010147328,0,0,1792.72,3419.68
8,140657232445440,0,0,1284.45,1894.15
8,140657389731840,3003,0,1284.45,1570.24
8,140657284874240,0,0,1284.45,1299.88
8,140657649778688,2002,0,1603.16,2487.32
8,140656884318208,0,0,2610.5,8103.1
8,140657125490688,2002,0,1284.45,1394.61
8,140657268097024,1001,0,1284.45,1452.81
8,140657133879296,0,0,1284.45,1688.25
8,140657423286272,2002,0,1284.45,1805.68
8,140657559601152,0,0,1792.72,2610.97
8,140657238736896,0,0,1603.16,2206.26
8,140657005953024,0,0,1792.72,2575.44
8,140657003855872,0,0,1603.16,2196.03
8,140657777704960,1001,0,1603.16,2149.54
8,140657117102080,0,0,1284.45,1339.68
8,140656991272960,2002,0,1792.72,3939.8
8,140657905631232,3003,0,1603.16,2630.67
8,140657408606208,1001,0,1792.72,2284.03
8,140656557162496,1001,0,2420.95,2917.11
8,140657142267904,1001,0,1284.45,1287.66
8,140657257611264,0,0,1102.25,893.123
8,140657526046720,0,0,1284.45,1589.88
8,140657547018240,0,0,1792.72,2335.3
8,140657934991360,0,0,1603.16,2585.44
8,140657412800512,2002,0,1102.25,1000.72
8,140656961912832,1001,0,1792.72,2618.15
8,140657110810624,2002,0,1284.45,1428.37
8,140657272291328,1001,0,1284.45,1223.42
8,140656880123904,1001,0,2610.5,3889.49
8,140657247125504,0,0,1792.72,2030.11
8,140657150656512,1001,0,1792.72,2434.49
8,140657018535936,1001,0,1792.72,3419.68
8,140656441819136,23023,0,0,0
8,140656833986560,2002,0,2610.5,4208.64
8,140656431333376,23023,0,0,0
8,140656741711872,0,0,2610.5,5510.1
8,140656748003328,3003,0,2610.5,12316.7
8,140657383440384,1001,0,1284.45,1302.13
8,140656978690048,0,0,1792.72,2954.85
8,140656580231168,24024,0,0,0
8,140656597008384,26026,0,0,0
8,140656727031808,2002,0,2610.5,7130.72
8,140656850763776,0,0,2610.5,4349.34
8,140657131782144,0,0,1102.25,994.027
8,140656450207744,11011,0,0,0
8,140657958060032,4004,0,1792.72,2439.96
8,140657798676480,0,0,1603.16,2286.07
8,140656420847616,57057,0,0,0
8,140657102422016,0,0,1284.45,1287.66
8,140657276485632,1001,0,1102.25,688.172
8,140658226495488,1001,0,1660.25,2179.82
8,140657681235968,1001,0,1284.45,1492.1
8,140656957718528,1001,0,5159.11,11042.1
8,140656863346688,1001,0,2610.5,7595.56
8,140657112907776,0,0,1603.16,1853.4
8,140656859152384,0,0,2610.5,3138.27
8,140657144365056,1001,0,1792.72,2211.27
8,140656555065344,70070,0,2610.5,8427.22
8,140656825597952,0,0,2610.5,4080.51
8,140657404411904,0,0,1284.45,1690.5
8,140656888512512,1001,0,2610.5,6158.35
8,140658167775232,3003,0,1660.25,2671.83
8,140657945477120,3003,0,1284.45,1703.72
8,140656982884352,0,0,1792.72,2814.14
8,140657366663168,0,0,1102.25,1288.61
8,140656613785600,17017,0,0,0
8,140657515560960,2002,0,1792.72,2568.07
8,140656829792256,1001,0,2610.5,4025.22
8,140656984981504,2002,0,1792.72,3982.51
8,140656999661568,0,0,1792.72,3095.56
8,140657123393536,0,0,1603.16,1887.15
8,140656563453952,15015,0,0,0
8,140656852860928,1001,0,2610.5,2899.56
8,140657364566016,0,0,1284.45,1575.32
8,140656724934656,3003,0,2610.5,4537.73
8,140657014341632,1001,0,1792.72,3939.8
8,140657668653056,1001,0,1284.45,1827.79
8,140657651875840,0,0,1284.45,1803.13
8,140657249222656,0,0,1603.16,1636
8,140657538629632,0,0,1102.25,1194.17
8,140657767219200,0,0,1603.16,2137.89
8,140656586522624,17017,0,0,0
8,140657391828992,0,0,1284.45,1489.78
8,140657903534080,0,0,1603.16,2433.33
8,140657513463808,3003,0,1284.45,1524.04
8,140657368760320,0,0,1792.72,2390.98
8,140656731226112,2002,0,2610.5,3565.36
8,140657127587840,1001,0,1792.72,2440.66
8,140657385537536,1001,0,1603.16,1994.84
8,140656603299840,29029,0,0,0
8,140656846569472,0,0,2610.5,3419.68
8,140656718643200,0,0,2610.5,5834.23
8,140657251319808,2002,0,1284.45,1311.23
8,140657664458752,1001,0,1284.45,1845.19
8,140657098227712,1001,0,1792.72,2281.69
8,140657259708416,0,0,1284.45,1452.81
8,140656867540992,0,0,2610.5,4213.61
8,140657253416960,1001,0,1792.72,2474.42
8,140658230689792,0,0,1660.25,2091.52
8,140657647681536,3003,0,1284.45,1665.84
8,140656871735296,0,0,2610.5,3565.36
8,140656739614720,2002,0,2610.5,6806.6
8,140657899339776,3003,0,1603.16,2385.06
8,140657234542592,0,0,1792.72,2120.61
8,140656750100480,2002,0,2610.5,6482.48
8,140656886415360,0,0,2610.5,4213.61
8,140656437624832,15015,0,0,0
8,140656697671680,4004,0,2610.5,5510.1
8,140657402314752,2002,0,1603.16,1804.71
8,140657001758720,1001,0,1102.25,1027.66
8,140656754294784,4004,0,2610.5,5185.98
8,140656446013440,21021,0,0,0
8,140656427139072,21021,0,0,0
8,140658224398336,2002,1,1736.43,3134.1
8,140656968204288,3003,0,1792.72,3658.39
8,140656569745408,20020,0,0,0
8,140657379246080,3003,0,1792.72,2090.12
8,140657922408448,0,0,1603.16,2152.38
8,140656823500800,0,0,10680.2,19168.6
8,140656831889408,0,0,2610.5,2434.73
8,140657138073600,0,0,1603.16,1981.88
8,140657819648000,0,0,1603.16,2678.54
8,140656878026752,3003,0,2610.5,3565.36
8,140656869638144,2002,0,2610.5,4861.86
8,140657765122048,2002,0,1603.16,2375.67
8,140656752197632,0,0,2610.5,7130.72
8,140656620077056,22022,0,0,0
8,140656733323264,5005,0,2610.5,6482.48
8,140657505075200,0,0,1792.72,3191.29
8,140657286971392,2002,0,1792.72,2205.22
8,140658165678080,3003,1,1736.43,5786.78
8,140656592814080,25025,0,0,0
8,140657553309696,0,0,1603.16,1660.22
8,140656565551104,19019,0,0,0
8,140656708157440,2002,0,2610.5,8103.1
8,140657532338176,1001,0,1102.25,1450.5
8,140656689283072,0,0,15141.7,29819.4
8,140656964009984,1001,0,1792.72,3982.51
8,140656576036864,21021,0,0,0
8,140656844472320,1001,0,2610.5,2758.86
8,140657360371712,0,0,1792.72,5648.47
8,140656995467264,0,0,1792.72,4361.92
8,140656857055232,0,0,2610.5,2716.15
8,140656695574528,1001,0,2610.5,8103.1
8,140657683333120,0,0,1102.25,1726.03
8,140657372954624,0,0,1284.45,1654.26
8,140657226153984,1001,1,2119.39,7384.15
8,140657500880896,1001,0,1603.16,2151.05
8,140656693477376,4004,0,2610.5,5834.23
8,140657639292928,1001,0,1102.25,1560.87
8,140656842375168,1001,0,2610.5,3603.1
8,140657152753664,3003,0,1603.16,1810.69
8,140657261805568,0,0,1284.45,1782.98
8,140656729128960,1001,0,2610.5,8427.22
8,140656609591296,19019,0,0,0
8,140656737517568,3003,0,1920.03,1620.62
8,140657494589440,3003,1,1792.72,6460.96
8,140658207621120,3003,0,1736.43,3192.1
8,140657362468864,0,0,1603.16,1760.49
8,140679510491136,76076,0,49956.1,48591.2
8,140679523074048,24024,0,22487.5,19463.2
8,140657549115392,1001,0,1284.45,1221.89
8,140657821745152,1001,0,1603.16,2443.88
8,140679558725632,8008,0,11190.9,9952.01
9,140658222301184,5005,1,1736.43,3709.58
9,140657094033408,2002,0,1102.25,948.482
9,140679567114240,8008,0,10738.5,5489.95
9,140657544921088,0,0,1284.45,1852.6
9,140657496686592,3003,0,1102.25,1185.59
9,140679565017088,15015,0,10738.5,8883.64
9,140656714448896,3003,0,2610.5,4165.93
9,140657800773632,4004,0,1102.25,1544.46
9,140679514685440,51051,0,31404.1,28935.3
9,140657674944512,1001,0,1102.25,1547.6
9,140657511366656,0,0,1102.25,884.272
9,140657148559360,1001,0,1284.45,1610.25
9,140679548239872,16016,0,10738.5,8287.08
9,140657807065088,2002,0,1102.25,1016.47
9,140656288727040,11011,0,0,0
9,140658197135360,3003,0,1736.43,3206.1
9,140679560822784,8008,0,10738.5,7266.91
9,140657398120448,0,0,1102.25,1393.01
9,140656303407104,18018,0,0,0
9,140658216009728,3003,0,1341.54,2085.99
9,140656980787200,0,0,1792.72,2923.77
9,140679539851264,16016,0,13836.6,12430.9
9,140657769316352,1001,0,1102.25,1579.26
9,140657381343232,1001,0,1284.45,1593.16
9,140657406509056,1001,0,1603.16,2162.25
9,140658201329664,0,0,1660.25,2769.84
9,140658180358144,3003,0,1341.54,2272.33
9,140657140170752,2002,0,1284.45,1776.36
9,140657419091968,0,0,1284.45,1390.1
9,140679508393984,94094,0,80000,65944
9,140657119199232,0,0,1284.45,1314.14
9,140656567648256,1001,0,2610.5,6482.48
9,140656848666624,0,0,2610.5,2211.27
9,140657542823936,3003,0,1102.25,936.554
9,140658169872384,7007,0,1660.25,2265.24
9,140656582328320,1001,0,2610.5,4537.73
9,140679516782592,35035,0,27657.7,23256.4
9,140656974495744,1001,0,1792.72,2529.35
9,140656475373568,26026,0,0,0
9,140656827695104,0,0,2102.23,1376.34
9,140658182455296,3003,1,1736.43,3496.18
9,140656599105536,1001,0,2610.5,3565.36
9,140679527268352,18018,0,17938.5,16118.7
9,140657519755264,2002,0,1603.16,2308.77
9,140656433430528,0,0,2610.5,4537.73
9,140656443916288,5005,0,2610.5,4861.86
9,140656712351744,0,0,2610.5,3841.8
9,140657645584384,2002,0,1284.45,2018.67
9,140657291165696,1001,0,1284.45,1481.55
9,140658171969536,3003,0,1736.43,3638.48
9,140657660264448,1001,0,1603.16,2223.92
9,140679554531328,10010,0,10738.5,7693.34
9,140657108713472,1001,0,1102.25,1337.06
9,140656970301440,0,0,1792.72,1975.83
9,140656336961536,18018,0,0,0
9,140656318087168,18018,0,0,0
9,140657135976448,1001,0,1284.45,1294.35
9,140657012244480,2002,0,1603.16,1593.52
9,140657146462208,1001,0,1792.72,1973.43
9,140657521852416,1001,0,1102.25,1050.41
9,140658174066688,3003,0,1736.43,3066.31
9,140656422944768,1001,0,2610.5,6806.6
9,140679506296832,2.42572e+07,0,2.36144e+07,1.74356e+07
9,140656452304896,16016,0,0,0
9,140656706060288,2002,0,2610.5,2716.15
9,140657953865728,1001,0,1102.25,1466.3
9,140658176163840,4004,0,1736.43,3672.14
9,140679529365504,28028,0,15677.5,15414
9,140657771413504,6006,0,1792.72,3160.36
9,140657955962880,5005,0,1603.16,2774.16
9,140657658167296,2002,0,1603.16,2274.41
9,140658186649600,1001,0,1736.43,3207.76
9,140657918214144,4004,0,1603.16,2793.55
9,140679525171200,31031,0,15677.5,15291.9
9,140656559259648,0,0,2610.5,7186.01
9,140657911922688,6006,0,1284.45,2366.7
9,140658195038208,5005,0,1341.54,2173.33
9,140656615882752,0,0,2610.5,10372
9,140679518879744,24024,0,19790.9,19669.5
9,140656743809024,2002,0,2420.95,2251.31
9,140657792385024,3003,0,1102.25,1259.47
9,140657016438784,0,0,1792.72,2364.2
9,140656460693504,24024,0,0,0
9,140658213912576,3003,1,1736.43,3298.05
9,140657557504000,2002,0,1603.16,2097.78
9,140657020633088,3003,0,1603.16,1798.47
9,140658184552448,5005,1,1736.43,3489.75
9,140657809162240,1001,0,1102.25,1738.63
9,140679562919936,10010,0,10738.5,8699.76
9,140657941282816,2002,0,1102.25,1506.89
9,140656299212800,20020,0,0,0
9,140657825939456,0,0,1603.16,2737.4
9,140656840278016,0,0,2610.5,2412.96
9,140656485859328,21021,0,0,0
9,140658188746752,5005,0,1736.43,3435.92
9,140656588619776,0,0,2610.5,7778.97
9,140679552434176,18018,0,10738.5,7428.03
9,140657907728384,5005,0,1284.45,2012.31
9,140657414897664,1001,0,1284.45,1891.31
9,140657008050176,1001,0,1603.16,2171.35
9,140657960157184,0,0,1102.25,1394.56
9,140656332767232,23023,0,0,0
9,140657393926144,2002,0,1102.25,752.924
9,140658228592640,1001,0,1736.43,3181.54
9,140657920311296,3003,0,1284.45,2126.4
9,140656993370112,2002,0,1284.45,1452.81
9,140679531462656,27027,0,15677.5,14480.5
9,140657282777088,1001,0,1102.25,1044.73
9,140657828036608,3003,0,1102.25,1236.3
9,140656571842560,0,0,2610.5,7130.72
9,140657289068544,2002,0,1603.16,1707.8
9,140656313892864,11011,0,0,0
9,140657156947968,0,0,1284.45,1654.26
9,140657947574272,2002,0,1284.45,1694.42
9,140656605396992,0,0,2610.5,7130.72
9,140658031460352,0,0,1159.34,0
9,140657962254336,1001,0,1102.25,1706.31
9,140656997564416,1001,0,1603.16,1657.76
9,140679537754112,17017,0,14827.5,14561.5
9,140656873832448,1001,0,2610.5,3278.97
9,140657679138816,2002,0,1284.45,2001.7
9,140657425383424,0,0,1284.45,1824.01
9,140656471179264,10010,0,0,0
9,140656561356800,0,0,2610.5,7130.72
9,140656745906176,1001,0,2610.5,3364.39
9,140657779802112,1001,0,1792.72,2925.17
9,140656710254592,0,0,2610.5,2997.56
9,140657909825536,2002,0,1603.16,2511.17
9,140657928699904,1001,0,1284.45,1760.66
9,140679520976896,29029,0,22487.5,20481.5
9,140657104519168,1001,0,1284.45,1495.08
9,140657523949568,1001,0,1102.25,1115.15
9,140657263902720,1001,0,1792.72,2870.51
9,140656976592896,0,0,1284.45,1364.12
9,140657641390080,1001,0,1284.45,2302.71
9,140657924505600,4004,0,1284.45,1650.37
9,140656861249536,0,0,2610.5,2847.3
9,140679550337024,8008,0,10738.5,8243.85
9,140657817550848,3003,0,1284.45,2128.97
9,140657154850816,0,0,1284.45,1868.62
9,140657670750208,2002,0,1102.25,1088.93
9,140656439721984,5005,0,2610.5,5834.23
9,140658205523968,2002,0,1736.43,3561.1
9,140656735420416,3003,0,2420.95,2477.44
9,140656429236224,1001,0,2610.5,7454.85
9,140658192941056,2002,0,1660.25,2489.7
9,140657637195776,2002,0,1284.45,1815.99
9,140657763024896,1001,1,1792.72,4448.79
9,140657949671424,2002,0,1284.45,1861.87
9,140657914019840,0,0,1102.25,1718.18
9,140679544045568,16016,0,12510.2,11713.1
9,140656448110592,6006,0,2610.5,4213.61
9,140657106616320,2002,0,1792.72,2349.79
9,140656838180864,0,0,2610.5,2052.3
9,140657926602752,3003,0,1102.25,1400.32
9,140656328572928,15015,0,0,0
9,140657100324864,1001,0,1102.25,783.548
9,140657278582784,0,0,1284.45,1358.15
9,140656699768832,3003,0,2610.5,4447.34
9,140656295018496,21021,0,0,0
9,140657932894208,4004,0,1603.16,2570.59
9,140656594911232,2002,0,2610.5,5834.23
9,140679535656960,28028,0,15677.5,14999.3
9,140656578134016,1001,0,2610.5,5185.98
9,140657781899264,1001,0,1284.45,2017.97
9,140658218106880,2002,0,1660.25,2375.14
9,140657672847360,1001,0,1792.72,3447.13
9,140657653972992,2002,0,1102.25,1577.67
9,140657813356544,2002,0,1284.45,2341.03
9,140657115004928,1001,0,1284.45,1505.78
9,140656481665024,22022,0,0,0
9,140657536532480,1001,0,1284.45,1790.25
9,140656456499200,17017,0,0,0
9,140657685430272,2002,0,1102.25,1292.16
9,140656309698560,10010,0,0,0
9,140658203426816,5005,0,1159.34,1740.85
9,140657656070144,1001,0,1102.25,564.858
9,140656836083712,0,0,2610.5,2783.06
9,140657937088512,2002,0,1102.25,1179.13
9,140657943379968,1001,0,1284.45,2191.58
9,140657509269504,0,0,1284.45,1805.26
9,140657775607808,3003,0,1102.25,1633.08
9,140657502978048,1001,0,1284.45,2250.12
9,140656701865984,1001,0,2420.95,2251.31
9,140657811259392,2002,0,1102.25,1741
9,140657534435328,3003,0,1284.45,1852.78
9,140657662361600,2002,0,1102.25,1319.04
9,140679546142720,21021,0,12510.2,11807.3
9,140658199232512,1001,0,1341.54,1994.15
9,140656854958080,1001,0,2610.5,3471.23
9,140656611688448,4004,0,2610.5,6158.35
9,140656691380224,0,0,2610.5,4826.75
9,140656865443840,0,0,2610.5,2856.85
9,140657375051776,0,0,1102.25,1089.7
9,140657823842304,1001,0,1284.45,1999.52
9,140658220204032,3003,1,1736.43,2761.52
9,140656882221056,0,0,2610.5,3982.51
9,140656959815680,1001,0,1102.25,1165.87
9,140658209718272,5005,0,1660.25,2767.59
9,140657096130560,2002,0,1102.25,1233.89
9,140657540726784,0,0,1102.25,1454.25
9,140657689624576,2002,0,1284.45,1713.37
9,140679533559808,21021,0,14827.5,14203
9,140657628807168,1001,1,1792.72,4455.99
9,140656466984960,19019,0,0,0
9,140657783996416,6006,0,1102.25,1864.98
9,140657916116992,5005,0,1792.72,3212.84
9,140656720740352,0,0,2420.95,2294.02
9,140657794482176,1001,0,1284.45,2203.1
9,140656989175808,0,0,1792.72,2293.91
9,140657230348288,1001,0,1284.45,1915.33
9,140656324378624,15015,0,0,0
9,140657951768576,1001,0,1284.45,2382.93
9,140657939185664,1001,0,1792.72,3224.18
9,140657666555904,1001,0,1603.16,2206.85
9,140679569211392,14014,0,10738.5,7925.74
9,140657530241024,3003,0,1102.25,1087.52
9,140657236639744,2002,0,1284.45,1490.72
9,140657421189120,1001,0,1284.45,1961.88
9,140657815453696,1001,0,1284.45,1918.57
9,140656584425472,1001,0,2610.5,6482.48
9,140657387634688,1001,0,1284.45,2147.56
9,140657498783744,3003,0,1284.45,1846.73
9,140657633001472,1001,0,1102.25,1308.62
9,140657551212544,1001,0,1284.45,1561.73
9,140658178260992,2002,1,1660.25,2652.54
9,140657773510656,0,0,1792.72,2732.76
9,140679512588288,60060,0,42211.5,39725.9
9,140656601202688,2002,0,2610.5,4213.61
9,140656290824192,22022,0,0,0
9,140656703963136,1001,0,2610.5,2758.86
9,140657245028352,1001,0,1102.25,1197.38
9,140657517658112,1001,0,1102.25,1473.67
9,140657370857472,0,0,1603.16,1856.16
9,140657410703360,2002,0,1102.25,1101.28
9,140656305504256,19019,0,0,0
9,140656722837504,1001,0,2610.5,3841.8
9,140657691721728,0,0,1102.25,1474.33
9,140656435527680,2002,0,2610.5,6158.35
9,140657635098624,3003,0,1603.16,2467.92
9,140657528143872,1001,0,1102.25,1288.08
9,140657693818880,2002,0,1102.25,1753.13
9,140679541948416,20020,0,10738.5,9219.2
9,140657240834048,1001,0,1603.16,2113.21
9,140656477470720,32032,0,0,0
9,140657274388480,0,0,1284.45,1258.12
9,140657786093568,4004,0,1102.25,1340.18
9,140656425041920,2002,0,2610.5,5510.1
9,140657677041664,2002,0,1284.45,1671.54
9,140657930797056,4004,0,1102.25,1607.87
9,140657507172352,1001,0,1102.25,1319.71
9,140657416994816,0,0,1102.25,1628.96
9,140657901436928,4004,0,1603.16,2495.37
9,140657897242624,0,1,1792.72,4136.67
9,140657022730240,2002,0,1792.72,2446.71
9,140679556628480,11011,0,10738.5,7546.27
9,140657270194176,0,0,1284.45,1536.27
9,140656875929600,1001,0,2610.5,3278.97
9,140657255514112,0,0,1792.72,2829.11
9,140658190843904,8008,1,1736.43,3014
9,140657121296384,1001,0,1102.25,856.229
9,140657400217600,1001,0,1284.45,1676.82
9,140657790287872,3003,0,1284.45,2072.45
9,140656320184320,31031,0,0,0
9,140658211815424,2002,0,1341.54,2254.96
9,140656617979904,1001,0,2610.5,8427.22
9,140657091936256,2002,0,1792.72,4864.92
9,140656339058688,26026,0,0,0
9,140657804967936,2002,0,1284.45,2376.38
9,140656987078656,1001,0,1603.16,1682.2
9,140679571308544,81081,0,107888,98850.8
9,140657377148928,5005,0,1603.16,2084.4
9,140657630904320,2002,0,1284.45,1755.89
9,140656590716928,0,0,2610.5,8103.1
9,140657796579328,3003,0,1102.25,1950.74
9,140657788190720,1001,0,1284.45,1975.77
9,140657802870784,3003,0,1284.45,2360.36
9,140656716546048,1001,0,2610.5,3376.97
9,140657687527424,1001,0,1102.25,1105.54
9,140656462790656,15015,0,0,0
9,140657643487232,1001,0,1284.45,1974.37
9,140657228251136,2002,0,1102.25,1122.52
9,140656573939712,1001,0,2610.5,5510.1
9,140679640514560,0,1,9111.05,0
9,140657396023296,1001,0,1284.45,1866.43
9,140656972398592,0,0,1792.72,2052.3
9,140657129684992,1001,0,1102.25,1272.61
9,140656607494144,2002,0,2610.5,8427.22
9,140656286629888,79079,0,0,0
9,140656301309952,14014,0,0,0
9,140657265999872,0,0,1284.45,1638.26
9,140657555406848,1001,0,1102.25,1317.94
9,140657280679936,0,0,1284.45,1698.72
9,140657242931200,1001,0,1284.45,1558.82
9,140656966107136,2002,0,1603.16,1948.13
9,140657010147328,1001,0,1603.16,1822.91
9,140657232445440,0,0,1102.25,1194.03
9,140657389731840,1001,0,1284.45,2071.09
9,140657284874240,0,0,1102.25,888.021
9,140657649778688,4004,0,1603.16,2281.04
9,140656884318208,2002,0,2610.5,3517.68
9,140657125490688,0,0,1102.25,1520.27
9,140657268097024,0,0,1102.25,1316.62
9,140657133879296,0,0,1102.25,1052.96
9,140657423286272,0,0,1284.45,1807.43
9,140657559601152,3003,0,1603.16,1865.25
9,140657238736896,0,0,1102.25,1352.13
9,140657005953024,0,0,1284.45,1364.12
9,140657003855872,3003,0,1102.25,1122.51
9,140657777704960,1001,0,1284.45,1787.54
9,140657117102080,1001,0,1102.25,856.229
9,140656991272960,0,0,1792.72,2789.23
9,140657905631232,2002,0,1603.16,2724.19
9,140657408606208,0,0,1284.45,1820.08
9,140656557162496,1001,0,2102.23,1590.49
9,140657142267904,2002,0,1102.25,1184.14
9,140656334864384,24024,0,0,0
9,140657257611264,2002,0,1102.25,570.82
9,140657526046720,0,0,1102.25,1206.91
9,140656473276416,17017,0,0,0
9,140657547018240,0,0,1284.45,1745.79
9,140656315990016,29029,0,0,0
9,140657934991360,4004,0,1284.45,1726.6
9,140657412800512,2002,0,1102.25,1401.17
9,140656961912832,1001,0,1284.45,1676.03
9,140657110810624,2002,0,1284.45,1584.72
9,140657272291328,1001,0,1102.25,1159.91
9,140656880123904,0,0,2420.95,2012.61
9,140657247125504,0,0,1284.45,1458.34
9,140657150656512,1001,0,1284.45,1747.18
9,140657018535936,1001,0,1792.72,2147.03
9,140656441819136,2002,0,2610.5,7454.85
9,140656833986560,0,0,2610.5,2829.03
9,140656431333376,5005,0,2610.5,7454.85
9,140656741711872,0,0,2610.5,2392.02
9,140656748003328,1001,0,2610.5,6319.25
9,140657383440384,1001,0,1102.25,1344.13
9,140656978690048,1001,0,1603.16,1605.74
9,140656580231168,2002,0,2610.5,7778.97
9,140656597008384,2002,0,2610.5,8427.22
9,140656727031808,0,0,2610.5,3743.81
9,140656850763776,0,0,2610.5,2257.25
9,140657131782144,1001,0,1102.25,679.075
9,140656450207744,14014,0,2610.5,3565.36
9,140657958060032,7007,0,1792.72,3141.36
9,140657798676480,3003,0,1102.25,1616.46
9,140656420847616,56056,0,7549.49,18475.1
9,140657102422016,0,0,1102.25,860.012
9,140657276485632,0,0,1102.25,794.253
9,140658226495488,3003,0,1341.54,1939.87
9,140657681235968,2002,0,1102.25,1500.94
9,140656957718528,0,1,1792.72,6467.48
9,140656863346688,0,0,2610.5,3636.85
9,140657112907776,1001,0,1102.25,1185.44
9,140656859152384,0,0,2420.95,1669.98
9,140657144365056,0,0,1284.45,1714.73
9,140656555065344,1001,0,15145.8,26347.1
9,140656825597952,1001,0,2610.5,2217.44
9,140657404411904,3003,0,1102.25,1184.94
9,140656888512512,1001,0,2610.5,2997.56
9,140656297115648,23023,0,0,0
9,140658167775232,4004,0,1660.25,2910.64
9,140656458596352,19019,0,0,0
9,140657945477120,2002,0,1284.45,2215.72
9,140656330670080,15015,0,0,0
9,140656982884352,1001,0,1284.45,1529.27
9,140656483762176,31031,0,0,0
9,140657366663168,2002,0,1102.25,900.398
9,140656613785600,2002,0,2610.5,5510.1
9,140657515560960,1001,0,1603.16,2423.8
9,140656829792256,0,0,2610.5,2440.66
9,140656984981504,0,0,1792.72,2777.01
9,140656999661568,0,0,1603.16,1682.2
9,140657123393536,0,0,1284.45,1249.89
9,140656311795712,21021,0,0,0
9,140656563453952,0,0,2610.5,4861.86
9,140656852860928,1001,0,2420.95,1828.96
9,140657364566016,0,0,1102.25,1210.69
9,140656724934656,0,0,2610.5,2942.27
9,140657014341632,1001,0,1792.72,2465.1
9,140657668653056,1001,0,1102.25,1601.26
9,140657651875840,3003,0,1102.25,1162.53
9,140657249222656,0,0,1102.25,1259.94
9,140657538629632,3003,0,1102.25,986.343
9,140657767219200,1001,0,1102.25,1564.01
9,140656586522624,2002,0,2610.5,5510.1
9,140657391828992,0,0,1102.25,980.717
9,140656469082112,13013,0,0,0
9,140657903534080,3003,0,1102.25,1759.11
9,140657513463808,1001,0,1284.45,2132.88
9,140657368760320,0,0,1284.45,1507.97
9,140656731226112,1001,0,2420.95,2196.03
9,140657127587840,2002,0,1603.16,1871.44
9,140657385537536,0,0,1284.45,1581.01
9,140656603299840,0,0,2610.5,9399.59
9,140656846569472,0,0,2420.95,1822.91
9,140656718643200,0,0,2610.5,2532.73
9,140657251319808,2002,0,1284.45,1597.38
9,140657664458752,0,0,1102.25,1545.42
9,140657098227712,2002,0,1603.16,1863.21
9,140657259708416,1001,0,1102.25,992.494
9,140656867540992,3003,0,2102.23,1829.19
9,140657253416960,1001,0,1603.16,1935.89
9,140658230689792,3003,0,1159.34,1519.54
9,140657647681536,3003,0,1284.45,2161.36
9,140656871735296,0,0,2102.23,1547.78
9,140656326475776,15015,0,0,0
9,140656739614720,1001,0,2610.5,3603.1
9,140657899339776,3003,0,1603.16,2762.52
9,140657234542592,0,0,1284.45,1545.87
9,140656750100480,0,0,2610.5,3462.39
9,140656886415360,0,0,2102.23,1829.19
9,140656437624832,2002,0,2610.5,4861.86
9,140656697671680,2002,0,2610.5,3688.52
9,140657402314752,1001,0,1284.45,2015.65
9,140657001758720,2002,0,1102.25,847.149
9,140656754294784,1001,0,2610.5,3547.81
9,140656292921344,11011,0,0,0
9,140656446013440,0,0,2610.5,6806.6
9,140656427139072,2002,0,2610.5,6806.6
9,140658224398336,3003,1,1660.25,2753.23
9,140656968204288,2002,0,1792.72,2960.43
9,140656569745408,3003,0,2610.5,6482.48
9,140657379246080,0,0,1603.16,2558.47
9,140657922408448,1001,0,1102.25,1567.68
9,140656307601408,20020,0,0,0
9,140656823500800,3003,0,4382.16,9105.81
9,140656831889408,1001,0,2102.23,1287.66
9,140657138073600,1001,0,1102.25,1233.89
9,140657819648000,3003,0,1284.45,1687.78
9,140656479567872,23023,0,0,0
9,140656878026752,1001,0,2420.95,2520.15
9,140656869638144,0,0,2610.5,2758.86
9,140657765122048,1001,0,1284.45,2163.69
9,140656752197632,3003,0,2610.5,3095.56
9,140656454402048,26026,0,0,0
9,140656620077056,1001,0,2610.5,7130.72
9,140656733323264,0,0,2610.5,4434.76
9,140657505075200,2002,0,1603.16,1898.73
9,140657286971392,0,0,1603.16,2135.1
9,140658165678080,5005,1,1736.43,5453.88
9,140656592814080,1001,0,2610.5,8103.1
9,140657553309696,0,0,1102.25,1270.56
9,140656565551104,1001,0,2610.5,6158.35
9,140656708157440,3003,0,2610.5,4165.93
9,140657532338176,2002,0,1102.25,1244.8
9,140656689283072,0,0,7549.49,12945.1
9,140656964009984,2002,0,1792.72,2452.88
9,140656576036864,1001,0,2610.5,6806.6
9,140656844472320,1001,0,2420.95,1752.49
9,140657360371712,2002,1,1792.72,4365.06
9,140656995467264,1001,0,1792.72,2370.37
9,140656857055232,0,0,2102.23,1440.59
9,140656695574528,1001,0,2610.5,3841.8
9,140657683333120,1001,0,1102.25,960.909
9,140657372954624,1001,0,1102.25,1191.7
9,140657226153984,2002,1,1792.72,5649.5
9,140657500880896,0,0,1284.45,1754.36
9,140656693477376,0,0,2610.5,3829.22
9,140657639292928,1001,0,1102.25,1359.72
9,140656322281472,17017,0,0,0
9,140656842375168,3003,0,2610.5,2211.27
9,140657152753664,0,0,1603.16,2170.03
9,140657261805568,1001,0,1102.25,1036.95
9,140656464887808,19019,0,0,0
9,140656729128960,1001,0,2610.5,3982.51
9,140656609591296,0,0,2610.5,6158.35
9,140656737517568,1001,0,1920.03,1675.91
9,140656341155840,10010,0,0,0
9,140657494589440,1001,1,1792.72,5910.55
9,140658207621120,6006,0,1736.43,3117.71
9,140657362468864,2002,0,1102.25,1242.63
9,140679510491136,72072,0,49956.1,54156.5
9,140679523074048,23023,0,19790.9,19436.9
9,140657549115392,2002,0,1102.25,1271.52
9,140657821745152,3003,0,1284.45,2060.75
9,140679558725632,14014,0,10738.5,8565.37
10,140658222301184,3003,1,1736.43,4048.97
10,140657094033408,5005,0,1102.25,1359.56
10,140656160800768,19019,0,0,0
10,140679567114240,10010,0,10738.5,6233.48
10,140657544921088,3003,0,1102.25,1389.98
10,140657496686592,2002,0,1102.25,1917.04
10,140679565017088,14014,0,11190.9,10492.1
10,140656714448896,3003,0,2610.5,3165.38
10,140657800773632,4004,0,1284.45,2558.96
10,140679514685440,44044,0,34839.2,35068.4
10,140657674944512,6006,0,1102.25,1367.81
10,140657511366656,3003,0,1102.25,729.16
10,140657148559360,0,0,1102.25,1436.45
10,140679548239872,10010,0,10738.5,10403.3
10,140657807065088,3003,0,1102.25,1359.73
10,140656288727040,2002,0,2610.5,3565.36
10,140658197135360,4004,0,1660.25,2903.8
10,140679560822784,9009,0,10738.5,7030.75
10,140657398120448,3003,0,1102.25,1136.12
10,140656303407104,2002,0,2610.5,5834.23
10,140656192258048,24024,0,0,0
10,140658216009728,3003,0,1341.54,2403.8
10,140656980787200,7007,0,1603.16,1696.24
10,140679539851264,10010,0,13836.6,12790.7
10,140657769316352,3003,0,1102.25,1494.4
10,140657381343232,3003,0,1102.25,1481.25
10,140657406509056,1001,0,1284.45,1862.43
10,140658201329664,6006,0,1341.54,1910.89
10,140658180358144,2002,0,1660.25,2621.17
10,140657140170752,5005,0,1284.45,1684.84
10,140657419091968,2002,0,1102.25,1103.35
10,140679508393984,108108,0,83963.2,70385.8
10,140657119199232,1001,0,1102.25,1002.61
10,140656567648256,3003,0,2610.5,3138.27
10,140656848666624,1001,0,2102.23,1390.6
10,140657542823936,2002,0,1102.25,1763.28
10,140658169872384,7007,0,1736.43,3915.79
10,140656582328320,3003,0,2420.95,2294.02
10,140679516782592,42042,0,27657.7,26604.6
10,140656974495744,1001,0,1603.16,1951.68
10,140656475373568,5005,0,2610.5,8427.22
10,140656827695104,2002,0,1920.03,940.258
10,140658182455296,4004,1,1660.25,3369.25
10,140656599105536,5005,0,2102.23,1871.9
10,140679527268352,22022,0,15677.5,15901.4
10,140657519755264,4004,0,1284.45,2373.75
10,140656433430528,1001,0,2420.95,1969.9
10,140656443916288,0,0,2610.5,3731.23
10,140656712351744,2002,0,2610.5,2052.3
10,140657645584384,3003,0,1284.45,2204.81
10,140657291165696,1001,0,1102.25,1342.6
10,140658171969536,3003,0,1736.43,3109.81
10,140657660264448,5005,0,1284.45,1955.28
10,140656158703616,20020,0,0,0
10,140679554531328,10010,0,10738.5,8220.84
10,140656188063744,12012,0,0,0
10,140657108713472,3003,0,1102.25,1245.76
10,140656970301440,4004,0,1284.45,1330.14
10,140656336961536,2002,0,2610.5,5834.23
10,140656318087168,3003,0,2610.5,5834.23
10,140657135976448,3003,0,1102.25,1257.98
10,140657012244480,4004,0,1284.45,1717.21
10,140657146462208,1001,0,1284.45,1798.98
10,140657521852416,4004,0,1102.25,1221.82
10,140658174066688,4004,0,1660.25,3076.52
10,140656422944768,0,0,2610.5,3278.97
10,140679506296832,2.36226e+07,0,2.39809e+07,1.81784e+07
10,140656452304896,1001,0,2610.5,5185.98
10,140656706060288,1001,0,2420.95,2088.84
10,140657953865728,2002,0,1102.25,1461.47
10,140658176163840,5005,0,1736.43,3515.72
10,140679529365504,18018,0,17938.5,18873.6
10,140657771413504,3003,0,1792.72,3957.13
10,140657955962880,2002,0,1792.72,3524.87
10,140657658167296,1001,0,1284.45,2168.76
10,140658186649600,4004,0,1341.54,2207.03
10,140657918214144,1001,0,1603.16,3102.97
10,140679525171200,25025,0,18808.2,19972.8
10,140656559259648,3003,0,2610.5,3196.46
10,140656183869440,20020,0,0,0
10,140657911922688,5005,0,1792.72,3611.74
10,140658195038208,7007,0,1660.25,3200.56
10,140656615882752,1001,0,2610.5,4502.63
10,140679518879744,27027,0,19790.9,20095.7
10,140656743809024,3003,0,2420.95,1871.67
10,140657792385024,1001,0,1102.25,1949.78
10,140657016438784,1001,0,1284.45,1495.08
10,140656460693504,0,0,2610.5,7778.97
10,140658213912576,3003,1,1736.43,3274.63
10,140657557504000,4004,0,1284.45,2197.92
10,140657020633088,5005,0,1603.16,2142.02
10,140658184552448,3003,1,1736.43,3957.09
10,140657809162240,3003,0,1102.25,1564.71
10,140679562919936,16016,0,10738.5,8587.63
10,140657941282816,2002,0,1102.25,1790.5
10,140656154509312,19019,0,0,0
10,140656299212800,2002,0,2610.5,6482.48
10,140657825939456,1001,0,1102.25,1810.71
10,140656840278016,0,0,2102.23,1386.61
10,140656485859328,3003,0,2610.5,6806.6
10,140658188746752,3003,0,1736.43,3635.76
10,140656588619776,4004,0,2610.5,3376.97
10,140679552434176,10010,0,10738.5,10556.7
10,140657907728384,3003,0,1603.16,3098.61
10,140657414897664,5005,0,1102.25,1717.11
10,140657008050176,1001,0,1284.45,1526.01
10,140657960157184,4004,0,1102.25,1179.98
10,140656332767232,8008,0,2610.5,7454.85
10,140657393926144,3003,0,1102.25,1278.66
10,140656179675136,27027,0,0,0
10,140658228592640,5005,0,1341.54,2300.01
10,140657920311296,5005,0,1284.45,2611.12
10,140656993370112,2002,0,1284.45,1640.74
10,140679531462656,24024,0,17938.5,18065.7
10,140657282777088,2002,0,1102.25,1156.42
10,140657828036608,8008,0,1102.25,1994.94
10,140656571842560,2002,0,2610.5,3095.56
10,140657289068544,1001,0,1284.45,1973.16
10,140656313892864,2002,0,2610.5,3565.36
10,140657156947968,4004,0,1102.25,1191.7
10,140657947574272,2002,0,1284.45,1894.49
10,140656605396992,0,0,2610.5,3095.56
10,140658031460352,0,0,1159.34,0
10,140657962254336,5005,0,1102.25,1635.51
10,140656997564416,2002,0,1284.45,1417.31
10,140679537754112,14014,0,14827.5,14403.1
10,140656873832448,1001,0,2610.5,2070.57
10,140657679138816,3003,0,1284.45,2024.97
10,140657425383424,2002,0,1102.25,1256.77
10,140656471179264,3003,0,2420.95,3241.24
10,140656561356800,2002,0,2610.5,3095.56
10,140656745906176,2002,0,2420.95,2046.13
10,140657779802112,6006,0,1603.16,2387.84
10,140656710254592,2002,0,2420.95,1593.52
10,140657909825536,3003,0,1284.45,2485.72
10,140657928699904,8008,0,1102.25,1568.76
10,140679520976896,39039,0,22487.5,22180
10,140657104519168,2002,0,1102.25,1462.2
10,140657523949568,4004,0,1102.25,1157.33
10,140656351641600,23023,0,0,0
10,140657263902720,2002,0,1603.16,2006.05
10,140656175480832,17017,0,0,0
10,140656976592896,1001,0,1102.25,912.248
10,140657641390080,2002,0,1102.25,1949.34
10,140657924505600,1001,0,1284.45,2616.3
10,140656861249536,1001,0,2420.95,1644.01
10,140679550337024,10010,0,10738.5,8050.79
10,140657817550848,3003,0,1284.45,2476.58
10,140656024485888,19019,0,0,0
10,140657154850816,3003,0,1102.25,1091.82
10,140657670750208,0,0,1102.25,1453.34
10,140656439721984,2002,0,2610.5,4153.35
10,140658205523968,9009,0,1660.25,2800.09
10,140656735420416,4004,0,2420.95,2247.81
10,140656429236224,2002,0,2610.5,3560.39
10,140658192941056,4004,0,1341.54,2430.52
10,140657637195776,5005,0,1102.25,1887.69
10,140657763024896,3003,1,1603.16,4095.57
10,140657949671424,1001,0,1102.25,1962.7
10,140656020291584,16016,0,0,0
10,140657914019840,1001,0,1102.25,1329.46
10,140679544045568,20020,0,12510.2,12435.9
10,140656448110592,2002,0,2610.5,3773.94
10,140657106616320,2002,0,1603.16,2305.43
10,140656838180864,4004,0,2102.23,1382.38
10,140657926602752,3003,0,1102.25,1971.74
10,140656328572928,5005,0,2610.5,4861.86
10,140657100324864,1001,0,1102.25,948.348
10,140657278582784,4004,0,1102.25,1081.99
10,140656217423872,19019,0,0,0
10,140656699768832,1001,0,2610.5,3318.3
10,140656295018496,4004,0,2610.5,6806.6
10,140657932894208,2002,0,1603.16,3061.76
10,140656594911232,0,0,2610.5,3180.98
10,140679535656960,22022,0,17938.5,18638.8
10,140656578134016,2002,0,2610.5,2575.44
10,140657781899264,4004,0,1102.25,1739.63
10,140658218106880,4004,0,1341.54,2402.83
10,140657672847360,6006,0,1603.16,2394.66
10,140657653972992,2002,0,1102.25,1706.59
10,140656171286528,33033,0,0,0
10,140657813356544,1001,0,1284.45,2202.24
10,140657115004928,2002,0,1102.25,1353.22
10,140656481665024,3003,0,2610.5,7130.72
10,140657536532480,2002,0,1102.25,1704.77
10,140656456499200,1001,0,2610.5,5510.1
10,140656213229568,16016,0,0,0
10,140657685430272,4004,0,1102.25,1609.6
10,140656309698560,6006,0,2420.95,3241.24
10,140658203426816,5005,0,1660.25,2860.51
10,140657656070144,0,0,1102.25,805.081
10,140656836083712,1001,0,2102.23,1619.78
10,140656347447296,20020,0,0,0
10,140657937088512,5005,0,1102.25,1618.25
10,140657943379968,4004,0,1102.25,1891.05
10,140657509269504,6006,0,1102.25,1355.31
10,140657775607808,2002,0,1284.45,2288.46
10,140657502978048,6006,0,1102.25,1824.52
10,140656701865984,4004,0,2102.23,1547.54
10,140657811259392,6006,0,1102.25,1951.68
10,140656209035264,34034,0,0,0
10,140657534435328,4004,0,1284.45,2218.11
10,140657662361600,3003,0,1102.25,1787.75
10,140679546142720,28028,0,14827.5,14380.4
10,140658199232512,3003,0,1159.34,1850.06
10,140656854958080,2002,0,2610.5,2414.03
10,140656611688448,3003,0,2610.5,3969.93
10,140656691380224,2002,0,2610.5,2587.54
10,140656865443840,2002,0,2102.23,1517.05
10,140657375051776,3003,0,1102.25,903.113
10,140657823842304,1001,0,1102.25,1845.78
10,140658220204032,9009,1,1660.25,2978.84
10,140656882221056,4004,0,2610.5,2128.76
10,140656959815680,2002,0,1102.25,1209.53
10,140658209718272,3003,0,1736.43,3528.28
10,140657096130560,1001,0,1102.25,1578.25
10,140657540726784,5005,0,1102.25,1036.45
10,140657689624576,5005,0,1284.45,1909.11
10,140679533559808,23023,0,15677.5,15810.8
10,140656167092224,17017,0,0,0
10,140657628807168,3003,1,1792.72,4027.61
10,140656466984960,2002,0,2610.5,6158.35
10,140657783996416,2002,0,1603.16,3258.63
10,140657916116992,4004,0,1792.72,3734.9
10,140656720740352,5005,0,1920.03,1211.2
10,140657794482176,2002,0,1102.25,1884.97
10,140656989175808,0,0,1284.45,1567.1
10,140657230348288,3003,0,1102.25,1461.97
10,140656324378624,1001,0,2610.5,4861.86
10,140657951768576,5005,0,1102.25,1882.33
10,140657939185664,5005,0,1284.45,2359.31
10,140657666555904,3003,0,1284.45,1853.81
10,140679569211392,8008,0,10738.5,9563.57
10,140657530241024,1001,0,1102.25,1850.91
10,140657236639744,1001,0,1102.25,1848.29
10,140657421189120,0,0,1102.25,1656.66
10,140657815453696,0,0,1102.25,1682.97
10,140656202743808,30030,0,0,0
10,140656584425472,1001,0,2610.5,3138.27
10,140657387634688,1001,0,1102.25,1685.27
10,140657498783744,7007,0,1284.45,2376.5
10,140656343252992,21021,0,0,0
10,140657633001472,3003,0,1102.25,1295.35
10,140657551212544,2002,0,1102.25,1567.7
10,140658178260992,7007,1,1341.54,2601.7
10,140657773510656,5005,0,1284.45,1886.69
10,140679512588288,68068,0,44492.2,43257.1
10,140656601202688,3003,0,2420.95,2477.44
10,140656290824192,1001,0,2610.5,7130.72
10,140656703963136,2002,0,2420.95,1752.49
10,140657245028352,6006,0,1102.25,1147.62
10,140657517658112,4004,0,1102.25,1611.69
10,140657370857472,2002,0,1102.25,1572.13
10,140657410703360,4004,0,1102.25,1429.99
10,140656162897920,21021,0,0,0
10,140656305504256,4004,0,2610.5,6158.35
10,140656198549504,12012,0,0,0
10,140656722837504,1001,0,2610.5,2376.42
10,140657691721728,0,0,1102.25,1086.64
10,140656435527680,3003,0,2610.5,3321.68
10,140657635098624,1001,0,1603.16,2543.03
10,140657528143872,3003,0,1102.25,1334.53
10,140657693818880,3003,0,1102.25,1840.23
10,140679541948416,15015,0,11787.8,12352.7
10,140657240834048,4004,0,1284.45,1738.96
10,140656477470720,2002,0,2610.5,10372
10,140657274388480,2002,0,1102.25,940.627
10,140657786093568,1001,0,1284.45,2308.01
10,140656425041920,2002,0,2610.5,3040.27
10,140657677041664,2002,0,1102.25,1950.37
10,140657930797056,2002,0,1284.45,2538.69
10,140657507172352,4004,0,1102.25,1262.69
10,140657416994816,3003,0,1102.25,1046.37
10,140657901436928,6006,0,1603.16,2900.36
10,140657897242624,4004,1,1284.45,3457.23
10,140657022730240,3003,0,1603.16,2099.31
10,140679556628480,8008,0,10738.5,8617.11
10,140656194355200,14014,0,0,0
10,140657270194176,2002,0,1102.25,988.869
10,140656875929600,3003,0,2610.5,2070.57
10,140657255514112,4004,0,1284.45,1785.74
10,140658190843904,4004,1,1736.43,4772.66
10,140657121296384,4004,0,1102.25,980.213
10,140657400217600,2002,0,1102.25,1656.77
10,140657790287872,2002,0,1284.45,2400.75
10,140656320184320,4004,0,2610.5,10047.8
10,140658211815424,0,0,1341.54,2284.52
10,140656617979904,1001,0,2610.5,3982.51
10,140657091936256,3003,1,1792.72,4389.08
10,140656339058688,0,0,2610.5,8427.22
10,140657804967936,0,0,1284.45,2153.43
10,140656987078656,1001,0,1284.45,1473.33
10,140679571308544,102102,0,99503.5,84065.3
10,140657377148928,2002,0,1792.72,3129.92
10,140657630904320,5005,0,1102.25,1967.04
10,140656590716928,2002,0,2610.5,3517.68
10,140657796579328,7007,0,1284.45,2193.52
10,140656190160896,18018,0,0,0
10,140657788190720,4004,0,1102.25,1826.8
10,140657802870784,4004,0,1284.45,2516.86
10,140656716546048,2002,0,2610.5,2159.25
10,140657687527424,1001,0,1102.25,1126.04
10,140656462790656,3003,0,2610.5,4861.86
10,140657643487232,2002,0,1102.25,1819.88
10,140657228251136,1001,0,1102.25,1441.67
10,140656573939712,3003,0,2610.5,2716.15
10,140679640514560,0,1,9111.05,0
10,140657396023296,2002,0,1102.25,1557.11
10,140656972398592,3003,0,1284.45,1382.38
10,140657129684992,0,0,1102.25,1176.14
10,140656607494144,0,0,2610.5,4306.63
10,140656286629888,10010,0,12605.9,25605.8
10,140656301309952,0,0,2610.5,4537.73
10,140657265999872,1001,0,1102.25,1143.32
10,140657555406848,0,0,1102.25,1164.41
10,140657280679936,2002,0,1102.25,1147.18
10,140657242931200,1001,0,1102.25,1534.93
10,140656966107136,2002,0,1284.45,1817.68
10,140657010147328,2002,0,1284.45,1549.79
10,140656185966592,12012,0,0,0
10,140657232445440,3003,0,1102.25,907.114
10,140657389731840,4004,0,1102.25,1633.04
10,140657284874240,2002,0,1102.25,707.454
10,140657649778688,5005,0,1603.16,2849.36
10,140656884318208,2002,0,2610.5,2559.84
10,140657125490688,3003,0,1102.25,940.487
10,140657268097024,1001,0,1102.25,931.391
10,140657133879296,3003,0,1102.25,794.539
10,140657423286272,0,0,1102.25,1172.06
10,140656156606464,18018,0,0,0
10,140657559601152,4004,0,1603.16,2494.35
10,140657238736896,1001,0,1102.25,1008.73
10,140657005953024,1001,0,1102.25,912.248
10,140657003855872,1001,0,1284.45,1699.9
10,140657777704960,2002,0,1102.25,1628.45
10,140657117102080,4004,0,1102.25,980.213
10,140656991272960,1001,0,1603.16,1744.04
10,140657905631232,5005,0,1284.45,2445.96
10,140657408606208,2002,0,1102.25,1304.06
10,140656557162496,1001,0,1920.03,1153
10,140657142267904,1001,0,1102.25,1465.42
10,140656334864384,4004,0,2610.5,7778.97
10,140657257611264,1001,0,1102.25,1085.64
10,140657526046720,3003,0,1102.25,1014.81
10,140656473276416,0,0,2610.5,5510.1
10,140657547018240,1001,0,1102.25,1457.2
10,140656315990016,3003,0,2610.5,9399.59
10,140657934991360,4004,0,1284.45,2654.51
10,140657412800512,2002,0,1102.25,1560.07
10,140656961912832,2002,0,1102.25,1349.07
10,140657110810624,0,0,1102.25,1658.36
10,140657272291328,3003,0,1102.25,1130.67
10,140656880123904,1001,0,1920.03,1058.27
10,140656181772288,23023,0,0,0
10,140657247125504,2002,0,1102.25,1193.35
10,140657150656512,2002,0,1102.25,1492.54
10,140657018535936,1001,0,1284.45,1690.5
10,140656441819136,4004,0,2610.5,3884.51
10,140656833986560,2002,0,2420.95,1712.25
10,140656431333376,5005,0,2610.5,4856.88
10,140656741711872,3003,0,2102.23,1299.88
10,140656748003328,3003,0,2610.5,3651.86
10,140657383440384,2002,0,1102.25,1335.01
10,140656978690048,2002,0,1284.45,1421.09
10,140656580231168,4004,0,2610.5,4025.22
10,140656597008384,6006,0,2610.5,4306.63
10,140656727031808,2002,0,2610.5,1963.61
10,140656850763776,2002,0,2102.23,1483.07
10,140657131782144,1001,0,1102.25,865.118
10,140656450207744,2002,0,2610.5,6085.51
10,140657958060032,4004,0,1792.72,4380
10,140657798676480,3003,0,1284.45,2284.3
10,140656420847616,1001,1,15141.7,26171.2
10,140657102422016,4004,0,1102.25,676.461
10,140656152412160,96096,0,0,0
10,140657276485632,5005,0,1102.25,515.242
10,140658226495488,6006,0,1341.54,2456.16
10,140657681235968,4004,0,1102.25,1795.99
10,140656957718528,1001,1,1792.72,4416.84
10,140656863346688,4004,0,2610.5,1951.61
10,140657112907776,3003,0,1102.25,1232.89
10,140656859152384,4004,0,1920.03,1121.19
10,140656177577984,25025,0,0,0
10,140657144365056,3003,0,1102.25,1195.56
10,140656555065344,0,0,7549.49,12161.7
10,140656825597952,3003,0,2420.95,1838.98
10,140657404411904,3003,0,1102.25,1929.64
10,140656888512512,4004,0,2420.95,1917.64
10,140656297115648,1001,0,2610.5,7454.85
10,140658167775232,2002,0,1660.25,3312.65
10,140656458596352,2002,0,2610.5,6158.35
10,140657945477120,2002,0,1284.45,2095.96
10,140656330670080,3003,0,2610.5,4861.86
10,140656982884352,1001,0,1102.25,1368.85
10,140656483762176,1001,0,2610.5,10047.8
10,140657366663168,1001,0,1102.25,1374.42
10,140656613785600,1001,0,2610.5,3040.27
10,140657515560960,2002,0,1284.45,2029.4
10,140656026583040,13013,0,0,0
10,140656829792256,2002,0,2102.23,1547.31
10,140656984981504,3003,0,1603.16,1716.03
10,140656999661568,0,0,1102.25,1149.2
10,140657123393536,2002,0,1102.25,978.387
10,140656311795712,3003,0,2610.5,6806.6
10,140656563453952,5005,0,2420.95,2110.61
10,140656852860928,2002,0,2102.23,1453.54
10,140656022388736,11011,0,0,0
10,140657364566016,2002,0,1102.25,1023.88
10,140656724934656,0,0,2102.23,1492.61
10,140656173383680,20020,0,0,0
10,140657014341632,2002,0,1603.16,1927.45
10,140657668653056,5005,0,1102.25,1494.85
10,140657651875840,4004,0,1102.25,1867.93
10,140657249222656,2002,0,1102.25,1066.57
10,140656018194432,32032,0,0,0
10,140656349544448,16016,0,0,0
10,140657538629632,4004,0,1102.25,1833.44
10,140657767219200,3003,0,1102.25,1615.8
10,140656586522624,2002,0,2610.5,3040.27
10,140657391828992,1001,0,1102.25,764.954
10,140656469082112,6006,0,2610.5,4213.61
10,140657903534080,2002,0,1284.45,2416.51
10,140657513463808,1001,0,1102.25,1723.47
10,140657368760320,2002,0,1102.25,1145.96
10,140656215326720,20020,0,0,0
10,140656731226112,3003,0,2102.23,1446.64
10,140657127587840,4004,0,1284.45,1968.65
10,140657385537536,7007,0,1102.25,1095.28
10,140656603299840,0,0,2610.5,4080.51
10,140656846569472,1001,0,2102.23,1225.67
10,140656718643200,1001,0,2102.23,1376.34
10,140657251319808,2002,0,1102.25,1709.36
10,140657664458752,4004,0,1102.25,1096.34
10,140657098227712,2002,0,1284.45,2006.41
10,140657259708416,3003,0,1102.25,1114.81
10,140656211132416,19019,0,0,0
10,140656867540992,2002,0,2102.23,1966.4
10,140657253416960,2002,0,1284.45,1714.15
10,140658230689792,5005,0,1341.54,2222.98
10,140657647681536,5005,0,1284.45,2364.21
10,140656871735296,1001,0,1920.03,841.1
10,140656326475776,2002,0,2610.5,4861.86
10,140656169189376,23023,0,0,0
10,140656739614720,3003,0,2610.5,2211.27
10,140657899339776,5005,0,1603.16,2891.61
10,140657234542592,3003,0,1102.25,1274.42
10,140656750100480,2002,0,2420.95,1810.69
10,140656886415360,1001,0,1920.03,994.027
10,140656437624832,3003,0,2610.5,2758.86
10,140656697671680,3003,0,2610.5,2510.96
10,140657402314752,2002,0,1102.25,1754.27
10,140656206938112,10010,0,0,0
10,140657001758720,2002,0,1102.25,1126.6
10,140656754294784,1001,0,2420.95,2110.37
10,140656292921344,3003,0,2610.5,3565.36
10,140656446013440,2002,0,2610.5,2954.85
10,140656427139072,0,0,2610.5,3603.1
10,140658224398336,3003,1,1660.25,2914.82
10,140656345350144,14014,0,0,0
10,140656968204288,4004,0,1792.72,2428.52
10,140656569745408,0,0,2610.5,3786.52
10,140657379246080,5005,0,1284.45,1755.55
10,140657922408448,3003,0,1102.25,1615.97
10,140656307601408,3003,0,2610.5,6482.48
10,140656823500800,4004,1,2610.5,6465.59
10,140656831889408,2002,0,1920.03,1184.14
10,140657138073600,2002,0,1102.25,1254.13
10,140657819648000,5005,0,1284.45,2254.25
10,140656479567872,3003,0,2610.5,7454.85
10,140656878026752,4004,0,2102.23,1587.34
10,140656204840960,19019,0,0,0
10,140656869638144,2002,0,2102.23,1428.37
10,140657765122048,3003,0,1102.25,1765.37
10,140656752197632,1001,0,2610.5,2654.57
10,140656454402048,5005,0,2610.5,8427.22
10,140656620077056,2002,0,2610.5,3419.68
10,140656733323264,1001,0,2610.5,2232.81
10,140657505075200,2002,0,1284.45,2036.66
10,140656164995072,18018,0,0,0
10,140657286971392,4004,0,1284.45,1457.25
10,140658165678080,7007,1,1736.43,5846.18
10,140656592814080,3003,0,2610.5,3841.8
10,140657553309696,2002,0,1102.25,1072.41
10,140656565551104,3003,0,2610.5,2997.56
10,140656708157440,2002,0,2610.5,3165.38
10,140657532338176,4004,0,1102.25,1491.41
10,140656689283072,1001,0,3062.89,7034.65
10,140656964009984,2002,0,1603.16,2223.57
10,140656576036864,0,0,2610.5,3278.97
10,140656200646656,33033,0,0,0
10,140656844472320,4004,0,2102.23,1401.31
10,140657360371712,1001,1,1792.72,4349.22
10,140656995467264,1001,0,1603.16,1943.46
10,140656857055232,3003,0,1920.03,964.485
10,140656695574528,1001,0,2610.5,2376.42
10,140657683333120,5005,0,1102.25,993.307
10,140657372954624,3003,0,1102.25,1300.69
10,140657226153984,3003,1,1792.72,5155.47
10,140657500880896,1001,0,1102.25,1262.8
10,140656693477376,1001,0,2420.95,1939.17
10,140657639292928,1001,0,1102.25,1276.3
10,140656322281472,4004,0,2610.5,5510.1
10,140656842375168,1001,0,2420.95,2362.97
10,140657152753664,1001,0,1102.25,1358.89
10,140657261805568,1001,0,1102.25,1070.28
10,140656464887808,2002,0,2610.5,6158.35
10,140656729128960,1001,0,2610.5,2452.88
10,140656609591296,1001,0,2610.5,2673.44
10,140656737517568,2002,0,1920.03,1128.56
10,140656341155840,12012,0,2420.95,3241.24
10,140656196452352,19019,0,0,0
10,140657494589440,2002,1,1792.72,4911.77
10,140658207621120,4004,1,1736.43,4060.37
10,140657362468864,5005,0,1102.25,1655.83
10,140679510491136,84084,0,49956.1,55929.6
10,140679523074048,29029,0,19790.9,19396
10,140657549115392,2002,0,1102.25,1593.44
10,140657821745152,1001,0,1284.45,2526.2
10,140679558725632,11011,0,10738.5,10056.6
11,140658222301184,6006,1,1736.43,3563.76
11,140657094033408,1001,0,1284.45,2496.67
11,140656160800768,1001,0,2610.5,6158.35
11,140679567114240,10010,0,10738.5,7218.58
11,140657544921088,1001,0,1102.25,2134.62
11,140657496686592,1001,0,1102.25,1882.43
11,140679565017088,14014,0,11190.9,10940.1
11,140655886073856,18018,0,0,0
11,140656714448896,0,0,2610.5,2853.33
11,140657800773632,0,0,1603.16,2956.63
11,140679514685440,48048,0,34839.2,35663.5
11,140657674944512,1001,0,1603.16,2910.93
11,140657511366656,2002,0,1102.25,1608.47
11,140657148559360,1001,0,1102.25,1032.28
11,140679548239872,15015,0,10738.5,9453.01
11,140657807065088,1001,0,1102.25,1828.14
11,140656288727040,3003,0,2420.95,2196.03
11,140658197135360,3003,0,1736.43,3143.06
11,140679560822784,9009,0,10738.5,7345.68
11,140657398120448,2002,0,1102.25,1958.91
11,140656303407104,4004,0,2610.5,3180.98
11,140656192258048,1001,0,2610.5,7778.97
11,140658216009728,1001,0,1341.54,2537.68
11,140656980787200,0,0,1792.72,3487.27
11,140679539851264,20020,0,11787.8,11159.2
11,140657769316352,3003,0,1102.25,2085.74
11,140657381343232,0,0,1284.45,2065.26
11,140657406509056,1001,0,1102.25,1717.34
11,140658201329664,3003,0,1660.25,3475.31
11,140658180358144,7007,0,1341.54,2426.48
11,140657140170752,2002,0,1603.16,2649.74
11,140657419091968,0,0,1102.25,1595.1
11,140679508393984,71071,0,83963.2,77767.9
11,140657119199232,0,0,1102.25,1169.16
11,140656567648256,0,0,2610.5,2642.35
11,140656848666624,0,0,1920.03,1378.97
11,140657542823936,1001,0,1102.25,1767.16
11,140658169872384,5005,0,1736.43,4609.75
11,140656582328320,0,0,2420.95,2183.57
11,140679516782592,44044,0,29358.6,30418.2
11,140656974495744,1001,0,1284.45,1717.13
11,140656475373568,2002,0,2610.5,5279.01
11,140656827695104,1001,0,1920.03,1397.32
11,140658182455296,4004,1,1736.43,3631.85
11,140656599105536,0,0,2420.95,2602.43
11,140679527268352,23023,0,15677.5,17266.7
11,140657519755264,1001,0,1603.16,3018
11,140656433430528,2002,0,2102.23,1394.61
11,140656443916288,2002,0,2420.95,1850.49
11,140656712351744,1001,0,2420.95,2030.62
11,140657645584384,0,0,1284.45,2572.19
11,140657291165696,2002,0,1102.25,1279.02
11,140658171969536,1001,0,1736.43,2943.6
11,140657660264448,1001,0,1603.16,3110.19
11,140656158703616,1001,0,2610.5,6482.48
11,140679554531328,9009,0,10738.5,8493.48
11,140656188063744,1001,0,2610.5,3889.49
11,140657108713472,1001,0,1102.25,1850.94
11,140656970301440,0,0,1603.16,2347.49
11,140656336961536,1001,0,2610.5,3180.98
11,140656318087168,1001,0,2610.5,3505.1
11,140657135976448,2002,0,1102.25,1878.95
11,140657012244480,1001,0,1603.16,2420.83
11,140657146462208,1001,0,1102.25,1695.72
11,140657521852416,2002,0,1102.25,2231.87
11,140658174066688,1001,0,1736.43,3399.05
11,140656422944768,1001,0,2420.95,1746.44
11,140679506296832,2.35575e+07,0,2.39391e+07,1.85828e+07
11,140656452304896,1001,0,2610.5,2575.44
11,140656706060288,2002,0,2102.23,1570.02
11,140657953865728,1001,0,1102.25,1754.91
11,140658176163840,6006,0,1736.43,3823.67
11,140655892365312,22022,0,0,0
11,140679529365504,23023,0,17938.5,17256.7
11,140657771413504,1001,0,1792.72,3355.09
11,140657955962880,2002,0,1603.16,2872.83
11,140657658167296,2002,0,1102.25,1802.19
11,140658186649600,0,0,1660.25,2801.07
11,140657918214144,3003,0,1284.45,2281.1
11,140679525171200,30030,0,19790.9,20141.5
11,140656559259648,0,0,2610.5,2762.83
11,140656183869440,0,0,2610.5,6482.48
11,140657911922688,3003,0,1792.72,3815.05
11,140658195038208,3003,0,1736.43,4273.11
11,140656615882752,2002,0,2610.5,2770.96
11,140679518879744,35035,0,19790.9,21445.9
11,140656743809024,0,0,2420.95,2089.57
11,140657792385024,6006,0,1102.25,1576.56
11,140657016438784,2002,0,1102.25,1462.2
11,140656460693504,1001,0,2610.5,3376.97
11,140658213912576,3003,1,1736.43,3250.32
11,140657557504000,3003,0,1603.16,2863.94
11,140657020633088,1001,0,1792.72,2948.52
11,140658184552448,2002,1,1736.43,3516.28
11,140657809162240,0,0,1102.25,2124.73
11,140679562919936,10010,0,10738.5,10588.8
11,140657941282816,3003,0,1102.25,1889.45
11,140656154509312,2002,0,2610.5,6158.35
11,140655896559616,16016,0,0,0
11,140656299212800,1001,0,2610.5,3462.39
11,140657825939456,1001,0,1102.25,1740.44
11,140656840278016,0,0,1920.03,989.082
11,140656485859328,1001,0,2610.5,3927.22
11,140658188746752,8008,0,1736.43,3134.68
11,140656588619776,0,0,2610.5,3131.62
11,140679552434176,14014,0,10738.5,9380.81
11,140657907728384,3003,0,1603.16,2898.95
11,140657414897664,0,0,1603.16,2915.62
11,140657008050176,0,0,1102.25,1298.07
11,140657960157184,4004,0,1102.25,2336.88
11,140656332767232,2002,0,2610.5,5829.26
11,140657393926144,1001,0,1102.25,1807.24
11,140656179675136,2002,0,2610.5,8751.34
11,140658228592640,2002,0,1660.25,3248.21
11,140657920311296,3003,0,1603.16,3430.42
11,140656993370112,1001,0,1284.45,1720.35
11,140679531462656,26026,0,17938.5,18743.3
11,140657282777088,0,0,1102.25,1504.36
11,140657828036608,4004,0,1792.72,3908.33
11,140656571842560,0,0,2610.5,2330.45
11,140657289068544,1001,0,1102.25,1730.89
11,140656313892864,0,0,2420.95,2196.03
11,140657156947968,0,0,1284.45,2273.07
11,140657947574272,0,0,1102.25,1961.65
11,140656605396992,0,0,2420.95,1682.2
11,140658031460352,0,0,1159.34,0
11,140657962254336,3003,0,1284.45,2870.38
11,140656997564416,1001,0,1102.25,1642.5
11,140679537754112,21021,0,13836.6,13548.8
11,140656873832448,1001,0,2102.23,1638.26
11,140657679138816,2002,0,1284.45,2354.65
11,140657425383424,1001,0,1102.25,1654.18
11,140655900753920,33033,0,0,0
11,140656471179264,2002,0,2420.95,2379.44
11,140656561356800,0,0,2610.5,2330.45
11,140656745906176,1001,0,2420.95,1906.37
11,140657779802112,4004,0,1792.72,3758.39
11,140656710254592,0,0,2102.23,1717.21
11,140657909825536,0,0,1284.45,2771.47
11,140657928699904,3003,0,1792.72,3743.72
11,140679520976896,29029,0,27657.7,26368.2
11,140656037068800,18018,0,0,0
11,140656043360256,17017,0,0,0
11,140656032874496,20020,0,0,0
11,140657104519168,0,0,1102.25,1747.14
11,140657523949568,0,0,1102.25,2132.5
11,140656047554560,22022,0,0,0
11,140656351641600,1001,0,2610.5,7454.85
11,140657263902720,1001,0,1284.45,2005.68
11,140656028680192,24024,0,0,0
11,140656175480832,1001,0,2610.5,5510.1
11,140656976592896,2002,0,1102.25,1042.2
11,140657641390080,1001,0,1102.25,2106.71
11,140657924505600,1001,0,1102.25,2023.3
11,140656051748864,25025,0,0,0
11,140656861249536,0,0,2102.23,1500.91
11,140679550337024,12012,0,10738.5,8638.1
11,140657817550848,2002,0,1284.45,2614.82
11,140656024485888,5005,0,2610.5,6158.35
11,140657154850816,1001,0,1102.25,1760.63
11,140657670750208,1001,0,1102.25,949.81
11,140656439721984,5005,0,2610.5,2728.13
11,140658205523968,9009,0,1736.43,4788.8
11,140656055943168,15015,0,0,0
11,140656735420416,1001,0,2420.95,2550.62
11,140656429236224,1001,0,2610.5,2547.62
11,140658192941056,8008,0,1660.25,3033.73
11,140657637195776,2002,0,1603.16,2888.94
11,140657763024896,1001,1,1603.16,4440.89
11,140657949671424,3003,0,1102.25,1671.48
11,140656020291584,4004,0,2610.5,5185.98
11,140657914019840,4004,0,1102.25,1451.97
11,140679544045568,18018,0,13836.6,14177.6
11,140656448110592,2002,0,2610.5,2486.52
11,140655904948224,14014,0,0,0
11,140657106616320,0,0,1284.45,2272.79
11,140656060137472,15015,0,0,0
11,140656838180864,1001,0,2420.95,2389.11
11,140657926602752,2002,0,1284.45,2209.52
11,140656328572928,0,0,2610.5,3731.23
11,140657100324864,1001,0,1102.25,1001.39
11,140657278582784,1001,0,1284.45,2226.53
11,140656217423872,1001,0,2610.5,6158.35
11,140656699768832,1001,0,2610.5,2309.56
11,140656295018496,1001,0,2610.5,4251.35
11,140657932894208,3003,0,1603.16,2621.44
11,140656594911232,0,0,2420.95,1657.76
11,140679535656960,20020,0,17938.5,18387.6
11,140656578134016,0,0,2420.95,2012.37
11,140657781899264,2002,0,1284.45,2581.18
11,140656064331776,21021,0,0,0
11,140658218106880,7007,0,1660.25,3033.99
11,140657672847360,1001,0,1792.72,3609.43
11,140657653972992,5005,0,1102.25,1764.21
11,140656171286528,2002,0,2610.5,10696.1
11,140657813356544,1001,0,1102.25,1823.55
11,140657115004928,1001,0,1102.25,1608.98
11,140656481665024,2002,0,2610.5,4067.93
11,140657536532480,1001,0,1102.25,1958.45
11,140656456499200,0,0,2610.5,2716.15
11,140656213229568,1001,0,2610.5,5185.98
11,140657685430272,2002,0,1284.45,2378.48
11,140656309698560,1001,0,2610.5,3351.81
11,140658203426816,2002,0,1736.43,3334.28
11,140657656070144,2002,0,1102.25,565.836
11,140656836083712,0,0,1920.03,1490.29
11,140656347447296,1001,0,2610.5,6482.48
11,140656068526080,23023,0,0,0
11,140657937088512,3003,0,1284.45,2747.4
11,140657943379968,1001,0,1284.45,2716.3
11,140657509269504,1001,0,1603.16,3078.34
11,140657775607808,2002,0,1102.25,2207.33
11,140657502978048,2002,0,1603.16,3264.52
11,140656701865984,0,0,2420.95,2272.99
11,140655909142528,16016,0,0,0
11,140657811259392,2002,0,1603.16,3314.9
11,140656209035264,2002,0,2610.5,11020.2
11,140657534435328,1001,0,1603.16,2702.22
11,140657662361600,1001,0,1102.25,2266.81
11,140679546142720,20020,0,15677.5,17846.8
11,140658199232512,4004,0,1159.34,2400.96
11,140656854958080,1001,0,2420.95,2329.65
11,140656611688448,2002,0,2610.5,2988.01
11,140656691380224,0,0,2610.5,2396.28
11,140656865443840,0,0,2102.23,1664.97
11,140656072720384,21021,0,0,0
11,140657375051776,1001,0,1102.25,1761.9
11,140657823842304,0,0,1102.25,1745.79
11,140658220204032,5005,1,1736.43,4990.65
11,140656882221056,0,0,2610.5,2731.11
11,140656959815680,2002,0,1102.25,1533.59
11,140658209718272,4004,0,1660.25,3203.16
11,140657096130560,3003,0,1102.25,1384.87
11,140657540726784,1001,0,1284.45,2465.29
11,140657689624576,3003,0,1603.16,2946.41
11,140679533559808,26026,0,15677.5,17274.6
11,140656167092224,2002,0,2610.5,5510.1
11,140657628807168,3003,1,1792.72,4354.57
11,140656466984960,1001,0,2610.5,3321.68
11,140657783996416,2002,0,1284.45,2556.8
11,140657916116992,5005,0,1792.72,3648.83
11,140656720740352,1001,0,2420.95,2428.39
11,140656076914688,13013,0,0,0
11,140657794482176,6006,0,1102.25,2057.04
11,140656989175808,0,0,1102.25,1248.45
11,140657230348288,1001,0,1284.45,1944.24
11,140656324378624,1001,0,2610.5,2434.73
11,140657951768576,2002,0,1603.16,2971.92
11,140657939185664,5005,0,1603.16,3308.78
11,140657666555904,4004,0,1284.45,2341.47
11,140679569211392,7007,0,10738.5,8395.21
11,140657530241024,1001,0,1102.25,1506
11,140657236639744,0,0,1102.25,1641.76
11,140657421189120,0,0,1102.25,1198.87
11,140657815453696,4004,0,1102.25,1244.51
11,140656202743808,1001,0,2610.5,9723.71
11,140655913336832,10010,0,0,0
11,140656584425472,1001,0,2420.95,1994.1
11,140657387634688,1001,0,1102.25,1502.43
11,140657498783744,3003,0,1792.72,3872.52
11,140656343252992,3003,0,2610.5,6806.6
11,140657633001472,2002,0,1102.25,1920.92
11,140657551212544,1001,0,1102.25,1857.66
11,140658178260992,3003,1,1736.43,4168.93
11,140657773510656,3003,0,1603.16,3132.41
11,140656081108992,20020,0,0,0
11,140679512588288,36036,0,49956.1,47981.4
11,140656601202688,0,0,2420.95,2247.81
11,140656290824192,1001,0,2610.5,3419.68
11,140656703963136,0,0,2102.23,1725.43
11,140657245028352,1001,0,1603.16,2743.93
11,140657517658112,0,0,1284.45,2586.92
11,140657370857472,1001,0,1102.25,2034.94
11,140657410703360,2002,0,1284.45,2213.67
11,140656162897920,1001,0,2610.5,6806.6
11,140656305504256,0,0,2610.5,3969.93
11,140656198549504,1001,0,2610.5,3889.49
11,140656722837504,0,0,2420.95,1847.21
11,140657691721728,2002,0,1102.25,900.749
11,140656435527680,0,0,2610.5,2706.59
11,140657635098624,1001,0,1284.45,1946.63
11,140657528143872,0,0,1102.25,1975.62
11,140657693818880,2002,0,1284.45,2200.89
11,140679541948416,19019,0,11787.8,12163.7
11,140657240834048,1001,0,1284.45,2551.63
11,140656477470720,0,0,2610.5,5150.88
11,140657274388480,4004,0,1102.25,1433.43
11,140657786093568,2002,0,1102.25,1735.15
11,140655883976704,52052,0,0,0
11,140656425041920,0,0,2610.5,2229.54
11,140657677041664,1001,0,1102.25,2037.74
11,140657930797056,3003,0,1284.45,2264.15
11,140657507172352,2002,0,1284.45,2201.26
11,140657416994816,1001,0,1102.25,1776.63
11,140657901436928,3003,0,1792.72,3740.79
11,140657897242624,3003,1,1603.16,4329.4
11,140657022730240,0,0,1603.16,2312.49
11,140679556628480,15015,0,10738.5,8119.61
11,140656194355200,0,0,2610.5,4537.73
11,140657270194176,1001,0,1102.25,1409.27
11,140656875929600,1001,0,2420.95,2286.51
11,140657255514112,0,0,1603.16,2654.24
11,140658190843904,0,1,1736.43,4211.87
11,140657121296384,2002,0,1102.25,1991.29
11,140657400217600,0,0,1102.25,1933.23
11,140657790287872,4004,0,1284.45,2213.86
11,140656320184320,1001,0,2610.5,5658.42
11,140658211815424,4004,0,1159.34,1627.25
11,140656617979904,2002,0,2610.5,2452.88
11,140657091936256,1001,1,1792.72,4418.2
11,140655888171008,15015,0,0,0
11,140656339058688,0,0,2610.5,3658.39
11,140657804967936,2002,0,1102.25,1428.34
11,140656987078656,0,0,1102.25,1380.36
11,140679571308544,95095,0,99503.5,86223.7
11,140657377148928,0,0,1603.16,2591.86
11,140657630904320,1001,0,1603.16,3005.31
11,140656590716928,0,0,2610.5,2559.84
11,140657796579328,1001,0,1792.72,3614.61
11,140656190160896,2002,0,2610.5,5834.23
11,140657788190720,2002,0,1284.45,2701.83
11,140657802870784,3003,0,1603.16,2919.03
11,140656716546048,1001,0,2420.95,2042.63
11,140657687527424,0,0,1102.25,1124.29
11,140656462790656,2002,0,2610.5,3082.98
11,140657643487232,2002,0,1102.25,2045.44
11,140657228251136,1001,0,1102.25,1249.36
11,140656573939712,1001,0,2610.5,2412.96
11,140679640514560,1001,1,9111.05,0
11,140657396023296,1001,0,1102.25,1752.65
11,140655890268160,12012,0,0,0
11,140656972398592,0,0,1284.45,2064.98
11,140657129684992,0,0,1102.25,811.809
11,140656607494144,0,0,2610.5,2269.47
11,140656286629888,0,0,7549.49,14357.1
11,140656301309952,2002,0,2420.95,1969.9
11,140657265999872,0,0,1102.25,1245.62
11,140657555406848,0,0,1102.25,783.609
11,140657280679936,0,0,1102.25,1556.28
11,140657242931200,0,0,1102.25,1493.84
11,140656966107136,0,0,1284.45,1790.04
11,140657010147328,0,0,1284.45,1756.72
11,140656185966592,5005,0,2610.5,3889.49
11,140657232445440,2002,0,1102.25,1735.38
11,140657389731840,2002,0,1284.45,2433.19
11,140657284874240,0,0,1102.25,1256.35
11,140657649778688,0,0,1792.72,3418.16
11,140656884318208,0,0,2420.95,2235.58
11,140657125490688,0,0,1102.25,1678.32
11,140657268097024,0,0,1102.25,1080.23
11,140657133879296,0,0,1102.25,1638.55
11,140657423286272,0,0,1102.25,906.063
11,140656156606464,1001,0,2610.5,5834.23
11,140657559601152,0,0,1603.16,3040.47
11,140657238736896,1001,0,1102.25,1165.27
11,140657005953024,2002,0,1102.25,1042.2
11,140657003855872,2002,0,1102.25,1308.48
11,140657777704960,2002,0,1102.25,1864.77
11,140657117102080,1001,0,1102.25,1991.29
11,140656991272960,0,0,1284.45,1642.27
11,140657905631232,4004,0,1603.16,3306.25
11,140657408606208,3003,0,1102.25,1713.92
11,140656557162496,1001,0,1920.03,1011.42
11,140657142267904,0,0,1102.25,1260.17
11,140655894462464,27027,0,0,0
11,140656334864384,0,0,2610.5,4673.47
11,140657257611264,1001,0,1102.25,974.932
11,140657526046720,2002,0,1102.25,1864.84
11,140656473276416,1001,0,2610.5,2392.02
11,140657547018240,2002,0,1102.25,1601.81
11,140656315990016,3003,0,2610.5,5052.88
11,140657934991360,3003,0,1603.16,3019.99
11,140657412800512,0,0,1102.25,1636.04
11,140656961912832,0,0,1102.25,1552.5
11,140657110810624,2002,0,1102.25,1054.13
11,140657272291328,1001,0,1102.25,1761.87
11,140656880123904,0,0,1920.03,1027.43
11,140656181772288,1001,0,2610.5,7454.85
11,140657247125504,1001,0,1102.25,1685.94
11,140657150656512,1001,0,1102.25,1708.68
11,140657018535936,1001,0,1102.25,1509.06
11,140656441819136,1001,0,2610.5,3336.57
11,140656833986560,1001,0,2102.23,1915.03
11,140656431333376,0,0,2610.5,4082.82
11,140656741711872,1001,0,2102.23,1860.39
11,140656748003328,0,0,2610.5,3327.46
11,140657383440384,2002,0,1102.25,1635.19
11,140656978690048,0,0,1102.25,1662.87
11,140656580231168,2002,0,2610.5,3413.04
11,140656597008384,1001,0,2610.5,4214.21
11,140656727031808,0,0,2420.95,1950.38
11,140656850763776,0,0,2102.23,1803.72
11,140657131782144,1001,0,1102.25,929.848
11,140656450207744,2002,0,2610.5,3459.25
11,140655898656768,20020,0,0,0
11,140657958060032,1001,0,1792.72,3947.9
11,140657798676480,7007,0,1284.45,2531.31
11,140656420847616,0,1,9810.52,12562.2
11,140657102422016,1001,0,1102.25,1874.67
11,140656152412160,1001,0,15141.7,31115.9
11,140657276485632,0,0,1102.25,2019.02
11,140658226495488,6006,0,1736.43,3618.94
11,140657681235968,2002,0,1284.45,2546.3
11,140656957718528,2002,1,1792.72,3842.21
11,140656863346688,1001,0,2610.5,2616.01
11,140657112907776,1001,0,1102.25,1880.73
11,140656859152384,0,0,2102.23,2181.03
11,140656177577984,0,0,2610.5,8103.1
11,140657144365056,0,0,1102.25,1935.48
11,140656555065344,0,0,3062.89,6851.31
11,140656825597952,1001,0,2420.95,2319.91
11,140657404411904,1001,0,1284.45,2222.34
11,140656888512512,2002,0,2420.95,2506.16
11,140656297115648,0,0,2610.5,3560.39
11,140658167775232,2002,0,1660.25,2829.51
11,140656458596352,1001,0,2610.5,3321.68
11,140656039165952,17017,0,0,0
11,140656041263104,17017,0,0,0
11,140657945477120,1001,0,1102.25,2053.89
11,140656034971648,20020,0,0,0
11,140656330670080,2002,0,2610.5,3082.98
11,140656982884352,1001,0,1102.25,1297.13
11,140656045457408,16016,0,0,0
11,140656483762176,2002,0,2610.5,4686.05
11,140656030777344,16016,0,0,0
11,140657366663168,2002,0,1102.25,1233.09
11,140656613785600,1001,0,2420.95,1905.42
11,140656049651712,14014,0,0,0
11,140655902851072,14014,0,0,0
11,140657515560960,3003,0,1284.45,2169.31
11,140656026583040,9009,0,2610.5,4213.61
11,140656829792256,1001,0,2102.23,1827.94
11,140656984981504,0,0,1603.16,2259.52
11,140656999661568,1001,0,1102.25,915.529
11,140657123393536,0,0,1102.25,1482.66
11,140656053846016,26026,0,0,0
11,140656311795712,0,0,2610.5,3927.22
11,140656563453952,1001,0,2610.5,2767.57
11,140656852860928,1001,0,1920.03,1635.73
11,140656022388736,2002,0,2610.5,3565.36
11,140657364566016,1001,0,1102.25,1550.81
11,140656724934656,0,0,1920.03,960.703
11,140656058040320,14014,0,0,0
11,140656173383680,1001,0,2610.5,6482.48
11,140657014341632,1001,0,1284.45,2030.64
11,140657668653056,3003,0,1284.45,2727.91
11,140657651875840,3003,0,1284.45,2476.82
11,140657249222656,1001,0,1102.25,1588.8
11,140656018194432,71071,0,2610.5,10372
11,140656349544448,0,0,2610.5,5185.98
11,140657538629632,0,0,1284.45,2487.25
11,140657767219200,1001,0,1102.25,2240.64
11,140656586522624,0,0,2610.5,2229.54
11,140657391828992,1001,0,1102.25,975.458
11,140656062234624,18018,0,0,0
11,140656469082112,1001,0,2610.5,3773.94
11,140657903534080,2002,0,1284.45,2327.86
11,140657513463808,2002,0,1102.25,1554.15
11,140657368760320,0,0,1102.25,1612.31
11,140656215326720,1001,0,2610.5,6482.48
11,140656731226112,3003,0,2102.23,1840.61
11,140655907045376,14014,0,0,0
11,140657127587840,0,0,1603.16,2648.33
11,140657385537536,2002,0,1603.16,3148.15
11,140656066428928,14014,0,0,0
11,140656603299840,2002,0,2610.5,2217.44
11,140656846569472,0,0,1920.03,1291.89
11,140656718643200,0,0,1920.03,1264.38
11,140657251319808,0,0,1102.25,1761.7
11,140657664458752,2002,0,1102.25,2187.82
11,140657098227712,2002,0,1284.45,2049.31
11,140657259708416,2002,0,1102.25,1792.72
11,140656211132416,2002,0,2610.5,6158.35
11,140656867540992,2002,0,2102.23,1749.44
11,140657253416960,0,0,1284.45,1926.14
11,140658230689792,7007,0,1660.25,3132.87
11,140657647681536,3003,0,1603.16,3114.17
11,140656871735296,3003,0,1920.03,898.726
11,140656326475776,0,0,2610.5,2758.86
11,140656169189376,0,0,2610.5,7454.85
11,140656070623232,24024,0,0,0
11,140656739614720,0,0,2420.95,2362.97
11,140657899339776,2002,0,1792.72,3585.86
11,140657234542592,0,0,1102.25,2084.05
11,140656750100480,1001,0,2102.23,1845.91
11,140656886415360,1001,0,1920.03,1003.2
11,140656437624832,0,0,2610.5,2400.74
11,140656697671680,0,0,2610.5,2447.66
11,140657402314752,0,0,1102.25,1951.76
11,140656206938112,1001,0,2420.95,3241.24
11,140657001758720,0,0,1102.25,1266.44
11,140656754294784,0,0,2102.23,1606.47
11,140656292921344,2002,0,2420.95,2520.15
11,140656446013440,1001,0,2610.5,2253.98
11,140656427139072,1001,0,2420.95,1887.15
11,140658224398336,0,1,1660.25,2969.15
11,140656345350144,0,0,2610.5,4537.73
11,140656074817536,19019,0,0,0
11,140655911239680,16016,0,0,0
11,140656968204288,2002,0,1792.72,2889.29
11,140656569745408,3003,0,2610.5,1951.39
11,140657379246080,1001,0,1603.16,3022.61
11,140657922408448,4004,0,1102.25,2239.75
11,140656307601408,1001,0,2610.5,3786.52
11,140656823500800,3003,1,2610.5,5773.73
11,140656831889408,0,0,1920.03,1465.42
11,140657138073600,0,0,1102.25,1568.29
11,140657819648000,0,0,1603.16,3120.85
11,140656479567872,0,0,2610.5,4208.64
11,140656878026752,1001,0,2420.95,2241.2
11,140656204840960,1001,0,2610.5,6158.35
11,140656869638144,0,0,2102.23,1584.72
11,140657765122048,2002,0,1284.45,2244.99
11,140656752197632,0,0,2420.95,1895.45
11,140656454402048,0,0,2610.5,5279.01
11,140656620077056,0,0,2610.5,2471.15
11,140656733323264,0,0,2420.95,1751.17
11,140657505075200,1001,0,1284.45,2076.06
11,140656079011840,20020,0,0,0
11,140656164995072,2002,0,2610.5,5834.23
11,140657286971392,0,0,1284.45,2456.84
11,140658165678080,6006,1,1736.43,6559.34
11,140656592814080,2002,0,2610.5,3024.67
11,140657553309696,0,0,1102.25,1592.84
11,140656565551104,1001,0,2610.5,2565.89
11,140656708157440,2002,0,2610.5,2529.21
11,140657532338176,0,0,1284.45,2246.44
11,140656689283072,0,0,2610.5,5129.89
11,140656964009984,0,0,1603.16,2140.35
11,140656576036864,0,0,2420.95,1746.44
11,140656200646656,0,0,2610.5,10696.1
11,140656844472320,0,0,2102.23,2242.36
11,140657360371712,2002,1,1792.72,3871.34
11,140656995467264,1001,0,1284.45,1754.89
11,140656857055232,0,0,1920.03,1732.06
11,140656695574528,0,0,2420.95,1847.21
11,140657683333120,0,0,1284.45,2300.06
11,140657372954624,1001,0,1102.25,1962.79
11,140657226153984,1001,1,1792.72,5130.46
11,140657500880896,2002,0,1102.25,1358.53
11,140656693477376,0,0,2102.23,1570.24
11,140656083206144,20020,0,0,0
11,140657639292928,0,0,1102.25,1233.67
11,140656322281472,3003,0,2610.5,3688.52
11,140656842375168,1001,0,2102.23,1801.1
11,140657152753664,2002,0,1102.25,1352.15
11,140657261805568,0,0,1102.25,1075.94
11,140656464887808,0,0,2610.5,3321.68
11,140656729128960,0,0,2420.95,1899.44
11,140656609591296,0,0,2420.95,1776.93
11,140656737517568,1001,0,1920.03,1279.53
11,140656341155840,2002,0,2610.5,5296.56
11,140656196452352,2002,0,2610.5,6158.35
11,140657494589440,1001,1,1792.72,4686.48
11,140658207621120,6006,1,1736.43,3819.88
11,140657362468864,0,0,1603.16,2774.79
11,140679510491136,81081,0,53468.9,61378.4
11,140679523074048,31031,0,22487.5,21558.6
11,140657549115392,3003,0,1102.25,1716.45
11,140657821745152,2002,0,1102.25,2048.58
11,140679558725632,14014,0,10738.5,9785.07
12,140658222301184,4004,1,1736.43,4354.21
12,140657094033408,0,0,1102.25,1702.3
12,140656160800768,1001,0,2610.5,2997.56
12,140679567114240,10010,0,10738.5,7692.83
12,140657544921088,2002,0,1102.25,1766.05
12,140657496686592,1001,0,1102.25,1555.45
12,140679565017088,14014,0,11190.9,11270.3
12,140655886073856,1001,0,2610.5,5834.23
12,140656714448896,0,0,2102.23,1796.36
12,140657800773632,1001,0,1102.25,1846.53
12,140679514685440,40040,0,38185.9,37671.3
12,140657674944512,2002,0,1284.45,1952.11
12,140657511366656,1001,0,1102.25,1638.04
12,140657148559360,0,0,1102.25,1169
12,140679548239872,18018,0,11190.9,10822.4
12,140657807065088,3003,0,1102.25,1395.71
12,140656288727040,2002,0,2420.95,2094.89
12,140658197135360,3003,0,1660.25,2945.73
12,140655760244736,16016,0,0,0
12,140679560822784,11011,0,10738.5,7546.22
12,140657398120448,1001,0,1102.25,1949.18
12,140656303407104,1001,0,2610.5,2954.25
12,140656192258048,1001,0,2610.5,3701.1
12,140658216009728,4004,0,1159.34,1959.33
12,140655942696960,26026,0,0,0
12,140656980787200,2002,0,1284.45,1981.91
12,140679539851264,23023,0,13836.6,13835.5
12,140657769316352,1001,0,1284.45,2322.29
12,140657381343232,0,0,1102.25,1328.53
12,140655919628288,16016,0,0,0
12,140657406509056,3003,0,1102.25,1628.12
12,140658201329664,3003,0,1660.25,3135.34
12,140658180358144,9009,0,1736.43,3961.45
12,140657140170752,0,0,1284.45,2117.85
12,140657419091968,1001,0,1102.25,1120.97
12,140679508393984,97097,0,80000,69927.2
12,140657119199232,2002,0,1102.25,884.583
12,140656567648256,0,0,2102.23,1543.32
12,140656848666624,0,0,1920.03,1027.35
12,140657542823936,1001,0,1102.25,1459.11
12,140658169872384,2002,1,1736.43,4322.93
12,140656582328320,0,0,1920.03,1229.9
12,140679516782592,49049,0,31404.1,32954.3
12,140656974495744,1001,0,1102.25,1600.95
12,140656475373568,2002,0,2610.5,3339.84
12,140656827695104,0,0,1920.03,1249.41
12,140658182455296,5005,1,1736.43,3734.66
12,140656599105536,1001,0,2102.23,1354.6
12,140679527268352,34034,0,17938.5,18304.4
12,140657519755264,5005,0,1284.45,2302.5
12,140656433430528,0,0,1920.03,1520.27
12,140656443916288,1001,0,2102.23,1814.11
12,140656712351744,0,0,2102.23,1698.15
12,140657645584384,4004,0,1102.25,1737.96
12,140657291165696,1001,0,1102.25,1566.32
12,140658171969536,4004,0,1341.54,2249
12,140657660264448,3003,0,1284.45,2282.24
12,140656158703616,1001,0,2610.5,3138.27
12,140679554531328,10010,0,10738.5,8347.83
12,140656188063744,3003,0,2420.95,2012.61
12,140657108713472,1001,0,1102.25,1458.32
12,140656970301440,1001,0,1102.25,1462.94
12,140656336961536,1001,0,2420.95,1981.88
12,140656318087168,1001,0,2610.5,2122.59
12,140657135976448,0,0,1102.25,1813.44
12,140657012244480,0,0,1284.45,1761.13
12,140657146462208,0,0,1102.25,1620.49
12,140657521852416,1001,0,1102.25,2000.69
12,140658174066688,5005,0,1341.54,2562.35
12,140656422944768,1001,0,2102.23,1497.55
12,140679506296832,2.40981e+07,0,2.36144e+07,1.90035e+07
12,140655793799168,21021,0,0,0
12,140655779119104,21021,0,0,0
12,140656452304896,2002,0,2102.23,1688.25
12,140656706060288,0,0,2102.23,1701.57
12,140657953865728,0,0,1102.25,1534.97
12,140658176163840,4004,0,1736.43,4315.63
12,140655892365312,2002,0,2610.5,7130.72
12,140679529365504,23023,0,17938.5,18438
12,140657771413504,1001,0,1603.16,2502.94
12,140657955962880,0,0,1284.45,2620.92
12,140657658167296,4004,0,1102.25,1964.92
12,140655923822592,22022,0,0,0
12,140658186649600,0,0,1159.34,1760.07
12,140657918214144,4004,0,1284.45,2600.25
12,140679525171200,25025,0,22487.5,22122.9
12,140656559259648,1001,0,2420.95,1674.93
12,140656183869440,7007,0,2610.5,2814.14
12,140655946891264,11011,0,0,0
12,140657911922688,4004,0,1792.72,3303.63
12,140658195038208,7007,0,1736.43,3473.59
12,140656615882752,0,0,2610.5,2460.52
12,140679518879744,42042,0,25027.4,24800.3
12,140656743809024,1001,0,1920.03,1240.89
12,140655764439040,13013,0,0,0
12,140657792385024,1001,0,1603.16,3048.09
12,140657016438784,0,0,1102.25,1747.14
12,140656460693504,0,0,2610.5,2159.25
12,140658213912576,1001,1,1660.25,3227.3
12,140657557504000,5005,0,1603.16,2813.02
12,140657020633088,1001,0,1284.45,2025.76
12,140658184552448,4004,1,1660.25,3026.65
12,140657809162240,1001,0,1102.25,1376.99
12,140679562919936,6006,0,10738.5,9592.05
12,140657941282816,2002,0,1102.25,2250.56
12,140656154509312,0,0,2610.5,3321.68
12,140655896559616,2002,0,2610.5,5185.98
12,140656299212800,0,0,2610.5,2134.81
12,140657825939456,3003,0,1102.25,1672.32
12,140656840278016,1001,0,1920.03,806.423
12,140656485859328,0,0,2610.5,2351.98
12,140658188746752,4004,0,1736.43,4595.83
12,140656588619776,1001,0,2420.95,1816.51
12,140679552434176,15015,0,10738.5,10362.6
12,140657907728384,4004,0,1603.16,2845.35
12,140657414897664,0,0,1102.25,1789.05
12,140657008050176,0,0,1102.25,886.357
12,140657960157184,2002,0,1284.45,2791.58
12,140656332767232,0,0,2610.5,3532.57
12,140657393926144,0,0,1102.25,1394.29
12,140656179675136,0,0,2610.5,4447.34
12,140658228592640,1001,0,1660.25,2673.29
12,140657920311296,2002,0,1603.16,3129.19
12,140656993370112,1001,0,1102.25,1438.1
12,140679531462656,23023,0,18808.2,19931.1
12,140657282777088,0,0,1102.25,992.631
12,140657828036608,1001,0,1792.72,3449.05
12,140656571842560,2002,0,2102.23,1430.62
12,140657289068544,1001,0,1102.25,1611.5
12,140655928016896,15015,0,0,0
12,140656313892864,0,0,1920.03,1122.51
12,140657156947968,0,0,1102.25,1412.54
12,140657947574272,1001,0,1102.25,1336.21
12,140656605396992,0,0,1920.03,1149.2
12,140658031460352,0,0,1159.34,0
12,140657962254336,0,0,1284.45,2730.02
12,140656997564416,0,0,1102.25,1409.1
12,140679537754112,29029,0,14827.5,15589.6
12,140656873832448,1001,0,1920.03,1467.45
12,140657679138816,2002,0,1284.45,2171.1
12,140657425383424,1001,0,1102.25,1471.99
12,140655900753920,2002,0,2610.5,10696.1
12,140656471179264,1001,0,2102.23,1835.01
12,140656561356800,0,0,2102.23,1430.62
12,140656745906176,2002,0,2102.23,1546.17
12,140657779802112,4004,0,1792.72,3666.12
12,140656710254592,0,0,1920.03,1124.34
12,140657909825536,2002,0,1102.25,1899.97
12,140655783313408,20020,0,0,0
12,140657928699904,4004,0,1603.16,3049.65
12,140679520976896,37037,0,27657.7,25194.2
12,140656037068800,2002,0,2610.5,5834.23
12,140656043360256,3003,0,2610.5,5510.1
12,140655749758976,83083,0,0,0
12,140656032874496,0,0,2610.5,6482.48
12,140657104519168,0,0,1102.25,1201
12,140657523949568,1001,0,1102.25,1248.87
12,140656047554560,1001,0,2610.5,7130.72
12,140656351641600,0,0,2610.5,3560.39
12,140657263902720,1001,0,1102.25,1681.22
12,140656028680192,2002,0,2610.5,7778.97
12,140656175480832,0,0,2610.5,2716.15
12,140656976592896,1001,0,1102.25,1402.9
12,140657641390080,6006,0,1102.25,1823.39
12,140657924505600,5005,0,1102.25,1779.59
12,140656051748864,3003,0,2610.5,8103.1
12,140656861249536,1001,0,1920.03,1101.9
12,140679550337024,11011,0,10738.5,9550.54
12,140657817550848,1001,0,1284.45,2357.03
12,140656024485888,0,0,2610.5,4294.06
12,140657154850816,2002,0,1102.25,1392.93
12,140657670750208,1001,0,1102.25,1061.8
12,140656439721984,0,0,2610.5,3224.61
12,140655768633344,21021,0,0,0
12,140658205523968,3003,0,1736.43,5656.39
12,140656055943168,1001,0,2610.5,4861.86
12,140656735420416,0,0,2102.23,1761.81
12,140656429236224,0,0,2420.95,1883.44
12,140658192941056,0,0,1736.43,4573.71
12,140657637195776,2002,0,1284.45,2352.82
12,140657763024896,2002,1,1284.45,3805.52
12,140657949671424,1001,0,1102.25,2189.34
12,140656020291584,1001,0,2610.5,3547.81
12,140657914019840,6006,0,1102.25,2432.67
12,140679544045568,17017,0,14827.5,14425.4
12,140656448110592,0,0,2420.95,2067.52
12,140655904948224,1001,0,2610.5,4537.73
12,140657106616320,0,0,1102.25,1597.51
12,140656060137472,1001,0,2610.5,4861.86
12,140656838180864,1001,0,2102.23,1822.83
12,140655932211200,26026,0,0,0
12,140657926602752,3003,0,1284.45,2007.47
12,140656328572928,0,0,2420.95,1850.49
12,140657100324864,0,0,1102.25,1017.36
12,140657278582784,0,0,1102.25,1712.13
12,140656217423872,1001,0,2610.5,2997.56
12,140656699768832,0,0,2420.95,1922.3
12,140656295018496,0,0,2610.5,2492.69
12,140657932894208,1001,0,1603.16,2773.46
12,140656594911232,2002,0,1920.03,1093.19
12,140679535656960,24024,0,17938.5,17894.3
12,140656578134016,1001,0,1920.03,1193.66
12,140657781899264,1001,0,1284.45,2277.02
12,140656064331776,4004,0,2610.5,6806.6
12,140658218106880,8008,0,1736.43,4258.27
12,140657672847360,2002,0,1603.16,2507.26
12,140657653972992,2002,0,1603.16,2769.05
12,140656171286528,0,0,2610.5,5291.58
12,140657813356544,2002,0,1102.25,1657.14
12,140657115004928,1001,0,1102.25,1386.93
12,140656481665024,0,0,2610.5,2752.57
12,140657536532480,2002,0,1102.25,1713.59
12,140656456499200,1001,0,2102.23,1440.59
12,140656213229568,0,0,2610.5,2575.44
12,140657685430272,3003,0,1284.45,2065.28
12,140656309698560,2002,0,2420.95,1933
12,140658203426816,2002,0,1660.25,2610.82
12,140657656070144,2002,0,1102.25,1106.02
12,140656836083712,0,0,1920.03,1096.06
12,140656347447296,1001,0,2610.5,3138.27
12,140656068526080,2002,0,2610.5,7454.85
12,140657937088512,3003,0,1284.45,2582.96
12,140657943379968,4004,0,1102.25,2074.53
12,140657509269504,3003,0,1284.45,2163.15
12,140657775607808,4004,0,1102.25,2169.83
12,140657502978048,3003,0,1284.45,2576.29
12,140656701865984,1001,0,1920.03,1305.13
12,140655753953280,24024,0,0,0
12,140655909142528,3003,0,2610.5,5185.98
12,140657811259392,2002,0,1284.45,2600.32
12,140656209035264,1001,0,2610.5,5432.29
12,140657534435328,3003,0,1284.45,1958.47
12,140657662361600,2002,0,1102.25,1809.76
12,140679546142720,16016,0,15677.5,16945.3
12,140658199232512,2002,0,1341.54,2929.43
12,140656854958080,1001,0,2102.23,1959.29
12,140656611688448,0,0,2610.5,2368.72
12,140656691380224,2002,0,2102.23,1665.33
12,140656865443840,0,0,1920.03,1082.72
12,140656072720384,4004,0,2610.5,6806.6
12,140657375051776,0,0,1102.25,1451.4
12,140657823842304,3003,0,1102.25,1344.25
12,140655787507712,22022,0,0,0
12,140658220204032,3003,1,1736.43,4555.9
12,140656882221056,1001,0,2102.23,1697.05
12,140656959815680,2002,0,1102.25,1661.04
12,140658209718272,4004,0,1736.43,3416.53
12,140657096130560,2002,0,1102.25,1950.44
12,140657540726784,0,0,1102.25,1760.89
12,140657689624576,0,0,1603.16,2741.64
12,140655936405504,18018,0,0,0
12,140679533559808,16016,0,17938.5,19053.3
12,140656167092224,0,0,2610.5,3040.27
12,140657628807168,1001,1,1603.16,4367.39
12,140656466984960,1001,0,2420.95,2058.35
12,140657783996416,1001,0,1284.45,2309.93
12,140657916116992,1001,0,1792.72,3969.54
12,140655772827648,20020,0,0,0
12,140656720740352,1001,0,2102.23,1662.51
12,140656076914688,1001,0,2610.5,4213.61
12,140657794482176,4004,0,1603.16,3401.94
12,140656989175808,4004,0,1102.25,1073.12
12,140657230348288,1001,0,1102.25,1508.63
12,140656324378624,0,0,2102.23,1611.79
12,140657951768576,0,0,1284.45,2457.18
12,140657939185664,2002,0,1792.72,3702.77
12,140657666555904,0,0,1603.16,2854.64
12,140679569211392,17017,0,10738.5,7694.17
12,140657530241024,2002,0,1102.25,1369.93
12,140657236639744,1001,0,1102.25,1214.68
12,140657421189120,1001,0,1102.25,984.724
12,140657815453696,4004,0,1102.25,2329.79
12,140656202743808,2002,0,2610.5,4545.34
12,140655913336832,14014,0,2420.95,3241.24
12,140656584425472,0,0,2102.23,1586.03
12,140657387634688,0,0,1102.25,1415.47
12,140657498783744,3003,0,1792.72,3226.12
12,140656343252992,2002,0,2610.5,3927.22
12,140657633001472,4004,0,1102.25,1854.12
12,140657551212544,1001,0,1102.25,1630.14
12,140658178260992,0,1,1736.43,3525.19
12,140657773510656,1001,0,1603.16,2978.69
12,140656081108992,1001,0,2610.5,6482.48
12,140679512588288,66066,0,42211.5,40309.1
12,140656601202688,0,0,1920.03,1254.12
12,140656290824192,2002,0,2610.5,2147.03
12,140656703963136,2002,0,1920.03,1086.58
12,140657245028352,0,0,1284.45,1811.75
12,140657517658112,1001,0,1102.25,1674.47
12,140657370857472,3003,0,1102.25,1848.3
12,140657410703360,1001,0,1284.45,1915.39
12,140656162897920,0,0,2610.5,3278.97
12,140656305504256,0,0,2610.5,2015.64
12,140656198549504,1001,0,2420.95,2012.61
12,140656722837504,1001,0,1920.03,1309.78
12,140655758147584,23023,0,0,0
12,140657691721728,1001,0,1102.25,1435.77
12,140656435527680,0,0,2102.23,1567.54
12,140657635098624,1001,0,1102.25,1706.75
12,140657528143872,0,0,1102.25,1261.79
12,140657693818880,4004,0,1102.25,2036.44
12,140679541948416,20020,0,13836.6,13584.2
12,140657240834048,2002,0,1102.25,1916.52
12,140656477470720,1001,0,2610.5,2728.25
12,140657274388480,0,0,1284.45,2266.38
12,140655940599808,20020,0,0,0
12,140657786093568,5005,0,1102.25,1839.92
12,140655883976704,35035,0,6699.53,16854.4
12,140656425041920,2002,0,2102.23,1322.36
12,140657677041664,1001,0,1102.25,1737.69
12,140657930797056,2002,0,1284.45,2488.84
12,140657507172352,1001,0,1102.25,1950.48
12,140657416994816,1001,0,1102.25,1426.45
12,140655917531136,12012,0,0,0
12,140657901436928,4004,0,1792.72,3165.64
12,140657897242624,1001,1,1603.16,4247.64
12,140657022730240,1001,0,1102.25,1448.24
12,140679556628480,14014,0,10738.5,10231.4
12,140656194355200,0,0,2420.95,1969.9
12,140657270194176,1001,0,1102.25,1249.55
12,140656875929600,1001,0,2102.23,1748.86
12,140657255514112,0,0,1102.25,1705.33
12,140658190843904,5005,1,1660.25,2733.06
12,140657121296384,1001,0,1102.25,1775.7
12,140655791702016,13013,0,0,0
12,140657400217600,0,0,1102.25,1372.72
12,140657790287872,3003,0,1603.16,2792.3
12,140656320184320,2002,0,2610.5,3257.32
12,140658211815424,0,0,1341.54,2622.26
12,140656617979904,1001,0,2420.95,2223.57
12,140655777021952,15015,0,0,0
12,140657091936256,1001,1,1792.72,3688.91
12,140655888171008,1001,0,2610.5,4861.86
12,140656339058688,0,0,2610.5,1988.05
12,140657804967936,1001,0,1102.25,1767.26
12,140656987078656,2002,0,1102.25,1004.12
12,140679571308544,153153,0,92999.3,85613.5
12,140657377148928,1001,0,1102.25,1743.91
12,140657630904320,0,0,1284.45,2148.84
12,140656590716928,0,0,2102.23,1587.33
12,140657796579328,3003,0,1603.16,2313.74
12,140656190160896,1001,0,2610.5,3180.98
12,140657788190720,4004,0,1284.45,2400.12
12,140657802870784,4004,0,1603.16,2785.05
12,140656716546048,0,0,2102.23,1680.76
12,140657687527424,1001,0,1102.25,791.81
12,140656462790656,2002,0,2420.95,2217.32
12,140657643487232,2002,0,1102.25,2110.71
12,140657228251136,0,0,1102.25,1175.6
12,140656573939712,0,0,2102.23,1710.73
12,140679640514560,0,1,9111.05,324.124
12,140657396023296,0,0,1102.25,1503.32
12,140655921725440,18018,0,0,0
12,140655890268160,0,0,2610.5,3889.49
12,140655944794112,19019,0,0,0
12,140655762341888,21021,0,0,0
12,140656972398592,2002,0,1102.25,1358
12,140657129684992,1001,0,1102.25,650.413
12,140656607494144,1001,0,2102.23,1511.08
12,140656286629888,0,0,3659.81,7447.7
12,140656301309952,0,0,2102.23,1718.74
12,140657265999872,0,0,1102.25,936.82
12,140657555406848,0,0,1102.25,619.037
12,140657280679936,1001,0,1102.25,1059.7
12,140657242931200,0,0,1102.25,1126.05
12,140656966107136,2002,0,1102.25,1146.91
12,140657010147328,0,0,1102.25,1186.44
12,140656185966592,2002,0,2610.5,3309.11
12,140657232445440,2002,0,1102.25,1741.5
12,140657389731840,3003,0,1284.45,2125.94
12,140657284874240,2002,0,1102.25,820.954
12,140657649778688,1001,0,1284.45,2069.79
12,140656884318208,1001,0,2102.23,1474.72
12,140657125490688,0,0,1102.25,1012.54
12,140657268097024,3003,0,1102.25,795.959
12,140657133879296,0,0,1102.25,1007.31
12,140657423286272,3003,0,1102.25,768.339
12,140656156606464,1001,0,2610.5,2856.85
12,140657559601152,1001,0,1102.25,1969.83
12,140657238736896,0,0,1102.25,1202.05
12,140657005953024,0,0,1102.25,1402.9
12,140657003855872,0,0,1102.25,1495.05
12,140657777704960,4004,0,1102.25,1944.75
12,140657117102080,5005,0,1102.25,1451.58
12,140656991272960,1001,0,1102.25,1246.75
12,140657905631232,3003,0,1792.72,3349.39
12,140657408606208,0,0,1102.25,2179.93
12,140656557162496,1001,0,1920.03,968.066
12,140657142267904,0,0,1102.25,857.706
12,140655894462464,2002,0,2610.5,8751.34
12,140656334864384,0,0,2610.5,2397.96
12,140657257611264,2002,0,1102.25,943.2
12,140657526046720,1001,0,1102.25,1869.3
12,140656473276416,0,0,2102.23,1624.01
12,140657547018240,0,0,1102.25,1931.41
12,140656315990016,4004,0,2610.5,3611.94
12,140657934991360,3003,0,1603.16,2868.54
12,140657412800512,0,0,1102.25,1033.93
12,140656961912832,2002,0,1102.25,994.131
12,140657110810624,1001,0,1102.25,1453.25
12,140657272291328,0,0,1102.25,1382.75
12,140656880123904,0,0,1920.03,692.323
12,140655925919744,28028,0,0,0
12,140656181772288,1001,0,2610.5,3560.39
12,140657247125504,2002,0,1102.25,1530.43
12,140655781216256,11011,0,0,0
12,140657150656512,1001,0,1102.25,1468.35
12,140657018535936,1001,0,1102.25,1422.1
12,140656441819136,0,0,2610.5,2241.32
12,140655795896320,7007,0,0,0
12,140656833986560,0,0,1920.03,1657.58
12,140656431333376,0,0,2610.5,2287.29
12,140656741711872,0,0,1920.03,1453.7
12,140656748003328,0,0,2420.95,2236.66
12,140657383440384,2002,0,1102.25,1748.99
12,140656978690048,1001,0,1102.25,1109.06
12,140656580231168,0,0,2610.5,2617.68
12,140656597008384,1001,0,2610.5,2679.44
12,140656727031808,2002,0,1920.03,1301.42
12,140656850763776,0,0,1920.03,1264.75
12,140655948988416,22022,0,0,0
12,140657131782144,0,0,1102.25,953.884
12,140656450207744,1001,0,2610.5,2574.75
12,140655898656768,1001,0,2610.5,6482.48
12,140657958060032,2002,0,1603.16,2848.78
12,140657798676480,3003,0,1792.72,3932.24
12,140656420847616,0,1,3659.81,7400.15
12,140657102422016,0,0,1102.25,1398.79
12,140656152412160,3003,0,9810.52,13832
12,140657276485632,0,0,1102.25,1041.41
12,140655766536192,14014,0,0,0
12,140658226495488,2002,0,1736.43,4121.11
12,140657681235968,1001,0,1284.45,2216.84
12,140656957718528,3003,1,1792.72,3812.72
12,140656863346688,0,0,2102.23,1932.1
12,140657112907776,0,0,1102.25,1499.08
12,140656859152384,1001,0,1920.03,1319.85
12,140656177577984,1001,0,2610.5,3517.68
12,140657144365056,3003,0,1102.25,1254
12,140656555065344,1001,1,2610.5,4815.01
12,140656825597952,1001,0,2102.23,1860.05
12,140657404411904,0,0,1102.25,1711.91
12,140656888512512,1001,0,2420.95,2130.46
12,140656297115648,0,0,2420.95,1899.37
12,140658167775232,4004,0,1341.54,2631.29
12,140656458596352,2002,0,2420.95,2058.35
12,140656039165952,2002,0,2610.5,5510.1
12,140656041263104,1001,0,2610.5,5510.1
12,140657945477120,1001,0,1102.25,1713.78
12,140656034971648,1001,0,2610.5,6482.48
12,140656330670080,1001,0,2420.95,2217.32
12,140656982884352,0,0,1102.25,1256.7
12,140656045457408,1001,0,2610.5,5185.98
12,140656483762176,0,0,2610.5,3159.33
12,140656030777344,1001,0,2610.5,5185.98
12,140655930114048,22022,0,0,0
12,140657366663168,0,0,1102.25,1499.85
12,140656613785600,0,0,2102.23,1505.78
12,140656049651712,1001,0,2610.5,4537.73
12,140655902851072,2002,0,2610.5,4537.73
12,140657515560960,0,0,1284.45,2525.01
12,140656026583040,2002,0,2610.5,4746.31
12,140656829792256,0,0,1920.03,1599.5
12,140656984981504,0,0,1102.25,1498.24
12,140656999661568,0,0,1102.25,1111.07
12,140657123393536,0,0,1102.25,1019.45
12,140656053846016,1001,0,2610.5,8427.22
12,140656311795712,0,0,2610.5,2027.86
12,140656563453952,2002,0,2102.23,1811.21
12,140656852860928,1001,0,1920.03,1389.8
12,140656022388736,3003,0,2420.95,2196.03
12,140657364566016,1001,0,1102.25,1414.23
12,140656724934656,0,0,1920.03,739.319
12,140656058040320,0,0,2610.5,4537.73
12,140656173383680,0,0,2610.5,3138.27
12,140657014341632,0,0,1102.25,1735.81
12,140657668653056,1001,0,1284.45,2596.04
12,140657651875840,2002,0,1284.45,2433.25
12,140657249222656,2002,0,1102.25,1448.4
12,140656018194432,0,0,15141.7,27515.4
12,140656349544448,1001,0,2420.95,2251.31
12,140657538629632,2002,0,1102.25,1484.19
12,140655751856128,18018,0,0,0
12,140657767219200,1001,0,1102.25,1829.22
12,140656586522624,0,0,2102.23,1322.36
12,140657391828992,0,0,1102.25,1040.56
12,140656062234624,1001,0,2610.5,5834.23
12,140655785410560,30030,0,0,0
12,140656469082112,0,0,2420.95,2162.39
12,140657903534080,1001,0,1102.25,2280.44
12,140657513463808,2002,0,1102.25,1792.1
12,140657368760320,0,0,1102.25,1129.43
12,140656215326720,0,0,2610.5,3138.27
12,140656731226112,3003,0,2102.23,2033.19
12,140655907045376,0,0,2610.5,4537.73
12,140657127587840,0,0,1102.25,1642.85
12,140657385537536,1001,0,1284.45,2391.53
12,140656066428928,1001,0,2610.5,4537.73
12,140656603299840,0,0,2420.95,2163.11
12,140656846569472,1001,0,1920.03,969.273
12,140656718643200,0,0,1920.03,889.776
12,140657251319808,2002,0,1102.25,1144.49
12,140655770730496,18018,0,0,0
12,140657664458752,1001,0,1102.25,1984
12,140657098227712,0,0,1284.45,2059.25
12,140657259708416,2002,0,1102.25,1749.85
12,140655934308352,24024,0,0,0
12,140656211132416,2002,0,2610.5,3321.68
12,140656867540992,0,0,2102.23,1700.05
12,140657253416960,1001,0,1102.25,1346.64
12,140658230689792,6006,0,1736.43,4174.33
12,140657647681536,2002,0,1603.16,2812.1
12,140656871735296,1001,0,1920.03,1570.84
12,140656326475776,0,0,2102.23,1428.37
12,140656169189376,0,0,2610.5,3236.27
12,140656070623232,1001,0,2610.5,7778.97
12,140656739614720,0,0,2102.23,1476.97
12,140657899339776,5005,0,1603.16,2912.92
12,140657234542592,0,0,1102.25,1414.16
12,140656750100480,1001,0,1920.03,1542.31
12,140656886415360,0,0,1920.03,1005.83
12,140656437624832,0,0,2102.23,1358.6
12,140656697671680,0,0,2102.23,1491.45
12,140657402314752,1001,0,1102.25,1366.26
12,140656206938112,1001,0,2102.23,1731.2
12,140657001758720,0,0,1102.25,707.046
12,140656754294784,2002,0,1920.03,1091.96
12,140656292921344,0,0,2102.23,1911.47
12,140656446013440,2002,0,2102.23,1702.51
12,140656427139072,0,0,2102.23,1574.02
12,140658224398336,3003,1,1159.34,2015.31
12,140656345350144,1001,0,2420.95,1969.9
12,140656074817536,1001,0,2610.5,6158.35
12,140655911239680,1001,0,2610.5,5185.98
12,140656968204288,0,0,1603.16,2450.75
12,140656569745408,0,0,2420.95,2246.49
12,140657379246080,1001,0,1284.45,2234.04
12,140657922408448,1001,0,1284.45,2800.43
12,140656307601408,0,0,2610.5,2275.52
12,140656823500800,2002,1,2610.5,5128.64
12,140656831889408,1001,0,1920.03,936.05
12,140657138073600,0,0,1102.25,1042.31
12,140657819648000,6006,0,1102.25,1881.16
12,140656479567872,0,0,2610.5,2180.78
12,140656878026752,1001,0,2102.23,1577.89
12,140656204840960,1001,0,2610.5,2997.56
12,140655756050432,22022,0,0,0
12,140656869638144,2002,0,1920.03,1010.11
12,140657765122048,4004,0,1102.25,2113.61
12,140656752197632,1001,0,1920.03,1285.63
12,140656454402048,0,0,2610.5,2691.59
12,140656620077056,0,0,2102.23,1507.08
12,140656733323264,1001,0,1920.03,1234.19
12,140657505075200,2002,0,1102.25,1759.12
12,140656079011840,2002,0,2610.5,6482.48
12,140656164995072,2002,0,2610.5,3180.98
12,140657286971392,0,0,1102.25,1559.99
12,140658165678080,4004,1,1736.43,6478.7
12,140656592814080,0,0,2610.5,2452.75
12,140657553309696,0,0,1102.25,1127.5
12,140656565551104,2002,0,2420.95,1815.2
12,140656708157440,0,0,2420.95,2303.9
12,140655938502656,22022,0,0,0
12,140657532338176,0,0,1102.25,1289.19
12,140656689283072,0,0,2610.5,3969.28
12,140656964009984,0,0,1102.25,1458.23
12,140656576036864,0,0,1920.03,1173.43
12,140656200646656,1001,0,2610.5,4643.34
12,140656844472320,2002,0,1920.03,1311.32
12,140657360371712,2002,1,1603.16,3869.17
12,140655789604864,11011,0,0,0
12,140656995467264,0,0,1102.25,1650.18
12,140656857055232,1001,0,1920.03,1071.84
12,140656695574528,0,0,1920.03,1309.78
12,140657683333120,2002,0,1102.25,1245.2
12,140657372954624,1001,0,1102.25,1580.23
12,140657226153984,0,1,1792.72,4339.64
12,140657500880896,1001,0,1102.25,1688.83
12,140656693477376,0,0,1920.03,1098.72
12,140655915433984,25025,0,0,0
12,140655774924800,15015,0,0,0
12,140656083206144,4004,0,2610.5,6482.48
12,140657639292928,2002,0,1102.25,881.919
12,140656322281472,0,0,2610.5,2835.08
12,140656842375168,0,0,1920.03,1580.87
12,140657152753664,0,0,1102.25,1651.96
12,140657261805568,1001,0,1102.25,748.761
12,140656464887808,0,0,2420.95,1734.22
12,140656729128960,2002,0,1920.03,1351.4
12,140656609591296,0,0,1920.03,1133.2
12,140656737517568,0,0,1920.03,1046.79
12,140656341155840,0,0,2610.5,3101.37
12,140656196452352,2002,0,2610.5,3321.68
12,140657494589440,4004,1,1603.16,4124.03
12,140658207621120,6006,1,1736.43,4407.3
12,140657362468864,0,0,1102.25,1633.16
12,140679510491136,70070,1,53468.9,63490.3
12,140679523074048,28028,0,22487.5,23333.1
12,140657549115392,3003,0,1102.25,2095.8
12,140657821745152,2002,0,1102.25,2162.18
12,140679558725632,14014,0,10738.5,10753.4
13,140658222301184,2002,1,1736.43,4049.18
13,140657094033408,0,0,1159.34,1094.11
13,140656160800768,2002,0,1603.16,1917.64
13,140679567114240,12012,0,10738.5,7982.92
13,140657544921088,0,0,1159.34,1930.46
13,140657496686592,2002,0,1159.34,1421.66
13,140679565017088,4004,0,11190.9,11544
13,140655626027008,26026,0,0,0
13,140655886073856,1001,0,1792.72,2856.85
13,140656714448896,2002,0,1102.25,1363.59
13,140657800773632,0,0,1159.34,1718.68
13,140679514685440,40040,0,34839.2,36342.5
13,140657674944512,3003,0,1159.34,1926.71
13,140657511366656,1001,0,1159.34,1345.93
13,140657148559360,2002,0,1159.34,875.439
13,140679548239872,8008,0,11787.8,12473.8
13,140657807065088,1001,0,1159.34,1888.5
13,140656288727040,2002,0,1284.45,1797.9
13,140658197135360,3003,0,1660.25,2889.86
13,140655760244736,1001,0,6203.98,5185.98
13,140679560822784,9009,0,10738.5,8347.79
13,140657398120448,0,0,1159.34,1625.48
13,140655665872896,16016,0,0,0
13,140656303407104,1001,0,1603.16,1980.14
13,140656192258048,0,0,1792.72,2299.96
13,140658216009728,3003,0,1341.54,2696.47
13,140655942696960,1001,0,1792.72,8427.22
13,140656980787200,0,0,1341.54,2050.4
13,140679539851264,15015,0,14827.5,16007.5
13,140657769316352,1001,0,1159.34,1788.58
13,140657381343232,1001,0,1159.34,1022.03
13,140655919628288,1001,0,1792.72,5185.98
13,140657406509056,3003,0,1159.34,2209.65
13,140658201329664,4004,0,1660.25,3024.42
13,140658180358144,1001,0,1736.43,5265.89
13,140657140170752,1001,0,1159.34,1301.84
13,140657419091968,0,0,1159.34,1230.97
13,140679508393984,99099,0,83963.2,76062.5
13,140657119199232,0,0,1159.34,1390.87
13,140656567648256,0,0,1102.25,1113.93
13,140656848666624,0,0,1102.25,856.11
13,140657542823936,2002,0,1159.34,1337.13
13,140658169872384,4004,1,1736.43,3307.35
13,140656582328320,1001,0,1102.25,864.237
13,140679516782592,38038,0,34839.2,36043.6
13,140656974495744,1001,0,1159.34,1527.83
13,140656475373568,0,0,1792.72,2670.13
13,140655617638400,17017,0,0,0
13,140656827695104,1001,0,1102.25,864.912
13,140658182455296,4004,1,1736.43,4106.89
13,140656599105536,1001,0,1102.25,1216.44
13,140679527268352,18018,0,19790.9,22482.2
13,140657519755264,1001,0,1660.25,3300.61
13,140656433430528,0,0,1102.25,940.487
13,140656443916288,3003,0,1102.25,1490.95
13,140656712351744,0,0,1102.25,1229.51
13,140657645584384,4004,0,1341.54,2672.56
13,140657291165696,1001,0,1159.34,1356.49
13,140658171969536,3003,0,1660.25,2932.69
13,140657660264448,1001,0,1341.54,2599.49
13,140656158703616,1001,0,1603.16,1994.1
13,140679554531328,8008,0,10738.5,8670
13,140656188063744,0,0,1603.16,2030.64
13,140657108713472,0,0,1159.34,1310.89
13,140656970301440,0,0,1159.34,1427.45
13,140656336961536,0,0,1284.45,1558.02
13,140656318087168,1001,0,1284.45,1634.48
13,140657135976448,0,0,1159.34,1157.4
13,140657012244480,1001,0,1159.34,1189.82
13,140657146462208,1001,0,1159.34,1234.36
13,140657521852416,1001,0,1159.34,1606.94
13,140658174066688,7007,0,1660.25,3507.42
13,140656422944768,1001,0,1102.25,1390.98
13,140679506296832,2.47337e+07,0,2.40161e+07,1.95945e+07
13,140655793799168,4004,0,6203.98,6806.6
13,140655779119104,2002,0,6203.98,6806.6
13,140656452304896,0,0,1284.45,1701.2
13,140656706060288,1001,0,1102.25,1112.06
13,140657953865728,0,0,1159.34,1110.62
13,140658176163840,2002,1,1736.43,3923.04
13,140655892365312,0,0,1792.72,3743.81
13,140679529365504,29029,0,17938.5,19085.3
13,140657771413504,5005,0,1341.54,2150.62
13,140657955962880,4004,0,1159.34,1857.42
13,140657658167296,1001,0,1341.54,2664.59
13,140655923822592,0,0,1792.72,7130.72
13,140658186649600,2002,0,1159.34,1334.42
13,140657918214144,0,0,1660.25,3046.18
13,140679525171200,24024,0,19790.9,21601.7
13,140656559259648,1001,0,1284.45,1564.67
13,140656183869440,1001,0,1792.72,3798.14
13,140655946891264,1001,0,1792.72,3565.36
13,140657911922688,5005,0,1736.43,3454.45
13,140658195038208,2002,0,1736.43,4499.1
13,140656615882752,1001,0,1284.45,1689.56
13,140679518879744,38038,0,27657.7,28730.4
13,140655808479232,26026,0,0,0
13,140656743809024,4004,0,1102.25,1230.32
13,140655764439040,0,0,6203.98,4213.61
13,140657792385024,2002,0,1341.54,2058.98
13,140657016438784,1001,0,1159.34,1201
13,140656460693504,1001,0,1284.45,1394.38
13,140658213912576,4004,1,1341.54,2557.87
13,140657557504000,3003,0,1736.43,3457.97
13,140657020633088,0,0,1159.34,1682.45
13,140658184552448,1001,1,1660.25,3462.2
13,140657809162240,3003,0,1159.34,1388.22
13,140679562919936,12012,0,10738.5,8021.49
13,140657941282816,3003,0,1159.34,2083.09
13,140656154509312,1001,0,1603.16,1734.22
13,140655896559616,0,0,1792.72,2899.56
13,140656299212800,0,0,1284.45,1338.37
13,140657825939456,4004,0,1159.34,2257.41
13,140656840278016,0,0,1102.25,1024.28
13,140655638609920,23023,0,0,0
13,140656485859328,1001,0,1284.45,1467.07
13,140655649095680,20020,0,0,0
13,140658188746752,2002,0,1736.43,3956.54
13,140656588619776,0,0,1284.45,1628.74
13,140679552434176,11011,0,11190.9,11214.6
13,140657907728384,3003,0,1660.25,3163.31
13,140657414897664,0,0,1159.34,1335.76
13,140657008050176,0,0,1159.34,705.938
13,140657960157184,5005,0,1341.54,2357.4
13,140656332767232,1001,0,1792.72,2094.56
13,140657393926144,0,0,1159.34,920.668
13,140655630221312,14014,0,0,0
13,140656179675136,2002,0,1792.72,2345.93
13,140658228592640,2002,0,1341.54,2133.18
13,140657920311296,1001,0,1341.54,2706.21
13,140656993370112,0,0,1159.34,1325.25
13,140679531462656,19019,0,18808.2,19703.7
13,140657282777088,4004,0,1159.34,775.305
13,140655659581440,21021,0,0,0
13,140657828036608,0,0,1660.25,2373.4
13,140656571842560,2002,0,1284.45,1716.7
13,140657289068544,0,0,1159.34,1536.75
13,140655928016896,0,0,1792.72,4861.86
13,140656313892864,0,0,1102.25,727.529
13,140657156947968,0,0,1159.34,1063.38
13,140657947574272,3003,0,1159.34,1386.92
13,140656605396992,0,0,1102.25,915.529
13,140658031460352,0,0,1159.34,0
13,140657962254336,2002,0,1159.34,1732.64
13,140656997564416,0,0,1159.34,988.69
13,140679537754112,19019,0,17938.5,19142.8
13,140656873832448,1001,0,1102.25,1386.33
13,140657679138816,1001,0,1159.34,2105.01
13,140657425383424,1001,0,1159.34,1387.15
13,140655900753920,2002,0,1792.72,5291.58
13,140656471179264,2002,0,1102.25,1357.29
13,140656561356800,2002,0,1102.25,1068.46
13,140656745906176,1001,0,1102.25,1727.06
13,140657779802112,2002,0,1736.43,3659.73
13,140656710254592,1001,0,1102.25,874.182
13,140657909825536,3003,0,1159.34,2164.81
13,140655783313408,4004,0,6203.98,6482.48
13,140657928699904,3003,0,1736.43,3161.51
13,140655621832704,14014,0,0,0
13,140679520976896,27027,0,27657.7,27676.6
13,140656037068800,0,0,1792.72,3180.98
13,140656043360256,0,0,1792.72,3364.39
13,140655749758976,23023,0,15317.2,26902.3
13,140656032874496,1001,0,1792.72,2814.14
13,140657104519168,0,0,1159.34,960.072
13,140657523949568,2002,0,1159.34,1227.25
13,140655797993472,25025,0,0,0
13,140656047554560,1001,0,1792.72,3419.68
13,140656351641600,0,0,1603.16,1899.37
13,140657263902720,1001,0,1159.34,1540.19
13,140655670067200,14014,0,0,0
13,140656028680192,0,0,1792.72,4025.22
13,140656175480832,0,0,1284.45,1440.59
13,140656976592896,0,0,1159.34,1225.57
13,140657641390080,2002,0,1660.25,3306.38
13,140657924505600,1001,0,1341.54,2953.17
13,140656051748864,1001,0,1792.72,4490.05
13,140656861249536,2002,0,1102.25,1235.76
13,140679550337024,12012,0,10738.5,9657.81
13,140657817550848,2002,0,1159.34,1932.62
13,140656024485888,1001,0,1792.72,2156.34
13,140657154850816,1001,0,1159.34,1581.29
13,140657670750208,0,0,1159.34,1091.71
13,140656439721984,0,0,1603.16,1866.72
13,140655768633344,0,0,6203.98,6806.6
13,140658205523968,3003,1,1736.43,4186.08
13,140656055943168,0,0,1792.72,2434.73
13,140656735420416,3003,0,1102.25,1151.52
13,140656429236224,0,0,1102.25,1303.01
13,140658192941056,5005,0,1660.25,2663.11
13,140657637195776,1001,0,1341.54,2168.88
13,140657763024896,3003,1,1341.54,3760.03
13,140657949671424,3003,0,1159.34,1748.91
13,140656020291584,1001,0,1603.16,2110.37
13,140657914019840,4004,0,1660.25,3476.39
13,140679544045568,10010,0,14827.5,14404
13,140656448110592,1001,0,1102.25,1288.76
13,140655904948224,2002,0,1603.16,2294.02
13,140657106616320,2002,0,1159.34,1292.47
13,140656060137472,1001,0,1792.72,2434.73
13,140656838180864,1001,0,1102.25,1599.9
13,140655932211200,4004,0,1792.72,8427.22
13,140657926602752,3003,0,1341.54,2270.31
13,140656328572928,0,0,1102.25,1165.87
13,140657100324864,1001,0,1159.34,697.014
13,140657278582784,0,0,1159.34,1187.75
13,140656217423872,0,0,1603.16,1917.64
13,140656699768832,0,0,1102.25,1422.91
13,140656295018496,0,0,1284.45,1543.53
13,140657932894208,2002,0,1341.54,2185.63
13,140656594911232,0,0,1102.25,1501.79
13,140655812673536,14014,0,0,0
13,140679535656960,20020,0,17938.5,19176.9
13,140656578134016,0,0,1102.25,1195.13
13,140657781899264,2002,0,1159.34,1843.72
13,140656064331776,2002,0,1792.72,4251.35
13,140658218106880,4004,0,1736.43,5126.06
13,140657672847360,5005,0,1341.54,2403.4
13,140657653972992,3003,0,1341.54,2241.63
13,140656171286528,1001,0,1792.72,2804.71
13,140657813356544,3003,0,1159.34,1889.44
13,140657115004928,1001,0,1159.34,1295.48
13,140656481665024,0,0,1603.16,1660.01
13,140657536532480,0,0,1159.34,1918.64
13,140656456499200,0,0,1102.25,1288.61
13,140656213229568,2002,0,1284.45,1364.12
13,140657685430272,0,0,1341.54,2290.93
13,140656309698560,1001,0,1284.45,1770.1
13,140658203426816,3003,0,1341.54,2354.01
13,140657656070144,1001,0,1159.34,1325.79
13,140656836083712,1001,0,1102.25,907.602
13,140656347447296,1001,0,1603.16,1994.1
13,140656068526080,2002,0,1792.72,3884.51
13,140657937088512,1001,0,1341.54,2560.03
13,140657943379968,3003,0,1341.54,2785.23
13,140657509269504,0,0,1341.54,2461.64
13,140657775607808,4004,0,1341.54,2796.11
13,140657502978048,2002,0,1341.54,2656.41
13,140656701865984,1001,0,1102.25,1254.54
13,140655753953280,1001,0,6203.98,7778.97
13,140655909142528,1001,0,1792.72,3223.69
13,140657811259392,3003,0,1341.54,2346.85
13,140656209035264,0,0,1792.72,3205.3
13,140657534435328,1001,0,1341.54,2321.65
13,140657662361600,2002,0,1159.34,1944.72
13,140679546142720,27027,0,15677.5,15572.1
13,140658199232512,3003,0,1341.54,2508.76
13,140656854958080,1001,0,1102.25,1786.77
13,140656611688448,0,0,1284.45,1510.44
13,140656691380224,0,0,1284.45,1987.45
13,140656865443840,1001,0,1102.25,838.411
13,140655642804224,21021,0,0,0
13,140656072720384,3003,0,1792.72,4251.35
13,140657375051776,1001,0,1159.34,1005.06
13,140657823842304,3003,0,1159.34,2110.21
13,140655787507712,1001,0,6203.98,7130.72
13,140658220204032,3003,1,1736.43,3805.05
13,140656882221056,1001,0,1102.25,1601.63
13,140656959815680,0,0,1159.34,1721.12
13,140655634415616,15015,0,0,0
13,140655653289984,18018,0,0,0
13,140658209718272,3003,1,1736.43,3518.17
13,140657096130560,0,0,1159.34,1863.68
13,140657540726784,2002,0,1159.34,1176.11
13,140657689624576,1001,0,1159.34,1724.1
13,140655936405504,0,0,1792.72,5834.23
13,140679533559808,19019,0,15677.5,16791
13,140656167092224,1001,0,1284.45,1581.3
13,140657628807168,4004,1,1341.54,3636.41
13,140656466984960,0,0,1284.45,1610.25
13,140657783996416,4004,0,1159.34,1891.82
13,140657916116992,3003,0,1660.25,2835.48
13,140655772827648,0,0,6203.98,6482.48
13,140655802187776,16016,0,0,0
13,140656720740352,2002,0,1102.25,1389.55
13,140656076914688,0,0,1603.16,2153.32
13,140657794482176,6006,0,1736.43,3324.55
13,140656989175808,0,0,1159.34,2248.62
13,140657230348288,1001,0,1159.34,1345.04
13,140656324378624,1001,0,1102.25,1000.72
13,140657951768576,3003,0,1159.34,1624.81
13,140657939185664,4004,0,1660.25,2931.87
13,140657666555904,1001,0,1159.34,1785.86
13,140679569211392,9009,0,10738.5,10680.4
13,140657530241024,1001,0,1159.34,1629.61
13,140655663775744,21021,0,0,0
13,140657236639744,2002,0,1159.34,1332.91
13,140657421189120,0,0,1159.34,1181.77
13,140657815453696,1001,0,1341.54,2763.34
13,140656202743808,1001,0,1792.72,3082.86
13,140655913336832,0,0,1792.72,5944.81
13,140656584425472,0,0,1102.25,1101.71
13,140657387634688,0,0,1159.34,1038.81
13,140657498783744,1001,0,1660.25,3017.03
13,140656343252992,0,0,1792.72,2676.1
13,140657633001472,3003,0,1341.54,2491.61
13,140657551212544,3003,0,1159.34,1521.59
13,140658178260992,3003,1,1341.54,2325.55
13,140657773510656,4004,0,1341.54,2285.63
13,140656081108992,1001,0,1792.72,3138.27
13,140679512588288,45045,0,44492.2,47447.8
13,140656601202688,0,0,1102.25,874.858
13,140656290824192,2002,0,1603.16,2014.62
13,140656703963136,2002,0,1102.25,1473.2
13,140657245028352,1001,0,1159.34,1155.05
13,140657517658112,1001,0,1159.34,1617.15
13,140657370857472,1001,0,1159.34,2386.48
13,140657410703360,1001,0,1159.34,1506.81
13,140656162897920,0,0,1603.16,1746.44
13,140656305504256,0,0,1284.45,1298.35
13,140656198549504,0,0,1284.45,1382.39
13,140656722837504,0,0,1102.25,1388.7
13,140655758147584,0,0,6203.98,7454.85
13,140657691721728,1001,0,1159.34,1308.93
13,140656435527680,0,0,1102.25,1124.55
13,140657635098624,2002,0,1159.34,1589.62
13,140657528143872,0,0,1159.34,966.434
13,140657693818880,3003,0,1341.54,2632.91
13,140679541948416,15015,0,14827.5,14681.6
13,140655615541248,85085,0,0,0
13,140657240834048,1001,0,1159.34,1991.01
13,140655674261504,19019,0,0,0
13,140656477470720,0,0,1792.72,2148.62
13,140657274388480,2002,0,1159.34,1331.36
13,140655940599808,1001,0,1792.72,6482.48
13,140657786093568,1001,0,1660.25,2854.17
13,140655883976704,1001,0,9139.76,18661.1
13,140656425041920,0,0,1102.25,1613.1
13,140657677041664,2002,0,1159.34,1600.45
13,140657930797056,2002,0,1341.54,2265.11
13,140657507172352,2002,0,1159.34,1553.99
13,140657416994816,1001,0,1159.34,1293.84
13,140655917531136,2002,0,1792.72,3889.49
13,140657901436928,5005,0,1736.43,3305.99
13,140657897242624,2002,1,1341.54,3495.74
13,140657022730240,0,0,1159.34,1419.81
13,140679556628480,10010,0,10738.5,10847.7
13,140656194355200,0,0,1102.25,1070.49
13,140657270194176,0,0,1159.34,1185.61
13,140656875929600,2002,0,1102.25,1539.25
13,140657255514112,0,0,1159.34,1310.93
13,140658190843904,6006,1,1736.43,3734.25
13,140657121296384,0,0,1159.34,1400.93
13,140655791702016,2002,0,6203.98,4213.61
13,140657400217600,0,0,1159.34,1116.56
13,140657790287872,1001,0,1660.25,2719.52
13,140656320184320,0,0,1792.72,2714.14
13,140658211815424,4004,0,1159.34,1713.52
13,140656617979904,1001,0,1284.45,1816.23
13,140655777021952,1001,0,6203.98,4861.86
13,140657091936256,0,1,1341.54,3298.38
13,140655888171008,3003,0,1792.72,2434.73
13,140656339058688,0,0,1284.45,1358.15
13,140657804967936,1001,0,1159.34,1560.25
13,140656987078656,1001,0,1159.34,1475.18
13,140679571308544,123123,0,103374,104830
13,140657377148928,3003,0,1159.34,1701.63
13,140657630904320,2002,0,1159.34,1493.58
13,140656590716928,1001,0,1102.25,1193.3
13,140657796579328,3003,0,1660.25,2486.36
13,140656190160896,1001,0,1603.16,1981.88
13,140657788190720,2002,0,1341.54,2932.11
13,140657802870784,1001,0,1660.25,3082.61
13,140656716546048,0,0,1102.25,1204.36
13,140657687527424,1001,0,1159.34,965.413
13,140655806382080,21021,0,0,0
13,140656462790656,1001,0,1603.16,1942.6
13,140657643487232,4004,0,1159.34,2123.49
13,140657228251136,0,0,1159.34,818.154
13,140655646998528,15015,0,0,0
13,140656573939712,0,0,1102.25,1129.79
13,140679640514560,0,1,9111.05,140.707
13,140657396023296,0,0,1159.34,1072.13
13,140655921725440,1001,0,1792.72,5834.23
13,140655890268160,0,0,1284.45,1688.49
13,140655944794112,2002,0,1792.72,6158.35
13,140655762341888,1001,0,6203.98,6806.6
13,140656972398592,0,0,1159.34,1706.85
13,140657129684992,0,0,1159.34,884.583
13,140655657484288,19019,0,0,0
13,140656607494144,2002,0,1102.25,1510.59
13,140656286629888,0,1,1792.72,4891.32
13,140656301309952,1001,0,1102.25,1012.73
13,140657265999872,1001,0,1159.34,784.235
13,140655628124160,22022,0,0,0
13,140657555406848,1001,0,1159.34,530.117
13,140657280679936,1001,0,1159.34,1166.81
13,140657242931200,0,0,1159.34,943.662
13,140656966107136,0,0,1159.34,1528.42
13,140657010147328,2002,0,1159.34,939.162
13,140656185966592,1001,0,1603.16,2269.35
13,140657232445440,2002,0,1159.34,1759.88
13,140657389731840,2002,0,1341.54,2349.54
13,140657284874240,1001,0,1159.34,1285.8
13,140657649778688,2002,0,1159.34,1855.92
13,140656884318208,0,0,1102.25,1475.79
13,140657125490688,2002,0,1159.34,747.49
13,140657268097024,1001,0,1159.34,1632.08
13,140657133879296,0,0,1159.34,753.012
13,140657423286272,1001,0,1159.34,1650.41
13,140656156606464,2002,0,1603.16,1841.18
13,140657559601152,0,0,1159.34,1846.05
13,140657238736896,3003,0,1159.34,876.257
13,140657005953024,0,0,1159.34,901.451
13,140657003855872,1001,0,1159.34,935.243
13,140657777704960,4004,0,1341.54,2620.75
13,140657117102080,2002,0,1341.54,2556.72
13,140656991272960,2002,0,1159.34,1372.47
13,140657905631232,2002,0,1660.25,3079.82
13,140657408606208,1001,0,1159.34,1400.33
13,140656557162496,1001,0,1102.25,957.081
13,140657142267904,1001,0,1159.34,681.895
13,140655894462464,0,0,1792.72,4447.34
13,140656334864384,1001,0,1284.45,1559.53
13,140657257611264,1001,0,1159.34,1261.42
13,140655667970048,10010,0,0,0
13,140657526046720,3003,0,1159.34,1554.94
13,140656473276416,0,0,1102.25,1028.73
13,140657547018240,0,0,1159.34,1387.04
13,140656315990016,0,0,1792.72,3462.87
13,140657934991360,3003,0,1660.25,2831.4
13,140655619735552,15015,0,0,0
13,140657412800512,2002,0,1159.34,786.727
13,140656961912832,0,0,1159.34,1410.89
13,140657110810624,0,0,1159.34,1284.32
13,140657272291328,2002,0,1159.34,920.063
13,140656880123904,1001,0,1102.25,547.325
13,140655925919744,2002,0,1792.72,9075.47
13,140656181772288,0,0,1792.72,2223.49
13,140657247125504,2002,0,1159.34,1774.05
13,140655781216256,2002,0,6203.98,3565.36
13,140657150656512,1001,0,1159.34,1366.21
13,140657018535936,1001,0,1159.34,1369.14
13,140656441819136,0,0,1284.45,1508.18
13,140655795896320,18018,0,5695.72,2268.87
13,140656833986560,1001,0,1102.25,1214.14
13,140656431333376,0,0,1284.45,1600.64
13,140656741711872,0,0,1102.25,978.197
13,140656748003328,4004,0,1284.45,1765.75
13,140657383440384,1001,0,1159.34,1799.37
13,140656978690048,0,0,1159.34,1195.78
13,140656580231168,1001,0,1284.45,1690.5
13,140656597008384,1001,0,1603.16,2110.07
13,140656727031808,0,0,1102.25,1671.36
13,140656850763776,2002,0,1102.25,1021.94
13,140655948988416,0,0,1792.72,7130.72
13,140657131782144,1001,0,1159.34,639.999
13,140656450207744,2002,0,1603.16,1947.54
13,140655898656768,1001,0,1792.72,3138.27
13,140657958060032,4004,0,1341.54,2724.17
13,140657798676480,4004,0,1736.43,3253.38
13,140656420847616,2002,1,1792.72,5373.76
13,140657102422016,0,0,1159.34,905.905
13,140656152412160,0,0,2841.74,8453.58
13,140657276485632,3003,0,1159.34,680.497
13,140655766536192,0,0,6203.98,4537.73
13,140658226495488,3003,1,1736.43,3095.68
13,140657681235968,1001,0,1159.34,1779.72
13,140656957718528,0,1,1736.43,4013.02
13,140656863346688,0,0,1102.25,1342.64
13,140657112907776,0,0,1159.34,1028.25
13,140656859152384,0,0,1102.25,1300.5
13,140656177577984,3003,0,1792.72,2235.71
13,140657144365056,1001,0,1159.34,1941.27
13,140655810576384,22022,0,0,0
13,140656555065344,0,1,1792.72,4219.44
13,140656825597952,0,0,1102.25,1666.85
13,140657404411904,0,0,1159.34,1188.74
13,140656888512512,0,0,1284.45,1684.88
13,140656297115648,0,0,1284.45,1277.9
13,140658167775232,6006,1,1660.25,3179.82
13,140656458596352,1001,0,1603.16,1934.38
13,140656039165952,1001,0,1792.72,3040.27
13,140656041263104,1001,0,1792.72,2716.15
13,140657945477120,1001,0,1159.34,1565.97
13,140656034971648,1001,0,1792.72,3138.27
13,140656330670080,0,0,1284.45,1618.48
13,140656982884352,2002,0,1159.34,904.16
13,140656045457408,1001,0,1792.72,2575.44
13,140656483762176,0,0,1792.72,1977.21
13,140656030777344,0,0,1792.72,2575.44
13,140655930114048,1001,0,1792.72,7130.72
13,140657366663168,0,0,1159.34,963.928
13,140656613785600,2002,0,1102.25,1029.1
13,140656049651712,4004,0,1603.16,2294.02
13,140655902851072,0,0,1792.72,2618.15
13,140657515560960,1001,0,1159.34,1690.24
13,140656026583040,1001,0,1792.72,2908.64
13,140656829792256,0,0,1102.25,1168.49
13,140656984981504,0,0,1159.34,1173.57
13,140656999661568,0,0,1159.34,838.935
13,140657123393536,0,0,1159.34,815.051
13,140656053846016,1001,0,1792.72,3982.51
13,140655640707072,18018,0,0,0
13,140656311795712,1001,0,1284.45,1326.36
13,140656563453952,1001,0,1284.45,1795.5
13,140656852860928,0,0,1102.25,1290.95
13,140656022388736,3003,0,1603.16,2094.89
13,140657364566016,2002,0,1159.34,1346.81
13,140655651192832,25025,0,0,0
13,140656724934656,0,0,1102.25,625.632
13,140656058040320,1001,0,1603.16,1969.9
13,140655632318464,24024,0,0,0
13,140656173383680,0,0,1603.16,1669.98
13,140657014341632,1001,0,1159.34,1276.14
13,140657668653056,2002,0,1159.34,1933.86
13,140657651875840,2002,0,1341.54,2132.15
13,140657249222656,0,0,1159.34,1701.78
13,140656018194432,2002,0,6009.06,12437
13,140656349544448,0,0,1284.45,1547.54
13,140657538629632,3003,0,1159.34,1735.75
13,140655751856128,0,0,6203.98,5834.23
13,140657767219200,6006,0,1159.34,1652.58
13,140656586522624,0,0,1102.25,964.854
13,140657391828992,1001,0,1159.34,733.56
13,140656062234624,0,0,1792.72,2856.85
13,140655785410560,3003,0,6203.98,9723.71
13,140656469082112,1001,0,1284.45,1278.56
13,140655661678592,22022,0,0,0
13,140657903534080,4004,0,1159.34,1924.35
13,140657513463808,1001,0,1159.34,1877.19
13,140657368760320,0,0,1159.34,912.124
13,140656215326720,2002,0,1603.16,1669.98
13,140656731226112,1001,0,1284.45,2152.83
13,140655907045376,2002,0,1603.16,1969.9
13,140657127587840,2002,0,1159.34,1235.36
13,140657385537536,1001,0,1159.34,1814.51
13,140655800090624,15015,0,0,0
13,140655623929856,20020,0,0,0
13,140656066428928,1001,0,1603.16,2294.02
13,140656603299840,0,0,1284.45,1488.25
13,140656846569472,0,0,1102.25,1134.59
13,140656718643200,0,0,1102.25,720.333
13,140657251319808,0,0,1159.34,1533.97
13,140655770730496,1001,0,6203.98,5834.23
13,140657664458752,2002,0,1159.34,1599.55
13,140657098227712,0,0,1159.34,1410.37
13,140657259708416,0,0,1159.34,1752.92
13,140655934308352,0,0,1792.72,7778.97
13,140656211132416,1001,0,1792.72,2382.47
13,140656867540992,3003,0,1102.25,1056.07
13,140657253416960,2002,0,1159.34,1410.53
13,140658230689792,0,0,1736.43,4344.07
13,140657647681536,1001,0,1341.54,2409
13,140656871735296,1001,0,1102.25,1216.18
13,140656326475776,1001,0,1102.25,936.475
13,140656169189376,1001,0,1603.16,1758.66
13,140656070623232,1001,0,1792.72,3701.1
13,140656739614720,0,0,1102.25,1116.04
13,140657899339776,2002,0,1736.43,3624.54
13,140657234542592,1001,0,1159.34,1122.39
13,140656750100480,2002,0,1102.25,1416.4
13,140656886415360,1001,0,1102.25,682.187
13,140655672164352,24024,0,0,0
13,140656437624832,0,0,1102.25,958.088
13,140656697671680,0,0,1102.25,1108.42
13,140657402314752,2002,0,1159.34,1427.09
13,140656206938112,0,0,1102.25,1229.47
13,140657001758720,1001,0,1159.34,493.474
13,140656754294784,0,0,1102.25,1515.74
13,140656292921344,0,0,1102.25,1085.41
13,140656446013440,0,0,1284.45,1815.8
13,140656427139072,0,0,1102.25,1119.09
13,140658224398336,7007,1,1341.54,2572.12
13,140656345350144,0,0,1284.45,1394.61
13,140656074817536,1001,0,1792.72,2997.56
13,140655911239680,3003,0,1792.72,2575.44
13,140656968204288,1001,0,1159.34,1641.77
13,140655814770688,23023,0,0,0
13,140656569745408,1001,0,1102.25,1411.13
13,140657379246080,0,0,1159.34,1917.97
13,140657922408448,1001,0,1159.34,2073.54
13,140656307601408,1001,0,1284.45,1414.83
13,140656823500800,0,1,1792.72,4475.06
13,140656831889408,4004,0,1102.25,1041.12
13,140657138073600,1001,0,1159.34,817.537
13,140657819648000,2002,0,1660.25,3332.65
13,140656479567872,1001,0,1284.45,1430.83
13,140656878026752,1001,0,1102.25,1341.24
13,140656204840960,0,0,1603.16,1917.64
13,140655756050432,0,0,6203.98,7130.72
13,140656869638144,2002,0,1102.25,1420.96
13,140657765122048,4004,0,1341.54,2715.15
13,140656752197632,1001,0,1102.25,1344.25
13,140656454402048,0,0,1603.16,1740.47
13,140656620077056,1001,0,1102.25,1120.69
13,140656733323264,0,0,1102.25,1324.07
13,140657505075200,1001,0,1159.34,1939.54
13,140656079011840,4004,0,1792.72,3462.39
13,140656164995072,1001,0,1792.72,2306.01
13,140657286971392,3003,0,1159.34,1190.51
13,140658165678080,3003,1,1736.43,5776.13
13,140656592814080,0,0,1284.45,1603.42
13,140657553309696,2002,0,1159.34,915.61
13,140656565551104,0,0,1284.45,1861.27
13,140656708157440,0,0,1102.25,1568.54
13,140655938502656,0,0,1792.72,7130.72
13,140657532338176,2002,0,1159.34,918.689
13,140656689283072,1001,0,1792.72,3367.35
13,140656964009984,1001,0,1159.34,1159.96
13,140656576036864,0,0,1102.25,926.151
13,140656200646656,1001,0,1792.72,2847.42
13,140656844472320,0,0,1102.25,1595.56
13,140657360371712,0,1,1341.54,3750.01
13,140655789604864,2002,0,6203.98,3565.36
13,140656995467264,1001,0,1159.34,1253.27
13,140656857055232,1001,0,1102.25,1128.83
13,140656695574528,0,0,1102.25,1064.58
13,140657683333120,0,0,1159.34,1496.3
13,140657372954624,1001,0,1159.34,1428.1
13,140657226153984,1001,1,1341.54,3565.13
13,140657500880896,0,0,1159.34,1484.19
13,140656693477376,1001,0,1102.25,886.792
13,140655915433984,0,0,1792.72,8103.1
13,140655774924800,3003,0,6203.98,4861.86
13,140656083206144,0,0,1792.72,4110.64
13,140657639292928,1001,0,1159.34,1368.11
13,140656322281472,0,0,1284.45,1616
13,140655644901376,18018,0,0,0
13,140656842375168,0,0,1102.25,1153.53
13,140657152753664,0,0,1159.34,1116.34
13,140657261805568,2002,0,1159.34,926.695
13,140655636512768,14014,0,0,0
13,140656464887808,1001,0,1102.25,1145.42
13,140656729128960,1001,0,1102.25,1748.6
13,140656609591296,0,0,1102.25,867.148
13,140656737517568,0,0,1102.25,649.568
13,140655804284928,21021,0,0,0
13,140656341155840,0,0,1603.16,1721.34
13,140656196452352,0,0,1792.72,2382.47
13,140655655387136,22022,0,0,0
13,140657494589440,3003,1,1660.25,4728.56
13,140658207621120,5005,1,1736.43,4685.91
13,140657362468864,0,0,1159.34,1185.23
13,140679510491136,71071,1,53468.9,61678.3
13,140679523074048,30030,0,22487.5,23384.5
13,140657549115392,2002,0,1341.54,2267.78
13,140657821745152,1001,0,1159.34,2186.27
13,140679558725632,17017,0,11190.9,11252.3
14,140658222301184,3003,1,1736.43,3306.07
14,140657094033408,1001,0,1159.34,841.25
14,140656160800768,1001,0,1284.45,1857.91
14,140679567114240,13013,0,10738.5,8847.3
14,140657544921088,2002,0,1159.34,1336.34
14,140657496686592,0,0,1159.34,1678.73
14,140679565017088,7007,0,10738.5,8542.1
14,140655626027008,1001,0,2610.5,8427.22
14,140655886073856,1001,0,1603.16,1841.18
14,140656714448896,0,0,1102.25,1794.78
14,140657800773632,2002,0,1159.34,1310.45
14,140679514685440,37037,0,34839.2,36176.4
14,140657674944512,2002,0,1341.54,2247.96
14,140657511366656,1001,0,1159.34,1235.94
14,140657148559360,1001,0,1159.34,1379.59
14,140679548239872,12012,0,10738.5,10082.5
14,140657807065088,2002,0,1159.34,1459.6
14,140656288727040,0,0,1284.45,1721.29
14,140658197135360,2002,0,1660.25,2880.19
14,140655760244736,0,0,2610.5,2575.44
14,140679560822784,7007,0,10738.5,8110.3
14,140657398120448,1001,0,1159.34,1164.1
14,140655665872896,3003,0,2610.5,5185.98
14,140656303407104,1001,0,1284.45,1624.23
14,140656192258048,1001,0,1284.45,1470.85
14,140658216009728,3003,0,1341.54,2677.63
14,140655942696960,1001,0,1792.72,3982.51
14,140656980787200,1001,0,1159.34,1419.74
14,140679539851264,21021,0,14827.5,14514.8
14,140657769316352,1001,0,1159.34,1577.64
14,140657381343232,4004,0,1159.34,1188.86
14,140655919628288,2002,0,1792.72,2575.44
14,140657406509056,1001,0,1341.54,2435.38
14,140658201329664,1001,0,1660.25,3313.73
14,140658180358144,2002,0,1736.43,3303.86
14,140657140170752,0,0,1159.34,1297.25
14,140657419091968,2002,0,1159.34,925.417
14,140679508393984,74074,0,83963.2,79896
14,140657119199232,0,0,1159.34,934.089
14,140656567648256,1001,0,1102.25,913.735
14,140656848666624,0,0,1102.25,750.131
14,140657542823936,3003,0,1159.34,1603.14
14,140655491809280,17017,0,0,0
14,140658169872384,6006,1,1736.43,3566.48
14,140656582328320,0,0,1102.25,1023.24
14,140679516782592,34034,0,34839.2,34235.3
14,140656974495744,1001,0,1159.34,1472.35
14,140656475373568,1001,0,1284.45,1777.51
14,140655617638400,2002,0,2610.5,5510.1
14,140656827695104,0,0,1102.25,1018.19
14,140658182455296,3003,1,1736.43,3952.02
14,140656599105536,0,0,1102.25,1161.1
14,140679527268352,24024,0,18808.2,19289.3
14,140657519755264,4004,0,1341.54,2413.3
14,140656433430528,2002,0,1102.25,705.951
14,140655508586496,21021,0,0,0
14,140656443916288,1001,0,1284.45,2010.64
14,140656712351744,2002,0,1102.25,1010.15
14,140657645584384,2002,0,1660.25,3038.92
14,140655531655168,14014,0,0,0
14,140657291165696,1001,0,1159.34,1270.65
14,140658171969536,3003,0,1660.25,2882.74
14,140657660264448,0,0,1159.34,2072.52
14,140656158703616,1001,0,1284.45,1586.03
14,140679554531328,12012,0,10738.5,8203.95
14,140656188063744,1001,0,1102.25,1125.42
14,140657108713472,1001,0,1159.34,922.64
14,140656970301440,0,0,1159.34,1065.56
14,140656336961536,1001,0,1102.25,1070.71
14,140656318087168,0,0,1102.25,1447.07
14,140657135976448,1001,0,1159.34,886.101
14,140657012244480,0,0,1159.34,1266.14
14,140657146462208,0,0,1159.34,1363.69
14,140657521852416,0,0,1159.34,1449.74
14,140658174066688,1001,0,1736.43,4535.72
14,140656422944768,0,0,1102.25,1334.09
14,140679506296832,2.34604e+07,0,2.43445e+07,2.02644e+07
14,140655676358656,18018,0,0,0
14,140655793799168,0,0,2610.5,4251.35
14,140655779119104,1001,0,2610.5,3603.1
14,140656452304896,0,0,1102.25,1075.95
14,140656706060288,1001,0,1102.25,1187.83
14,140657953865728,5005,0,1159.34,912.161
14,140658176163840,4004,1,1736.43,3161.53
14,140655892365312,3003,0,1792.72,1963.61
14,140679529365504,25025,0,19790.9,21475.2
14,140657771413504,3003,0,1660.25,3267.91
14,140657955962880,1001,0,1341.54,2805.78
14,140657658167296,0,0,1159.34,1988.23
14,140655923822592,1001,0,1792.72,3095.56
14,140658186649600,4004,0,1159.34,1769.61
14,140657918214144,1001,0,1159.34,1944.95
14,140679525171200,30030,0,19790.9,21337.7
14,140656559259648,1001,0,1102.25,1495.64
14,140656183869440,0,0,1792.72,2353.81
14,140655946891264,0,0,1284.45,1871.9
14,140657911922688,2002,0,1736.43,3858.94
14,140658195038208,6006,1,1736.43,3346.92
14,140656615882752,1001,0,1102.25,1673.94
14,140679518879744,36036,0,29358.6,29464
14,140655808479232,3003,0,2610.5,8427.22
14,140656743809024,1001,0,1284.45,2184.94
14,140655764439040,4004,0,2102.23,1829.19
14,140657792385024,0,0,1159.34,2017.67
14,140657016438784,0,0,1159.34,1284.2
14,140656460693504,1001,0,1102.25,1399.35
14,140658213912576,3003,1,1660.25,3229.55
14,140657557504000,3003,0,1660.25,3102.41
14,140655525363712,14014,0,0,0
14,140657020633088,1001,0,1159.34,1211.54
14,140658184552448,5005,1,1341.54,2655.57
14,140657809162240,0,0,1159.34,2015.28
14,140679562919936,7007,0,10738.5,9364.67
14,140657941282816,1001,0,1341.54,2351.56
14,140656154509312,2002,0,1284.45,1469.55
14,140655896559616,1001,0,1284.45,1504.83
14,140656299212800,0,0,1102.25,1013.24
14,140657825939456,2002,0,1341.54,2805.31
14,140656840278016,1001,0,1102.25,764.377
14,140655638609920,2002,0,2610.5,7454.85
14,140656485859328,0,0,1102.25,1431.21
14,140655649095680,0,0,2610.5,6482.48
14,140658188746752,4004,1,1736.43,3118.52
14,140656588619776,0,0,1102.25,1208.15
14,140679552434176,9009,0,10738.5,10416.2
14,140657907728384,2002,0,1660.25,2988.43
14,140655502295040,19019,0,0,0
14,140657414897664,1001,0,1159.34,1114.28
14,140657008050176,0,0,1159.34,606.723
14,140657960157184,1001,0,1660.25,3176.28
14,140655485517824,16016,0,0,0
14,140656332767232,0,0,1284.45,1852.09
14,140657393926144,1001,0,1159.34,719.404
14,140655630221312,1001,0,2610.5,4537.73
14,140656179675136,0,0,1603.16,2211.56
14,140658228592640,3003,0,1159.34,2222.57
14,140657920311296,3003,0,1159.34,2209.84
14,140656993370112,0,0,1159.34,946.508
14,140679531462656,34034,0,17938.5,18549.4
14,140655351300096,5005,0,0,0
14,140657282777088,3003,0,1159.34,1957.05
14,140655659581440,6006,0,2610.5,6806.6
14,140657828036608,2002,0,1159.34,1637.79
14,140656571842560,1001,0,1102.25,1821.09
14,140657289068544,1001,0,1159.34,1156.08
14,140655928016896,1001,0,1603.16,2110.61
14,140656313892864,3003,0,1102.25,562.238
14,140657156947968,0,0,1159.34,890.588
14,140657947574272,3003,0,1159.34,2025.96
14,140656605396992,2002,0,1102.25,786.951
14,140658031460352,0,0,1159.34,0
14,140657962254336,5005,0,1159.34,1970.14
14,140656997564416,0,0,1159.34,799.154
14,140679537754112,23023,0,15677.5,17600.5
14,140656873832448,0,0,1102.25,1337.41
14,140657679138816,0,0,1159.34,1754.42
14,140657425383424,1001,0,1159.34,1337.05
14,140655900753920,0,0,1792.72,3452.96
14,140656471179264,1001,0,1102.25,1514.74
14,140656561356800,0,0,1102.25,1539.67
14,140656745906176,1001,0,1102.25,1474.94
14,140657779802112,3003,0,1660.25,3031.41
14,140656710254592,0,0,1102.25,1067.38
14,140657909825536,2002,0,1159.34,2558.46
14,140655783313408,0,0,2610.5,4110.64
14,140657928699904,4004,0,1660.25,2924.59
14,140655621832704,1001,0,2610.5,4537.73
14,140679520976896,35035,0,27657.7,25778
14,140656037068800,2002,0,1603.16,1657.76
14,140655519072256,19019,0,0,0
14,140656043360256,0,0,1603.16,1722
14,140655749758976,1001,0,12605.9,19133.5
14,140655546335232,29029,0,0,0
14,140656032874496,0,0,1603.16,1853.4
14,140657104519168,0,0,1159.34,826.48
14,140657523949568,2002,0,1159.34,1530.5
14,140655797993472,0,0,2610.5,8103.1
14,140656047554560,0,0,1792.72,2147.03
14,140656351641600,0,0,1284.45,1277.9
14,140657263902720,1001,0,1159.34,1463.44
14,140655670067200,2002,0,2610.5,4537.73
14,140656028680192,1001,0,1792.72,2116.54
14,140656175480832,0,0,1102.25,964.485
14,140656976592896,1001,0,1159.34,833.722
14,140657641390080,0,0,1341.54,2628.45
14,140657924505600,4004,0,1159.34,2140.82
14,140656051748864,0,0,1792.72,2657.84
14,140656861249536,0,0,1102.25,1585.35
14,140679550337024,11011,0,10738.5,10100.2
14,140657817550848,5005,0,1159.34,2069.63
14,140656024485888,1001,0,1284.45,1698.94
14,140657154850816,0,0,1159.34,1340.67
14,140657670750208,0,0,1159.34,770.854
14,140656439721984,0,0,1102.25,1338.73
14,140655768633344,1001,0,2610.5,2954.85
14,140658205523968,3003,1,1736.43,3667.58
14,140656055943168,4004,0,1284.45,1287.66
14,140656735420416,2002,0,1102.25,1866.76
14,140656429236224,0,0,1102.25,1045.27
14,140658192941056,4004,0,1736.43,3538.52
14,140657637195776,2002,0,1159.34,1778.69
14,140657763024896,1001,1,1341.54,3958.85
14,140657949671424,1001,0,1159.34,2216.87
14,140656020291584,2002,0,1284.45,1606.47
14,140657914019840,3003,0,1736.43,3303.46
14,140679544045568,16016,0,12510.2,12294.6
14,140656448110592,0,0,1102.25,1296.23
14,140655904948224,3003,0,1284.45,1859.45
14,140657106616320,1001,0,1159.34,1766.7
14,140656060137472,0,0,1284.45,1611.79
14,140656838180864,0,0,1102.25,1494.66
14,140655932211200,1001,0,1792.72,4954.88
14,140657926602752,2002,0,1341.54,2396.08
14,140656328572928,0,0,1102.25,885.407
14,140655540043776,32032,0,0,0
14,140657100324864,1001,0,1159.34,880.291
14,140657278582784,1001,0,1159.34,954.221
14,140655496003584,21021,0,0,0
14,140656217423872,1001,0,1102.25,1209.67
14,140656699768832,0,0,1102.25,1182
14,140656295018496,0,0,1102.25,1159.32
14,140657932894208,0,0,1159.34,2257.29
14,140656594911232,0,0,1102.25,1008.51
14,140655812673536,1001,0,2610.5,4537.73
14,140679535656960,27027,0,17938.5,18574.9
14,140656578134016,1001,0,1102.25,859.123
14,140657781899264,1001,0,1159.34,1983.69
14,140656064331776,1001,0,1792.72,2816.81
14,140658218106880,1001,1,1736.43,4274.18
14,140657672847360,2002,0,1660.25,3318.97
14,140657653972992,1001,0,1341.54,2391.49
14,140656171286528,1001,0,1792.72,2200.86
14,140657813356544,2002,0,1159.34,2290.76
14,140657115004928,0,0,1159.34,1249.2
14,140656481665024,0,0,1102.25,1225.17
14,140657536532480,2002,0,1159.34,1337.52
14,140656456499200,2002,0,1102.25,900.398
14,140656213229568,2002,0,1284.45,1560.5
14,140655680552960,39039,0,0,0
14,140657685430272,2002,0,1159.34,1431.81
14,140656309698560,0,0,1102.25,1411.57
14,140658203426816,4004,0,1341.54,2578.34
14,140655512780800,17017,0,0,0
14,140657656070144,3003,0,1159.34,1110.86
14,140656836083712,2002,0,1102.25,1117.29
14,140656347447296,0,0,1284.45,1586.03
14,140656068526080,1001,0,1792.72,2688.32
14,140657937088512,1001,0,1159.34,1932.98
14,140657943379968,4004,0,1341.54,2752.78
14,140657509269504,1001,0,1159.34,1613.65
14,140657775607808,1001,0,1660.25,3061.65
14,140657502978048,0,0,1341.54,2378.45
14,140656701865984,1001,0,1102.25,1223.19
14,140655753953280,1001,0,2610.5,3701.1
14,140655909142528,0,0,1603.16,1969.66
14,140657811259392,2002,0,1341.54,2572.64
14,140656209035264,1001,0,1792.72,2069.68
14,140657534435328,1001,0,1159.34,1826.17
14,140657662361600,3003,0,1159.34,1989.06
14,140679546142720,30030,0,17938.5,18751.5
14,140655535849472,23023,0,0,0
14,140658199232512,1001,0,1341.54,2673.85
14,140656854958080,0,0,1102.25,1684.87
14,140656611688448,0,0,1102.25,1155.74
14,140656691380224,0,0,1102.25,1437.26
14,140656865443840,2002,0,1102.25,1035.65
14,140655642804224,2002,0,2610.5,6806.6
14,140656072720384,0,0,1792.72,3140.94
14,140657375051776,2002,0,1159.34,1130.79
14,140657823842304,4004,0,1159.34,2397.86
14,140655787507712,1001,0,2610.5,3419.68
14,140658220204032,2002,1,1736.43,3527.71
14,140656882221056,0,0,1102.25,1534.73
14,140656959815680,0,0,1159.34,1108.82
14,140655634415616,1001,0,2610.5,4861.86
14,140655653289984,1001,0,2610.5,5834.23
14,140658209718272,4004,1,1660.25,3255.53
14,140657096130560,0,0,1159.34,1198.05
14,140657540726784,2002,0,1159.34,1573.35
14,140657689624576,5005,0,1159.34,1631.94
14,140655936405504,1001,0,1792.72,2532.73
14,140679533559808,24024,0,15677.5,17032
14,140656167092224,0,0,1102.25,1365.07
14,140657628807168,4004,1,1660.25,4221.07
14,140656466984960,1001,0,1102.25,1112.33
14,140657783996416,0,0,1341.54,2681.56
14,140657916116992,1001,0,1660.25,3025.3
14,140655772827648,2002,0,2610.5,2814.14
14,140655802187776,0,0,2610.5,5185.98
14,140656720740352,1001,0,1102.25,1606.7
14,140656076914688,4004,0,1102.25,1134.73
14,140657794482176,3003,0,1736.43,3992.58
14,140656989175808,0,0,1159.34,1418.04
14,140657230348288,1001,0,1159.34,1273.87
14,140656324378624,2002,0,1102.25,1077.05
14,140657951768576,6006,0,1159.34,2243.04
14,140657939185664,3003,0,1660.25,3288.61
14,140657666555904,1001,0,1159.34,1674.32
14,140679569211392,11011,0,10738.5,9390.13
14,140657530241024,1001,0,1159.34,1407.43
14,140655663775744,0,0,2610.5,6806.6
14,140657236639744,0,0,1159.34,1671.63
14,140657421189120,0,0,1159.34,905.592
14,140657815453696,3003,0,1159.34,2000.46
14,140656202743808,1001,0,1792.72,2249.1
14,140655913336832,1001,0,1792.72,2734.54
14,140656584425472,0,0,1102.25,885.725
14,140655489712128,16016,0,0,0
14,140657387634688,3003,0,1159.34,859.29
14,140657498783744,2002,0,1341.54,2304.83
14,140655529558016,32032,0,0,0
14,140656343252992,1001,0,1284.45,1607.77
14,140657633001472,2002,0,1341.54,2455.73
14,140657551212544,0,0,1159.34,2104.06
14,140655506489344,19019,0,0,0
14,140658178260992,1001,1,1341.54,2788.54
14,140657773510656,0,0,1660.25,2967.46
14,140656081108992,1001,0,1603.16,1994.1
14,140679512588288,55055,0,44492.2,43975.8
14,140656601202688,0,0,1102.25,704.956
14,140656290824192,2002,0,1284.45,1973.89
14,140656703963136,1001,0,1102.25,1623.36
14,140657245028352,0,0,1159.34,1207.82
14,140657517658112,0,0,1159.34,1560.75
14,140657370857472,0,0,1159.34,1939.66
14,140657410703360,2002,0,1159.34,1351.49
14,140656162897920,2002,0,1102.25,1173.43
14,140656305504256,1001,0,1102.25,999.63
14,140656198549504,0,0,1102.25,844.009
14,140656722837504,1001,0,1102.25,1063.77
14,140655758147584,0,0,2610.5,3236.27
14,140657691721728,1001,0,1159.34,1251.13
14,140656435527680,0,0,1102.25,919.579
14,140657635098624,0,0,1159.34,1841.06
14,140657528143872,3003,0,1159.34,816.024
14,140657693818880,5005,0,1341.54,2575.68
14,140679541948416,13013,0,13836.6,13730.8
14,140655615541248,6006,0,15145.8,27550.5
14,140657240834048,0,0,1159.34,1690.04
14,140655674261504,6006,0,2610.5,6158.35
14,140656477470720,0,0,1284.45,1576.86
14,140657274388480,0,0,1159.34,1613.13
14,140655940599808,0,0,1792.72,3138.27
14,140657786093568,1001,0,1341.54,2000.06
14,140655883976704,0,1,2841.74,9224.98
14,140656425041920,1001,0,1102.25,1077.22
14,140657677041664,0,0,1159.34,1845.14
14,140657930797056,1001,0,1159.34,2180.94
14,140657507172352,1001,0,1159.34,1723.45
14,140657416994816,1001,0,1159.34,1235.26
14,140655917531136,0,0,1603.16,2336.73
14,140657901436928,2002,0,1736.43,3716.74
14,140657897242624,3003,1,1341.54,3434.78
14,140657022730240,0,0,1159.34,1060.53
14,140679556628480,6006,0,10738.5,9938.03
14,140656194355200,0,0,1102.25,731.312
14,140657270194176,0,0,1159.34,830.484
14,140656875929600,0,0,1102.25,1766
14,140657255514112,0,0,1159.34,1108.79
14,140655523266560,23023,0,0,0
14,140658190843904,2002,1,1736.43,4440.96
14,140657121296384,1001,0,1159.34,938.399
14,140655791702016,1001,0,2420.95,2477.44
14,140657400217600,2002,0,1159.34,968.44
14,140657790287872,2002,0,1341.54,2067.32
14,140656320184320,0,0,1603.16,1856.89
14,140658211815424,3003,0,1341.54,2627.21
14,140656617979904,1001,0,1102.25,1641.64
14,140655777021952,0,0,2610.5,2434.73
14,140657091936256,0,1,1159.34,2710.67
14,140655888171008,0,0,1603.16,2260.03
14,140656339058688,1001,0,1102.25,1081.99
14,140657804967936,1001,0,1159.34,1462.32
14,140656987078656,2002,0,1159.34,1326.55
14,140679571308544,148148,0,103374,103969
14,140655349202944,19019,0,0,0
14,140657377148928,0,0,1159.34,2292.66
14,140657630904320,1001,0,1159.34,1849.42
14,140656590716928,0,0,1102.25,1322.86
14,140655500197888,28028,0,0,0
14,140657796579328,3003,0,1660.25,2571.21
14,140656190160896,1001,0,1284.45,1558.02
14,140657788190720,1001,0,1341.54,2512.33
14,140657802870784,4004,0,1341.54,2258.45
14,140656716546048,1001,0,1102.25,984.255
14,140657687527424,4004,0,1159.34,1020.02
14,140655806382080,1001,0,2610.5,6806.6
14,140656462790656,0,0,1284.45,1539.4
14,140655483420672,14014,0,0,0
14,140657643487232,2002,0,1341.54,2767.88
14,140657228251136,1001,0,1159.34,658.43
14,140655646998528,0,0,2610.5,4861.86
14,140656573939712,0,0,1102.25,882.887
14,140679640514560,0,1,9111.05,76.4636
14,140657396023296,1001,0,1159.34,874.043
14,140655921725440,0,0,1792.72,2856.85
14,140655890268160,0,0,1102.25,917.563
14,140655944794112,0,0,1792.72,3321.68
14,140655762341888,1001,0,2610.5,3278.97
14,140656972398592,2002,0,1159.34,1182.54
14,140657129684992,0,0,1159.34,638.466
14,140655657484288,1001,0,2610.5,6158.35
14,140655544238080,17017,0,0,0
14,140656607494144,1001,0,1102.25,1802.22
14,140656286629888,1001,1,1792.72,3809.95
14,140656301309952,0,0,1102.25,1059.66
14,140657265999872,1001,0,1159.34,1012.57
14,140655628124160,0,0,2610.5,7130.72
14,140657555406848,0,0,1159.34,793.778
14,140657280679936,3003,0,1159.34,1188.59
14,140657242931200,0,0,1159.34,828.765
14,140656966107136,0,0,1159.34,1025.28
14,140655516975104,22022,0,0,0
14,140657010147328,0,0,1159.34,1453.23
14,140656185966592,1001,0,1284.45,1614.69
14,140657232445440,1001,0,1159.34,1780.79
14,140657389731840,0,0,1341.54,2134.33
14,140657284874240,0,0,1159.34,1147.31
14,140657649778688,1001,0,1159.34,2061.28
14,140656884318208,1001,0,1102.25,1121.85
14,140657125490688,1001,0,1159.34,1268.36
14,140657268097024,0,0,1159.34,1323
14,140657133879296,0,0,1159.34,628.53
14,140657423286272,1001,0,1159.34,1354.02
14,140656156606464,0,0,1284.45,1805.68
14,140657559601152,0,0,1159.34,1430.97
14,140657238736896,1001,0,1159.34,1694.76
14,140657005953024,0,0,1159.34,693.015
14,140657003855872,0,0,1159.34,1031.19
14,140657777704960,1001,0,1660.25,2912.4
14,140657117102080,1001,0,1341.54,2073.01
14,140656991272960,2002,0,1159.34,1710.93
14,140657905631232,3003,0,1660.25,2669.52
14,140657408606208,1001,0,1159.34,1400.48
14,140656557162496,0,0,1102.25,956.555
14,140657142267904,1001,0,1159.34,909.72
14,140655894462464,1001,0,1792.72,2345.93
14,140656334864384,0,0,1102.25,1531.83
14,140657257611264,1001,0,1159.34,1080.27
14,140655667970048,2002,0,2420.95,3241.24
14,140657526046720,2002,0,1159.34,2073.23
14,140656473276416,0,0,1102.25,783.918
14,140657547018240,1001,0,1159.34,1134.84
14,140656315990016,1001,0,1603.16,2155.76
14,140657934991360,3003,0,1660.25,2831.09
14,140655619735552,0,0,2610.5,4861.86
14,140657412800512,0,0,1159.34,1310.49
14,140655537946624,13013,0,0,0
14,140656961912832,0,0,1159.34,925.847
14,140657110810624,0,0,1159.34,891.272
14,140657272291328,0,0,1159.34,1370.38
14,140656880123904,0,0,1102.25,792.983
14,140655925919744,1001,0,1792.72,4588.05
14,140656181772288,1001,0,1284.45,1418.61
14,140657247125504,0,0,1159.34,1861.99
14,140655781216256,1001,0,2420.95,2196.03
14,140657150656512,0,0,1159.34,1312.23
14,140657018535936,3003,0,1159.34,1329.81
14,140656441819136,0,0,1102.25,1191.36
14,140655795896320,1001,0,2610.5,6819.18
14,140656833986560,0,0,1102.25,1327.48
14,140656431333376,0,0,1102.25,1291.98
14,140656741711872,0,0,1102.25,772.713
14,140655493906432,15015,0,0,0
14,140656748003328,0,0,1284.45,2808.16
14,140657383440384,1001,0,1159.34,1503.3
14,140656978690048,2002,0,1159.34,885.444
14,140656580231168,0,0,1102.25,1627.72
14,140656597008384,0,0,1284.45,1867.98
14,140656727031808,0,0,1102.25,1155.66
14,140656850763776,1001,0,1102.25,1532.1
14,140655948988416,0,0,1792.72,3095.56
14,140657131782144,0,0,1159.34,828.844
14,140656450207744,1001,0,1284.45,2022.44
14,140655898656768,1001,0,1603.16,1994.1
14,140657958060032,4004,0,1660.25,3289
14,140657798676480,0,0,1736.43,3356.88
14,140656420847616,0,1,1792.72,5069.84
14,140657102422016,2002,0,1159.34,699.769
14,140655510683648,19019,0,0,0
14,140656152412160,0,0,1792.72,5513.29
14,140657276485632,1001,0,1159.34,1500.84
14,140655766536192,2002,0,2420.95,1969.9
14,140658226495488,5005,1,1660.25,3041.16
14,140655678455808,19019,0,0,0
14,140657681235968,4004,0,1159.34,1598.48
14,140656957718528,1001,1,1341.54,3036.95
14,140656863346688,1001,0,1102.25,1079.65
14,140655533752320,6006,0,0,0
14,140657112907776,0,0,1159.34,820.996
14,140656859152384,0,0,1102.25,951.533
14,140656177577984,1001,0,1792.72,2418.99
14,140657144365056,2002,0,1159.34,1567.67
14,140655810576384,0,0,2610.5,7130.72
14,140656555065344,0,1,1792.72,3511.44
14,140656825597952,0,0,1102.25,1242.2
14,140657404411904,1001,0,1159.34,955.517
14,140656888512512,1001,0,1102.25,1182.98
14,140656297115648,0,0,1102.25,1009.38
14,140658167775232,4004,1,1736.43,4045.8
14,140656458596352,1001,0,1284.45,1577.16
14,140656039165952,1001,0,1603.16,1905.42
14,140656041263104,1001,0,1603.16,1764.71
14,140657945477120,1001,0,1159.34,1485.54
14,140656034971648,0,0,1603.16,1994.1
14,140656330670080,1001,0,1102.25,1074.57
14,140656982884352,1001,0,1159.34,1388.7
14,140656045457408,0,0,1284.45,1688.25
14,140656483762176,2002,0,1284.45,1495.23
14,140656030777344,1001,0,1284.45,1364.12
14,140655930114048,1001,0,1792.72,3419.68
14,140657366663168,2002,0,1159.34,741.128
14,140656613785600,1001,0,1102.25,1468.28
14,140656049651712,0,0,1792.72,2507.69
14,140655902851072,0,0,1284.45,1351.9
14,140657515560960,0,0,1159.34,1655.35
14,140656026583040,1001,0,1603.16,1972.79
14,140656829792256,0,0,1102.25,964.352
14,140656984981504,1001,0,1159.34,1001.17
14,140656999661568,0,0,1159.34,703.619
14,140657123393536,4004,0,1159.34,701.681
14,140656053846016,1001,0,1792.72,2452.88
14,140655640707072,2002,0,2610.5,5834.23
14,140656311795712,0,0,1102.25,1354.75
14,140656563453952,0,0,1102.25,1479.74
14,140656852860928,0,0,1102.25,918.618
14,140656022388736,0,0,1603.16,2122.02
14,140657364566016,0,0,1159.34,1628.66
14,140655651192832,0,0,2610.5,8103.1
14,140656724934656,1001,0,1102.25,551.639
14,140656058040320,3003,0,1284.45,1394.61
14,140655632318464,0,0,2610.5,7778.97
14,140656173383680,0,0,1102.25,1121.19
14,140657014341632,1001,0,1159.34,1380.64
14,140657668653056,0,0,1159.34,1999.08
14,140657651875840,2002,0,1341.54,2033.09
14,140657249222656,1001,0,1159.34,1149
14,140656018194432,1001,1,2119.39,7748.73
14,140655527460864,25025,0,0,0
14,140656349544448,0,0,1102.25,976.492
14,140657538629632,0,0,1159.34,2152.63
14,140655751856128,2002,0,2610.5,2532.73
14,140657767219200,3003,0,1660.25,3178.57
14,140656586522624,0,0,1102.25,795.802
14,140657391828992,4004,0,1159.34,918.542
14,140656062234624,0,0,1284.45,1517.05
14,140655785410560,0,0,2610.5,5193.59
14,140655487614976,22022,0,0,0
14,140656469082112,0,0,1102.25,1255
14,140655661678592,0,0,2610.5,7130.72
14,140657903534080,4004,0,1341.54,2730.73
14,140655504392192,21021,0,0,0
14,140657513463808,3003,0,1159.34,1586.64
14,140657368760320,1001,0,1159.34,788.698
14,140656215326720,1001,0,1284.45,1769.44
14,140656731226112,2002,0,1102.25,1594.62
14,140655907045376,3003,0,1284.45,1718.74
14,140657127587840,0,0,1159.34,1682.31
14,140657385537536,0,0,1159.34,1588.87
14,140655800090624,0,0,2610.5,4861.86
14,140655623929856,0,0,2610.5,6482.48
14,140656066428928,1001,0,1284.45,1535.32
14,140656603299840,3003,0,1102.25,1190.27
14,140656846569472,0,0,1102.25,851.837
14,140656718643200,3003,0,1102.25,623.514
14,140657251319808,1001,0,1159.34,1032.88
14,140655770730496,0,0,2610.5,2856.85
14,140657664458752,1001,0,1159.34,1769.75
14,140657098227712,0,0,1159.34,1125.17
14,140657259708416,1001,0,1159.34,1121.41
14,140655934308352,0,0,1792.72,3376.97
14,140656211132416,0,0,1284.45,1750.96
14,140656867540992,1001,0,1102.25,1767.21
14,140657253416960,1001,0,1159.34,1727.93
14,140658230689792,1001,0,1660.25,2556
14,140657647681536,1001,0,1159.34,1937.48
14,140656871735296,1001,0,1102.25,1095.57
14,140656326475776,0,0,1102.25,1052.82
14,140656169189376,0,0,1284.45,1525.56
14,140656070623232,2002,0,1792.72,2299.96
14,140656739614720,0,0,1102.25,936.356
14,140657899339776,2002,0,1660.25,2954.39
14,140657234542592,0,0,1159.34,1287.28
14,140656750100480,0,0,1102.25,1676.19
14,140656886415360,2002,0,1102.25,865.413
14,140655672164352,2002,0,2610.5,7778.97
14,140656437624832,0,0,1102.25,776.497
14,140656697671680,0,0,1102.25,922.562
14,140657402314752,2002,0,1159.34,1742.52
14,140656206938112,0,0,1102.25,739.536
14,140657001758720,1001,0,1159.34,721.87
14,140656754294784,1001,0,1102.25,1026.15
14,140656292921344,0,0,1102.25,767.401
14,140655521169408,23023,0,0,0
14,140656446013440,0,0,1102.25,1213.53
14,140656427139072,0,0,1102.25,910.874
14,140658224398336,5005,1,1736.43,4063.88
14,140656345350144,1001,0,1102.25,872.019
14,140656074817536,1001,0,1603.16,1917.64
14,140655911239680,0,0,1603.16,2336.5
14,140656968204288,0,0,1159.34,1617.72
14,140655814770688,2002,0,2610.5,7454.85
14,140655347105792,21021,0,0,0
14,140656569745408,0,0,1102.25,1393.77
14,140657379246080,2002,0,1159.34,1440.33
14,140657922408448,3003,0,1159.34,1786.25
14,140656307601408,0,0,1102.25,1389.6
14,140656823500800,0,1,1603.16,3472.75
14,140656831889408,2002,0,1102.25,2042.63
14,140657138073600,1001,0,1159.34,1021.99
14,140657819648000,3003,0,1660.25,2643.56
14,140656479567872,2002,0,1102.25,1437.98
14,140656878026752,2002,0,1102.25,1248.28
14,140656204840960,0,0,1102.25,1209.67
14,140655756050432,0,0,2610.5,3095.56
14,140656869638144,0,0,1102.25,1581.74
14,140657765122048,2002,0,1660.25,2978.37
14,140656752197632,0,0,1102.25,1340.14
14,140656454402048,0,0,1102.25,1343.17
14,140656620077056,2002,0,1102.25,1257.16
14,140656733323264,0,0,1102.25,1006.55
14,140657505075200,1001,0,1159.34,1673.79
14,140656079011840,0,0,1792.72,3107.18
14,140656164995072,2002,0,1284.45,1698.72
14,140657286971392,1001,0,1159.34,1975.9
14,140655498100736,21021,0,0,0
14,140658165678080,3003,1,1736.43,5127.66
14,140656592814080,0,0,1102.25,1245.51
14,140657553309696,2002,0,1159.34,1441.84
14,140656565551104,0,0,1102.25,1235.84
14,140656708157440,0,0,1102.25,1247.23
14,140655938502656,0,0,1792.72,3095.56
14,140657532338176,1001,0,1159.34,1396.9
14,140656689283072,1001,0,1603.16,3296.22
14,140656964009984,0,0,1159.34,1320.52
14,140656576036864,1001,0,1102.25,792.795
14,140656200646656,0,0,1792.72,2188.64
14,140656844472320,0,0,1102.25,1058.83
14,140655542140928,14014,0,0,0
14,140655481323520,81081,0,0,0
14,140657360371712,0,1,1159.34,2954.88
14,140655789604864,1001,0,2420.95,2196.03
14,140656995467264,0,0,1159.34,1378.16
14,140656857055232,0,0,1102.25,1137.9
14,140656695574528,0,0,1102.25,923.063
14,140657683333120,4004,0,1159.34,955.876
14,140657372954624,0,0,1159.34,1355.11
14,140657226153984,1001,1,1159.34,3429.4
14,140657500880896,1001,0,1159.34,1067.69
14,140656693477376,0,0,1102.25,1090.72
14,140655915433984,1001,0,1792.72,3517.68
14,140655774924800,1001,0,2610.5,3082.98
14,140656083206144,0,0,1792.72,2092.1
14,140657639292928,6006,0,1159.34,1230.85
14,140656322281472,1001,0,1102.25,1145.79
14,140655644901376,1001,0,2610.5,5834.23
14,140655514877952,24024,0,0,0
14,140656842375168,0,0,1102.25,951.439
14,140657152753664,0,0,1159.34,883.959
14,140657261805568,1001,0,1159.34,1309.19
14,140655636512768,1001,0,2610.5,4537.73
14,140656464887808,0,0,1102.25,1219.28
14,140656729128960,0,0,1102.25,1560.34
14,140656609591296,0,0,1102.25,731.876
14,140656737517568,1001,0,1102.25,488.551
14,140655804284928,2002,0,2610.5,6806.6
14,140656341155840,0,0,1102.25,1195.92
14,140656196452352,1001,0,1284.45,1426.84
14,140655655387136,6006,0,2610.5,7130.72
14,140657494589440,2002,1,1660.25,4540.76
14,140658207621120,3003,1,1736.43,4529.59
14,140657362468864,3003,0,1159.34,974.916
14,140679510491136,73073,1,53468.9,61988.6
14,140679523074048,22022,0,25027.4,24343
14,140657549115392,0,0,1341.54,2042.18
14,140657821745152,4004,0,1159.34,1857.72
14,140679558725632,6006,0,11787.8,12550.5
15,140658222301184,5005,1,1660.25,3323.33
15,140657094033408,0,0,1159.34,1035.73
15,140656160800768,0,0,1102.25,1524.92
15,140679567114240,8008,0,10738.5,9632.96
15,140657544921088,1001,0,1159.34,1720.6
15,140657496686592,1001,0,1159.34,1128.53
15,140679565017088,9009,0,10738.5,8321.15
15,140655626027008,1001,0,2610.5,3982.51
15,140655886073856,2002,0,1284.45,1481.55
15,140656714448896,0,0,1102.25,1289.72
15,140657800773632,1001,0,1159.34,1752.42
15,140679514685440,43043,0,34839.2,35399.2
15,140657674944512,2002,0,1341.54,2068.64
15,140657511366656,4004,0,1159.34,1187.86
15,140657148559360,1001,0,1159.34,1247.01
15,140679548239872,13013,0,10738.5,10526.2
15,140657807065088,1001,0,1159.34,1625.28
15,140655227568128,20020,0,0,0
15,140656288727040,1001,0,1102.25,1067.76
15,140658197135360,4004,0,1341.54,2560.94
15,140655760244736,1001,0,2102.23,1364.12
15,140679560822784,11011,0,10738.5,7447.48
15,140657398120448,0,0,1159.34,1275.2
15,140655665872896,0,0,2610.5,3223.69
15,140656303407104,0,0,1102.25,1477.34
15,140656192258048,0,0,1102.25,1451.58
15,140658216009728,4004,0,1341.54,2692.6
15,140655942696960,0,0,1792.72,2452.88
15,140656980787200,1001,0,1159.34,1463.56
15,140679539851264,18018,0,14827.5,16041.1
15,140657769316352,4004,0,1159.34,1477.43
15,140657381343232,3003,0,1159.34,2199.61
15,140655919628288,1001,0,1603.16,2012.37
15,140657406509056,1001,0,1159.34,1891.23
15,140658201329664,4004,0,1341.54,2472.42
15,140658180358144,3003,1,1660.25,2890.13
15,140657140170752,1001,0,1159.34,952.945
15,140657419091968,1001,0,1159.34,1422.78
15,140679508393984,87087,0,80000,74167.8
15,140657119199232,2002,0,1159.34,737.052
15,140656567648256,0,0,1102.25,1119.49
15,140656848666624,1001,0,1102.25,670.56
15,140657542823936,4004,0,1159.34,2032.8
15,140655491809280,2002,0,2610.5,5510.1
15,140658169872384,2002,1,1736.43,4320.65
15,140656582328320,1001,0,1102.25,745.65
15,140679516782592,41041,0,31404.1,32634.9
15,140656974495744,0,0,1159.34,1425.7
15,140656475373568,0,0,1102.25,1719.63
15,140655617638400,0,0,2610.5,3040.27
15,140656827695104,0,0,1102.25,739.196
15,140658182455296,3003,1,1736.43,3584.49
15,140656599105536,0,0,1102.25,810.13
15,140679527268352,29029,0,18808.2,20190.4
15,140657519755264,3003,0,1660.25,3028.44
15,140656433430528,0,0,1102.25,1238.66
15,140655508586496,1001,0,2610.5,6806.6
15,140656443916288,1001,0,1102.25,1582.1
15,140656712351744,0,0,1102.25,1528.13
15,140657645584384,2002,0,1341.54,2562.41
15,140655531655168,1001,0,2610.5,4537.73
15,140657291165696,2002,0,1159.34,1227.65
15,140658171969536,4004,0,1660.25,2875.31
15,140657660264448,3003,0,1159.34,1521.47
15,140656158703616,2002,0,1102.25,1425.83
15,140679554531328,12012,0,10738.5,9347.47
15,140656188063744,2002,0,1102.25,1105.13
15,140657108713472,1001,0,1159.34,1071.12
15,140656970301440,1001,0,1159.34,888.794
15,140656336961536,0,0,1102.25,1179.92
15,140656318087168,0,0,1102.25,1038.12
15,140657135976448,2002,0,1159.34,1072.17
15,140657012244480,1001,0,1159.34,948.198
15,140657146462208,0,0,1159.34,1055.55
15,140657521852416,0,0,1159.34,1049.72
15,140658174066688,5005,0,1660.25,3057.94
15,140656422944768,1001,0,1102.25,971.668
15,140679506296832,2.34244e+07,0,2.36496e+07,2.03378e+07
15,140655676358656,2002,0,2610.5,5834.23
15,140655793799168,1001,0,2610.5,2168.56
15,140655779119104,1001,0,2610.5,2211.27
15,140656452304896,0,0,1102.25,819.107
15,140655382757376,16016,0,0,0
15,140656706060288,0,0,1102.25,1198.82
15,140655376465920,20020,0,0,0
15,140657953865728,4004,0,1159.34,2415.04
15,140658176163840,2002,1,1736.43,3506.54
15,140655389048832,7007,0,0,0
15,140655892365312,0,0,1603.16,2274.5
15,140679529365504,19019,0,19790.9,21378.8
15,140655370174464,18018,0,0,0
15,140657771413504,2002,0,1660.25,3066.85
15,140657955962880,1001,0,1159.34,2195.46
15,140657658167296,0,0,1159.34,1397.48
15,140655923822592,0,0,1603.16,2006.32
15,140658186649600,5005,0,1341.54,2563.85
15,140655395340288,13013,0,0,0
15,140657918214144,2002,0,1159.34,1813.54
15,140679525171200,28028,0,22487.5,23373.3
15,140655363883008,14014,0,0,0
15,140656559259648,0,0,1102.25,1443.43
15,140656183869440,1001,0,1284.45,1508.25
15,140655946891264,0,0,1102.25,981.807
15,140657911922688,7007,0,1660.25,3081.29
15,140658195038208,2002,1,1736.43,4210.6
15,140656615882752,1001,0,1102.25,1626.52
15,140679518879744,34034,0,29358.6,29581.1
15,140655808479232,0,0,2610.5,4630.76
15,140656743809024,1001,0,1102.25,1615.92
15,140655764439040,0,0,2420.95,2290.52
15,140655401631744,23023,0,0,0
15,140657792385024,1001,0,1159.34,1355.97
15,140657016438784,0,0,1159.34,967.187
15,140656460693504,1001,0,1102.25,1375.56
15,140658213912576,4004,1,1660.25,3157.14
15,140657557504000,2002,0,1660.25,2988.88
15,140655525363712,0,0,2610.5,4537.73
15,140657020633088,2002,0,1159.34,1316.75
15,140658184552448,3003,1,1660.25,3603.79
15,140657809162240,1001,0,1159.34,1294.7
15,140679562919936,14014,0,10738.5,8317.14
15,140655357591552,14014,0,0,0
15,140657941282816,3003,0,1159.34,1825.62
15,140656154509312,0,0,1284.45,1684.11
15,140655896559616,0,0,1102.25,1312.84
15,140656299212800,1001,0,1102.25,850.876
15,140657825939456,5005,0,1341.54,2398.37
15,140656840278016,0,0,1102.25,961.607
15,140655638609920,0,0,2610.5,3884.51
15,140656485859328,0,0,1102.25,1068.97
15,140655649095680,0,0,2610.5,2814.14
15,140658188746752,4004,1,1736.43,3443.18
15,140656588619776,2002,0,1102.25,1004.63
15,140679552434176,14014,0,10738.5,9564.97
15,140657907728384,5005,0,1341.54,2612.5
15,140655407923200,21021,0,0,0
15,140655502295040,2002,0,2610.5,6158.35
15,140657414897664,0,0,1159.34,1300.89
15,140657008050176,0,0,1159.34,538.295
15,140657960157184,4004,0,1341.54,2242.81
15,140655485517824,2002,0,2610.5,5185.98
15,140656332767232,0,0,1102.25,1400.82
15,140657393926144,1001,0,1159.34,937.173
15,140655630221312,0,0,2420.95,2294.02
15,140656179675136,1001,0,1284.45,1509.49
15,140658228592640,5005,0,1341.54,2559.65
15,140657920311296,4004,0,1341.54,2631.67
15,140656993370112,0,0,1159.34,772.217
15,140679531462656,32032,0,19790.9,23092.9
15,140655351300096,11011,0,1920.03,1620.62
15,140657282777088,0,0,1159.34,2119.23
15,140655659581440,2002,0,2610.5,4899.59
15,140657828036608,2002,0,1159.34,1960.25
15,140656571842560,1001,0,1102.25,1539.92
15,140657289068544,3003,0,1159.34,1292.03
15,140655928016896,0,0,1284.45,1471.08
15,140656313892864,0,0,1102.25,1449.08
15,140657156947968,0,0,1159.34,781.954
15,140657947574272,0,0,1159.34,2280.69
15,140656605396992,0,0,1102.25,1346.48
15,140658031460352,0,0,1159.34,0
15,140657962254336,0,0,1660.25,3016.16
15,140656997564416,0,0,1159.34,691.274
15,140679537754112,28028,0,17938.5,18522
15,140656873832448,0,0,1102.25,977.179
15,140657679138816,0,0,1159.34,1276.75
15,140657425383424,2002,0,1159.34,1300.62
15,140655212888064,47047,0,0,0
15,140655900753920,2002,0,1792.72,2158.15
15,140656471179264,2002,0,1102.25,1269.02
15,140656561356800,1001,0,1102.25,1062.87
15,140656745906176,1001,0,1102.25,1368.83
15,140657779802112,1001,1,1660.25,3100.72
15,140656710254592,0,0,1102.25,797.309
15,140657909825536,2002,0,1159.34,2381.27
15,140655783313408,0,0,2610.5,2092.1
15,140657928699904,2002,0,1736.43,3182.24
15,140655621832704,0,0,2420.95,2294.02
15,140679520976896,40040,0,27657.7,27877.8
15,140656037068800,1001,0,1284.45,1741.43
15,140655519072256,1001,0,2610.5,6158.35
15,140656043360256,1001,0,1102.25,1117.41
15,140655749758976,2002,1,6699.53,9906.87
15,140655546335232,4004,0,2610.5,9399.59
15,140656032874496,1001,0,1102.25,1185.44
15,140657104519168,0,0,1159.34,733.736
15,140657523949568,1001,0,1159.34,1651.87
15,140655797993472,1001,0,2610.5,3517.68
15,140656047554560,0,0,1284.45,1366.38
15,140656351641600,1001,0,1102.25,1009.38
15,140657263902720,0,0,1159.34,1410.95
15,140655670067200,1001,0,2610.5,2618.15
15,140656028680192,1001,0,1603.16,1730.73
15,140656175480832,0,0,1102.25,759.691
15,140656976592896,0,0,1159.34,986.759
15,140657641390080,1001,0,1159.34,1736
15,140657924505600,2002,0,1341.54,2795.87
15,140656051748864,1001,0,1603.16,1676.01
15,140656861249536,1001,0,1102.25,1068.97
15,140679550337024,6006,0,10738.5,10030.8
15,140657817550848,4004,0,1660.25,3079.03
15,140656024485888,0,0,1102.25,1516.7
15,140657154850816,1001,0,1159.34,922.427
15,140657670750208,0,0,1159.34,625.166
15,140656439721984,1001,0,1102.25,1094.54
15,140655768633344,0,0,2420.95,1929.86
15,140658205523968,0,1,1736.43,3469.04
15,140655219179520,23023,0,0,0
15,140656055943168,2002,0,1284.45,2156.51
15,140656735420416,0,0,1102.25,1830.44
15,140656429236224,1001,0,1102.25,901.203
15,140658192941056,4004,0,1736.43,3571.47
15,140657637195776,0,0,1159.34,1935.78
15,140657763024896,2002,1,1159.34,3309.9
15,140657949671424,1001,0,1159.34,1759.64
15,140656020291584,0,0,1284.45,1740.2
15,140657914019840,3003,0,1660.25,2971.64
15,140679544045568,17017,0,12510.2,13458.2
15,140656448110592,0,0,1102.25,955.623
15,140655904948224,1001,0,1603.16,2061.56
15,140657106616320,0,0,1159.34,1600.52
15,140656060137472,0,0,1102.25,1000.72
15,140656838180864,1001,0,1102.25,1107.46
15,140655932211200,0,0,1792.72,2875.01
15,140657926602752,2002,0,1341.54,2148.4
15,140656328572928,2002,0,1102.25,744.632
15,140655540043776,0,0,2610.5,10372
15,140657100324864,0,0,1159.34,943.224
15,140657278582784,0,0,1159.34,1147.36
15,140655496003584,0,0,2610.5,6806.6
15,140656217423872,0,0,1102.25,1243.51
15,140656699768832,0,0,1102.25,1034.33
15,140656295018496,1001,0,1102.25,969.877
15,140657932894208,2002,0,1159.34,1614.45
15,140656594911232,0,0,1102.25,795.746
15,140655812673536,2002,0,2420.95,2294.02
15,140679535656960,15015,0,18808.2,20753.9
15,140656578134016,1001,0,1102.25,1027.39
15,140657781899264,1001,0,1159.34,1702.93
15,140656064331776,0,0,1603.16,2008.36
15,140658218106880,2002,1,1736.43,3027.76
15,140657672847360,1001,0,1660.25,2729.72
15,140657653972992,2002,0,1159.34,1827.24
15,140656171286528,1001,0,1284.45,1942.6
15,140657813356544,0,0,1159.34,2132.87
15,140657115004928,1001,0,1159.34,895.373
15,140656481665024,0,0,1102.25,1016.27
15,140657536532480,0,0,1159.34,1725.63
15,140656456499200,0,0,1102.25,1374.42
15,140656213229568,1001,0,1102.25,1647.74
15,140655680552960,1001,0,3062.89,12640.8
15,140657685430272,0,0,1159.34,1730.09
15,140655225470976,24024,0,0,0
15,140656309698560,0,0,1102.25,953.266
15,140658203426816,4004,0,1660.25,2997.07
15,140655512780800,1001,0,2610.5,5510.1
15,140657656070144,2002,0,1159.34,1687.32
15,140656836083712,0,0,1102.25,1497.27
15,140656347447296,0,0,1102.25,1101.71
15,140656068526080,2002,0,1603.16,1959.91
15,140657937088512,1001,0,1159.34,1684.73
15,140657943379968,3003,0,1660.25,3083.01
15,140657509269504,1001,0,1159.34,1579.62
15,140657775607808,4004,0,1341.54,2229.16
15,140657502978048,4004,0,1159.34,1622.48
15,140656701865984,0,0,1102.25,1199.64
15,140655753953280,1001,0,2610.5,2299.96
15,140655909142528,0,0,1102.25,1205.88
15,140657811259392,0,0,1341.54,2343.93
15,140656209035264,1001,0,1284.45,1919.97
15,140657534435328,2002,0,1159.34,1624.38
15,140657662361600,5005,0,1159.34,2327.37
15,140679546142720,15015,0,19790.9,21208
15,140655535849472,3003,0,2610.5,7454.85
15,140658199232512,4004,0,1159.34,2096.28
15,140656854958080,0,0,1102.25,1286.62
15,140656611688448,2002,0,1102.25,975.415
15,140656691380224,1001,0,1102.25,1180.12
15,140656865443840,0,0,1102.25,1417.05
15,140655642804224,2002,0,2610.5,3603.1
15,140656072720384,1001,0,1603.16,1824.94
15,140657375051776,1001,0,1159.34,1484.59
15,140657823842304,1001,0,1341.54,2847.14
15,140655787507712,0,0,2610.5,2147.03
15,140658220204032,4004,1,1660.25,3086.65
15,140656882221056,1001,0,1102.25,1156.55
15,140656959815680,1001,0,1159.34,853.789
15,140655634415616,0,0,2610.5,2434.73
15,140655653289984,3003,0,2610.5,2856.85
15,140658209718272,2002,1,1736.43,3484.42
15,140657096130560,1001,0,1159.34,921.272
15,140657540726784,3003,0,1159.34,1720.36
15,140657689624576,0,0,1341.54,2860.6
15,140655936405504,0,0,1603.16,1700.47
15,140679533559808,16016,0,17938.5,18851.4
15,140656167092224,0,0,1102.25,952.635
15,140657628807168,1001,1,1660.25,4383.61
15,140656466984960,3003,0,1102.25,1215.69
15,140657783996416,2002,0,1159.34,1707.16
15,140657916116992,1001,0,1341.54,2432.88
15,140655772827648,1001,0,2610.5,2177.52
15,140655802187776,0,0,2420.95,2251.31
15,140656720740352,0,0,1102.25,1373.15
15,140656076914688,0,0,1284.45,2052.03
15,140657794482176,6006,0,1736.43,3349.46
15,140656989175808,0,0,1159.34,1077.56
15,140657230348288,3003,0,1159.34,1235.09
15,140656324378624,2002,0,1102.25,1419.36
15,140657951768576,3003,0,1660.25,3450.08
15,140657939185664,2002,0,1660.25,3117.48
15,140657666555904,2002,0,1159.34,1597.95
15,140679569211392,13013,0,10738.5,9625.08
15,140657530241024,1001,0,1159.34,1314.63
15,140655663775744,2002,0,2610.5,2954.85
15,140657236639744,1001,0,1159.34,1146.49
15,140657421189120,1001,0,1159.34,764.828
15,140657815453696,7007,0,1341.54,2355.21
15,140656202743808,1001,0,1284.45,1918.44
15,140655913336832,0,0,1603.16,1916.98
15,140656584425472,0,0,1102.25,764.375
15,140655489712128,0,0,2610.5,5185.98
15,140657387634688,0,0,1159.34,1722.98
15,140657498783744,2002,0,1341.54,2331.43
15,140655380660224,20020,0,0,0
15,140655529558016,3003,0,2610.5,10372
15,140656343252992,0,0,1102.25,1507.67
15,140657633001472,4004,0,1341.54,2155.52
15,140655386951680,12012,0,0,0
15,140655374368768,21021,0,0,0
15,140657551212544,1001,0,1159.34,1364.4
15,140655506489344,0,0,2610.5,6158.35
15,140658178260992,0,1,1159.34,2293.53
15,140657773510656,1001,0,1159.34,1942.37
15,140656081108992,0,0,1284.45,1586.03
15,140679512588288,58058,0,44492.2,46237.8
15,140656601202688,0,0,1102.25,608.975
15,140656290824192,0,0,1284.45,1963.39
15,140655393243136,16016,0,0,0
15,140655368077312,31031,0,0,0
15,140656703963136,2002,0,1102.25,1368.55
15,140657245028352,0,0,1159.34,886.488
15,140657517658112,0,0,1159.34,1184.1
15,140657370857472,0,0,1159.34,1421.22
15,140657410703360,0,0,1159.34,1606.53
15,140656162897920,0,0,1102.25,1574.4
15,140656305504256,0,0,1102.25,1170.22
15,140656198549504,2002,0,1102.25,628.08
15,140656722837504,1001,0,1102.25,1222.39
15,140655758147584,1001,0,2420.95,1758.66
15,140657691721728,1001,0,1159.34,1217.83
15,140656435527680,0,0,1102.25,799.401
15,140657635098624,1001,0,1159.34,1278.85
15,140655399534592,19019,0,0,0
15,140657528143872,2002,0,1159.34,1691.24
15,140655361785856,15015,0,0,0
15,140657693818880,5005,0,1660.25,3233.79
15,140679541948416,15015,0,12510.2,12877.3
15,140655615541248,1001,0,7549.49,13904.9
15,140657240834048,1001,0,1159.34,1231.42
15,140655674261504,2002,0,2610.5,4618.18
15,140656477470720,0,0,1102.25,1304.35
15,140657274388480,0,0,1159.34,1074.54
15,140655940599808,0,0,1603.16,1669.98
15,140657786093568,1001,0,1159.34,1679.07
15,140655883976704,2002,1,1792.72,5533.23
15,140656425041920,2002,0,1102.25,1171.36
15,140657677041664,0,0,1159.34,1280.64
15,140657930797056,2002,0,1159.34,1820.08
15,140657507172352,0,0,1159.34,1468.11
15,140657416994816,1001,0,1159.34,1202.73
15,140655917531136,0,0,1102.