step,page,count,model_selection,model_score,arms_score
step,page,count,model_selection,model_score,arms_score
step,page,count,model_selection,model_score,arms_score
step,page,count,model_selection,model_score,arms_score
step,page,count,model_selection,model_score,arms_score
step,page,count,model_selection,model_score,arms_score
step,page,count,model_selection,model_score,arms_score
step,page,count,model_selection,model_score,arms_score
step,page,count,model_selection,model_score,arms_score
step,page,count,model_selection,model_score,arms_score
step,page,count,model_selection,model_score,arms_score
1,139772529999872,0,0,0,0
1,139794071945216,1.46276e+07,0,0,0
1,139793937727488,0,0,0,0
2,139772529999872,0,0,1410.67,0
2,139794071945216,2.71071e+06,0,1.24908e+07,4.73642e+06
2,139793937727488,0,0,9111.05,0
3,139772529999872,0,0,1410.67,0
3,139794071945216,0,1,290816,2.93388e+06
3,139793937727488,0,0,9111.05,0
4,139772309798912,22022,0,0,0
4,139772320284672,5005,0,0,0
4,139772448210944,24024,0,0,0
4,139794120179712,15015,0,0,0
4,139772290924544,12012,0,0,0
4,139794086625280,62062,0,0,0
4,139794128568320,27027,0,0,0
4,139772267855872,16016,0,0,0
4,139772433530880,26026,0,0,0
4,139794136956928,63063,0,0,0
4,139772133638144,11011,0,0,0
4,139772286730240,16016,0,0,0
4,139772276244480,25025,0,0,0
4,139772406267904,26026,0,0,0
4,139772397879296,31031,0,0,0
4,139772299313152,24024,0,0,0
4,139794111791104,39039,0,0,0
4,139794099208192,50050,0,0,0
4,139772152512512,22022,0,0,0
4,139772437725184,2002,0,0,0
4,139772297216000,18018,0,0,0
4,139772146221056,14014,0,0,0
4,139772441919488,20020,0,0,0
4,139794109693952,38038,0,0,0
4,139772318187520,19019,0,0,0
4,139772303507456,20020,0,0,0
4,139772311896064,18018,0,0,0
4,139772301410304,15015,0,0,0
4,139794082430976,71071,0,0,0
4,139772142026752,9009,0,0,0
4,139772416753664,21021,0,0,0
4,139772435628032,14014,0,0,0
4,139794118082560,13013,0,0,0
4,139772307701760,14014,0,0,0
4,139772408365056,11011,0,0,0
4,139772444016640,18018,0,0,0
4,139772427239424,17017,0,0,0
4,139794132762624,34034,0,0,0
4,139794084528128,79079,0,0,0
4,139772135735296,13013,0,0,0
4,139772402073600,35035,0,0,0
4,139772288827392,14014,0,0,0
4,139772458696704,26026,0,0,0
4,139772272050176,18018,0,0,0
4,139772429336576,14014,0,0,0
4,139794078236672,104104,0,0,0
4,139772295118848,15015,0,0,0
4,139772154609664,12012,0,0,0
4,139794130665472,36036,0,0,0
4,139772158803968,6006,0,0,0
4,139772148318208,27027,0,0,0
4,139772274147328,16016,0,0,0
4,139772129443840,13013,0,0,0
4,139772431433728,24024,0,0,0
4,139772127346688,60060,0,0,0
4,139772280438784,16016,0,0,0
4,139794105499648,42042,0,0,0
4,139794103402496,47047,0,0,0
4,139772454502400,17017,0,0,0
4,139794092916736,64064,0,0,0
4,139772410462208,18018,0,0,0
4,139772269953024,30030,0,0,0
4,139772460793856,14014,0,0,0
4,139794113888256,29029,0,0,0
4,139772322381824,23023,0,0,0
4,139772446113792,16016,0,0,0
4,139794095013888,54054,0,0,0
4,139794088722432,64064,0,0,0
4,139772456599552,12012,0,0,0
4,139772439822336,22022,0,0,0
4,139794124374016,30030,0,0,0
4,139794080333824,82082,0,0,0
4,139772305604608,16016,0,0,0
4,139794076139520,111111,0,0,0
4,139772293021696,9009,0,0,0
4,139772137832448,8008,0,0,0
4,139772425142272,25025,0,0,0
4,139772423045120,23023,0,0,0
4,139794074042368,141141,0,0,0
4,139772420947968,20020,0,0,0
4,139772414656512,22022,0,0,0
4,139772529999872,0,0,1410.67,0
4,139772324478976,6006,0,0,0
4,139794115985408,16016,0,0,0
4,139794071945216,2.73203e+07,1,-221228,1.60173e+06
4,139772418850816,26026,0,0,0
4,139772399976448,45045,0,0,0
4,139772265758720,18018,0,0,0
4,139772316090368,5005,0,0,0
4,139794090819584,34034,0,0,0
4,139772452405248,26026,0,0,0
4,139772412559360,19019,0,0,0
4,139772131540992,16016,0,0,0
4,139794122276864,24024,0,0,0
4,139772156706816,12012,0,0,0
4,139794107596800,47047,0,0,0
4,139772150415360,8008,0,0,0
4,139772404170752,27027,0,0,0
4,139794134859776,22022,0,0,0
4,139772282535936,21021,0,0,0
4,139794097111040,51051,0,0,0
4,139772144123904,19019,0,0,0
4,139772261564416,85085,0,0,0
4,139772450308096,19019,0,0,0
4,139794101305344,43043,0,0,0
4,139772326576128,17017,0,0,0
4,139772284633088,21021,0,0,0
4,139794126471168,21021,0,0,0
4,139772263661568,20020,0,0,0
4,139772278341632,18018,0,0,0
4,139772395782144,79079,0,0,0
4,139793937727488,0,1,1410.67,0
4,139772139929600,28028,0,0,0
4,139772313993216,18018,0,0,0
5,139772156706816,7007,0,2610.5,6161.75
5,139772311896064,8008,0,5386.2,9242.63
5,139771997323264,22022,0,0,0
5,139772433530880,18018,0,5386.2,13350.5
5,139794134859776,17017,0,10738.5,11296.5
5,139794084528128,77077,0,22487.5,40564.9
5,139771758247936,15015,0,0,0
5,139772265758720,7007,0,5386.2,9242.63
5,139772280438784,9009,0,5386.2,8215.67
5,139771590475776,43043,0,0,0
5,139771917631488,13013,0,0,0
5,139771913437184,18018,0,0,0
5,139794088722432,56056,0,17938.5,32862.7
5,139772056043520,12012,0,0,0
5,139771892465664,16016,0,0,0
5,139772007809024,17017,0,0,0
5,139771881979904,12012,0,0,0
5,139772146221056,6006,0,2610.5,7188.71
5,139772133638144,5005,0,2610.5,5648.27
5,139772152512512,4004,0,2610.5,11296.5
5,139794130665472,21021,0,10738.5,18485.3
5,139772444016640,10010,0,5386.2,9242.63
5,139772412559360,15015,0,5386.2,9756.11
5,139772018294784,15015,0,0,0
5,139771781316608,16016,0,0,0
5,139771894562816,9009,0,0,0
5,139771764539392,16016,0,0,0
5,139772397879296,7007,0,5386.2,15917.9
5,139794097111040,39039,0,14827.5,26187.5
5,139772301410304,9009,0,5386.2,7702.19
5,139771630321664,12012,0,0,0
5,139771615641600,17017,0,0,0
5,139771888271360,16016,0,0,0
5,139772129443840,7007,0,2610.5,6675.23
5,139772441919488,3003,0,5386.2,10269.6
5,139771869396992,27027,0,0,0
5,139794105499648,40040,0,11787.8,21566.1
5,139794101305344,44044,0,11787.8,22079.6
5,139771999420416,19019,0,0,0
5,139772395782144,16016,0,13776.8,40564.9
5,139771726790656,11011,0,0,0
5,139772051849216,9009,0,0,0
5,139771735179264,18018,0,0,0
5,139772284633088,13013,0,5386.2,10783.1
5,139772049752064,17017,0,0,0
5,139772416753664,15015,0,5386.2,10783.1
5,139772452405248,7007,0,5386.2,13350.5
5,139794103402496,50050,0,12510.2,24133.5
5,139772014100480,17017,0,0,0
5,139771741470720,17017,0,0,0
5,139772167192576,18018,0,0,0
5,139771770830848,18018,0,0,0
5,139771596767232,20020,0,0,0
5,139772435628032,6006,0,5386.2,7188.71
5,139771923922944,17017,0,0,0
5,139772427239424,16016,0,5386.2,8729.15
5,139771603058688,17017,0,0,0
5,139771993128960,81081,0,0,0
5,139771728887808,14014,0,0,0
5,139771905048576,15015,0,0,0
5,139771747762176,18018,0,0,0
5,139772282535936,16016,0,5386.2,10783.1
5,139771858911232,65065,0,0,0
5,139771871494144,5005,0,0,0
5,139771787608064,12012,0,0,0
5,139771626127360,14014,0,0,0
5,139772045557760,25025,0,0,0
5,139772408365056,16016,0,5386.2,5648.27
5,139772307701760,14014,0,5386.2,7188.71
5,139772429336576,4004,0,5386.2,7188.71
5,139772154609664,17017,0,2610.5,6161.75
5,139794092916736,48048,0,17938.5,32862.7
5,139771611447296,17017,0,0,0
5,139772458696704,10010,0,5386.2,13350.5
5,139771754053632,13013,0,0,0
5,139772030877696,23023,0,0,0
5,139772053946368,7007,0,0,0
5,139772037169152,19019,0,0,0
5,139772431433728,13013,0,5386.2,12323.5
5,139794113888256,36036,0,10738.5,14890.9
5,139771909242880,15015,0,0,0
5,139771777122304,17017,0,0,0
5,139772135735296,11011,0,2610.5,6675.23
5,139772175581184,14014,0,0,0
5,139772165095424,22022,0,0,0
5,139772272050176,10010,0,5386.2,9242.63
5,139772456599552,4004,0,5386.2,6161.75
5,139772274147328,7007,0,5386.2,8215.67
5,139794124374016,16016,0,10738.5,15404.4
5,139772460793856,8008,0,5386.2,7188.71
5,139771760345088,13013,0,0,0
5,139772131540992,7007,0,2610.5,8215.67
5,139771621933056,13013,0,0,0
5,139772322381824,10010,0,5386.2,11810
5,139771875688448,19019,0,0,0
5,139772414656512,8008,0,5386.2,11296.5
5,139794115985408,30030,0,10738.5,8215.67
5,139771600961536,11011,0,0,0
5,139772148318208,12012,0,2610.5,13863.9
5,139772158803968,18018,0,1920.03,3080.88
5,139771592572928,22022,0,0,0
5,139772410462208,21021,0,5386.2,9242.63
5,139771636613120,13013,0,0,0
5,139772295118848,12012,0,5386.2,7702.19
5,139772305604608,7007,0,5386.2,8215.67
5,139772179775488,33033,0,0,0
5,139771886174208,6006,0,0,0
5,139772399976448,21021,0,6435.22,23106.6
5,139771607252992,17017,0,0,0
5,139772047654912,22022,0,0,0
5,139772324478976,7007,0,4695.74,3080.88
5,139772423045120,14014,0,5386.2,11810
5,139771766636544,15015,0,0,0
5,139771783413760,11011,0,0,0
5,139772188164096,28028,0,0,0
5,139771865202688,14014,0,0,0
5,139771867299840,21021,0,0,0
5,139772137832448,3003,0,2102.23,4107.84
5,139772420947968,12012,0,5386.2,10269.6
5,139772402073600,25025,0,5386.2,17971.8
5,139771730984960,15015,0,0,0
5,139772039266304,15015,0,0,0
5,139772293021696,4004,0,5196.65,4621.31
5,139771737276416,12012,0,0,0
5,139772326576128,7007,0,5386.2,8729.15
5,139794107596800,39039,0,12510.2,24133.5
5,139772261564416,9009,0,16316.7,43645.8
5,139772450308096,13013,0,5386.2,9756.11
5,139771743567872,9009,0,0,0
5,139771617738752,10010,0,0,0
5,139771632418816,15015,0,0,0
5,139771921825792,16016,0,0,0
5,139772173484032,21021,0,0,0
5,139772318187520,10010,0,5386.2,9756.11
5,139794095013888,32032,0,14827.5,27727.9
5,139771995226112,12012,0,0,0
5,139772150415360,14014,0,2102.23,4107.84
5,139771772928000,9009,0,0,0
5,139772263661568,8008,0,5386.2,10269.6
5,139771749859328,20020,0,0,0
5,139772160901120,27027,0,0,0
5,139772316090368,6006,0,4695.74,2567.4
5,139772529999872,0,0,4695.74,0
5,139771598864384,11011,0,0,0
5,139772404170752,18018,0,5386.2,13863.9
5,139772437725184,12012,0,4695.74,1026.96
5,139772186066944,16016,0,0,0
5,139772313993216,8008,0,5386.2,9242.63
5,139794080333824,126126,0,22487.5,42105.3
5,139771605155840,16016,0,0,0
5,139772041363456,20020,0,0,0
5,139772139929600,5005,0,2610.5,14377.4
5,139771789705216,12012,0,0,0
5,139772181872640,9009,0,0,0
5,139772020391936,20020,0,0,0
5,139771756150784,16016,0,0,0
5,139772026683392,12012,0,0,0
5,139772012003328,22022,0,0,0
5,139771877785600,18018,0,0,0
5,139772288827392,8008,0,5386.2,7188.71
5,139771884077056,16016,0,0,0
5,139771628224512,14014,0,0,0
5,139794076139520,119119,0,31404.1,56996.2
5,139772016197632,19019,0,0,0
5,139772190261248,22022,0,0,0
5,139772035072000,21021,0,0,0
5,139771613544448,16016,0,0,0
5,139771919728640,17017,0,0,0
5,139772142026752,5005,0,2420.95,4621.31
5,139771779219456,15015,0,0,0
5,139772005711872,24024,0,0,0
5,139772058140672,14014,0,0,0
5,139771762442240,17017,0,0,0
5,139772286730240,10010,0,5386.2,8215.67
5,139772032974848,19019,0,0,0
5,139794074042368,197197,0,38185.9,72400.6
5,139772028780544,16016,0,0,0
5,139771911340032,14014,0,0,0
5,139772169289728,24024,0,0,0
5,139771902951424,15015,0,0,0
5,139772425142272,7007,0,5386.2,12837
5,139771873591296,15015,0,0,0
5,139794120179712,20020,0,10738.5,7702.19
5,139772024586240,12012,0,0,0
5,139771896659968,19019,0,0,0
5,139794086625280,52052,0,15677.5,31835.7
5,139772309798912,2002,0,5386.2,11296.5
5,139772297216000,8008,0,5386.2,9242.63
5,139794128568320,24024,0,10738.5,13863.9
5,139772127346688,42042,0,7549.49,30808.8
5,139772320284672,9009,0,4695.74,2567.4
5,139772276244480,13013,0,5386.2,12837
5,139794136956928,127127,0,17938.5,32349.2
5,139794071945216,4.36997e+07,1,2.08285e+07,1.47594e+07
5,139772043460608,17017,0,0,0
5,139771594670080,10010,0,0,0
5,139794122276864,21021,0,10738.5,12323.5
5,139771624030208,14014,0,0,0
5,139772448210944,14014,0,5386.2,12323.5
5,139772278341632,7007,0,5386.2,9242.63
5,139771733082112,9009,0,0,0
5,139794111791104,43043,0,11190.9,20025.7
5,139772183969792,25025,0,0,0
5,139771768733696,15015,0,0,0
5,139772290924544,8008,0,5386.2,6161.75
5,139772009906176,17017,0,0,0
5,139794099208192,37037,0,13836.6,25674
5,139771739373568,13013,0,0,0
5,139771724693504,60060,0,0,0
5,139771785510912,20020,0,0,0
5,139794126471168,20020,0,10738.5,10783.1
5,139772406267904,12012,0,5386.2,13350.5
5,139771609350144,16016,0,0,0
5,139771638710272,1001,0,0,0
5,139794090819584,42042,0,10738.5,17458.3
5,139772144123904,7007,0,2610.5,9756.11
5,139771861008384,15015,0,0,0
5,139772418850816,11011,0,5386.2,13350.5
5,139772162998272,17017,0,0,0
5,139794109693952,36036,0,10738.5,19512.2
5,139771745665024,16016,0,0,0
5,139772303507456,9009,0,5386.2,10269.6
5,139771915534336,27027,0,0,0
5,139772446113792,13013,0,5386.2,8215.67
5,139771890368512,21021,0,0,0
5,139771900854272,19019,0,0,0
5,139794082430976,62062,0,18808.2,36457
5,139772269953024,25025,0,5386.2,15404.4
5,139772171386880,25025,0,0,0
5,139772003614720,24024,0,0,0
5,139772439822336,14014,0,5386.2,11296.5
5,139772001517568,12012,0,0,0
5,139771879882752,23023,0,0,0
5,139794078236672,136136,0,29358.6,53401.9
5,139772299313152,9009,0,5386.2,12323.5
5,139793937727488,0,1,9111.05,0
5,139771751956480,24024,0,0,0
5,139771907145728,20020,0,0,0
5,139772192358400,22022,0,0,0
5,139772177678336,22022,0,0,0
5,139772454502400,8008,0,5386.2,8729.15
5,139794118082560,29029,0,10738.5,6675.23
5,139771775025152,8008,0,0,0
5,139772022489088,20020,0,0,0
5,139771898757120,11011,0,0,0
5,139771619835904,16016,0,0,0
5,139771863105536,11011,0,0,0
5,139772267855872,5005,0,5386.2,8215.67
5,139794132762624,23023,0,10738.5,17458.3
5,139771634515968,12012,0,0,0
6,139771252834304,13013,0,0,0
6,139772156706816,10010,0,2610.5,5823.87
6,139771057799168,15015,0,0,0
6,139772311896064,8008,0,1792.72,7452.11
6,139771997323264,10010,0,2610.5,11296.5
6,139772433530880,14014,0,1792.72,14073.2
6,139794134859776,23023,0,10738.5,12816.6
6,139794084528128,69069,1,38185.9,54215.5
6,139771758247936,1001,0,2610.5,7702.19
6,139771653390336,13013,0,0,0
6,139772265758720,8008,0,1792.72,6938.63
6,139771064090624,7007,0,0,0
6,139771496103936,26026,0,0,0
6,139771491909632,19019,0,0,0
6,139772280438784,8008,0,1792.72,7594
6,139771500298240,11011,0,0,0
6,139771590475776,24024,0,3659.81,22079.6
6,139771917631488,3003,0,2610.5,6675.23
6,139771487715328,19019,0,0,0
6,139771913437184,1001,0,2610.5,9242.63
6,139771242348544,13013,0,0,0
6,139771504492544,15015,0,0,0
6,139794088722432,70070,1,27657.7,40645.6
6,139771372371968,15015,0,0,0
6,139772056043520,0,0,2610.5,6161.75
6,139771892465664,7007,0,2610.5,8215.67
6,139771483521024,11011,0,0,0
6,139771357691904,16016,0,0,0
6,139772007809024,5005,0,2610.5,8729.15
6,139771881979904,5005,0,2610.5,6161.75
6,139771340914688,19019,0,0,0
6,139771508686848,14014,0,0,0
6,139772146221056,6006,0,2610.5,5681.98
6,139772133638144,9009,0,2610.5,4611.12
6,139772152512512,7007,0,2610.5,6141.36
6,139794130665472,17017,0,12510.2,17471.6
6,139772444016640,10010,0,1792.72,8479.06
6,139772412559360,15015,0,1792.72,11232.3
6,139771215085568,14014,0,0,0
6,139771236057088,14014,0,0,0
6,139772018294784,2002,0,2610.5,7702.19
6,139771512881152,4004,0,0,0
6,139771781316608,3003,0,2610.5,8215.67
6,139771894562816,7007,0,2420.95,4621.31
6,139771764539392,5005,0,2610.5,8215.67
6,139772397879296,14014,0,1792.72,9353.93
6,139771649196032,18018,0,0,0
6,139771477229568,17017,0,0,0
6,139794097111040,38038,0,19790.9,29501.1
6,139772301410304,4004,0,1792.72,7408.21
6,139771630321664,6006,0,2610.5,6161.75
6,139771615641600,6006,0,2610.5,8729.15
6,139771888271360,4004,0,2610.5,8215.67
6,139771517075456,10010,0,0,0
6,139772129443840,9009,0,2610.5,6009.66
6,139771384954880,11011,0,0,0
6,139771200405504,17017,0,0,0
6,139772441919488,12012,0,1792.72,5256.29
6,139771869396992,7007,0,2610.5,13863.9
6,139794105499648,25025,0,17938.5,28342.5
6,139794101305344,34034,0,19790.9,30582.2
6,139771999420416,5005,0,2610.5,9756.11
6,139771231862784,14014,0,0,0
6,139771345108992,18018,0,0,0
6,139772395782144,11011,0,8270.1,22893.3
6,139771726790656,5005,0,2610.5,5648.27
6,139772051849216,5005,0,2420.95,4621.31
6,139771735179264,1001,0,2610.5,9242.63
6,139772284633088,9009,0,1792.72,10576.9
6,139771521269760,24024,0,0,0
6,139772049752064,2002,0,2610.5,8729.15
6,139772416753664,10010,0,1792.72,11603.8
6,139771361886208,17017,0,0,0
6,139772452405248,12012,0,1792.72,8424.97
6,139794103402496,44044,1,22487.5,34406.2
6,139772014100480,5005,0,2610.5,8729.15
6,139771741470720,4004,0,2610.5,8729.15
6,139772167192576,3003,0,2610.5,9242.63
6,139771470938112,16016,0,0,0
6,139771376566272,12012,0,0,0
6,139771645001728,13013,0,0,0
6,139771770830848,2002,0,2610.5,9242.63
6,139771596767232,4004,0,2610.5,10269.6
6,139771208794112,18018,0,0,0
6,139772435628032,8008,0,1792.72,5681.98
6,139771923922944,3003,0,2610.5,8729.15
6,139772427239424,11011,0,1792.72,11374.1
6,139771603058688,8008,0,2610.5,8729.15
6,139771324137472,12012,0,0,0
6,139771993128960,8008,0,12605.9,41591.8
6,139771728887808,6006,0,2610.5,7188.71
6,139771905048576,2002,0,2610.5,7702.19
6,139771747762176,3003,0,2610.5,9242.63
6,139771225571328,7007,0,0,0
6,139772282535936,7007,0,1792.72,12117.3
6,139771858911232,5005,0,9810.52,33376.2
6,139771871494144,2002,0,1920.03,2567.4
6,139771787608064,7007,0,2610.5,6161.75
6,139771626127360,4004,0,2610.5,7188.71
6,139772045557760,7007,0,2610.5,12837
6,139771466743808,16016,0,0,0
6,139772408365056,11011,0,1792.72,10259.4
6,139771349303296,16016,0,0,0
6,139772307701760,7007,0,1792.72,9789.81
6,139772429336576,9009,0,1792.72,4655.02
6,139772154609664,10010,0,2610.5,10958.7
6,139794092916736,47047,0,27657.7,36537.8
6,139771611447296,7007,0,2610.5,8729.15
6,139771328331776,13013,0,0,0
6,139772458696704,7007,0,1792.72,9965.41
6,139771754053632,6006,0,2610.5,6675.23
6,139772030877696,9009,0,2610.5,11810
6,139772053946368,6006,0,2102.23,3594.36
6,139772037169152,6006,0,2610.5,9756.11
6,139772431433728,15015,0,1792.72,11134.3
6,139771640807424,17017,0,0,0
6,139794113888256,32032,0,14827.5,23873.3
6,139771187822592,72072,0,0,0
6,139771462549504,15015,0,0,0
6,139771366080512,15015,0,0,0
6,139771909242880,10010,0,2610.5,7702.19
6,139771055702016,14014,0,0,0
6,139771250737152,13013,0,0,0
6,139771777122304,4004,0,2610.5,8729.15
6,139772135735296,11011,0,2610.5,8063.58
6,139771219279872,12012,0,0,0
6,139771061993472,12012,0,0,0
6,139772175581184,8008,0,2610.5,7188.71
6,139771246542848,10010,0,0,0
6,139772165095424,5005,0,2610.5,11296.5
6,139772272050176,10010,0,1792.72,8479.06
6,139771332526080,13013,0,0,0
6,139772456599552,4004,0,1792.72,4283.43
6,139772274147328,8008,0,1792.72,6567.04
6,139794124374016,23023,0,10738.5,13789.5
6,139771380760576,13013,0,0,0
6,139771353497600,20020,0,0,0
6,139772460793856,8008,0,1792.72,6708.93
6,139771760345088,6006,0,2610.5,6675.23
6,139772131540992,8008,0,2610.5,6567.04
6,139771240251392,15015,0,0,0
6,139771458355200,12012,0,0,0
6,139771621933056,2002,0,2610.5,6675.23
6,139772322381824,11011,0,1792.72,9408.03
6,139771875688448,3003,0,2610.5,9756.11
6,139772414656512,14014,0,1792.72,8195.28
6,139794115985408,24024,0,11190.9,18377.1
6,139771600961536,6006,0,2610.5,5648.27
6,139772148318208,9009,0,2610.5,11178.2
6,139772158803968,10010,0,2610.5,10357.4
6,139771592572928,1001,0,2610.5,11296.5
6,139772410462208,16016,0,1792.72,14127.3
6,139771636613120,7007,0,2610.5,6675.23
6,139771336720384,10010,0,0,0
6,139772295118848,7007,0,1792.72,8948.65
6,139772305604608,8008,0,1792.72,6567.04
6,139772179775488,7007,0,2610.5,16944.8
6,139771233959936,13013,0,0,0
6,139771886174208,6006,0,1920.03,3080.88
6,139772399976448,18018,0,5159.11,19143.7
6,139771607252992,2002,0,2610.5,8729.15
6,139772047654912,3003,0,2610.5,11296.5
6,139771212988416,16016,0,0,0
6,139772324478976,5005,0,1792.72,4709.11
6,139772423045120,12012,0,1792.72,11461.9
6,139771370274816,12012,0,0,0
6,139771766636544,7007,0,2610.5,7702.19
6,139771655487488,12012,0,0,0
6,139771783413760,5005,0,2610.5,5648.27
6,139772188164096,4004,0,2610.5,14377.4
6,139771865202688,3003,0,2610.5,7188.71
6,139771867299840,3003,0,2610.5,10783.1
6,139772137832448,8008,0,2102.23,3026.78
6,139772420947968,10010,0,1792.72,9877.61
6,139771355594752,11011,0,0,0
6,139772402073600,17017,0,4168.16,19339.7
6,139771730984960,5005,0,2610.5,7702.19
6,139772039266304,3003,0,2610.5,7702.19
6,139772293021696,9009,0,1603.16,3726.05
6,139771737276416,5005,0,2610.5,6161.75
6,139772326576128,6006,0,1792.72,6752.83
6,139771192016896,10010,0,0,0
6,139771229765632,15015,0,0,0
6,139794107596800,28028,0,18808.2,28758
6,139772261564416,10010,0,8270.1,20413.7
6,139771494006784,10010,0,0,0
6,139771498201088,17017,0,0,0
6,139771489812480,21021,0,0,0
6,139771198308352,11011,0,0,0
6,139771502395392,16016,0,0,0
6,139772450308096,7007,0,1792.72,10205.3
6,139771743567872,7007,0,2420.95,4621.31
6,139771485618176,20020,0,0,0
6,139771382857728,12012,0,0,0
6,139771617738752,4004,0,2420.95,5134.79
6,139771506589696,26026,0,0,0
6,139771632418816,5005,0,2610.5,7702.19
6,139771921825792,5005,0,2610.5,8215.67
6,139771651293184,15015,0,0,0
6,139771481423872,16016,0,0,0
6,139772173484032,4004,0,2610.5,10783.1
6,139772318187520,19019,0,1792.72,8664.86
6,139794095013888,38038,0,17938.5,26464.2
6,139771995226112,6006,0,2610.5,6161.75
6,139771510784000,19019,0,0,0
6,139772150415360,9009,0,2610.5,8675.05
6,139771772928000,4004,0,2420.95,4621.31
6,139772263661568,5005,0,1792.72,7823.69
6,139771749859328,6006,0,2610.5,10269.6
6,139771479326720,14014,0,0,0
6,139772160901120,4004,0,2610.5,13863.9
6,139771206696960,15015,0,0,0
6,139772316090368,12012,0,1603.16,4009.84
6,139772529999872,0,0,1102.25,0
6,139771223474176,16016,0,0,0
6,139771343011840,17017,0,0,0
6,139771514978304,9009,0,0,0
6,139771598864384,2002,0,2610.5,5648.27
6,139772404170752,18018,0,1792.72,14259
6,139771359789056,9009,0,0,0
6,139772437725184,7007,0,1792.72,6533.34
6,139772186066944,3003,0,2610.5,8215.67
6,139771374469120,14014,0,0,0
6,139772313993216,9009,0,1792.72,7452.11
6,139794080333824,96096,1,49956.1,79933.4
6,139771475132416,12012,0,0,0
6,139771605155840,2002,0,2610.5,8215.67
6,139772041363456,6006,0,2610.5,10269.6
6,139772139929600,6006,0,2610.5,7769.6
6,139771789705216,5005,0,2610.5,6161.75
6,139772181872640,4004,0,2420.95,4621.31
6,139772020391936,6006,0,2610.5,10269.6
6,139771519172608,15015,0,0,0
6,139771756150784,2002,0,2610.5,8215.67
6,139771647098880,11011,0,0,0
6,139772026683392,4004,0,2610.5,6161.75
6,139771053604864,21021,0,0,0
6,139772012003328,3003,0,2610.5,11296.5
6,139771248640000,11011,0,0,0
6,139771059896320,11011,0,0,0
6,139771877785600,2002,0,2610.5,9242.63
6,139771473035264,14014,0,0,0
6,139772288827392,6006,0,1792.72,6708.93
6,139771884077056,2002,0,2610.5,8215.67
6,139771628224512,5005,0,2610.5,7188.71
6,139794076139520,114114,1,49956.1,81727.1
6,139772016197632,4004,0,2610.5,9756.11
6,139771244445696,14014,0,0,0
6,139772190261248,6006,0,2610.5,11296.5
6,139771066187776,4004,0,0,0
6,139771322040320,71071,0,0,0
6,139772035072000,7007,0,2610.5,10783.1
6,139771613544448,4004,0,2610.5,8215.67
6,139771919728640,8008,0,2610.5,8729.15
6,139771347206144,10010,0,0,0
6,139772142026752,7007,0,2610.5,4239.53
6,139771217182720,14014,0,0,0
6,139771194114048,17017,0,0,0
6,139771779219456,3003,0,2610.5,7702.19
6,139772005711872,4004,0,2610.5,12323.5
6,139771387052032,19019,0,0,0
6,139771468840960,16016,0,0,0
6,139772058140672,8008,0,2610.5,7188.71
6,139771238154240,13013,0,0,0
6,139771762442240,3003,0,2610.5,8729.15
6,139772286730240,8008,0,1792.72,8107.48
6,139772032974848,4004,0,2610.5,9756.11
6,139794074042368,149149,1,85102.7,127352
6,139771202502656,17017,0,0,0
6,139771363983360,17017,0,0,0
6,139771326234624,13013,0,0,0
6,139771642904576,20020,0,0,0
6,139772028780544,8008,0,2610.5,8215.67
6,139771911340032,3003,0,2610.5,7188.71
6,139772169289728,10010,0,2610.5,12323.5
6,139771902951424,8008,0,2610.5,7702.19
6,139772425142272,16016,0,1792.72,8239.18
6,139771873591296,8008,0,2610.5,7702.19
6,139794120179712,19019,0,10738.5,13056.5
6,139772024586240,6006,0,2610.5,6161.75
6,139771896659968,4004,0,2610.5,9756.11
6,139771378663424,15015,0,0,0
6,139771464646656,12012,0,0,0
6,139794086625280,53053,1,27657.7,38220.1
6,139772309798912,4004,0,1792.72,5114.4
6,139772297216000,6006,0,1792.72,7452.11
6,139794128568320,13013,0,11787.8,17339.9
6,139772127346688,11011,1,12605.9,32713.7
6,139772320284672,13013,0,1792.72,5550.28
6,139772276244480,10010,0,1792.72,11320.1
6,139794136956928,108108,1,44492.2,76916.8
6,139794071945216,4.25125e+07,1,4.19165e+07,2.79267e+07
6,139772043460608,1001,0,2610.5,8729.15
6,139771351400448,18018,0,0,0
6,139771594670080,2002,0,2420.95,5134.79
6,139794122276864,23023,0,10738.5,15242.1
6,139771330428928,19019,0,0,0
6,139771624030208,7007,0,2610.5,7188.71
6,139772448210944,10010,0,1792.72,11647.7
6,139772278341632,15015,0,1792.72,6938.63
6,139771733082112,5005,0,2420.95,4621.31
6,139794111791104,35035,0,17938.5,29325.5
6,139772183969792,6006,0,2610.5,12837
6,139771210891264,10010,0,0,0
6,139771768733696,5005,0,2610.5,7702.19
6,139772290924544,12012,0,1792.72,6337.35
6,139772009906176,8008,0,2610.5,8729.15
6,139794099208192,41041,0,18808.2,28288.4
6,139771739373568,3003,0,2610.5,6675.23
6,139771460452352,18018,0,0,0
6,139771724693504,1001,0,7549.49,30808.8
6,139771785510912,3003,0,2610.5,10269.6
6,139794126471168,15015,0,10738.5,14171.2
6,139772406267904,19019,0,1792.72,10992.4
6,139771609350144,3003,0,2610.5,8215.67
6,139771638710272,15015,0,1920.03,513.479
6,139794090819584,41041,0,17938.5,27883.1
6,139771227668480,13013,0,0,0
6,139772144123904,6006,0,2610.5,7124.42
6,139771861008384,6006,0,2610.5,7702.19
6,139772418850816,14014,0,1792.72,10478.9
6,139772162998272,7007,0,2610.5,8729.15
6,139794109693952,41041,0,15677.5,25545.4
6,139771745665024,6006,0,2610.5,8215.67
6,139772303507456,13013,0,1792.72,8337.17
6,139771915534336,6006,0,2610.5,13863.9
6,139771334623232,14014,0,0,0
6,139771368177664,12012,0,0,0
6,139772446113792,10010,0,1792.72,9647.92
6,139771890368512,5005,0,2610.5,10783.1
6,139771900854272,8008,0,2610.5,9756.11
6,139794082430976,64064,1,31404.1,45027
6,139772269953024,20020,0,2841.74,18410.8
6,139772171386880,12012,0,2610.5,12837
6,139772003614720,13013,0,2610.5,12323.5
6,139771189919744,12012,0,0,0
6,139772439822336,8008,0,1792.72,11276.2
6,139771196211200,15015,0,0,0
6,139772001517568,2002,0,2610.5,6161.75
6,139771879882752,4004,0,2610.5,11810
6,139794078236672,129129,1,49956.1,89155.7
6,139771456258048,87087,0,0,0
6,139772299313152,9009,0,1792.72,9080.34
6,139793937727488,0,1,9111.05,0
6,139771751956480,3003,0,2610.5,12323.5
6,139771907145728,2002,0,2610.5,10269.6
6,139772192358400,6006,0,2610.5,11296.5
6,139772177678336,8008,0,2610.5,11296.5
6,139772454502400,8008,0,1792.72,7266.31
6,139794118082560,16016,0,10738.5,17306.2
6,139771775025152,6006,0,2102.23,4107.84
6,139772022489088,3003,0,2610.5,10269.6
6,139771898757120,5005,0,2610.5,5648.27
6,139771619835904,7007,0,2610.5,8215.67
6,139771221377024,12012,0,0,0
6,139771338817536,19019,0,0,0
6,139771863105536,6006,0,2610.5,5648.27
6,139772267855872,12012,0,1792.72,5540.08
6,139771204599808,13013,0,0,0
6,139794132762624,18018,0,12510.2,18127
6,139771634515968,7007,0,2610.5,6161.75
7,139770825015296,12012,0,0,0
7,139771087159296,14014,0,0,0
7,139770938261504,13013,0,0,0
7,139771590475776,0,0,5159.11,20312.6
7,139794124374016,12012,0,12510.2,17038.1
7,139771506589696,1001,0,1792.72,13350.5
7,139772395782144,9009,0,5102.82,14560.2
7,139771485618176,2002,0,1792.72,10269.6
7,139771917631488,2002,0,1792.72,3955.74
7,139771772928000,3003,0,1603.16,3726.05
7,139794115985408,22022,0,14827.5,19100.2
7,139772020391936,1001,0,1792.72,6796.73
7,139771508686848,1001,0,1792.72,7188.71
7,139771913437184,2002,0,1792.72,3857.75
7,139770787266560,20020,0,0,0
7,139794107596800,20020,1,19790.9,25156.8
7,139771873591296,3003,0,1792.72,6894.73
7,139771894562816,2002,0,1792.72,5266.49
7,139772160901120,4004,0,1792.72,7070.32
7,139770833403904,10010,0,0,0
7,139772192358400,5005,0,1792.72,7168.32
7,139771630321664,5005,0,1792.72,5310.39
7,139771380760576,1001,0,1792.72,6675.23
7,139772133638144,9009,0,1792.72,6377.26
7,139771867299840,4004,0,1792.72,5442.09
7,139794095013888,38038,1,22487.5,29517.3
7,139772423045120,10010,0,1736.43,10492
7,139770671923200,10010,0,0,0
7,139771869396992,5005,0,1792.72,8610.76
7,139772452405248,6006,0,1736.43,9416.99
7,139770657243136,11011,0,0,0
7,139772397879296,8008,0,1736.43,10819.8
7,139770961330176,16016,0,0,0
7,139771208794112,4004,0,1792.72,9242.63
7,139771498201088,3003,0,1792.72,8729.15
7,139771462549504,0,0,1792.72,7702.19
7,139771858911232,1001,0,4168.16,14643.9
7,139772146221056,2002,0,1792.72,5248.15
7,139772529999872,0,0,1159.34,0
7,139772441919488,11011,0,1736.43,8222.73
7,139770921484288,15015,0,0,0
7,139771466743808,4004,0,1792.72,8215.67
7,139771118616576,13013,0,0,0
7,139771250737152,5005,0,1792.72,6675.23
7,139771754053632,3003,0,1792.72,5496.18
7,139770944552960,15015,0,0,0
7,139772035072000,3003,0,1792.72,7496
7,139772322381824,8008,0,1736.43,9235.34
7,139772169289728,6006,0,1792.72,9593.82
7,139770978107392,6006,0,0,0
7,139771103936512,15015,0,0,0
7,139772416753664,17017,0,1736.43,9500.47
7,139772158803968,4004,0,1792.72,8930.15
7,139794080333824,100100,1,51734,78868.7
7,139771775025152,3003,0,1792.72,4567.22
7,139771726790656,4004,0,1792.72,4611.12
7,139771095547904,16016,0,0,0
7,139770843889664,7007,0,0,0
7,139771089256448,11011,0,0,0
7,139771229765632,1001,0,1792.72,7702.19
7,139771615641600,2002,0,1792.72,6239.35
7,139771053604864,56056,0,2610.5,10783.1
7,139772051849216,7007,0,1792.72,4239.53
7,139772427239424,9009,0,1736.43,9899.02
7,139794076139520,105105,1,58796.7,88991
7,139771336720384,2002,0,1603.16,5134.79
7,139771359789056,4004,0,1603.16,4621.31
7,139771061993472,5005,0,2610.5,6161.75
7,139771611447296,3003,0,1792.72,6752.83
7,139770934067200,15015,0,0,0
7,139772429336576,10010,0,1736.43,6417.01
7,139771655487488,2002,0,1792.72,6161.75
7,139794074042368,167167,1,110042,123710
7,139771194114048,1001,0,1792.72,8729.15
7,139771861008384,2002,0,1792.72,5867.77
7,139771638710272,1001,0,1792.72,7887.99
7,139770812432384,10010,0,0,0
7,139771068284928,12012,0,0,0
7,139771915534336,3003,0,1792.72,8097.28
7,139770801946624,8008,0,0,0
7,139771724693504,2002,0,2119.39,11661
7,139771082964992,18018,0,0,0
7,139771923922944,6006,0,1792.72,4698.92
7,139772431433728,9009,1,1736.43,11921.8
7,139772307701760,3003,0,1736.43,7247.98
7,139771326234624,3003,0,1792.72,6675.23
7,139770820820992,13013,0,0,0
7,139772446113792,12012,0,1736.43,8752.98
7,139771619835904,1001,0,1792.72,6567.04
7,139772183969792,1001,0,1792.72,7725.7
7,139772039266304,3003,0,1792.72,4327.33
7,139772399976448,18018,1,5102.82,16527.4
7,139772435628032,12012,0,1736.43,6275.11
7,139770667728896,13013,0,0,0
7,139772456599552,9009,0,1736.43,3699.25
7,139770967621632,15015,0,0,0
7,139794086625280,53053,1,31404.1,41536.8
7,139770950844416,12012,0,0,0
7,139772408365056,3003,0,1736.43,9447.94
7,139771376566272,1001,0,1792.72,6161.75
7,139772003614720,4004,0,1792.72,11134.3
7,139772041363456,1001,0,1792.72,6796.73
7,139771728887808,1001,0,1792.72,5681.98
7,139771106033664,13013,0,0,0
7,139770653048832,8008,0,0,0
7,139771871494144,1001,0,1102.25,1955.92
7,139770829209600,20020,0,0,0
7,139772414656512,5005,0,1736.43,10329
7,139772274147328,5005,0,1736.43,6611.27
7,139771244445696,6006,0,1792.72,7188.71
7,139771353497600,3003,0,1792.72,10269.6
7,139771349303296,2002,0,1792.72,8215.67
7,139772272050176,6006,0,1736.43,8345.96
7,139771248640000,3003,0,1792.72,5648.27
7,139772037169152,4004,0,1792.72,6610.94
7,139771366080512,0,0,1792.72,7702.19
7,139771456258048,1001,0,13605.4,44672.7
7,139771905048576,1001,0,1792.72,3813.85
7,139772047654912,2002,0,1792.72,5627.88
7,139772043460608,3003,0,1792.72,3671.96
7,139794128568320,21021,0,11787.8,13164.1
7,139772053946368,3003,0,1603.16,4381.43
7,139771921825792,0,0,1792.72,5540.08
7,139770984398848,11011,0,0,0
7,139771382857728,2002,0,1792.72,6161.75
7,139771762442240,3003,0,1792.72,4698.92
7,139771777122304,5005,0,1792.72,5212.4
7,139771347206144,2002,0,1603.16,5134.79
7,139772267855872,9009,0,1736.43,8293.6
7,139772263661568,11011,0,1736.43,5557.34
7,139771116519424,12012,0,0,0
7,139772137832448,1001,0,1792.72,5266.65
7,139771502395392,2002,0,1792.72,8215.67
7,139772326576128,7007,0,1736.43,5659.49
7,139772324478976,9009,0,1736.43,4319.03
7,139794136956928,121121,1,51734,83787.8
7,139772165095424,5005,0,1792.72,6654.84
7,139770839695360,9009,0,0,0
7,139772148318208,2002,0,1792.72,8880.69
7,139771751956480,2002,0,1792.72,5999.46
7,139772297216000,6006,0,1736.43,5920.46
7,139770929872896,13013,0,0,0
7,139771206696960,5005,0,1792.72,7702.19
7,139771600961536,1001,0,1792.72,5124.6
7,139772030877696,5005,0,1792.72,8894.55
7,139772173484032,2002,0,1792.72,5955.57
7,139772420947968,13013,0,1736.43,8867.91
7,139794071945216,3.9991e+07,1,4.23509e+07,3.22896e+07
7,139771489812480,2002,0,1792.72,10783.1
7,139771592572928,2002,0,1792.72,4600.92
7,139771458355200,3003,0,1792.72,6161.75
7,139772295118848,7007,0,1736.43,6951.57
7,139770957135872,13013,0,0,0
7,139772175581184,4004,0,1792.72,6708.93
7,139771875688448,3003,0,1792.72,5070.5
7,139772410462208,10010,1,1736.43,13470.6
7,139772318187520,1001,0,1736.43,13042.5
7,139772402073600,10010,1,4111.87,16005.3
7,139772186066944,6006,0,1792.72,4513.12
7,139794122276864,21021,0,12510.2,17516
7,139770973913088,10010,0,0,0
7,139770663534592,11011,0,0,0
7,139771223474176,2002,0,1792.72,8215.67
7,139772305604608,7007,0,1736.43,6611.27
7,139771896659968,7007,0,1792.72,5583.98
7,139771387052032,3003,0,1792.72,9756.11
7,139771101839360,11011,0,0,0
7,139770678214656,11011,0,0,0
7,139771093450752,30030,0,0,0
7,139771886174208,1001,0,1603.16,4195.63
7,139770808238080,16016,0,0,0
7,139770940358656,9009,0,0,0
7,139771884077056,0,0,1792.72,3999.64
7,139772150415360,1001,0,1792.72,7823.85
7,139794111791104,28028,1,22487.5,28892.9
7,139771628224512,4004,0,1792.72,5168.5
7,139770850181120,5005,0,0,0
7,139771783413760,2002,0,1792.72,4611.12
7,139772313993216,9009,0,1736.43,7460.9
7,139770797752320,14014,0,0,0
7,139772293021696,7007,0,1736.43,6041.11
7,139771877785600,4004,0,1792.72,4371.23
7,139771865202688,7007,0,1792.72,4141.54
7,139771919728640,2002,0,1792.72,7266.31
7,139771995226112,2002,0,1792.72,5310.39
7,139772286730240,2002,0,1736.43,7168.65
7,139772177678336,3003,0,1792.72,8195.28
7,139794090819584,35035,1,25027.4,31412.1
7,139771099742208,17017,0,0,0
7,139772437725184,5005,0,1736.43,5974.23
7,139771607252992,0,0,1792.72,4185.44
7,139771730984960,1001,0,1792.72,5354.29
7,139771902951424,2002,0,1792.72,6894.73
7,139771766636544,7007,0,1792.72,6381.25
7,139772261564416,15015,0,5102.82,13197.2
7,139772181872640,7007,0,1603.16,3726.05
7,139770789363712,14014,0,0,0
7,139771737276416,1001,0,1792.72,4796.91
7,139772288827392,3003,0,1736.43,5619.74
7,139772276244480,5005,0,1736.43,9429.6
7,139794109693952,41041,1,22487.5,30598
7,139771743567872,2002,0,1792.72,5266.49
7,139772152512512,6006,0,1792.72,5991.49
7,139770963427328,14014,0,0,0
7,139772028780544,3003,0,1792.72,7080.52
7,139772012003328,3003,0,1792.72,5627.88
7,139772032974848,6006,0,1792.72,5583.98
7,139772005711872,9009,0,1792.72,6512.94
7,139772026683392,4004,0,1792.72,4283.43
7,139770835501056,14014,0,0,0
7,139772404170752,26026,1,2063.1,14616.8
7,139772406267904,14014,0,2188.82,13940.3
7,139770946650112,18018,0,0,0
7,139794082430976,70070,1,38185.9,49719.6
7,139772022489088,5005,0,1792.72,5256.29
7,139772139929600,3003,0,1792.72,6114.88
7,139771911340032,2002,0,1792.72,4141.54
7,139770980204544,7007,0,0,0
7,139770659340288,17017,0,0,0
7,139770674020352,9009,0,0,0
7,139771632418816,1001,0,1792.72,5354.29
7,139771227668480,5005,0,1792.72,6675.23
7,139772418850816,11011,0,1736.43,11187.1
7,139772303507456,5005,0,1736.43,9850.97
7,139772299313152,7007,0,1736.43,8097.77
7,139771785510912,0,0,1792.72,5256.29
7,139771598864384,1001,0,1603.16,3070.68
7,139771756150784,4004,0,1792.72,3999.64
7,139771651293184,2002,0,1792.72,7702.19
7,139772058140672,4004,0,1792.72,6708.93
7,139771334623232,5005,0,1792.72,7188.71
7,139771617738752,5005,0,1603.16,3911.85
7,139772127346688,3003,1,8270.1,17962.4
7,139771510784000,4004,0,1792.72,9756.11
7,139771789705216,3003,0,1792.72,4796.91
7,139772290924544,6006,0,1736.43,8550.26
7,139771605155840,2002,0,1792.72,3999.64
7,139772190261248,6006,0,1792.72,7168.32
7,139771900854272,2002,0,1792.72,7637.9
7,139772425142272,5005,0,1736.43,11395.7
7,139771481423872,1001,0,1792.72,8215.67
7,139771059896320,2002,0,2610.5,5648.27
7,139771999420416,1001,0,1792.72,6097.46
7,139771735179264,5005,0,1792.72,3857.75
7,139771890368512,3003,0,1792.72,6469.05
7,139771749859328,3003,0,1792.72,6796.73
7,139771487715328,1001,0,1792.72,9756.11
7,139772171386880,6006,0,1792.72,10806.6
7,139770845986816,5005,0,0,0
7,139772024586240,1001,0,1792.72,5310.39
7,139772448210944,7007,0,1736.43,9540.22
7,139771779219456,3003,0,1792.72,4327.33
7,139771221377024,3003,0,1792.72,6161.75
7,139771475132416,1001,0,1792.72,6161.75
7,139772444016640,8008,0,1736.43,8345.96
7,139771196211200,0,0,1792.72,7702.19
7,139771613544448,3003,0,1792.72,5026.6
7,139771514978304,3003,0,1603.16,4621.31
7,139772142026752,5005,0,1792.72,5199.94
7,139770814529536,10010,0,0,0
7,139771072479232,9009,0,0,0
7,139770804043776,10010,0,0,0
7,139771242348544,2002,0,1792.72,6675.23
7,139793937727488,0,1,9111.05,0
7,139772269953024,13013,1,4111.87,17169.8
7,139771594670080,5005,0,1284.45,2884.89
7,139771519172608,3003,0,1792.72,7702.19
7,139770952941568,8008,0,0,0
7,139770969718784,17017,0,0,0
7,139771733082112,3003,0,1792.72,4239.53
7,139772009906176,5005,0,1792.72,7266.31
7,139772439822336,12012,0,1736.43,8362.9
7,139770822918144,7007,0,0,0
7,139770919387136,71071,0,0,0
7,139771764539392,3003,0,1792.72,5540.08
7,139770793558016,8008,0,0,0
7,139771468840960,2002,0,1792.72,8215.67
7,139771642904576,2002,0,1792.72,10269.6
7,139771768733696,1001,0,1792.72,5354.29
7,139771504492544,3003,0,1792.72,7702.19
7,139794078236672,109109,1,82228.3,99325.4
7,139771322040320,2002,0,9139.76,36457
7,139772412559360,10010,1,1736.43,11917.5
7,139771745665024,3003,0,1792.72,6053.56
7,139772320284672,2002,0,1736.43,8723.27
7,139771879882752,2002,0,1792.72,6327.15
7,139771231862784,3003,0,1792.72,7188.71
7,139771888271360,2002,0,1792.72,5026.6
7,139771624030208,0,0,1792.72,6195.46
7,139772014100480,7007,0,1792.72,5725.87
7,139770669826048,10010,0,0,0
7,139772284633088,3003,0,1736.43,8615.4
7,139770831306752,14014,0,0,0
7,139770936164352,12012,0,0,0
7,139771907145728,1001,0,1792.72,4742.81
7,139770655145984,7007,0,0,0
7,139771372371968,7007,0,1792.72,7702.19
7,139770785169408,65065,0,0,0
7,139794118082560,28028,0,11787.8,14581
7,139771787608064,1001,0,1792.72,5823.87
7,139771114422272,18018,0,0,0
7,139771460452352,2002,0,1792.72,9242.63
7,139771363983360,2002,0,1792.72,8729.15
7,139771747762176,2002,0,1792.72,4884.71
7,139771649196032,1001,0,1792.72,9242.63
7,139771464646656,1001,0,1792.72,6161.75
7,139771215085568,5005,0,1792.72,7188.71
7,139771330428928,1001,0,1792.72,9756.11
7,139771378663424,3003,0,1792.72,7702.19
7,139771351400448,2002,0,1792.72,9242.63
7,139772056043520,6006,0,1284.45,2229.51
7,139771246542848,3003,0,1603.16,5134.79
7,139794132762624,15015,0,13836.6,16072
7,139772154609664,4004,0,1792.72,9195.43
7,139771097645056,15015,0,0,0
7,139770959233024,9009,0,0,0
7,139771645001728,6006,0,1792.72,6675.23
7,139770841792512,9009,0,0,0
7,139770923581440,14014,0,0,0
7,139771517075456,2002,0,1603.16,5134.79
7,139771621933056,4004,0,1603.16,3442.27
7,139771634515968,4004,0,1792.72,5823.87
7,139771603058688,0,0,1792.72,7266.31
7,139771345108992,1001,0,1792.72,9242.63
7,139770976010240,17017,0,0,0
7,139771892465664,3003,0,1792.72,6567.04
7,139771074576384,14014,0,0,0
7,139771210891264,1001,0,1603.16,5134.79
7,139771236057088,2002,0,1792.72,7188.71
7,139770942455808,13013,0,0,0
7,139771355594752,0,0,1792.72,5648.27
7,139772131540992,5005,0,1792.72,6611.27
7,139771521269760,1001,0,1792.72,12323.5
7,139771741470720,4004,0,1792.72,5212.4
7,139771477229568,1001,0,1792.72,8729.15
7,139771640807424,5005,0,1792.72,8729.15
7,139771909242880,2002,0,1792.72,7921.69
7,139771189919744,3003,0,1792.72,6161.75
7,139771338817536,4004,0,1792.72,9756.11
7,139772454502400,9009,0,1736.43,6872.24
7,139771108130816,19019,0,0,0
7,139770810335232,15015,0,0,0
7,139771085062144,12012,0,0,0
7,139771483521024,2002,0,1792.72,5648.27
7,139772450308096,6006,0,1736.43,7438.08
7,139772179775488,4004,0,1792.72,9725.52
7,139770665631744,7007,0,0,0
7,139770818723840,10010,0,0,0
7,139770799849472,17017,0,0,0
7,139771328331776,1001,0,1792.72,6675.23
7,139771479326720,0,0,1792.72,7188.71
7,139772460793856,6006,0,1736.43,6646.7
7,139772018294784,7007,0,1792.72,3813.85
7,139772135735296,6006,0,1792.72,8669.34
7,139770680311808,4004,0,0,0
7,139771198308352,3003,0,1792.72,5648.27
7,139772129443840,7007,0,1792.72,6899.21
7,139771204599808,1001,0,1792.72,6675.23
7,139771626127360,0,0,1792.72,4655.02
7,139770650951680,40040,0,0,0
7,139771225571328,2002,0,1284.45,3594.36
7,139771473035264,3003,0,1792.72,7188.71
7,139771357691904,1001,0,1792.72,8215.67
7,139771066187776,9009,0,1920.03,2053.92
7,139770827112448,12012,0,0,0
7,139770791460864,10010,0,0,0
7,139770925678592,11011,0,0,0
7,139772301410304,5005,0,1736.43,4853.75
7,139771770830848,3003,0,1792.72,4371.23
7,139772316090368,7007,0,1736.43,7652.41
7,139770965524480,16016,0,0,0
7,139772188164096,2002,0,1792.72,7256.12
7,139772144123904,5005,0,1792.72,5809.85
7,139771898757120,2002,0,1792.72,4611.12
7,139771609350144,4004,0,1792.72,4513.12
7,139772162998272,7007,0,1792.72,6752.83
7,139771494006784,1001,0,1603.16,5134.79
7,139770948747264,15015,0,0,0
7,139771212988416,6006,0,1792.72,8215.67
7,139771110227968,13013,0,0,0
7,139771739373568,5005,0,1792.72,3955.74
7,139772049752064,0,0,1792.72,4185.44
7,139771368177664,3003,0,1792.72,6161.75
7,139771324137472,1001,0,1792.72,6161.75
7,139772007809024,4004,0,1792.72,5725.87
7,139771647098880,3003,0,1792.72,5648.27
7,139771512881152,2002,0,1102.25,2053.92
7,139772167192576,6006,0,1792.72,4884.71
7,139771217182720,4004,0,1792.72,7188.71
7,139772278341632,7007,0,1736.43,10356
7,139771332526080,3003,0,1792.72,6675.23
7,139770927775744,17017,0,0,0
7,139770837598208,12012,0,0,0
7,139771202502656,3003,0,1792.72,8729.15
7,139770982301696,14014,0,0,0
7,139771343011840,3003,0,1792.72,8729.15
7,139771384954880,2002,0,1792.72,5648.27
7,139771252834304,1001,0,1792.72,6675.23
7,139772156706816,4004,0,1792.72,7337.51
7,139771057799168,2002,0,2610.5,7702.19
7,139794134859776,21021,0,12510.2,16622.5
7,139772311896064,9009,0,1736.43,6947.42
7,139771192016896,3003,0,1603.16,5134.79
7,139794084528128,67067,1,42211.5,55675.4
7,139771997323264,5005,0,1792.72,9222.24
7,139771881979904,3003,0,1792.72,4796.91
7,139794088722432,53053,1,38185.9,51159.5
7,139771112325120,14014,0,0,0
7,139772001517568,6006,0,1603.16,3256.47
7,139794120179712,21021,0,11190.9,14599.7
7,139772433530880,9009,1,1736.43,12487.7
7,139770931970048,10010,0,0,0
7,139794130665472,16016,0,12510.2,15337.3
7,139771863105536,1001,0,1792.72,5124.6
7,139771758247936,1001,0,1792.72,3300.37
7,139771187822592,5005,0,10122.5,36970.5
7,139794097111040,38038,1,25027.4,30592.3
7,139771781316608,2002,0,1792.72,4513.12
7,139770661437440,12012,0,0,0
7,139771653390336,5005,0,1792.72,6675.23
7,139794126471168,19019,0,10738.5,12996.8
7,139771055702016,0,0,2610.5,7188.71
7,139770676117504,18018,0,0,0
7,139772265758720,10010,0,1736.43,6761.63
7,139771240251392,2002,0,1792.72,7702.19
7,139794105499648,32032,0,18808.2,23426.3
7,139771636613120,4004,0,1792.72,6009.66
7,139771370274816,2002,0,1792.72,6161.75
7,139771078770688,18018,0,0,0
7,139772458696704,6006,0,1736.43,7406.97
7,139771064090624,1001,0,2102.23,3594.36
7,139772282535936,2002,0,1736.43,8145.82
7,139771070382080,23023,0,0,0
7,139794101305344,39039,1,22487.5,28865.9
7,139772045557760,7007,0,1792.72,8239.18
7,139771374469120,1001,0,1792.72,7188.71
7,139772016197632,2002,0,1792.72,5583.98
7,139771596767232,3003,0,1792.72,5769.77
7,139771496103936,1001,0,1792.72,13350.5
7,139770955038720,12012,0,0,0
7,139794099208192,29029,1,25027.4,31686
7,139771361886208,2002,0,1792.72,8729.15
7,139770848083968,8008,0,0,0
7,139771238154240,0,0,1792.72,6675.23
7,139771491909632,1001,0,1792.72,9756.11
7,139770971815936,13013,0,0,0
7,139794103402496,40040,1,27657.7,35416.2
7,139771080867840,17017,0,0,0
7,139770806140928,11011,0,0,0
7,139770816626688,6006,0,0,0
7,139771219279872,6006,0,1792.72,6161.75
7,139771076673536,14014,0,0,0
7,139771200405504,5005,0,1792.72,8729.15
7,139772280438784,6006,0,1736.43,6982.85
7,139771470938112,3003,0,1792.72,8215.67
7,139794092916736,51051,1,29358.6,37863.1
7,139771760345088,5005,0,1792.72,5496.18
7,139771091353600,10010,0,0,0
7,139771993128960,6006,0,6009.06,19157.1
7,139771233959936,1001,0,1792.72,6675.23
7,139772309798912,3003,0,1736.43,4079.47
7,139771340914688,1001,0,1792.72,9756.11
7,139771500298240,3003,0,1792.72,5648.27
7,139770795655168,21021,0,0,0
7,139794113888256,23023,1,17938.5,25300.1
8,139770825015296,2002,0,2610.5,6161.75
8,139771087159296,0,0,2610.5,7188.71
8,139770938261504,2002,0,2610.5,6675.23
8,139771590475776,2002,0,1792.72,7691.77
8,139770260881408,10010,0,0,0
8,139794124374016,34034,0,11787.8,12749.4
8,139771506589696,6006,0,1792.72,5344.09
8,139772395782144,10010,0,2785.45,10794.9
8,139771485618176,6006,0,1792.72,4742.81
8,139771917631488,3003,0,1603.16,2561.68
8,139771772928000,4004,0,1603.16,2960.23
8,139794115985408,22022,0,14827.5,18603.8
8,139772020391936,1001,0,1792.72,3131.84
8,139770556579840,8008,0,0,0
8,139771508686848,4004,0,1603.16,3114.58
8,139771913437184,3003,0,1603.16,2565.99
8,139770787266560,3003,0,2610.5,10269.6
8,139794107596800,39039,1,18808.2,20145.2
8,139771873591296,5005,0,1792.72,4154.48
8,139771894562816,5005,0,1603.16,3004.13
8,139772160901120,5005,0,1792.72,4826.95
8,139770833403904,1001,0,2420.95,5134.79
8,139772192358400,7007,0,1792.72,5336.12
8,139771630321664,5005,0,1792.72,4584.32
8,139771380760576,0,0,1603.16,2928.79
8,139772133638144,15015,0,1792.72,7076.91
8,139771867299840,4004,0,1792.72,4190.08
8,139794095013888,39039,1,27657.7,30978.9
8,139772423045120,13013,1,1736.43,9269
8,139770527219712,15015,0,0,0
8,139770265075712,12012,0,0,0
8,139770671923200,3003,0,2420.95,5134.79
8,139771869396992,6006,0,1792.72,5897.81
8,139772452405248,10010,0,1736.43,6799.98
8,139770657243136,2002,0,2610.5,5648.27
8,139772397879296,15015,1,1736.43,8383.78
8,139770961330176,6006,0,2610.5,8215.67
8,139771208794112,4004,0,1792.72,5398.19
8,139771498201088,3003,0,1792.72,4698.92
8,139771462549504,4004,0,1603.16,2786.89
8,139771858911232,5005,0,1792.72,6329.15
8,139772146221056,6006,0,1792.72,3111.51
8,139770705477632,13013,0,0,0
8,139772529999872,0,0,1159.34,0
8,139770552385536,24024,0,0,0
8,139772441919488,12012,0,1736.43,8844.35
8,139770921484288,4004,0,2610.5,7702.19
8,139771466743808,6006,0,1792.72,5026.6
8,139771118616576,3003,0,2610.5,6675.23
8,139771250737152,4004,0,1792.72,4982.7
8,139771754053632,2002,0,1792.72,3632.54
8,139770944552960,3003,0,2610.5,7702.19
8,139772035072000,6006,0,1792.72,4419.77
8,139770686603264,7007,0,0,0
8,139772322381824,6006,1,1736.43,7755.53
8,139772169289728,2002,0,1792.72,6743.13
8,139770978107392,2002,0,1920.03,3080.88
8,139771103936512,2002,0,2610.5,7702.19
8,139772416753664,14014,1,1736.43,12492.9
8,139772158803968,5005,0,1792.72,5487.39
8,139794080333824,86086,1,68091.4,81694.9
8,139771775025152,3003,0,1603.16,3256.64
8,139771726790656,3003,0,1792.72,3809.86
8,139771095547904,2002,0,2610.5,8215.67
8,139770269270016,8008,0,0,0
8,139770843889664,4004,0,2102.23,3594.36
8,139771089256448,1001,0,2610.5,5648.27
8,139771229765632,3003,0,1792.72,3300.37
8,139771615641600,5005,0,1792.72,3419.78
8,139771053604864,1001,0,10680.2,32656.5
8,139772051849216,8008,0,1792.72,5199.94
8,139772427239424,9009,1,1736.43,8497.78
8,139794076139520,118118,1,82228.3,88154.8
8,139770407682048,12012,0,0,0
8,139770413973504,18018,0,0,0
8,139770403487744,9009,0,0,0
8,139771336720384,3003,0,1284.45,2884.89
8,139771359789056,4004,0,1603.16,3726.05
8,139770418167808,15015,0,0,0
8,139770523025408,13013,0,0,0
8,139771061993472,2002,0,2610.5,4796.91
8,139770399293440,12012,0,0,0
8,139770548191232,15015,0,0,0
8,139771611447296,3003,0,1792.72,4119.05
8,139770934067200,0,0,2610.5,7702.19
8,139772429336576,10010,0,1736.43,7626.36
8,139770420264960,14014,0,0,0
8,139771655487488,6006,0,1603.16,3256.47
8,139794074042368,156156,1,118319,133469
8,139771194114048,4004,0,1792.72,3671.96
8,139770395099136,12012,0,0,0
8,139771861008384,1001,0,1792.72,3269.42
8,139771638710272,3003,0,1792.72,3375.55
8,139770812432384,1001,0,2420.95,5134.79
8,139771068284928,2002,0,2610.5,6161.75
8,139770424459264,11011,0,0,0
8,139771915534336,4004,0,1792.72,4685.06
8,139770801946624,0,0,2102.23,4107.84
8,139771724693504,2002,0,1792.72,5723.56
8,139771082964992,3003,0,2610.5,9242.63
8,139771923922944,6006,0,1792.72,4916.32
8,139772431433728,8008,1,1736.43,9274.77
8,139770390904832,13013,0,0,0
8,139772307701760,11011,0,1736.43,4412.22
8,139771326234624,4004,0,1792.72,3955.74
8,139770820820992,4004,0,2610.5,6675.23
8,139770273464320,16016,0,0,0
8,139772446113792,6006,1,1736.43,9589.84
8,139770428653568,15015,0,0,0
8,139771619835904,6006,0,1792.72,3016.91
8,139772183969792,6006,0,1792.72,3507.74
8,139770701283328,10010,0,0,0
8,139772039266304,7007,0,1792.72,3225.52
8,139772399976448,17017,1,5102.82,15833
8,139770388807680,9009,0,0,0
8,139772435628032,13013,0,1736.43,8617.89
8,139770667728896,2002,0,2610.5,6675.23
8,139772456599552,9009,0,1736.43,6109.82
8,139770967621632,4004,0,2610.5,7702.19
8,139794086625280,55055,1,38185.9,43268
8,139770950844416,1001,0,2610.5,6161.75
8,139772408365056,10010,0,1736.43,5194.6
8,139770432847872,11011,0,0,0
8,139771376566272,4004,0,1603.16,2742.99
8,139772003614720,5005,0,1792.72,6273.55
8,139772041363456,3003,0,1792.72,3131.84
8,139770543996928,14014,0,0,0
8,139771728887808,5005,0,1792.72,2680.76
8,139771106033664,1001,0,2610.5,6675.23
8,139770653048832,2002,0,2102.23,4107.84
8,139771871494144,3003,0,1102.25,1260.97
8,139770829209600,3003,0,2610.5,10269.6
8,139770384613376,19019,0,0,0
8,139772414656512,7007,0,1736.43,6585.06
8,139770682408960,14014,0,0,0
8,139772274147328,9009,0,1736.43,5172.82
8,139771244445696,1001,0,1792.72,5681.98
8,139771353497600,2002,0,1792.72,5256.29
8,139770518831104,16016,0,0,0
8,139770437042176,13013,0,0,0
8,139771349303296,2002,0,1792.72,3999.64
8,139772272050176,9009,1,1736.43,6357.52
8,139771248640000,0,0,1603.16,3584.16
8,139772037169152,1001,0,1792.72,4597.1
8,139771366080512,5005,0,1603.16,2786.89
8,139771456258048,2002,0,6009.06,16677.4
8,139770277658624,10010,0,0,0
8,139771905048576,5005,0,1603.16,2012.77
8,139770581745664,17017,0,0,0
8,139772047654912,3003,0,1792.72,3238.3
8,139772043460608,2002,0,1792.72,3004.29
8,139794128568320,20020,0,13836.6,16003.1
8,139772053946368,4004,0,1603.16,3181.46
8,139771921825792,3003,0,1603.16,2131.85
8,139770984398848,5005,0,2610.5,5648.27
8,139771382857728,0,0,1603.16,3256.47
8,139771762442240,3003,0,1792.72,3375.88
8,139770441236480,13013,0,0,0
8,139771777122304,3003,0,1792.72,4588.63
8,139771347206144,0,0,1284.45,2884.89
8,139772267855872,5005,0,1736.43,7819.54
8,139772263661568,16016,0,1736.43,7919.7
8,139771116519424,5005,0,2610.5,6161.75
8,139772137832448,7007,0,1603.16,2521.77
8,139771502395392,2002,0,1792.72,3999.64
8,139772326576128,12012,0,1736.43,5865.24
8,139772324478976,7007,0,1736.43,6298.85
8,139794136956928,123123,1,82228.3,94078.7
8,139770539802624,16016,0,0,0
8,139772165095424,5005,0,1792.72,5150.32
8,139770839695360,4004,0,2420.95,4621.31
8,139772148318208,4004,1,1792.72,4601.63
8,139771751956480,3003,0,1792.72,3388.66
8,139772297216000,5005,0,1736.43,5463.99
8,139770445430784,10010,0,0,0
8,139770929872896,1001,0,2610.5,6675.23
8,139771206696960,2002,0,1792.72,5354.29
8,139771600961536,2002,0,1603.16,2455.22
8,139770697089024,21021,0,0,0
8,139772030877696,1001,0,1792.72,5968.67
8,139772173484032,6006,0,1792.72,3348.91
8,139772420947968,11011,1,1736.43,10176.3
8,139794071945216,4.17567e+07,1,4.38548e+07,3.29608e+07
8,139771489812480,5005,0,1792.72,4928.61
8,139771592572928,6006,0,1792.72,2866.71
8,139771458355200,2002,0,1792.72,3769.95
8,139772295118848,9009,0,1736.43,6352.83
8,139770575454208,8008,0,0,0
8,139770281852928,7007,0,0,0
8,139770957135872,3003,0,2610.5,6675.23
8,139772175581184,4004,0,1792.72,4592.78
8,139771875688448,8008,0,1792.72,3526.24
8,139770715963392,16016,0,0,0
8,139772410462208,11011,1,1736.43,10353.2
8,139772318187520,5005,0,1736.43,5499.31
8,139772402073600,13013,1,2063.1,11469.6
8,139772186066944,8008,0,1792.72,4841.14
8,139770248298496,36036,0,0,0
8,139794122276864,27027,0,14827.5,17524.3
8,139770973913088,5005,0,2420.95,5134.79
8,139770663534592,4004,0,2610.5,5648.27
8,139771223474176,1001,0,1792.72,3999.64
8,139772305604608,10010,0,1736.43,6199.78
8,139771896659968,4004,0,1792.72,5765.95
8,139771387052032,4004,0,1792.72,5070.5
8,139771101839360,3003,0,2610.5,5648.27
8,139770535608320,12012,0,0,0
8,139770678214656,2002,0,2610.5,5648.27
8,139770571259904,15015,0,0,0
8,139771093450752,3003,0,2610.5,15404.4
8,139771886174208,5005,0,1284.45,2079.32
8,139770808238080,4004,0,2610.5,8215.67
8,139770940358656,3003,0,2420.95,4621.31
8,139771884077056,4004,0,1284.45,1574.47
8,139772150415360,5005,0,1792.72,3534.54
8,139794111791104,34034,1,22487.5,25557.9
8,139771628224512,4004,0,1792.72,4035.4
8,139770850181120,5005,0,1920.03,2567.4
8,139771783413760,5005,0,1603.16,2782.9
8,139772313993216,3003,0,1736.43,7561.81
8,139770252492800,19019,0,0,0
8,139770797752320,1001,0,2610.5,7188.71
8,139772293021696,12012,0,1736.43,5900.67
8,139771877785600,3003,0,1792.72,3778.75
8,139771865202688,7007,0,1792.72,5204.26
8,139771919728640,5005,0,1792.72,3791.36
8,139770286047232,1001,0,0,0
8,139771995226112,8008,0,1792.72,3043.88
8,139772286730240,10010,0,1736.43,3857.92
8,139772177678336,4004,0,1792.72,4680.74
8,139794090819584,43043,1,27657.7,30006.6
8,139770567065600,14014,0,0,0
8,139771099742208,2002,0,2610.5,8729.15
8,139772437725184,18018,0,1736.43,4844.21
8,139771607252992,4004,0,1284.45,1649.65
8,139771730984960,3003,0,1792.72,2570.14
8,139771902951424,3003,0,1792.72,3641
8,139771766636544,3003,0,1792.72,6022.61
8,139772261564416,1001,0,4111.87,13386.1
8,139770692894720,15015,0,0,0
8,139772181872640,3003,0,1792.72,5014.15
8,139770789363712,4004,0,2610.5,7188.71
8,139771737276416,1001,0,1603.16,2344.6
8,139770256687104,11011,0,0,0
8,139770711769088,13013,0,0,0
8,139772288827392,5005,0,1736.43,3775.35
8,139772276244480,11011,1,1736.43,6328.94
8,139794109693952,40040,1,27657.7,32784.6
8,139771743567872,7007,0,1603.16,3004.13
8,139772152512512,11011,0,1792.72,5497.27
8,139770963427328,2002,0,2610.5,7188.71
8,139772028780544,4004,0,1792.72,4229.66
8,139770562871296,12012,0,0,0
8,139772012003328,6006,0,1792.72,3751.78
8,139772032974848,5005,0,1792.72,5252.47
8,139772005711872,4004,0,1792.72,7168.81
8,139772026683392,6006,0,1792.72,3699.25
8,139770835501056,0,0,2610.5,7188.71
8,139772404170752,25025,1,5102.82,19048.4
8,139772406267904,9009,1,2188.82,12584.3
8,139770946650112,2002,0,2610.5,9242.63
8,139794082430976,50050,1,44492.2,55126.1
8,139772022489088,3003,0,1792.72,4628.38
8,139770258784256,10010,0,0,0
8,139772139929600,7007,0,1792.72,4068.52
8,139771911340032,3003,0,1603.16,2636.86
8,139770980204544,1001,0,2102.23,3594.36
8,139770659340288,6006,0,2610.5,8729.15
8,139770674020352,6006,0,2420.95,4621.31
8,139771632418816,5005,0,1792.72,2570.14
8,139771227668480,1001,0,1792.72,4982.7
8,139772418850816,16016,1,1736.43,10039.7
8,139772303507456,8008,0,1736.43,6400.34
8,139772299313152,3003,1,1736.43,6832.34
8,139771785510912,5005,0,1792.72,2060.98
8,139770558676992,9009,0,0,0
8,139771598864384,4004,0,1284.45,1712.05
8,139771756150784,4004,0,1792.72,3628.39
8,139771651293184,3003,0,1792.72,3813.85
8,139772058140672,2002,0,1792.72,4592.78
8,139771334623232,5005,0,1792.72,5168.5
8,139771617738752,2002,0,1792.72,4062.37
8,139772127346688,1001,1,2841.74,8964.78
8,139771510784000,4004,0,1792.72,5583.98
8,139771789705216,7007,0,1792.72,3371.56
8,139770529316864,13013,0,0,0
8,139772290924544,5005,0,1736.43,6356.44
8,139771605155840,6006,0,1603.16,2601.43
8,139772190261248,4004,0,1792.72,5849.6
8,139771900854272,8008,0,1792.72,3941.72
8,139772425142272,16016,0,1736.43,6992.62
8,139771481423872,3003,0,1792.72,3486.16
8,139771059896320,3003,0,2420.95,3070.68
8,139771999420416,6006,0,1792.72,2870.87
8,139771735179264,6006,0,1792.72,4106.43
8,139771890368512,5005,0,1792.72,4048.18
8,139771749859328,4004,0,1792.72,4158.8
8,139770262978560,13013,0,0,0
8,139770707574784,14014,0,0,0
8,139771487715328,0,0,1792.72,4043.54
8,139772171386880,8008,0,1792.72,7189.89
8,139770845986816,5005,0,1920.03,2567.4
8,139772024586240,3003,0,1603.16,2530.4
8,139770688700416,20020,0,0,0
8,139772448210944,14014,1,1736.43,7394.03
8,139771779219456,3003,0,1792.72,3225.52
8,139771221377024,1001,0,1792.72,3769.95
8,139771475132416,3003,0,1603.16,2742.99
8,139772444016640,14014,1,1736.43,7384.48
8,139771196211200,1001,0,1603.16,2786.89
8,139770554482688,6006,0,0,0
8,139771613544448,6006,0,1792.72,3486.49
8,139771514978304,2002,0,1603.16,3212.57
8,139772142026752,5005,0,1792.72,4577.31
8,139770814529536,8008,0,2420.95,5134.79
8,139771072479232,5005,0,2420.95,4621.31
8,139770804043776,4004,0,2420.95,5134.79
8,139771242348544,1001,0,1603.16,3442.27
8,139793937727488,0,1,9111.05,0
8,139772269953024,12012,1,2785.45,13382.1
8,139771594670080,3003,0,1603.16,3690.78
8,139771519172608,3003,0,1792.72,4327.33
8,139770952941568,4004,0,2102.23,4107.84
8,139770969718784,2002,0,2610.5,8729.15
8,139771733082112,7007,0,1603.16,3146.02
8,139772009906176,2002,0,1792.72,5331.8
8,139772439822336,8008,1,1736.43,9515.74
8,139770822918144,1001,0,2102.23,3594.36
8,139770267172864,7007,0,0,0
8,139770919387136,3003,0,10680.2,36457
8,139771764539392,2002,0,1792.72,3672.28
8,139770793558016,5005,0,2102.23,4107.84
8,139771468840960,1001,0,1792.72,3999.64
8,139770525122560,15015,0,0,0
8,139771642904576,2002,0,1792.72,4742.81
8,139771768733696,5005,0,1792.72,2570.14
8,139771504492544,4004,0,1792.72,4327.33
8,139794078236672,105105,1,82228.3,94014.3
8,139771322040320,4004,0,4168.16,14218.2
8,139772412559360,14014,1,1736.43,9753.36
8,139771745665024,4004,0,1792.72,3858.08
8,139772320284672,8008,0,1736.43,4304.14
8,139770550288384,18018,0,0,0
8,139771879882752,2002,0,1792.72,3499.27
8,139771231862784,4004,0,1792.72,4141.54
8,139771888271360,3003,0,1792.72,2973.01
8,139771624030208,1001,0,1792.72,2353.07
8,139772014100480,11011,0,1792.72,5801.38
8,139770669826048,2002,0,2420.95,5134.79
8,139772284633088,8008,0,1736.43,4967.99
8,139770831306752,2002,0,2610.5,7188.71
8,139770409779200,11011,0,0,0
8,139770411876352,16016,0,0,0
8,139770936164352,3003,0,2610.5,6161.75
8,139770405584896,8008,0,0,0
8,139770703380480,23023,0,0,0
8,139771907145728,5005,0,1792.72,2388.67
8,139770416070656,19019,0,0,0
8,139770655145984,4004,0,2102.23,3594.36
8,139770401390592,9009,0,0,0
8,139771372371968,3003,0,1792.72,6381.25
8,139770785169408,3003,0,9810.52,33376.2
8,139794118082560,24024,0,14827.5,20012
8,139770271367168,6006,0,0,0
8,139771787608064,3003,0,1792.72,2716.19
8,139770397196288,15015,0,0,0
8,139771114422272,2002,0,2610.5,9242.63
8,139771460452352,1001,0,1792.72,4371.23
8,139771363983360,4004,0,1792.72,4185.44
8,139771747762176,3003,0,1792.72,2937.58
8,139770422362112,14014,0,0,0
8,139770684506112,7007,0,0,0
8,139771649196032,0,0,1792.72,3857.75
8,139771464646656,4004,0,1603.16,2742.99
8,139770393001984,11011,0,0,0
8,139771215085568,4004,0,1792.72,5168.5
8,139771330428928,2002,0,1792.72,4043.54
8,139770426556416,15015,0,0,0
8,139770546094080,11011,0,0,0
8,139771378663424,2002,0,1792.72,4327.33
8,139771351400448,7007,0,1792.72,4371.23
8,139772056043520,7007,0,1792.72,3983.04
8,139771246542848,5005,0,1603.16,3398.37
8,139794132762624,20020,0,12510.2,14035.3
8,139770520928256,18018,0,0,0
8,139772154609664,9009,0,1792.72,5634.52
8,139771097645056,3003,0,2610.5,7702.19
8,139770959233024,4004,0,2420.95,4621.31
8,139771645001728,1001,0,1792.72,5496.18
8,139770430750720,19019,0,0,0
8,139770841792512,2002,0,2420.95,4621.31
8,139770923581440,1001,0,2610.5,7188.71
8,139771517075456,1001,0,1284.45,2884.89
8,139771621933056,4004,0,1792.72,3402.84
8,139770386710528,17017,0,0,0
8,139771634515968,1001,0,1792.72,4256.63
8,139770275561472,11011,0,0,0
8,139771603058688,3003,0,1792.72,2764.4
8,139771345108992,2002,0,1792.72,3857.75
8,139770434945024,14014,0,0,0
8,139770976010240,4004,0,2610.5,8729.15
8,139771892465664,2002,0,1792.72,4043.87
8,139771074576384,2002,0,2610.5,7188.71
8,139771210891264,2002,0,1284.45,2371.41
8,139771236057088,5005,0,1792.72,3628.06
8,139770942455808,0,0,2610.5,6675.23
8,139771355594752,4004,0,1284.45,2043.72
8,139770382516224,68068,0,0,0
8,139772131540992,3003,0,1792.72,5172.82
8,139771521269760,1001,0,1792.72,4972.51
8,139771741470720,4004,0,1792.72,4075.15
8,139771477229568,2002,0,1792.72,3671.96
8,139771640807424,5005,0,1792.72,5725.87
8,139770699186176,9009,0,0,0
8,139770541899776,15015,0,0,0
8,139770439139328,9009,0,0,0
8,139771909242880,4004,0,1792.72,4012.59
8,139771189919744,3003,0,1792.72,3769.95
8,139771338817536,5005,0,1792.72,5583.98
8,139772454502400,9009,0,1736.43,7338.97
8,139771108130816,2002,0,2610.5,9756.11
8,139770810335232,3003,0,2610.5,7702.19
8,139771085062144,4004,0,2610.5,6161.75
8,139771483521024,3003,0,1603.16,3070.68
8,139770579648512,21021,0,0,0
8,139772450308096,9009,1,1736.43,6062.74
8,139772179775488,6006,0,1792.72,5835.41
8,139770665631744,1001,0,2102.23,3594.36
8,139770818723840,4004,0,2420.95,5134.79
8,139770799849472,1001,0,2610.5,8729.15
8,139771328331776,3003,0,1603.16,2928.79
8,139770516733952,67067,0,0,0
8,139770443333632,19019,0,0,0
8,139770279755776,10010,0,0,0
8,139771479326720,2002,0,1603.16,2601.1
8,139772460793856,12012,0,1736.43,5687.37
8,139772018294784,4004,0,1792.72,5093.64
8,139772135735296,7007,1,1792.72,6433.24
8,139770680311808,8008,0,1920.03,2053.92
8,139771198308352,6006,0,1603.16,3584.16
8,139772129443840,7007,0,1792.72,6274.42
8,139771204599808,1001,0,1603.16,2928.79
8,139771626127360,4004,0,1284.45,1795.69
8,139770650951680,30030,0,3062.89,20539.2
8,139771225571328,6006,0,1102.25,2327.51
8,139770577551360,14014,0,0,0
8,139771473035264,3003,0,1792.72,4141.54
8,139771357691904,4004,0,1792.72,3486.16
8,139771066187776,6006,0,2610.5,5364.49
8,139770827112448,2002,0,2610.5,6161.75
8,139770791460864,1001,0,2420.95,5134.79
8,139770925678592,2002,0,2610.5,5648.27
8,139772301410304,7007,0,1736.43,4542.95
8,139770447527936,14014,0,0,0
8,139770537705472,7007,0,0,0
8,139771770830848,7007,0,1792.72,3265.27
8,139772316090368,4004,0,1736.43,6460.21
8,139770965524480,4004,0,2610.5,8215.67
8,139772188164096,2002,0,1792.72,3875.17
8,139772144123904,7007,0,1792.72,4912.38
8,139771898757120,3003,0,1603.16,2782.9
8,139771609350144,2002,0,1792.72,3814.18
8,139772162998272,4004,0,1792.72,6172.97
8,139771494006784,2002,0,1284.45,2371.41
8,139770948747264,3003,0,2610.5,7702.19
8,139770573357056,21021,0,0,0
8,139771212988416,2002,0,1792.72,6053.56
8,139771110227968,2002,0,2610.5,6675.23
8,139771739373568,4004,0,1792.72,4102.12
8,139772049752064,7007,0,1284.45,1649.65
8,139771368177664,4004,0,1792.72,3769.95
8,139771324137472,2002,0,1603.16,2742.99
8,139772007809024,5005,0,1792.72,4260.94
8,139771647098880,4004,0,1603.16,3584.16
8,139771512881152,2002,0,1102.25,1770.13
8,139772167192576,6006,0,1792.72,4991.5
8,139770283950080,14014,0,0,0
8,139770250395648,13013,0,0,0
8,139771217182720,3003,0,1792.72,4655.02
8,139770694991872,16016,0,0,0
8,139772278341632,1001,0,1736.43,7574.43
8,139771332526080,2002,0,1792.72,3955.74
8,139770927775744,1001,0,2610.5,8729.15
8,139770837598208,3003,0,2610.5,6161.75
8,139771202502656,3003,0,1792.72,4698.92
8,139770982301696,1001,0,2610.5,7188.71
8,139771343011840,2002,0,1792.72,4698.92
8,139770713866240,14014,0,0,0
8,139770569162752,10010,0,0,0
8,139771384954880,6006,0,1603.16,3070.68
8,139771252834304,1001,0,1603.16,2928.79
8,139772156706816,3003,0,1792.72,4882.72
8,139771057799168,3003,0,2610.5,3813.85
8,139794134859776,26026,0,13836.6,17149.5
8,139772311896064,10010,0,1736.43,7376.02
8,139771192016896,3003,0,1603.16,3398.37
8,139794084528128,80080,1,44492.2,55938.7
8,139771997323264,6006,0,1792.72,6079.29
8,139771881979904,6006,0,1792.72,3371.56
8,139770533511168,13013,0,0,0
8,139794088722432,49049,1,38185.9,46801.3
8,139771112325120,9009,0,2610.5,7188.71
8,139772001517568,5005,0,1792.72,4354.62
8,139794120179712,31031,0,12510.2,16372.5
8,139770254589952,19019,0,0,0
8,139772433530880,15015,1,1736.43,9538.98
8,139770931970048,2002,0,2420.95,5134.79
8,139794130665472,23023,0,12510.2,14286.8
8,139771863105536,8008,0,1603.16,2455.22
8,139771758247936,1001,0,1284.45,1826.97
8,139771187822592,1001,0,5159.11,15944.5
8,139794097111040,36036,1,27657.7,31394
8,139771781316608,6006,0,1792.72,2787.22
8,139770661437440,5005,0,2610.5,6161.75
8,139771653390336,2002,0,1792.72,4982.7
8,139794126471168,18018,0,12510.2,14824.7
8,139771055702016,2002,0,2420.95,2601.1
8,139770676117504,9009,0,2610.5,9242.63
8,139770564968448,12012,0,0,0
8,139772265758720,8008,0,1736.43,7814.31
8,139771240251392,4004,0,1792.72,3813.85
8,139794105499648,30030,1,22487.5,25639.5
8,139771636613120,0,0,1792.72,4331.81
8,139771370274816,2002,0,1603.16,3256.47
8,139771078770688,4004,0,2610.5,9242.63
8,139772458696704,10010,0,1736.43,6096.55
8,139771064090624,3003,0,1920.03,1814.03
8,139772282535936,10010,0,1736.43,4308.46
8,139771070382080,1001,0,2610.5,11810
8,139794101305344,40040,1,27657.7,31243.8
8,139772045557760,5005,0,1792.72,6774.41
8,139771374469120,0,0,1603.16,3114.58
8,139772016197632,4004,0,1792.72,3198.55
8,139771596767232,2002,0,1792.72,3787.21
8,139771496103936,5005,0,1792.72,5344.09
8,139770955038720,8008,0,2610.5,6161.75
8,139794099208192,35035,1,25027.4,27142.6
8,139771361886208,1001,0,1792.72,4185.44
8,139770848083968,1001,0,2102.23,4107.84
8,139771238154240,2002,0,1284.45,2415.31
8,139771491909632,4004,0,1792.72,4043.54
8,139770971815936,6006,0,2610.5,6675.23
8,139794103402496,39039,1,29358.6,34214.5
8,139771080867840,2002,0,2610.5,8729.15
8,139770806140928,1001,0,2610.5,5648.27
8,139770816626688,4004,0,1920.03,3080.88
8,139771219279872,5005,0,1792.72,5310.39
8,139771076673536,4004,0,2610.5,7188.71
8,139771200405504,4004,0,1792.72,5725.87
8,139772280438784,9009,0,1736.43,5836.66
8,139771470938112,2002,0,1792.72,4513.12
8,139770531414016,10010,0,0,0
8,139794092916736,43043,1,34839.2,40899.6
8,139770560774144,8008,0,0,0
8,139771760345088,4004,0,1792.72,4659.5
8,139771091353600,3003,0,2420.95,5134.79
8,139770709671936,8008,0,0,0
8,139770690797568,17017,0,0,0
8,139771993128960,6006,0,2841.74,10656.8
8,139771233959936,2002,0,1603.16,2928.79
8,139772309798912,10010,0,1736.43,3249.09
8,139771340914688,1001,0,1792.72,4043.54
8,139771500298240,3003,0,1603.16,3584.16
8,139770795655168,4004,0,2610.5,10783.1
8,139794113888256,24024,1,17938.5,21536.4
9,139770825015296,1001,0,2420.95,3256.47
9,139771087159296,1001,0,2420.95,2601.1
9,139770938261504,2002,0,2420.95,3442.27
9,139771590475776,2002,1,1792.72,4424.47
9,139770260881408,4004,0,2420.95,5134.79
9,139794124374016,24024,0,15677.5,22705.8
9,139771506589696,5005,0,1792.72,5221.35
9,139772395782144,14014,1,2063.1,10059.6
9,139771485618176,1001,0,1792.72,4956.06
9,139770292338688,9009,0,0,0
9,139771917631488,3003,0,1603.16,2619.23
9,139771772928000,2002,0,1603.16,3245.48
9,139794115985408,22022,0,15677.5,18671.1
9,139772020391936,4004,0,1603.16,1891.37
9,139770556579840,2002,0,2102.23,4107.84
9,139770114080768,59059,0,0,0
9,139771508686848,4004,0,1792.72,3292.23
9,139771913437184,1001,0,1603.16,2654.12
9,139770787266560,0,0,2610.5,5256.29
9,139794107596800,27027,1,25027.4,28382
9,139770176995328,18018,0,0,0
9,139771873591296,1001,0,1792.72,4281.98
9,139770132955136,14014,0,0,0
9,139771894562816,5005,0,1792.72,3798.7
9,139772160901120,5005,0,1792.72,4611.67
9,139770833403904,3003,0,2102.23,2371.41
9,139772192358400,1001,0,1792.72,5789.52
9,139771630321664,0,0,1792.72,4392.05
9,139771380760576,2002,0,1102.25,1163.13
9,139772133638144,4004,1,1792.72,10491.4
9,139771867299840,2002,0,1792.72,3800.7
9,139794095013888,33033,1,27657.7,32381.1
9,139772423045120,10010,1,1736.43,10487.7
9,139770527219712,0,0,2610.5,7702.19
9,139770265075712,5005,0,2610.5,6161.75
9,139770671923200,2002,0,2420.95,3398.37
9,139771869396992,4004,0,1792.72,5536.48
9,139772452405248,3003,1,1736.43,8014.29
9,139770007126016,15015,0,0,0
9,139770657243136,1001,0,2420.95,3070.68
9,139770017611776,11011,0,0,0
9,139772397879296,13013,1,1736.43,11219.6
9,139770961330176,4004,0,2610.5,6053.56
9,139771208794112,1001,0,1792.72,4150.33
9,139771498201088,2002,0,1792.72,3375.88
9,139771462549504,2002,0,1603.16,3181.62
9,139771858911232,5005,0,1792.72,5537.41
9,139772146221056,7007,0,1792.72,4450.66
9,139769854033920,8008,0,0,0
9,139770705477632,1001,0,2610.5,6675.23
9,139772529999872,0,0,1159.34,0
9,139769998737408,12012,0,0,0
9,139770552385536,1001,0,2610.5,12323.5
9,139772441919488,7007,1,1736.43,9682.8
9,139770921484288,0,0,2610.5,4840.81
9,139771466743808,1001,0,1792.72,5026.93
9,139771118616576,3003,0,2610.5,3955.74
9,139771250737152,2002,0,1792.72,3960.22
9,139770028097536,17017,0,0,0
9,139771754053632,1001,0,1603.16,2517.08
9,139770944552960,0,0,2610.5,4327.33
9,139772035072000,3003,0,1792.72,4942.59
9,139770296532992,14014,0,0,0
9,139770686603264,0,0,2102.23,3594.36
9,139772322381824,9009,1,1736.43,6298.33
9,139772169289728,6006,0,1792.72,3782.74
9,139770978107392,2002,0,1920.03,2141.72
9,139771103936512,4004,0,2610.5,3813.85
9,139772416753664,17017,1,2188.82,12142
9,139772158803968,5005,0,1792.72,4868.49
9,139794080333824,116116,1,68091.4,76526.7
9,139771775025152,0,0,1603.16,2845.31
9,139771726790656,1001,0,1792.72,3067.07
9,139771095547904,1001,0,2610.5,3999.64
9,139770269270016,0,0,2102.23,4107.84
9,139770843889664,0,0,2102.23,3354.47
9,139771089256448,2002,0,2102.23,2557.2
9,139771229765632,3003,0,1603.16,2853.93
9,139771615641600,1001,0,1792.72,4019.93
9,139771053604864,1001,0,4382.16,12496.7
9,139772051849216,5005,0,1792.72,6117.75
9,139770151829504,15015,0,0,0
9,139772427239424,9009,1,1736.43,8107.66
9,139769990348800,9009,0,0,0
9,139794076139520,123123,1,85102.7,95653.7
9,139770407682048,1001,0,2610.5,6161.75
9,139770413973504,4004,0,2610.5,9242.63
9,139770118275072,16016,0,0,0
9,139770403487744,2002,0,2420.95,4621.31
9,139771336720384,1001,0,1284.45,2663.82
9,139771359789056,0,0,1603.16,3473.71
9,139770166509568,16016,0,0,0
9,139770418167808,3003,0,2610.5,7702.19
9,139770523025408,1001,0,2610.5,6675.23
9,139771061993472,2002,0,2420.95,2858.08
9,139770038583296,14014,0,0,0
9,139770399293440,0,0,2610.5,6161.75
9,139770548191232,1001,0,2610.5,7702.19
9,139771611447296,0,0,1792.72,3253.94
9,139770934067200,0,0,2420.95,2786.89
9,139772429336576,4004,1,1736.43,8142.36
9,139770420264960,1001,0,2610.5,7188.71
9,139771655487488,0,0,1792.72,4354.62
9,139794074042368,159159,1,118319,132902
9,139771194114048,0,0,1792.72,3517.77
9,139770395099136,2002,0,2610.5,6161.75
9,139771861008384,0,0,1603.16,1891.91
9,139771638710272,2002,0,1603.16,2890.98
9,139770812432384,2002,0,2102.23,2371.41
9,139770137149440,12012,0,0,0
9,139771068284928,0,0,2420.95,3256.47
9,139770424459264,2002,0,2610.5,5648.27
9,139771915534336,4004,0,1792.72,4062.75
9,139770801946624,0,0,1920.03,1486.34
9,139771724693504,5005,0,1792.72,3696.78
9,139771082964992,0,0,2610.5,4884.71
9,139771923922944,2002,0,1792.72,5051.04
9,139772431433728,13013,1,1736.43,7946.15
9,139770390904832,2002,0,2610.5,6675.23
9,139772307701760,5005,0,1736.43,7575.44
9,139771326234624,0,0,1792.72,3588.64
9,139770820820992,1001,0,2610.5,4469.22
9,139770273464320,4004,0,2610.5,8215.67
9,139772446113792,8008,1,1736.43,6915.07
9,139770428653568,4004,0,2610.5,7702.19
9,139771619835904,3003,0,1792.72,4385.75
9,139770300727296,18018,0,0,0
9,139772183969792,6006,0,1792.72,4644.03
9,139770701283328,1001,0,2420.95,5134.79
9,139772039266304,2002,0,1792.72,4933.04
9,139772399976448,10010,1,5102.82,15248.8
9,139769864519680,12012,0,0,0
9,139770388807680,2002,0,2420.95,4621.31
9,139772435628032,9009,1,1736.43,10053.3
9,139770667728896,1001,0,2420.95,3442.27
9,139772456599552,10010,0,1736.43,7020.78
9,139770967621632,0,0,2610.5,4840.81
9,139769979863040,60060,0,0,0
9,139794086625280,64064,1,38185.9,45438
9,139770950844416,2002,0,2420.95,2742.99
9,139772408365056,10010,1,1736.43,7367.18
9,139770432847872,2002,0,2610.5,5648.27
9,139771376566272,2002,0,1603.16,3141.87
9,139772003614720,3003,0,1792.72,5177.13
9,139772041363456,1001,0,1792.72,2918.33
9,139770543996928,1001,0,2610.5,7188.71
9,139771728887808,1001,0,1792.72,3722.98
9,139771106033664,0,0,2420.95,2928.79
9,139770653048832,0,0,2102.23,2513.3
9,139771871494144,1001,0,1102.25,2061.85
9,139770829209600,1001,0,2610.5,5256.29
9,139770384613376,3003,0,2610.5,9756.11
9,139769847742464,9009,0,0,0
9,139772414656512,20020,1,1736.43,6382.67
9,139770682408960,0,0,2610.5,7188.71
9,139772274147328,6006,0,1736.43,6782.29
9,139771244445696,2002,0,1792.72,2680.76
9,139771353497600,3003,0,1792.72,3087.94
9,139770518831104,1001,0,2610.5,8215.67
9,139770437042176,2002,0,2610.5,6675.23
9,139771349303296,1001,0,1603.16,2601.43
9,139772272050176,5005,1,1736.43,7276
9,139771248640000,2002,0,1102.25,1384.36
9,139772037169152,3003,0,1792.72,2411.7
9,139771366080512,1001,0,1792.72,3695.1
9,139771456258048,2002,0,2119.39,7753.42
9,139770122469376,14014,0,0,0
9,139770277658624,3003,0,2420.95,5134.79
9,139771905048576,1001,0,1792.72,3459.32
9,139770581745664,2002,0,2610.5,8729.15
9,139772047654912,4004,0,1792.72,2952.69
9,139772043460608,0,0,1603.16,2289.38
9,139794128568320,14014,0,14827.5,16664.2
9,139772053946368,2002,0,1603.16,3321.73
9,139771921825792,1001,0,1603.16,2509.15
9,139770984398848,0,0,2610.5,4611.12
9,139771382857728,4004,0,1102.25,1273.75
9,139771762442240,4004,0,1792.72,2953.22
9,139770011320320,12012,0,0,0
9,139770441236480,1001,0,2610.5,6675.23
9,139771777122304,2002,0,1792.72,3399.99
9,139771347206144,0,0,1102.25,1123.39
9,139770156023808,17017,0,0,0
9,139772267855872,7007,1,1736.43,5698.16
9,139772263661568,10010,1,1736.43,11395.7
9,139771116519424,0,0,2610.5,4796.91
9,139770002931712,8008,0,0,0
9,139770021806080,11011,0,0,0
9,139772137832448,4004,0,1792.72,4678.35
9,139771502395392,2002,0,1603.16,2601.43
9,139772326576128,6006,0,1736.43,8567.15
9,139772324478976,3003,0,1736.43,6040.95
9,139770304921600,18018,0,0,0
9,139794136956928,105105,1,85102.7,99925.5
9,139770539802624,2002,0,2610.5,8215.67
9,139772165095424,5005,0,1792.72,4687.38
9,139770839695360,1001,0,2420.95,3726.05
9,139772148318208,9009,1,1792.72,4173.16
9,139771751956480,5005,0,1792.72,3026.79
9,139770141343744,14014,0,0,0
9,139770170703872,8008,0,0,0
9,139772297216000,10010,0,1736.43,4847.26
9,139770445430784,2002,0,2420.95,5134.79
9,139770929872896,1001,0,2420.95,2928.79
9,139771206696960,3003,0,1792.72,3083.62
9,139771600961536,2002,0,1284.45,2071.39
9,139770697089024,1001,0,2610.5,10783.1
9,139772030877696,4004,0,1792.72,2971.24
9,139772173484032,2002,0,1792.72,4531.25
9,139772420947968,8008,1,1736.43,9724.01
9,139794071945216,4.0017e+07,1,4.43793e+07,3.45151e+07
9,139771489812480,2002,0,1792.72,4517.77
9,139770032291840,21021,0,0,0
9,139771592572928,2002,0,1792.72,4342.76
9,139771458355200,1001,0,1603.16,2486.5
9,139772295118848,6006,1,1736.43,7240.75
9,139770575454208,0,0,2102.23,4107.84
9,139770281852928,4004,0,2102.23,3594.36
9,139770957135872,0,0,2610.5,3955.74
9,139769858228224,6006,0,0,0
9,139772175581184,7007,0,1792.72,3917.24
9,139771875688448,2002,0,1792.72,5594.72
9,139770715963392,0,0,2610.5,8215.67
9,139772410462208,8008,1,1736.43,9904.77
9,139772318187520,5005,0,1736.43,4992.94
9,139772402073600,13013,1,2063.1,11549.5
9,139772186066944,6006,0,1792.72,6040.95
9,139770248298496,28028,0,2610.5,18485.3
9,139794122276864,16016,1,15677.5,20829.6
9,139770973913088,0,0,2610.5,4425.32
9,139770663534592,1001,0,2610.5,4097.64
9,139771223474176,0,0,1603.16,2087.95
9,139772305604608,5005,1,1736.43,7667.35
9,139771896659968,3003,0,1792.72,4359.16
9,139771387052032,3003,0,1792.72,4039.72
9,139771101839360,1001,0,2420.95,3584.16
9,139770535608320,4004,0,2610.5,6161.75
9,139770678214656,3003,0,2420.95,3070.68
9,139770571259904,1001,0,2610.5,7702.19
9,139771093450752,2002,0,2610.5,7114.22
9,139770126663680,10010,0,0,0
9,139771886174208,3003,0,1603.16,3426.58
9,139770808238080,1001,0,2610.5,5026.6
9,139770940358656,0,0,2420.95,3212.57
9,139771884077056,5005,0,1603.16,2797.09
9,139772150415360,1001,0,1792.72,4134.13
9,139794111791104,24024,1,25027.4,27789.8
9,139769984057344,14014,0,0,0
9,139771628224512,3003,0,1792.72,3691.7
9,139770042777600,12012,0,0,0
9,139770850181120,0,0,2102.23,3496.36
9,139771783413760,3003,0,1792.72,3722.44
9,139770309115904,21021,0,0,0
9,139772313993216,5005,1,1736.43,4603.22
9,139770252492800,0,0,2610.5,9756.11
9,139770797752320,1001,0,2420.95,3114.58
9,139772293021696,7007,0,1736.43,8495.94
9,139771877785600,4004,0,1792.72,3100.89
9,139771865202688,2002,0,1792.72,5639.16
9,139771919728640,3003,0,1792.72,4170.29
9,139770286047232,14014,0,1920.03,513.479
9,139771995226112,7007,0,1792.72,5375.11
9,139772286730240,10010,0,1736.43,6849.54
9,139772177678336,6006,0,1792.72,4027.86
9,139794090819584,40040,1,29358.6,34009.7
9,139770567065600,0,0,2610.5,7188.71
9,139771099742208,0,0,2610.5,4185.44
9,139772437725184,17017,0,1736.43,11188.9
9,139771607252992,1001,0,1603.16,2834.15
9,139771730984960,2002,0,1603.16,2657.9
9,139771902951424,2002,0,1792.72,3069.23
9,139770160218112,10010,0,0,0
9,139771766636544,4004,0,1792.72,3923.01
9,139772261564416,9009,0,1736.43,6357.7
9,139770692894720,4004,0,2610.5,7702.19
9,139772181872640,4004,0,1792.72,3475.17
9,139770789363712,1001,0,2610.5,4655.02
9,139770145538048,6006,0,0,0
9,139771737276416,2002,0,1284.45,1519.78
9,139770256687104,5005,0,2610.5,5648.27
9,139770711769088,0,0,2610.5,6675.23
9,139772288827392,5005,0,1736.43,4197.08
9,139772276244480,7007,1,1736.43,8390.72
9,139794109693952,27027,1,29358.6,33454.5
9,139771743567872,2002,0,1792.72,4825.66
9,139772152512512,5005,0,1792.72,7947.91
9,139770963427328,1001,0,2610.5,3628.06
9,139769868713984,0,0,0,0
9,139772028780544,2002,0,1792.72,3805.55
9,139770562871296,0,0,2610.5,6161.75
9,139772012003328,5005,0,1792.72,4678.92
9,139772032974848,3003,0,1792.72,4686.84
9,139772005711872,0,0,1792.72,4916
9,139772026683392,4004,0,1792.72,4569.38
9,139770174898176,11011,0,0,0
9,139770835501056,2002,0,2420.95,2601.1
9,139769851936768,13013,0,0,0
9,139772404170752,19019,1,5952.77,20314.2
9,139772406267904,15015,1,1736.43,9698.67
9,139770015514624,12012,0,0,0
9,139770946650112,0,0,2610.5,4371.23
9,139794082430976,75075,1,44492.2,47435.4
9,139772022489088,5005,0,1792.72,3435.96
9,139770290241536,18018,0,0,0
9,139770258784256,4004,0,2420.95,5134.79
9,139770313310208,11011,0,0,0
9,139770130857984,12012,0,0,0
9,139772139929600,0,0,1792.72,5437.69
9,139771911340032,2002,0,1603.16,2656.28
9,139770026000384,15015,0,0,0
9,139770980204544,2002,0,1920.03,1814.03
9,139770659340288,1001,0,2610.5,6239.35
9,139770674020352,3003,0,2610.5,4753.01
9,139771632418816,3003,0,1792.72,3684.86
9,139769996640256,5005,0,0,0
9,139771227668480,2002,0,1603.16,2419.78
9,139772418850816,12012,1,1736.43,12322.7
9,139772303507456,6006,1,1736.43,6811.62
9,139772299313152,6006,1,1736.43,4407.89
9,139771785510912,2002,0,1792.72,3533.96
9,139770558676992,0,0,2420.95,4621.31
9,139771598864384,2002,0,1284.45,2797.63
9,139771756150784,2002,0,1792.72,3540.27
9,139771651293184,0,0,1792.72,3039.73
9,139772058140672,1001,0,1792.72,2890.28
9,139771334623232,1001,0,1792.72,4548.88
9,139771617738752,3003,0,1603.16,2627.15
9,139772127346688,4004,1,1792.72,4846.03
9,139771510784000,1001,0,1792.72,4225.51
9,139771789705216,4004,0,1792.72,4972.25
9,139770529316864,1001,0,2610.5,6675.23
9,139772290924544,9009,1,1736.43,5159.13
9,139771605155840,1001,0,1792.72,4195.64
9,139772190261248,7007,0,1792.72,4434.88
9,139771900854272,2002,0,1792.72,5784.83
9,139772425142272,10010,1,1736.43,11186.9
9,139771481423872,2002,0,1603.16,2929.11
9,139771059896320,1001,0,2420.95,2739.01
9,139771999420416,3003,0,1792.72,4346.54
9,139771735179264,5005,0,1792.72,4751.94
9,139771890368512,3003,0,1792.72,4278.75
9,139771749859328,1001,0,1792.72,3803.4
9,139770262978560,3003,0,2610.5,6675.23
9,139770707574784,2002,0,2610.5,7188.71
9,139771487715328,0,0,1603.16,1614.21
9,139770036486144,15015,0,0,0
9,139772171386880,7007,1,1792.72,7051.03
9,139770845986816,3003,0,2102.23,3496.36
9,139772024586240,4004,0,1603.16,2621.92
9,139770688700416,0,0,2610.5,10269.6
9,139772448210944,7007,1,1736.43,10316.6
9,139769988251648,7007,0,0,0
9,139771779219456,1001,0,1603.16,2879.12
9,139771221377024,1001,0,1284.45,1973.02
9,139771475132416,0,0,1603.16,2628.39
9,139772444016640,12012,1,1736.43,10215
9,139771196211200,0,0,1284.45,1641.18
9,139770294435840,6006,0,0,0
9,139770554482688,2002,0,1920.03,3080.88
9,139771613544448,1001,0,1792.72,4531.79
9,139770149732352,15015,0,0,0
9,139771514978304,2002,0,1284.45,2260.96
9,139772142026752,3003,0,1792.72,4416.68
9,139770814529536,2002,0,2610.5,5965.76
9,139770164412416,9009,0,0,0
9,139771072479232,1001,0,2610.5,4239.53
9,139770804043776,0,0,2420.95,3911.85
9,139771242348544,2002,0,1284.45,1862.41
9,139769862422528,8008,0,0,0
9,139793937727488,0,1,9111.05,0
9,139772269953024,4004,1,2063.1,11703
9,139771594670080,4004,0,1603.16,2990.27
9,139771519172608,2002,0,1792.72,3225.52
9,139770952941568,1001,0,2420.95,3540.26
9,139770969718784,1001,0,2610.5,4185.44
9,139771733082112,4004,0,1792.72,4861.09
9,139772009906176,0,0,1792.72,3187.23
9,139770116177920,15015,0,0,0
9,139772439822336,8008,1,1736.43,7967.92
9,139770822918144,2002,0,1920.03,1814.03
9,139770267172864,2002,0,2102.23,3594.36
9,139770919387136,2002,0,5708.58,14731.7
9,139771764539392,4004,0,1792.72,2553.05
9,139770793558016,2002,0,2420.95,4053.74
9,139771468840960,2002,0,1603.16,2087.95
9,139770525122560,1001,0,2610.5,7702.19
9,139771642904576,2002,0,1792.72,2902.15
9,139770135052288,13013,0,0,0
9,139771768733696,1001,0,1792.72,3684.86
9,139769845645312,36036,0,0,0
9,139771504492544,3003,0,1792.72,3739
9,139794078236672,133133,1,85102.7,91316.8
9,139771322040320,3003,0,1792.72,7763.29
9,139772412559360,21021,1,1736.43,11170.9
9,139771745665024,0,0,1792.72,3655.19
9,139772320284672,8008,0,1736.43,5906.23
9,139770550288384,0,0,2610.5,9242.63
9,139771879882752,4004,0,1792.72,2551.44
9,139770179092480,7007,0,0,0
9,139771231862784,0,0,1792.72,3663.82
9,139771888271360,3003,0,1603.16,2805.56
9,139771624030208,3003,0,1284.45,1558.45
9,139772014100480,7007,0,1792.72,7954.59
9,139770669826048,0,0,2102.23,2884.89
9,139772284633088,8008,1,1736.43,6310.71
9,139770831306752,1001,0,2610.5,3628.06
9,139770409779200,2002,0,2610.5,5648.27
9,139770411876352,2002,0,2610.5,8215.67
9,139770936164352,2002,0,2610.5,3769.95
9,139770405584896,0,0,2102.23,4107.84
9,139770703380480,1001,0,2610.5,11810
9,139771907145728,2002,0,1792.72,3644.57
9,139770416070656,3003,0,2610.5,9756.11
9,139770655145984,3003,0,2102.23,3354.47
9,139770401390592,2002,0,2420.95,4621.31
9,139770298630144,14014,0,0,0
9,139771372371968,3003,0,1792.72,3968.69
9,139770785169408,2002,0,4382.16,13617
9,139794118082560,20020,0,15677.5,20104.7
9,139770271367168,2002,0,1920.03,3080.88
9,139771787608064,2002,0,1603.16,2697.1
9,139770397196288,0,0,2610.5,7702.19
9,139771114422272,1001,0,2610.5,4371.23
9,139771460452352,0,0,1603.16,2238.31
9,139771363983360,1001,0,1792.72,3703.57
9,139771747762176,1001,0,1792.72,2804.48
9,139770422362112,1001,0,2610.5,7188.71
9,139770009223168,16016,0,0,0
9,139770684506112,1001,0,2102.23,3594.36
9,139771649196032,3003,0,1284.45,1539.03
9,139771464646656,4004,0,1603.16,3141.87
9,139770393001984,3003,0,2610.5,5648.27
9,139771215085568,0,0,1792.72,4035.4
9,139770019708928,11011,0,0,0
9,139771330428928,1001,0,1792.72,2641.17
9,139770426556416,0,0,2610.5,7702.19
9,139770000834560,17017,0,0,0
9,139770546094080,0,0,2610.5,5648.27
9,139771378663424,0,0,1603.16,2712.04
9,139771351400448,0,0,1792.72,5319.18
9,139772056043520,4004,0,1792.72,5153.72
9,139771246542848,0,0,1792.72,3876.58
9,139794132762624,16016,0,14827.5,16050.7
9,139770520928256,1001,0,2610.5,9242.63
9,139772154609664,6006,1,1792.72,7024.56
9,139770120372224,17017,0,0,0
9,139771097645056,3003,0,2610.5,4327.33
9,139770959233024,1001,0,2420.95,3726.05
9,139771645001728,3003,0,1603.16,2605.58
9,139770430750720,3003,0,2610.5,9756.11
9,139770153926656,14014,0,0,0
9,139769856131072,11011,0,0,0
9,139770841792512,3003,0,2102.23,2699.09
9,139770030194688,8008,0,0,0
9,139770923581440,0,0,2420.95,3114.58
9,139771517075456,2002,0,1102.25,1636.87
9,139771621933056,4004,0,1792.72,3429.11
9,139770386710528,1001,0,2610.5,8729.15
9,139771634515968,2002,0,1603.16,2227.52
9,139770275561472,0,0,2610.5,5648.27
9,139771603058688,4004,0,1792.72,2771.75
9,139771345108992,2002,0,1603.16,2565.99
9,139770168606720,15015,0,0,0
9,139769992445952,15015,0,0,0
9,139770434945024,3003,0,2610.5,7188.71
9,139770976010240,2002,0,2610.5,5212.4
9,139771892465664,1001,0,1792.72,2703.41
9,139771074576384,0,0,2610.5,3628.06
9,139771210891264,4004,0,1284.45,1964.55
9,139770139246592,15015,0,0,0
9,139771236057088,2002,0,1792.72,3991.5
9,139770942455808,2002,0,2102.23,2415.31
9,139771355594752,0,0,1284.45,2880.9
9,139770302824448,17017,0,0,0
9,139770382516224,1001,0,9810.52,34916.6
9,139772131540992,6006,0,1792.72,3701.41
9,139771521269760,1001,0,1792.72,2503.59
9,139771741470720,0,0,1792.72,3727.68
9,139771477229568,3003,0,1603.16,2490.81
9,139771640807424,2002,0,1792.72,4774.42
9,139770699186176,0,0,2420.95,4621.31
9,139770541899776,2002,0,2610.5,7702.19
9,139770439139328,0,0,2420.95,4621.31
9,139771909242880,2002,0,1792.72,3733.07
9,139771189919744,1001,0,1603.16,2999.98
9,139771338817536,0,0,1792.72,4738.99
9,139772454502400,3003,1,1736.43,7585.71
9,139771108130816,2002,0,2610.5,4557.02
9,139770040680448,20020,0,0,0
9,139770810335232,1001,0,2610.5,4327.33
9,139771085062144,1001,0,2610.5,4283.43
9,139771483521024,0,0,1603.16,2739.01
9,139770579648512,1001,0,2610.5,10783.1
9,139772450308096,10010,1,1736.43,7184.81
9,139772179775488,4004,0,1792.72,5572.99
9,139770665631744,0,0,1920.03,1814.03
9,139770818723840,1001,0,2420.95,3911.85
9,139770799849472,0,0,2610.5,3671.96
9,139771328331776,3003,0,1603.16,2703.57
9,139770516733952,3003,0,9810.52,34403.1
9,139770443333632,2002,0,2610.5,9756.11
9,139770279755776,4004,0,2420.95,5134.79
9,139771479326720,3003,0,1284.45,2079.48
9,139769981960192,13013,0,0,0
9,139772460793856,5005,1,1736.43,8499.17
9,139772018294784,3003,0,1792.72,4060.59
9,139772135735296,4004,1,1792.72,6245.27
9,139770680311808,0,0,2420.95,4851.01
9,139771198308352,3003,0,1792.72,4465.24
9,139772129443840,5005,1,1792.72,6132.49
9,139771204599808,2002,0,1284.45,1676.61
9,139771626127360,1001,0,1603.16,2873.35
9,139770650951680,4004,1,6699.53,22836.1
9,139771225571328,4004,0,1603.16,3978.72
9,139770577551360,2002,0,2610.5,7188.71
9,139770124566528,13013,0,0,0
9,139771473035264,1001,0,1792.72,3150.34
9,139771357691904,0,0,1792.72,3442.59
9,139771066187776,0,0,2610.5,5053.73
9,139770827112448,3003,0,2420.95,3256.47
9,139770791460864,0,0,2102.23,2371.41
9,139770925678592,1001,0,2420.95,3070.68
9,139772301410304,1001,0,1736.43,5505.51
9,139770447527936,1001,0,2610.5,7188.71
9,139770537705472,3003,0,2102.23,3594.36
9,139771770830848,2002,0,1792.72,4969.01
9,139769866616832,12012,0,0,0
9,139772316090368,5005,0,1736.43,4594.94
9,139770965524480,1001,0,2610.5,5026.6
9,139772188164096,2002,0,1792.72,2736.69
9,139772144123904,2002,0,1792.72,5674.57
9,139771898757120,4004,0,1603.16,2695.49
9,139770307018752,18018,0,0,0
9,139771609350144,0,0,1603.16,2588.49
9,139772162998272,5005,0,1792.72,4510.59
9,139771494006784,1001,0,1284.45,1964.55
9,139770948747264,1001,0,2610.5,4327.33
9,139770573357056,3003,0,2610.5,10783.1
9,139771212988416,2002,0,1792.72,3344.6
9,139769849839616,7007,0,0,0
9,139771110227968,2002,0,2420.95,3442.27
9,139770158120960,17017,0,0,0
9,139771739373568,2002,0,1792.72,3690.09
9,139772049752064,1001,0,1792.72,4374.58
9,139771368177664,1001,0,1792.72,3513.46
9,139771324137472,2002,0,1284.45,2114.91
9,139772007809024,7007,0,1792.72,4316.34
9,139771647098880,4004,0,1792.72,3438.28
9,139771512881152,1001,0,1102.25,1699.26
9,139772167192576,9009,0,1792.72,5088.09
9,139770283950080,7007,0,2610.5,7188.71
9,139770143440896,20020,0,0,0
9,139770250395648,5005,0,2610.5,6675.23
9,139771217182720,0,0,1792.72,3336.13
9,139770694991872,1001,0,2610.5,8215.67
9,139770013417472,5005,0,0,0
9,139772278341632,8008,0,1736.43,3618.7
9,139771332526080,0,0,1603.16,2561.68
9,139770927775744,0,0,2610.5,3671.96
9,139770005028864,9009,0,0,0
9,139770837598208,2002,0,2610.5,3769.95
9,139771202502656,4004,0,1792.72,3375.88
9,139770982301696,2002,0,2420.95,3114.58
9,139771343011840,3003,0,1792.72,2862.4
9,139770172801024,12012,0,0,0
9,139770713866240,2002,0,2610.5,7188.71
9,139770569162752,2002,0,2420.95,5134.79
9,139770023903232,12012,0,0,0
9,139771384954880,1001,0,1792.72,4279.44
9,139771252834304,0,0,1284.45,1676.61
9,139772156706816,4004,0,1792.72,3573.18
9,139771057799168,1001,0,2610.5,3039.73
9,139794134859776,16016,0,15677.5,20121.5
9,139772311896064,8008,1,1736.43,8122.39
9,139771192016896,1001,0,1603.16,2849.62
9,139794084528128,67067,1,49956.1,63399.7
9,139771997323264,3003,0,1792.72,5576.76
9,139771881979904,1001,0,1792.72,4458.77
9,139770533511168,0,0,2610.5,6675.23
9,139794088722432,59059,1,38185.9,43829.8
9,139771112325120,2002,0,2610.5,7222.41
9,139772001517568,6006,0,1792.72,4277.13
9,139794120179712,14014,0,15677.5,22337
9,139769994543104,9009,0,0,0
9,139770254589952,0,0,2610.5,9756.11
9,139772433530880,13013,1,1736.43,11697
9,139770931970048,1001,0,2102.23,2884.89
9,139794130665472,20020,0,14827.5,17674.1
9,139771863105536,3003,0,1792.72,5152.27
9,139771758247936,4004,0,1102.25,1330.22
9,139771187822592,1001,0,1792.72,6855.41
9,139794097111040,39039,1,27657.7,31030.5
9,139771781316608,2002,0,1792.72,4270.82
9,139770661437440,0,0,2610.5,4796.91
9,139771653390336,2002,0,1792.72,2933.26
9,139770128760832,16016,0,0,0
9,139794126471168,17017,0,12510.2,15128.6
9,139771055702016,1001,0,2102.23,2079.48
9,139770034388992,19019,0,0,0
9,139770676117504,1001,0,2610.5,7965.58
9,139770564968448,2002,0,2610.5,6161.75
9,139772265758720,3003,1,1736.43,7244.18
9,139770311213056,22022,0,0,0
9,139771240251392,1001,0,1792.72,3553.21
9,139794105499648,28028,1,22487.5,25685.7
9,139771636613120,1001,0,1603.16,1751.09
9,139771370274816,4004,0,1284.45,2300.71
9,139770288144384,14014,0,0,0
9,139771078770688,1001,0,2610.5,5398.19
9,139772458696704,7007,1,1736.43,7749.54
9,139771064090624,1001,0,1920.03,2252.49
9,139772282535936,9009,1,1736.43,7112.67
9,139771070382080,1001,0,2610.5,4786.71
9,139794101305344,36036,1,29358.6,32969.1
9,139772045557760,2002,0,1792.72,5320.48
9,139771374469120,0,0,1102.25,1238.31
9,139772016197632,5005,0,1792.72,3430.19
9,139771596767232,3003,0,1792.72,2626.08
9,139769860325376,17017,0,0,0
9,139771496103936,1001,0,1792.72,4707.87
9,139770955038720,2002,0,2610.5,6337.35
9,139794099208192,32032,1,27657.7,28973.1
9,139771361886208,0,0,1603.16,2163.13
9,139770848083968,0,0,1920.03,1999.82
9,139769986154496,10010,0,0,0
9,139771238154240,3003,0,1284.45,2004.3
9,139771491909632,2002,0,1792.72,3668.13
9,139770971815936,5005,0,2610.5,5496.18
9,139794103402496,47047,1,31404.1,33708.3
9,139771080867840,5005,0,2610.5,4185.44
9,139770806140928,1001,0,2102.23,2557.2
9,139770816626688,1001,0,2102.23,3168.67
9,139771219279872,1001,0,1792.72,4584.32
9,139771076673536,1001,0,2610.5,4655.02
9,139771200405504,1001,0,1792.72,4260.94
9,139772280438784,7007,1,1736.43,7042.18
9,139771470938112,3003,0,1792.72,2787.22
9,139770531414016,0,0,2420.95,5134.79
9,139794092916736,50050,1,34839.2,38351.8
9,139770560774144,0,0,2102.23,4107.84
9,139771760345088,1001,0,1792.72,3915.63
9,139771091353600,3003,0,2420.95,3398.37
9,139770709671936,2002,0,2102.23,4107.84
9,139770690797568,4004,0,2610.5,8729.15
9,139771993128960,1001,0,1792.72,7798.2
9,139771233959936,0,0,1284.45,2190.09
9,139772309798912,8008,0,1736.43,6577.41
9,139771340914688,3003,0,1603.16,2127.69
9,139771500298240,2002,0,1603.16,2924.8
9,139770795655168,1001,0,2610.5,5955.57
9,139794113888256,30030,1,18808.2,21009.2
9,139770044874752,18018,0,0,0
9,139770162315264,11011,0,0,0
9,139770147635200,10010,0,0,0
10,139770825015296,1001,0,1284.45,1787.23
10,139769751273472,12012,0,0,0
10,139771087159296,0,0,1284.45,1566
10,139769744982016,10010,0,0,0
10,139770938261504,1001,0,1603.16,2375.89
10,139771590475776,0,1,1736.43,3285.4
10,139769757564928,8008,0,0,0
10,139770260881408,1001,0,1603.16,3911.85
10,139794124374016,9009,0,17938.5,21292.6
10,139769738690560,5005,0,0,0
10,139771506589696,3003,0,1736.43,4720.66
10,139772395782144,11011,1,2063.1,11888.6
10,139771485618176,2002,0,1736.43,2519.62
10,139770292338688,1001,0,1603.16,4621.31
10,139771917631488,1001,0,1660.25,2660.94
10,139769763856384,7007,0,0,0
10,139771772928000,2002,0,1660.25,2352.68
10,139794115985408,17017,1,15677.5,18904
10,139769642221568,11011,0,0,0
10,139769732399104,13013,0,0,0
10,139772020391936,3003,0,1660.25,3001.21
10,139770556579840,2002,0,1284.45,2513.3
10,139770114080768,3003,0,6009.06,30295.3
10,139771508686848,0,0,1736.43,3390.98
10,139771913437184,3003,0,1341.54,1675.88
10,139770787266560,1001,0,1792.72,2060.98
10,139794107596800,20020,1,25027.4,25380.6
10,139770176995328,2002,0,1792.72,9242.63
10,139771873591296,1001,0,1736.43,2312.4
10,139770132955136,0,0,1792.72,7188.71
10,139769770147840,17017,0,0,0
10,139771894562816,2002,0,1736.43,4114.89
10,139772160901120,4004,0,1736.43,4571.71
10,139770833403904,0,0,1284.45,2478.03
10,139772192358400,4004,0,1736.43,2922.65
10,139771630321664,1001,0,1660.25,1805.58
10,139769893879808,15015,0,0,0
10,139771380760576,1001,0,1159.34,1583.8
10,139772133638144,4004,1,1736.43,6159.96
10,139771867299840,3003,0,1736.43,2669.22
10,139794095013888,29029,1,27657.7,30145.7
10,139769726107648,14014,0,0,0
10,139772423045120,3003,1,1736.43,9475.01
10,139770527219712,1001,0,1603.16,2786.89
10,139770265075712,1001,0,1792.72,4796.91
10,139770671923200,0,0,1284.45,2336.14
10,139771869396992,2002,1,1736.43,4430.35
10,139772452405248,7007,1,1736.43,4912.8
10,139769627541504,15015,0,0,0
10,139770007126016,0,0,2610.5,7702.19
10,139770657243136,1001,0,1284.45,1712.05
10,139769608667136,8008,0,0,0
10,139770017611776,1001,0,2610.5,5648.27
10,139772397879296,3003,1,1736.43,11288.8
10,139770961330176,1001,0,1792.72,4371.56
10,139771208794112,0,0,1660.25,2224.29
10,139771498201088,2002,0,1660.25,2439.74
10,139769776439296,10010,0,0,0
10,139769870811136,15015,0,0,0
10,139771462549504,0,0,1660.25,2325.9
10,139771858911232,3003,0,1736.43,5264.85
10,139772146221056,2002,0,1736.43,5466.7
10,139769854033920,1001,0,2102.23,4107.84
10,139770705477632,0,0,1603.16,2928.79
10,139772529999872,0,0,1159.34,0
10,139769998737408,3003,0,2610.5,6161.75
10,139770552385536,0,0,1792.72,4972.51
10,139772441919488,4004,1,1736.43,7516.09
10,139770921484288,1001,0,1603.16,1870.87
10,139771466743808,1001,0,1736.43,2521.77
10,139771118616576,1001,0,1603.16,3075.16
10,139769719816192,11011,0,0,0
10,139771250737152,3003,0,1660.25,2627.69
10,139770028097536,3003,0,2610.5,8729.15
10,139771754053632,1001,0,1341.54,1634.52
10,139770944552960,0,0,1284.45,1685.08
10,139772035072000,0,0,1736.43,3627.31
10,139770296532992,2002,0,1792.72,7188.71
10,139770686603264,0,0,1102.25,1300.55
10,139772322381824,3003,1,1736.43,7380.76
10,139772169289728,7007,0,1736.43,4830.87
10,139770978107392,1001,0,1102.25,1849.63
10,139771103936512,0,0,1792.72,3553.21
10,139772416753664,14014,1,2063.1,13695.4
10,139772158803968,4004,1,1736.43,4690.51
10,139794080333824,52052,1,82228.3,90979.2
10,139771775025152,0,0,1159.34,1190.83
10,139771726790656,4004,0,1341.54,1812.04
10,139771095547904,2002,0,1603.16,2087.95
10,139769581404160,6006,0,0,0
10,139770269270016,1001,0,1102.25,1486.34
10,139770843889664,1001,0,1102.25,1269.43
10,139771089256448,1001,0,1284.45,2039.73
10,139771229765632,0,0,1660.25,2728.76
10,139771615641600,1001,0,1660.25,2209.52
10,139771053604864,2002,0,1792.72,5687.43
10,139772051849216,2002,0,1736.43,4974.06
10,139770151829504,1001,0,1792.72,7702.19
10,139772427239424,12012,1,1736.43,8047.22
10,139769990348800,1001,0,2420.95,4621.31
10,139794076139520,92092,1,92999.3,101908
10,139770407682048,2002,0,1603.16,2742.99
10,139769887588352,14014,0,0,0
10,139770413973504,1001,0,1792.72,5398.19
10,139770118275072,0,0,1792.72,8215.67
10,139769713524736,9009,0,0,0
10,139770403487744,0,0,1284.45,2699.09
10,139771336720384,0,0,1159.34,1591.73
10,139771359789056,1001,0,1341.54,1377.35
10,139770166509568,1001,0,1792.72,8215.67
10,139770418167808,0,0,1792.72,4327.33
10,139770523025408,1001,0,1603.16,2928.79
10,139771061993472,1001,0,1603.16,2219.06
10,139770038583296,3003,0,2610.5,7188.71
10,139770399293440,1001,0,1284.45,2229.51
10,139770548191232,0,0,1792.72,3300.37
10,139771611447296,2002,0,1341.54,1436.69
10,139770934067200,2002,0,1102.25,1127.7
10,139772429336576,2002,1,1736.43,5335.63
10,139770420264960,1001,0,1603.16,3114.58
10,139771655487488,2002,0,1341.54,1709.73
10,139794074042368,147147,1,118319,135748
10,139771194114048,0,0,1341.54,1448.22
10,139770395099136,0,0,1603.16,3256.47
10,139771861008384,3003,0,1159.34,906.471
10,139771638710272,1001,0,1660.25,2238.48
10,139770812432384,0,0,1284.45,1964.55
10,139770137149440,1001,0,1792.72,6161.75
10,139771068284928,0,0,1102.25,1273.75
10,139769587695616,7007,0,0,0
10,139770424459264,0,0,1603.16,3070.68
10,139771915534336,0,0,1736.43,3871.36
10,139770801946624,0,0,1102.25,601.441
10,139771724693504,4004,0,1736.43,4518.44
10,139771082964992,1001,0,1603.16,1910.62
10,139771923922944,0,0,1736.43,3098.36
10,139772431433728,13013,1,1736.43,10116.8
10,139770390904832,0,0,1603.16,3442.27
10,139772307701760,7007,1,1736.43,5666.55
10,139771326234624,1001,0,1341.54,1450.37
10,139770820820992,3003,0,1603.16,2233.99
10,139770273464320,1001,0,1792.72,5026.6
10,139769633832960,13013,0,0,0
10,139772446113792,3003,1,1736.43,7077.7
10,139770428653568,0,0,1792.72,4840.81
10,139771619835904,2002,0,1736.43,3360.94
10,139770300727296,2002,0,1792.72,9242.63
10,139772183969792,2002,0,1736.43,5073.14
10,139770701283328,1001,0,1284.45,2371.41
10,139769908559872,12012,0,0,0
10,139772039266304,2002,0,1736.43,3012.21
10,139772399976448,18018,1,2785.45,11590.5
10,139769864519680,1001,0,2610.5,6161.75
10,139770388807680,0,0,1284.45,2699.09
10,139772435628032,7007,1,1736.43,8620.12
10,139770667728896,1001,0,1284.45,1862.41
10,139772456599552,6006,1,1736.43,7935.17
10,139770967621632,1001,0,1603.16,1870.87
10,139769979863040,2002,0,7549.49,30808.8
10,139794086625280,47047,1,44492.2,51324.2
10,139770950844416,0,0,1284.45,2114.91
10,139772408365056,4004,1,1736.43,8190.1
10,139770432847872,0,0,1603.16,3070.68
10,139771376566272,0,0,1341.54,2289.92
10,139772003614720,1001,1,1736.43,3808.6
10,139772041363456,1001,0,1660.25,1832.36
10,139770543996928,3003,0,1603.16,3114.58
10,139771728887808,2002,0,1660.25,2064.74
10,139771106033664,3003,0,1102.25,1163.13
10,139770653048832,0,0,1102.25,973.026
10,139771871494144,2002,0,1159.34,1336.14
10,139770829209600,1001,0,1792.72,2574.46
10,139770384613376,0,0,1792.72,5070.5
10,139769847742464,5005,0,2420.95,4621.31
10,139772414656512,11011,1,1736.43,13036.5
10,139769593987072,18018,0,0,0
10,139770682408960,0,0,1603.16,2601.1
10,139772274147328,9009,1,1736.43,5868.55
10,139769881296896,9009,0,0,0
10,139771244445696,1001,0,1660.25,2182.55
10,139771353497600,1001,0,1736.43,2878.58
10,139770518831104,0,0,1792.72,3486.16
10,139770437042176,2002,0,1603.16,3442.27
10,139771349303296,1001,0,1341.54,1628.24
10,139772272050176,5005,1,1736.43,5609.06
10,139771248640000,2002,0,1159.34,1660.06
10,139772037169152,2002,0,1736.43,2690.07
10,139771366080512,2002,0,1341.54,1998.21
10,139771456258048,1001,0,1736.43,4697.16
10,139770122469376,0,0,1792.72,7188.71
10,139770277658624,2002,0,1603.16,3398.37
10,139771905048576,1001,0,1341.54,1939.74
10,139770581745664,1001,0,1792.72,4185.44
10,139772047654912,1001,0,1736.43,3383.23
10,139769619152896,11011,0,0,0
10,139772043460608,2002,0,1159.34,1028.59
10,139794128568320,7007,0,13836.6,13995.7
10,139769904365568,12012,0,0,0
10,139772053946368,4004,0,1660.25,2380.38
10,139771921825792,1001,0,1341.54,1627.33
10,139770984398848,0,0,1284.45,1755.95
10,139771382857728,2002,0,1341.54,2648.89
10,139771762442240,1001,0,1736.43,3342.4
10,139770011320320,2002,0,2610.5,6161.75
10,139770441236480,1001,0,1603.16,2928.79
10,139771777122304,1001,0,1660.25,2502.86
10,139771347206144,1001,0,1159.34,520.87
10,139770156023808,0,0,1792.72,8729.15
10,139772267855872,2002,1,1736.43,6041.38
10,139772263661568,1001,1,1736.43,9656.35
10,139771116519424,0,0,1284.45,1831.13
10,139770002931712,0,0,2102.23,4107.84
10,139770021806080,2002,0,2610.5,5648.27
10,139772137832448,2002,0,1736.43,3936.07
10,139771502395392,2002,0,1660.25,2141.72
10,139772326576128,8008,1,1736.43,6519.74
10,139772324478976,4004,0,1736.43,3970.58
10,139770304921600,1001,0,1792.72,9242.63
10,139794136956928,99099,1,92999.3,93918.4
10,139770539802624,0,0,1792.72,3999.64
10,139772165095424,4004,0,1736.43,4567.93
10,139770839695360,2002,0,1284.45,1933.27
10,139772148318208,3003,1,1736.43,6600.6
10,139771751956480,1001,0,1736.43,3943.11
10,139770141343744,0,0,1792.72,7188.71
10,139769600278528,18018,0,0,0
10,139770170703872,3003,0,1284.45,4107.84
10,139772297216000,4004,1,1736.43,7238.68
10,139770445430784,1001,0,1284.45,2884.89
10,139770929872896,0,0,1284.45,1676.61
10,139771206696960,0,0,1736.43,2843.69
10,139771600961536,0,0,1341.54,1951.24
10,139770697089024,0,0,1792.72,4415.13
10,139772030877696,3003,0,1736.43,3482.69
10,139772173484032,4004,0,1736.43,2927.5
10,139769640124416,9009,0,0,0
10,139772420947968,5005,1,1736.43,8128.85
10,139794071945216,4.0032e+07,1,4.38548e+07,3.45511e+07
10,139771489812480,0,0,1736.43,2884.35
10,139770032291840,3003,0,2610.5,10783.1
10,139771592572928,2002,0,1736.43,2839.54
10,139771458355200,1001,0,1341.54,1555.22
10,139772295118848,2002,1,1736.43,6080.31
10,139770575454208,1001,0,1102.25,1486.34
10,139770281852928,1001,0,1284.45,3354.47
10,139770957135872,0,0,1284.45,1534.72
10,139769858228224,2002,0,1920.03,3080.88
10,139772175581184,4004,0,1736.43,5259.47
10,139771875688448,1001,0,1736.43,3290.81
10,139769749176320,7007,0,0,0
10,139769898074112,23023,0,0,0
10,139770715963392,0,0,1603.16,2972.68
10,139772410462208,12012,1,1736.43,8299.32
10,139769755467776,9009,0,0,0
10,139769742884864,17017,0,0,0
10,139772318187520,4004,1,1736.43,4841
10,139769875005440,14014,0,0,0
10,139772402073600,11011,1,2188.82,11666.5
10,139772186066944,3003,0,1736.43,5500.67
10,139770248298496,2002,1,5159.11,21066
10,139794122276864,18018,1,15677.5,16571.5
10,139770973913088,0,0,1284.45,1680.76
10,139770663534592,1001,0,1284.45,2083.63
10,139769761759232,15015,0,0,0
10,139769736593408,16016,0,0,0
10,139771223474176,1001,0,1159.34,928.969
10,139772305604608,9009,1,1736.43,5691.22
10,139771896659968,2002,0,1736.43,3398.89
10,139771387052032,0,0,1736.43,3213.12
10,139771101839360,2002,0,1284.45,1897.84
10,139770535608320,1001,0,1792.72,4283.43
10,139770678214656,1001,0,1603.16,2739.01
10,139770571259904,3003,0,1792.72,3300.37
10,139769625444352,6006,0,0,0
10,139771093450752,1001,0,1792.72,3839.74
10,139770126663680,2002,0,1603.16,5134.79
10,139771886174208,2002,0,1660.25,2906.09
10,139770808238080,2002,0,1603.16,2459.53
10,139770940358656,0,0,1102.25,1234
10,139769768050688,7007,0,0,0
10,139771884077056,0,0,1736.43,3755.88
10,139769730301952,19019,0,0,0
10,139772150415360,6006,0,1736.43,2316.3
10,139794111791104,19019,1,22487.5,23724.4
10,139769984057344,0,0,2610.5,7188.71
10,139769606569984,17017,0,0,0
10,139771628224512,1001,0,1736.43,3094.4
10,139770042777600,2002,0,2610.5,6161.75
10,139770850181120,1001,0,1102.25,1304.86
10,139771783413760,0,0,1660.25,3060.23
10,139770309115904,0,0,1792.72,10783.1
10,139772313993216,5005,1,1736.43,4636.39
10,139770252492800,1001,0,1792.72,3530.06
10,139770797752320,2002,0,1284.45,1751.79
10,139772293021696,7007,1,1736.43,6934.36
10,139771877785600,3003,0,1736.43,3403.73
10,139771865202688,2002,0,1736.43,3289.73
10,139771919728640,2002,0,1736.43,3310.58
10,139770286047232,4004,0,1792.72,7374.51
10,139769774342144,11011,0,0,0
10,139771995226112,7007,0,1736.43,5731.77
10,139772286730240,5005,1,1736.43,7952.32
10,139769724010496,6006,0,0,0
10,139772177678336,4004,0,1736.43,4856.41
10,139794090819584,28028,1,31404.1,34249.8
10,139770567065600,1001,0,1603.16,2601.1
10,139771099742208,0,0,1284.45,1649.65
10,139772437725184,4004,1,1736.43,13022.2
10,139771607252992,4004,0,1341.54,1725.17
10,139769891782656,17017,0,0,0
10,139771730984960,2002,0,1341.54,2192.78
10,139771902951424,3003,0,1660.25,2379.12
10,139770160218112,0,0,1603.16,5134.79
10,139771766636544,1001,0,1736.43,3744.93
10,139772261564416,3003,1,1736.43,8006
10,139770692894720,0,0,1792.72,4840.81
10,139772181872640,2002,0,1736.43,3494.57
10,139770789363712,0,0,1603.16,2309.17
10,139770145538048,1001,0,1102.25,3080.88
10,139771737276416,1001,0,1341.54,1751.6
10,139770256687104,0,0,1792.72,4611.12
10,139770711769088,0,0,1284.45,2415.31
10,139772288827392,5005,0,1736.43,4375.53
10,139772276244480,10010,1,1736.43,7124.88
10,139794109693952,27027,1,27657.7,27399.3
10,139769579307008,11011,0,0,0
10,139769717719040,13013,0,0,0
10,139771743567872,2002,0,1736.43,2946.03
10,139772152512512,2002,1,1736.43,5800.49
10,139770963427328,1001,0,1284.45,1937.59
10,139769868713984,12012,0,1920.03,0
10,139772028780544,6006,0,1736.43,2663.29
10,139770562871296,1001,0,1284.45,2229.51
10,139772012003328,2002,0,1736.43,4529.26
10,139772032974848,5005,0,1736.43,3509.5
10,139772005711872,0,0,1736.43,2124.81
10,139772026683392,4004,0,1736.43,3896.01
10,139770174898176,6006,0,1792.72,5648.27
10,139770835501056,1001,0,1284.45,2079.48
10,139769612861440,10010,0,0,0
10,139769851936768,1001,0,2610.5,6675.23
10,139772404170752,21021,1,5952.77,17914
10,139772406267904,6006,1,2188.82,11865.6
10,139770015514624,2002,0,2610.5,6161.75
10,139770946650112,1001,0,1603.16,1724.83
10,139794082430976,45045,1,49956.1,58119.1
10,139772022489088,4004,0,1736.43,4075.84
10,139770290241536,1001,0,1792.72,9242.63
10,139769631735808,6006,0,0,0
10,139770258784256,1001,0,1603.16,3911.85
10,139770313310208,2002,0,1792.72,5648.27
10,139770130857984,2002,0,1792.72,6161.75
10,139769585598464,10010,0,0,0
10,139772139929600,6006,0,1736.43,2355.84
10,139771911340032,2002,0,1341.54,2170.66
10,139770026000384,0,0,2610.5,7702.19
10,139769711427584,86086,0,0,0
10,139770980204544,2002,0,1102.25,1739.01
10,139770659340288,1001,0,1792.72,2906.3
10,139770674020352,2002,0,1792.72,3331.82
10,139771632418816,0,0,1736.43,3077.85
10,139769996640256,1001,0,1920.03,2567.4
10,139771227668480,0,0,1341.54,2070.32
10,139772418850816,6006,1,1736.43,11191.7
10,139772303507456,8008,1,1736.43,5984.62
10,139772299313152,9009,1,1736.43,5128.02
10,139769885491200,14014,0,0,0
10,139771785510912,2002,0,1660.25,2531.09
10,139770558676992,2002,0,1102.25,1672.13
10,139771598864384,0,0,1341.54,2174.62
10,139771756150784,0,0,1660.25,2516.17
10,139771651293184,1001,0,1341.54,1263.5
10,139772058140672,3003,0,1660.25,1807
10,139771334623232,0,0,1660.25,2337.06
10,139771617738752,2002,0,1660.25,2668.14
10,139772127346688,4004,1,1736.43,4900.33
10,139771510784000,1001,0,1736.43,2261.34
10,139771789705216,3003,0,1736.43,4043.67
10,139770529316864,1001,0,1603.16,2928.79
10,139772290924544,9009,1,1736.43,6842.2
10,139771605155840,3003,0,1660.25,2223.91
10,139772190261248,2002,0,1736.43,5521.33
10,139771900854272,4004,0,1736.43,3400.88
10,139772425142272,6006,1,1736.43,9677.39
10,139771481423872,3003,0,1660.25,2252.33
10,139771059896320,1001,0,1284.45,1628.78
10,139771999420416,3003,0,1736.43,3356.45
10,139771735179264,0,0,1736.43,4512.72
10,139771890368512,3003,0,1736.43,3367.41
10,139771749859328,1001,0,1660.25,2168.51
10,139770262978560,0,0,1792.72,3955.74
10,139770707574784,4004,0,1792.72,3628.06
10,139771487715328,2002,0,1159.34,779.149
10,139770036486144,3003,0,2610.5,7702.19
10,139772171386880,5005,1,1736.43,6556.41
10,139770845986816,1001,0,1284.45,2845.3
10,139772024586240,3003,0,1660.25,3187.19
10,139769591889920,8008,0,0,0
10,139770688700416,0,0,1792.72,3715.86
10,139772448210944,7007,1,1736.43,7838.27
10,139769988251648,1001,0,2102.23,3594.36
10,139771779219456,1001,0,1341.54,1755.56
10,139769906462720,15015,0,0,0
10,139771221377024,2002,0,1159.34,1369.42
10,139771475132416,0,0,1159.34,1077.17
10,139769617055744,14014,0,0,0
10,139772444016640,5005,1,1736.43,10282.7
10,139771196211200,2002,0,1159.34,741.558
10,139770294435840,3003,0,1102.25,3080.88
10,139770554482688,0,0,1102.25,2141.72
10,139771613544448,2002,0,1660.25,2373.19
10,139770149732352,2002,0,1792.72,7702.19
10,139771514978304,3003,0,1341.54,1957.54
10,139772142026752,6006,0,1736.43,3378.63
10,139770814529536,1001,0,1792.72,3265.1
10,139770164412416,2002,0,1603.16,4621.31
10,139771072479232,0,0,1284.45,2119.06
10,139770804043776,0,0,1284.45,1494.97
10,139771242348544,0,0,1341.54,1844.77
10,139769862422528,2002,0,2102.23,4107.84
10,139793937727488,0,1,9111.05,0
10,139772269953024,8008,1,1736.43,7108.35
10,139771594670080,1001,0,1660.25,3293.31
10,139771519172608,0,0,1660.25,2365.64
10,139770952941568,1001,0,1284.45,1858.09
10,139770969718784,0,0,1603.16,2163.13
10,139771733082112,2002,0,1736.43,3974.07
10,139772009906176,0,0,1660.25,1438.31
10,139770116177920,1001,0,1792.72,7702.19
10,139772439822336,6006,1,1736.43,7503.69
10,139770822918144,0,0,1102.25,1739.01
10,139770267172864,1001,0,1102.25,2327.51
10,139770919387136,3003,0,1792.72,6922.12
10,139771764539392,3003,0,1736.43,3207.51
10,139770793558016,5005,0,1284.45,2557.36
10,139771468840960,1001,0,1341.54,1955.93
10,139769879199744,13013,0,0,0
10,139769638027264,7007,0,0,0
10,139770525122560,0,0,1792.72,3300.37
10,139771642904576,2002,0,1660.25,2289.92
10,139770135052288,0,0,1792.72,6675.23
10,139771768733696,1001,0,1660.25,2050.89
10,139769598181376,16016,0,0,0
10,139769845645312,46046,0,2610.5,18485.3
10,139771504492544,3003,0,1736.43,3064.91
10,139794078236672,124124,1,99503.5,105756
10,139771322040320,1001,0,1736.43,5064.59
10,139772412559360,4004,1,2785.45,15373.2
10,139769902268416,9009,0,0,0
10,139771745665024,0,0,1660.25,1562.23
10,139772320284672,6006,0,1736.43,6522.77
10,139770550288384,2002,0,1792.72,3344.27
10,139771879882752,1001,0,1736.43,3257.69
10,139770179092480,1001,0,1284.45,3594.36
10,139771231862784,1001,0,1341.54,1487.43
10,139771888271360,2002,0,1660.25,2767.59
10,139771624030208,0,0,1341.54,2310.4
10,139772014100480,4004,1,1736.43,6744.01
10,139770669826048,1001,0,1102.25,1123.39
10,139772284633088,5005,1,1736.43,6823.37
10,139770831306752,0,0,1284.45,1937.59
10,139770409779200,0,0,1603.16,3070.68
10,139770411876352,0,0,1792.72,3999.64
10,139770936164352,1001,0,1603.16,2486.5
10,139770405584896,2002,0,1102.25,1486.34
10,139770703380480,2002,0,1792.72,4786.71
10,139771907145728,1001,0,1660.25,2569.22
10,139770416070656,0,0,1792.72,5070.5
10,139770655145984,3003,0,1284.45,2809.87
10,139770401390592,0,0,1284.45,2699.09
10,139770298630144,0,0,1792.72,7188.71
10,139771372371968,2002,0,1736.43,3179.84
10,139770785169408,1001,0,1792.72,6471.04
10,139794118082560,9009,0,15677.5,18327.5
10,139770271367168,1001,0,1102.25,2141.72
10,139771787608064,1001,0,1341.54,2197.28
10,139770397196288,2002,0,1603.16,2786.89
10,139771114422272,3003,0,1603.16,2238.31
10,139769623347200,5005,0,0,0
10,139771460452352,0,0,1159.34,1003.07
10,139771363983360,1001,0,1660.25,2036.88
10,139771747762176,1001,0,1341.54,1749.99
10,139770422362112,0,0,1603.16,3114.58
10,139769747079168,11011,0,0,0
10,139769753370624,2002,0,0,0
10,139770009223168,0,0,2610.5,8215.67
10,139770684506112,0,0,1102.25,1814.03
10,139771649196032,4004,0,1341.54,2282.54
10,139771464646656,0,0,1660.25,3316.88
10,139770393001984,2002,0,1603.16,3584.16
10,139769740787712,11011,0,0,0
10,139771215085568,1001,0,1660.25,1637.79
10,139770019708928,3003,0,2610.5,5648.27
10,139769759662080,12012,0,0,0
10,139771330428928,1001,0,1341.54,1664.21
10,139770426556416,0,0,1603.16,2786.89
10,139769604472832,16016,0,0,0
10,139770000834560,0,0,2610.5,8729.15
10,139770546094080,1001,0,1284.45,2043.72
10,139771378663424,0,0,1341.54,1152.89
10,139771351400448,0,0,1660.25,2117.83
10,139772056043520,4004,0,1736.43,4083.96
10,139771246542848,0,0,1341.54,1525.01
10,139769734496256,9009,0,0,0
10,139794132762624,16016,0,13836.6,14856.5
10,139769895976960,10010,0,0,0
10,139770520928256,0,0,1792.72,3857.75
10,139772154609664,0,1,1736.43,6029.27
10,139769765953536,7007,0,0,0
10,139770120372224,4004,0,1792.72,8729.15
10,139771097645056,0,0,1792.72,3225.52
10,139770959233024,0,0,1284.45,1933.27
10,139771645001728,0,0,1660.25,2658.97
10,139770430750720,1001,0,1792.72,5070.5
10,139770153926656,1001,0,1792.72,7188.71
10,139769856131072,3003,0,2610.5,5648.27
10,139770841792512,0,0,1284.45,2588.65
10,139770030194688,3003,0,2102.23,4107.84
10,139770923581440,0,0,1102.25,1238.31
10,139769872908288,12012,0,0,0
10,139771517075456,0,0,1159.34,1733.62
10,139771621933056,1001,0,1736.43,3473.52
10,139770386710528,0,0,1792.72,3671.96
10,139769728204800,16016,0,0,0
10,139771634515968,1001,0,1341.54,2051.24
10,139770275561472,2002,0,1284.45,2043.72
10,139771603058688,3003,0,1736.43,3302.12
10,139771345108992,1001,0,1660.25,2140.64
10,139769772244992,11011,0,0,0
10,139770168606720,3003,0,1792.72,7702.19
10,139769992445952,2002,0,2610.5,7702.19
10,139770434945024,1001,0,1792.72,4141.54
10,139770976010240,0,0,1792.72,3048.19
10,139771892465664,4004,0,1660.25,1741.17
10,139771074576384,1001,0,1284.45,1424.11
10,139771210891264,1001,0,1341.54,2871.19
10,139770139246592,1001,0,1792.72,7702.19
10,139771236057088,3003,0,1660.25,2625
10,139770942455808,3003,0,1284.45,2004.3
10,139771355594752,2002,0,1159.34,1150.73
10,139770302824448,1001,0,1792.72,8729.15
10,139770382516224,1001,0,2841.74,13147.4
10,139772131540992,1001,1,1736.43,4753.79
10,139771521269760,2002,0,1660.25,1663.68
10,139771741470720,1001,0,1660.25,1586.51
10,139771477229568,1001,0,1660.25,2617.07
10,139769721913344,13013,0,0,0
10,139771640807424,0,0,1736.43,2961.69
10,139770699186176,0,0,1102.25,1672.13
10,139770541899776,1001,0,1792.72,3813.85
10,139770439139328,1001,0,1102.25,1672.13
10,139771909242880,1001,0,1736.43,2639.01
10,139771189919744,1001,0,1341.54,1741.01
10,139769577209856,68068,0,0,0
10,139771338817536,2002,0,1660.25,1933.65
10,139772454502400,6006,1,1736.43,4669.58
10,139771108130816,1001,0,1792.72,2826.97
10,139770040680448,4004,0,2610.5,10269.6
10,139769610764288,11011,0,0,0
10,139770810335232,1001,0,1603.16,2198.56
10,139771085062144,2002,0,1603.16,2158.81
10,139771483521024,0,0,1159.34,1115.3
10,139770579648512,1001,0,1792.72,4415.13
10,139772450308096,6006,1,1736.43,8152.45
10,139769629638656,14014,0,0,0
10,139772179775488,2002,1,1736.43,4494.38
10,139770665631744,0,0,1102.25,712.053
10,139769889685504,6006,0,0,0
10,139770818723840,0,0,1284.45,2008.45
10,139770799849472,0,0,1284.45,1463.85
10,139771328331776,1001,0,1660.25,2654.66
10,139770516733952,0,0,2841.74,13988.6
10,139770443333632,1001,0,1792.72,4557.02
10,139770279755776,1001,0,1603.16,3911.85
10,139771479326720,2002,0,1341.54,2430.74
10,139769981960192,3003,0,2610.5,6675.23
10,139769715621888,10010,0,0,0
10,139772460793856,3003,1,1736.43,5975.73
10,139772018294784,1001,0,1736.43,3231.98
10,139772135735296,4004,1,1736.43,4696.49
10,139770680311808,1001,0,1284.45,1787.06
10,139771198308352,2002,0,1736.43,3288.3
10,139772129443840,3003,1,1736.43,5118.24
10,139771204599808,1001,0,1341.54,1769.59
10,139771626127360,0,0,1341.54,1729.67
10,139770650951680,2002,1,2119.39,10634.9
10,139771225571328,2002,0,1736.43,3578.39
10,139769583501312,9009,0,0,0
10,139770577551360,1001,0,1792.72,3628.06
10,139770124566528,1001,0,1792.72,6675.23
10,139771473035264,1001,0,1341.54,1815.11
10,139771357691904,2002,0,1341.54,1411.17
10,139771066187776,0,0,1603.16,1939.58
10,139770827112448,1001,0,1603.16,2814.19
10,139770791460864,0,0,1102.25,937.594
10,139770925678592,1001,0,1284.45,1712.05
10,139772301410304,6006,0,1736.43,2810.21
10,139770447527936,0,0,1603.16,3114.58
10,139770537705472,2002,0,1284.45,2840.99
10,139771770830848,1001,0,1736.43,3044.76
10,139769866616832,4004,0,2610.5,6161.75
10,139772316090368,5005,1,1736.43,4508.4
10,139770965524480,1001,0,1603.16,2459.53
10,139772188164096,1001,0,1736.43,2346.73
10,139772144123904,6006,1,1736.43,3421.6
10,139771898757120,2002,0,1660.25,3202.12
10,139770307018752,3003,0,1792.72,9242.63
10,139771609350144,3003,0,1341.54,1154.67
10,139772162998272,3003,0,1736.43,4490.6
10,139771494006784,2002,0,1159.34,1330.76
10,139770948747264,2002,0,1603.16,2198.56
10,139770573357056,0,0,1792.72,5442.09
10,139771212988416,0,0,1660.25,2442.44
10,139769910657024,14014,0,0,0
10,139769849839616,7007,0,2102.23,3594.36
10,139771110227968,1001,0,1603.16,2375.89
10,139770158120960,1001,0,1792.72,8729.15
10,139771739373568,0,0,1660.25,2558.79
10,139772049752064,4004,0,1660.25,2282.54
10,139771368177664,0,0,1341.54,1926.8
10,139771324137472,3003,0,1341.54,1918.34
10,139772007809024,0,0,1736.43,5403.71
10,139771647098880,1001,0,1736.43,3430.19
10,139771512881152,1001,0,1159.34,1183.63
10,139769589792768,10010,0,0,0
10,139769614958592,16016,0,0,0
10,139772167192576,4004,0,1736.43,6715.92
10,139770283950080,0,0,1792.72,6195.46
10,139770143440896,0,0,1792.72,10269.6
10,139770250395648,1001,0,1792.72,4982.7
10,139771217182720,3003,0,1341.54,1376.81
10,139770694991872,1001,0,1792.72,3486.16
10,139770013417472,2002,0,1920.03,2567.4
10,139769883394048,15015,0,0,0
10,139772278341632,2002,1,1736.43,5853.99
10,139771332526080,0,0,1159.34,1078.79
10,139770927775744,0,0,1284.45,1463.85
10,139770005028864,1001,0,2420.95,4621.31
10,139770837598208,1001,0,1603.16,2486.5
10,139771202502656,0,0,1736.43,3466.7
10,139770982301696,1001,0,1284.45,2265.27
10,139771343011840,3003,0,1660.25,2767.43
10,139770172801024,0,0,1792.72,6161.75
10,139770713866240,0,0,1792.72,3628.06
10,139770569162752,0,0,1284.45,2884.89
10,139770023903232,2002,0,2610.5,6161.75
10,139771384954880,0,0,1660.25,2186.16
10,139771252834304,2002,0,1159.34,742.636
10,139772156706816,5005,0,1736.43,3655.55
10,139771057799168,2002,0,1284.45,1776.98
10,139794134859776,14014,0,14827.5,16257.8
10,139772311896064,3003,1,1736.43,7440.32
10,139769635930112,8008,0,0,0
10,139771192016896,2002,0,1341.54,1666.91
10,139794084528128,58058,1,49956.1,60033.2
10,139771997323264,4004,1,1736.43,3912.02
10,139771881979904,2002,0,1660.25,2317.44
10,139770533511168,1001,0,1284.45,2415.31
10,139794088722432,60060,1,42211.5,48399.8
10,139771112325120,0,0,1792.72,3751.62
10,139772001517568,4004,0,1736.43,4813.43
10,139794120179712,8008,0,14827.5,15958.3
10,139769994543104,2002,0,2420.95,4621.31
10,139770254589952,2002,0,1792.72,3530.06
10,139772433530880,10010,1,2188.82,11531.4
10,139770931970048,0,0,1102.25,1636.87
10,139794130665472,12012,0,14827.5,17494.6
10,139771863105536,2002,0,1736.43,3579.48
10,139771758247936,1001,0,1341.54,2699.95
10,139771187822592,2002,0,1736.43,3742.84
10,139794097111040,24024,1,29358.6,32779
10,139771781316608,2002,0,1736.43,2774.44
10,139769596084224,14014,0,0,0
10,139770661437440,2002,0,1284.45,1831.13
10,139771653390336,0,0,1660.25,2256.11
10,139770128760832,2002,0,1792.72,8215.67
10,139794126471168,6006,0,13836.6,14890.2
10,139771055702016,1001,0,1102.25,1403.78
10,139770034388992,5005,0,2610.5,9756.11
10,139770676117504,1001,0,1792.72,3538.86
10,139770564968448,0,0,1603.16,3256.47
10,139772265758720,6006,1,1736.43,4553.32
10,139770311213056,0,0,1792.72,11296.5
10,139771240251392,2002,0,1660.25,1962.78
10,139794105499648,28028,1,22487.5,24948.4
10,139771636613120,2002,0,1341.54,1375.17
10,139771370274816,0,0,1660.25,3020.48
10,139770288144384,0,0,1792.72,7188.71
10,139771078770688,0,0,1792.72,2609.89
10,139772458696704,6006,1,1736.43,6851.07
10,139771064090624,2002,0,1102.25,1405.4
10,139772282535936,12012,1,1736.43,7628.75
10,139771070382080,1001,0,1792.72,2428.41
10,139794101305344,20020,1,29358.6,31884.3
10,139772045557760,2002,1,1736.43,3321.56
10,139771374469120,2002,0,1159.34,593.894
10,139772016197632,4004,0,1736.43,4049.95
10,139771596767232,1001,0,1660.25,2749.78
10,139769860325376,3003,0,2610.5,8729.15
10,139771496103936,1001,0,1736.43,2480.95
10,139770955038720,0,0,1792.72,3415.46
10,139794099208192,20020,1,27657.7,28369.4
10,139771361886208,2002,0,1159.34,966.02
10,139769621250048,10010,0,0,0
10,139770848083968,1001,0,1102.25,787.234
10,139769986154496,1001,0,2420.95,5134.79
10,139771238154240,1001,0,1341.54,2393.69
10,139771491909632,2002,0,1660.25,2549.28
10,139770971815936,3003,0,1792.72,4659.5
10,139794103402496,25025,1,33838.7,38001.9
10,139771080867840,2002,0,1792.72,4217.04
10,139770806140928,0,0,1102.25,1526.25
10,139769877102592,13013,0,0,0
10,139770816626688,1001,0,1102.25,1707.73
10,139771219279872,0,0,1660.25,2338.14
10,139771076673536,0,0,1603.16,2309.17
10,139769900171264,19019,0,0,0
10,139771200405504,0,0,1736.43,2262.42
10,139772280438784,5005,1,1736.43,6503.61
10,139771470938112,1001,0,1660.25,2730.38
10,139770531414016,1001,0,1102.25,1857.93
10,139794092916736,38038,1,38185.9,41475.6
10,139770560774144,0,0,1102.25,1486.34
10,139771760345088,1001,0,1660.25,2156.47
10,139771091353600,2002,0,1603.16,2849.62
10,139770709671936,1001,0,1284.45,2513.3
10,139770690797568,2002,0,1792.72,5212.4
10,139771993128960,7007,0,1736.43,4254.99
10,139771233959936,0,0,1159.34,928.429
10,139772309798912,6006,0,1736.43,6772.04
10,139771340914688,1001,0,1660.25,2505.38
10,139771500298240,1001,0,1341.54,2217.44
10,139769602375680,6006,0,0,0
10,139770795655168,0,0,1792.72,2835.43
10,139794113888256,15015,1,19790.9,24122.4
10,139770044874752,0,0,2610.5,9242.63
10,139770162315264,0,0,1792.72,5648.27
10,139770147635200,3003,0,1603.16,5134.79
11,139771898757120,3003,0,1660.25,2378.84
11,139771726790656,3003,0,1660.25,2922.52
11,139770537705472,1001,0,1284.45,2110.6
11,139770957135872,1001,0,1102.25,707.203
11,139771917631488,1001,0,1341.54,1668.27
11,139772162998272,2002,1,1736.43,3490.26
11,139770294435840,2002,0,1284.45,2655.2
11,139794088722432,45045,1,44492.2,50968
11,139769342328832,14014,0,0,0
11,139769864519680,2002,0,2420.95,2742.99
11,139769357008896,7007,0,0,0
11,139769451380736,11011,0,0,0
11,139769763856384,0,0,2102.23,3594.36
11,139771212988416,0,0,1341.54,1115.46
11,139794136956928,100100,1,86837.7,89736
11,139769373786112,18018,0,0,0
11,139770564968448,0,0,1102.25,1273.75
11,139769472352256,2002,0,0,0
11,139770653048832,1001,0,1102.25,446.768
11,139772022489088,3003,0,1736.43,3814.31
11,139771322040320,2002,0,1736.43,3092.94
11,139771772928000,0,0,1341.54,2061.18
11,139772183969792,2002,0,1736.43,3207.84
11,139771382857728,1001,0,1341.54,2122.64
11,139770158120960,0,0,1792.72,3671.96
11,139772192358400,3003,0,1736.43,3476.56
11,139770950844416,0,0,1102.25,891.378
11,139771489812480,1001,0,1341.54,1308.8
11,139771913437184,2002,0,1341.54,2365
11,139772307701760,5005,1,1736.43,6075.85
11,139771905048576,1001,0,1159.34,1421.9
11,139772129443840,5005,1,1736.43,3778.23
11,139771915534336,2002,0,1660.25,1768.14
11,139769627541504,2002,0,2610.5,7702.19
11,139769476546560,12012,0,0,0
11,139771858911232,1001,0,1736.43,4139.2
11,139771192016896,0,0,1159.34,1781.45
11,139769774342144,2002,0,2610.5,5648.27
11,139769765953536,0,0,2102.23,3594.36
11,139772133638144,2002,1,1736.43,4716.89
11,139769755467776,3003,0,2420.95,4621.31
11,139771118616576,1001,0,1284.45,1778.06
11,139771512881152,0,0,1159.34,1016.54
11,139769457672192,9009,0,0,0
11,139771615641600,0,0,1341.54,1586.85
11,139770686603264,1001,0,1102.25,526.261
11,139770711769088,2002,0,1102.25,977.341
11,139770000834560,1001,0,2610.5,3158.48
11,139772397879296,6006,1,1736.43,6284.27
11,139794113888256,19019,1,17938.5,17734
11,139772018294784,1001,0,1660.25,1940.61
11,139769187139584,13013,0,0,0
11,139769214402560,12012,0,0,0
11,139770692894720,0,0,1603.16,1870.87
11,139770548191232,1001,0,1284.45,1313.49
11,139771630321664,1001,0,1341.54,1424.46
11,139772441919488,8008,1,1736.43,5289.93
11,139794071945216,4.24244e+07,1,4.38045e+07,3.49166e+07
11,139770283950080,0,0,1792.72,2353.07
11,139771072479232,1001,0,1102.25,895.152
11,139769461866496,18018,0,0,0
11,139770655145984,0,0,1284.45,2657.89
11,139772416753664,11011,1,2063.1,12834.3
11,139794122276864,28028,1,14827.5,16279.1
11,139771479326720,1001,0,1341.54,2059.51
11,139771789705216,4004,0,1736.43,3247.64
11,139771638710272,3003,0,1341.54,1513.22
11,139772041363456,2002,0,1341.54,1452.1
11,139771363983360,2002,0,1341.54,1468.51
11,139772425142272,10010,1,1736.43,7189.36
11,139769445089280,10010,0,0,0
11,139770413973504,0,0,1792.72,2609.89
11,139771517075456,2002,0,1159.34,752.875
11,139769459769344,7007,0,0,0
11,139771095547904,1001,0,1284.45,1955.93
11,139770007126016,0,0,2420.95,2786.89
11,139772427239424,9009,1,1736.43,9630.47
11,139794111791104,20020,1,19790.9,19950
11,139771785510912,1001,0,1341.54,2195.08
11,139770304921600,0,0,1792.72,3857.75
11,139769768050688,3003,0,2102.23,3594.36
11,139770409779200,1001,0,1102.25,1198.57
11,139770166509568,1001,0,1792.72,3486.16
11,139769883394048,0,0,2610.5,7702.19
11,139771749859328,2002,0,1341.54,1601.38
11,139772148318208,3003,1,1736.43,4404.63
11,139769625444352,3003,0,1920.03,3080.88
11,139772146221056,6006,0,1736.43,3303.48
11,139771103936512,1001,0,1284.45,1449.3
11,139770971815936,1001,0,1792.72,3402.15
11,139772429336576,3003,1,1736.43,3377.73
11,139769904365568,1001,0,2610.5,6161.75
11,139769984057344,0,0,2420.95,2601.1
11,139770254589952,1001,0,1603.16,2455.38
11,139771078770688,1001,0,1284.45,1153.43
11,139772295118848,4004,1,1736.43,3671.72
11,139771642904576,5005,0,1341.54,2087.02
11,139772263661568,6006,1,1736.43,4532.94
11,139770799849472,1001,0,1102.25,705.047
11,139769442992128,70070,0,0,0
11,139769996640256,1001,0,1920.03,1442.44
11,139769719816192,0,0,2610.5,5648.27
11,139771099742208,0,0,1102.25,780.227
11,139772431433728,3003,1,1736.43,10955.2
11,139770684506112,0,0,1102.25,712.053
11,139770535608320,1001,0,1603.16,2158.81
11,139769898074112,1001,0,2610.5,11810
11,139769336037376,11011,0,0,0
11,139769600278528,0,0,2610.5,9242.63
11,139772322381824,3003,1,1736.43,4729.66
11,139769489129472,10010,0,0,0
11,139772456599552,5005,1,1736.43,6288.7
11,139770005028864,2002,0,2102.23,2185.61
11,139794090819584,33033,1,27657.7,28528
11,139771244445696,1001,0,1341.54,1507.36
11,139769203916800,16016,0,0,0
11,139771923922944,1001,0,1341.54,1412.95
11,139769593987072,0,0,2610.5,9242.63
11,139770934067200,1001,0,1102.25,1582.72
11,139771053604864,2002,0,1792.72,3850
11,139772320284672,2002,1,1736.43,5776
11,139770969718784,1001,0,1102.25,966.02
11,139769711427584,2002,0,15145.8,44159.2
11,139772414656512,8008,1,1736.43,10865
11,139770441236480,2002,0,1284.45,1676.61
11,139794109693952,23023,1,27657.7,25549.6
11,139769889685504,2002,0,1920.03,3080.88
11,139769363300352,14014,0,0,0
11,139770388807680,2002,0,1102.25,1048.21
11,139769761759232,2002,0,2610.5,7702.19
11,139770520928256,0,0,1284.45,1539.03
11,139772024586240,3003,0,1660.25,2896.02
11,139771456258048,2002,0,1736.43,3090.94
11,139770801946624,2002,0,1102.25,296.408
11,139771326234624,0,0,1159.34,1226.96
11,139770701283328,0,0,1102.25,1451.07
11,139772047654912,3003,0,1660.25,2012.03
11,139794082430976,40040,1,44492.2,47012.8
11,139770835501056,0,0,1102.25,1403.78
11,139771082964992,0,0,1284.45,1405.94
11,139769346523136,9009,0,0,0
11,139770252492800,2002,0,1603.16,1941.9
11,139770445430784,2002,0,1102.25,1636.87
11,139769178750976,6006,0,0,0
11,139771202502656,2002,0,1341.54,1474.28
11,139770829209600,1001,0,1603.16,1665.83
11,139772408365056,7007,1,1736.43,5472.9
11,139770420264960,2002,0,1284.45,1751.79
11,139770145538048,1001,0,1102.25,1628.24
11,139771611447296,0,0,1341.54,1824.43
11,139772326576128,7007,1,1736.43,6896.65
11,139770931970048,1001,0,1102.25,706.663
11,139772272050176,4004,1,1736.43,5068.02
11,139794132762624,6006,0,13836.6,14570
11,139770030194688,1001,0,2102.23,3026.78
11,139769585598464,2002,0,2420.95,5134.79
11,139771210891264,0,0,1159.34,1676.07
11,139771061993472,1001,0,1284.45,1499.09
11,139772435628032,4004,1,1736.43,7185.63
11,139769629638656,1001,0,2610.5,7188.71
11,139771743567872,2002,0,1660.25,2319.28
11,139772037169152,2002,0,1660.25,2280.4
11,139772173484032,5005,0,1736.43,3412.07
11,139769503809536,14014,0,0,0
11,139794118082560,19019,0,13836.6,12250.7
11,139769875005440,2002,0,2610.5,7188.71
11,139770812432384,0,0,1102.25,817.276
11,139772016197632,3003,0,1736.43,3783.98
11,139771762442240,0,0,1341.54,1961.32
11,139770581745664,1001,0,1603.16,2163.13
11,139771068284928,0,0,1102.25,594.972
11,139770160218112,1001,0,1102.25,1857.93
11,139772446113792,8008,1,1736.43,4618.39
11,139771871494144,0,0,1159.34,1609.5
11,139769497518080,11011,0,0,0
11,139772186066944,4004,0,1736.43,3829.37
11,139794099208192,26026,1,22487.5,22258.1
11,139770982301696,1001,0,1102.25,1478.96
11,139771200405504,1001,0,1341.54,1066.18
11,139771865202688,0,0,1736.43,2499.48
11,139769598181376,2002,0,2610.5,8215.67
11,139772420947968,10010,1,1736.43,6099.68
11,139769193431040,5005,0,0,0
11,139769495420928,8008,0,0,0
11,139772165095424,2002,0,1736.43,4046.17
11,139771884077056,2002,0,1341.54,1556.91
11,139770032291840,2002,0,2610.5,5442.09
11,139793937727488,0,1,9111.05,0
11,139770258784256,1001,0,1284.45,2008.45
11,139770543996928,0,0,1603.16,2778.75
11,139769610764288,2002,0,2610.5,5648.27
11,139771366080512,1001,0,1341.54,1936.66
11,139769623347200,2002,0,1920.03,2567.4
11,139770416070656,0,0,1603.16,1985.8
11,139771475132416,1001,0,1159.34,541.001
11,139772402073600,5005,1,2188.82,10760.3
11,139772286730240,7007,1,1736.43,5848.09
11,139769220694016,3003,0,0,0
11,139772032974848,1001,0,1736.43,4149.26
11,139771187822592,0,0,1736.43,3143.64
11,139769742884864,1001,0,2610.5,8729.15
11,139772313993216,1001,1,1736.43,4669.79
11,139771875688448,2002,0,1660.25,2000.74
11,139769747079168,1001,0,2610.5,5648.27
11,139770713866240,0,0,1284.45,1424.11
11,139769772244992,3003,0,2610.5,5648.27
11,139772030877696,4004,0,1736.43,3156.53
11,139772276244480,5005,1,1736.43,8276.1
11,139794078236672,108108,1,111777,107227
11,139771624030208,1001,0,1159.34,1040.68
11,139772053946368,4004,0,1660.25,3099.44
11,139771645001728,0,0,1159.34,1156.47
11,139769724010496,2002,0,1920.03,3080.88
11,139771116519424,0,0,1102.25,820.512
11,139770539802624,0,0,1284.45,1574.47
11,139772406267904,7007,1,1736.43,8097.61
11,139771108130816,1001,0,1284.45,1739.39
11,139794120179712,12012,0,12510.2,10830.4
11,139770290241536,0,0,1792.72,3857.75
11,139771600961536,1001,0,1159.34,891.267
11,139772175581184,3003,0,1736.43,4234.72
11,139772137832448,8008,0,1660.25,2689.57
11,139771886174208,4004,0,1341.54,2241.8
11,139771751956480,1001,0,1660.25,2232.92
11,139771995226112,3003,0,1736.43,5920.27
11,139771921825792,1001,0,1159.34,1321.64
11,139769369591808,13013,0,0,0
11,139770002931712,0,0,1920.03,1486.34
11,139769352814592,10010,0,0,0
11,139771353497600,1001,0,1341.54,1796.39
11,139772028780544,1001,0,1736.43,4330.77
11,139771502395392,1001,0,1341.54,1994.22
11,139771248640000,3003,0,1159.34,1764.91
11,139772288827392,7007,0,1736.43,4469.3
11,139771361886208,6006,0,1159.34,1570.65
11,139770554482688,0,0,1102.25,822.666
11,139769579307008,0,0,2610.5,5648.27
11,139772299313152,3003,1,1736.43,6941.35
11,139794134859776,14014,0,14827.5,14050.3
11,139772181872640,2002,0,1660.25,2505.79
11,139771215085568,0,0,1341.54,1324.27
11,139771101839360,0,0,1284.45,1845.85
11,139770575454208,1001,0,1102.25,1114.92
11,139769210208256,7007,0,0,0
11,139771252834304,0,0,1159.34,1440.8
11,139770170703872,1001,0,1284.45,3026.78
11,139770919387136,0,0,1792.72,4768.18
11,139772305604608,5005,1,1736.43,7105.64
11,139771206696960,1001,0,1341.54,1241.01
11,139771347206144,1001,0,1159.34,819.589
11,139769730301952,0,0,2610.5,9756.11
11,139770126663680,0,0,1284.45,2884.89
11,139771487715328,1001,0,1159.34,1504.82
11,139794126471168,10010,0,11190.9,9305.01
11,139771777122304,0,0,1341.54,1687.04
11,139770929872896,1001,0,1102.25,742.636
11,139770715963392,0,0,1284.45,1202.88
11,139771730984960,1001,0,1341.54,2040.41
11,139772412559360,15015,1,1736.43,8269.82
11,139771760345088,2002,0,1341.54,1552.62
11,139772026683392,1001,0,1736.43,3699.79
11,139769606569984,1001,0,2610.5,8729.15
11,139770128760832,0,0,1792.72,3999.64
11,139771900854272,4004,0,1736.43,3620.13
11,139770678214656,0,0,1284.45,1628.78
11,139771093450752,1001,0,1792.72,2222.14
11,139771189919744,0,0,1159.34,1314.38
11,139769868713984,2002,0,2610.5,6161.75
11,139769728204800,0,0,2610.5,8215.67
11,139771242348544,1001,0,1159.34,822.478
11,139794105499648,22022,1,22487.5,24921.6
11,139770015514624,4004,0,2420.95,3256.47
11,139772404170752,14014,1,5952.77,18287.3
11,139771999420416,4004,0,1736.43,3035.43
11,139772127346688,6006,1,1736.43,4859.82
11,139771607252992,3003,0,1660.25,2885.21
11,139770850181120,0,0,1102.25,1074.64
11,139769310871552,11011,0,0,0
11,139769327648768,12012,0,0,0
11,139770697089024,1001,0,1603.16,1764.57
11,139771504492544,1001,0,1660.25,2857.7
11,139769736593408,3003,0,2610.5,8215.67
11,139771735179264,1001,0,1660.25,1904.43
11,139769862422528,1001,0,2102.23,2513.3
11,139772058140672,2002,0,1660.25,2456.12
11,139769319260160,14014,0,0,0
11,139771387052032,1001,0,1341.54,1410.07
11,139772311896064,5005,1,1736.43,4703.27
11,139771770830848,0,0,1660.25,1884.81
11,139770307018752,1001,0,1792.72,4884.71
11,139771764539392,4004,0,1660.25,2941.95
11,139771896659968,3003,0,1736.43,2570.7
11,139770791460864,0,0,1102.25,445.69
11,139770120372224,0,0,1792.72,5212.4
11,139770948747264,0,0,1284.45,1994.06
11,139772437725184,3003,1,1736.43,7153.38
11,139770262978560,1001,0,1284.45,1534.72
11,139770546094080,3003,0,1102.25,1340.46
11,139771372371968,2002,0,1660.25,2417.25
11,139771756150784,1001,0,1159.34,1147.73
11,139769501712384,13013,0,0,0
11,139772418850816,8008,1,1736.43,7821.79
11,139769849839616,1001,0,2610.5,4894.91
11,139769199722496,10010,0,0,0
11,139770401390592,0,0,1102.25,1048.21
11,139770797752320,0,0,1284.45,1806.65
11,139771598864384,1001,0,1159.34,948.824
11,139769721913344,1001,0,2610.5,6675.23
11,139771225571328,0,0,1660.25,2457.72
11,139771632418816,1001,0,1341.54,1349.61
11,139769986154496,1001,0,2102.23,2371.41
11,139772439822336,4004,1,1736.43,6368.74
11,139771231862784,6006,0,1159.34,1250.16
11,139772049752064,1001,0,1660.25,3110.75
11,139771747762176,1001,0,1159.34,1384.44
11,139772171386880,2002,1,1736.43,5408.89
11,139770973913088,0,0,1102.25,746.411
11,139772056043520,3003,0,1736.43,3756.27
11,139794101305344,37037,1,25027.4,23605
11,139770936164352,1001,0,1284.45,1555.22
11,139770940358656,2002,0,1102.25,558.999
11,139771651293184,2002,0,1159.34,1161.13
11,139770135052288,0,0,1284.45,2415.31
11,139770980204544,1001,0,1102.25,1733.08
11,139771779219456,0,0,1159.34,1368.84
11,139772014100480,4004,1,1736.43,4855.18
11,139771649196032,2002,0,1660.25,3065.96
11,139772265758720,3003,1,1736.43,5183.88
11,139772135735296,3003,1,1736.43,4185.47
11,139771737276416,0,0,1159.34,1323.92
11,139769612861440,5005,0,2420.95,5134.79
11,139771733082112,2002,0,1660.25,2681.51
11,139769589792768,1001,0,2420.95,5134.79
11,139772177678336,2002,0,1736.43,4152.29
11,139769359106048,12012,0,0,0
11,139771621933056,1001,0,1341.54,1980.15
11,139771510784000,1001,0,1341.54,1589.01
11,139771892465664,2002,0,1660.25,2944.45
11,139771481423872,2002,0,1660.25,2545.83
11,139771997323264,3003,1,1736.43,3865.77
11,139771613544448,3003,0,1660.25,2148.61
11,139771879882752,1001,0,1660.25,1977.6
11,139769174556672,62062,0,0,0
11,139772152512512,2002,1,1736.43,3561.96
11,139769591889920,2002,0,2102.23,4107.84
11,139772009906176,1001,0,1159.34,819.596
11,139770393001984,0,0,1284.45,2411.32
11,139769715621888,2002,0,2420.95,5134.79
11,139771766636544,3003,0,1660.25,2167.22
11,139771911340032,1001,0,1341.54,2013.51
11,139771787608064,1001,0,1159.34,1520.68
11,139771919728640,2002,0,1660.25,2518.32
11,139770143440896,2002,0,1792.72,3715.86
11,139772139929600,2002,0,1736.43,4357.8
11,139771500298240,3003,0,1159.34,1476.97
11,139770179092480,1001,0,1102.25,1814.03
11,139771059896320,0,0,1102.25,1254.12
11,139771483521024,1001,0,1159.34,554.851
11,139772190261248,4004,1,1736.43,3375.87
11,139794103402496,37037,1,29358.6,28574.2
11,139771345108992,0,0,1341.54,1490.09
11,139771477229568,0,0,1341.54,1652.68
11,139771521269760,1001,0,1341.54,1881.8
11,139771514978304,2002,0,1341.54,2382.34
11,139770963427328,0,0,1102.25,1368.35
11,139771227668480,2002,0,1159.34,933.631
11,139771468840960,0,0,1159.34,1405.56
11,139769333940224,9009,0,0,0
11,139772290924544,7007,1,1736.43,7487.28
11,139771334623232,0,0,1341.54,1071.76
11,139771603058688,1001,0,1660.25,2993.13
11,139771357691904,2002,0,1341.54,1735.94
11,139771519172608,0,0,1159.34,1056.29
11,139772278341632,6006,1,1736.43,3583.92
11,139771741470720,3003,0,1341.54,1353.58
11,139769988251648,1001,0,1920.03,1814.03
11,139772142026752,6006,0,1736.43,4582.18
11,139769189236736,6006,0,0,0
11,139772154609664,2002,1,1736.43,2646.77
11,139771246542848,1001,0,1159.34,719.061
11,139769216499712,9009,0,0,0
11,139770313310208,2002,0,1603.16,3070.68
11,139772433530880,8008,1,1736.43,10035.1
11,139772301410304,7007,0,1736.43,4449.96
11,139772007809024,4004,0,1736.43,2239.03
11,139772005711872,0,0,1341.54,1148.22
11,139771594670080,1001,0,1341.54,1889.36
11,139794092916736,25025,1,34839.2,36800.1
11,139771196211200,1001,0,1159.34,1450.15
11,139769308774400,79079,0,0,0
11,139769604472832,1001,0,2610.5,8215.67
11,139771064090624,1001,0,1102.25,1637.75
11,139770923581440,0,0,1102.25,593.894
11,139769877102592,1001,0,2610.5,6675.23
11,139771221377024,2002,0,1159.34,1677.49
11,139770925678592,3003,0,1102.25,1257.19
11,139770837598208,1001,0,1284.45,1555.22
11,139770659340288,1001,0,1603.16,1780.22
11,139771909242880,1001,0,1341.54,1755.17
11,139769872908288,2002,0,2610.5,6161.75
11,139769845645312,2002,1,10680.2,30308.6
11,139772131540992,4004,1,1736.43,2583.24
11,139771634515968,2002,0,1159.34,1481.47
11,139770267172864,0,0,1102.25,1411.33
11,139771328331776,0,0,1341.54,1635.06
11,139771881979904,1001,0,1341.54,2101.61
11,139771626127360,1001,0,1159.34,825.036
11,139771330428928,0,0,1159.34,1327.5
11,139771236057088,0,0,1660.25,2686.84
11,139770952941568,1001,0,1102.25,1296.4
11,139769617055744,5005,0,2610.5,7188.71
11,139771114422272,0,0,1603.16,2543.51
11,139771355594752,1001,0,1159.34,1582.89
11,139770804043776,0,0,1102.25,671.23
11,139770814529536,0,0,1284.45,1857.02
11,139769893879808,0,0,2610.5,7702.19
11,139770665631744,0,0,1102.25,334.537
11,139772167192576,3003,0,1736.43,4784.97
11,139770558676992,1001,0,1102.25,1703.58
11,139770707574784,1001,0,1792.72,3478.02
11,139770688700416,0,0,1284.45,1503.6
11,139771324137472,0,0,1341.54,2377.84
11,139772179775488,2002,1,1736.43,3111.02
11,139771464646656,2002,0,1341.54,1359.35
11,139771070382080,1001,0,1603.16,1626.63
11,139769449283584,14014,0,0,0
11,139770793558016,0,0,1792.72,3611.29
11,139771907145728,2002,0,1341.54,1695.45
11,139771460452352,5005,0,1159.34,566.896
11,139769487032320,23023,0,0,0
11,139770822918144,1001,0,1102.25,706.123
11,139769206013952,8008,0,0,0
11,139769365397504,8008,0,0,0
11,139770657243136,0,0,1102.25,1257.19
11,139772450308096,9009,1,1736.43,6508.25
11,139771085062144,1001,0,1284.45,1958.08
11,139769484935168,14014,0,0,0
11,139769348620288,12012,0,0,0
11,139771340914688,1001,0,1341.54,1623.9
11,139770785169408,2002,0,1792.72,3518.92
11,139769753370624,3003,0,1920.03,1026.96
11,139769466060800,11011,0,0,0
11,139770831306752,0,0,1102.25,854.867
11,139771076673536,1001,0,1102.25,1005.23
11,139770810335232,0,0,1284.45,1480.58
11,139771332526080,3003,0,1159.34,563.123
11,139769180848128,7007,0,0,0
11,139770525122560,1001,0,1284.45,1313.49
11,139770149732352,1001,0,1792.72,3813.85
11,139770669826048,0,0,1102.25,1034.35
11,139769734496256,4004,0,2420.95,4621.31
11,139771343011840,0,0,1660.25,2753.74
11,139771494006784,0,0,1159.34,1632.17
11,139771596767232,0,0,1341.54,1776.2
11,139769642221568,2002,0,2610.5,5648.27
11,139769992445952,0,0,2610.5,3813.85
11,139772316090368,3003,1,1736.43,4513.83
11,139770550288384,0,0,1603.16,2380.2
11,139771473035264,1001,0,1159.34,1360.78
11,139772045557760,1001,1,1736.43,2634.99
11,139771470938112,0,0,1341.54,1703.58
11,139771055702016,0,0,1102.25,1174.44
11,139770430750720,0,0,1792.72,2499.28
11,139772458696704,7007,1,1736.43,6076.53
11,139770942455808,1001,0,1284.45,2393.69
11,139771066187776,0,0,1102.25,877.343
11,139769879199744,1001,0,2610.5,6675.23
11,139771204599808,2002,0,1159.34,1298.91
11,139770976010240,0,0,1284.45,1302.17
11,139771655487488,2002,0,1341.54,1830.55
11,139772280438784,4004,1,1736.43,5346.18
11,139772454502400,1001,1,1736.43,5224.83
11,139769608667136,2002,0,2102.23,4107.84
11,139771993128960,1001,1,1736.43,6060.81
11,139770841792512,2002,0,1102.25,1041.2
11,139771240251392,2002,0,1341.54,1935.59
11,139771380760576,1001,0,1159.34,1223.73
11,139771647098880,0,0,1341.54,1923.73
11,139769331843072,11011,0,0,0
11,139770019708928,1001,0,2420.95,3584.16
11,139770405584896,1001,0,1102.25,1628.4
11,139769317163008,8008,0,0,0
11,139770411876352,2002,0,1284.45,1574.47
11,139769902268416,3003,0,2420.95,4621.31
11,139770397196288,2002,0,1284.45,2154.66
11,139771890368512,4004,0,1736.43,3069.45
11,139771370274816,4004,0,1159.34,1246.04
11,139770023903232,1001,0,2420.95,3256.47
11,139771217182720,1001,0,1341.54,2238.99
11,139769195528192,7007,0,0,0
11,139771781316608,0,0,1660.25,2274.15
11,139772144123904,4004,1,1736.43,4705.98
11,139771739373568,5005,0,1159.34,1155.33
11,139772303507456,6006,1,1736.43,6763.54
11,139769455575040,17017,0,0,0
11,139770271367168,0,0,1102.25,1336.15
11,139771368177664,0,0,1159.34,876.076
11,139770426556416,0,0,1102.25,1127.7
11,139770699186176,0,0,1102.25,676.621
11,139771080867840,1001,0,1792.72,2736.15
11,139771233959936,2002,0,1159.34,489.021
11,139770965524480,0,0,1284.45,1592.81
11,139771867299840,4004,0,1660.25,2799.13
11,139769854033920,2002,0,1920.03,1999.82
11,139771374469120,1001,0,1159.34,1388.82
11,139770541899776,2002,0,1603.16,2012.77
11,139770017611776,3003,0,2102.23,2557.2
11,139769329745920,5005,0,0,0
11,139770650951680,0,1,1792.72,5507.57
11,139770382516224,1001,0,1792.72,5811.52
11,139769478643712,16016,0,0,0
11,139770680311808,1001,0,1102.25,1263.12
11,139769732399104,2002,0,2610.5,6675.23
11,139769577209856,0,0,9810.52,34916.6
11,139770118275072,0,0,1603.16,2972.68
11,139770516733952,0,0,1792.72,5594.45
11,139770434945024,0,0,1603.16,2123.38
11,139772169289728,5005,1,1736.43,5735.02
11,139772001517568,5005,0,1736.43,4023.9
11,139771250737152,1001,0,1660.25,2699.61
11,139772156706816,4004,1,1736.43,4215.99
11,139769621250048,2002,0,2420.95,5134.79
11,139769581404160,1001,0,1920.03,3080.88
11,139769908559872,1001,0,2610.5,6161.75
11,139771238154240,1001,0,1159.34,1522.83
11,139769354911744,15015,0,0,0
11,139772051849216,6006,0,1736.43,3090.69
11,139769371688960,8008,0,0,0
11,139770153926656,1001,0,1603.16,3114.58
11,139771863105536,2002,0,1660.25,2555.1
11,139770667728896,0,0,1102.25,1331.3
11,139771378663424,2002,0,1159.34,609.525
11,139771097645056,1001,0,1284.45,1338.68
11,139772020391936,1001,0,1660.25,2886.07
11,139770302824448,0,0,1792.72,3671.96
11,139770577551360,1001,0,1284.45,1937.59
11,139769340231680,17017,0,0,0
11,139770139246592,0,0,1792.72,3300.37
11,139770168606720,0,0,1792.72,4327.33
11,139772309798912,4004,1,1736.43,5882.22
11,139770443333632,1001,0,1603.16,2313.49
11,139770676117504,1001,0,1792.72,2042.81
11,139770428653568,0,0,1603.16,1870.87
11,139771194114048,0,0,1159.34,732.185
11,139770418167808,0,0,1284.45,1685.08
11,139770961330176,1001,0,1792.72,2300.55
11,139770279755776,0,0,1284.45,2008.45
11,139770955038720,1001,0,1284.45,1417.64
11,139771091353600,4004,0,1284.45,2180.39
11,139769212305408,4004,0,0,0
11,139772188164096,4004,0,1341.54,1693.77
11,139770705477632,3003,0,1102.25,1163.13
11,139771609350144,2002,0,1341.54,2189.43
11,139770447527936,0,0,1102.25,1238.31
11,139769508003840,14014,0,0,0
11,139769185042432,5005,0,0,0
11,139771640807424,0,0,1341.54,1327.15
11,139769453477888,11011,0,0,0
11,139770661437440,1001,0,1284.45,1847.47
11,139770573357056,3003,0,1792.72,2136.16
11,139770827112448,1001,0,1284.45,1665.83
11,139770432847872,0,0,1102.25,1198.57
11,139770533511168,0,0,1102.25,1490.82
11,139770569162752,1001,0,1102.25,1123.39
11,139769635930112,1001,0,2102.23,4107.84
11,139770124566528,0,0,1603.16,2928.79
11,139770806140928,0,0,1102.25,668.534
11,139771110227968,1001,0,1284.45,1517.09
11,139769583501312,1001,0,2420.95,4621.31
11,139769726107648,0,0,2610.5,7188.71
11,139770816626688,0,0,1102.25,1222.3
11,139769981960192,1001,0,2610.5,3955.74
11,139770682408960,2002,0,1102.25,1052.52
11,139770040680448,2002,0,2610.5,5769.77
11,139771724693504,1001,0,1736.43,4283.63
11,139770250395648,0,0,1603.16,2419.78
11,139770795655168,0,0,1284.45,1264.58
11,139770028097536,0,0,2610.5,4698.92
11,139770556579840,2002,0,1102.25,1999.99
11,139770978107392,2002,0,1102.25,1257.73
11,139770518831104,0,0,1284.45,1388.67
11,139769493323776,17017,0,0,0
11,139771198308352,0,0,1660.25,2401.78
11,139771628224512,1001,0,1341.54,1881.51
11,139770384613376,1001,0,1603.16,1985.8
11,139770137149440,1001,0,1603.16,2742.99
11,139769321357312,10010,0,0,0
11,139769713524736,0,0,2420.95,4621.31
11,139770269270016,1001,0,1102.25,1114.92
11,139770690797568,3003,0,1792.72,3048.19
11,139771208794112,3003,0,1341.54,1052.33
11,139771223474176,2002,0,1159.34,1033.97
11,139770820820992,2002,0,1603.16,2508.61
11,139770709671936,1001,0,1102.25,1486.51
11,139769614958592,2002,0,2610.5,8215.67
11,139772460793856,7007,1,1736.43,4126.16
11,139770151829504,0,0,1792.72,3300.37
11,139770114080768,0,0,2119.39,12502.2
11,139771491909632,0,0,1660.25,2177.13
11,139769866616832,1001,0,2610.5,4283.43
11,139770560774144,3003,0,1102.25,601.441
11,139772529999872,0,0,1159.34,0
11,139772423045120,12012,1,1736.43,5609.22
11,139770122469376,2002,0,1603.16,2601.1
11,139771783413760,1001,0,1341.54,1316.45
11,139771636613120,1001,0,1341.54,1751.53
11,139769201819648,11011,0,0,0
11,139770013417472,0,0,1920.03,1955.92
11,139769858228224,1001,0,1920.03,2141.72
11,139771592572928,0,0,1660.25,2333.06
11,139770288144384,0,0,1603.16,2601.1
11,139771112325120,2002,0,1603.16,1566.92
11,139772444016640,6006,1,1736.43,6818.57
11,139770311213056,0,0,1792.72,4087.44
11,139770694991872,1001,0,1284.45,1902.15
11,139771728887808,2002,0,1341.54,2010.63
11,139769910657024,1001,0,2610.5,7188.71
11,139770248298496,1001,1,1792.72,8935.64
11,139769891782656,1001,0,2610.5,8729.15
11,139769994543104,0,0,2102.23,2699.09
11,139769505906688,12012,0,0,0
11,139771508686848,0,0,1341.54,1405.75
11,139770021806080,1001,0,2420.95,3070.68
11,139769361203200,12012,0,0,0
11,139772039266304,5005,0,1660.25,2368.83
11,139770523025408,1001,0,1284.45,1676.61
11,139770562871296,1001,0,1102.25,1415.64
11,139769447186432,16016,0,0,0
11,139771754053632,1001,0,1159.34,1328.16
11,139771498201088,0,0,1660.25,2129.65
11,139770141343744,1001,0,1603.16,2601.1
11,139770967621632,0,0,1284.45,1369.96
11,139770034388992,1001,0,2610.5,6097.46
11,139769176653824,10010,0,0,0
11,139770527219712,3003,0,1284.45,1641.18
11,139772293021696,6006,1,1736.43,6468.04
11,139772158803968,3003,1,1736.43,4143.32
11,139770927775744,0,0,1102.25,705.047
11,139770156023808,1001,0,1792.72,3158.48
11,139770044874752,1001,0,2610.5,3344.27
11,139770818723840,1001,0,1102.25,857.023
11,139771619835904,2002,0,1660.25,2515.7
11,139770787266560,0,0,1284.45,1480.04
11,139770946650112,0,0,1284.45,1330.76
11,139770147635200,1001,0,1603.16,3398.37
11,139770162315264,1001,0,1284.45,2043.72
11,139769619152896,0,0,2610.5,5648.27
11,139769860325376,1001,0,2610.5,4698.92
11,139769998737408,0,0,2610.5,3769.95
11,139772318187520,5005,1,1736.43,4292.1
11,139770843889664,1001,0,1102.25,1073.56
11,139770164412416,0,0,1284.45,2699.09
11,139772297216000,5005,1,1736.43,5054.88
11,139769463963648,10010,0,0,0
11,139769482838016,11011,0,0,0
11,139772284633088,7007,1,1736.43,5512.72
11,139770403487744,1001,0,1102.25,1048.21
11,139769596084224,3003,0,2610.5,7188.71
11,139771376566272,1001,0,1159.34,987.766
11,139770176995328,3003,0,1792.72,4371.23
11,139769900171264,3003,0,2610.5,9756.11
11,139769990348800,0,0,2102.23,2185.61
11,139770011320320,1001,0,2420.95,3256.47
11,139770009223168,1001,0,2420.95,2972.68
11,139770265075712,0,0,1603.16,2344.6
11,139769587695616,1001,0,2102.23,3594.36
11,139769191333888,11011,0,0,0
11,139772282535936,3003,1,1736.43,9412.43
11,139769776439296,1001,0,2420.95,5134.79
11,139770529316864,0,0,1284.45,1676.61
11,139770281852928,0,0,1102.25,1782.91
11,139770256687104,1001,0,1284.45,1755.95
11,139771605155840,3003,0,1660.25,2578.64
11,139771219279872,0,0,1341.54,1062.41
11,139770286047232,1001,0,1792.72,4730.2
11,139771617738752,0,0,1341.54,2188.27
11,139769638027264,4004,0,2102.23,3594.36
11,139769218596864,7007,0,0,0
11,139770273464320,0,0,1603.16,2459.53
11,139772274147328,4004,1,1736.43,7142.15
11,139770944552960,1001,0,1102.25,781.305
11,139769474449408,14014,0,0,0
11,139769895976960,2002,0,2420.95,5134.79
11,139772261564416,10010,1,1736.43,5485.86
11,139769885491200,0,0,2610.5,7188.71
11,139771873591296,0,0,1341.54,1635.2
11,139769602375680,0,0,1920.03,3080.88
11,139769851936768,1001,0,2420.95,2928.79
11,139770437042176,1001,0,1603.16,2375.89
11,139769847742464,2002,0,2610.5,4239.53
11,139770579648512,2002,0,1792.72,2278.05
11,139769480740864,18018,0,0,0
11,139769491226624,15015,0,0,0
11,139771745665024,1001,0,1159.34,831.901
11,139769640124416,0,0,2420.95,4621.31
11,139772410462208,13013,1,1736.43,9850.59
11,139770552385536,0,0,1792.72,1990.12
11,139770036486144,2002,0,2610.5,4327.33
11,139771074576384,1001,0,1102.25,1182.55
11,139769856131072,2002,0,2420.95,3584.16
11,139770671923200,1001,0,1102.25,967.636
11,139770038583296,1001,0,2610.5,4141.54
11,139770674020352,0,0,1603.16,2368.88
11,139772269953024,2002,1,1736.43,7579.65
11,139769759662080,1001,0,2610.5,6161.75
11,139770395099136,0,0,1102.25,1273.75
11,139770984398848,0,0,1102.25,783.461
11,139770132955136,1001,0,1603.16,2601.1
11,139771758247936,0,0,1159.34,1655.35
11,139769470255104,13013,0,0,0
11,139771089256448,0,0,1102.25,1367.81
11,139770845986816,0,0,1102.25,1632.01
11,139770277658624,1001,0,1284.45,2336.14
11,139771106033664,2002,0,1284.45,2097.28
11,139772399976448,13013,1,2785.45,14494.8
11,139769367494656,8008,0,0,0
11,139770172801024,1001,0,1284.45,2229.51
11,139770808238080,4004,0,1603.16,2106.29
11,139770026000384,0,0,2420.95,2786.89
11,139770567065600,0,0,1284.45,1566
11,139769325551616,12012,0,0,0
11,139769350717440,12012,0,0,0
11,139772150415360,3003,0,1736.43,4252.02
11,139770571259904,1001,0,1603.16,2853.93
11,139769208111104,11011,0,0,0
11,139769979863040,0,0,3659.81,12174.5
11,139771336720384,2002,0,1159.34,717.443
11,139769770147840,1001,0,2610.5,8729.15
11,139770407682048,0,0,1284.45,2114.91
11,139770300727296,0,0,1792.72,4371.23
11,139771869396992,0,1,1736.43,3042.76
11,139772035072000,3003,0,1660.25,1650.6
11,139771496103936,2002,0,1660.25,1715.44
11,139770042777600,4004,0,2420.95,3256.47
11,139769182945280,8008,0,0,0
11,139769468157952,10010,0,0,0
11,139772448210944,5005,1,1736.43,7038.12
11,139770174898176,0,0,1792.72,5124.6
11,139770921484288,2002,0,1284.45,1369.96
11,139770390904832,1001,0,1284.45,1348.93
11,139771458355200,2002,0,1159.34,1239.19
11,139771768733696,4004,0,1341.54,1491.5
11,139772324478976,6006,1,1736.43,3798.28
11,139770839695360,0,0,1284.45,1846.93
11,139769749176320,1001,0,2102.23,3594.36
11,139770130857984,3003,0,1603.16,3256.47
11,139770424459264,1001,0,1102.25,1198.57
11,139770275561472,0,0,1102.25,1853.94
11,139771775025152,1001,0,1159.34,616.309
11,139770298630144,0,0,1603.16,2601.1
11,139769870811136,0,0,2610.5,7702.19
11,139770531414016,2002,0,1102.25,1265.28
11,139771894562816,6006,0,1660.25,2726.29
11,139771384954880,3003,0,1159.34,966.184
11,139770116177920,1001,0,1792.72,3300.37
11,139770703380480,0,0,1792.72,2941.89
11,139770789363712,1001,0,1102.25,1005.23
11,139771338817536,0,0,1660.25,1991.88
11,139772267855872,4004,1,1736.43,3638.77
11,139769338134528,16016,0,0,0
11,139771351400448,3003,0,1341.54,1017.98
11,139770309115904,1001,0,1792.72,3901.65
11,139772043460608,0,0,1159.34,1610.05
11,139771653390336,2002,0,1159.34,1008.81
11,139770663534592,2002,0,1102.25,1407.55
11,139772003614720,3003,1,1736.43,2317.81
11,139770422362112,0,0,1102.25,1238.31
11,139769717719040,2002,0,2610.5,6675.23
11,139770959233024,0,0,1102.25,819.972
11,139769499615232,14014,0,0,0
11,139770825015296,1001,0,1102.25,1294.24
11,139769751273472,2002,0,2610.5,6161.75
11,139771087159296,1001,0,1102.25,704.507
11,139794124374016,15015,0,14827.5,13337.5
11,139769744982016,4004,0,2420.95,5134.79
11,139769633832960,4004,0,2610.5,6675.23
11,139794115985408,16016,1,15677.5,16604.8
11,139770938261504,1001,0,1284.45,1517.09
11,139794107596800,22022,1,19790.9,20985.7
11,139771590475776,2002,1,1736.43,1833.48
11,139794084528128,52052,1,49956.1,54843
11,139769906462720,1001,0,2610.5,7702.19
11,139769757564928,3003,0,2102.23,4107.84
11,139770399293440,2002,0,1102.25,1415.64
11,139794095013888,20020,1,27657.7,27600.9
11,139770260881408,0,0,1284.45,2008.45
11,139771229765632,0,0,1159.34,1167.98
11,139794097111040,27027,1,27657.7,26001.4
11,139772160901120,4004,0,1736.43,4073.68
11,139769738690560,0,0,1920.03,2567.4
11,139771888271360,2002,0,1341.54,2257.61
11,139794080333824,61061,1,58796.7,64070.4
11,139771902951424,1001,0,1660.25,2660.54
11,139769197625344,10010,0,0,0
11,139769631735808,2002,0,1920.03,3080.88
11,139771506589696,2002,0,1736.43,3560.75
11,139794076139520,110110,1,86837.7,89223.2
11,139771861008384,1001,0,1341.54,2092.2
11,139769312968704,12012,0,0,0
11,139769323454464,11011,0,0,0
11,139770296532992,1001,0,1792.72,3628.06
11,139794130665472,12012,0,13836.6,13493
11,139769881296896,0,0,2420.95,4621.31
11,139771466743808,1001,0,1341.54,1669.77
11,139769315065856,9009,0,0,0
11,139794074042368,128128,1,118319,131930
11,139771462549504,0,0,1159.34,1020.32
11,139771057799168,0,0,1284.45,1860.41
11,139771877785600,2002,0,1736.43,3019.68
11,139769740787712,1001,0,2610.5,5648.27
11,139772395782144,7007,1,2188.82,11034.6
11,139769344425984,12012,0,0,0
11,139794086625280,36036,1,42211.5,45178.7
11,139770439139328,1001,0,1102.25,1190.1
11,139769887588352,1001,0,2610.5,7188.71
11,139772452405248,7007,1,1736.43,5910.19
11,139771485618176,1001,0,1660.25,2201.95
11,139772012003328,2002,0,1736.43,2973.89
11,139771349303296,2002,0,1159.34,1294.95
11,139771359789056,1001,0,1159.34,1171.21
11,139770833403904,0,0,1102.25,1003.07
11,139770848083968,0,0,1102.25,885.068
11,139770292338688,1001,0,1284.45,2185.61
11,139794128568320,8008,0,11190.9,9597.78
11,139770386710528,0,0,1284.45,1463.85
12,139771898757120,2002,0,1660.25,2620.13
12,139771726790656,1001,0,1660.25,2812.57
12,139770537705472,0,0,1102.25,1369.96
12,139770957135872,0,0,1102.25,926.243
12,139771917631488,1001,0,1159.34,1326.56
12,139772162998272,4004,1,1736.43,2644.18
12,139770294435840,2002,0,1102.25,2035.42
12,139794088722432,51051,1,42211.5,44617.3
12,139769105350656,9009,0,0,0
12,139769342328832,3003,0,2610.5,7188.71
12,139769864519680,1001,0,2102.23,2114.91
12,139769357008896,3003,0,2102.23,3594.36
12,139769451380736,1001,0,2610.5,5648.27
12,139769763856384,3003,0,1920.03,1300.55
12,139771212988416,2002,0,1159.34,644.49
12,139794136956928,119119,1,86837.7,89582.4
12,139769373786112,4004,0,2610.5,9242.63
12,139770564968448,1001,0,1102.25,594.972
12,139769472352256,0,0,1920.03,1026.96
12,139770653048832,1001,0,1102.25,773.188
12,139772022489088,1001,0,1736.43,3234
12,139771322040320,2002,0,1736.43,2879.05
12,139771772928000,0,0,1159.34,942.562
12,139772183969792,5005,0,1736.43,2568.78
12,139771382857728,0,0,1159.34,1442.8
12,139770158120960,1001,0,1284.45,1463.85
12,139772192358400,2002,0,1736.43,3163.6
12,139770950844416,3003,0,1102.25,465.821
12,139771489812480,2002,0,1159.34,1264.08
12,139771913437184,2002,0,1341.54,2099.83
12,139772307701760,4004,1,1736.43,5231.43
12,139771905048576,2002,0,1159.34,1239.02
12,139772129443840,4004,1,1736.43,4351.87
12,139771915534336,0,0,1341.54,2048.61
12,139769627541504,1001,0,2610.5,3813.85
12,139769476546560,1001,0,2610.5,6161.75
12,139771858911232,3003,0,1736.43,2700.67
12,139771192016896,1001,0,1159.34,803.035
12,139769774342144,2002,0,2420.95,3070.68
12,139769765953536,1001,0,1920.03,1300.55
12,139772133638144,5005,1,1736.43,3209.49
12,139769755467776,1001,0,2420.95,3212.57
12,139771118616576,0,0,1102.25,1337.58
12,139771512881152,0,0,1159.34,451.682
12,139769457672192,0,0,2420.95,4621.31
12,139771615641600,1001,0,1159.34,848.412
12,139770686603264,1001,0,1102.25,772.836
12,139768939675648,8008,0,0,0
12,139770711769088,1001,0,1102.25,1508.62
12,139770000834560,1001,0,2102.23,1791.54
12,139772397879296,12012,1,1736.43,6107.24
12,139794113888256,18018,1,17938.5,17688.8
12,139772018294784,4004,0,1341.54,1491.53
12,139769187139584,4004,0,2610.5,6675.23
12,139769214402560,3003,0,2610.5,6161.75
12,139770692894720,2002,0,1102.25,856.485
12,139770548191232,0,0,1102.25,1144.42
12,139771630321664,0,0,1159.34,1282.64
12,139772441919488,4004,1,1736.43,6590.88
12,139794071945216,4.32242e+07,1,4.38202e+07,3.65787e+07
12,139768914509824,12012,0,0,0
12,139770283950080,2002,0,1284.45,1044.97
12,139771072479232,1001,0,1102.25,982.722
12,139769461866496,2002,0,2610.5,9242.63
12,139770655145984,2002,0,1102.25,1093.53
12,139772416753664,8008,1,2188.82,11109
12,139794122276864,13013,1,17938.5,21436
12,139771479326720,0,0,1159.34,1430.43
12,139771789705216,1001,0,1736.43,3505.54
12,139771638710272,1001,0,1341.54,2288.95
12,139772041363456,3003,0,1159.34,1822.27
12,139771363983360,0,0,1341.54,1780.91
12,139772425142272,7007,1,1736.43,8417.85
12,139769445089280,3003,0,2420.95,5134.79
12,139770413973504,0,0,1284.45,1153.43
12,139771517075456,2002,0,1159.34,1436.29
12,139769459769344,0,0,2102.23,3594.36
12,139771095547904,1001,0,1102.25,1405.56
12,139768778194944,8008,0,0,0
12,139770007126016,1001,0,1920.03,1127.7
12,139772427239424,6006,1,1736.43,8718.65
12,139794111791104,17017,1,18808.2,19266.2
12,139771785510912,2002,0,1159.34,1568.01
12,139770304921600,2002,0,1284.45,1539.03
12,139769768050688,2002,0,2102.23,2840.99
12,139770409779200,0,0,1102.25,1071.4
12,139770166509568,1001,0,1284.45,1902.15
12,139769883394048,0,0,2420.95,2786.89
12,139771749859328,2002,0,1341.54,1905.72
12,139772148318208,7007,1,1736.43,3653.43
12,139769625444352,3003,0,2102.23,2655.2
12,139772146221056,3003,0,1736.43,4622.43
12,139771103936512,0,0,1102.25,1236.31
12,139770971815936,0,0,1603.16,1970.67
12,139772429336576,4004,1,1736.43,3213.44
12,139769904365568,3003,0,2420.95,2742.99
12,139769984057344,1001,0,1920.03,1052.52
12,139770254589952,2002,0,1284.45,1589.03
12,139771078770688,1001,0,1102.25,1154.48
12,139772295118848,11011,1,1736.43,3866.35
12,139771642904576,0,0,1660.25,3560.88
12,139768964841472,10010,0,0,0
12,139772263661568,8008,1,1736.43,5331.1
12,139770799849472,3003,0,1102.25,944.944
12,139769442992128,1001,0,10680.2,35943.6
12,139769996640256,0,0,1920.03,1075.17
12,139769719816192,0,0,2102.23,2043.72
12,139771099742208,0,0,1102.25,468.515
12,139772431433728,3003,1,1736.43,6203.88
12,139770684506112,2002,0,1102.25,334.537
12,139770535608320,1001,0,1284.45,1444.6
12,139769059213312,11011,0,0,0
12,139769898074112,1001,0,2610.5,4786.71
12,139769069699072,17017,0,0,0
12,139769336037376,1001,0,2610.5,5648.27
12,139769600278528,0,0,2610.5,3344.27
12,139772322381824,3003,1,1736.43,3820.58
12,139769489129472,1001,0,2420.95,5134.79
12,139769050824704,13013,0,0,0
12,139772456599552,7007,1,1736.43,5260.75
12,139770005028864,1001,0,1920.03,1889.37
12,139794090819584,31031,1,27657.7,29338.1
12,139771244445696,1001,0,1159.34,1271.61
12,139769203916800,6006,0,2610.5,8215.67
12,139769080184832,12012,0,0,0
12,139771923922944,1001,0,1159.34,1328.48
12,139769593987072,0,0,2610.5,3344.27
12,139770934067200,0,0,1102.25,1233.08
12,139771053604864,0,0,1792.72,3178.6
12,139772320284672,6006,1,1736.43,3511.48
12,139770969718784,1001,0,1102.25,1057.17
12,139769711427584,1001,0,7549.49,17005.1
12,139768924995584,16016,0,0,0
12,139772414656512,6006,1,1736.43,8678.99
12,139770441236480,0,0,1284.45,1769.59
12,139794109693952,29029,1,22487.5,23031.6
12,139769889685504,0,0,1920.03,2141.72
12,139769363300352,2002,0,2610.5,7188.71
12,139770388807680,0,0,1102.25,1510.78
12,139769761759232,0,0,2610.5,3813.85
12,139770520928256,0,0,1102.25,742.098
12,139772024586240,2002,0,1660.25,2815
12,139771456258048,2002,0,1736.43,2987.39
12,139769040338944,71071,0,0,0
12,139770801946624,3003,0,1102.25,1212.57
12,139768950161408,9009,0,0,0
12,139771326234624,1001,0,1159.34,631.768
12,139770701283328,0,0,1102.25,631.483
12,139772047654912,3003,0,1660.25,2561.3
12,139794082430976,40040,1,42211.5,40971.1
12,139770835501056,0,0,1102.25,660.964
12,139771082964992,1001,0,1102.25,714.56
12,139769346523136,1001,0,2420.95,4621.31
12,139770252492800,0,0,1284.45,1916.72
12,139770445430784,0,0,1102.25,1733.62
12,139769090670592,8008,0,0,0
12,139769178750976,3003,0,1920.03,3080.88
12,139771202502656,2002,0,1341.54,1806.81
12,139770829209600,1001,0,1284.45,1349.62
12,139772408365056,6006,1,1736.43,6100.68
12,139770420264960,2002,0,1284.45,1806.65
12,139770145538048,0,0,1102.25,1150.35
12,139771611447296,0,0,1159.34,925.675
12,139772326576128,5005,1,1736.43,6567.37
12,139770931970048,2002,0,1102.25,894.769
12,139772272050176,1001,1,1736.43,4387.38
12,139794132762624,13013,0,11190.9,9440.54
12,139770030194688,2002,0,1920.03,1672.3
12,139769585598464,0,0,2102.23,2884.89
12,139771210891264,1001,0,1159.34,759.33
12,139771061993472,1001,0,1102.25,1250.36
12,139772435628032,8008,1,1736.43,5201.26
12,139769629638656,0,0,2420.95,3114.58
12,139771743567872,2002,0,1341.54,2110.13
12,139772037169152,5005,0,1341.54,2139.19
12,139772173484032,4004,0,1736.43,4109.25
12,139769503809536,2002,0,2610.5,7188.71
12,139769231179776,9009,0,0,0
12,139794118082560,12012,0,14827.5,15347.1
12,139769875005440,0,0,2610.5,3628.06
12,139770812432384,1001,0,1102.25,419.419
12,139772016197632,2002,0,1736.43,3204.26
12,139771762442240,1001,0,1159.34,970.397
12,139770581745664,1001,0,1284.45,1479.5
12,139771068284928,0,0,1102.25,352.511
12,139770160218112,0,0,1102.25,1265.28
12,139772446113792,5005,1,1736.43,6341.61
12,139771871494144,1001,0,1159.34,689.891
12,139769497518080,2002,0,2610.5,5648.27
12,139769101156352,10010,0,0,0
12,139772186066944,6006,1,1736.43,3786.38
12,139794099208192,19019,1,22487.5,23353.9
12,139770982301696,2002,0,1102.25,1211.49
12,139771200405504,1001,0,1159.34,1151.24
12,139771865202688,1001,0,1341.54,1202.64
12,139769598181376,0,0,2610.5,3999.64
12,139772420947968,12012,1,1736.43,7985.67
12,139769193431040,4004,0,1920.03,2567.4
12,139769495420928,2002,0,2102.23,4107.84
12,139772165095424,4004,1,1736.43,2859.19
12,139771884077056,2002,0,1341.54,1821.91
12,139770032291840,0,0,2610.5,3163.12
12,139793937727488,0,1,9111.05,0
12,139770258784256,1001,0,1102.25,1370.5
12,139770543996928,0,0,1102.25,1151.27
12,139769610764288,0,0,2420.95,3070.68
12,139768935481344,20020,0,0,0
12,139771366080512,0,0,1159.34,1408.77
12,139769623347200,1001,0,1920.03,1955.92
12,139770416070656,0,0,1284.45,929.509
12,139771475132416,2002,0,1159.34,858.45
12,139772402073600,10010,1,1736.43,7422.06
12,139772286730240,7007,1,1736.43,6186.96
12,139769220694016,6006,0,1920.03,1540.44
12,139772032974848,3003,0,1660.25,2342.59
12,139768788680704,1001,0,0,0
12,139768774000640,9009,0,0,0
12,139771187822592,1001,0,1736.43,1863.52
12,139769742884864,0,0,2610.5,3671.96
12,139772313993216,5005,1,1736.43,2647.22
12,139771875688448,0,0,1341.54,2061.72
12,139769747079168,2002,0,2102.23,2557.2
12,139770713866240,1001,0,1102.25,669.074
12,139769772244992,0,0,2420.95,3584.16
12,139772030877696,0,0,1736.43,3561.91
12,139772276244480,8008,1,1736.43,6165.93
12,139794078236672,123123,1,99503.5,100527
12,139768910315520,14014,0,0,0
12,139771624030208,2002,0,1159.34,1105.2
12,139772053946368,1001,0,1660.25,3373.7
12,139771645001728,1001,0,1159.34,629.965
12,139769724010496,1001,0,1920.03,2141.72
12,139771116519424,0,0,1102.25,463.664
12,139770539802624,0,0,1102.25,743.176
12,139768960647168,6006,0,0,0
12,139772406267904,4004,1,1736.43,7342.04
12,139771108130816,2002,0,1102.25,1364.55
12,139794120179712,15015,0,11787.8,11158.8
12,139770290241536,1001,0,1284.45,1539.03
12,139771600961536,4004,0,1159.34,1028.52
12,139772175581184,4004,1,1736.43,3397.56
12,139772137832448,3003,0,1736.43,5350.9
12,139771886174208,4004,0,1660.25,3053.21
12,139771751956480,1001,0,1341.54,1638.99
12,139771995226112,4004,1,1736.43,3992.17
12,139771921825792,1001,0,1159.34,1209.1
12,139769369591808,1001,0,2610.5,6675.23
12,139770002931712,1001,0,1920.03,601.441
12,139769352814592,1001,0,2420.95,5134.79
12,139771353497600,2002,0,1159.34,1419.55
12,139772028780544,2002,0,1660.25,2372.55
12,139771502395392,1001,0,1159.34,1436.75
12,139771248640000,0,0,1341.54,2325.05
12,139772288827392,6006,1,1736.43,5558.54
12,139771361886208,2002,0,1660.25,3834.29
12,139770554482688,0,0,1102.25,372.666
12,139769579307008,0,0,2102.23,2043.72
12,139772299313152,7007,1,1736.43,4538.55
12,139794134859776,16016,0,13836.6,13382.3
12,139772181872640,1001,0,1341.54,2175.63
12,139771215085568,1001,0,1159.34,695.721
12,139771101839360,1001,0,1102.25,813.127
12,139770575454208,0,0,1102.25,995.68
12,139769210208256,4004,0,2102.23,3594.36
12,139771252834304,0,0,1159.34,660.006
12,139770170703872,1001,0,1102.25,1672.3
12,139770919387136,2002,0,1792.72,2466.15
12,139772305604608,2002,1,1736.43,5599.08
12,139771206696960,0,0,1159.34,1192.4
12,139771347206144,0,0,1159.34,921.188
12,139769730301952,0,0,2610.5,3530.06
12,139770126663680,0,0,1102.25,1123.39
12,139771487715328,1001,0,1159.34,1241.74
12,139794126471168,18018,0,10738.5,9465.22
12,139771777122304,1001,0,1159.34,883.99
12,139770929872896,0,0,1102.25,927.321
12,139770715963392,0,0,1102.25,592.816
12,139771730984960,2002,0,1159.34,1478.54
12,139772412559360,10010,1,1736.43,11505.2
12,139771760345088,1001,0,1341.54,1848.99
12,139772026683392,2002,0,1660.25,2119.49
12,139769606569984,1001,0,2610.5,3671.96
12,139770128760832,2002,0,1284.45,1574.47
12,139771900854272,0,0,1736.43,3710.61
12,139768920801280,17017,0,0,0
12,139770678214656,3003,0,1102.25,740.644
12,139768945967104,6006,0,0,0
12,139771093450752,0,0,1603.16,1656.81
12,139771189919744,0,0,1159.34,652.345
12,139769868713984,1001,0,2420.95,3256.47
12,139769065504768,17017,0,0,0
12,139769728204800,1001,0,2420.95,2972.68
12,139771242348544,0,0,1159.34,975.461
12,139794105499648,23023,1,19790.9,22029.7
12,139770015514624,1001,0,2420.95,3327.66
12,139772404170752,9009,1,5102.82,14979
12,139771999420416,1001,0,1736.43,3450.04
12,139769075990528,17017,0,0,0
12,139772127346688,7007,1,1736.43,5820.24
12,139771607252992,2002,0,1660.25,2792.57
12,139770850181120,0,0,1102.25,487.052
12,139769310871552,1001,0,2610.5,5648.27
12,139769327648768,0,0,2610.5,6161.75
12,139770697089024,2002,0,1284.45,1366.73
12,139769046630400,8008,0,0,0
12,139771504492544,3003,0,1341.54,1777.48
12,139769736593408,2002,0,2610.5,4513.12
12,139771735179264,2002,0,1341.54,1510.45
12,139769862422528,0,0,1920.03,1486.51
12,139772058140672,1001,0,1341.54,2173.11
12,139769319260160,2002,0,2610.5,7188.71
12,139771387052032,1001,0,1159.34,1290.3
12,139772311896064,3003,1,1736.43,4796.9
12,139771770830848,0,0,1159.34,965.423
12,139770307018752,1001,0,1792.72,2424.1
12,139769086476288,14014,0,0,0
12,139771764539392,0,0,1736.43,3379.22
12,139771896659968,2002,0,1660.25,2798.32
12,139770791460864,0,0,1102.25,269.059
12,139770120372224,1001,0,1603.16,2021.23
12,139770948747264,3003,0,1102.25,905.93
12,139772437725184,5005,1,1736.43,4670.16
12,139770262978560,1001,0,1102.25,1220.68
12,139770546094080,0,0,1102.25,2133.79
12,139771372371968,0,0,1660.25,2160.91
12,139771756150784,0,0,1159.34,1175.69
12,139769501712384,0,0,2610.5,6675.23
12,139772418850816,4004,1,1736.43,7717.24
12,139769849839616,1001,0,2102.23,2340.29
12,139769199722496,3003,0,2420.95,5134.79
12,139769237471232,13013,0,0,0
12,139770401390592,2002,0,1102.25,483.819
12,139770797752320,0,0,1102.25,808.628
12,139771598864384,1001,0,1159.34,1032.42
12,139769721913344,0,0,2420.95,2928.79
12,139771225571328,1001,0,1159.34,1063.87
12,139771632418816,2002,0,1159.34,1256.24
12,139769986154496,1001,0,1920.03,1451.07
12,139772439822336,4004,1,1736.43,4976.49
12,139771231862784,0,0,1660.25,3730.2
12,139772049752064,2002,0,1341.54,1876.76
12,139771747762176,0,0,1159.34,1249.87
12,139768784486400,7007,0,0,0
12,139772171386880,5005,1,1736.43,3496.76
12,139770973913088,3003,0,1102.25,417.263
12,139772056043520,1001,0,1736.43,3159.7
12,139794101305344,34034,1,27657.7,29609.8
12,139770936164352,0,0,1102.25,1239.19
12,139770940358656,1001,0,1102.25,1346.92
12,139769096962048,12012,0,0,0
12,139771651293184,1001,0,1159.34,1633.58
12,139770135052288,0,0,1102.25,977.341
12,139770980204544,2002,0,1102.25,1234.88
12,139771779219456,1001,0,1159.34,715.389
12,139768971132928,17017,0,0,0
12,139772014100480,4004,1,1736.43,4231.55
12,139771649196032,0,0,1341.54,2334.8
12,139772265758720,2002,1,1736.43,3885.78
12,139768931287040,8008,0,0,0
12,139772135735296,5005,1,1736.43,3506.36
12,139771737276416,3003,0,1159.34,660.967
12,139769612861440,1001,0,2610.5,4425.32
12,139771733082112,2002,0,1660.25,2248.59
12,139769589792768,2002,0,2102.23,2371.41
12,139772177678336,3003,1,1736.43,2903.57
12,139769359106048,3003,0,2610.5,6161.75
12,139771621933056,1001,0,1159.34,1467.64
12,139771510784000,0,0,1159.34,1348.94
12,139771892465664,3003,0,1341.54,2347.61
12,139771481423872,0,0,1341.54,2149.87
12,139771997323264,4004,1,1736.43,3347.12
12,139771613544448,1001,0,1660.25,2585.06
12,139769226985472,7007,0,0,0
12,139771879882752,4004,0,1341.54,1529.58
12,139769174556672,15015,0,7549.49,31835.7
12,139772152512512,3003,1,1736.43,2787.88
12,139769591889920,0,0,2102.23,2513.3
12,139772009906176,3003,0,1159.34,1094.47
12,139770393001984,1001,0,1102.25,1004.69
12,139769715621888,1001,0,2102.23,2884.89
12,139771766636544,5005,0,1660.25,2644.38
12,139771911340032,4004,0,1159.34,1451.91
12,139771787608064,1001,0,1159.34,1283.65
12,139771919728640,0,0,1660.25,2246.63
12,139770143440896,0,0,1792.72,2530.56
12,139772139929600,7007,0,1736.43,3012.22
12,139771500298240,1001,0,1341.54,2250.41
12,139770179092480,1001,0,1102.25,1225.53
12,139768956452864,12012,0,0,0
12,139771059896320,1001,0,1102.25,611.593
12,139771483521024,0,0,1159.34,864.1
12,139772190261248,5005,1,1736.43,3668.62
12,139794103402496,30030,1,29358.6,31667.6
12,139771345108992,0,0,1159.34,749.381
12,139771477229568,1001,0,1159.34,807.01
12,139771521269760,0,0,1159.34,1441.73
12,139771514978304,0,0,1341.54,2036.36
12,139770963427328,1001,0,1102.25,659.886
12,139768906121216,84084,0,0,0
12,139771227668480,2002,0,1159.34,1558.54
12,139771468840960,1001,0,1159.34,700.428
12,139769333940224,1001,0,2420.95,4621.31
12,139772290924544,5005,1,1736.43,6751.45
12,139771334623232,1001,0,1159.34,622.159
12,139771603058688,0,0,1341.54,1873.62
12,139771357691904,1001,0,1159.34,1850.77
12,139771519172608,1001,0,1159.34,594.387
12,139772278341632,5005,1,1736.43,4852.85
12,139771741470720,2002,0,1341.54,2287.92
12,139769988251648,1001,0,1920.03,1225.53
12,139772142026752,3003,1,1736.43,5035.5
12,139769189236736,2002,0,1920.03,3080.88
12,139772154609664,4004,1,1736.43,2485.68
12,139771246542848,0,0,1159.34,943.851
12,139769216499712,4004,0,2420.95,4621.31
12,139770313310208,0,0,1284.45,2225.53
12,139772433530880,3003,1,1736.43,8555.28
12,139772301410304,8008,0,1736.43,5556.7
12,139772007809024,6006,0,1736.43,3196.47
12,139772005711872,1001,0,1159.34,780.827
12,139771594670080,0,0,1159.34,1409.59
12,139794092916736,30030,1,31404.1,28793.4
12,139771196211200,0,0,1159.34,1185.39
12,139769308774400,2002,0,12605.9,40564.9
12,139769604472832,1001,0,2610.5,3486.16
12,139771064090624,1001,0,1102.25,1217.46
12,139770923581440,0,0,1102.25,361.862
12,139769877102592,0,0,2420.95,2928.79
12,139771221377024,0,0,1159.34,1791
12,139770925678592,0,0,1102.25,2130.72
12,139770837598208,1001,0,1102.25,1239.19
12,139770659340288,1001,0,1284.45,1391.17
12,139768941772800,9009,0,0,0
12,139771909242880,1001,0,1159.34,1440.76
12,139769872908288,1001,0,2420.95,3256.47
12,139769845645312,0,1,5708.58,12279.9
12,139772131540992,8008,1,1736.43,3368.68
12,139771634515968,0,0,1159.34,1792.63
12,139770267172864,0,0,1102.25,595.51
12,139771328331776,2002,0,1159.34,773.855
12,139771881979904,2002,0,1159.34,1516.72
12,139768916606976,10010,0,0,0
12,139771626127360,1001,0,1159.34,1013.34
12,139771330428928,0,0,1159.34,691.753
12,139771236057088,1001,0,1159.34,1185.12
12,139770952941568,0,0,1102.25,1108.26
12,139769617055744,0,0,2610.5,5168.5
12,139771114422272,2002,0,1102.25,1124.27
12,139771355594752,0,0,1159.34,1226.33
12,139770804043776,1001,0,1102.25,380.212
12,139770814529536,0,0,1102.25,864.569
12,139769893879808,0,0,2420.95,2786.89
12,139770665631744,1001,0,1102.25,199.456
12,139772167192576,2002,1,1736.43,3639.6
12,139770558676992,1001,0,1102.25,1218.52
12,139770707574784,1001,0,1284.45,1925.72
12,139770688700416,1001,0,1102.25,741.02
12,139771324137472,1001,0,1159.34,1015.66
12,139772179775488,2002,1,1736.43,2623.45
12,139771464646656,1001,0,1159.34,1709.7
12,139771070382080,1001,0,1284.45,1345.12
12,139769449283584,0,0,2610.5,7188.71
12,139770793558016,1001,0,1284.45,1450.19
12,139771907145728,1001,0,1341.54,1901.35
12,139771460452352,1001,0,1341.54,2966.78
12,139769487032320,0,0,2610.5,11810
12,139770822918144,1001,0,1102.25,863.296
12,139769061310464,11011,0,0,0
12,139769206013952,3003,0,2102.23,4107.84
12,139768780292096,9009,0,0,0
12,139769365397504,3003,0,2102.23,4107.84
12,139769071796224,19019,0,0,0
12,139770657243136,0,0,1102.25,590.283
12,139772450308096,5005,1,1736.43,7520.96
12,139771085062144,0,0,1102.25,1386.86
12,139769052921856,13013,0,0,0
12,139769484935168,1001,0,2610.5,7188.71
12,139769348620288,2002,0,2610.5,6161.75
12,139771340914688,2002,0,1159.34,1318.54
12,139770785169408,1001,0,1792.72,2982.32
12,139769753370624,1001,0,1920.03,1912.02
12,139768966938624,12012,0,0,0
12,139769466060800,3003,0,2610.5,5648.27
12,139770831306752,0,0,1102.25,474.093
12,139769082281984,16016,0,0,0
12,139771076673536,1001,0,1102.25,1061.67
12,139770810335232,0,0,1102.25,720.138
12,139771332526080,3003,0,1159.34,1912.31
12,139769180848128,1001,0,2102.23,3594.36
12,139770525122560,0,0,1102.25,1144.42
12,139770149732352,4004,0,1603.16,2012.77
12,139769042436096,11011,0,0,0
12,139770669826048,0,0,1102.25,491.903
12,139769734496256,0,0,2420.95,3726.05
12,139771343011840,2002,0,1159.34,1225
12,139771494006784,1001,0,1159.34,719.583
12,139771596767232,2002,0,1159.34,919.919
12,139769642221568,1001,0,2420.95,3070.68
12,139769992445952,2002,0,2102.23,1499.29
12,139768927092736,10010,0,0,0
12,139772316090368,4004,1,1736.43,3519.68
12,139770550288384,1001,0,1102.25,1038.5
12,139771473035264,0,0,1159.34,1200.93
12,139772045557760,0,1,1660.25,1874.29
12,139771470938112,1001,0,1159.34,835.86
12,139771055702016,0,0,1102.25,580.795
12,139770430750720,1001,0,1284.45,1115.3
12,139772458696704,5005,1,1736.43,6351.96
12,139770942455808,1001,0,1102.25,1522.83
12,139771066187776,0,0,1102.25,501.319
12,139769879199744,0,0,2420.95,2928.79
12,139769092767744,12012,0,0,0
12,139771204599808,1001,0,1159.34,1651.53
12,139770976010240,2002,0,1102.25,692.978
12,139771655487488,0,0,1341.54,1877.87
12,139772280438784,3003,1,1736.43,4462
12,139772454502400,3003,1,1736.43,2874.46
12,139769608667136,0,0,2102.23,2513.3
12,139771993128960,1001,1,1736.43,3584.57
12,139768952258560,11011,0,0,0
12,139770841792512,2002,0,1102.25,1535.41
12,139771240251392,3003,0,1341.54,1931.6
12,139769233276928,17017,0,0,0
12,139771380760576,1001,0,1159.34,1101
12,139771647098880,1001,0,1159.34,897.385
12,139769331843072,3003,0,2610.5,5648.27
12,139770019708928,0,0,2102.23,1897.84
12,139770405584896,2002,0,1102.25,1181.47
12,139769317163008,1001,0,2102.23,4107.84
12,139770411876352,1001,0,1284.45,1770.14
12,139769902268416,1001,0,2420.95,3212.57
12,139770397196288,0,0,1284.45,1954.31
12,139771890368512,2002,0,1736.43,3488.86
12,139771370274816,0,0,1341.54,2685.76
12,139770023903232,1001,0,2102.23,1787.23
12,139771217182720,0,0,1159.34,1520.53
12,139769195528192,3003,0,2102.23,3594.36
12,139771781316608,1001,0,1159.34,1079.05
12,139772144123904,0,1,1736.43,4148.87
12,139771739373568,2002,0,1660.25,3226.16
12,139772303507456,8008,1,1736.43,6050.46
12,139769455575040,1001,0,2610.5,8729.15
12,139770271367168,1001,0,1102.25,558.459
12,139769103253504,11011,0,0,0
12,139771368177664,3003,0,1159.34,503.604
12,139770426556416,0,0,1102.25,555.765
12,139770699186176,0,0,1102.25,333.459
12,139771080867840,0,0,1284.45,1729.48
12,139771233959936,2002,0,1159.34,1352.43
12,139770965524480,0,0,1102.25,780.389
12,139771867299840,2002,0,1736.43,3364.73
12,139769854033920,0,0,1920.03,1814.19
12,139769222791168,18018,0,0,0
12,139771374469120,0,0,1159.34,1153.99
12,139770541899776,0,0,1284.45,1918.88
12,139770017611776,1001,0,2102.23,2553.21
12,139769329745920,1001,0,1920.03,2567.4
12,139770650951680,0,1,1792.72,2711.87
12,139770382516224,0,0,1792.72,3293.92
12,139769478643712,2002,0,2610.5,8215.67
12,139770680311808,1001,0,1102.25,1088.48
12,139769732399104,3003,0,2420.95,3442.27
12,139769577209856,0,0,4382.16,12633.9
12,139770118275072,0,0,1284.45,1202.88
12,139770516733952,1001,0,1792.72,2707.96
12,139770434945024,0,0,1102.25,930.047
12,139772169289728,2002,1,1736.43,5061.46
12,139772001517568,4004,0,1736.43,4298.02
12,139768937578496,12012,0,0,0
12,139771250737152,2002,0,1341.54,1713.59
12,139772156706816,3003,1,1736.43,3921.6
12,139769621250048,2002,0,2102.23,2884.89
12,139769581404160,0,0,1920.03,1628.24
12,139769908559872,1001,0,2420.95,2742.99
12,139771238154240,1001,0,1159.34,1227.08
12,139769354911744,2002,0,2610.5,7702.19
12,139772051849216,2002,0,1736.43,4507.54
12,139769371688960,0,0,2102.23,4107.84
12,139770153926656,3003,0,1284.45,1751.79
12,139771863105536,3003,0,1660.25,2211.07
12,139770667728896,0,0,1102.25,636.685
12,139771378663424,1001,0,1159.34,1433.93
12,139771097645056,1001,0,1102.25,1198.18
12,139772020391936,4004,0,1341.54,1831.81
12,139770302824448,1001,0,1284.45,1463.85
12,139770577551360,0,0,1102.25,1368.35
12,139769340231680,2002,0,2610.5,8729.15
12,139768912412672,10010,0,0,0
12,139770139246592,2002,0,1284.45,1313.49
12,139768776097792,4004,0,0,0
12,139770168606720,1001,0,1284.45,1685.08
12,139772309798912,5005,1,1736.43,4594.78
12,139770443333632,1001,0,1284.45,1553.6
12,139770676117504,1001,0,1284.45,1525.53
12,139770428653568,1001,0,1102.25,856.485
12,139771194114048,1001,0,1159.34,469.779
12,139770418167808,1001,0,1102.25,781.305
12,139770961330176,1001,0,1284.45,1593.51
12,139770279755776,2002,0,1102.25,857.023
12,139770955038720,1001,0,1102.25,1238.66
12,139771091353600,1001,0,1603.16,2994.2
12,139769212305408,2002,0,1920.03,2053.92
12,139772188164096,3003,0,1660.25,2993.33
12,139770705477632,2002,0,1284.45,2097.28
12,139771609350144,1001,0,1341.54,2039.64
12,139770447527936,0,0,1102.25,593.894
12,139769508003840,3003,0,2610.5,7188.71
12,139769185042432,1001,0,1920.03,2567.4
12,139771640807424,1001,0,1159.34,749.993
12,139769453477888,0,0,2610.5,5648.27
12,139768962744320,13013,0,0,0
12,139770661437440,0,0,1102.25,1348.73
12,139770573357056,1001,0,1603.16,2544.05
12,139770827112448,0,0,1102.25,1277.32
12,139770432847872,0,0,1102.25,557.921
12,139770533511168,1001,0,1102.25,667.456
12,139770569162752,2002,0,1102.25,1034.35
12,139769635930112,2002,0,1920.03,1999.82
12,139770124566528,1001,0,1102.25,1163.13
12,139770806140928,2002,0,1102.25,367.44
12,139771110227968,0,0,1102.25,1225.34
12,139769583501312,1001,0,2102.23,2185.61
12,139769726107648,1001,0,2420.95,2601.1
12,139770816626688,1001,0,1102.25,548.382
12,139769981960192,1001,0,2102.23,2048.2
12,139770682408960,0,0,1102.25,1545.67
12,139770040680448,0,0,2610.5,3273.73
12,139771724693504,3003,0,1736.43,2654.63
12,139770250395648,1001,0,1102.25,1043.36
12,139770795655168,1001,0,1102.25,710.601
12,139770028097536,0,0,2420.95,1835.44
12,139770556579840,0,0,1102.25,1845.31
12,139770978107392,1001,0,1102.25,1576.42
12,139770518831104,0,0,1102.25,667.996
12,139769493323776,3003,0,2610.5,8729.15
12,139771198308352,1001,0,1159.34,1082.1
12,139771628224512,3003,0,1159.34,1459.85
12,139770384613376,0,0,1284.45,1442.99
12,139769067601920,6006,0,0,0
12,139769057116160,14014,0,0,0
12,139770137149440,0,0,1284.45,1601.43
12,139769321357312,2002,0,2420.95,5134.79
12,139769713524736,0,0,1920.03,1672.13
12,139770269270016,1001,0,1102.25,995.68
12,139770690797568,1001,0,1792.72,2842.61
12,139771208794112,2002,0,1341.54,2172.55
12,139768922898432,18018,0,0,0
12,139771223474176,1001,0,1159.34,1577.03
12,139770820820992,1001,0,1284.45,2109.33
12,139770709671936,1001,0,1102.25,1146.04
12,139769078087680,13013,0,0,0
12,139769048727552,16016,0,0,0
12,139769614958592,2002,0,2610.5,3999.64
12,139768948064256,13013,0,0,0
12,139772460793856,6006,1,1736.43,5551.02
12,139770151829504,1001,0,1284.45,1313.49
12,139770114080768,1001,0,1792.72,4993
12,139771491909632,2002,0,1159.34,1026.83
12,139769866616832,3003,0,2420.95,2158.81
12,139770560774144,0,0,1102.25,1836.85
12,139772529999872,0,0,1159.34,0
12,139772423045120,7007,1,1736.43,8899.32
12,139770122469376,0,0,1284.45,2079.48
12,139771783413760,0,0,1159.34,1220.5
12,139771636613120,3003,0,1159.34,1367.45
12,139769201819648,1001,0,2610.5,5648.27
12,139770013417472,0,0,1920.03,747.486
12,139769858228224,1001,0,1920.03,1336.15
12,139771592572928,1001,0,1159.34,1132.35
12,139770288144384,0,0,1102.25,1052.52
12,139771112325120,0,0,1284.45,1835.59
12,139772444016640,5005,1,1736.43,6172.25
12,139769088573440,9009,0,0,0
12,139770311213056,0,0,1603.16,1653.96
12,139769239568384,11011,0,0,0
12,139770694991872,1001,0,1102.25,1367.27
12,139771728887808,2002,0,1341.54,1993.76
12,139769910657024,0,0,2420.95,3114.58
12,139770248298496,1001,1,1792.72,4323.94
12,139769891782656,1001,0,2610.5,3671.96
12,139769994543104,1001,0,1920.03,1048.21
12,139769505906688,0,0,2610.5,6161.75
12,139771508686848,1001,0,1159.34,717.845
12,139770021806080,2002,0,2102.23,1712.05
12,139769361203200,1001,0,2610.5,6161.75
12,139772039266304,2002,0,1736.43,3691.96
12,139770523025408,0,0,1102.25,1256.12
12,139770562871296,1001,0,1102.25,1143.88
12,139769447186432,0,0,2610.5,8215.67
12,139771754053632,1001,0,1159.34,1215
12,139771498201088,2002,0,1159.34,1001.08
12,139770141343744,0,0,1284.45,1566
12,139770967621632,0,0,1102.25,682.009
12,139770034388992,2002,0,2610.5,2870.87
12,139769176653824,1001,0,2420.95,5134.79
12,139770527219712,0,0,1284.45,2282
12,139772293021696,3003,1,1736.43,5848.14
12,139772158803968,1001,1,1736.43,3455.98
12,139770927775744,0,0,1102.25,431.464
12,139770156023808,1001,0,1284.45,1791.54
12,139770044874752,0,0,2420.95,1866.72
12,139770818723840,2002,0,1102.25,968.871
12,139769099059200,13013,0,0,0
12,139771619835904,1001,0,1660.25,2228.19
12,139770787266560,1001,0,1102.25,760.962
12,139769229082624,15015,0,0,0
12,139770946650112,1001,0,1102.25,677.509
12,139770147635200,0,0,1284.45,1822.66
12,139770162315264,0,0,1102.25,1340.46
12,139769619152896,0,0,2102.23,2043.72
12,139769860325376,2002,0,2420.95,2348.92
12,139769998737408,0,0,2102.23,1459.54
12,139768933384192,12012,0,0,0
12,139768786583552,17017,0,0,0
12,139772318187520,6006,1,1736.43,4621.77
12,139770843889664,1001,0,1102.25,1009.88
12,139770164412416,0,0,1102.25,1048.21
12,139768771903488,23023,0,0,0
12,139772297216000,4004,1,1736.43,4843.09
12,139769463963648,2002,0,2420.95,5134.79
12,139769482838016,1001,0,2610.5,5648.27
12,139772284633088,4004,1,1736.43,6112.2
12,139770403487744,0,0,1102.25,997.299
12,139769596084224,0,0,2610.5,4141.54
12,139771376566272,2002,0,1159.34,1045.86
12,139770176995328,1001,0,1792.72,3265.27
12,139769900171264,2002,0,2610.5,5070.5
12,139769990348800,0,0,1920.03,862.414
12,139770011320320,0,0,2102.23,1787.23
12,139770009223168,1001,0,2102.23,1716.36
12,139770265075712,1001,0,1102.25,1006.31
12,139769587695616,1001,0,1920.03,1814.03
12,139769191333888,1001,0,2610.5,5648.27
12,139772282535936,5005,1,1736.43,5494.01
12,139769776439296,4004,0,2102.23,2371.41
12,139770529316864,1001,0,1102.25,742.636
12,139770281852928,1001,0,1102.25,745.87
12,139770256687104,1001,0,1102.25,1296.94
12,139771605155840,0,0,1660.25,2712.55
12,139771219279872,0,0,1159.34,610.257
12,139770286047232,0,0,1603.16,2346.22
12,139771617738752,1001,0,1159.34,1004.78
12,139769638027264,1001,0,2102.23,3354.47
12,139768908218368,15015,0,0,0
12,139768958550016,13013,0,0,0
12,139769218596864,3003,0,2102.23,3594.36
12,139770273464320,1001,0,1284.45,1079.33
12,139772274147328,5005,1,1736.43,5077.33
12,139770944552960,0,0,1102.25,972.644
12,139769474449408,1001,0,2610.5,7188.71
12,139769895976960,2002,0,2102.23,2884.89
12,139772261564416,4004,1,1736.43,8162.63
12,139769885491200,0,0,2420.95,2601.1
12,139771873591296,5005,0,1159.34,877.248
12,139769602375680,1001,0,1920.03,1114.76
12,139769851936768,0,0,2102.23,1676.61
12,139770437042176,0,0,1284.45,1517.09
12,139769847742464,1001,0,2420.95,2632.54
12,139770579648512,0,0,1603.16,2066
12,139769480740864,0,0,2610.5,9242.63
12,139769491226624,5005,0,2610.5,7702.19
12,139771745665024,1001,0,1159.34,1072.33
12,139769640124416,0,0,1920.03,1672.13
12,139772410462208,12012,1,1736.43,10969.1
12,139770552385536,0,0,1284.45,964.404
12,139770036486144,2002,0,2420.95,2712.04
12,139771074576384,2002,0,1102.25,1098.19
12,139769856131072,1001,0,2102.23,2411.32
12,139770671923200,2002,0,1102.25,1007
12,139770038583296,2002,0,2420.95,2123.38
12,139770674020352,0,0,1102.25,1028.24
12,139772269953024,4004,1,1736.43,4668.08
12,139769759662080,2002,0,2420.95,2742.99
12,139770395099136,0,0,1102.25,594.972
12,139770984398848,1001,0,1102.25,440.464
12,139770132955136,1001,0,1284.45,1566
12,139771758247936,1001,0,1159.34,785.323
12,139769470255104,0,0,2610.5,6675.23
12,139771089256448,2002,0,1102.25,628.413
12,139770845986816,1001,0,1102.25,712.592
12,139770277658624,2002,0,1102.25,1481.12
12,139771106033664,2002,0,1102.25,1923
12,139768943869952,17017,0,0,0
12,139772399976448,6006,1,2785.45,13026.8
12,139769367494656,0,0,2102.23,4107.84
12,139770172801024,1001,0,1102.25,1415.64
12,139770808238080,0,0,1603.16,3020.1
12,139770026000384,0,0,1920.03,1127.7
12,139768918704128,15015,0,0,0
12,139770567065600,1001,0,1102.25,704.507
12,139769325551616,2002,0,2610.5,6161.75
12,139769350717440,1001,0,2610.5,6161.75
12,139772150415360,2002,0,1736.43,3406.66
12,139770571259904,0,0,1284.45,1701.8
12,139769208111104,4004,0,2610.5,5648.27
12,139769979863040,3003,0,2610.5,4882.39
12,139771336720384,0,0,1159.34,1435.21
12,139769770147840,0,0,2610.5,3671.96
12,139770407682048,0,0,1102.25,891.378
12,139770300727296,1001,0,1603.16,1724.83
12,139771869396992,2002,1,1660.25,1531.29
12,139772035072000,3003,0,1660.25,2490.16
12,139771496103936,4004,0,1341.54,1952.72
12,139769063407616,5005,0,0,0
12,139770042777600,0,0,2420.95,3327.66
12,139769182945280,0,0,2102.23,4107.84
12,139769468157952,1001,0,2420.95,5134.79
12,139769055019008,16016,0,0,0
12,139769073893376,16016,0,0,0
12,139772448210944,6006,1,1736.43,5767.89
12,139770174898176,1001,0,1284.45,1941.74
12,139770921484288,0,0,1102.25,1708.97
12,139770390904832,0,0,1102.25,1145.5
12,139771458355200,2002,0,1159.34,1642.25
12,139771768733696,0,0,1341.54,2832.11
12,139772324478976,6006,1,1736.43,4786.34
12,139770839695360,2002,0,1102.25,803.777
12,139769749176320,0,0,1920.03,1814.03
12,139770130857984,0,0,1603.16,2814.19
12,139770424459264,0,0,1102.25,1071.4
12,139770275561472,2002,0,1102.25,779.146
12,139771775025152,2002,0,1159.34,917.414
12,139770298630144,1001,0,1102.25,1052.52
12,139769870811136,0,0,2420.95,2786.89
12,139770531414016,2002,0,1102.25,1583.26
12,139769044533248,13013,0,0,0
12,139771894562816,5005,0,1736.43,4315.48
12,139771384954880,0,0,1341.54,2077.39
12,139769084379136,15015,0,0,0
12,139770116177920,3003,0,1284.45,1826.97
12,139770703380480,2002,0,1284.45,1298.94
12,139770789363712,1001,0,1102.25,1061.67
12,139768782389248,3003,0,0,0
12,139771338817536,3003,0,1159.34,983.121
12,139772267855872,5005,1,1736.43,3837.29
12,139769338134528,1001,0,2610.5,8215.67
12,139771351400448,2002,0,1341.54,2162.12
12,139770309115904,0,0,1603.16,2092.26
12,139772043460608,2002,0,1159.34,783.315
12,139771653390336,3003,0,1159.34,1595.59
12,139770663534592,1001,0,1102.25,1691.34
12,139772003614720,2002,1,1736.43,2811.61
12,139770422362112,1001,0,1102.25,593.894
12,139769717719040,0,0,2420.95,3442.27
12,139770959233024,0,0,1102.25,432.191
12,139769499615232,2002,0,2610.5,7188.71
12,139770825015296,2002,0,1102.25,1126.96
12,139769751273472,3003,0,2420.95,3256.47
12,139771087159296,0,0,1102.25,913.471
12,139794124374016,15015,0,13836.6,13744.7
12,139768969035776,4004,0,0,0
12,139769744982016,1001,0,2420.95,3911.85
12,139769633832960,0,0,2610.5,4469.22
12,139794115985408,14014,1,14827.5,15424.1
12,139770938261504,1001,0,1102.25,1225.34
12,139794107596800,31031,1,19790.9,20625.9
12,139771590475776,3003,1,1660.25,2306.21
12,139794084528128,54054,1,49956.1,50401
12,139769906462720,1001,0,2610.5,3300.37
12,139769757564928,1001,0,2102.23,3026.78
12,139770399293440,1001,0,1102.25,1657.36
12,139794095013888,34034,1,22487.5,22302.8
12,139769235374080,9009,0,0,0
12,139770260881408,1001,0,1102.25,857.023
12,139771229765632,1001,0,1159.34,623.166
12,139768929189888,16016,0,0,0
12,139794097111040,32032,1,25027.4,25372.4
12,139772160901120,9009,1,1736.43,3919.06
12,139769094864896,13013,0,0,0
12,139769738690560,2002,0,1920.03,928.964
12,139771888271360,0,0,1341.54,2087.59
12,139794080333824,93093,1,51734,59814
12,139771902951424,1001,0,1341.54,1740.19
12,139769197625344,0,0,2420.95,5134.79
12,139769631735808,2002,0,1920.03,2141.72
12,139771506589696,0,0,1736.43,2662.08
12,139794076139520,107107,1,92999.3,94822.4
12,139771861008384,4004,0,1159.34,1480.63
12,139769312968704,0,0,2610.5,6161.75
12,139769323454464,0,0,2610.5,5648.27
12,139770296532992,3003,0,1284.45,1937.59
12,139794130665472,15015,0,12510.2,12192.2
12,139769881296896,4004,0,1920.03,1672.13
12,139771466743808,1001,0,1159.34,1370.38
12,139769315065856,0,0,2420.95,4621.31
12,139794074042368,174174,1,118319,121989
12,139771462549504,3003,0,1159.34,561.836
12,139771057799168,1001,0,1102.25,867.592
12,139771877785600,3003,0,1660.25,2389.32
12,139769740787712,1001,0,2102.23,2557.2
12,139772395782144,8008,1,1736.43,8721.68
12,139769344425984,1001,0,2610.5,6161.75
12,139768954355712,7007,0,0,0
12,139794086625280,42042,1,38185.9,37795.7
12,139770439139328,0,0,1102.25,1032.73
12,139769887588352,0,0,2420.95,3114.58
12,139772452405248,4004,1,1736.43,6280.59
12,139771485618176,3003,0,1341.54,1579.98
12,139772012003328,2002,0,1660.25,2443.15
12,139771349303296,1001,0,1159.34,1689.26
12,139771359789056,0,0,1159.34,1098.24
12,139770833403904,4004,0,1102.25,494.599
12,139770848083968,1001,0,1102.25,408.45
12,139770292338688,0,0,1102.25,1375.89
12,139794128568320,16016,0,10738.5,8620.54
12,139770386710528,2002,0,1102.25,705.047
12,139769224888320,11011,0,0,0
13,139771898757120,2002,0,1341.54,2203.71
13,139771726790656,1001,0,1341.54,1764.54
13,139770537705472,0,0,1095.14,609.711
13,139770957135872,2002,0,1095.14,483.564
13,139771917631488,5005,0,1159.34,1202.85
13,139772162998272,3003,1,1736.43,3375.23
13,139770294435840,1001,0,1095.14,1846.39
13,139794088722432,48048,1,42211.5,45810.2
13,139769105350656,1001,0,1603.16,4621.31
13,139769342328832,2002,0,1792.72,4141.54
13,139769864519680,0,0,1102.25,1404.86
13,139768643977216,11011,0,0,0
13,139769357008896,3003,0,1284.45,2840.99
13,139769451380736,0,0,1284.45,2557.2
13,139769763856384,1001,0,1102.25,2066.7
13,139771212988416,1001,0,1159.34,1488.51
13,139794136956928,127127,1,92999.3,99959.8
13,139769373786112,0,0,1792.72,5398.19
13,139770564968448,1001,0,1095.14,865.991
13,139768660754432,8008,0,0,0
13,139769472352256,2002,0,1102.25,371.586
13,139770653048832,1001,0,1095.14,886.085
13,139772022489088,4004,0,1660.25,2017.37
13,139771322040320,3003,0,1736.43,2758.88
13,139771772928000,6006,0,1159.34,545.395
13,139772183969792,2002,0,1736.43,3880.53
13,139771382857728,2002,0,1159.34,696.265
13,139770158120960,0,0,1095.14,1218.53
13,139772192358400,2002,0,1660.25,2545.55
13,139770950844416,1001,0,1095.14,1848.36
13,139771489812480,1001,0,1159.34,1747.37
13,139771913437184,0,0,1341.54,2013.65
13,139772307701760,5005,1,1736.43,4448.92
13,139771905048576,3003,0,1159.34,1682.24
13,139772129443840,6006,1,1736.43,4052.84
13,139771915534336,2002,0,1159.34,1103.27
13,139769627541504,1001,0,1603.16,2012.77
13,139769476546560,1001,0,1603.16,2742.99
13,139771858911232,2002,0,1736.43,3185.93
13,139771192016896,0,0,1159.34,970.485
13,139769774342144,0,0,1284.45,2225.53
13,139769765953536,1001,0,1102.25,1039.74
13,139772133638144,10010,1,1736.43,4218.71
13,139769755467776,0,0,1284.45,1747.48
13,139771118616576,0,0,1095.14,669.897
13,139768826429440,14014,0,0,0
13,139771512881152,0,0,1159.34,252.671
13,139769457672192,0,0,1102.25,1672.13
13,139771615641600,4004,0,1159.34,1085.35
13,139770686603264,1001,0,1095.14,861.678
13,139768939675648,5005,0,2102.23,4107.84
13,139770711769088,1001,0,1095.14,1186.68
13,139770000834560,1001,0,1102.25,1329.14
13,139772397879296,3003,1,1736.43,9128.3
13,139794113888256,18018,1,15677.5,17246.1
13,139772018294784,3003,0,1341.54,2865.41
13,139768526536704,13013,0,0,0
13,139769187139584,1001,0,1792.72,4469.22
13,139769214402560,4004,0,1792.72,3769.95
13,139770692894720,1001,0,1095.14,1523.17
13,139770548191232,0,0,1095.14,570.856
13,139771630321664,1001,0,1159.34,708.523
13,139772441919488,5005,1,1736.43,5019.24
13,139794071945216,4.32602e+07,1,4.25443e+07,3.78612e+07
13,139768914509824,0,0,2610.5,6161.75
13,139770283950080,0,0,1095.14,1611.13
13,139771072479232,2002,0,1095.14,1010.29
13,139768679628800,13013,0,0,0
13,139768700600320,19019,0,0,0
13,139769461866496,3003,0,1792.72,4371.23
13,139770655145984,1001,0,1095.14,1579.32
13,139772416753664,13013,1,1736.43,9042.06
13,139794122276864,21021,1,14827.5,15707.4
13,139771479326720,0,0,1159.34,699.98
13,139771789705216,2002,0,1660.25,2074.51
13,139771638710272,2002,0,1159.34,1541.25
13,139772041363456,3003,0,1341.54,2458.79
13,139771363983360,1001,0,1159.34,862.197
13,139772425142272,5005,1,1736.43,7348.95
13,139769445089280,0,0,1603.16,3398.37
13,139770413973504,0,0,1095.14,640.998
13,139771517075456,1001,0,1159.34,1678.29
13,139769459769344,0,0,1102.25,1300.55
13,139771095547904,2002,0,1095.14,1213.91
13,139768778194944,2002,0,2102.23,4107.84
13,139770007126016,1001,0,1102.25,1069.24
13,139772427239424,6006,1,1736.43,6921.66
13,139794111791104,22022,1,17938.5,17567.4
13,139768792875008,8008,0,0,0
13,139771785510912,2002,0,1159.34,1856.4
13,139770304921600,1001,0,1277.34,1769.06
13,139769768050688,0,0,1284.45,2110.6
13,139770409779200,1001,0,1095.14,515.103
13,139770166509568,2002,0,1095.14,1367.27
13,139769883394048,0,0,1102.25,1127.7
13,139771749859328,0,0,1341.54,2003.61
13,139772148318208,3003,1,1736.43,5439.53
13,139769625444352,0,0,1284.45,2548.9
13,139772146221056,3003,0,1736.43,3567.56
13,139771103936512,2002,0,1095.14,643.67
13,139770971815936,0,0,1095.14,963.961
13,139772429336576,6006,1,1736.43,3664.02
13,139769904365568,1001,0,1603.16,2628.39
13,139769984057344,0,0,1102.25,1032.19
13,139770254589952,0,0,1277.34,1803.93
13,139771078770688,1001,0,1095.14,1145.05
13,139772295118848,8008,1,1736.43,7528.13
13,139771642904576,1001,0,1341.54,1529.61
13,139768964841472,5005,0,2420.95,5134.79
13,139772263661568,3003,1,1736.43,6641.6
13,139770799849472,0,0,1095.14,2047.81
13,139769442992128,1001,0,2841.74,13519
13,139769996640256,1001,0,1102.25,446.228
13,139769719816192,1001,0,1102.25,826.981
13,139771099742208,0,0,1095.14,344.776
13,139772431433728,7007,1,1736.43,4567.86
13,139770684506112,1001,0,1095.14,1226.42
13,139770535608320,2002,0,1095.14,1201.07
13,139769059213312,1001,0,1792.72,5648.27
13,139769898074112,2002,0,1792.72,2428.41
13,139769069699072,2002,0,1792.72,8729.15
13,139769336037376,0,0,1284.45,2557.2
13,139769600278528,0,0,1284.45,1353.24
13,139768807555072,9009,0,0,0
13,139772322381824,4004,1,1736.43,3494.53
13,139769489129472,1001,0,1284.45,2371.41
13,139769050824704,2002,0,1792.72,6675.23
13,139772456599552,4004,1,1736.43,5961.48
13,139770005028864,1001,0,1102.25,1293.7
13,139794090819584,25025,1,27657.7,28790
13,139771244445696,2002,0,1159.34,1183.34
13,139769203916800,0,0,1792.72,6053.56
13,139769080184832,1001,0,1792.72,6161.75
13,139768656560128,15015,0,0,0
13,139768639782912,10010,0,0,0
13,139768522342400,12012,0,0,0
13,139771923922944,2002,0,1159.34,1282.22
13,139769593987072,2002,0,1284.45,1353.24
13,139770934067200,0,0,1095.14,599.424
13,139771053604864,1001,0,1736.43,1874.49
13,139772320284672,1001,1,1736.43,4786.68
13,139770969718784,1001,0,1095.14,1081.1
13,139769711427584,0,0,2245.11,7350.55
13,139768924995584,2002,0,2610.5,8215.67
13,139772414656512,10010,1,1736.43,6950.2
13,139770441236480,1001,0,1095.14,785.427
13,139794109693952,29029,1,25027.4,25352.6
13,139769889685504,0,0,1102.25,822.666
13,139769363300352,2002,0,1792.72,3628.06
13,139770388807680,1001,0,1095.14,654.495
13,139769761759232,0,0,1284.45,1499.29
13,139770520928256,0,0,1095.14,454.665
13,139772024586240,3003,0,1341.54,2289.02
13,139771456258048,2002,0,1736.43,2893.62
13,139769040338944,3003,0,9139.76,36457
13,139770801946624,1001,0,1095.14,2052.44
13,139768950161408,0,0,2420.95,4621.31
13,139771326234624,0,0,1159.34,925.656
13,139770701283328,0,0,1095.14,344.239
13,139772047654912,1001,0,1660.25,2754.98
13,139794082430976,31031,1,38185.9,39090.1
13,139770835501056,1001,0,1095.14,395.002
13,139771082964992,0,0,1095.14,974.188
13,139769346523136,1001,0,1284.45,2185.61
13,139770252492800,0,0,1095.14,887.581
13,139770445430784,0,0,1095.14,752.875
13,139769090670592,1001,0,1284.45,4107.84
13,139769178750976,0,0,1284.45,2655.2
13,139768696406016,9009,0,0,0
13,139771202502656,2002,0,1341.54,1919.48
13,139770829209600,1001,0,1095.14,1232.13
13,139772408365056,4004,1,1736.43,5834.05
13,139770420264960,2002,0,1095.14,1835.59
13,139770145538048,1001,0,1095.14,483.279
13,139771611447296,5005,0,1159.34,595.885
13,139772326576128,6006,1,1736.43,5469.02
13,139770931970048,0,0,1095.14,1471.72
13,139772272050176,5005,1,1736.43,2617.35
13,139794132762624,13013,0,11190.9,11270
13,139770030194688,0,0,1102.25,1734.7
13,139768675434496,7007,0,0,0
13,139769585598464,1001,0,1102.25,1123.39
13,139768822235136,12012,0,0,0
13,139771210891264,0,0,1159.34,948.154
13,139771061993472,1001,0,1095.14,1159.52
13,139772435628032,9009,1,1736.43,6580.76
13,139769629638656,1001,0,1102.25,1238.31
13,139771743567872,0,0,1341.54,2040.19
13,139772037169152,1001,0,1660.25,3628.33
13,139772173484032,1001,0,1736.43,3862.87
13,139769503809536,1001,0,1792.72,3628.06
13,139769231179776,1001,0,1603.16,4621.31
13,139794118082560,10010,0,12510.2,12919.6
13,139769875005440,1001,0,1284.45,1424.11
13,139770812432384,0,0,1095.14,786.297
13,139772016197632,1001,0,1660.25,2503.18
13,139768549605376,9009,0,0,0
13,139771762442240,1001,0,1159.34,1123.45
13,139770581745664,1001,0,1095.14,1242.97
13,139771068284928,1001,0,1095.14,257.019
13,139770160218112,0,0,1095.14,556.303
13,139772446113792,4004,1,1736.43,5426.6
13,139771871494144,0,0,1159.34,882.256
13,139769497518080,1001,0,1603.16,3070.68
13,139769101156352,1001,0,1603.16,5134.79
13,139772186066944,1001,1,1736.43,4814.19
13,139794099208192,25025,1,19790.9,20259.6
13,139770982301696,0,0,1095.14,1630.95
13,139771200405504,1001,0,1159.34,1167.36
13,139771865202688,4004,0,1159.34,1248.69
13,139769598181376,0,0,1284.45,1574.47
13,139772420947968,10010,1,1736.43,9709.87
13,139769193431040,3003,0,1284.45,2982.88
13,139768518148096,13013,0,0,0
13,139769495420928,0,0,1284.45,2513.3
13,139772165095424,4004,1,1736.43,3473.78
13,139771884077056,1001,0,1159.34,1913.25
13,139770032291840,2002,0,1284.45,1375.2
13,139793937727488,0,1,9111.05,0
13,139770258784256,0,0,1095.14,1154.66
13,139770543996928,0,0,1095.14,587.402
13,139769610764288,1001,0,1102.25,1198.57
13,139768935481344,4004,0,2610.5,10269.6
13,139771366080512,2002,0,1159.34,710.214
13,139769623347200,2002,0,1102.25,1260.97
13,139770416070656,1001,0,1095.14,551.968
13,139771475132416,1001,0,1159.34,1476.71
13,139772402073600,8008,1,1736.43,8829.33
13,139772286730240,7007,1,1736.43,6341.21
13,139769220694016,2002,0,1284.45,3638.25
13,139772032974848,3003,0,1660.25,2739.56
13,139768788680704,12012,0,1920.03,513.479
13,139768774000640,5005,0,2420.95,4621.31
13,139771187822592,2002,0,1660.25,1872.68
13,139769742884864,1001,0,1284.45,1463.85
13,139772313993216,2002,1,1736.43,3986.7
13,139768652365824,10010,0,0,0
13,139771875688448,1001,0,1159.34,1049.36
13,139769747079168,4004,0,1284.45,2039.73
13,139770713866240,0,0,1095.14,912.392
13,139769772244992,1001,0,1102.25,1384.36
13,139772030877696,4004,0,1341.54,1658.3
13,139772276244480,7007,1,1736.43,6996.32
13,139794078236672,102102,1,111777,106690
13,139768910315520,3003,0,2610.5,7188.71
13,139768692211712,10010,0,0,0
13,139768836915200,17017,0,0,0
13,139768545411072,8008,0,0,0
13,139771624030208,1001,0,1159.34,1631.53
13,139768803360768,12012,0,0,0
13,139772053946368,1001,0,1341.54,1955.98
13,139771645001728,0,0,1159.34,944.681
13,139769724010496,1001,0,1102.25,1336.15
13,139771116519424,0,0,1095.14,326.621
13,139770539802624,0,0,1095.14,445.315
13,139768960647168,2002,0,1920.03,3080.88
13,139772406267904,9009,1,1736.43,5552.48
13,139771108130816,3003,0,1095.14,1741.91
13,139794120179712,17017,0,11787.8,12852.4
13,139770290241536,0,0,1095.14,1255.58
13,139771600961536,3003,0,1341.54,2608.61
13,139772175581184,3003,1,1736.43,3633.54
13,139772137832448,6006,0,1736.43,3754.73
13,139771886174208,4004,0,1660.25,3358.25
13,139771751956480,3003,0,1159.34,1419.39
13,139771995226112,3003,1,1736.43,3861.41
13,139771921825792,1001,0,1159.34,1161.96
13,139768671240192,10010,0,0,0
13,139769369591808,1001,0,1603.16,2928.79
13,139770002931712,0,0,1102.25,809.887
13,139769352814592,1001,0,1284.45,2371.41
13,139771353497600,1001,0,1159.34,1792.82
13,139772028780544,1001,0,1341.54,2208.44
13,139771502395392,3003,0,1159.34,1240.98
13,139771248640000,1001,0,1159.34,996.566
13,139772288827392,5005,1,1736.43,5465.48
13,139771361886208,1001,0,1341.54,2600.85
13,139770554482688,0,0,1095.14,213.307
13,139769579307008,0,0,1102.25,826.981
13,139772299313152,2002,1,1736.43,5770.4
13,139794134859776,14014,0,13836.6,14247.9
13,139772181872640,3003,0,1159.34,1551.57
13,139771215085568,2002,0,1159.34,975.493
13,139771101839360,0,0,1095.14,963.559
13,139768513953792,7007,0,0,0
13,139770575454208,1001,0,1095.14,446.579
13,139769210208256,1001,0,1284.45,3354.47
13,139771252834304,1001,0,1159.34,382.651
13,139770170703872,1001,0,1095.14,1221.22
13,139770919387136,1001,0,1736.43,2642.35
13,139772305604608,2002,1,1736.43,3566.6
13,139771206696960,0,0,1159.34,652.111
13,139771347206144,4004,0,1159.34,443.413
13,139769730301952,2002,0,1284.45,1428.42
13,139770126663680,0,0,1095.14,520.87
13,139771487715328,2002,0,1159.34,1147.13
13,139768818040832,10010,0,0,0
13,139794126471168,7007,0,11787.8,13655.9
13,139771777122304,3003,0,1159.34,1099.19
13,139770929872896,1001,0,1095.14,474.213
13,139770715963392,2002,0,1095.14,371.213
13,139771730984960,2002,0,1159.34,1792.27
13,139772412559360,4004,1,1736.43,10136.2
13,139771760345088,1001,0,1159.34,1434.59
13,139772026683392,4004,0,1341.54,2085.41
13,139769606569984,0,0,1603.16,1977.33
13,139770128760832,0,0,1277.34,1770.14
13,139771900854272,2002,0,1341.54,1702.6
13,139768920801280,3003,0,2610.5,8729.15
13,139770678214656,0,0,1095.14,1966.24
13,139768945967104,0,0,1920.03,3080.88
13,139771093450752,2002,0,1095.14,931.22
13,139771189919744,0,0,1159.34,411.293
13,139769868713984,0,0,1284.45,1787.23
13,139769065504768,0,0,1792.72,8729.15
13,139769728204800,0,0,1284.45,1716.36
13,139771242348544,1001,0,1159.34,509.737
13,139768541216768,13013,0,0,0
13,139794105499648,17017,1,19790.9,21670.6
13,139770015514624,1001,0,1284.45,1851.62
13,139772404170752,6006,1,2785.45,11352.7
13,139771999420416,4004,0,1341.54,2069.8
13,139769075990528,1001,0,1792.72,8729.15
13,139772127346688,4004,1,1736.43,6635.14
13,139771607252992,0,0,1341.54,2264.51
13,139770850181120,1001,0,1095.14,278.941
13,139769310871552,0,0,1284.45,2557.2
13,139769327648768,0,0,1284.45,2229.51
13,139770697089024,2002,0,1277.34,1737.02
13,139769046630400,0,0,1284.45,4107.84
13,139771504492544,1001,0,1341.54,2429.39
13,139769736593408,1001,0,1792.72,2787.22
13,139771735179264,2002,0,1341.54,1872.78
13,139769862422528,2002,0,1102.25,632.561
13,139772058140672,1001,0,1159.34,1563.42
13,139768688017408,7007,0,0,0
13,139769319260160,1001,0,1792.72,3628.06
13,139771387052032,0,0,1159.34,1235.82
13,139772311896064,7007,1,1736.43,3811.38
13,139771770830848,1001,0,1159.34,626.89
13,139770307018752,1001,0,1277.34,1591.73
13,139769086476288,3003,0,1792.72,7188.71
13,139771764539392,0,0,1341.54,1496.82
13,139771896659968,1001,0,1660.25,2366.48
13,139770791460864,0,0,1095.14,198.715
13,139770120372224,0,0,1277.34,1444.07
13,139770948747264,2002,0,1095.14,2060.72
13,139768648171520,17017,0,0,0
13,139772437725184,5005,1,1736.43,4842.44
13,139770262978560,1001,0,1095.14,1112.04
13,139770546094080,0,0,1095.14,887.767
13,139771372371968,2002,0,1159.34,1046.57
13,139771756150784,0,0,1159.34,659.553
13,139769501712384,0,0,1284.45,2415.31
13,139772418850816,6006,1,1736.43,5650.25
13,139769849839616,2002,0,1102.25,1484.89
13,139769199722496,0,0,1603.16,3398.37
13,139769237471232,2002,0,1792.72,6675.23
13,139770401390592,1001,0,1095.14,1309.87
13,139770797752320,0,0,1095.14,456.332
13,139771598864384,1001,0,1159.34,1055.63
13,139769721913344,0,0,1102.25,1163.13
13,139768509759488,15015,0,0,0
13,139768832720896,12012,0,0,0
13,139771225571328,1001,0,1159.34,1089.49
13,139771632418816,1001,0,1159.34,1725.36
13,139769986154496,0,0,1102.25,1144.96
13,139768667045888,13013,0,0,0
13,139772439822336,6006,1,1736.43,4494.91
13,139771231862784,2002,0,1159.34,1541.67
13,139772049752064,0,0,1341.54,1962.53
13,139771747762176,0,0,1159.34,680.011
13,139768784486400,3003,0,2102.23,3594.36
13,139772171386880,2002,1,1736.43,4365.68
13,139770973913088,0,0,1095.14,1831.96
13,139772056043520,6006,0,1341.54,1942.88
13,139794101305344,27027,1,27657.7,30351.6
13,139770936164352,1001,0,1095.14,615.294
13,139770940358656,1001,0,1095.14,1112.63
13,139769096962048,0,0,1792.72,6161.75
13,139771651293184,3003,0,1159.34,1285.96
13,139770135052288,0,0,1095.14,481.663
13,139770980204544,1001,0,1095.14,1583.27
13,139771779219456,3003,0,1159.34,986.402
13,139768971132928,3003,0,2610.5,8729.15
13,139772014100480,3003,1,1736.43,4029.04
13,139771649196032,1001,0,1159.34,1066.22
13,139768537022464,7007,0,0,0
13,139772265758720,5005,1,1736.43,2924.8
13,139768931287040,0,0,2102.23,4107.84
13,139772135735296,1001,1,1736.43,4296.58
13,139771737276416,1001,0,1159.34,1959.53
13,139769612861440,0,0,1284.45,2194.24
13,139768799166464,7007,0,0,0
13,139771733082112,1001,0,1341.54,2102.38
13,139769589792768,1001,0,1284.45,1964.55
13,139772177678336,1001,1,1736.43,2983.25
13,139769359106048,1001,0,1792.72,3769.95
13,139771621933056,3003,0,1159.34,1283.47
13,139771510784000,5005,0,1159.34,740.974
13,139771892465664,1001,0,1341.54,2659.17
13,139771481423872,0,0,1159.34,994.122
13,139771997323264,3003,1,1736.43,3682.34
13,139771613544448,0,0,1341.54,1716.25
13,139769226985472,2002,0,1284.45,3594.36
13,139771879882752,4004,0,1341.54,2901.36
13,139769174556672,0,0,5159.11,19221.3
13,139772152512512,1001,1,1736.43,3018.04
13,139769591889920,0,0,1102.25,973.026
13,139772009906176,0,0,1159.34,2198.39
13,139770393001984,2002,0,1095.14,1030.2
13,139769715621888,0,0,1102.25,1636.87
13,139771766636544,2002,0,1736.43,3837.99
13,139771911340032,2002,0,1341.54,2794.36
13,139771787608064,4004,0,1159.34,1194.23
13,139771919728640,2002,0,1159.34,1122.21
13,139770143440896,0,0,1277.34,1112.61
13,139772139929600,4004,0,1736.43,5109.71
13,139771500298240,2002,0,1159.34,1504.47
13,139770179092480,1001,0,1095.14,1033.81
13,139768956452864,3003,0,2610.5,6161.75
13,139771059896320,3003,0,1095.14,892.487
13,139771483521024,1001,0,1159.34,452.569
13,139772190261248,4004,1,1736.43,4291.68
13,139794103402496,23023,1,27657.7,29346.9
13,139771345108992,1001,0,1159.34,478.443
13,139771477229568,1001,0,1159.34,1014.24
13,139771521269760,0,0,1159.34,767.567
13,139771514978304,1001,0,1159.34,902.888
13,139770963427328,1001,0,1095.14,917.832
13,139768906121216,2002,0,12605.9,43132.3
13,139768813846528,14014,0,0,0
13,139771227668480,0,0,1159.34,1775.14
13,139771468840960,2002,0,1159.34,956.806
13,139768683823104,15015,0,0,0
13,139769333940224,1001,0,1284.45,2185.61
13,139772290924544,4004,1,1736.43,5518.8
13,139771334623232,2002,0,1159.34,960.564
13,139771603058688,0,0,1159.34,967.141
13,139771357691904,3003,0,1159.34,1381.52
13,139771519172608,0,0,1159.34,930.845
13,139772278341632,6006,1,1736.43,4795.23
13,139771741470720,0,0,1341.54,2101.59
13,139769988251648,0,0,1102.25,1033.81
13,139772142026752,1001,1,1736.43,3693.37
13,139769189236736,1001,0,1102.25,2141.72
13,139772154609664,3003,1,1736.43,3433.36
13,139771246542848,2002,0,1159.34,501.789
13,139768505565184,9009,0,0,0
13,139769216499712,1001,0,1603.16,3726.05
13,139768532828160,12012,0,0,0
13,139770313310208,0,0,1095.14,929.507
13,139772433530880,14014,1,1736.43,5506.88
13,139772301410304,4004,1,1736.43,6495.99
13,139772007809024,4004,0,1736.43,4563.41
13,139772005711872,4004,0,1159.34,1133.95
13,139771594670080,5005,0,1159.34,725.493
13,139794092916736,26026,1,29358.6,28707.1
13,139771196211200,1001,0,1159.34,580.36
13,139769308774400,1001,0,5159.11,15704.6
13,139769604472832,0,0,1284.45,1902.15
13,139771064090624,1001,0,1095.14,1076.97
13,139770923581440,0,0,1095.14,268.921
13,139769877102592,2002,0,1102.25,1163.13
13,139771221377024,1001,0,1159.34,811.657
13,139770925678592,1001,0,1095.14,909.077
13,139770837598208,0,0,1095.14,1128.77
13,139770659340288,0,0,1095.14,1249.08
13,139768941772800,2002,0,2420.95,4621.31
13,139768662851584,14014,0,0,0
13,139771909242880,3003,0,1159.34,1318.03
13,139769872908288,0,0,1284.45,1787.23
13,139769845645312,0,1,1792.72,5163.71
13,139772131540992,4004,1,1736.43,5699.79
13,139771634515968,1001,0,1159.34,872.797
13,139770267172864,1001,0,1095.14,311.688
13,139771328331776,2002,0,1159.34,1491.98
13,139771881979904,4004,0,1159.34,1821.08
13,139768916606976,5005,0,2420.95,5134.79
13,139771626127360,1001,0,1159.34,1069.35
13,139771330428928,3003,0,1159.34,456.126
13,139771236057088,1001,0,1159.34,1170.5
13,139770952941568,0,0,1095.14,531.238
13,139769617055744,2002,0,1603.16,1981.49
13,139768828526592,7007,0,0,0
13,139771114422272,0,0,1095.14,1651.88
13,139771355594752,0,0,1159.34,591.028
13,139770804043776,1001,0,1095.14,781.797
13,139770814529536,0,0,1095.14,510.403
13,139769893879808,0,0,1102.25,1127.7
13,139770665631744,0,0,1095.14,659.54
13,139772167192576,5005,1,1736.43,2740.31
13,139770558676992,1001,0,1095.14,1058.44
13,139770707574784,1001,0,1095.14,1398.91
13,139770688700416,1001,0,1095.14,977.495
13,139771324137472,1001,0,1159.34,1053.88
13,139772179775488,4004,1,1660.25,2436.97
13,139771464646656,2002,0,1159.34,1320.43
13,139771070382080,1001,0,1095.14,1238.39
13,139769449283584,0,0,1603.16,2601.1
13,139770793558016,0,0,1095.14,1219.9
13,139771907145728,0,0,1159.34,1456.35
13,139771460452352,0,0,1159.34,1765.95
13,139769487032320,0,0,1792.72,4273.23
13,139770822918144,1001,0,1095.14,919.435
13,139769061310464,1001,0,1792.72,5648.27
13,139769206013952,0,0,1284.45,3026.78
13,139768780292096,5005,0,2420.95,4621.31
13,139769365397504,0,0,1284.45,3026.78
13,139769071796224,0,0,1792.72,9756.11
13,139770657243136,0,0,1095.14,351.698
13,139772450308096,8008,1,1736.43,5866.9
13,139771085062144,1001,0,1095.14,676.624
13,139769052921856,1001,0,1792.72,6675.23
13,139769484935168,1001,0,1603.16,3114.58
13,139768528633856,13013,0,0,0
13,139768794972160,15015,0,0,0
13,139768681725952,16016,0,0,0
13,139769348620288,0,0,1603.16,3256.47
13,139771340914688,2002,0,1159.34,1719.78
13,139770785169408,0,0,1736.43,2244.79
13,139768702697472,11011,0,0,0
13,139769753370624,2002,0,1102.25,1221.22
13,139768966938624,1001,0,2610.5,6161.75
13,139769466060800,0,0,1603.16,3584.16
13,139770831306752,0,0,1095.14,329.173
13,139769082281984,1001,0,1792.72,8215.67
13,139771076673536,1001,0,1095.14,1074.85
13,139770810335232,0,0,1095.14,445.105
13,139771332526080,1001,0,1341.54,2388.41
13,139769180848128,0,0,1102.25,1814.03
13,139770525122560,1001,0,1095.14,570.856
13,139770149732352,0,0,1596.05,2945.84
13,139769042436096,0,0,1792.72,5648.27
13,139770669826048,0,0,1095.14,297.096
13,139769734496256,3003,0,1102.25,1419.79
13,139771343011840,0,0,1159.34,1713.18
13,139771494006784,0,0,1159.34,912.181
13,139771596767232,1001,0,1159.34,1630.26
13,139769642221568,0,0,1284.45,1712.05
13,139769992445952,0,0,1284.45,1733.08
13,139768927092736,1001,0,2420.95,5134.79
13,139772316090368,4004,1,1736.43,3700.56
13,139768809652224,10010,0,0,0
13,139770550288384,0,0,1095.14,1081.45
13,139771473035264,1001,0,1159.34,626.553
13,139772045557760,0,1,1159.34,1075.98
13,139771470938112,3003,0,1159.34,1034.61
13,139771055702016,2002,0,1095.14,364.905
13,139770430750720,1001,0,1095.14,1140.63
13,139772458696704,8008,1,1736.43,5449.63
13,139770942455808,1001,0,1095.14,1227.08
13,139771066187776,0,0,1095.14,356.103
13,139769879199744,0,0,1102.25,1163.13
13,139769092767744,0,0,1792.72,6161.75
13,139771204599808,1001,0,1159.34,1266.64
13,139770976010240,0,0,1095.14,1492.24
13,139771655487488,0,0,1159.34,873.059
13,139772280438784,1001,1,1736.43,3652.81
13,139772454502400,5005,1,1736.43,3073.71
13,139769608667136,2002,0,1102.25,973.026
13,139771993128960,1001,1,1736.43,2673.83
13,139768952258560,1001,0,2610.5,5648.27
13,139770841792512,1001,0,1095.14,1714.06
13,139771240251392,2002,0,1341.54,2448.35
13,139769233276928,3003,0,1792.72,8729.15
13,139768641880064,12012,0,0,0
13,139771380760576,0,0,1159.34,1057.64
13,139771647098880,0,0,1159.34,1044.39
13,139769331843072,0,0,1603.16,3584.16
13,139768658657280,15015,0,0,0
13,139770019708928,0,0,1102.25,818.894
13,139770405584896,1001,0,1095.14,1548.72
13,139769317163008,0,0,1102.25,1999.82
13,139770411876352,1001,0,1095.14,1330.38
13,139769902268416,1001,0,1284.45,1747.48
13,139770397196288,0,0,1095.14,869.958
13,139771890368512,0,0,1660.25,2621.08
13,139771370274816,0,0,1159.34,1149.68
13,139770023903232,1001,0,1102.25,1294.24
13,139771217182720,0,0,1159.34,757.414
13,139769195528192,2002,0,1284.45,2840.99
13,139771781316608,1001,0,1159.34,1163.63
13,139772144123904,4004,1,1660.25,1917.75
13,139768524439552,8008,0,0,0
13,139771739373568,3003,0,1341.54,2423.12
13,139772303507456,5005,1,1736.43,6859.56
13,139769455575040,1001,0,1792.72,3671.96
13,139770271367168,0,0,1095.14,801.966
13,139769103253504,0,0,1792.72,5648.27
13,139771368177664,1001,0,1159.34,1899.75
13,139770426556416,1001,0,1095.14,348.012
13,139770699186176,4004,0,1095.14,208.807
13,139771080867840,1001,0,1095.14,866.184
13,139771233959936,0,0,1159.34,1654.04
13,139768824332288,15015,0,0,0
13,139770965524480,0,0,1095.14,485.857
13,139771867299840,1001,0,1660.25,2548.91
13,139768698503168,13013,0,0,0
13,139769854033920,1001,0,1102.25,743.174
13,139769222791168,2002,0,1792.72,9242.63
13,139771374469120,1001,0,1159.34,559.977
13,139770541899776,4004,0,1095.14,868.879
13,139770017611776,2002,0,1102.25,1553.6
13,139768677531648,12012,0,0,0
13,139769329745920,2002,0,1102.25,1442.44
13,139770650951680,2002,1,1736.43,1696.65
13,139770382516224,2002,0,1736.43,1875.68
13,139769478643712,2002,0,1792.72,3999.64
13,139770680311808,0,0,1095.14,1030.26
13,139769732399104,1001,0,1603.16,2889.37
13,139769577209856,0,0,1792.72,5112.25
13,139770118275072,0,0,1095.14,592.816
13,139770516733952,1001,0,1736.43,2179.08
13,139770434945024,2002,0,1095.14,511.144
13,139772169289728,2002,1,1736.43,3314.31
13,139772001517568,6006,0,1736.43,3912.07
13,139768937578496,1001,0,2610.5,6161.75
13,139771250737152,3003,0,1341.54,1884.49
13,139772156706816,5005,1,1736.43,3324.57
13,139769621250048,0,0,1284.45,2150.35
13,139769581404160,1001,0,1102.25,636.873
13,139769908559872,3003,0,1284.45,1601.43
13,139771238154240,3003,0,1159.34,1123.55
13,139769354911744,2002,0,1792.72,3813.85
13,139772051849216,1001,1,1736.43,2976.01
13,139769371688960,2002,0,1102.25,1486.34
13,139770153926656,3003,0,1277.34,2320.13
13,139771863105536,1001,0,1660.25,2607.54
13,139770667728896,1001,0,1095.14,386.801
13,139771378663424,0,0,1159.34,1205.13
13,139771097645056,0,0,1095.14,1143.3
13,139772020391936,2002,0,1660.25,3001.59
13,139770302824448,0,0,1095.14,1218.53
13,139770577551360,0,0,1095.14,659.886
13,139769340231680,0,0,1792.72,4185.44
13,139768551702528,7007,0,0,0
13,139768912412672,1001,0,2420.95,5134.79
13,139770139246592,0,0,1095.14,1657.9
13,139768776097792,1001,0,1920.03,2053.92
13,139770168606720,0,0,1095.14,1294.78
13,139768790777856,10010,0,0,0
13,139772309798912,3003,1,1736.43,4682.5
13,139770443333632,3003,0,1095.14,1289.37
13,139770676117504,2002,0,1095.14,1336.24
13,139770428653568,0,0,1095.14,1009.7
13,139771194114048,0,0,1159.34,874.308
13,139768520245248,11011,0,0,0
13,139770418167808,0,0,1095.14,972.644
13,139770961330176,2002,0,1095.14,1342.68
13,139770279755776,1001,0,1095.14,1482.35
13,139770955038720,2002,0,1095.14,1169.6
13,139771091353600,0,0,1277.34,1763.28
13,139769212305408,1001,0,1102.25,1770.13
13,139772188164096,0,0,1660.25,2935.9
13,139770705477632,0,0,1095.14,1923
13,139771609350144,3003,0,1159.34,1478.6
13,139770447527936,0,0,1095.14,361.862
13,139769508003840,0,0,1792.72,4141.54
13,139769185042432,1001,0,1102.25,1442.44
13,139771640807424,1001,0,1159.34,1041.82
13,139769453477888,0,0,1284.45,2043.72
13,139768962744320,1001,0,2610.5,6675.23
13,139770661437440,0,0,1095.14,662.774
13,139770573357056,0,0,1277.34,1669.23
13,139768654462976,9009,0,0,0
13,139770827112448,0,0,1095.14,629.145
13,139770432847872,0,0,1095.14,329.311
13,139768805457920,12012,0,0,0
13,139768637685760,87087,0,0,0
13,139770533511168,0,0,1095.14,890.27
13,139770569162752,1001,0,1095.14,1518.86
13,139769635930112,0,0,1102.25,1814.19
13,139770124566528,2002,0,1095.14,1070.32
13,139770806140928,1001,0,1095.14,1280.28
13,139771110227968,0,0,1095.14,609.645
13,139769583501312,0,0,1102.25,1375.89
13,139769726107648,1001,0,1284.45,1566
13,139770816626688,0,0,1095.14,823.822
13,139769981960192,0,0,1102.25,1406.48
13,139770682408960,0,0,1095.14,696.397
13,139770040680448,0,0,1603.16,1413.33
13,139771724693504,0,0,1736.43,3085.38
13,139770250395648,0,0,1095.14,1075.52
13,139770795655168,1001,0,1095.14,1011.91
13,139768694308864,9009,0,0,0
13,139770028097536,0,0,1102.25,855.407
13,139770556579840,0,0,1095.14,781.654
13,139770978107392,0,0,1095.14,1186.06
13,139770518831104,3003,0,1095.14,408.264
13,139769493323776,0,0,1792.72,4698.92
13,139771198308352,1001,0,1159.34,1128.92
13,139771628224512,2002,0,1341.54,2330.53
13,139770384613376,2002,0,1095.14,737.761
13,139769067601920,0,0,1102.25,3080.88
13,139769057116160,2002,0,1792.72,7188.71
13,139770137149440,0,0,1095.14,705.585
13,139768673337344,10010,0,0,0
13,139768547508224,5005,0,0,0
13,139769321357312,2002,0,1284.45,2884.89
13,139769713524736,0,0,1102.25,676.621
13,139770269270016,1001,0,1095.14,960.059
13,139770690797568,0,0,1277.34,1763.84
13,139771208794112,4004,0,1341.54,2049.6
13,139768922898432,1001,0,2610.5,9242.63
13,139771223474176,0,0,1159.34,1254.29
13,139770820820992,1001,0,1095.14,1468.63
13,139770709671936,1001,0,1095.14,1034.16
13,139769078087680,1001,0,1792.72,6675.23
13,139769048727552,2002,0,1792.72,8215.67
13,139769614958592,2002,0,1603.16,2601.43
13,139768948064256,2002,0,2610.5,6675.23
13,139772460793856,11011,1,1736.43,5559.64
13,139770151829504,0,0,1095.14,1144.42
13,139770114080768,0,0,1736.43,2925.03
13,139771491909632,0,0,1159.34,1641.72
13,139768820137984,11011,0,0,0
13,139769866616832,0,0,1603.16,2471.56
13,139770560774144,2002,0,1095.14,742.985
13,139772529999872,0,0,1159.34,0
13,139772423045120,5005,1,1736.43,7521.68
13,139770122469376,1001,0,1095.14,890.299
13,139771783413760,2002,0,1159.34,664.159
13,139771636613120,1001,0,1159.34,2255.32
13,139769201819648,0,0,1284.45,2557.2
13,139770013417472,0,0,1102.25,335.615
13,139769858228224,1001,0,1102.25,1071.94
13,139768516050944,6006,0,0,0
13,139771592572928,0,0,1159.34,1211.86
13,139770288144384,0,0,1095.14,518.714
13,139771112325120,1001,0,1095.14,900.215
13,139772444016640,5005,1,1736.43,5453.31
13,139769088573440,0,0,1603.16,4621.31
13,139770311213056,4004,0,1095.14,815.122
13,139769239568384,0,0,1792.72,5648.27
13,139770694991872,1001,0,1095.14,1182.72
13,139771728887808,2002,0,1341.54,1989.2
13,139769910657024,1001,0,1102.25,1238.31
13,139770248298496,2002,1,1736.43,2722.29
13,139769891782656,1001,0,1603.16,1977.33
13,139769994543104,0,0,1102.25,997.299
13,139769505906688,0,0,1284.45,2229.51
13,139771508686848,1001,0,1159.34,978.311
13,139770021806080,1001,0,1102.25,1770.67
13,139769361203200,2002,0,1603.16,2742.99
13,139772039266304,2002,0,1660.25,2633.88
13,139770523025408,0,0,1095.14,599.634
13,139770562871296,1001,0,1095.14,1052.86
13,139769447186432,0,0,1603.16,2972.68
13,139771754053632,2002,0,1159.34,1167.3
13,139771498201088,3003,0,1159.34,1624.15
13,139770141343744,0,0,1095.14,704.507
13,139770967621632,1001,0,1095.14,431.255
13,139770034388992,3003,0,1603.16,2292.62
13,139769176653824,1001,0,1284.45,2371.41
13,139770527219712,2002,0,1095.14,980.57
13,139772293021696,6006,1,1736.43,4130.78
13,139772158803968,2002,1,1660.25,2192.99
13,139770927775744,0,0,1095.14,321.575
13,139770156023808,2002,0,1095.14,1329.14
13,139768543313920,14014,0,0,0
13,139770044874752,1001,0,1102.25,852.711
13,139770818723840,0,0,1095.14,1518.12
13,139769099059200,1001,0,1792.72,6675.23
13,139771619835904,3003,0,1341.54,1613.65
13,139770787266560,2002,0,1095.14,1009.29
13,139769229082624,0,0,1792.72,7702.19
13,139770946650112,0,0,1095.14,950.987
13,139770147635200,0,0,1095.14,781.843
13,139768690114560,15015,0,0,0
13,139768650268672,9009,0,0,0
13,139770162315264,1001,0,1095.14,593.354
13,139769619152896,1001,0,1102.25,826.981
13,139769860325376,0,0,1603.16,2068.16
13,139769998737408,1001,0,1102.25,670.152
13,139768933384192,2002,0,2610.5,6161.75
13,139768786583552,6006,0,2610.5,8729.15
13,139772318187520,6006,1,1736.43,5258.99
13,139770843889664,0,0,1095.14,990.116
13,139770164412416,1001,0,1095.14,483.819
13,139768771903488,46046,0,2610.5,11810
13,139768834818048,18018,0,0,0
13,139772297216000,8008,1,1736.43,4276.02
13,139769463963648,0,0,1284.45,2884.89
13,139769482838016,0,0,1284.45,2557.2
13,139772284633088,4004,1,1736.43,4809.34
13,139770403487744,0,0,1095.14,468.702
13,139769596084224,0,0,1284.45,1609.9
13,139771376566272,2002,0,1159.34,1574.01
13,139770176995328,0,0,1596.05,1888.14
13,139769900171264,0,0,1792.72,3012.76
13,139768669143040,14014,0,0,0
13,139768801263616,10010,0,0,0
13,139769990348800,1001,0,1102.25,408.639
13,139770011320320,0,0,1102.25,780.765
13,139770009223168,2002,0,1102.25,1292.09
13,139770265075712,0,0,1095.14,1052.32
13,139769587695616,2002,0,1102.25,1225.53
13,139769191333888,1001,0,1284.45,2557.2
13,139768511856640,11011,0,0,0
13,139772282535936,5005,1,1736.43,5181.19
13,139769776439296,0,0,1603.16,2991.51
13,139770529316864,1001,0,1095.14,927.321
13,139770281852928,1001,0,1095.14,899.269
13,139770256687104,2002,0,1095.14,1139.74
13,139771605155840,1001,0,1159.34,1230.93
13,139771219279872,1001,0,1159.34,435.169
13,139770286047232,0,0,1095.14,1028.43
13,139771617738752,2002,0,1159.34,1097.58
13,139769638027264,0,0,1102.25,1782.91
13,139768908218368,0,0,2610.5,7702.19
13,139768958550016,1001,0,2610.5,6675.23
13,139769218596864,3003,0,1284.45,2840.99
13,139770273464320,1001,0,1095.14,1108.08
13,139772274147328,3003,1,1736.43,4899.99
13,139770944552960,1001,0,1095.14,518.667
13,139769474449408,0,0,1603.16,3114.58
13,139769895976960,0,0,1284.45,2150.35
13,139772261564416,5005,1,1736.43,6006.24
13,139769885491200,2002,0,1102.25,1052.52
13,139771873591296,1001,0,1341.54,3160.39
13,139768539119616,6006,0,0,0
13,139769602375680,0,0,1102.25,964.56
13,139769851936768,0,0,1102.25,742.636
13,139770437042176,0,0,1095.14,711.865
13,139769847742464,0,0,1284.45,1594.42
13,139770579648512,0,0,1095.14,971.033
13,139769480740864,0,0,1792.72,3344.27
13,139769491226624,1001,0,1792.72,5354.29
13,139771745665024,2002,0,1159.34,1140.31
13,139769640124416,2002,0,1102.25,676.621
13,139772410462208,7007,1,1736.43,10922.6
13,139770552385536,0,0,1095.14,593.87
13,139770036486144,1001,0,1603.16,2179.85
13,139768815943680,11011,0,0,0
13,139771074576384,1001,0,1095.14,1580.05
13,139769856131072,2002,0,1102.25,1518.17
13,139770671923200,0,0,1095.14,1531.97
13,139770038583296,0,0,1284.45,1957.01
13,139770674020352,2002,0,1095.14,558.681
13,139772269953024,3003,1,1736.43,4647.79
13,139769759662080,0,0,1284.45,2114.91
13,139770395099136,1001,0,1095.14,352.511
13,139770984398848,1001,0,1095.14,822.549
13,139770132955136,2002,0,1095.14,1217.99
13,139771758247936,0,0,1159.34,986.583
13,139769470255104,0,0,1284.45,2415.31
13,139768685920256,16016,0,0,0
13,139771089256448,0,0,1095.14,1392.51
13,139770845986816,3003,0,1095.14,903.574
13,139770277658624,1001,0,1095.14,1706.27
13,139771106033664,1001,0,1095.14,1875.45
13,139768943869952,1001,0,2610.5,8729.15
13,139772399976448,10010,1,1736.43,8988.9
13,139769367494656,0,0,1102.25,1486.34
13,139770172801024,1001,0,1095.14,1143.88
13,139770808238080,3003,0,1095.14,1304.21
13,139770026000384,0,0,1102.25,555.765
13,139768918704128,2002,0,2610.5,7702.19
13,139770567065600,1001,0,1095.14,913.471
13,139769325551616,1001,0,1603.16,3256.47
13,139769350717440,1001,0,1603.16,2742.99
13,139772150415360,3003,0,1660.25,2612.62
13,139770571259904,0,0,1095.14,796.396
13,139769208111104,0,0,1792.72,4097.64
13,139768646074368,15015,0,0,0
13,139769979863040,0,0,1792.72,3913.86
13,139768507662336,15015,0,0,0
13,139771336720384,1001,0,1159.34,660.679
13,139769770147840,1001,0,1284.45,1463.85
13,139770407682048,0,0,1095.14,465.821
13,139770300727296,0,0,1277.34,1330.76
13,139771869396992,1001,1,1341.54,2005.24
13,139772035072000,1001,0,1660.25,2775.89
13,139771496103936,4004,0,1660.25,3054.37
13,139769063407616,2002,0,1102.25,2567.4
13,139768534925312,6006,0,0,0
13,139770042777600,1001,0,1284.45,1338.14
13,139769182945280,1001,0,1102.25,1486.34
13,139769468157952,1001,0,1284.45,2371.41
13,139769055019008,3003,0,1792.72,8215.67
13,139769073893376,2002,0,1792.72,8215.67
13,139768664948736,9009,0,0,0
13,139772448210944,3003,1,1736.43,5849.88
13,139770174898176,0,0,1095.14,1372.12
13,139770921484288,0,0,1095.14,802.84
13,139770390904832,1001,0,1095.14,561.505
13,139771458355200,2002,0,1159.34,1786.64
13,139771768733696,2002,0,1159.34,1256.86
13,139768830623744,9009,0,0,0
13,139772324478976,9009,1,1736.43,5161.72
13,139770839695360,3003,0,1095.14,1465.14
13,139769749176320,2002,0,1102.25,712.053
13,139770130857984,0,0,1095.14,1152.35
13,139770424459264,0,0,1095.14,515.103
13,139770275561472,0,0,1095.14,1432.53
13,139771775025152,3003,0,1159.34,1527
13,139770298630144,1001,0,1095.14,1032.19
13,139769870811136,1001,0,1102.25,1127.7
13,139770531414016,0,0,1095.14,1705.73
13,139769044533248,3003,0,1792.72,6675.23
13,139771894562816,1001,0,1736.43,4388.55
13,139771384954880,0,0,1159.34,930.808
13,139769084379136,1001,0,1792.72,7702.19
13,139770116177920,1001,0,1277.34,2357.18
13,139770703380480,0,0,1277.34,1747.99
13,139770789363712,1001,0,1095.14,1074.85
13,139768782389248,3003,0,1920.03,1540.44
13,139771338817536,2002,0,1341.54,2156.95
13,139772267855872,2002,1,1736.43,4421.22
13,139769338134528,1001,0,1792.72,3486.16
13,139771351400448,1001,0,1341.54,2047.05
13,139770309115904,0,0,1095.14,963.864
13,139772043460608,4004,0,1159.34,1511.24
13,139771653390336,2002,0,1341.54,2311.82
13,139770663534592,3003,0,1095.14,1283.16
13,139772003614720,5005,1,1660.25,2459.19
13,139770422362112,1001,0,1095.14,875.341
13,139769717719040,3003,0,1284.45,1348.93
13,139770959233024,0,0,1095.14,287.817
13,139769499615232,1001,0,1792.72,3628.06
13,139770825015296,0,0,1095.14,1582
13,139769751273472,0,0,1603.16,2814.19
13,139768797069312,20020,0,0,0
13,139771087159296,1001,0,1095.14,468.564
13,139794124374016,17017,0,13836.6,13948.1
13,139768969035776,3003,0,1920.03,2053.92
13,139769744982016,0,0,1284.45,2008.45
13,139769633832960,1001,0,1284.45,1720.51
13,139794115985408,11011,1,13836.6,14078.6
13,139770938261504,0,0,1095.14,1123.12
13,139794107596800,27027,1,22487.5,25227.4
13,139771590475776,0,1,1660.25,2942.94
13,139794084528128,62062,1,44492.2,50193.2
13,139769906462720,0,0,1284.45,1826.97
13,139769757564928,0,0,1102.25,1672.3
13,139770399293440,2002,0,1095.14,1238.65
13,139794095013888,26026,1,27657.7,27748.9
13,139769235374080,1001,0,1603.16,4621.31
13,139770260881408,1001,0,1095.14,968.871
13,139771229765632,3003,0,1159.34,932.793
13,139768929189888,2002,0,2610.5,8215.67
13,139794097111040,25025,1,27657.7,27855.2
13,139772160901120,3003,1,1736.43,6445.23
13,139769094864896,0,0,1792.72,6675.23
13,139769738690560,2002,0,1102.25,1402.86
13,139771888271360,3003,0,1159.34,1003.92
13,139794080333824,90090,1,60531.7,75040.9
13,139771902951424,0,0,1159.34,1415.72
13,139769197625344,1001,0,1102.25,1857.93
13,139769631735808,0,0,1102.25,1849.63
13,139771506589696,3003,0,1341.54,1322.21
13,139794076139520,103103,1,92999.3,95940.9
13,139771861008384,0,0,1341.54,2806.19
13,139769312968704,0,0,1284.45,2229.51
13,139769323454464,0,0,1284.45,2043.72
13,139770296532992,0,0,1277.34,2395.31
13,139794130665472,14014,0,12510.2,13328.9
13,139769881296896,1001,0,1284.45,2730.54
13,139771466743808,1001,0,1159.34,1256.65
13,139769315065856,0,0,1102.25,1672.13
13,139768530731008,15015,0,0,0
13,139794074042368,170170,1,123401,143000
13,139768503468032,75075,0,0,0
13,139771462549504,0,0,1159.34,1928.35
13,139771057799168,2002,0,1095.14,1026.6
13,139768811749376,17017,0,0,0
13,139771877785600,3003,0,1660.25,2688.12
13,139769740787712,2002,0,1102.25,1526.25
13,139772395782144,9009,1,1736.43,8428.82
13,139769344425984,0,0,1603.16,2742.99
13,139768954355712,1001,0,2102.23,3594.36
13,139794086625280,37037,1,38185.9,38538.4
13,139770439139328,2002,0,1095.14,469.78
13,139769887588352,1001,0,1102.25,1238.31
13,139772452405248,4004,1,1736.43,4897.95
13,139771485618176,0,0,1341.54,2382.63
13,139772012003328,1001,0,1341.54,2255.1
13,139771349303296,0,0,1159.34,1314.54
13,139771359789056,0,0,1159.34,556.586
13,139770833403904,1001,0,1095.14,2363.79
13,139770848083968,0,0,1095.14,752.272
13,139770292338688,0,0,1095.14,594.432
13,139794128568320,14014,0,11190.9,12394.8
13,139770386710528,1001,0,1095.14,1458.42
13,139769224888320,0,0,1792.72,5648.27
14,139771898757120,5005,0,1341.54,2065.33
14,139771726790656,2002,0,1159.34,1400.03
14,139770537705472,0,0,1095.14,341.744
14,139768560091136,17017,0,0,0
14,139770957135872,1001,0,1095.14,1346.33
14,139771917631488,3003,0,1341.54,3206.65
14,139772162998272,6006,1,1660.25,3122.12
14,139770294435840,1001,0,1095.14,1285.78
14,139794088722432,52052,1,42211.5,44962.1
14,139769105350656,0,0,1284.45,2185.61
14,139769342328832,1001,0,1603.16,2636.86
14,139769864519680,0,0,1102.25,651.613
14,139768643977216,2002,0,2610.5,5648.27
14,139769357008896,1001,0,1284.45,2624.08
14,139769451380736,0,0,1102.25,1012.77
14,139769763856384,0,0,1102.25,1330.21
14,139771212988416,5005,0,1159.34,1262.15
14,139794136956928,93093,1,111777,108413
14,139769373786112,0,0,1603.16,2096.41
14,139770564968448,0,0,1095.14,956.291
14,139768660754432,2002,0,2102.23,4107.84
14,139769472352256,0,0,1102.25,1177.32
14,139770653048832,0,0,1095.14,927.425
14,139772022489088,8008,0,1660.25,3126.4
14,139771322040320,2002,0,1736.43,3188.08
14,139771772928000,1001,0,1341.54,3471.88
14,139768264392704,11011,0,0,0
14,139772183969792,6006,0,1660.25,2807.04
14,139771382857728,2002,0,1159.34,1453.9
14,139770158120960,0,0,1095.14,617.257
14,139772192358400,3003,0,1341.54,2324.66
14,139770950844416,2002,0,1095.14,1311.62
14,139771489812480,1001,0,1159.34,1395.8
14,139771913437184,1001,0,1159.34,959.968
14,139772307701760,4004,1,1736.43,4698.18
14,139771905048576,6006,0,1159.34,2349.68
14,139772129443840,4004,1,1736.43,4986.52
14,139771915534336,1001,0,1159.34,1775.12
14,139769627541504,0,0,1284.45,1405.4
14,139769476546560,1001,0,1284.45,1601.43
14,139771858911232,2002,0,1660.25,2807.18
14,139771192016896,0,0,1159.34,509.44
14,139769774342144,0,0,1102.25,929.507
14,139769765953536,0,0,1102.25,958.629
14,139772133638144,5005,1,1736.43,7140.36
14,139769755467776,1001,0,1102.25,744.792
14,139771118616576,0,0,1095.14,426.027
14,139768826429440,0,0,2610.5,7188.71
14,139771512881152,1001,0,1159.34,176.618
14,139769457672192,1001,0,1102.25,676.621
14,139771615641600,3003,0,1341.54,2691.89
14,139770686603264,2002,0,1095.14,897.312
14,139768939675648,0,0,2420.95,4053.74
14,139770711769088,0,0,1095.14,1077.8
14,139770000834560,1001,0,1102.25,1168.87
14,139772397879296,10010,1,1736.43,5601.08
14,139794113888256,27027,1,15677.5,17161.6
14,139772018294784,3003,0,1341.54,2838.51
14,139768526536704,0,0,2610.5,6675.23
14,139769187139584,0,0,1603.16,2233.99
14,139769214402560,0,0,1792.72,3513.46
14,139770692894720,0,0,1095.14,1241.14
14,139770548191232,1001,0,1095.14,361.652
14,139768260198400,16016,0,0,0
14,139771630321664,0,0,1159.34,1003.9
14,139772441919488,3003,1,1736.43,4994.32
14,139794071945216,4.01051e+07,1,4.26086e+07,3.86068e+07
14,139768914509824,1001,0,2102.23,2229.51
14,139770283950080,0,0,1095.14,779.711
14,139771072479232,0,0,1095.14,1531.49
14,139768679628800,2002,0,2610.5,6675.23
14,139768700600320,1001,0,2610.5,9756.11
14,139769461866496,0,0,1792.72,3265.27
14,139770655145984,2002,0,1095.14,1239.16
14,139772416753664,16016,1,1736.43,10920.5
14,139794122276864,9009,1,15677.5,17916.7
14,139771479326720,0,0,1159.34,435.272
14,139771789705216,3003,0,1341.54,2088.3
14,139771638710272,2002,0,1159.34,1794.95
14,139772041363456,2002,0,1341.54,2685.29
14,139771363983360,0,0,1159.34,1043.9
14,139772425142272,8008,1,1736.43,5977.93
14,139769445089280,0,0,1102.25,1309.18
14,139770413973504,0,0,1095.14,445.78
14,139771517075456,1001,0,1159.34,1258.33
14,139769459769344,0,0,1102.25,526.261
14,139771095547904,0,0,1095.14,1656.08
14,139768778194944,1001,0,2102.23,2513.3
14,139770007126016,0,0,1102.25,1047.28
14,139772427239424,10010,1,1736.43,6321.63
14,139794111791104,18018,1,17938.5,19587.5
14,139768792875008,0,0,2102.23,4107.84
14,139771785510912,2002,0,1159.34,1952.61
14,139770304921600,0,0,1095.14,1339.73
14,139769768050688,2002,0,1102.25,856.483
14,139770409779200,2002,0,1095.14,828.127
14,139770166509568,2002,0,1095.14,1696.2
14,139769883394048,0,0,1102.25,555.765
14,139771749859328,3003,0,1159.34,1006.07
14,139772148318208,3003,1,1736.43,4023.73
14,139769625444352,1001,0,1102.25,1005.22
14,139772146221056,5005,1,1736.43,3213.61
14,139771103936512,0,0,1095.14,1451.05
14,139770971815936,0,0,1095.14,599.185
14,139772429336576,9009,1,1736.43,4848.44
14,139769904365568,1001,0,1284.45,1590.65
14,139769984057344,1001,0,1102.25,510.604
14,139770254589952,0,0,1095.14,854.345
14,139771078770688,0,0,1095.14,1133.07
14,139768256004096,11011,0,0,0
14,139772295118848,6006,1,1736.43,7313.04
14,139771642904576,2002,0,1159.34,1333.43
14,139768964841472,1001,0,2610.5,4425.32
14,139772263661568,6006,1,1736.43,4556.13
14,139770799849472,0,0,1095.14,900.584
14,139769442992128,0,0,1792.72,5961.88
14,139769996640256,1001,0,1102.25,741.714
14,139769719816192,1001,0,1102.25,921.04
14,139771099742208,0,0,1095.14,285.577
14,139772431433728,10010,1,1736.43,6029.08
14,139770684506112,1001,0,1095.14,1031.13
14,139770535608320,0,0,1095.14,1628.4
14,139769059213312,0,0,1284.45,2557.2
14,139769898074112,1001,0,1603.16,2140.1
14,139769069699072,1001,0,1792.72,4185.44
14,139769336037376,0,0,1102.25,1012.77
14,139769600278528,1001,0,1102.25,666.918
14,139768807555072,3003,0,2420.95,4621.31
14,139772322381824,3003,1,1736.43,3878.49
14,139769489129472,0,0,1102.25,1451.07
14,139769050824704,0,0,1603.16,3442.27
14,139772456599552,2002,1,1736.43,4698.72
14,139770005028864,1001,0,1102.25,1095.49
14,139794090819584,33033,1,27657.7,25686.1
14,139768553799680,13013,0,0,0
14,139771244445696,1001,0,1159.34,1658.62
14,139769203916800,0,0,1792.72,2317.64
14,139769080184832,1001,0,1603.16,2742.99
14,139768656560128,0,0,2610.5,7702.19
14,139768639782912,1001,0,2420.95,5134.79
14,139768522342400,3003,0,2610.5,6161.75
14,139771923922944,1001,0,1159.34,1763.9
14,139769593987072,0,0,1284.45,1693.88
14,139770934067200,0,0,1095.14,370.289
14,139771053604864,0,0,1596.05,1875.71
14,139772320284672,4004,1,1736.43,2681.24
14,139770969718784,0,0,1095.14,1083.23
14,139769711427584,1001,0,1792.72,3522.54
14,139768924995584,1001,0,2610.5,3999.64
14,139772414656512,7007,1,1736.43,8422.84
14,139770441236480,0,0,1095.14,952.26
14,139794109693952,25025,1,25027.4,26285.9
14,139769889685504,2002,0,1102.25,372.666
14,139769363300352,0,0,1603.16,2451.07
14,139770388807680,0,0,1095.14,868.204
14,139769761759232,0,0,1102.25,706.125
14,139770520928256,1001,0,1095.14,339.126
14,139768251809792,13013,0,0,0
14,139772024586240,3003,0,1341.54,2625.67
14,139771456258048,1001,0,1660.25,2808.75
14,139769040338944,1001,0,4168.16,14731.7
14,139770801946624,0,0,1095.14,1339.09
14,139768950161408,1001,0,1920.03,1672.13
14,139771326234624,0,0,1159.34,505.586
14,139770701283328,2002,0,1095.14,235.766
14,139772047654912,3003,0,1341.54,1802.17
14,139794082430976,47047,1,34839.2,33961.8
14,139770835501056,2002,0,1095.14,803.205
14,139771082964992,1001,0,1095.14,540.706
14,139769346523136,1001,0,1102.25,1375.89
14,139770252492800,1001,0,1095.14,520.888
14,139770445430784,1001,0,1095.14,409.327
14,139769090670592,2002,0,1102.25,1999.82
14,139769178750976,1001,0,1102.25,1008.46
14,139768696406016,3003,0,2420.95,4621.31
14,139771202502656,0,0,1159.34,1958.69
14,139770829209600,2002,0,1095.14,1182.03
14,139772408365056,5005,1,1736.43,4737.59
14,139770420264960,0,0,1095.14,1854.88
14,139770145538048,0,0,1095.14,764.915
14,139771611447296,1001,0,1341.54,3026.01
14,139772326576128,2002,1,1736.43,5621.81
14,139770931970048,1001,0,1095.14,652.407
14,139772272050176,9009,1,1736.43,4034.89
14,139794132762624,9009,0,11190.9,11932.4
14,139770030194688,3003,0,1102.25,743.525
14,139768675434496,4004,0,2102.23,3594.36
14,139769585598464,1001,0,1102.25,1034.35
14,139768822235136,1001,0,2610.5,6161.75
14,139771210891264,2002,0,1159.34,494.972
14,139771061993472,0,0,1095.14,1122.06
14,139772435628032,10010,1,1736.43,7600.84
14,139769629638656,2002,0,1102.25,1107.37
14,139771743567872,2002,0,1159.34,989.718
14,139772037169152,1001,0,1341.54,2110.87
14,139772173484032,3003,0,1660.25,2257.09
14,139769503809536,2002,0,1284.45,1937.59
14,139769231179776,2002,0,1284.45,2185.61
14,139794118082560,12012,0,11787.8,11103
14,139769875005440,0,0,1102.25,1182.55
14,139770812432384,3003,0,1095.14,397.083
14,139768247615488,14014,0,0,0
14,139772016197632,3003,0,1341.54,1746.47
14,139768549605376,4004,0,2420.95,4621.31
14,139771762442240,2002,0,1159.34,1161.84
14,139770581745664,1001,0,1095.14,1156.28
14,139771068284928,3003,0,1095.14,725.388
14,139770160218112,0,0,1095.14,307.188
14,139772446113792,8008,1,1736.43,4610.43
14,139771871494144,2002,0,1159.34,434.325
14,139769497518080,0,0,1284.45,1712.05
14,139769101156352,2002,0,1284.45,2371.41
14,139772186066944,2002,1,1736.43,2632.4
14,139794099208192,25025,1,19790.9,22328.6
14,139770982301696,0,0,1095.14,754.042
14,139771200405504,1001,0,1159.34,1161.66
14,139771865202688,1001,0,1341.54,2787.3
14,139769598181376,1001,0,1102.25,743.176
14,139772420947968,8008,1,1736.43,9348.99
14,139768140660736,9009,0,0,0
14,139768136466432,11011,0,0,0
14,139768144855040,9009,0,0,0
14,139768132272128,14014,0,0,0
14,139769193431040,0,0,1284.45,2659.51
14,139768518148096,2002,0,2610.5,6675.23
14,139768149049344,6006,0,0,0
14,139769495420928,1001,0,1102.25,973.026
14,139772165095424,3003,1,1736.43,3692.78
14,139768128077824,11011,0,0,0
14,139771884077056,2002,0,1159.34,1432.95
14,139770032291840,2002,0,1284.45,1775.69
14,139793937727488,0,1,9111.05,0
14,139770258784256,0,0,1095.14,566.341
14,139768153243648,7007,0,0,0
14,139770543996928,0,0,1095.14,380.074
14,139769610764288,0,0,1102.25,1071.4
14,139768123883520,15015,0,0,0
14,139768935481344,0,0,2610.5,5769.77
14,139771366080512,1001,0,1159.34,1481.43
14,139769623347200,3003,0,1102.25,1548.37
14,139768157437952,6006,0,0,0
14,139770416070656,1001,0,1095.14,916.559
14,139771475132416,3003,0,1159.34,1183.02
14,139768119689216,9009,0,0,0
14,139772402073600,8008,1,1736.43,8301.7
14,139772286730240,5005,1,1736.43,6429.98
14,139769220694016,2002,0,1284.45,2367.26
14,139772032974848,4004,0,1660.25,2876
14,139768161632256,14014,0,0,0
14,139768788680704,2002,0,2610.5,6347.55
14,139768243421184,9009,0,0,0
14,139768774000640,0,0,2610.5,4239.53
14,139771187822592,2002,0,1341.54,2333.6
14,139769742884864,1001,0,1102.25,1218.53
14,139768115494912,27027,0,0,0
14,139772313993216,2002,1,1660.25,2914.85
14,139768652365824,1001,0,2420.95,5134.79
14,139771875688448,0,0,1159.34,1190.94
14,139769747079168,3003,0,1603.16,2908.24
14,139770713866240,0,0,1095.14,477.914
14,139768165826560,13013,0,0,0
14,139769772244992,0,0,1102.25,1146.58
14,139772030877696,1001,0,1660.25,3032.9
14,139772276244480,6006,1,1736.43,6797.47
14,139794078236672,102102,1,99503.5,98808.3
14,139768910315520,0,0,2610.5,4141.54
14,139768692211712,3003,0,2420.95,5134.79
14,139768111300608,13013,0,0,0
14,139768836915200,1001,0,2610.5,8729.15
14,139768545411072,7007,0,2102.23,4107.84
14,139771624030208,0,0,1159.34,1300.28
14,139768803360768,1001,0,2610.5,6161.75
14,139772053946368,2002,0,1159.34,1467.82
14,139771645001728,1001,0,1159.34,529.685
14,139769724010496,3003,0,1102.25,1071.94
14,139771116519424,0,0,1095.14,264.562
14,139770539802624,2002,0,1095.14,327.224
14,139768960647168,0,0,1920.03,2141.72
14,139772406267904,13013,1,1736.43,7481.91
14,139771108130816,0,0,1277.34,2385.7
14,139768107106304,10010,0,0,0
14,139794120179712,15015,0,12510.2,14527.4
14,139770290241536,0,0,1095.14,640.458
14,139771600961536,1001,0,1341.54,2660.2
14,139772175581184,8008,1,1736.43,3214.73
14,139772137832448,1001,0,1736.43,4766.1
14,139771886174208,3003,0,1736.43,3491.23
14,139771751956480,0,0,1341.54,2353.57
14,139771995226112,5005,1,1736.43,3317.55
14,139771921825792,0,0,1159.34,1137.52
14,139768671240192,2002,0,2420.95,5134.79
14,139769369591808,0,0,1284.45,1676.61
14,139770002931712,1001,0,1102.25,371.399
14,139769352814592,0,0,1102.25,1451.07
14,139771353497600,2002,0,1159.34,1405.18
14,139772028780544,5005,0,1159.34,1632.37
14,139771502395392,1001,0,1159.34,2193.67
14,139771248640000,1001,0,1159.34,1046.16
14,139772288827392,4004,1,1736.43,4958.24
14,139771361886208,0,0,1159.34,1677.4
14,139770554482688,0,0,1095.14,151.71
14,139769579307008,1001,0,1102.25,407.561
14,139768239226880,12012,0,0,0
14,139768102912000,16016,0,0,0
14,139772299313152,1001,1,1736.43,3652.98
14,139794134859776,18018,0,12510.2,13594.2
14,139772181872640,4004,0,1341.54,2355.38
14,139771215085568,2002,0,1159.34,1574.96
14,139771101839360,0,0,1095.14,497.821
14,139768513953792,3003,0,2102.23,3594.36
14,139770575454208,3003,0,1095.14,766.122
14,139769210208256,0,0,1102.25,1782.91
14,139771252834304,2002,0,1159.34,788.202
14,139770170703872,1001,0,1095.14,1071.21
14,139770919387136,2002,0,1596.05,2141.37
14,139772305604608,4004,1,1736.43,2854.36
14,139771206696960,0,0,1159.34,447.788
14,139771347206144,2002,0,1159.34,2325.11
14,139769730301952,2002,0,1284.45,1730.93
14,139770126663680,3003,0,1095.14,306.11
14,139768300044288,13013,0,0,0
14,139771487715328,1001,0,1159.34,1622.8
14,139768818040832,1001,0,2420.95,5134.79
14,139794126471168,10010,0,10738.5,9548.33
14,139771777122304,1001,0,1159.34,2184.81
14,139770929872896,3003,0,1095.14,820.951
14,139770715963392,2002,0,1095.14,1307.78
14,139771730984960,2002,0,1159.34,1900.19
14,139772412559360,8008,1,1736.43,6634.51
14,139771760345088,5005,0,1159.34,1282.11
14,139772026683392,1001,0,1660.25,3096.8
14,139769606569984,0,0,1102.25,890.84
14,139770128760832,0,0,1095.14,816.9
14,139771900854272,1001,0,1341.54,2015.94
14,139768920801280,1001,0,2610.5,4698.92
14,139770678214656,1001,0,1095.14,861.206
14,139768945967104,0,0,1920.03,1114.76
14,139771093450752,1001,0,1095.14,1680.26
14,139771189919744,1001,0,1159.34,312.494
14,139769868713984,0,0,1102.25,780.765
14,139769065504768,1001,0,1792.72,3158.48
14,139769728204800,0,0,1102.25,778.609
14,139771242348544,0,0,1159.34,850.416
14,139768541216768,3003,0,2610.5,6675.23
14,139768295849984,10010,0,0,0
14,139794105499648,30030,1,17938.5,18567.3
14,139770015514624,1001,0,1102.25,1352.5
14,139772404170752,22022,1,1736.43,8569.92
14,139771999420416,1001,0,1660.25,3126.16
14,139769075990528,1001,0,1792.72,3671.96
14,139772127346688,5005,1,1736.43,5364.06
14,139768235032576,78078,0,0,0
14,139771607252992,1001,0,1159.34,1061.64
14,139770850181120,1001,0,1095.14,711.956
14,139769310871552,0,0,1102.25,1012.77
14,139769327648768,0,0,1102.25,902.161
14,139770697089024,0,0,1095.14,1865.51
14,139769046630400,1001,0,1102.25,1486.34
14,139771504492544,0,0,1159.34,1635.43
14,139769736593408,0,0,1284.45,1703.42
14,139771735179264,3003,0,1159.34,1990.25
14,139769862422528,0,0,1102.25,1361.85
14,139772058140672,2002,0,1159.34,1343.86
14,139768688017408,2002,0,2102.23,3594.36
14,139768291655680,12012,0,0,0
14,139769319260160,1001,0,1284.45,1937.59
14,139771387052032,0,0,1159.34,691.011
14,139772311896064,6006,1,1736.43,5516.79
14,139771770830848,4004,0,1159.34,998.489
14,139770307018752,0,0,1095.14,1303.22
14,139769086476288,0,0,1792.72,4141.54
14,139771764539392,2002,0,1159.34,834.146
14,139771896659968,1001,0,1341.54,1699.63
14,139770791460864,0,0,1095.14,164.889
14,139770120372224,1001,0,1095.14,728.41
14,139770948747264,1001,0,1095.14,1955.3
14,139768648171520,3003,0,2610.5,8729.15
14,139772437725184,4004,1,1736.43,4904.71
14,139770262978560,1001,0,1095.14,1072.22
14,139770546094080,1001,0,1095.14,455.657
14,139771372371968,0,0,1159.34,1671.05
14,139771756150784,1001,0,1159.34,462.04
14,139769501712384,0,0,1102.25,977.341
14,139772418850816,5005,1,1736.43,5949.38
14,139769849839616,0,0,1102.25,1709.69
14,139769199722496,1001,0,1102.25,1309.18
14,139769237471232,0,0,1603.16,3442.27
14,139770401390592,2002,0,1095.14,1089.43
14,139768287461376,13013,0,0,0
14,139770797752320,0,0,1095.14,321.127
14,139771598864384,2002,0,1159.34,1059.17
14,139769721913344,2002,0,1102.25,556.843
14,139768509759488,4004,0,2610.5,7702.19
14,139768832720896,1001,0,2610.5,6161.75
14,139771225571328,1001,0,1159.34,1091.6
14,139771632418816,2002,0,1159.34,1370.91
14,139769986154496,0,0,1102.25,530.032
14,139768667045888,3003,0,2610.5,6675.23
14,139772439822336,5005,1,1736.43,5345.48
14,139771231862784,0,0,1159.34,1810.78
14,139772049752064,1001,0,1159.34,963.937
14,139771747762176,2002,0,1159.34,464.998
14,139768784486400,1001,0,2102.23,2840.99
14,139772171386880,6006,1,1736.43,3127.86
14,139770973913088,0,0,1095.14,792.473
14,139772056043520,2002,0,1736.43,4083.55
14,139794101305344,22022,1,27657.7,27214.7
14,139770936164352,2002,0,1095.14,901.572
14,139768566382592,10010,0,0,0
14,139770940358656,0,0,1095.14,1034.89
14,139769096962048,0,0,1284.45,2229.51
14,139771651293184,2002,0,1159.34,2190
14,139770135052288,0,0,1095.14,301.61
14,139770980204544,0,0,1095.14,1201.44
14,139771779219456,0,0,1159.34,2096.02
14,139768971132928,0,0,2610.5,4698.92
14,139772014100480,0,1,1736.43,3452.9
14,139771649196032,3003,0,1159.34,1129.46
14,139768537022464,0,0,2102.23,3594.36
14,139772265758720,6006,1,1736.43,4116.87
14,139768931287040,1001,0,1920.03,1486.34
14,139772135735296,3003,1,1660.25,2525.93
14,139771737276416,3003,0,1159.34,1390.41
14,139769612861440,0,0,1102.25,932.203
14,139768799166464,1001,0,2102.23,3594.36
14,139771733082112,1001,0,1159.34,1538.44
14,139768283267072,9009,0,0,0
14,139769589792768,0,0,1102.25,1330.76
14,139772177678336,2002,1,1341.54,1981.58
14,139769359106048,1001,0,1284.45,1973.02
14,139771621933056,1001,0,1159.34,2236.96
14,139771510784000,2002,0,1341.54,3078
14,139771892465664,2002,0,1159.34,1747.99
14,139771481423872,1001,0,1159.34,582.485
14,139771997323264,2002,1,1736.43,3290.38
14,139771613544448,1001,0,1159.34,895.362
14,139769226985472,1001,0,1102.25,2327.51
14,139771879882752,0,0,1660.25,3385.03
14,139769174556672,0,0,1792.72,7448.06
14,139772152512512,2002,1,1341.54,2059.54
14,139769591889920,0,0,1102.25,446.768
14,139772009906176,0,0,1159.34,1041.93
14,139770393001984,1001,0,1095.14,1549.52
14,139769715621888,0,0,1102.25,706.663
14,139771766636544,3003,0,1660.25,2731.58
14,139771911340032,3003,0,1341.54,2249.02
14,139771787608064,0,0,1341.54,2695.44
14,139771919728640,1001,0,1159.34,1738.85
14,139770143440896,2002,0,1095.14,614.376
14,139772139929600,3003,1,1736.43,4322.24
14,139771500298240,2002,0,1159.34,1761.04
14,139770179092480,1001,0,1095.14,973.909
14,139768956452864,2002,0,2610.5,3769.95
14,139771059896320,0,0,1095.14,2011.04
14,139771483521024,3003,0,1159.34,813.219
14,139768279072768,8008,0,0,0
14,139772190261248,4004,1,1736.43,4011.36
14,139794103402496,36036,1,27657.7,25096.1
14,139771345108992,1001,0,1159.34,879.849
14,139771477229568,0,0,1159.34,1075.89
14,139771521269760,2002,0,1159.34,515.542
14,139771514978304,3003,0,1159.34,1017.24
14,139770963427328,0,0,1095.14,1000.9
14,139768906121216,0,0,7549.49,16633.6
14,139768813846528,0,0,2610.5,7188.71
14,139771227668480,0,0,1159.34,827.903
14,139768562188288,11011,0,0,0
14,139771468840960,2002,0,1159.34,1550.41
14,139768683823104,2002,0,2610.5,7702.19
14,139769333940224,4004,0,1102.25,1375.89
14,139772290924544,4004,1,1736.43,4600.98
14,139771334623232,2002,0,1159.34,1578.66
14,139771603058688,2002,0,1159.34,632.391
14,139771357691904,0,0,1159.34,2242.82
14,139771519172608,1001,0,1159.34,523.283
14,139772278341632,4004,1,1736.43,5304.65
14,139771741470720,3003,0,1159.34,1012.12
14,139769988251648,0,0,1102.25,460.429
14,139772142026752,4004,1,1660.25,2217.85
14,139769189236736,1001,0,1102.25,1336.15
14,139772154609664,4004,1,1660.25,3241.89
14,139771246542848,3003,0,1159.34,1363.59
14,139768274878464,19019,0,0,0
14,139768505565184,1001,0,2420.95,4621.31
14,139769216499712,0,0,1284.45,1933.27
14,139768532828160,4004,0,2610.5,6161.75
14,139770313310208,0,0,1095.14,479.671
14,139772433530880,12012,1,1736.43,10076.9
14,139772301410304,3003,1,1736.43,4821.3
14,139772007809024,6006,0,1736.43,4040.25
14,139772005711872,1001,0,1341.54,2772.45
14,139771594670080,1001,0,1341.54,3040.54
14,139794092916736,35035,1,27657.7,26711.1
14,139771196211200,2002,0,1159.34,874.546
14,139769308774400,1001,0,1792.72,6824.29
14,139769604472832,1001,0,1102.25,853.789
14,139771064090624,0,0,1095.14,1029.79
14,139770923581440,0,0,1095.14,223.824
14,139769877102592,0,0,1102.25,1583.8
14,139771221377024,1001,0,1159.34,978.282
14,139770925678592,0,0,1095.14,996.446
14,139770837598208,1001,0,1095.14,573.885
14,139770659340288,1001,0,1095.14,677.007
14,139768941772800,0,0,2102.23,2699.09
14,139768662851584,0,0,2610.5,7188.71
14,139771909242880,0,0,1159.34,2287.86
14,139769872908288,0,0,1102.25,780.765
14,139769845645312,1001,1,1792.72,2689.93
14,139772131540992,2002,1,1736.43,4495.36
14,139768270684160,11011,0,0,0
14,139771634515968,2002,0,1159.34,1053.49
14,139770267172864,0,0,1095.14,719.792
14,139771328331776,0,0,1159.34,1740.92
14,139771881979904,1001,0,1341.54,2951.31
14,139768916606976,3003,0,2610.5,4425.32
14,139768369250304,0,0,0,0
14,139771626127360,0,0,1159.34,1081.9
14,139771330428928,0,0,1159.34,1896.56
14,139771236057088,0,0,1159.34,1155.34
14,139770952941568,0,0,1095.14,323.508
14,139769617055744,1001,0,1284.45,1921.57
14,139768828526592,1001,0,2102.23,3594.36
14,139771114422272,0,0,1095.14,806.25
14,139771355594752,0,0,1159.34,361.926
14,139770804043776,1001,0,1095.14,916.816
14,139770814529536,0,0,1095.14,371.202
14,139769893879808,2002,0,1102.25,555.765
14,139770665631744,0,0,1095.14,306.481
14,139772167192576,2002,1,1736.43,3962.69
14,139770558676992,0,0,1095.14,1006.52
14,139770707574784,0,0,1095.14,1214.78
14,139770688700416,1001,0,1095.14,1050.3
14,139771324137472,0,0,1159.34,1062.05
14,139772179775488,2002,1,1660.25,3380.08
14,139771464646656,1001,0,1159.34,1696.24
14,139771070382080,0,0,1095.14,1191.13
14,139769449283584,0,0,1102.25,1052.52
14,139770793558016,2002,0,1095.14,623.077
14,139771907145728,0,0,1159.34,779.77
14,139771460452352,2002,0,1159.34,841.792
14,139769487032320,0,0,1603.16,1729.14
14,139770822918144,1001,0,1095.14,941.542
14,139768266489856,14014,0,0,0
14,139769061310464,0,0,1284.45,2557.2
14,139769206013952,1001,0,1102.25,1158.82
14,139768780292096,0,0,2610.5,4239.53
14,139769365397504,0,0,1102.25,1158.82
14,139769071796224,0,0,1792.72,3530.06
14,139770657243136,2002,0,1095.14,257.426
14,139772450308096,8008,1,1736.43,6853.81
14,139771085062144,0,0,1095.14,932.973
14,139769052921856,0,0,1603.16,2928.79
14,139769484935168,1001,0,1284.45,1751.79
14,139768528633856,5005,0,2610.5,6675.23
14,139768794972160,1001,0,2610.5,7702.19
14,139768681725952,2002,0,2610.5,8215.67
14,139769348620288,1001,0,1102.25,1273.75
14,139771340914688,0,0,1159.34,1858.69
14,139770785169408,1001,0,1277.34,1429.95
14,139768702697472,0,0,2610.5,5648.27
14,139769753370624,1001,0,1102.25,1512.39
14,139768966938624,0,0,2420.95,2742.99
14,139769466060800,0,0,1102.25,1384.36
14,139770831306752,0,0,1095.14,264.576
14,139769082281984,1001,0,1792.72,3486.16
14,139771076673536,0,0,1095.14,1074.13
14,139770810335232,1001,0,1095.14,333.913
14,139771332526080,0,0,1159.34,1544.04
14,139769180848128,0,0,1102.25,712.053
14,139768557993984,10010,0,0,0
14,139770525122560,0,0,1095.14,875.132
14,139770149732352,0,0,1095.14,1240.46
14,139769042436096,2002,0,1284.45,2043.72
14,139770669826048,2002,0,1095.14,219.492
14,139769734496256,0,0,1284.45,2174.62
14,139771343011840,2002,0,1159.34,851.776
14,139768262295552,11011,0,0,0
14,139771494006784,0,0,1159.34,462.421
14,139771596767232,1001,0,1159.34,1354.59
14,139769642221568,3003,0,1102.25,743.714
14,139769992445952,0,0,1102.25,793.699
14,139768927092736,1001,0,2102.23,2371.41
14,139772316090368,4004,1,1736.43,3774.37
14,139768809652224,1001,0,2420.95,5134.79
14,139770550288384,0,0,1095.14,575.82
14,139771473035264,1001,0,1159.34,927.052
14,139772045557760,1001,1,1159.34,766.939
14,139771470938112,1001,0,1159.34,2119.37
14,139771055702016,0,0,1095.14,1303.6
14,139770430750720,1001,0,1095.14,1139.4
14,139772458696704,4004,1,1736.43,6689.74
14,139770942455808,1001,0,1095.14,1123.55
14,139771066187776,0,0,1095.14,289.708
14,139769879199744,0,0,1102.25,556.843
14,139769092767744,2002,0,1284.45,2229.51
14,139771204599808,0,0,1159.34,1133.71
14,139770976010240,1001,0,1095.14,738.667
14,139771655487488,0,0,1159.34,514.625
14,139772280438784,1001,1,1660.25,2340.58
14,139772454502400,2002,1,1736.43,4156.26
14,139769608667136,0,0,1102.25,1473.73
14,139771993128960,1001,1,1660.25,2293
14,139768952258560,2002,0,2102.23,2557.2
14,139770841792512,2002,0,1095.14,1272.73
14,139771240251392,1001,0,1341.54,2125.91
14,139769233276928,0,0,1792.72,4698.92
14,139768641880064,1001,0,2610.5,6161.75
14,139771380760576,1001,0,1159.34,527.495
14,139771647098880,2002,0,1159.34,572.492
14,139769331843072,1001,0,1102.25,1384.36
14,139768658657280,2002,0,2610.5,7702.19
14,139770019708928,0,0,1102.25,441.542
14,139770405584896,1001,0,1095.14,1174.76
14,139769317163008,2002,0,1102.25,787.234
14,139770411876352,0,0,1095.14,1176.86
14,139769902268416,1001,0,1102.25,1258.27
14,139768258101248,11011,0,0,0
14,139770397196288,0,0,1095.14,487.734
14,139771890368512,2002,0,1159.34,1293.13
14,139771370274816,0,0,1159.34,613.481
14,139770023903232,0,0,1102.25,1126.96
14,139771217182720,0,0,1159.34,479.207
14,139769195528192,0,0,1284.45,2110.6
14,139771781316608,4004,0,1159.34,1178.82
14,139772144123904,1001,1,1660.25,3177.11
14,139768524439552,1001,0,2102.23,4107.84
14,139768555896832,5005,0,0,0
14,139771739373568,2002,0,1341.54,2667.7
14,139772303507456,4004,1,1736.43,5636.01
14,139769455575040,0,0,1603.16,1977.33
14,139770271367168,1001,0,1095.14,374.554
14,139769103253504,2002,0,1284.45,2043.72
14,139771368177664,0,0,1159.34,1363.85
14,139770426556416,0,0,1095.14,776.751
14,139770699186176,1001,0,1095.14,2211.88
14,139771080867840,2002,0,1095.14,1064.34
14,139771233959936,0,0,1159.34,740.118
14,139768824332288,3003,0,2610.5,7702.19
14,139770965524480,3003,0,1095.14,366.198
14,139771867299840,3003,0,1341.54,1754.69
14,139768698503168,1001,0,2610.5,6675.23
14,139769854033920,0,0,1102.25,886.497
14,139769222791168,0,0,1792.72,4371.23
14,139771374469120,1001,0,1159.34,858.78
14,139770541899776,0,0,1277.34,2551
14,139770017611776,3003,0,1102.25,1730.55
14,139768677531648,0,0,2610.5,6161.75
14,139769329745920,0,0,1102.25,1588.65
14,139770650951680,0,1,1596.05,2309.76
14,139770382516224,0,0,1736.43,2355.89
14,139769478643712,1001,0,1603.16,2601.43
14,139768253906944,17017,0,0,0
14,139770680311808,1001,0,1095.14,497.37
14,139769732399104,0,0,1284.45,1702.88
14,139769577209856,2002,0,1792.72,2519.47
14,139770118275072,0,0,1095.14,371.213
14,139770516733952,0,0,1736.43,1944.82
14,139770434945024,0,0,1095.14,1379.33
14,139772169289728,1001,1,1736.43,2704.13
14,139772001517568,4004,1,1736.43,4828.48
14,139768937578496,0,0,2420.95,2742.99
14,139771250737152,1001,0,1341.54,2456.97
14,139772156706816,2002,1,1736.43,4151.07
14,139769621250048,0,0,1102.25,892.456
14,139769581404160,4004,0,1102.25,810.966
14,139769908559872,1001,0,1284.45,2246.02
14,139771238154240,1001,0,1159.34,2111.5
14,139769354911744,0,0,1603.16,2526.25
14,139772051849216,3003,1,1341.54,1938.84
14,139769371688960,0,0,1102.25,1628.4
14,139770153926656,2002,0,1277.34,2534.86
14,139771863105536,3003,0,1341.54,1725.24
14,139770667728896,0,0,1095.14,800.373
14,139771378663424,0,0,1159.34,609.691
14,139771097645056,2002,0,1095.14,604.236
14,139772020391936,2002,0,1341.54,2391.02
14,139770302824448,0,0,1095.14,617.257
14,139770577551360,1001,0,1095.14,404.353
14,139769340231680,0,0,1284.45,1649.65
14,139768551702528,9009,0,2102.23,3594.36
14,139768912412672,3003,0,2102.23,2371.41
14,139770139246592,0,0,1095.14,756.648
14,139768776097792,1001,0,1920.03,1256.65
14,139770168606720,1001,0,1095.14,644.958
14,139768790777856,1001,0,2420.95,5134.79
14,139772309798912,3003,1,1736.43,3702.47
14,139770443333632,2002,0,1277.34,2218.34
14,139770676117504,2002,0,1095.14,1771.35
14,139768249712640,17017,0,0,0
14,139770428653568,0,0,1095.14,541.867
14,139771194114048,1001,0,1159.34,490.863
14,139768520245248,2002,0,2610.5,5648.27
14,139770418167808,0,0,1095.14,518.667
14,139770961330176,0,0,1095.14,1758.83
14,139770279755776,1001,0,1095.14,1190.43
14,139770955038720,0,0,1095.14,1651.55
14,139771091353600,1001,0,1095.14,830.21
14,139769212305408,0,0,1102.25,1185.79
14,139772188164096,4004,0,1159.34,1382.4
14,139770705477632,2002,0,1095.14,848.495
14,139771609350144,2002,0,1159.34,2306.05
14,139770447527936,1001,0,1095.14,268.921
14,139769508003840,0,0,1284.45,1609.9
14,139769185042432,4004,0,1102.25,1075.17
14,139771640807424,2002,0,1159.34,1127.23
14,139769453477888,1001,0,1102.25,826.981
14,139768962744320,0,0,2420.95,2928.79
14,139770661437440,1001,0,1095.14,413.844
14,139770573357056,0,0,1095.14,849.515
14,139768654462976,1001,0,2420.95,4621.31
14,139770827112448,0,0,1095.14,393.742
14,139770432847872,1001,0,1095.14,239.467
14,139768805457920,0,0,2610.5,6161.75
14,139768637685760,4004,0,15145.8,44672.7
14,139770533511168,0,0,1095.14,451.012
14,139770569162752,0,0,1095.14,1182.16
14,139769635930112,0,0,1102.25,743.174
14,139770124566528,2002,0,1095.14,1551.41
14,139770806140928,0,0,1095.14,1087.89
14,139771110227968,0,0,1095.14,385.275
14,139769583501312,1001,0,1102.25,594.432
14,139769726107648,0,0,1102.25,1217.99
14,139770816626688,2002,0,1095.14,404.653
14,139769981960192,0,0,1102.25,673.736
14,139770682408960,0,0,1095.14,396.08
14,139770040680448,1001,0,1102.25,762.58
14,139771724693504,3003,0,1341.54,1669.61
14,139770250395648,1001,0,1095.14,567.016
14,139770795655168,0,0,1095.14,1102.09
14,139768694308864,0,0,2420.95,4621.31
14,139768138563584,17017,0,0,0
14,139768142757888,16016,0,0,0
14,139770028097536,1001,0,1102.25,505.566
14,139768134369280,5005,0,0,0
14,139770556579840,1001,0,1095.14,411.275
14,139770978107392,1001,0,1095.14,543.111
14,139768146952192,7007,0,0,0
14,139770518831104,0,0,1095.14,1844.46
14,139768130174976,11011,0,0,0
14,139768245518336,17017,0,0,0
14,139769493323776,0,0,1603.16,1835.44
14,139768151146496,14014,0,0,0
14,139771198308352,0,0,1159.34,1134.92
14,139771628224512,0,0,1341.54,2122.3
14,139768125980672,15015,0,0,0
14,139770384613376,0,0,1095.14,1505.22
14,139769067601920,0,0,1102.25,1114.76
14,139769057116160,0,0,1792.72,3628.06
14,139770137149440,0,0,1095.14,390.641
14,139768155340800,13013,0,0,0
14,139768673337344,1001,0,2420.95,5134.79
14,139768547508224,3003,0,1920.03,2567.4
14,139769321357312,1001,0,1284.45,2150.35
14,139769713524736,1001,0,1102.25,333.459
14,139768121786368,10010,0,0,0
14,139770269270016,1001,0,1095.14,951.915
14,139770690797568,1001,0,1095.14,876.613
14,139771208794112,0,0,1341.54,3036.47
14,139768922898432,1001,0,2610.5,3857.75
14,139771223474176,1001,0,1159.34,627.405
14,139770820820992,1001,0,1095.14,1245.73
14,139768159535104,10010,0,0,0
14,139770709671936,1001,0,1095.14,998.316
14,139769078087680,0,0,1603.16,2928.79
14,139769048727552,2002,0,1792.72,3999.64
14,139769614958592,1001,0,1603.16,2141.72
14,139768948064256,1001,0,2420.95,3442.27
14,139768117592064,7007,0,0,0
14,139772460793856,2002,1,1736.43,8157.97
14,139770151829504,1001,0,1095.14,570.856
14,139770114080768,0,0,1736.43,1665.79
14,139771491909632,1001,0,1159.34,823.058
14,139768820137984,0,0,2610.5,5648.27
14,139768163729408,12012,0,0,0
14,139769866616832,0,0,1102.25,1059.17
14,139770560774144,2002,0,1095.14,1392.91
14,139772529999872,0,0,1159.34,0
14,139772423045120,5005,1,1736.43,6046.59
14,139770122469376,0,0,1095.14,988.651
14,139771783413760,1001,0,1159.34,1481.19
14,139768113397760,8008,0,0,0
14,139771636613120,3003,0,1159.34,1543.57
14,139769201819648,1001,0,1102.25,1012.77
14,139770013417472,1001,0,1102.25,190.106
14,139769858228224,0,0,1102.25,987.759
14,139768516050944,2002,0,1920.03,3080.88
14,139771592572928,0,0,1159.34,708.974
14,139770288144384,2002,0,1095.14,324.811
14,139771112325120,0,0,1095.14,1074.48
14,139772444016640,5005,1,1736.43,5208.05
14,139769088573440,0,0,1102.25,1672.13
14,139770311213056,1001,0,1277.34,2564.34
14,139769239568384,2002,0,1284.45,2043.72
14,139770694991872,0,0,1095.14,1115.53
14,139771728887808,0,0,1159.34,1988.63
14,139768241324032,10010,0,0,0
14,139768109203456,15015,0,0,0
14,139769910657024,0,0,1102.25,1107.37
14,139770248298496,0,1,1736.43,2643.51
14,139769891782656,4004,0,1284.45,1404.32
14,139769994543104,0,0,1102.25,468.702
14,139769505906688,1001,0,1102.25,902.161
14,139771508686848,1001,0,1159.34,1058.3
14,139770021806080,1001,0,1102.25,1289.56
14,139769361203200,0,0,1284.45,2114.91
14,139772039266304,2002,0,1341.54,2274.69
14,139770523025408,0,0,1095.14,363.601
14,139770562871296,0,0,1095.14,1022.12
14,139768105009152,14014,0,0,0
14,139769447186432,3003,0,1284.45,1202.88
14,139771754053632,3003,0,1159.34,1655.84
14,139771498201088,1001,0,1341.54,2349.51
14,139770141343744,0,0,1095.14,399.991
14,139770967621632,1001,0,1095.14,841.743
14,139770034388992,0,0,1603.16,2613.27
14,139769176653824,1001,0,1102.25,1451.07
14,139770527219712,1001,0,1095.14,1552.82
14,139772293021696,5005,1,1736.43,5081.73
14,139772158803968,2002,1,1341.54,2249.94
14,139770927775744,1001,0,1095.14,268.025
14,139770156023808,2002,0,1095.14,1682.35
14,139768543313920,3003,0,2610.5,7188.71
14,139770044874752,0,0,1102.25,1006.27
14,139770818723840,2002,0,1095.14,687.51
14,139769099059200,0,0,1603.16,2928.79
14,139768100814848,61061,0,0,0
14,139771619835904,2002,0,1341.54,2416.4
14,139770787266560,1001,0,1095.14,1597.13
14,139769229082624,1001,0,1603.16,2786.89
14,139770946650112,1001,0,1095.14,523.154
14,139770147635200,1001,0,1095.14,418.341
14,139768690114560,3003,0,2610.5,7702.19
14,139768650268672,1001,0,2420.95,4621.31
14,139770162315264,1001,0,1095.14,843.868
14,139769619152896,2002,0,1102.25,921.04
14,139769860325376,1001,0,1102.25,952.332
14,139769998737408,0,0,1102.25,903.042
14,139768933384192,1001,0,2420.95,3256.47
14,139768786583552,0,0,2610.5,6239.35
14,139768237129728,13013,0,0,0
14,139772318187520,3003,1,1736.43,5498.57
14,139770843889664,1001,0,1095.14,471.366
14,139770164412416,0,0,1095.14,796.389
14,139768297947136,17017,0,0,0
14,139768771903488,1001,0,7549.49,27893.3
14,139768834818048,1001,0,2610.5,9242.63
14,139772297216000,4004,1,1736.43,6141.66
14,139769463963648,0,0,1102.25,1123.39
14,139769482838016,0,0,1102.25,1012.77
14,139772284633088,8008,1,1736.43,4365.32
14,139770403487744,0,0,1095.14,279.545
14,139769596084224,0,0,1102.25,744.254
14,139771376566272,1001,0,1159.34,1760.45
14,139770176995328,0,0,1095.14,903.049
14,139769900171264,2002,0,1284.45,1301.09
14,139768669143040,2002,0,2610.5,7188.71
14,139768801263616,3003,0,2420.95,5134.79
14,139769990348800,1001,0,1102.25,759.338
14,139770011320320,1001,0,1102.25,427.692
14,139770009223168,0,0,1102.25,1659.14
14,139770265075712,0,0,1095.14,549.465
14,139769587695616,0,0,1102.25,1547.29
14,139769191333888,0,0,1102.25,1526.25
14,139768511856640,3003,0,2610.5,5648.27
14,139772282535936,9009,1,1736.43,5075.67
14,139768293752832,8008,0,0,0
14,139769776439296,0,0,1102.25,1188.86
14,139770529316864,3003,0,1095.14,987.693
14,139770281852928,0,0,1095.14,951.986
14,139770256687104,1001,0,1095.14,1597
14,139771605155840,4004,0,1159.34,1219.47
14,139771219279872,1001,0,1159.34,868.227
14,139770286047232,1001,0,1095.14,565.747
14,139771617738752,0,0,1159.34,1632.91
14,139769638027264,1001,0,1102.25,745.87
14,139768908218368,1001,0,2420.95,2786.89
14,139768958550016,0,0,2420.95,2928.79
14,139769218596864,2002,0,1284.45,2624.08
14,139770273464320,0,0,1095.14,1109.95
14,139772274147328,4004,1,1736.43,3826.22
14,139770944552960,0,0,1095.14,862.32
14,139769474449408,1001,0,1102.25,1238.31
14,139769895976960,0,0,1102.25,892.456
14,139772261564416,3003,1,1736.43,5742.33
14,139769885491200,1001,0,1102.25,1545.67
14,139771873591296,4004,0,1159.34,1912.08
14,139768539119616,2002,0,1920.03,3080.88
14,139768289558528,14014,0,0,0
14,139768568479744,12012,0,0,0
14,139769602375680,0,0,1102.25,408.099
14,139769851936768,0,0,1102.25,413.841
14,139770437042176,0,0,1095.14,423.852
14,139769847742464,0,0,1102.25,730.215
14,139770579648512,2002,0,1095.14,579.192
14,139769480740864,2002,0,1284.45,1353.24
14,139769491226624,0,0,1792.72,2570.14
14,139771745665024,1001,0,1159.34,1665.45
14,139769640124416,0,0,1102.25,1360.42
14,139772410462208,7007,1,1736.43,8410.35
14,139770552385536,0,0,1095.14,444.435
14,139770036486144,2002,0,1284.45,1494.59
14,139768815943680,1001,0,2610.5,5648.27
14,139771074576384,1001,0,1095.14,1238.67
14,139769856131072,0,0,1102.25,1729.47
14,139770671923200,2002,0,1095.14,693.159
14,139770038583296,0,0,1102.25,882.73
14,139770674020352,1001,0,1095.14,1408.58
14,139772269953024,6006,1,1736.43,4087.33
14,139769759662080,1001,0,1102.25,891.378
14,139770395099136,0,0,1095.14,770.498
14,139768285364224,13013,0,0,0
14,139770984398848,1001,0,1095.14,949.101
14,139770132955136,2002,0,1095.14,1612.74
14,139771758247936,2002,0,1159.34,534.713
14,139769470255104,3003,0,1102.25,977.341
14,139768685920256,2002,0,2610.5,8215.67
14,139771089256448,1001,0,1095.14,634.661
14,139770845986816,0,0,1095.14,1994.31
14,139770277658624,0,0,1095.14,1279.46
14,139771106033664,0,0,1095.14,1355.67
14,139768943869952,1001,0,2610.5,3671.96
14,139772399976448,15015,1,1736.43,9635.78
14,139769367494656,2002,0,1102.25,601.441
14,139770172801024,1001,0,1095.14,1052.86
14,139770808238080,2002,0,1277.34,2244.41
14,139770026000384,0,0,1102.25,348.012
14,139768918704128,1001,0,2610.5,3813.85
14,139770567065600,2002,0,1095.14,982.043
14,139769325551616,0,0,1284.45,1787.23
14,139769350717440,0,0,1284.45,1601.43
14,139772150415360,3003,0,1660.25,2847.89
14,139770571259904,0,0,1095.14,472.805
14,139769208111104,0,0,1284.45,1570.15
14,139768281169920,14014,0,0,0
14,139768564285440,12012,0,0,0
14,139768646074368,4004,0,2610.5,7702.19
14,139769979863040,2002,0,1792.72,2023.53
14,139768507662336,2002,0,2610.5,7702.19
14,139771336720384,0,0,1159.34,898.651
14,139769770147840,2002,0,1102.25,1218.53
14,139770407682048,0,0,1095.14,307.92
14,139770300727296,1001,0,1095.14,677.509
14,139771869396992,2002,1,1159.34,1634.49
14,139772035072000,1001,0,1341.54,1849.52
14,139771496103936,1001,0,1660.25,3446.86
14,139769063407616,0,0,1102.25,1955.92
14,139768534925312,4004,0,1920.03,3080.88
14,139770042777600,0,0,1102.25,1166.71
14,139769182945280,1001,0,1102.25,1114.92
14,139769468157952,0,0,1102.25,1451.07
14,139769055019008,2002,0,1792.72,4513.12
14,139769073893376,2002,0,1792.72,3999.64
14,139768664948736,1001,0,2420.95,4621.31
14,139772448210944,3003,1,1736.43,4344.08
14,139770174898176,0,0,1095.14,663.307
14,139770921484288,0,0,1095.14,478.623
14,139770390904832,0,0,1095.14,863.23
14,139771458355200,1001,0,1159.34,1843.85
14,139771768733696,2002,0,1159.34,1729
14,139768830623744,2002,0,2420.95,4621.31
14,139772324478976,6006,1,1736.43,6868.95
14,139770839695360,1001,0,1095.14,2212.14
14,139769749176320,0,0,1102.25,1361.5
14,139768276975616,6006,0,0,0
14,139770130857984,1001,0,1095.14,578.052
14,139770424459264,1001,0,1095.14,314.647
14,139770275561472,0,0,1095.14,638.753
14,139771775025152,0,0,1159.34,2254.46
14,139770298630144,0,0,1095.14,1024.08
14,139769870811136,1001,0,1102.25,1069.24
14,139770531414016,0,0,1095.14,734.511
14,139769044533248,0,0,1792.72,3955.74
14,139771894562816,3003,0,1660.25,2395.8
14,139771384954880,1001,0,1159.34,525.955
14,139769084379136,1001,0,1792.72,3300.37
14,139770116177920,1001,0,1095.14,1531.1
14,139770703380480,0,0,1095.14,872.571
14,139770789363712,1001,0,1095.14,1074.13
14,139768782389248,0,0,1920.03,2097.82
14,139771338817536,0,0,1159.34,2051.16
14,139772267855872,7007,1,1736.43,3093.93
14,139769338134528,1001,0,1284.45,1902.15
14,139771351400448,0,0,1159.34,1496.01
14,139770309115904,0,0,1095.14,562.397
14,139772043460608,0,0,1341.54,2788.87
14,139771653390336,2002,0,1159.34,2058.21
14,139770663534592,0,0,1095.14,2169.12
14,139772003614720,5005,1,1736.43,3864.33
14,139770422362112,1001,0,1095.14,968.193
14,139769717719040,1001,0,1284.45,2172.46
14,139770959233024,0,0,1095.14,226.01
14,139769499615232,1001,0,1284.45,1937.59
14,139770825015296,2002,0,1095.14,718.926
14,139769751273472,2002,0,1102.25,1152.35
14,139768797069312,1001,0,2610.5,10269.6
14,139771087159296,0,0,1095.14,818.133
14,139794124374016,9009,0,13836.6,15104.1
14,139768969035776,3003,0,1920.03,2283.61
14,139769744982016,1001,0,1102.25,857.023
14,139769633832960,0,0,1102.25,1295.86
14,139794115985408,15015,1,12510.2,12128.3
14,139770938261504,1001,0,1095.14,571.067
14,139794107596800,18018,1,22487.5,24929.5
14,139771590475776,0,1,1159.34,1598.33
14,139768272781312,9009,0,0,0
14,139794084528128,45045,1,49956.1,54483.4
14,139769906462720,0,0,1102.25,816.738
14,139769757564928,0,0,1102.25,707.741
14,139770399293440,0,0,1095.14,1610.78
14,139794095013888,19019,1,25027.4,25682.3
14,139769235374080,0,0,1284.45,2185.61
14,139770260881408,0,0,1095.14,1004.64
14,139771229765632,0,0,1159.34,2057.46
14,139768929189888,0,0,2610.5,3999.64
14,139794097111040,28028,1,25027.4,25274.6
14,139772160901120,2002,1,1736.43,4288.89
14,139769094864896,2002,0,1284.45,2415.31
14,139769738690560,1001,0,1102.25,1583.8
14,139771888271360,1001,0,1159.34,2153.84
14,139794080333824,67067,1,69826.4,79238.2
14,139771902951424,2002,0,1159.34,778.072
14,139769197625344,1001,0,1102.25,1265.28
14,139769631735808,1001,0,1102.25,744.252
14,139771506589696,2002,0,1341.54,2374.67
14,139794076139520,99099,1,92999.3,94932.9
14,139771861008384,3003,0,1159.34,1228.05
14,139769312968704,1001,0,1102.25,902.161
14,139769323454464,0,0,1102.25,826.981
14,139770296532992,0,0,1095.14,1031.47
14,139794130665472,15015,0,12510.2,13265.3
14,139769881296896,1001,0,1102.25,1590.11
14,139771466743808,1001,0,1159.34,1206.13
14,139769315065856,1001,0,1102.25,676.621
14,139768530731008,2002,0,2610.5,7702.19
14,139794074042368,153153,1,123401,149261
14,139768503468032,29029,0,11662.9,38511
14,139771462549504,1001,0,1159.34,868.219
14,139771057799168,1001,0,1095.14,1586.41
14,139768811749376,1001,0,2610.5,8729.15
14,139771877785600,2002,0,1660.25,2798.22
14,139769740787712,2002,0,1102.25,1695.49
14,139772395782144,5005,1,1736.43,8827.27
14,139769344425984,1001,0,1102.25,1087.95
14,139768954355712,1001,0,1920.03,1814.03
14,139794086625280,36036,1,34839.2,36417.4
14,139768268587008,5005,0,0,0
14,139770439139328,1001,0,1095.14,1297.15
14,139769887588352,1001,0,1102.25,1107.37
14,139772452405248,4004,1,1736.43,4424.25
14,139771485618176,1001,0,1159.34,1123.62
14,139772012003328,2002,0,1159.34,1668.84
14,139771349303296,0,0,1159.34,668.158
14,139771359789056,0,0,1159.34,357.912
14,139770833403904,0,0,1095.14,1491.14
14,139770848083968,3003,0,1095.14,358.265
14,139770292338688,1001,0,1095.14,321.038
14,139794128568320,12012,0,11190.9,12735.9
14,139770386710528,0,0,1095.14,1206.64
14,139769224888320,0,0,1284.45,2043.72
15,139771898757120,4004,0,1660.25,3560.02
15,139771726790656,3003,0,1159.34,1778.25
15,139770537705472,2002,0,761.019,239.243
15,139768560091136,2002,0,2610.5,8729.15
15,139768010637312,13013,0,0,0
15,139770957135872,2002,0,761.019,1134.65
15,139771917631488,3003,0,1341.54,2898.11
15,139772162998272,0,1,1736.43,4578.67
15,139770294435840,3003,0,761.019,1098.65
15,139794088722432,58058,1,42211.5,46956.1
15,139769105350656,2002,0,1102.25,862.414
15,139769342328832,3003,0,1284.45,1629.32
15,139769864519680,2002,0,1102.25,383.1
15,139768643977216,1001,0,2420.95,3070.68
15,139769357008896,2002,0,1102.25,1555.76
15,139769451380736,0,0,1102.25,482.741
15,139769763856384,0,0,1102.25,573.739
15,139771212988416,2002,0,1341.54,3231.23
15,139794136956928,118118,1,92999.3,94691.9
15,139767752687616,11011,0,0,0
15,139769373786112,2002,0,1284.45,967.638
15,139770564968448,1001,0,761.019,472.881
15,139768660754432,1001,0,2102.23,2513.3
15,139769472352256,1001,0,1102.25,445.688
15,139770653048832,1001,0,761.019,431.083
15,139772022489088,4004,0,1736.43,5570.47
15,139771322040320,3003,0,1660.25,2792.29
15,139771772928000,1001,0,1159.34,1947.86
15,139768264392704,1001,0,2610.5,5648.27
15,139772183969792,4004,0,1736.43,4486.14
15,139771382857728,0,0,1159.34,1717.17
15,139770158120960,1001,0,761.019,396.755
15,139772192358400,3003,0,1341.54,2751.05
15,139770950844416,2002,0,761.019,1643.52
15,139771489812480,3003,0,1159.34,1264.72
15,139771913437184,5005,0,1159.34,1094.76
15,139772307701760,4004,1,1736.43,4279.35
15,139771905048576,2002,0,1660.25,4132.86
15,139767723327488,8008,0,0,0
15,139772129443840,5005,1,1736.43,4305.84
15,139771915534336,2002,0,1159.34,1478.65
15,139769627541504,2002,0,1102.25,683.087
15,139769476546560,2002,0,1102.25,1219.06
15,139771858911232,3003,0,1341.54,2641.86
15,139771192016896,2002,0,1159.34,338.069
15,139769774342144,1001,0,1102.25,479.671
15,139769765953536,3003,0,1102.25,423.378
15,139772133638144,2002,1,1736.43,5636.18
15,139768014831616,11011,0,0,0
15,139769755467776,3003,0,1102.25,908.62
15,139771118616576,2002,0,761.019,325.443
15,139768826429440,1001,0,2420.95,2601.1
15,139771512881152,1001,0,1159.34,655.952
15,139769457672192,1001,0,1102.25,846.938
15,139771615641600,1001,0,1341.54,2746.17
15,139770686603264,2002,0,761.019,1428.12
15,139768939675648,1001,0,1920.03,1530.4
15,139770711769088,3003,0,761.019,526.614
15,139770000834560,1001,0,1102.25,1109.88
15,139772397879296,8008,1,1736.43,7966.83
15,139794113888256,19019,1,17938.5,21811.8
15,139772018294784,2002,0,1660.25,2840.84
15,139768526536704,2002,0,2102.23,2415.31
15,139769187139584,3003,0,1102.25,968.176
15,139769214402560,1001,0,1284.45,1413.32
15,139770692894720,0,0,761.019,627.365
15,139770548191232,0,0,761.019,789.088
15,139768260198400,5005,0,2610.5,8215.67
15,139771630321664,0,0,1159.34,579.307
15,139772441919488,5005,1,1736.43,3960.53
15,139794071945216,4.08678e+07,1,4.17111e+07,3.75086e+07
15,139768914509824,4004,0,1920.03,1415.64
15,139770283950080,0,0,761.019,479.493
15,139771072479232,0,0,761.019,691.577
15,139768679628800,1001,0,2420.95,3442.27
15,139768700600320,1001,0,2610.5,4043.54
15,139769461866496,2002,0,1284.45,1374.66
15,139770655145984,2002,0,761.019,1634.95
15,139772416753664,6006,1,2188.82,13160.2
15,139794122276864,20020,1,13836.6,12618.2
15,139771479326720,2002,0,1159.34,327.817
15,139771789705216,6006,0,1341.54,2600.46
15,139771638710272,1001,0,1159.34,1884.61
15,139772041363456,2002,0,1341.54,2260.28
15,139771363983360,4004,0,1159.34,582.489
15,139772425142272,8008,1,1736.43,7043.16
15,139769445089280,1001,0,1102.25,596.05
15,139768019025920,16016,0,0,0
15,139770413973504,0,0,761.019,358.614
15,139771517075456,2002,0,1159.34,1115.36
15,139769459769344,1001,0,1102.25,259.357
15,139771095547904,3003,0,761.019,784.419
15,139768778194944,2002,0,1920.03,1486.51
15,139770007126016,2002,0,1102.25,524.244
15,139772427239424,8008,1,1736.43,8174.56
15,139794111791104,16016,1,15677.5,18297.3
15,139768792875008,4004,0,1920.03,1486.34
15,139771785510912,3003,0,1159.34,1984.76
15,139770304921600,1001,0,761.019,675.279
15,139769768050688,2002,0,1102.25,1450.88
15,139770409779200,2002,0,761.019,1446.98
15,139770166509568,1001,0,761.019,1814.8
15,139767756881920,4004,0,0,0
15,139769883394048,0,0,1102.25,348.012
15,139771749859328,6006,0,1159.34,2181.83
15,139772148318208,4004,1,1736.43,3531.98
15,139767727521792,12012,0,0,0
15,139769625444352,2002,0,1102.25,989.377
15,139772146221056,3003,1,1736.43,4120.46
15,139771103936512,3003,0,761.019,702.543
15,139770971815936,2002,0,761.019,451.149
15,139772429336576,7007,1,1736.43,6819.54
15,139769904365568,0,0,1102.25,1240.27
15,139769984057344,3003,0,1102.25,834.38
15,139770254589952,4004,0,761.019,513.754
15,139771078770688,2002,0,761.019,607.591
15,139768256004096,3003,0,2610.5,5648.27
15,139772295118848,4004,1,1736.43,6265.32
15,139771642904576,3003,0,1159.34,1766.65
15,139768964841472,3003,0,2102.23,2194.24
15,139772263661568,3003,1,1736.43,5369.08
15,139770799849472,0,0,761.019,497.456
15,139769442992128,1001,0,1792.72,2854.54
15,139769996640256,2002,0,1102.25,847.281
15,139769719816192,1001,0,1102.25,954.481
15,139771099742208,1001,0,761.019,249.599
15,139772431433728,2002,1,1736.43,8072.25
15,139770684506112,1001,0,761.019,970.32
15,139770535608320,0,0,761.019,754.028
15,139769059213312,1001,0,1102.25,1012.77
15,139769898074112,0,0,1284.45,1530.91
15,139769069699072,1001,0,1603.16,2163.13
15,139769336037376,2002,0,1102.25,482.741
15,139769600278528,0,0,1102.25,931.094
15,139768807555072,0,0,2420.95,3212.57
15,139772322381824,3003,1,1736.43,3488.77
15,139769489129472,0,0,1102.25,631.483
15,139768023220224,12012,0,0,0
15,139769050824704,1001,0,1284.45,1348.93
15,139772456599552,5005,1,1736.43,3246.85
15,139770005028864,1001,0,1102.25,1029.72
15,139794090819584,36036,1,27657.7,28815.9
15,139768553799680,1001,0,2610.5,6675.23
15,139771244445696,4004,0,1159.34,1310.27
15,139769203916800,1001,0,1284.45,1043.9
15,139769080184832,1001,0,1284.45,1601.43
15,139768656560128,0,0,2420.95,2786.89
15,139768639782912,1001,0,2102.23,2371.41
15,139768522342400,2002,0,2610.5,3769.95
15,139771923922944,2002,0,1159.34,1410.79
15,139769593987072,1001,0,1102.25,789.2
15,139770934067200,0,0,761.019,277.686
15,139771053604864,0,0,761.019,1307.08
15,139772320284672,4004,1,1736.43,3480.09
15,139770969718784,1001,0,761.019,565.174
15,139769711427584,0,0,1792.72,2658.03
15,139768924995584,2002,0,2420.95,2087.95
15,139772414656512,9009,1,1736.43,7427.24
15,139770441236480,2002,0,761.019,492.186
15,139794109693952,38038,1,22487.5,24687.5
15,139769889685504,0,0,1102.25,1240.27
15,139769363300352,1001,0,1102.25,1040.66
15,139770388807680,3003,0,761.019,427.602
15,139769761759232,1001,0,1102.25,422.114
15,139770520928256,2002,0,761.019,796.239
15,139768251809792,5005,0,2610.5,6675.23
15,139772024586240,3003,0,1341.54,2751.14
15,139771456258048,3003,0,1341.54,2218.47
15,139769040338944,5005,0,1792.72,6408.65
15,139770801946624,1001,0,761.019,589.026
15,139768950161408,3003,0,1920.03,1190.1
15,139771326234624,0,0,1159.34,346.817
15,139770701283328,0,0,761.019,1215.05
15,139772047654912,4004,0,1341.54,2490.94
15,139794082430976,47047,1,38185.9,40444.9
15,139770835501056,2002,0,761.019,1452.34
15,139771082964992,1001,0,761.019,889.142
15,139769346523136,3003,0,1102.25,1107.91
15,139770252492800,3003,0,761.019,890.724
15,139770445430784,1001,0,761.019,793.223
15,139769090670592,2002,0,1102.25,1814.19
15,139767731716096,23023,0,0,0
15,139769178750976,0,0,1102.25,961.326
15,139768696406016,0,0,2420.95,3212.57
15,139771202502656,2002,0,1159.34,946.311
15,139770829209600,3003,0,761.019,1668.91
15,139772408365056,9009,1,1736.43,4873.85
15,139770420264960,1001,0,761.019,843.073
15,139770145538048,0,0,761.019,351.353
15,139771611447296,3003,0,1159.34,1830.55
15,139768027414528,8008,0,0,0
15,139772326576128,6006,1,1736.43,3638.36
15,139770931970048,2002,0,761.019,877.399
15,139772272050176,8008,1,1736.43,6577.86
15,139794132762624,10010,0,10738.5,10146.8
15,139770030194688,2002,0,1102.25,1937.86
15,139768675434496,1001,0,2102.23,3354.47
15,139767761076224,15015,0,0,0
15,139769585598464,2002,0,1102.25,1005.38
15,139768822235136,0,0,2420.95,2742.99
15,139771210891264,2002,0,1159.34,1353.85
15,139771061993472,2002,0,761.019,589.605
15,139772435628032,9009,1,1736.43,8511.32
15,139769629638656,0,0,1102.25,1574.61
15,139771743567872,1001,0,1159.34,1637.07
15,139772037169152,4004,0,1159.34,1582.81
15,139772173484032,4004,0,1660.25,2720.07
15,139769503809536,3003,0,1284.45,1881.83
15,139769231179776,5005,0,1102.25,1889.37
15,139794118082560,8008,0,11190.9,11512.7
15,139769875005440,1001,0,1102.25,584.706
15,139770812432384,1001,0,761.019,1794.94
15,139768247615488,2002,0,2610.5,7188.71
15,139772016197632,4004,0,1341.54,2497.91
15,139768549605376,2002,0,2420.95,3726.05
15,139771762442240,5005,0,1159.34,1676.68
15,139770581745664,4004,0,761.019,1120.28
15,139771068284928,0,0,761.019,1911.09
15,139770160218112,1001,0,761.019,212.565
15,139772446113792,8008,1,1736.43,6379.72
15,139771871494144,1001,0,1159.34,1298.64
15,139769497518080,2002,0,1102.25,743.714
15,139769101156352,0,0,1284.45,1964.55
15,139772186066944,2002,1,1660.25,2384.37
15,139794099208192,23023,1,19790.9,23123.7
15,139770982301696,2002,0,761.019,441.733
15,139771200405504,2002,0,1159.34,1149.74
15,139771865202688,4004,0,1159.34,1788.08
15,139769598181376,2002,0,1102.25,958.794
15,139772420947968,6006,1,1736.43,8255.16
15,139768140660736,3003,0,2420.95,4621.31
15,139768136466432,2002,0,2610.5,5648.27
15,139768144855040,2002,0,2420.95,4621.31
15,139768132272128,1001,0,2610.5,7188.71
15,139769193431040,2002,0,1102.25,1043.35
15,139768518148096,2002,0,2420.95,3442.27
15,139768149049344,2002,0,1920.03,3080.88
15,139768031608832,8008,0,0,0
15,139769495420928,3003,0,1102.25,960.248
15,139772165095424,6006,1,1736.43,3265.1
15,139768128077824,2002,0,2610.5,5648.27
15,139771884077056,1001,0,1159.34,1774.17
15,139770032291840,1001,0,1284.45,1910.83
15,139793937727488,0,1,9111.05,0
15,139770258784256,1001,0,761.019,352.975
15,139768153243648,3003,0,2102.23,3594.36
15,139770543996928,0,0,761.019,293.427
15,139769610764288,1001,0,1102.25,515.103
15,139768123883520,2002,0,2610.5,7702.19
15,139768935481344,2002,0,2610.5,2246.77
15,139771366080512,0,0,1159.34,1233.57
15,139767735910400,11011,0,0,0
15,139769623347200,2002,0,1102.25,2177.31
15,139768157437952,3003,0,1920.03,3080.88
15,139770416070656,2002,0,761.019,1031.87
15,139771475132416,3003,0,1159.34,2109.86
15,139768119689216,1001,0,2420.95,4621.31
15,139772402073600,13013,1,1736.43,8123.94
15,139772286730240,6006,1,1736.43,5466.41
15,139769220694016,5005,0,1102.25,1960.78
15,139772032974848,1001,0,1660.25,3438.68
15,139768161632256,3003,0,2610.5,7188.71
15,139768788680704,0,0,2420.95,3331.65
15,139768243421184,2002,0,2420.95,4621.31
15,139768774000640,1001,0,2102.23,1605.58
15,139771187822592,1001,0,1341.54,2451.55
15,139769742884864,0,0,1102.25,1130.74
15,139768115494912,5005,0,2610.5,13863.9
15,139772313993216,2002,1,1660.25,2533.67
15,139768652365824,1001,0,2102.23,2371.41
15,139771875688448,5005,0,1159.34,708.1
15,139769747079168,3003,0,1603.16,2726.23
15,139770713866240,1001,0,761.019,316.556
15,139768165826560,6006,0,2610.5,6675.23
15,139769772244992,2002,0,1102.25,552.154
15,139772030877696,5005,0,1341.54,1968.63
15,139772276244480,8008,1,1736.43,6237.32
15,139794078236672,105105,1,92999.3,96640.6
15,139768910315520,2002,0,2102.23,1609.9
15,139767563943936,23023,0,0,0
15,139768692211712,0,0,2420.95,3398.37
15,139768111300608,3003,0,2610.5,6675.23
15,139768836915200,1001,0,2610.5,3671.96
15,139768545411072,1001,0,2610.5,5080.7
15,139771624030208,2002,0,1159.34,667.916
15,139768803360768,2002,0,2420.95,2742.99
15,139767700258816,12012,0,0,0
15,139767968694272,14014,0,0,0
15,139772053946368,5005,0,1159.34,1804.46
15,139771645001728,3003,0,1159.34,884.395
15,139769724010496,0,0,1102.25,2014.72
15,139771116519424,5005,0,761.019,229.056
15,139770539802624,0,0,761.019,1297.8
15,139768960647168,0,0,1920.03,822.666
15,139772406267904,7007,1,1736.43,10214.6
15,139771108130816,2002,0,761.019,1078.59
15,139768107106304,6006,0,2420.95,5134.79
15,139794120179712,20020,0,12510.2,14163.6
15,139770290241536,4004,0,761.019,414.307
15,139771600961536,3003,0,1159.34,1670.55
15,139772175581184,3003,1,1736.43,5642.39
15,139772137832448,3003,0,1660.25,2582.39
15,139771886174208,6006,0,1660.25,3050.4
15,139771751956480,0,0,1159.34,1136.07
15,139771995226112,4004,1,1736.43,4160.53
15,139771921825792,2002,0,1159.34,608.01
15,139768671240192,1001,0,2102.23,2884.89
15,139769369591808,2002,0,1102.25,742.636
15,139767972888576,15015,0,0,0
15,139770002931712,1001,0,1102.25,729.071
15,139769352814592,1001,0,1102.25,631.483
15,139771353497600,3003,0,1159.34,1776.11
15,139772028780544,3003,0,1660.25,3472.49
15,139771502395392,1001,0,1159.34,1505.38
15,139771248640000,1001,0,1159.34,1058.25
15,139772288827392,4004,1,1736.43,4294.76
15,139771361886208,0,0,1159.34,842.501
15,139770554482688,1001,0,761.019,123.505
15,139769579307008,2002,0,1102.25,768.688
15,139768239226880,2002,0,2610.5,6161.75
15,139768102912000,0,0,2610.5,8215.67
15,139772299313152,1001,1,1660.25,2396.16
15,139794134859776,10010,0,13836.6,15477.6
15,139772181872640,4004,0,1660.25,3152.37
15,139767740104704,14014,0,0,0
15,139771215085568,0,0,1159.34,1782.85
15,139771101839360,2002,0,761.019,325.772
15,139768513953792,2002,0,2102.23,2840.99
15,139770575454208,1001,0,761.019,1904.35
15,139767832379392,0,0,0,0
15,139769210208256,3003,0,1102.25,745.87
15,139771252834304,2002,0,1159.34,1437.49
15,139770170703872,3003,0,761.019,1021.52
15,139770919387136,2002,0,943.218,2431.39
15,139772305604608,5005,1,1736.43,3612.43
15,139771206696960,2002,0,1159.34,357.749
15,139771347206144,0,0,1159.34,1972.17
15,139769730301952,1001,0,1284.45,1839.36
15,139770126663680,3003,0,761.019,1762.35
15,139768300044288,5005,0,2610.5,6675.23
15,139771487715328,1001,0,1159.34,1276.83
15,139768818040832,2002,0,2102.23,2371.41
15,139794126471168,9009,0,10738.5,9688.73
15,139771777122304,2002,0,1159.34,1537.17
15,139770929872896,1001,0,761.019,1963.9
15,139770715963392,2002,0,761.019,1634.28
15,139767704453120,11011,0,0,0
15,139771730984960,3003,0,1159.34,1939.2
15,139772412559360,11011,1,1736.43,7465.46
15,139771760345088,1001,0,1341.54,3272.2
15,139772026683392,3003,0,1341.54,1918.94
15,139769606569984,2002,0,1102.25,506.644
15,139767979180032,9009,0,0,0
15,139770128760832,1001,0,761.019,477.585
15,139771900854272,2002,0,1159.34,1596.07
15,139768920801280,2002,0,2420.95,2348.92
15,139770678214656,2002,0,761.019,986.78
15,139768945967104,1001,0,1920.03,451.081
15,139771093450752,0,0,761.019,1413.09
15,139771189919744,1001,0,1159.34,776.345
15,139769868713984,2002,0,1102.25,427.692
15,139769065504768,1001,0,1284.45,1791.54
15,139769728204800,1001,0,1102.25,446.393
15,139771242348544,1001,0,1159.34,449.232
15,139768541216768,2002,0,2610.5,3955.74
15,139768295849984,7007,0,2420.95,5134.79
15,139794105499648,23023,1,19790.9,24208.3
15,139770015514624,2002,0,1102.25,1179.68
15,139772404170752,12012,1,2785.45,15783.7
15,139771999420416,6006,0,1341.54,1960
15,139769075990528,3003,0,1603.16,1977.33
15,139772127346688,6006,1,1736.43,5407.89
15,139767568138240,13013,0,0,0
15,139768235032576,1001,0,12605.9,40051.4
15,139771607252992,2002,0,1159.34,1144.99
15,139767983374336,12012,0,0,0
15,139770850181120,1001,0,761.019,860.886
15,139769310871552,3003,0,1102.25,482.741
15,139769327648768,3003,0,1102.25,444.612
15,139770697089024,1001,0,761.019,885.957
15,139769046630400,2002,0,1102.25,1114.92
15,139771504492544,4004,0,1159.34,842.254
15,139769736593408,5005,0,1102.25,818.519
15,139771735179264,1001,0,1341.54,2539.9
15,139769862422528,1001,0,1102.25,595.45
15,139772058140672,0,0,1159.34,1769.36
15,139768688017408,3003,0,1920.03,2327.51
15,139768291655680,5005,0,2610.5,6161.75
15,139769319260160,0,0,1102.25,1368.35
15,139771387052032,0,0,1159.34,482.854
15,139772311896064,5005,1,1736.43,5612.19
15,139771770830848,6006,0,1159.34,2651.15
15,139770307018752,2002,0,761.019,683.552
15,139769086476288,1001,0,1284.45,1609.9
15,139771764539392,2002,0,1159.34,1608.32
15,139771896659968,3003,0,1159.34,1454.19
15,139770791460864,3003,0,761.019,144.223
15,139770120372224,2002,0,761.019,979.837
15,139770948747264,2002,0,761.019,1412.99
15,139768648171520,3003,0,2610.5,4698.92
15,139767744299008,4004,0,0,0
15,139772437725184,6006,1,1736.43,4416.37
15,139767987568640,14014,0,0,0
15,139770262978560,1001,0,761.019,1055.7
15,139767708647424,12012,0,0,0
15,139770546094080,0,0,761.019,809.905
15,139771372371968,3003,0,1159.34,853.418
15,139771756150784,1001,0,1159.34,886.63
15,139769501712384,2002,0,1102.25,481.663
15,139772418850816,8008,1,1736.43,5529.7
15,139769849839616,4004,0,1102.25,769.082
15,139769199722496,1001,0,1102.25,1109.53
15,139769237471232,2002,0,1284.45,1348.93
15,139770401390592,1001,0,761.019,1530.82
15,139768287461376,4004,0,2610.5,6675.23
15,139770797752320,1001,0,761.019,259.971
15,139771598864384,3003,0,1159.34,1570.02
15,139769721913344,1001,0,1102.25,1365.62
15,139768509759488,2002,0,2610.5,4840.81
15,139768832720896,1001,0,2420.95,2742.99
15,139771225571328,2002,0,1159.34,1086.48
15,139771632418816,2002,0,1159.34,1754.02
15,139769986154496,1001,0,1102.25,310.946
15,139768667045888,4004,0,2610.5,3955.74
15,139772439822336,9009,1,1736.43,5130.43
15,139771231862784,0,0,1159.34,877.117
15,139772049752064,5005,0,1159.34,1115.09
15,139771747762176,0,0,1159.34,1397.6
15,139768784486400,2002,0,1920.03,1597.12
15,139772171386880,4004,1,1736.43,4737.03
15,139770973913088,4004,0,761.019,428.698
15,139772056043520,1001,0,1660.25,2797.2
15,139767991762944,15015,0,0,0
15,139794101305344,21021,1,22487.5,23689.4
15,139770936164352,3003,0,761.019,1507.69
15,139768566382592,2002,0,2420.95,5134.79
15,139770940358656,2002,0,761.019,495.816
15,139769096962048,0,0,1102.25,902.161
15,139771651293184,4004,0,1159.34,2000.75
15,139770135052288,1001,0,761.019,228.169
15,139770980204544,0,0,761.019,560.084
15,139771779219456,4004,0,1159.34,947.771
15,139768971132928,2002,0,2420.95,1835.44
15,139772014100480,4004,1,1341.54,1710.16
15,139771649196032,1001,0,1159.34,2167.34
15,139768537022464,4004,0,1920.03,1300.55
15,139772265758720,7007,1,1736.43,5046.21
15,139768931287040,2002,0,1920.03,1114.92
15,139772135735296,7007,1,1660.25,2922.12
15,139771737276416,1001,0,1159.34,2221.02
15,139769612861440,1001,0,1102.25,492.443
15,139768799166464,0,0,1920.03,1814.03
15,139771733082112,1001,0,1159.34,1334.26
15,139768283267072,2002,0,2420.95,4621.31
15,139769589792768,2002,0,1102.25,605.212
15,139772177678336,4004,1,1341.54,2130.74
15,139769359106048,0,0,1102.25,1369.42
15,139771621933056,1001,0,1159.34,1546.16
15,139771510784000,0,0,1341.54,2364.64
15,139771892465664,5005,0,1159.34,1939.27
15,139771481423872,2002,0,1159.34,934.857
15,139771997323264,8008,1,1660.25,2640.45
15,139771613544448,3003,0,1159.34,1104.46
15,139769226985472,3003,0,1102.25,1411.33
15,139771879882752,4004,0,1159.34,1516.26
15,139769174556672,0,0,1792.72,3424.86
15,139767995957248,15015,0,0,0
15,139767712841728,19019,0,0,0
15,139772152512512,2002,1,1341.54,2216.78
15,139769591889920,1001,0,1102.25,259.708
15,139772009906176,5005,0,1159.34,627.045
15,139770393001984,1001,0,761.019,1221.37
15,139767572332544,9009,0,0,0
15,139769715621888,0,0,1102.25,381.29
15,139771766636544,1001,0,1660.25,2865.09
15,139771911340032,0,0,1341.54,2582.37
15,139771787608064,2002,0,1159.34,1177.29
15,139771919728640,2002,0,1159.34,1428.03
15,139770143440896,1001,0,761.019,1452.09
15,139772139929600,3003,1,1736.43,3551.08
15,139771500298240,1001,0,1159.34,1853.71
15,139770179092480,3003,0,761.019,957.564
15,139768956452864,1001,0,2420.95,2486.5
15,139771059896320,2002,0,761.019,870.886
15,139771483521024,0,0,1159.34,1960.86
15,139768279072768,2002,0,2102.23,4107.84
15,139772190261248,6006,1,1736.43,3926.36
15,139794103402496,29029,1,27657.7,30357.8
15,139771345108992,2002,0,1159.34,1008.59
15,139771477229568,4004,0,1159.34,576.253
15,139771521269760,4004,0,1159.34,1433.78
15,139771514978304,3003,0,1159.34,2077.65
15,139770963427328,0,0,761.019,512.477
15,139768906121216,1001,0,3062.89,6686.71
15,139768813846528,2002,0,2420.95,2601.1
15,139771227668480,1001,0,1159.34,489.697
15,139768562188288,2002,0,2610.5,5648.27
15,139771468840960,0,0,1159.34,1758.08
15,139768683823104,0,0,2610.5,3813.85
15,139768000151552,19019,0,0,0
15,139769333940224,0,0,1284.45,2648.35
15,139772290924544,5005,1,1736.43,4286.3
15,139771334623232,1001,0,1159.34,1791.93
15,139771603058688,2002,0,1159.34,1518.26
15,139771357691904,1001,0,1159.34,1010.37
15,139771519172608,2002,0,1159.34,880.642
15,139772278341632,7007,1,1736.43,4475.83
15,139771741470720,1001,0,1159.34,2159.77
15,139769988251648,0,0,1102.25,258.292
15,139772142026752,5005,1,1660.25,3236.08
15,139769189236736,2002,0,1102.25,1071.94
15,139772154609664,7007,1,1736.43,3682.46
15,139771246542848,1001,0,1159.34,2177.48
15,139768274878464,0,0,2610.5,9756.11
15,139768505565184,3003,0,2102.23,2185.61
15,139769216499712,0,0,1102.25,819.972
15,139768532828160,4004,0,2610.5,4283.43
15,139770313310208,0,0,761.019,313.569
15,139767717036032,15015,0,0,0
15,139772433530880,9009,1,1736.43,10678
15,139772301410304,5005,1,1736.43,3750.91
15,139772007809024,6006,0,1736.43,4907.13
15,139772005711872,6006,0,1159.34,1804.29
15,139771594670080,3003,0,1159.34,1809.45
15,139794092916736,23023,1,27657.7,30687
15,139768004345856,16016,0,0,0
15,139771196211200,0,0,1159.34,1484.77
15,139769308774400,1001,0,1792.72,3776.66
15,139769604472832,0,0,1102.25,996.923
15,139771064090624,5005,0,761.019,500.248
15,139770923581440,0,0,761.019,196.018
15,139769877102592,0,0,1102.25,710.247
15,139771221377024,2002,0,1159.34,1029.97
15,139770925678592,2002,0,761.019,509.603
15,139770837598208,2002,0,761.019,883.602
15,139770659340288,1001,0,761.019,974.997
15,139768941772800,2002,0,1920.03,1048.21
15,139768662851584,1001,0,2420.95,2601.1
15,139771909242880,2002,0,1159.34,1085.28
15,139769872908288,2002,0,1102.25,427.692
15,139769845645312,2002,1,1792.72,2286.67
15,139772131540992,8008,1,1736.43,3074
15,139768270684160,2002,0,2610.5,5648.27
15,139771634515968,4004,0,1159.34,1618.12
15,139770267172864,3003,0,761.019,347.233
15,139771328331776,2002,0,1159.34,805.605
15,139771881979904,2002,0,1159.34,1818.52
15,139768916606976,2002,0,2420.95,3221.2
15,139768369250304,0,0,1920.03,0
15,139771626127360,1001,0,1159.34,567.068
15,139771330428928,0,0,1159.34,860.734
15,139771236057088,3003,0,1159.34,627.487
15,139770952941568,0,0,761.019,240.329
15,139767750590464,8008,0,0,0
15,139769617055744,2002,0,1102.25,1395.13
15,139768828526592,0,0,1920.03,1814.03
15,139771114422272,2002,0,761.019,500.062
15,139771355594752,1001,0,1159.34,269.864
15,139768008540160,15015,0,0,0
15,139770804043776,0,0,761.019,962.876
15,139770814529536,1001,0,761.019,305.663
15,139769893879808,0,0,1102.25,1374.97
15,139770665631744,2002,0,761.019,180.556
15,139772167192576,4004,1,1660.25,2857.04
15,139770558676992,1001,0,761.019,477.029
15,139770707574784,1001,0,761.019,632.203
15,139770688700416,3003,0,761.019,1069.13
15,139771324137472,0,0,1159.34,547.16
15,139772179775488,3003,1,1660.25,2677.14
15,139771464646656,1001,0,1159.34,1315.5
15,139771070382080,0,0,761.019,651.334
15,139769449283584,0,0,1102.25,518.714
15,139770793558016,2002,0,761.019,1430.51
15,139771907145728,2002,0,1159.34,526.242
15,139771460452352,1001,0,1159.34,1536.62
15,139769487032320,2002,0,1102.25,852.173
15,139770822918144,0,0,761.019,951.982
15,139767721230336,20020,0,0,0
15,139768266489856,0,0,2610.5,7188.71
15,139769061310464,3003,0,1102.25,1012.77
15,139769206013952,0,0,1102.25,1035.43
15,139768780292096,1001,0,2102.23,1605.58
15,139769365397504,1001,0,1102.25,521.948
15,139769071796224,0,0,1284.45,1428.42
15,139770657243136,3003,0,761.019,1239.62
15,139772450308096,6006,1,1736.43,7224.69
15,139771085062144,2002,0,761.019,501.119
15,139769052921856,4004,0,1102.25,1163.13
15,139769484935168,2002,0,1102.25,1293.17
15,139768528633856,0,0,2610.5,4982.7
15,139768794972160,0,0,2610.5,3300.37
15,139768681725952,4004,0,2610.5,3999.64
15,139769348620288,2002,0,1102.25,1108.45
15,139771340914688,2002,0,1159.34,882.721
15,139768012734464,13013,0,0,0
15,139770785169408,0,0,761.019,1606.94
15,139768702697472,1001,0,2102.23,2043.72
15,139769753370624,2002,0,1102.25,1117.8
15,139768966938624,2002,0,1920.03,1087.95
15,139769466060800,0,0,1102.25,633.101
15,139770831306752,1001,0,761.019,228.303
15,139769082281984,1001,0,1284.45,1902.15
15,139771076673536,4004,0,761.019,555.795
15,139770810335232,1001,0,761.019,792.666
15,139771332526080,1001,0,1159.34,741.454
15,139769180848128,1001,0,1102.25,334.537
15,139768557993984,0,0,2420.95,5134.79
15,139770525122560,2002,0,761.019,461.402
15,139770149732352,1001,0,761.019,647.444
15,139769042436096,1001,0,1102.25,1853.94
15,139770669826048,3003,0,761.019,1209.12
15,139769734496256,2002,0,1102.25,914.389
15,139771343011840,0,0,1159.34,1564.9
15,139768262295552,3003,0,2610.5,5648.27
15,139771494006784,0,0,1159.34,297.437
15,139771596767232,2002,0,1159.34,1249.02
15,139769642221568,2002,0,1102.25,1944.93
15,139769992445952,0,0,1102.25,460.033
15,139768927092736,1001,0,1920.03,1451.07
15,139772316090368,7007,1,1736.43,3811.2
15,139768809652224,1001,0,2102.23,2371.41
15,139770550288384,1001,0,761.019,386.789
15,139771473035264,2002,0,1159.34,1022.37
15,139772045557760,2002,1,1159.34,1138.54
15,139771470938112,3003,0,1159.34,1475.63
15,139767754784768,4004,0,0,0
15,139771055702016,2002,0,761.019,604.048
15,139770430750720,4004,0,761.019,1130.25
15,139772458696704,4004,1,1736.43,5093.47
15,139770942455808,1001,0,761.019,1084.54
15,139771066187776,1001,0,761.019,251.298
15,139769879199744,2002,0,1102.25,338.661
15,139769092767744,2002,0,1284.45,1929.12
15,139771204599808,2002,0,1159.34,571.715
15,139770976010240,0,0,761.019,978.009
15,139768016928768,11011,0,0,0
15,139771655487488,4004,0,1159.34,373.869
15,139772280438784,8008,1,1341.54,1859.83
15,139767725424640,9009,0,0,0
15,139772454502400,3003,1,1660.25,2996.16
15,139769608667136,1001,0,1102.25,631.294
15,139771993128960,5005,1,1341.54,2096.15
15,139768952258560,3003,0,2102.23,2039.73
15,139770841792512,2002,0,761.019,1635.88
15,139771240251392,1001,0,1159.34,1507.32
15,139769233276928,1001,0,1603.16,1835.44
15,139768641880064,3003,0,2420.95,2742.99
15,139771380760576,2002,0,1159.34,847.617
15,139771647098880,2002,0,1159.34,1420.8
15,139769331843072,0,0,1102.25,1146.58
15,139768658657280,1001,0,2610.5,3813.85
15,139770019708928,1001,0,1102.25,299.719
15,139770405584896,3003,0,761.019,1050.96
15,139769317163008,2002,0,1102.25,1398.55
15,139770411876352,1001,0,761.019,605.918
15,139769902268416,3003,0,1102.25,1094.41
15,139768258101248,2002,0,2610.5,5648.27
15,139770397196288,5005,0,761.019,341.51
15,139771890368512,1001,0,1159.34,1837.54
15,139771370274816,2002,0,1159.34,412.84
15,139770023903232,4004,0,1102.25,555.043
15,139771217182720,2002,0,1159.34,364.893
15,139769195528192,2002,0,1102.25,856.483
15,139771781316608,3003,0,1341.54,2712.55
15,139772144123904,2002,1,1341.54,2068.94
15,139768524439552,3003,0,1920.03,1999.82
15,139768555896832,0,0,1920.03,2567.4
15,139771739373568,0,0,1341.54,2249.26
15,139772303507456,5005,1,1736.43,4713.49
15,139769455575040,0,0,1102.25,890.84
15,139770271367168,2002,0,761.019,735.366
15,139768021123072,12012,0,0,0
15,139769103253504,3003,0,1102.25,1853.94
15,139771368177664,3003,0,1159.34,665.732
15,139770426556416,2002,0,761.019,406.799
15,139770699186176,2002,0,761.019,1389.25
15,139771080867840,2002,0,761.019,1633.56
15,139771233959936,0,0,1159.34,417.533
15,139768824332288,0,0,2610.5,4327.33
15,139770965524480,1001,0,761.019,1847.31
15,139771867299840,3003,0,1341.54,2494.3
15,139768698503168,6006,0,2420.95,2928.79
15,139769854033920,2002,0,1102.25,423.507
15,139769222791168,0,0,1603.16,1724.83
15,139771374469120,1001,0,1159.34,957.916
15,139770541899776,1001,0,761.019,1096.58
15,139770017611776,1001,0,1284.45,2314.62
15,139768677531648,1001,0,2102.23,2229.51
15,139769329745920,0,0,1102.25,632.021
15,139770650951680,1001,1,943.218,1448.16
15,139770382516224,0,0,943.218,1451.28
15,139769478643712,0,0,1284.45,1628.24
15,139768253906944,5005,0,2610.5,8729.15
15,139770680311808,1001,0,761.019,818.577
15,139769732399104,4004,0,1102.25,787.045
15,139767729618944,9009,0,0,0
15,139769577209856,1001,0,1792.72,2604.61
15,139770118275072,0,0,761.019,280.823
15,139770516733952,2002,0,943.218,1300.79
15,139770434945024,4004,0,761.019,653.713
15,139772169289728,5005,1,1341.54,1962.08
15,139767758979072,10010,0,0,0
15,139772001517568,6006,1,1736.43,4152.62
15,139768937578496,0,0,1920.03,1087.95
15,139771250737152,1001,0,1159.34,1637.31
15,139772156706816,3003,1,1660.25,2914.08
15,139769621250048,0,0,1102.25,456.47
15,139769581404160,3003,0,1102.25,2415.97
15,139769908559872,5005,0,1102.25,1461.5
15,139771238154240,2002,0,1159.34,1439.07
15,139769354911744,3003,0,1102.25,1077.71
15,139768025317376,16016,0,0,0
15,139772051849216,3003,1,1660.25,2593.5
15,139769371688960,3003,0,1102.25,667.994
15,139770153926656,1001,0,943.218,2115.85
15,139771863105536,2002,0,1341.54,2440.15
15,139770667728896,2002,0,761.019,424.348
15,139771378663424,2002,0,1159.34,391.428
15,139771097645056,2002,0,761.019,1430.28
15,139772020391936,2002,0,1341.54,2182.2
15,139770302824448,3003,0,761.019,396.755
15,139770577551360,2002,0,761.019,815.107
15,139769340231680,3003,0,1102.25,780.227
15,139768551702528,1001,0,2610.5,5921.86
15,139768912412672,2002,0,2102.23,2478.03
15,139770139246592,0,0,761.019,436.832
15,139768776097792,4004,0,1920.03,999.993
15,139770168606720,1001,0,761.019,921.533
15,139768790777856,2002,0,2102.23,2371.41
15,139772309798912,7007,1,1736.43,3362.53
15,139770443333632,3003,0,761.019,2034.81
15,139770676117504,2002,0,761.019,1917.21
15,139768249712640,2002,0,2610.5,8729.15
15,139770428653568,2002,0,761.019,366.392
15,139771194114048,0,0,1159.34,857.553
15,139768520245248,3003,0,2420.95,3070.68
15,139770418167808,0,0,761.019,348.841
15,139770961330176,0,0,761.019,872.808
15,139770279755776,2002,0,761.019,1090.38
15,139770955038720,2002,0,761.019,792.176
15,139771091353600,0,0,761.019,1009.61
15,139769212305408,1001,0,1102.25,484.357
15,139772188164096,4004,0,1341.54,2880.09
15,139770705477632,3003,0,761.019,1497.56
15,139771609350144,2002,0,1159.34,2086.34
15,139770447527936,0,0,761.019,737.304
15,139769508003840,2002,0,1102.25,744.254
15,139769185042432,3003,0,1102.25,2500.15
15,139771640807424,3003,0,1159.34,1658.46
15,139769453477888,2002,0,1102.25,921.04
15,139768962744320,2002,0,1920.03,1163.13
15,139770661437440,0,0,761.019,825.988
15,139770573357056,1001,0,761.019,548.396
15,139768654462976,1001,0,2102.23,2185.61
15,139770827112448,0,0,761.019,297.76
15,139770432847872,0,0,761.019,710.654
15,139768805457920,2002,0,2102.23,2229.51
15,139768029511680,11011,0,0,0
15,139767733813248,6006,0,0,0
15,139768637685760,4004,0,7549.49,18217.9
15,139770533511168,3003,0,761.019,289.92
15,139770569162752,1001,0,761.019,555.645
15,139769635930112,1001,0,1102.25,373.017
15,139770124566528,0,0,761.019,1725.09
15,139770806140928,0,0,761.019,510.876
15,139771110227968,2002,0,761.019,293.158
15,139769583501312,0,0,1102.25,834.518
15,139769726107648,0,0,1102.25,585.784
15,139770816626688,1001,0,761.019,1279.52
15,139769981960192,1001,0,1102.25,410.002
15,139770682408960,0,0,761.019,280.375
15,139770040680448,2002,0,1102.25,1031.41
15,139771724693504,3003,0,1341.54,2677.13
15,139770250395648,1001,0,761.019,891.157
15,139770795655168,1001,0,761.019,609.386
15,139768694308864,0,0,1920.03,1672.13
15,139768138563584,0,0,2610.5,8729.15
15,139768142757888,2002,0,2610.5,8215.67
15,139770028097536,1001,0,1102.25,881.456
15,139768134369280,3003,0,1920.03,2567.4
15,139770556579840,2002,0,761.019,786.956
15,139770978107392,1001,0,761.019,828.226
15,139768146952192,1001,0,2102.23,3594.36
15,139770518831104,4004,0,761.019,810.67
15,139767763173376,8008,0,0,0
15,139768130174976,2002,0,2610.5,5648.27
15,139768245518336,1001,0,2610.5,8729.15
15,139769493323776,0,0,1102.25,855.407
15,139768151146496,2002,0,2610.5,7188.71
15,139771198308352,0,0,1159.34,614.754
15,139771628224512,1001,0,1159.34,1024.91
15,139768125980672,1001,0,2610.5,7702.19
15,139770384613376,0,0,761.019,741.232
15,139769067601920,0,0,1102.25,451.081
15,139769057116160,5005,0,1284.45,1424.11
15,139770137149440,1001,0,761.019,270.869
15,139768155340800,0,0,2610.5,6675.23
15,139768673337344,0,0,2102.23,2371.41
15,139768547508224,2002,0,1920.03,2469.4
15,139769321357312,1001,0,1102.25,1405.94
15,139769713524736,4004,0,1102.25,722.286
15,139768121786368,4004,0,2420.95,5134.79
15,139770269270016,1001,0,761.019,952.574
15,139770690797568,3003,0,761.019,1066.89
15,139771208794112,2002,0,1159.34,1341.56
15,139768922898432,2002,0,2420.95,2052.51
15,139771223474176,5005,0,1159.34,912.014
15,139770820820992,1001,0,761.019,1162.98
15,139768159535104,6006,0,2420.95,5134.79
15,139770709671936,3003,0,761.019,987.677
15,139769078087680,2002,0,1102.25,1163.13
15,139769048727552,0,0,1603.16,2601.43
15,139769614958592,3003,0,1284.45,1480.74
15,139768948064256,3003,0,2102.23,1862.41
15,139768117592064,5005,0,2102.23,3594.36
15,139767698161664,86086,0,0,0
15,139772460793856,13013,1,1736.43,4501.32
15,139770151829504,3003,0,761.019,875.132
15,139770114080768,1001,0,943.218,1180.32
15,139771491909632,1001,0,1159.34,1037.41
15,139768820137984,2002,0,2102.23,2043.72
15,139768163729408,5005,0,2610.5,6161.75
15,139769866616832,2002,0,1102.25,566.012
15,139770560774144,3003,0,761.019,1627.57
15,139772529999872,0,1,1159.34,0
15,139772423045120,4004,1,1736.43,5535.65
15,139770122469376,2002,0,761.019,505.615
15,139771783413760,1001,0,1159.34,1247.15
15,139768113397760,4004,0,2102.23,4107.84
15,139771636613120,4004,0,1159.34,2321.45
15,139769201819648,1001,0,1102.25,996.221
15,139770013417472,3003,0,1102.25,647.638
15,139769858228224,2002,0,1102.25,449.734
15,139768516050944,3003,0,1920.03,2141.72
15,139771592572928,1001,0,1159.34,512.321
15,139767966597120,80080,0,0,0
15,139770288144384,0,0,761.019,1272.68
15,139771112325120,1001,0,761.019,608.886
15,139772444016640,7007,1,1736.43,5121.2
15,139769088573440,1001,0,1102.25,676.621
15,139767738007552,10010,0,0,0
15,139770311213056,4004,0,761.019,1642.78
15,139769239568384,1001,0,1102.25,1853.94
15,139770694991872,2002,0,761.019,574.516
15,139771728887808,4004,0,1159.34,962.354
15,139768241324032,0,0,2420.95,5134.79
15,139768109203456,3003,0,2610.5,7702.19
15,139769910657024,4004,0,1102.25,547.655
15,139770248298496,0,1,1261.93,1552.07
15,139769891782656,1001,0,1284.45,2746.35
15,139769994543104,1001,0,1102.25,279.545
15,139769505906688,2002,0,1102.25,958.091
15,139771508686848,1001,0,1159.34,1078.78
15,139767970791424,12012,0,0,0
15,139770021806080,1001,0,1102.25,1126.15
15,139769361203200,4004,0,1102.25,891.378
15,139772039266304,4004,0,1341.54,2149.06
15,139770523025408,0,0,761.019,269.342
15,139770562871296,0,0,761.019,498.03
15,139768105009152,3003,0,2610.5,7188.71
15,139769447186432,0,0,1284.45,2133.25
15,139771754053632,5005,0,1159.34,2338.61
15,139771498201088,3003,0,1159.34,1582.78
15,139770141343744,1001,0,761.019,282.771
15,139770967621632,0,0,761.019,975.641
15,139767702355968,10010,0,0,0
15,139767974985728,15015,0,0,0
15,139770034388992,1001,0,1102.25,1194.27
15,139769176653824,3003,0,1102.25,1144.96
15,139770527219712,1001,0,761.019,1240.43
15,139772293021696,6006,1,1736.43,4913.7
15,139772158803968,4004,1,1341.54,2251.37
15,139770927775744,2002,0,761.019,748.344
15,139770156023808,1001,0,761.019,1809.15
15,139768543313920,1001,0,2610.5,4141.54
15,139770044874752,4004,0,1102.25,538.769
15,139770818723840,1001,0,761.019,1420.35
15,139767566041088,8008,0,0,0
15,139769099059200,0,0,1102.25,1163.13
15,139768100814848,2002,0,7549.49,31322.2
15,139771619835904,2002,0,1341.54,2182.24
15,139770787266560,1001,0,761.019,1286.63
15,139769229082624,1001,0,1284.45,1641.18
15,139770946650112,3003,0,761.019,874.408
15,139770147635200,0,0,761.019,795.647
15,139768690114560,1001,0,2610.5,4327.33
15,139768650268672,1001,0,2102.23,2185.61
15,139770162315264,1001,0,761.019,929.389
15,139769619152896,0,0,1102.25,1467.96
15,139767977082880,7007,0,0,0
15,139769860325376,3003,0,1102.25,1068.87
15,139769998737408,3003,0,1102.25,466.012
15,139768933384192,1001,0,2102.23,1787.23
15,139768786583552,1001,0,2610.5,2392.82
15,139768237129728,0,0,2610.5,6675.23
15,139772318187520,12012,1,1736.43,4062.59
15,139770843889664,1001,0,761.019,798.489
15,139770164412416,1001,0,761.019,390.157
15,139768297947136,2002,0,2610.5,8729.15
15,139768771903488,0,0,3659.81,10789.1
15,139768834818048,3003,0,2610.5,3857.75
15,139772297216000,2002,1,1736.43,4768.82
15,139769463963648,5005,0,1102.25,520.87
15,139769482838016,0,0,1102.25,482.741
15,139772284633088,6006,1,1736.43,6262.4
15,139770403487744,0,0,761.019,204.758
15,139769596084224,2002,0,1102.25,435.964
15,139767742201856,10010,0,0,0
15,139767981277184,10010,0,0,0
15,139771376566272,1001,0,1159.34,1318.53
15,139770176995328,2002,0,761.019,548.66
15,139769900171264,2002,0,1284.45,1729.29
15,139768669143040,2002,0,2610.5,3628.06
15,139768801263616,0,0,2420.95,3398.37
15,139769990348800,1001,0,1102.25,880.436
15,139770011320320,0,0,1102.25,807.549
15,139770009223168,4004,0,1102.25,764.64
15,139770265075712,0,0,761.019,362.943
15,139769587695616,2002,0,1102.25,646.222
15,139769191333888,0,0,1102.25,668.534
15,139768511856640,2002,0,2420.95,3584.16
15,139772282535936,10010,1,1736.43,7093.28
15,139767706550272,15015,0,0,0
15,139768293752832,1001,0,2102.23,4107.84
15,139769776439296,4004,0,1102.25,569.779
15,139770529316864,2002,0,761.019,2033.7
15,139770281852928,0,0,761.019,457.516
15,139770256687104,2002,0,761.019,1247.12
15,139771605155840,3003,0,1341.54,2742.58
15,139771219279872,2002,0,1159.34,1007.25
15,139770286047232,4004,0,761.019,903.787
15,139771617738752,2002,0,1159.34,790.819
15,139769638027264,3003,0,1102.25,899.269
15,139768908218368,0,0,2102.23,1641.18
15,139768958550016,2002,0,1920.03,1163.13
15,139767985471488,14014,0,0,0
15,139769218596864,2002,0,1284.45,2069.23
15,139770273464320,1001,0,761.019,590.12
15,139772274147328,6006,1,1736.43,3963.63
15,139770944552960,1001,0,761.019,461.279
15,139769474449408,2002,0,1102.25,1107.37
15,139769895976960,5005,0,1102.25,456.47
15,139772261564416,9009,1,1736.43,4588.99
15,139769885491200,2002,0,1102.25,1209.88
15,139771873591296,2002,0,1341.54,3018.23
15,139768539119616,1001,0,1920.03,2141.72
15,139768289558528,2002,0,2610.5,7188.71
15,139768568479744,1001,0,2610.5,6161.75
15,139769602375680,0,0,1102.25,214.385
15,139769851936768,1001,0,1102.25,288.42
15,139770437042176,1001,0,761.019,310.094
15,139769847742464,0,0,1102.25,423.249
15,139770579648512,0,0,761.019,1451.22
15,139769480740864,2002,0,1284.45,1693.88
15,139769491226624,2002,0,1284.45,1117.46
15,139771745665024,3003,0,1159.34,1331.7
15,139769640124416,3003,0,1102.25,580.393
15,139772410462208,6006,1,1736.43,7563.66
15,139770552385536,0,0,761.019,371.162
15,139770036486144,1001,0,1102.25,1770.09
15,139768815943680,4004,0,2102.23,2557.2
15,139767989665792,12012,0,0,0
15,139771074576384,2002,0,761.019,1120.64
15,139769856131072,1001,0,1102.25,783.536
15,139767570235392,13013,0,0,0
15,139770671923200,3003,0,761.019,1423.16
15,139770038583296,2002,0,1102.25,502.734
15,139770674020352,2002,0,761.019,1189.06
15,139772269953024,6006,1,1736.43,5389.92
15,139769759662080,2002,0,1102.25,979.3
15,139770395099136,1001,0,761.019,397.701
15,139768285364224,3003,0,2610.5,6675.23
15,139770984398848,0,0,761.019,990.559
15,139767710744576,14014,0,0,0
15,139770132955136,4004,0,761.019,1756.5
15,139771758247936,2002,0,1159.34,1391.46
15,139769470255104,3003,0,1102.25,2022.1
15,139767746396160,13013,0,0,0
15,139768685920256,2002,0,2610.5,3999.64
15,139771089256448,2002,0,761.019,879.315
15,139770845986816,2002,0,761.019,846.827
15,139767993860096,15015,0,0,0
15,139770277658624,3003,0,761.019,619.598
15,139771106033664,1001,0,761.019,662.927
15,139768943869952,3003,0,2420.95,1977.33
15,139772399976448,6006,1,1736.43,12422
15,139769367494656,3003,0,1102.25,1323.37
15,139770172801024,2002,0,761.019,1022.12
15,139770808238080,1001,0,943.218,2062.61
15,139770026000384,2002,0,1102.25,263.271
15,139768918704128,2002,0,2420.95,2012.77
15,139770567065600,2002,0,761.019,1517.41
15,139769325551616,3003,0,1102.25,780.765
15,139769350717440,0,0,1102.25,705.585
15,139772150415360,3003,0,1660.25,2928.68
15,139770571259904,1001,0,761.019,345.211
15,139769208111104,3003,0,1102.25,708.281
15,139768281169920,3003,0,2610.5,7188.71
15,139768564285440,1001,0,2610.5,6161.75
15,139768646074368,0,0,2610.5,4840.81
15,139769979863040,2002,0,1792.72,2351.99
15,139768507662336,2002,0,2610.5,3813.85
15,139771336720384,2002,0,1159.34,463.433
15,139769770147840,2002,0,1102.25,1644.22
15,139770407682048,1001,0,761.019,240.758
15,139770300727296,0,0,761.019,950.987
15,139771869396992,7007,1,1159.34,1995.95
15,139772035072000,3003,0,1159.34,1516.29
15,139771496103936,2002,0,1341.54,2060.15
15,139769063407616,1001,0,1102.25,747.486
15,139767998054400,13013,0,0,0
15,139768534925312,2002,0,2102.23,3168.67
15,139770042777600,1001,0,1102.25,591.016
15,139769182945280,3003,0,1102.25,995.68
15,139769468157952,1001,0,1102.25,631.483
15,139769055019008,2002,0,1792.72,2787.22
15,139769073893376,1001,0,1603.16,2601.43
15,139768664948736,2002,0,2102.23,2185.61
15,139772448210944,8008,1,1736.43,3804.86
15,139770174898176,5005,0,761.019,407.451
15,139770921484288,1001,0,761.019,350.471
15,139770390904832,2002,0,761.019,449.486
15,139771458355200,2002,0,1159.34,1357.66
15,139771768733696,0,0,1159.34,1888.71
15,139768830623744,2002,0,2102.23,2699.09
15,139772324478976,3003,1,1736.43,5979.19
15,139770839695360,0,0,761.019,1460.65
15,139767714938880,14014,0,0,0
15,139769749176320,1001,0,1102.25,571.042
15,139768276975616,3003,0,1920.03,3080.88
15,139770130857984,0,0,761.019,881.651
15,139770424459264,2002,0,761.019,747.705
15,139770275561472,0,0,761.019,358.833
15,139771775025152,2002,0,1159.34,980.915
15,139770298630144,3003,0,761.019,506.693
15,139769870811136,0,0,1102.25,1047.28
15,139770531414016,0,0,761.019,395.001
15,139769044533248,0,0,1284.45,1534.72
15,139771894562816,3003,0,1660.25,2733.27
15,139771384954880,2002,0,1159.34,883.961
15,139769084379136,3003,0,1284.45,1826.97
15,139770116177920,1001,0,761.019,1248.34
15,139770703380480,3003,0,761.019,553.19
15,139770789363712,1001,0,761.019,1069.27
15,139768782389248,3003,0,1920.03,782.919
15,139771338817536,1001,0,1159.34,989.178
15,139772267855872,5005,1,1736.43,5191.75
15,139768002248704,18018,0,0,0
15,139769338134528,2002,0,1102.25,1367.27
15,139771351400448,4004,0,1159.34,784.938
15,139770309115904,0,0,761.019,405.631
15,139772043460608,2002,0,1159.34,1197.37
15,139771653390336,2002,0,1159.34,1978.16
15,139770663534592,3003,0,761.019,948.786
15,139772003614720,5005,1,1736.43,4360.48
15,139770422362112,1001,0,761.019,998.277
15,139769717719040,2002,0,1102.25,1446.57
15,139767748493312,6006,0,0,0
15,139770959233024,0,0,761.019,193.027
15,139769499615232,1001,0,1102.25,1368.35
15,139770825015296,2002,0,761.019,1439.98
15,139769751273472,0,0,1102.25,1605.01
15,139768797069312,2002,0,2610.5,4229.33
15,139771087159296,1001,0,761.019,421.68
15,139794124374016,12012,0,11787.8,11466.3
15,139768969035776,1001,0,1920.03,2398.54
15,139769744982016,2002,0,1102.25,968.871
15,139769633832960,2002,0,1102.25,635.607
15,139794115985408,14014,1,12510.2,13523.2
15,139770938261504,1001,0,761.019,881.817
15,139794107596800,18018,1,18808.2,20351.4
15,139771590475776,1001,1,1159.34,1091.39
15,139768272781312,2002,0,2420.95,4621.31
15,139794084528128,60060,1,44492.2,47529.1
15,139769906462720,4004,0,1102.25,460.243
15,139769757564928,3003,0,1102.25,371.939
15,139770399293440,0,0,761.019,720.874
15,139794095013888,29029,1,19790.9,21486.6
15,139769235374080,1001,0,1102.25,862.414
15,139770260881408,1001,0,761.019,501.717
15,139771229765632,3003,0,1159.34,916.194
15,139768929189888,4004,0,2102.23,1574.47
15,139794097111040,15015,1,25027.4,26021
15,139772160901120,2002,1,1736.43,3043.5
15,139769094864896,0,0,1284.45,2004.3
15,139769738690560,0,0,1102.25,1151.43
15,139771888271360,5005,0,1159.34,1527.56
15,139794080333824,74074,1,60531.7,69382.7
15,139771902951424,0,0,1159.34,1563.35
15,139769197625344,3003,0,1102.25,1069.78
15,139769631735808,0,0,1102.25,877.146
15,139771506589696,5005,0,1341.54,2218.46
15,139794076139520,88088,1,92999.3,93093.6
15,139768006443008,12012,0,0,0
15,139771861008384,3003,0,1159.34,2214.62
15,139769312968704,2002,0,1102.25,958.091
15,139769323454464,2002,0,1102.25,407.561
15,139770296532992,1001,0,761.019,554.713
15,139794130665472,18018,0,12510.2,13807.1
15,139767719133184,13013,0,0,0
15,139769881296896,2002,0,1102.25,1208.8
15,139771466743808,1001,0,1159.34,1177.87
15,139769315065856,2002,0,1102.25,846.938
15,139768530731008,3003,0,2610.5,3813.85
15,139794074042368,126126,1,123401,143747
15,139768503468032,3003,0,12605.9,28825.4
15,139771462549504,3003,0,1159.34,1006.89
15,139771057799168,3003,0,761.019,1268.13
15,139768811749376,0,0,2610.5,3671.96
15,139771877785600,2002,0,1341.54,2330.94
15,139769740787712,4004,0,1102.25,1765.98
15,139772395782144,19019,1,1736.43,6905.04
15,139769344425984,4004,0,1102.25,1033.27
15,139768954355712,2002,0,1920.03,1225.53
15,139794086625280,34034,1,34839.2,35303.6
15,139768268587008,1001,0,1920.03,2567.4
15,139770439139328,3003,0,761.019,1077.92
15,139769887588352,4004,0,1102.25,1061.13
15,139772452405248,6006,1,1736.43,4254.73
15,139771485618176,3003,0,1159.34,1186.1
15,139772012003328,5005,0,1159.34,1963.14
15,139771349303296,1001,0,1159.34,430.82
15,139771359789056,0,0,1159.34,275.281
15,139770833403904,3003,0,761.019,683.39
15,139770848083968,0,0,761.019,1757.14
15,139770292338688,3003,0,761.019,731.694
15,139794128568320,13013,0,11190.9,11892.9
15,139770386710528,3003,0,761.019,604.178
15,139769224888320,1001,0,1102.25,826.981
16,139771898757120,4004,0,1660.25,3589.01
16,139771726790656,1001,0,1341.54,2420
16,139770537705472,1001,0,1159.34,1220.11
16,139768560091136,0,0,1792.72,4185.44
16,139768010637312,4004,0,1792.72,6675.23
16,139770957135872,0,0,1159.34,1575.81
16,139771917631488,3003,0,1341.54,2811.73
16,139772162998272,2002,1,1341.54,2027.63
16,139770294435840,0,0,1159.34,2062.97
16,139794088722432,55055,1,44492.2,50961.8
16,139769105350656,0,0,1159.34,1435.6
16,139767301799936,9009,0,0,0
16,139769342328832,2002,0,1341.54,2312.56
16,139769864519680,0,0,1159.34,1304.77
16,139768643977216,0,0,1284.45,1712.05
16,139769357008896,2002,0,1159.34,1711.85
16,139769451380736,1001,0,1159.34,292.26
16,139769763856384,0,0,1159.34,309.193
16,139771212988416,0,0,1341.54,2397.19
16,139794136956928,108108,1,99503.5,103289
16,139767752687616,6006,0,2610.5,5648.27
16,139767488446464,15015,0,0,0
16,139769373786112,1001,0,1159.34,1592.78
16,139770564968448,1001,0,1159.34,810.565
16,139767601692672,20020,0,0,0
16,139768660754432,0,0,1102.25,1486.51
16,139769472352256,1001,0,1159.34,710.241
16,139770653048832,2002,0,1159.34,767.519
16,139772022489088,1001,0,1736.43,4408.32
16,139771322040320,1001,0,1660.25,3136.25
16,139771772928000,0,0,1159.34,1428.17
16,139768264392704,1001,0,1284.45,2557.2
16,139772183969792,5005,0,1736.43,4062.01
16,139767578624000,6006,0,0,0
16,139771382857728,1001,0,1159.34,787.679
16,139770158120960,1001,0,1159.34,818.556
16,139772192358400,2002,0,1341.54,2895.63
16,139770950844416,1001,0,1159.34,1766.36
16,139771489812480,2002,0,1159.34,2235.41
16,139771913437184,4004,0,1341.54,3183.37
16,139772307701760,1001,1,1736.43,4135.56
16,139771905048576,4004,0,1660.25,2735.58
16,139767723327488,2002,0,2102.23,4107.84
16,139772129443840,2002,1,1736.43,4594.89
16,139771915534336,1001,0,1159.34,1872.41
16,139769627541504,2002,0,1159.34,1448.86
16,139769476546560,2002,0,1159.34,1603.39
16,139771858911232,2002,0,1341.54,3064.87
16,139771192016896,0,0,1159.34,1291.89
16,139769774342144,0,0,1159.34,827.049
16,139769765953536,2002,0,1159.34,1775.53
16,139772133638144,7007,1,1736.43,3602.06
16,139768014831616,0,0,1792.72,5648.27
16,139769755467776,1001,0,1159.34,1990.85
16,139771118616576,0,0,1159.34,1301.41
16,139768826429440,1001,0,1284.45,1566
16,139771512881152,0,0,1159.34,822.405
16,139769457672192,1001,0,1159.34,908.079
16,139771615641600,1001,0,1159.34,1751.89
16,139770686603264,0,0,1159.34,1624.62
16,139768939675648,0,0,1102.25,1185.79
16,139770711769088,0,0,1159.34,1867.41
16,139767473766400,12012,0,0,0
16,139770000834560,0,0,1159.34,1085.18
16,139772397879296,13013,1,1736.43,7782.99
16,139794113888256,10010,1,15677.5,19437.3
16,139772018294784,1001,0,1341.54,2338.36
16,139768526536704,2002,0,1284.45,2004.3
16,139769187139584,1001,0,1341.54,2065.43
16,139769214402560,1001,0,1159.34,1203.76
16,139770692894720,0,0,1159.34,402.451
16,139770548191232,2002,0,1159.34,417.961
16,139768260198400,0,0,1792.72,5540.08
16,139771630321664,1001,0,1159.34,414.496
16,139772441919488,6006,1,1736.43,4614.95
16,139794071945216,4.11531e+07,1,4.20337e+07,3.77334e+07
16,139768914509824,0,0,1284.45,2684.32
16,139770283950080,2002,0,1159.34,358.523
16,139771072479232,1001,0,1159.34,394.389
16,139768679628800,0,0,1284.45,1862.41
16,139768700600320,0,0,1603.16,2127.69
16,139767440211968,14014,0,0,0
16,139769461866496,0,0,1341.54,1744.22
16,139770655145984,0,0,1159.34,1777.6
16,139772416753664,4004,1,1736.43,8882.13
16,139767622664192,9009,0,0,0
16,139794122276864,9009,1,14827.5,16439.5
16,139771479326720,0,0,1159.34,1301.56
16,139771789705216,1001,0,1736.43,4320.9
16,139771638710272,2002,0,1159.34,1405.61
16,139772041363456,4004,0,1159.34,2115.71
16,139771363983360,0,0,1159.34,2460.29
16,139772425142272,4004,1,1736.43,7425.64
16,139769445089280,0,0,1159.34,856.64
16,139768019025920,0,0,1792.72,8215.67
16,139770413973504,0,0,1159.34,309.567
16,139771517075456,3003,0,1159.34,1578.46
16,139769459769344,0,0,1159.34,675.885
16,139771095547904,0,0,1159.34,2012.21
16,139768778194944,1001,0,1102.25,1659.52
16,139770007126016,0,0,1159.34,1360.2
16,139772427239424,8008,1,1736.43,7822.89
16,139794111791104,20020,1,14827.5,16863.6
16,139768792875008,0,0,1284.45,2655.36
16,139771785510912,0,0,1341.54,2509.03
16,139770304921600,0,0,1159.34,945.521
16,139769768050688,1001,0,1159.34,1665.11
16,139770409779200,1001,0,1159.34,1668.83
16,139770166509568,1001,0,1159.34,1348.97
16,139767756881920,0,0,1920.03,2053.92
16,139769883394048,1001,0,1159.34,263.271
16,139771749859328,3003,0,1660.25,4128.96
16,139772148318208,3003,1,1736.43,3863.59
16,139767727521792,1001,0,2610.5,6161.75
16,139769625444352,0,0,1159.34,1498.82
16,139772146221056,5005,1,1736.43,3423.12
16,139771103936512,1001,0,1159.34,1972.66
16,139770971815936,2002,0,1159.34,1404.83
16,139772429336576,5005,1,1736.43,6525.96
16,139769904365568,1001,0,1159.34,605.944
16,139769984057344,1001,0,1159.34,1969.55
16,139770254589952,2002,0,1159.34,2432.35
16,139771078770688,0,0,1159.34,1437.52
16,139768256004096,0,0,1603.16,3584.16
16,139772295118848,3003,1,1736.43,4905.94
16,139771642904576,0,0,1159.34,2425.71
16,139768964841472,2002,0,1284.45,2472.64
16,139772263661568,6006,1,1736.43,4114.23
16,139770799849472,3003,0,1159.34,344.312
16,139769442992128,0,0,1736.43,2249.77
16,139767459086336,16016,0,0,0
16,139769996640256,0,0,1159.34,1402.35
16,139769719816192,0,0,1159.34,967.518
16,139771099742208,0,0,1159.34,736.386
16,139772431433728,3003,1,1736.43,4703.56
16,139770684506112,0,0,1159.34,953.93
16,139770535608320,0,0,1159.34,442.485
16,139769059213312,2002,0,1159.34,996.221
16,139769898074112,1001,0,1159.34,800.088
16,139767582818304,10010,0,0,0
16,139769069699072,1001,0,1341.54,1479.5
16,139769336037376,1001,0,1159.34,1319.22
16,139769600278528,0,0,1159.34,501.718
16,139768807555072,1001,0,1102.25,1234
16,139767605886976,17017,0,0,0
16,139772322381824,7007,1,1660.25,3340.41
16,139769489129472,0,0,1159.34,344.239
16,139768023220224,2002,0,1792.72,6161.75
16,139769050824704,1001,0,1159.34,1145.5
16,139772456599552,7007,1,1736.43,4270.44
16,139770005028864,1001,0,1159.34,1008.06
16,139794090819584,25025,1,27657.7,31567.8
16,139768553799680,3003,0,1603.16,2928.79
16,139771244445696,1001,0,1341.54,2726.03
16,139769203916800,1001,0,1159.34,1107
16,139769080184832,1001,0,1159.34,1219.06
16,139768656560128,1001,0,1102.25,1127.7
16,139768639782912,0,0,1102.25,1451.07
16,139768522342400,1001,0,1603.16,2486.5
16,139771923922944,3003,0,1159.34,1791.78
16,139769593987072,2002,0,1159.34,979.765
16,139770934067200,0,0,1159.34,232.135
16,139771053604864,0,0,1159.34,1052.64
16,139772320284672,5005,1,1736.43,3754.26
16,139770969718784,1001,0,1159.34,886.552
16,139769711427584,2002,0,1736.43,1778.67
16,139768924995584,0,0,1284.45,1955.93
16,139772414656512,5005,1,1736.43,8127.29
16,139770441236480,0,0,1159.34,1349.16
16,139794109693952,23023,1,27657.7,30902.2
16,139769889685504,0,0,1159.34,523.296
16,139769363300352,2002,0,1159.34,1062.75
16,139770388807680,2002,0,1159.34,1808.03
16,139769761759232,0,0,1159.34,823.152
16,139770520928256,1001,0,1159.34,1460.57
16,139768251809792,0,0,1792.72,4982.7
16,139772024586240,1001,0,1341.54,2804.96
16,139771456258048,1001,0,1341.54,2990.15
16,139769040338944,2002,0,1736.43,5609.35
16,139770801946624,0,0,1159.34,838.924
16,139768950161408,0,0,1102.25,2059.69
16,139771326234624,0,0,1159.34,276.924
16,139770701283328,1001,0,1159.34,533.36
16,139772047654912,2002,0,1660.25,3244.64
16,139794082430976,39039,1,38185.9,42819
16,139770835501056,0,0,1159.34,1682.99
16,139771082964992,2002,0,1159.34,1001.32
16,139769346523136,0,0,1159.34,2047.27
16,139770252492800,0,0,1159.34,2036.21
16,139770445430784,2002,0,1159.34,922.182
16,139769090670592,1001,0,1159.34,1770.13
16,139767731716096,0,0,2610.5,11810
16,139769178750976,1001,0,1159.34,436.15
16,139768696406016,0,0,1102.25,1234
16,139771202502656,2002,0,1159.34,1607.9
16,139767305994240,8008,0,0,0
16,139767492640768,8008,0,0,0
16,139770829209600,0,0,1159.34,2350.36
16,139772408365056,13013,1,1736.43,6977.19
16,139770420264960,3003,0,1159.34,997.913
16,139770145538048,1001,0,1159.34,204.335
16,139771611447296,1001,0,1159.34,2444.34
16,139768027414528,2002,0,1284.45,4107.84
16,139772326576128,13013,1,1736.43,4990.27
16,139770931970048,0,0,1159.34,1466.57
16,139772272050176,4004,1,1736.43,6985.57
16,139794132762624,15015,0,10738.5,10049.6
16,139770030194688,2002,0,1159.34,1852.16
16,139768675434496,0,0,1102.25,1782.91
16,139767761076224,7007,0,2610.5,7702.19
16,139769585598464,0,0,1159.34,1509.85
16,139768822235136,0,0,1102.25,1087.95
16,139771210891264,2002,0,1159.34,1654
16,139771061993472,0,0,1159.34,1418.57
16,139772435628032,7007,1,1736.43,8367.54
16,139769629638656,1001,0,1159.34,715.686
16,139771743567872,2002,0,1159.34,1341.97
16,139772037169152,3003,0,1341.54,2927.07
16,139772173484032,1001,0,1660.25,3391.13
16,139769503809536,0,0,1341.54,2386.12
16,139769231179776,1001,0,1660.25,3347.62
16,139794118082560,9009,0,10738.5,9614.08
16,139769875005440,1001,0,1159.34,880.781
16,139767626858496,12012,0,0,0
16,139767477960704,6006,0,0,0
16,139770812432384,1001,0,1159.34,1266.21
16,139768247615488,0,0,1792.72,3628.06
16,139772016197632,0,0,1660.25,3270.06
16,139768549605376,1001,0,1284.45,2446.75
16,139771762442240,2002,0,1341.54,3393.03
16,139770581745664,0,0,1159.34,2642.29
16,139771068284928,0,0,1159.34,797.521
16,139767444406272,15015,0,0,0
16,139770160218112,1001,0,1159.34,684.018
16,139772446113792,8008,1,1736.43,7016.63
16,139771871494144,2002,0,1159.34,1090.45
16,139769497518080,0,0,1159.34,1431.45
16,139769101156352,0,0,1159.34,817.276
16,139772186066944,0,1,1341.54,2285.3
16,139794099208192,28028,1,19790.9,22457.2
16,139770982301696,0,0,1159.34,1346.47
16,139771200405504,0,0,1159.34,1650.19
16,139771865202688,1001,0,1341.54,2977.23
16,139769598181376,0,0,1159.34,1539.98
16,139772420947968,9009,1,1736.43,6882.64
16,139767587012608,7007,0,0,0
16,139768140660736,1001,0,1603.16,3212.57
16,139768136466432,4004,0,1603.16,3070.68
16,139768144855040,1001,0,1284.45,2699.09
16,139768132272128,1001,0,1603.16,3114.58
16,139769193431040,1001,0,1159.34,1516.71
16,139768518148096,2002,0,1603.16,2375.89
16,139768149049344,0,0,1102.25,2141.72
16,139768031608832,1001,0,1284.45,4107.84
16,139769495420928,0,0,1159.34,1985.94
16,139772165095424,5005,1,1736.43,4659.92
16,139768128077824,2002,0,1603.16,3070.68
16,139771884077056,3003,0,1159.34,1378.05
16,139770032291840,0,0,1159.34,1443.89
16,139793937727488,0,1,9111.05,0
16,139770258784256,1001,0,1159.34,779.707
16,139768153243648,1001,0,1284.45,2840.99
16,139770543996928,1001,0,1159.34,248.673
16,139769610764288,0,0,1159.34,828.127
16,139768123883520,1001,0,1792.72,3813.85
16,139768935481344,0,0,1603.16,2068.7
16,139771366080512,0,0,1159.34,630.581
16,139767610081280,9009,0,0,0
16,139767735910400,2002,0,2610.5,5648.27
16,139769623347200,0,0,1159.34,1905.91
16,139768157437952,0,0,1284.45,2655.2
16,139770416070656,1001,0,1159.34,1578.16
16,139771475132416,1001,0,1159.34,2446.05
16,139768119689216,2002,0,1284.45,2185.61
16,139772402073600,11011,1,1736.43,10630.4
16,139772286730240,5005,1,1736.43,5660.03
16,139769220694016,0,0,1660.25,3381.25
16,139772032974848,2002,0,1341.54,2103.81
16,139768161632256,1001,0,1792.72,4141.54
16,139768788680704,1001,0,1284.45,1310.8
16,139768243421184,1001,0,1284.45,2699.09
16,139768774000640,1001,0,1102.25,1222.84
16,139771187822592,1001,0,1159.34,1945.11
16,139767463280640,10010,0,0,0
16,139769742884864,0,0,1159.34,582.548
16,139768115494912,3003,0,1792.72,7583.8
16,139772313993216,1001,1,1341.54,2384.97
16,139768652365824,1001,0,1102.25,1451.07
16,139771875688448,1001,0,1341.54,3084.94
16,139769747079168,0,0,1660.25,2688.91
16,139770713866240,0,0,1159.34,761.283
16,139768165826560,1001,0,1792.72,5496.18
16,139769772244992,0,0,1159.34,1364.81
16,139772030877696,1001,0,1660.25,3640.18
16,139772276244480,3003,1,1736.43,7080.67
16,139794078236672,102102,1,92999.3,97873.9
16,139768910315520,1001,0,1284.45,1771.21
16,139767563943936,53053,0,2610.5,11810
16,139768692211712,0,0,1102.25,1309.18
16,139768111300608,1001,0,1792.72,3955.74
16,139768836915200,0,0,1603.16,1977.33
16,139768545411072,0,0,1603.16,2415.47
16,139771624030208,2002,0,1159.34,1461.78
16,139768803360768,2002,0,1284.45,2114.91
16,139767700258816,1001,0,2610.5,6161.75
16,139767968694272,1001,0,1792.72,7188.71
16,139772053946368,4004,0,1660.25,3458.95
16,139771645001728,2002,0,1159.34,2025.72
16,139769724010496,1001,0,1159.34,821.32
16,139771116519424,0,0,1159.34,2771.21
16,139770539802624,1001,0,1159.34,608.235
16,139768960647168,0,0,1102.25,372.666
16,139772406267904,8008,1,1736.43,8135.45
16,139771108130816,1001,0,1159.34,1642.91
16,139768107106304,1001,0,1792.72,4938.8
16,139794120179712,20020,0,13836.6,16675.3
16,139770290241536,0,0,1159.34,2373.73
16,139771600961536,1001,0,1341.54,2356.57
16,139772175581184,3003,1,1736.43,3957.25
16,139772137832448,4004,0,1660.25,2850.44
16,139771886174208,2002,0,1736.43,4454.89
16,139771751956480,2002,0,1159.34,696.799
16,139771995226112,0,1,1736.43,3954.87
16,139771921825792,4004,0,1159.34,1436.69
16,139768671240192,0,0,1102.25,1636.87
16,139769369591808,1001,0,1159.34,1440.8
16,139767972888576,2002,0,1792.72,7702.19
16,139770002931712,0,0,1159.34,854.193
16,139769352814592,0,0,1159.34,857.718
16,139771353497600,1001,0,1159.34,2415.78
16,139772028780544,1001,0,1660.25,3097.72
16,139771502395392,4004,0,1159.34,1265.8
16,139771248640000,1001,0,1159.34,1058.27
16,139772288827392,1001,1,1736.43,4076.22
16,139771361886208,1001,0,1159.34,537.248
16,139770554482688,0,0,1159.34,620.64
16,139769579307008,0,0,1159.34,1405.82
16,139768239226880,0,0,1603.16,3256.47
16,139768102912000,0,0,1603.16,2972.68
16,139772299313152,5005,1,1341.54,1928.59
16,139794134859776,12012,0,11787.8,12099
16,139772181872640,3003,0,1660.25,3446.77
16,139767740104704,3003,0,2610.5,7188.71
16,139771215085568,1001,0,1159.34,832.49
16,139771101839360,0,0,1159.34,1280.17
16,139768513953792,0,0,1284.45,2110.6
16,139770575454208,0,0,1159.34,1290.38
16,139767832379392,0,0,1920.03,0
16,139769210208256,0,0,1159.34,1926.23
16,139771252834304,1001,0,1159.34,1669.12
16,139770170703872,1001,0,1159.34,2032.19
16,139770919387136,0,0,1341.54,2491.6
16,139772305604608,7007,1,1736.43,4379.37
16,139767591206912,9009,0,0,0
16,139771206696960,2002,0,1159.34,1334.85
16,139767429726208,85085,0,0,0
16,139771347206144,0,0,1159.34,840.666
16,139769730301952,2002,0,1159.34,1368.9
16,139770126663680,1001,0,1159.34,2280.26
16,139768300044288,1001,0,1792.72,4982.7
16,139771487715328,1001,0,1159.34,1154.99
16,139768818040832,2002,0,1284.45,1964.55
16,139794126471168,11011,0,10738.5,9237.99
16,139771777122304,1001,0,1159.34,1821.32
16,139770929872896,0,0,1159.34,1347.58
16,139770715963392,0,0,1159.34,1756.09
16,139767295508480,18018,0,0,0
16,139767704453120,1001,0,2610.5,5648.27
16,139771730984960,2002,0,1341.54,2468.43
16,139772412559360,6006,1,1736.43,9290.92
16,139771760345088,1001,0,1159.34,1928.41
16,139772026683392,4004,0,1341.54,2532.43
16,139769606569984,1001,0,1159.34,1385.58
16,139767979180032,1001,0,1603.16,4621.31
16,139770128760832,0,0,1159.34,858.425
16,139767448600576,7007,0,0,0
16,139771900854272,0,0,1159.34,1945.16
16,139768920801280,0,0,1603.16,2068.16
16,139770678214656,1001,0,1159.34,1539.03
16,139768945967104,2002,0,1102.25,735.785
16,139771093450752,0,0,1159.34,792.882
16,139771189919744,0,0,1159.34,930.487
16,139769868713984,0,0,1159.34,1321.03
16,139769065504768,0,0,1159.34,1329.14
16,139769728204800,0,0,1159.34,831.353
16,139771242348544,0,0,1159.34,813.214
16,139768541216768,2002,0,1603.16,2561.68
16,139768295849984,0,0,1792.72,5452.28
16,139794105499648,23023,1,19790.9,22684.6
16,139767614275584,11011,0,0,0
16,139767482155008,14014,0,0,0
16,139770015514624,1001,0,1159.34,1629.69
16,139772404170752,20020,1,2063.1,13220.3
16,139771999420416,4004,0,1736.43,4114.86
16,139769075990528,1001,0,1660.25,2431.28
16,139772127346688,4004,1,1736.43,5909.02
16,139767568138240,1001,0,2610.5,6675.23
16,139768235032576,2002,0,5159.11,15005.3
16,139771607252992,2002,0,1159.34,1674.47
16,139767983374336,1001,0,1792.72,6161.75
16,139770850181120,1001,0,1159.34,914.692
16,139769310871552,0,0,1159.34,1832.7
16,139769327648768,1001,0,1159.34,1818.85
16,139770697089024,0,0,1159.34,1047.8
16,139769046630400,0,0,1159.34,1509.16
16,139771504492544,1001,0,1341.54,2603.52
16,139769736593408,0,0,1341.54,3067.1
16,139771735179264,3003,0,1159.34,1708.09
16,139769862422528,0,0,1159.34,840.013
16,139772058140672,3003,0,1159.34,885.49
16,139768688017408,0,0,1284.45,2438.28
16,139768291655680,0,0,1792.72,4796.91
16,139769319260160,0,0,1159.34,659.886
16,139771387052032,1001,0,1159.34,389.433
16,139772311896064,6006,1,1736.43,5152.48
16,139771770830848,2002,0,1660.25,4262.37
16,139770307018752,1001,0,1159.34,1480.25
16,139769086476288,0,0,1159.34,1257.73
16,139771764539392,1001,0,1159.34,1866.77
16,139771896659968,2002,0,1159.34,2378.37
16,139770791460864,0,0,1159.34,1669.28
16,139770120372224,0,0,1159.34,1570.48
16,139770948747264,0,0,1159.34,1736.78
16,139768648171520,0,0,1792.72,3375.88
16,139767744299008,1001,0,1920.03,2053.92
16,139772437725184,6006,1,1736.43,5269.89
16,139767987568640,2002,0,1792.72,7188.71
16,139770262978560,2002,0,1159.34,1047.24
16,139767708647424,2002,0,2610.5,6161.75
16,139770546094080,0,0,1159.34,415.384
16,139771372371968,1001,0,1159.34,2093.12
16,139771756150784,3003,0,1159.34,1021.93
16,139769501712384,1001,0,1159.34,1328.57
16,139772418850816,5005,1,1736.43,6910.28
16,139769849839616,0,0,1159.34,2490.53
16,139769199722496,0,0,1159.34,1042.43
16,139769237471232,0,0,1159.34,1658.98
16,139767467474944,5005,0,0,0
16,139770401390592,1001,0,1159.34,1180.35
16,139768287461376,1001,0,1792.72,4469.22
16,139770797752320,1001,0,1159.34,738.508
16,139771598864384,2002,0,1159.34,2264.98
16,139769721913344,1001,0,1159.34,1136.43
16,139768509759488,2002,0,1792.72,2897.83
16,139768832720896,0,0,1284.45,1601.43
16,139771225571328,0,0,1159.34,1592.99
16,139771632418816,0,0,1159.34,1885.3
16,139769986154496,1001,0,1159.34,738.62
16,139768667045888,1001,0,1792.72,3588.64
16,139772439822336,5005,1,1736.43,7111.53
16,139771231862784,2002,0,1159.34,539.881
16,139772049752064,3003,0,1341.54,3207.35
16,139771747762176,1001,0,1159.34,690.25
16,139768784486400,2002,0,1102.25,1697.65
16,139772171386880,2002,1,1736.43,4275.89
16,139770973913088,1001,0,1159.34,2345.7
16,139772056043520,3003,0,1341.54,1845.33
16,139767991762944,3003,0,1792.72,7702.19
16,139794101305344,24024,1,19790.9,22007
16,139770936164352,0,0,1159.34,2235.34
16,139768566382592,0,0,1284.45,2884.89
16,139770940358656,2002,0,1159.34,1328.74
16,139769096962048,2002,0,1159.34,444.612
16,139771651293184,0,0,1341.54,2970.72
16,139770135052288,1001,0,1159.34,705.018
16,139770980204544,0,0,1159.34,331.124
16,139771779219456,2002,0,1159.34,2595.26
16,139768971132928,0,0,1284.45,1882.37
16,139772014100480,1001,1,1660.25,3129.97
16,139771649196032,3003,0,1159.34,1506.41
16,139768537022464,0,0,1284.45,2580.18
16,139772265758720,6006,1,1736.43,5900.87
16,139767595401216,11011,0,0,0
16,139768931287040,1001,0,1102.25,1509.16
16,139772135735296,1001,1,1736.43,5100.66
16,139771737276416,3003,0,1159.34,1494.18
16,139769612861440,0,0,1159.34,842.049
16,139768799166464,1001,0,1102.25,712.053
16,139771733082112,3003,0,1159.34,1251.53
16,139768283267072,1001,0,1284.45,2699.09
16,139769589792768,0,0,1159.34,1374.96
16,139772177678336,4004,1,1660.25,3194.52
16,139769359106048,0,0,1159.34,650.535
16,139771621933056,1001,0,1159.34,1303.24
16,139771510784000,2002,0,1159.34,1099.54
16,139771892465664,5005,0,1660.25,3541.38
16,139771481423872,2002,0,1159.34,1558.8
16,139771997323264,4004,1,1736.43,5484.81
16,139771613544448,1001,0,1159.34,2187.91
16,139769226985472,1001,0,1159.34,2135.95
16,139771879882752,1001,0,1341.54,2910.38
16,139769174556672,1001,0,1736.43,1994.21
16,139767995957248,0,0,1792.72,7702.19
16,139767712841728,1001,0,2610.5,9756.11
16,139772152512512,2002,1,1341.54,2250.56
16,139769591889920,1001,0,1159.34,700.292
16,139772009906176,4004,0,1159.34,3029.53
16,139767433920512,7007,0,0,0
16,139770393001984,0,0,1159.34,1108.43
16,139767572332544,5005,0,2420.95,4621.31
16,139769715621888,0,0,1159.34,258.967
16,139771766636544,0,0,1341.54,1887.15
16,139771911340032,2002,0,1159.34,1169.15
16,139771787608064,4004,0,1159.34,1671.7
16,139771919728640,2002,0,1159.34,1820.67
16,139770143440896,1001,0,1159.34,1226.14
16,139772139929600,3003,1,1736.43,3283.74
16,139771500298240,1001,0,1159.34,1377.58
16,139770179092480,1001,0,1159.34,1982.35
16,139768956452864,0,0,1284.45,1555.22
16,139771059896320,0,0,1159.34,1498.73
16,139771483521024,0,0,1159.34,832.657
16,139768279072768,3003,0,1284.45,2513.3
16,139772190261248,10010,1,1736.43,4932.62
16,139794103402496,37037,1,27657.7,28710.6
16,139771345108992,0,0,1159.34,1560.41
16,139771477229568,3003,0,1159.34,2442.92
16,139767618469888,12012,0,0,0
16,139771521269760,2002,0,1159.34,2773.71
16,139771514978304,1001,0,1159.34,2456.17
16,139770963427328,0,0,1159.34,332.657
16,139768906121216,1001,0,1792.72,3776.12
16,139768813846528,0,0,1284.45,2079.48
16,139771227668480,0,0,1159.34,870.103
16,139767452794880,12012,0,0,0
16,139768562188288,0,0,1603.16,3070.68
16,139771468840960,0,0,1159.34,809.231
16,139768683823104,0,0,1284.45,1499.29
16,139768000151552,1001,0,1792.72,9756.11
16,139769333940224,0,0,1159.34,1064.21
16,139772290924544,7007,1,1736.43,4686.97
16,139771334623232,0,0,1159.34,1356.1
16,139771603058688,3003,0,1159.34,1816.12
16,139771357691904,1001,0,1159.34,1088.05
16,139771519172608,1001,0,1159.34,1509.53
16,139772278341632,5005,1,1736.43,5736.37
16,139771741470720,1001,0,1159.34,1532.43
16,139769988251648,0,0,1159.34,180.94
16,139772142026752,4004,1,1736.43,4105.37
16,139769189236736,0,0,1159.34,1501.24
16,139767299702784,7007,0,0,0
16,139772154609664,2002,1,1736.43,5376.17
16,139771246542848,2002,0,1159.34,1448.36
16,139768274878464,0,0,1792.72,3530.06
16,139768505565184,1001,0,1284.45,2402.85
16,139769216499712,0,0,1159.34,432.191
16,139768532828160,1001,0,1792.72,3699.25
16,139770313310208,1001,0,1159.34,243.576
16,139767486349312,15015,0,0,0
16,139767717036032,0,0,2610.5,7702.19
16,139772433530880,10010,1,1736.43,9403.55
16,139772301410304,2002,1,1736.43,4407.6
16,139772007809024,0,1,1736.43,5238.3
16,139772005711872,2002,0,1660.25,4028.74
16,139771594670080,1001,0,1341.54,2413.84
16,139794092916736,25025,1,25027.4,26000.2
16,139768004345856,0,0,1792.72,8215.67
16,139771196211200,1001,0,1159.34,674.664
16,139769308774400,0,0,1736.43,2681.42
16,139769604472832,1001,0,1159.34,526.867
16,139771064090624,0,0,1159.34,2876.2
16,139770923581440,0,0,1159.34,175.192
16,139769877102592,0,0,1159.34,401.73
16,139771221377024,1001,0,1159.34,1557.2
16,139770925678592,4004,0,1159.34,1357.4
16,139770837598208,0,0,1159.34,1497.93
16,139770659340288,0,0,1159.34,1066.51
16,139768941772800,1001,0,1102.25,1510.78
16,139768662851584,0,0,1284.45,1566
16,139771909242880,4004,0,1159.34,1680.69
16,139769872908288,2002,0,1159.34,1321.03
16,139769845645312,0,1,1736.43,2596.93
16,139772131540992,3003,1,1736.43,5658.19
16,139767599595520,11011,0,0,0
16,139768270684160,0,0,1603.16,3070.68
16,139771634515968,4004,0,1341.54,2839.73
16,139770267172864,0,0,1159.34,1753.28
16,139771328331776,1001,0,1159.34,1499.37
16,139771881979904,2002,0,1159.34,1938.5
16,139768916606976,0,0,1603.16,2330.75
16,139768369250304,0,0,1102.25,0
16,139771626127360,1001,0,1159.34,889.299
16,139771330428928,2002,0,1159.34,493.73
16,139771236057088,1001,0,1159.34,1968.92
16,139770952941568,2002,0,1159.34,199.992
16,139767750590464,4004,0,2102.23,4107.84
16,139769617055744,0,0,1159.34,1724.84
16,139768828526592,1001,0,1102.25,712.053
16,139767576526848,13013,0,0,0
16,139767471669248,14014,0,0,0
16,139771114422272,1001,0,1159.34,1402.94
16,139771355594752,0,0,1159.34,738.452
16,139768008540160,0,0,1792.72,7702.19
16,139770804043776,0,0,1159.34,465.707
16,139770814529536,1001,0,1159.34,779.977
16,139769893879808,3003,0,1159.34,634.857
16,139770665631744,0,0,1159.34,1158.08
16,139772167192576,5005,1,1736.43,3496.3
16,139770558676992,2002,0,1159.34,800.554
16,139770707574784,2002,0,1159.34,929.869
16,139770688700416,1001,0,1159.34,2097.44
16,139771324137472,1001,0,1159.34,357.156
16,139772179775488,4004,1,1660.25,2935.78
16,139771464646656,2002,0,1159.34,1180.72
16,139771070382080,0,0,1159.34,447.208
16,139769449283584,0,0,1159.34,324.811
16,139770793558016,1001,0,1159.34,1710.27
16,139771907145728,2002,0,1159.34,1443.34
16,139771460452352,0,0,1159.34,1262.22
16,139769487032320,0,0,1159.34,1560.58
16,139770822918144,3003,0,1159.34,444.762
16,139767721230336,0,0,2610.5,10269.6
16,139768266489856,0,0,1603.16,2601.1
16,139769061310464,1001,0,1159.34,2023.18
16,139769206013952,0,0,1159.34,482.552
16,139768780292096,2002,0,1102.25,1222.84
16,139769365397504,0,0,1159.34,810.239
16,139767438114816,11011,0,0,0
16,139769071796224,1001,0,1159.34,703.969
16,139770657243136,0,0,1159.34,2097.68
16,139772450308096,3003,1,1736.43,6359.3
16,139771085062144,2002,0,1159.34,1366.04
16,139769052921856,0,0,1341.54,2610.76
16,139769484935168,0,0,1159.34,1649.79
16,139768528633856,1001,0,1603.16,1906.31
16,139768794972160,0,0,1284.45,1313.49
16,139768681725952,0,0,1792.72,3628.39
16,139767620567040,17017,0,0,0
16,139769348620288,1001,0,1159.34,1565.26
16,139771340914688,0,0,1159.34,1559.33
16,139768012734464,0,0,1792.72,6675.23
16,139770785169408,2002,0,1159.34,1108.38
16,139768702697472,0,0,1102.25,1340.46
16,139769753370624,0,0,1159.34,1504.87
16,139768966938624,0,0,1102.25,1546.75
16,139769466060800,2002,0,1159.34,366.362
16,139770831306752,3003,0,1159.34,716.354
16,139769082281984,0,0,1159.34,1367.27
16,139771076673536,1001,0,1159.34,2418.12
16,139770810335232,1001,0,1159.34,944.236
16,139771332526080,1001,0,1159.34,965.839
16,139769180848128,0,0,1159.34,712.936
16,139768557993984,0,0,1102.25,1857.93
16,139770525122560,2002,0,1159.34,1334.31
16,139770149732352,0,0,1159.34,940.994
16,139769042436096,0,0,1159.34,1292.63
16,139770669826048,0,0,1159.34,2071.36
16,139769734496256,0,0,1159.34,1503.27
16,139771343011840,1001,0,1159.34,780.739
16,139768262295552,1001,0,1603.16,3584.16
16,139771494006784,3003,0,1159.34,228.805
16,139767456989184,10010,0,0,0
16,139771596767232,3003,0,1159.34,1714.92
16,139769642221568,0,0,1159.34,1860.86
16,139769992445952,0,0,1159.34,330.211
16,139768927092736,1001,0,1102.25,1144.96
16,139772316090368,3003,1,1736.43,5374.98
16,139768809652224,0,0,1102.25,1451.07
16,139770550288384,0,0,1159.34,818.713
16,139771473035264,0,0,1159.34,1563.23
16,139772045557760,3003,1,1159.34,1755.36
16,139771470938112,2002,0,1159.34,2278.33
16,139767754784768,2002,0,1920.03,2053.92
16,139771055702016,0,0,1159.34,1381.71
16,139770430750720,2002,0,1159.34,2659.72
16,139772458696704,6006,1,1736.43,4542.93
16,139770942455808,0,0,1159.34,1067.48
16,139771066187776,0,0,1159.34,737.244
16,139769879199744,1001,0,1159.34,1278.33
16,139769092767744,1001,0,1159.34,1843.16
16,139771204599808,1001,0,1159.34,1392.91
16,139770976010240,1001,0,1159.34,538.167
16,139768016928768,2002,0,1792.72,5648.27
16,139771655487488,0,0,1159.34,2361.61
16,139772280438784,6006,1,1736.43,5254.7
16,139767725424640,0,0,2420.95,4621.31
16,139772454502400,3003,1,1660.25,3096.69
16,139769608667136,0,0,1159.34,850.653
16,139771993128960,4004,1,1660.25,4021.2
16,139768952258560,1001,0,1284.45,2394.76
16,139770841792512,0,0,1159.34,1768.63
16,139767603789824,9009,0,0,0
16,139767580721152,19019,0,0,0
16,139771240251392,0,0,1159.34,1288.64
16,139769233276928,2002,0,1341.54,1368.89
16,139768641880064,1001,0,1603.16,2628.39
16,139771380760576,0,0,1159.34,1467.37
16,139771647098880,1001,0,1159.34,1713.52
16,139769331843072,0,0,1159.34,552.154
16,139768658657280,1001,0,1603.16,2012.77
16,139770019708928,0,0,1159.34,751.406
16,139770405584896,2002,0,1159.34,2037.41
16,139769317163008,0,0,1159.34,1621.2
16,139770411876352,0,0,1159.34,908.762
16,139769902268416,0,0,1159.34,2066.03
16,139768258101248,0,0,1603.16,3070.68
16,139770397196288,0,0,1159.34,2843.14
16,139767303897088,10010,0,0,0
16,139771890368512,4004,0,1159.34,1498.68
16,139771370274816,0,0,1159.34,1353.09
16,139770023903232,0,0,1159.34,2401.26
16,139771217182720,0,0,1159.34,1334.22
16,139769195528192,1001,0,1159.34,1450.88
16,139771781316608,3003,0,1341.54,2743.57
16,139767490543616,12012,0,0,0
16,139772144123904,6006,1,1341.54,2180.44
16,139768524439552,0,0,1284.45,2327.67
16,139768555896832,0,0,1102.25,928.964
16,139771739373568,3003,0,1159.34,1080.42
16,139772303507456,4004,1,1736.43,4903.74
16,139769455575040,0,0,1159.34,506.644
16,139770271367168,1001,0,1159.34,1374.52
16,139768021123072,0,0,1792.72,6161.75
16,139769103253504,0,0,1341.54,2319.58
16,139771368177664,0,0,1159.34,1953.38
16,139770426556416,2002,0,1159.34,1296.37
16,139770699186176,1001,0,1159.34,1630.01
16,139771080867840,0,0,1159.34,1828.6
16,139771233959936,1001,0,1159.34,293.75
16,139768824332288,0,0,1284.45,1685.08
16,139770965524480,1001,0,1159.34,1340.36
16,139771867299840,1001,0,1341.54,2749.63
16,139768698503168,0,0,1792.72,4244.01
16,139769854033920,1001,0,1159.34,1283.96
16,139769222791168,0,0,1159.34,817.278
16,139771374469120,0,0,1159.34,990.548
16,139770541899776,0,0,1159.34,1101.85
16,139770017611776,2002,0,1159.34,1507.49
16,139767475863552,11011,0,0,0
16,139768677531648,1001,0,1102.25,1415.64
16,139769329745920,0,0,1159.34,303.415
16,139770650951680,0,1,1159.34,1609.9
16,139770382516224,1001,0,1159.34,1086.37
16,139769478643712,0,0,1159.34,781.468
16,139768253906944,0,0,1792.72,5725.87
16,139770680311808,0,0,1159.34,927.022
16,139769732399104,0,0,1341.54,2514.82
16,139767729618944,1001,0,2420.95,4621.31
16,139769577209856,1001,0,1736.43,2078.56
16,139770118275072,1001,0,1159.34,235.74
16,139770516733952,0,0,1159.34,2050.97
16,139770434945024,0,0,1159.34,2447.32
16,139767624761344,11011,0,0,0
16,139772169289728,2002,1,1660.25,3731.21
16,139767442309120,11011,0,0,0
16,139767758979072,0,0,2420.95,5134.79
16,139772001517568,5005,1,1736.43,4966.32
16,139768937578496,0,0,1102.25,519.792
16,139771250737152,1001,0,1159.34,1349.74
16,139772156706816,6006,1,1660.25,2996.63
16,139769621250048,1001,0,1159.34,296.018
16,139769581404160,1001,0,1341.54,2487.3
16,139769908559872,0,0,1660.25,3249.6
16,139771238154240,0,0,1159.34,1721.95
16,139769354911744,1001,0,1341.54,2112.91
16,139768025317376,2002,0,1792.72,8215.67
16,139772051849216,3003,1,1660.25,2816.92
16,139769371688960,1001,0,1159.34,1876.4
16,139770153926656,1001,0,1159.34,1468.78
16,139771863105536,0,0,1341.54,2178
16,139770667728896,3003,0,1159.34,1310.98
16,139771378663424,0,0,1159.34,1327.72
16,139771097645056,1001,0,1159.34,1715.68
16,139772020391936,3003,0,1341.54,2107.79
16,139770302824448,1001,0,1159.34,1845.51
16,139770577551360,0,0,1159.34,1464.26
16,139769340231680,1001,0,1341.54,2008.95
16,139768551702528,1001,0,1603.16,2711.88
16,139768912412672,1001,0,1284.45,2030.03
16,139770139246592,0,0,1159.34,312.66
16,139767584915456,10010,0,0,0
16,139768776097792,2002,0,1102.25,2463.09
16,139770168606720,2002,0,1159.34,1009.98
16,139768790777856,2002,0,1284.45,1964.55
16,139772309798912,10010,1,1736.43,5291.11
16,139770443333632,1001,0,1341.54,2490.86
16,139770676117504,1001,0,1159.34,1966.58
16,139768249712640,1001,0,1792.72,4185.44
16,139770428653568,0,0,1159.34,1317.18
16,139771194114048,0,0,1159.34,463.76
16,139767607984128,3003,0,0,0
16,139768520245248,0,0,1603.16,2739.01
16,139770418167808,0,0,1159.34,275.486
16,139770961330176,1001,0,1159.34,550.212
16,139770279755776,0,0,1159.34,1568.01
16,139767461183488,14014,0,0,0
16,139770955038720,1001,0,1159.34,1509.69
16,139771091353600,1001,0,1159.34,549.685
16,139769212305408,0,0,1159.34,755.565
16,139772188164096,3003,0,1660.25,3403.08
16,139770705477632,0,0,1159.34,2238.8
16,139771609350144,1001,0,1159.34,2014.73
16,139770447527936,0,0,1159.34,381.811
16,139769508003840,1001,0,1159.34,1462.92
16,139769185042432,1001,0,1341.54,2511.84
16,139771640807424,1001,0,1159.34,2353.94
16,139769453477888,1001,0,1159.34,1467.96
16,139768962744320,0,0,1102.25,1583.8
16,139770661437440,1001,0,1159.34,447.906
16,139770573357056,2002,0,1159.34,936.261
16,139768654462976,0,0,1102.25,1375.89
16,139770827112448,1001,0,1159.34,249.917
16,139770432847872,1001,0,1159.34,357.698
16,139768805457920,0,0,1284.45,1929.12
16,139768029511680,1001,0,1792.72,5648.27
16,139767733813248,2002,0,1920.03,3080.88
16,139768637685760,0,0,2841.74,9337.76
16,139770533511168,2002,0,1159.34,1763.38
16,139770569162752,0,0,1159.34,844.919
16,139769635930112,0,0,1159.34,751.194
16,139770124566528,0,0,1159.34,768.087
16,139770806140928,0,0,1159.34,304.441
16,139771110227968,0,0,1159.34,1273.73
16,139769583501312,1001,0,1159.34,404.007
16,139769726107648,0,0,1159.34,357.951
16,139770816626688,0,0,1159.34,1075.73
16,139769981960192,0,0,1159.34,817.924
16,139770682408960,0,0,1159.34,227.686
16,139770040680448,2002,0,1159.34,1624.03
16,139771724693504,4004,0,1341.54,3001.65
16,139770250395648,2002,0,1159.34,995.879
16,139770795655168,1001,0,1159.34,935.604
16,139768694308864,1001,0,1102.25,676.621
16,139768138563584,1001,0,1792.72,3158.48
16,139768142757888,1001,0,1792.72,3999.64
16,139770028097536,2002,0,1159.34,1002.4
16,139768134369280,0,0,1102.25,2469.4
16,139770556579840,0,0,1159.34,1427.31
16,139770978107392,0,0,1159.34,925.174
16,139768146952192,1001,0,1102.25,1814.03
16,139770518831104,0,0,1159.34,2501.37
16,139767763173376,0,0,2102.23,4107.84
16,139768130174976,0,0,1603.16,3070.68
16,139768245518336,2002,0,1792.72,3671.96
16,139769493323776,0,0,1159.34,505.566
16,139768151146496,2002,0,1792.72,3628.06
16,139771198308352,0,0,1159.34,418.869
16,139771628224512,0,0,1159.34,1142.4
16,139768125980672,0,0,1792.72,3300.37
16,139770384613376,0,0,1159.34,463.791
16,139769067601920,0,0,1159.34,222.306
16,139769057116160,0,0,1660.25,3236.47
16,139770137149440,0,0,1159.34,731.037
16,139768155340800,1001,0,1284.45,2415.31
16,139768673337344,0,0,1102.25,937.594
16,139768547508224,0,0,1102.25,1960.24
16,139769321357312,1001,0,1159.34,1155.74
16,139769713524736,1001,0,1159.34,2397.67
16,139768121786368,0,0,1603.16,3911.85
16,139770269270016,3003,0,1159.34,955.847
16,139770690797568,1001,0,1159.34,2147.05
16,139771208794112,0,0,1159.34,1772.24
16,139768922898432,2002,0,1284.45,1954.85
16,139771223474176,3003,0,1341.54,3057.41
16,139770820820992,1001,0,1159.34,1127.74
16,139768159535104,3003,0,1792.72,4938.8
16,139770709671936,0,0,1159.34,2012.27
16,139769078087680,0,0,1159.34,1583.8
16,139769048727552,1001,0,1341.54,1114.76
16,139769614958592,1001,0,1341.54,2277.92
16,139768948064256,0,0,1284.45,2358.25
16,139768117592064,0,0,1603.16,3867.95
16,139767494737920,8008,0,0,0
16,139767698161664,2002,0,15145.8,44159.2
16,139772460793856,6006,1,1736.43,8888.22
16,139770151829504,1001,0,1159.34,2001.84
16,139770114080768,0,0,1159.34,1472.48
16,139767308091392,4004,0,0,0
16,139771491909632,0,0,1159.34,1099.75
16,139768820137984,0,0,1102.25,1853.94
16,139768163729408,1001,0,1792.72,4796.91
16,139769866616832,0,0,1159.34,1408.32
16,139770560774144,1001,0,1159.34,2235.58
16,139772529999872,0,1,1159.34,0
16,139772423045120,9009,1,1736.43,4834.4
16,139767628955648,11011,0,0,0
16,139770122469376,0,0,1159.34,1354.81
16,139771783413760,1001,0,1159.34,1160.95
16,139768113397760,0,0,1603.16,3540.26
16,139771636613120,2002,0,1341.54,3112.77
16,139769201819648,0,0,1159.34,991.532
16,139770013417472,1001,0,1159.34,1835
16,139769858228224,0,0,1159.34,1285.9
16,139768516050944,0,0,1284.45,2363.1
16,139771592572928,1001,0,1159.34,933.979
16,139767589109760,10010,0,0,0
16,139767966597120,2002,0,11065.5,41078.4
16,139767446503424,19019,0,0,0
16,139770288144384,1001,0,1159.34,577.858
16,139771112325120,1001,0,1159.34,943.312
16,139772444016640,9009,1,1736.43,6114.59
16,139769088573440,1001,0,1159.34,846.938
16,139767738007552,0,0,2420.95,5134.79
16,139770311213056,0,0,1341.54,2864.57
16,139767480057856,9009,0,0,0
16,139769239568384,0,0,1159.34,1292.63
16,139770694991872,1001,0,1159.34,1401.86
16,139771728887808,3003,0,1341.54,2645.7
16,139768241324032,1001,0,1102.25,1857.93
16,139768109203456,1001,0,1792.72,4327.33
16,139769910657024,0,0,1159.34,2398.02
16,139770248298496,0,1,1159.34,1124.42
16,139769891782656,1001,0,1159.34,1690.46
16,139769994543104,1001,0,1159.34,718.237
16,139769505906688,1001,0,1159.34,1491.16
16,139771508686848,1001,0,1159.34,1080.03
16,139767970791424,0,0,1792.72,6161.75
16,139770021806080,0,0,1159.34,1068.93
16,139769361203200,0,0,1341.54,2519.74
16,139772039266304,1001,0,1660.25,3128.8
16,139770523025408,0,0,1159.34,223.822
16,139767612178432,22022,0,0,0
16,139770562871296,1001,0,1159.34,308.37
16,139768105009152,2002,0,1792.72,4141.54
16,139769447186432,0,0,1159.34,928.591
16,139771754053632,1001,0,1660.25,3613.65
16,139771498201088,1001,0,1159.34,2341.59
16,139770141343744,0,0,1159.34,742.953
16,139770967621632,1001,0,1159.34,504.151
16,139767702355968,1001,0,2420.95,5134.79
16,139767974985728,0,0,1792.72,7702.19
16,139770034388992,1001,0,1159.34,1204.02
16,139769176653824,0,0,1159.34,2070.47
16,139770527219712,0,0,1159.34,1131.02
16,139772293021696,3003,1,1736.43,5382.3
16,139772158803968,4004,1,1660.25,3262.94
16,139770927775744,1001,0,1159.34,1422.71
16,139770156023808,0,0,1159.34,1346.15
16,139768543313920,2002,0,1603.16,2123.38
16,139770044874752,1001,0,1159.34,2417.51
16,139770818723840,1001,0,1159.34,1164.78
16,139767566041088,0,0,2102.23,4107.84
16,139769099059200,1001,0,1159.34,556.843
16,139768100814848,0,0,2119.39,12360.3
16,139771619835904,0,0,1159.34,2100.18
16,139770787266560,0,0,1159.34,1174.86
16,139769229082624,1001,0,1159.34,1255.04
16,139770946650112,1001,0,1159.34,2015.33
16,139770147635200,0,0,1159.34,408.986
16,139768690114560,0,0,1603.16,2198.56
16,139768650268672,0,0,1102.25,1375.89
16,139770162315264,1001,0,1159.34,959.725
16,139769619152896,0,0,1159.34,639.831
16,139767977082880,1001,0,1284.45,3594.36
16,139769860325376,0,0,1159.34,2126.66
16,139767465377792,13013,0,0,0
16,139769998737408,0,0,1159.34,1845.08
16,139768933384192,2002,0,1102.25,1294.24
16,139768786583552,0,0,1284.45,1594.43
16,139768237129728,1001,0,1284.45,2415.31
16,139772318187520,6006,1,1736.43,8183.6
16,139770843889664,0,0,1159.34,909.992
16,139770164412416,0,0,1159.34,756.366
16,139768297947136,0,0,1792.72,4185.44
16,139768771903488,0,0,1792.72,4496.25
16,139768834818048,1001,0,1792.72,3079.47
16,139772297216000,7007,1,1736.43,3279.31
16,139769463963648,0,0,1341.54,2873.51
16,139769482838016,1001,0,1159.34,292.26
16,139772284633088,8008,1,1736.43,5918.34
16,139770403487744,0,0,1159.34,169.208
16,139769596084224,0,0,1159.34,1342.28
16,139767742201856,0,0,2420.95,5134.79
16,139767981277184,0,0,1603.16,5134.79
16,139771376566272,1001,0,1159.34,1165.1
16,139770176995328,3003,0,1159.34,1433.92
16,139769900171264,1001,0,1341.54,1875.73
16,139768669143040,0,0,1603.16,2451.07
16,139768801263616,0,0,1102.25,1309.18
16,139769990348800,0,0,1159.34,924.608
16,139770011320320,0,0,1159.34,420.902
16,139770009223168,0,0,1159.34,2500.27
16,139770265075712,0,0,1159.34,283.658
16,139769587695616,1001,0,1159.34,1360.43
16,139769191333888,1001,0,1159.34,367.44
16,139768511856640,0,0,1284.45,2411.32
16,139772282535936,5005,1,1736.43,8336.8
16,139767706550272,3003,0,2610.5,7702.19
16,139768293752832,1001,0,1102.25,1999.82
16,139769776439296,0,0,1159.34,2400.84
16,139770529316864,1001,0,1159.34,1897.19
16,139770281852928,2002,0,1159.34,279.36
16,139770256687104,1001,0,1159.34,1639.47
16,139771605155840,1001,0,1341.54,2768.49
16,139771219279872,0,0,1159.34,1562.26
16,139770286047232,0,0,1159.34,2552.34
16,139771617738752,0,0,1159.34,1513.64
16,139769638027264,1001,0,1159.34,1978.95
16,139768908218368,0,0,1102.25,741.558
16,139768958550016,1001,0,1102.25,1583.8
16,139767593304064,7007,0,0,0
16,139767985471488,4004,0,1792.72,7188.71
16,139769218596864,0,0,1341.54,1897.64
16,139770273464320,0,0,1159.34,909.379
16,139772274147328,6006,1,1736.43,5034.59
16,139770944552960,0,0,1159.34,824.539
16,139769474449408,1001,0,1159.34,1574.61
16,139769895976960,0,0,1341.54,2863.42
16,139772261564416,2002,1,1736.43,7221.39
16,139769885491200,0,0,1159.34,1608.83
16,139771873591296,2002,0,1341.54,2387.43
16,139767431823360,8008,0,0,0
16,139768539119616,1001,0,1102.25,1336.15
16,139768289558528,1001,0,1792.72,3628.06
16,139768568479744,0,0,1603.16,2742.99
16,139769602375680,2002,0,1159.34,142.36
16,139769851936768,0,0,1159.34,745.771
16,139770437042176,1001,0,1159.34,769.586
16,139769847742464,0,0,1159.34,303.814
16,139770579648512,1001,0,1159.34,722.199
16,139769480740864,0,0,1159.34,1816.16
16,139769491226624,1001,0,1159.34,1635.41
16,139771745665024,2002,0,1159.34,2237.02
16,139769640124416,1001,0,1159.34,1848.76
16,139772410462208,6006,1,1736.43,6759.51
16,139770552385536,0,0,1159.34,325.507
16,139770036486144,0,0,1159.34,1354.41
16,139768815943680,0,0,1603.16,3066.69
16,139767989665792,1001,0,1792.72,6161.75
16,139771074576384,1001,0,1159.34,1590.93
16,139769856131072,0,0,1159.34,962.018
16,139767570235392,1001,0,2610.5,6675.23
16,139770671923200,0,0,1159.34,2193.53
16,139770038583296,0,0,1159.34,1383.19
16,139770674020352,0,0,1159.34,1624.41
16,139767450697728,10010,0,0,0
16,139772269953024,6006,1,1736.43,5821.85
16,139767616372736,8008,0,0,0
16,139767297605632,10010,0,0,0
16,139769759662080,1001,0,1159.34,1520.67
16,139770395099136,2002,0,1159.34,773.514
16,139768285364224,0,0,1792.72,3955.74
16,139770984398848,1001,0,1159.34,490.245
16,139767710744576,2002,0,2610.5,7188.71
16,139770132955136,2002,0,1341.54,2842.39
16,139771758247936,3003,0,1159.34,1688.58
16,139769470255104,0,0,1341.54,2399.43
16,139767746396160,1001,0,2610.5,6675.23
16,139768685920256,1001,0,1603.16,2601.43
16,139771089256448,1001,0,1159.34,1474.3
16,139767484252160,10010,0,0,0
16,139770845986816,2002,0,1159.34,1473.99
16,139767993860096,2002,0,1792.72,7702.19
16,139770277658624,0,0,1159.34,1921.71
16,139771106033664,1001,0,1159.34,925.42
16,139768943869952,1001,0,1603.16,2431.28
16,139772399976448,8008,1,1736.43,8805.51
16,139769367494656,0,0,1159.34,2097.63
16,139770172801024,2002,0,1159.34,1524.99
16,139770808238080,1001,0,1159.34,1490.46
16,139770026000384,1001,0,1159.34,1247.97
16,139768918704128,2002,0,1284.45,1918.88
16,139770567065600,1001,0,1159.34,1709.61
16,139769325551616,1001,0,1159.34,1968.13
16,139769350717440,0,0,1159.34,390.641
16,139772150415360,3003,0,1660.25,2957.77
16,139770571259904,1001,0,1159.34,798.302
16,139769208111104,0,0,1159.34,1943.85
16,139768281169920,0,0,1792.72,4141.54
16,139768564285440,1001,0,1603.16,2742.99
16,139768646074368,0,0,1603.16,1870.87
16,139769979863040,0,0,1660.25,2428.83
16,139768507662336,0,0,1603.16,2526.25
16,139771336720384,0,0,1159.34,1329.73
16,139769770147840,1001,0,1159.34,1795.3
16,139770407682048,0,0,1159.34,718.703
16,139770300727296,2002,0,1159.34,523.154
16,139771869396992,0,1,1736.43,4672.74
16,139772035072000,4004,0,1159.34,2410.06
16,139771496103936,3003,0,1341.54,2088.22
16,139769063407616,0,0,1159.34,849.095
16,139767998054400,2002,0,1792.72,6675.23
16,139768534925312,1001,0,1284.45,2221.21
16,139770042777600,1001,0,1159.34,893.371
16,139769182945280,2002,0,1159.34,1987.02
16,139769468157952,0,0,1159.34,857.718
16,139769055019008,3003,0,1660.25,2216.9
16,139769073893376,1001,0,1341.54,1628.24
16,139768664948736,1001,0,1102.25,1889.37
16,139772448210944,4004,1,1736.43,6158.75
16,139770174898176,0,0,1341.54,2871.83
16,139770921484288,1001,0,1159.34,803.06
16,139770390904832,2002,0,1159.34,1323.14
16,139767469572096,6006,0,0,0
16,139771458355200,1001,0,1159.34,1701.88
16,139771768733696,2002,0,1159.34,917.104
16,139768830623744,0,0,1284.45,2075.17
16,139772324478976,6006,1,1736.43,4172.12
16,139770839695360,0,0,1159.34,691.366
16,139767714938880,1001,0,2610.5,7188.71
16,139769749176320,1001,0,1159.34,809.9
16,139767597498368,14014,0,0,0
16,139768276975616,2002,0,1284.45,2655.2
16,139770130857984,0,0,1159.34,467.303
16,139770424459264,2002,0,1159.34,1407.86
16,139770275561472,1001,0,1159.34,251.643
16,139771775025152,0,0,1159.34,1561.55
16,139770298630144,0,0,1159.34,1858.94
16,139769870811136,1001,0,1159.34,524.244
16,139770531414016,1001,0,1159.34,267.544
16,139769044533248,3003,0,1159.34,707.203
16,139771894562816,4004,0,1660.25,2852.16
16,139771384954880,0,0,1159.34,1512.83
16,139769084379136,2002,0,1341.54,2357.18
16,139770116177920,0,0,1159.34,1147.36
16,139770703380480,2002,0,1159.34,1962.2
16,139770789363712,1001,0,1159.34,1063.48
16,139768782389248,0,0,1102.25,1877.13
16,139771338817536,0,0,1159.34,1119.61
16,139772267855872,8008,1,1736.43,4912.65
16,139768002248704,0,0,1792.72,9242.63
16,139769338134528,0,0,1159.34,1696.2
16,139767574429696,12012,0,0,0
16,139771351400448,3003,0,1159.34,2574.6
16,139770309115904,2002,0,1159.34,332.61
16,139772043460608,3003,0,1159.34,1668.38
16,139771653390336,1001,0,1159.34,1955.53
16,139770663534592,0,0,1159.34,2060.99
16,139772003614720,4004,1,1736.43,4551.01
16,139770422362112,1001,0,1159.34,1007.52
16,139769717719040,1001,0,1159.34,1712.86
16,139767748493312,1001,0,1920.03,3080.88
16,139770959233024,0,0,1159.34,170.828
16,139769499615232,3003,0,1159.34,1173.37
16,139770825015296,0,0,1159.34,1693.1
16,139769751273472,0,0,1159.34,739.757
16,139768797069312,1001,0,1792.72,2716.35
16,139771087159296,2002,0,1159.34,788.837
16,139794124374016,16016,0,11190.9,11753.7
16,139768969035776,1001,0,1102.25,1444.6
16,139769744982016,1001,0,1159.34,1518.12
16,139769633832960,1001,0,1159.34,1423.11
16,139794115985408,19019,1,11787.8,13525
16,139770938261504,2002,0,1159.34,983.095
16,139794107596800,22022,1,17938.5,18822.7
16,139767436017664,10010,0,0,0
16,139771590475776,0,1,1159.34,1382.73
16,139768272781312,2002,0,1284.45,2699.09
16,139794084528128,41041,1,44492.2,52976.4
16,139769906462720,1001,0,1159.34,2377.44
16,139769757564928,0,0,1159.34,1787.5
16,139770399293440,3003,0,1159.34,406.751
16,139794095013888,26026,1,22487.5,25199.5
16,139769235374080,0,0,1159.34,922.119
16,139770260881408,0,0,1159.34,831.686
16,139771229765632,2002,0,1159.34,2054.31
16,139768929189888,1001,0,1603.16,2797.09
16,139794097111040,30030,1,19790.9,19698.2
16,139772160901120,3003,1,1660.25,2601.83
16,139769094864896,1001,0,1159.34,853.248
16,139769738690560,0,0,1159.34,498.012
16,139771888271360,4004,0,1341.54,3359.19
16,139794080333824,93093,1,53468.9,69858
16,139771902951424,0,0,1159.34,801.049
16,139769197625344,1001,0,1159.34,2033.42
16,139769631735808,0,0,1159.34,411.605
16,139771506589696,0,0,1660.25,3698.05
16,139794076139520,112112,1,86837.7,87271.8
16,139768006443008,0,0,1792.72,6161.75
16,139771861008384,1001,0,1341.54,2562.18
16,139769312968704,0,0,1159.34,1491.16
16,139769323454464,1001,0,1159.34,1282.17
16,139770296532992,0,0,1159.34,889.209
16,139794130665472,8008,0,12510.2,15587.6
16,139767719133184,2002,0,2610.5,6675.23
16,139769881296896,0,0,1159.34,1594.1
16,139771466743808,5005,0,1159.34,1158.13
16,139769315065856,0,0,1159.34,1421.56
16,139768530731008,0,0,1792.72,3039.73
16,139794074042368,160160,1,118319,128818
16,139767454892032,11011,0,0,0
16,139768503468032,0,0,5159.11,12566.9
16,139771462549504,1001,0,1159.34,2075.29
16,139771057799168,1001,0,1159.34,2182.15
16,139768811749376,1001,0,1284.45,1463.85
16,139771877785600,4004,0,1341.54,2169.14
16,139769740787712,0,0,1341.54,2829.18
16,139772395782144,5005,1,1736.43,13393.5
16,139769344425984,1001,0,1341.54,2555.17
16,139768954355712,2002,0,1102.25,1547.29
16,139794086625280,38038,1,31404.1,33987.2
16,139768268587008,1001,0,1102.25,1442.44
16,139770439139328,3003,0,1159.34,2033.88
16,139769887588352,1001,0,1341.54,2583.81
16,139772452405248,7007,1,1736.43,5214.65
16,139771485618176,0,0,1159.34,2220.15
16,139772012003328,2002,0,1660.25,3594.79
16,139771349303296,0,0,1159.34,845.382
16,139771359789056,0,0,1159.34,232.89
16,139770833403904,1001,0,1159.34,1936.86
16,139770848083968,1001,0,1159.34,717.64
16,139770292338688,0,0,1159.34,1899.59
16,139794128568320,15015,0,11190.9,12159.7
16,139770386710528,0,0,1159.34,1924.59
16,139769224888320,0,0,1159.34,921.04
17,139771898757120,1001,0,1736.43,3624.09
17,139771726790656,2002,0,1159.34,1623.57
17,139770537705472,1001,0,1095.14,1052.05
17,139768560091136,2002,0,1284.45,1649.65
17,139768010637312,0,0,1792.72,4469.22
17,139770957135872,0,0,1095.14,708.945
17,139771917631488,2002,0,1341.54,2797.81
17,139772162998272,0,1,1341.54,2156.58
17,139770294435840,0,0,1095.14,873.009
17,139794088722432,45045,1,44492.2,51079.7
17,139769105350656,3003,0,761.019,617.444
17,139767301799936,1001,0,2420.95,4621.31
17,139769342328832,0,0,943.218,2048.94
17,139769864519680,0,0,761.019,600.01
17,139768643977216,0,0,1102.25,743.714
17,139769357008896,0,0,761.019,1777.34
17,139767211622400,13013,0,0,0
17,139769451380736,1001,0,761.019,729.746
17,139769763856384,0,0,761.019,209.79
17,139771212988416,0,0,1159.34,1093.63
17,139794136956928,141141,1,99503.5,101689
17,139767752687616,0,0,2610.5,5124.6
17,139767488446464,4004,0,2610.5,7702.19
17,139769373786112,0,0,761.019,1293.79
17,139770564968448,1001,0,1095.14,924.487
17,139767601692672,1001,0,2610.5,10269.6
17,139768660754432,1001,0,1102.25,632.561
17,139769472352256,0,0,761.019,808.477
17,139770653048832,1001,0,1095.14,1397.28
17,139772022489088,4004,0,1660.25,2491.75
17,139771322040320,0,0,1341.54,2204.56
17,139771772928000,2002,0,1159.34,730.854
17,139768264392704,0,0,1102.25,1526.25
17,139772183969792,2002,1,1736.43,4443.9
17,139767578624000,0,0,1920.03,3080.88
17,139767316480000,15015,0,0,0
17,139771382857728,2002,0,1159.34,970.859
17,139770158120960,0,0,1095.14,957.338
17,139772192358400,1001,0,1341.54,2432.56
17,139770950844416,0,0,1095.14,1304.88
17,139767201136640,12012,0,0,0
17,139771489812480,1001,0,1159.34,2063.38
17,139771913437184,2002,0,1660.25,3415.38
17,139772307701760,8008,1,1660.25,2543.41
17,139771905048576,2002,0,1660.25,3294.61
17,139767723327488,0,0,2102.23,2513.3
17,139772129443840,2002,1,1736.43,3167.65
17,139771915534336,0,0,1159.34,1485.9
17,139767037558784,9009,0,0,0
17,139769627541504,0,0,761.019,1714.91
17,139769476546560,1001,0,761.019,1744.59
17,139771858911232,4004,0,1341.54,2675.03
17,139771192016896,1001,0,1159.34,597.646
17,139769774342144,0,0,761.019,429.369
17,139769765953536,0,0,761.019,1747.73
17,139772133638144,5005,1,1736.43,5454.48
17,139768014831616,2002,0,1284.45,2043.72
17,139769755467776,1001,0,761.019,1354.5
17,139771118616576,0,0,1095.14,613.243
17,139768826429440,0,0,1102.25,1217.99
17,139771512881152,1001,0,1159.34,370.458
17,139769457672192,2002,0,761.019,932.415
17,139771615641600,2002,0,1159.34,1404.38
17,139770686603264,0,0,1095.14,680.87
17,139767356325888,10010,0,0,0
17,139768939675648,0,0,1102.25,556.654
17,139770711769088,1001,0,1095.14,803.387
17,139767473766400,2002,0,2610.5,6161.75
17,139770000834560,0,0,761.019,558.907
17,139772397879296,11011,1,1736.43,10309.2
17,139794113888256,13013,1,14827.5,14073.4
17,139772018294784,4004,0,1159.34,1652
17,139768526536704,2002,0,1284.45,1880.21
17,139769187139584,0,0,761.019,1428.88
17,139769214402560,0,0,761.019,1127.7
17,139770692894720,1001,0,1095.14,309.08
17,139767190650880,14014,0,0,0
17,139770548191232,0,0,1095.14,1306.47
17,139768260198400,1001,0,1603.16,2131.85
17,139771630321664,6006,0,1159.34,851.965
17,139772441919488,5005,1,1736.43,5350.54
17,139794071945216,4.18398e+07,1,4.20337e+07,3.81465e+07
17,139768914509824,2002,0,1102.25,1096.76
17,139770283950080,0,0,1095.14,1326.25
17,139771072479232,1001,0,1095.14,793.214
17,139767331160064,17017,0,0,0
17,139768679628800,1001,0,1102.25,817.816
17,139768700600320,0,0,1102.25,964.942
17,139767440211968,2002,0,2610.5,7188.71
17,139769461866496,0,0,761.019,845.066
17,139770655145984,0,0,1095.14,807.903
17,139772416753664,7007,1,1736.43,6382.47
17,139767622664192,0,0,2420.95,4621.31
17,139794122276864,17017,1,11787.8,12170.9
17,139771479326720,0,0,1159.34,612.715
17,139771789705216,3003,0,1341.54,2379.29
17,139771638710272,3003,0,1159.34,1748.96
17,139772041363456,1001,0,1341.54,3091.86
17,139771363983360,0,0,1159.34,1070.64
17,139772425142272,12012,1,1736.43,5524.03
17,139769445089280,1001,0,761.019,430.909
17,139768019025920,0,0,1603.16,2972.68
17,139770413973504,0,0,1095.14,275.127
17,139771517075456,1001,0,1159.34,2258.48
17,139769459769344,2002,0,761.019,308.653
17,139771095547904,1001,0,1095.14,904.915
17,139768778194944,1001,0,1102.25,1219.95
17,139770007126016,0,0,761.019,626.071
17,139772427239424,5005,1,1736.43,7728.58
17,139794111791104,14014,1,15677.5,18431.3
17,139768792875008,2002,0,1102.25,1039.58
17,139771785510912,2002,0,1159.34,1158.04
17,139770304921600,0,0,1095.14,517.059
17,139769768050688,1001,0,761.019,1237.62
17,139770409779200,1001,0,1095.14,1243.4
17,139770166509568,1001,0,1095.14,1186.4
17,139767756881920,2002,0,1920.03,743.171
17,139769883394048,0,0,761.019,734.486
17,139771749859328,1001,0,1660.25,3294.85
17,139772148318208,1001,1,1736.43,3459.03
17,139767727521792,0,0,2420.95,2742.99
17,139769625444352,0,0,761.019,657.425
17,139772146221056,5005,1,1736.43,4213.12
17,139771103936512,0,0,1095.14,1394.13
17,139770971815936,1001,0,1095.14,1730.33
17,139772429336576,8008,1,1736.43,5441
17,139769904365568,2002,0,761.019,889.67
17,139769984057344,0,0,761.019,1350.52
17,139770254589952,0,0,1095.14,2083.74
17,139771078770688,0,0,1095.14,696.668
17,139768256004096,2002,0,1102.25,1384.36
17,139767180165120,12012,0,0,0
17,139772295118848,9009,1,1736.43,3925.27
17,139771642904576,0,0,1159.34,1120.67
17,139768964841472,0,0,1284.45,2076.78
17,139772263661568,5005,1,1736.43,5205.71
17,139770799849472,0,0,1095.14,1816.71
17,139769442992128,0,0,1261.93,1474.64
17,139767459086336,6006,0,2610.5,8215.67
17,139769996640256,1001,0,761.019,580.846
17,139769719816192,0,0,761.019,460.095
17,139771099742208,1001,0,1095.14,386.502
17,139772431433728,4004,1,1736.43,4029.68
17,139770684506112,0,0,1095.14,438.496
17,139770535608320,2002,0,1095.14,320.449
17,139769059213312,1001,0,761.019,1505.01
17,139769898074112,0,0,761.019,1042.39
17,139767582818304,0,0,2420.95,5134.79
17,139769069699072,0,0,761.019,1242.97
17,139769336037376,0,0,761.019,1101.33
17,139769600278528,1001,0,761.019,340.388
17,139768807555072,0,0,1102.25,1072.48
17,139767605886976,0,0,2610.5,8729.15
17,139772322381824,6006,1,1736.43,5328.17
17,139769489129472,1001,0,761.019,235.766
17,139768023220224,0,0,1603.16,3256.47
17,139769050824704,0,0,761.019,1074.98
17,139772456599552,6006,1,1736.43,5652.71
17,139770005028864,0,0,761.019,1001.08
17,139794090819584,32032,1,27657.7,27033.1
17,139768553799680,1001,0,1603.16,2703.57
17,139771244445696,0,0,1159.34,1693.65
17,139769203916800,2002,0,761.019,1119.3
17,139769080184832,0,0,761.019,1089.91
17,139768656560128,0,0,1102.25,1069.24
17,139768639782912,1001,0,1102.25,631.483
17,139768522342400,1001,0,1284.45,1555.22
17,139771923922944,2002,0,1159.34,2433.49
17,139769593987072,1001,0,761.019,1552.06
17,139770934067200,0,0,1095.14,203.665
17,139771053604864,1001,0,1095.14,909.099
17,139767345840128,6006,0,0,0
17,139772320284672,4004,1,1736.43,4366.27
17,139770969718784,1001,0,1095.14,990.734
17,139769711427584,1001,0,1261.93,2427.55
17,139768924995584,0,0,1102.25,892.08
17,139772414656512,8008,1,1736.43,6340.44
17,139770441236480,0,0,1095.14,622.076
17,139794109693952,30030,1,25027.4,25527
17,139769889685504,0,0,761.019,273.866
17,139769363300352,2002,0,761.019,1578.98
17,139770388807680,0,0,1095.14,1786.69
17,139769761759232,1001,0,761.019,441.902
17,139770520928256,0,0,1095.14,1181.79
17,139768251809792,1001,0,1603.16,1906.31
17,139772024586240,3003,0,1159.34,1806.8
17,139771456258048,0,0,1159.34,2196.72
17,139769040338944,0,0,1402.31,3789.51
17,139770801946624,1001,0,1095.14,411.093
17,139768950161408,1001,0,1102.25,841.365
17,139771326234624,2002,0,1159.34,238.27
17,139770701283328,0,0,1095.14,807.41
17,139772047654912,1001,0,1341.54,2493.16
17,139794082430976,39039,1,34839.2,39695.5
17,139770835501056,0,0,1095.14,745.831
17,139771082964992,0,0,1095.14,1548.61
17,139769346523136,0,0,761.019,850.773
17,139770252492800,0,0,1095.14,902.582
17,139770445430784,0,0,1095.14,1479.55
17,139769090670592,0,0,761.019,1258.08
17,139767731716096,1001,0,2610.5,4273.23
17,139767169679360,8008,0,0,0
17,139769178750976,2002,0,761.019,763.571
17,139768696406016,0,0,1102.25,558.999
17,139771202502656,1001,0,1159.34,1832.43
17,139767305994240,3003,0,2102.23,4107.84
17,139767492640768,2002,0,2102.23,4107.84
17,139770829209600,0,0,1095.14,1056.85
17,139772408365056,5005,1,1736.43,9794.37
17,139770420264960,0,0,1095.14,2071.76
17,139770145538048,0,0,1095.14,660.509
17,139771611447296,1001,0,1159.34,1637.94
17,139768027414528,1001,0,1284.45,2513.3
17,139772326576128,5005,1,1736.43,9056.79
17,139770931970048,1001,0,1095.14,651.276
17,139772272050176,4004,1,1736.43,5119.5
17,139794132762624,6006,0,10738.5,12585.1
17,139770030194688,1001,0,761.019,1835.83
17,139768675434496,0,0,1102.25,745.87
17,139767761076224,0,0,2610.5,6381.25
17,139769585598464,0,0,761.019,666.257
17,139768822235136,0,0,1102.25,519.792
17,139771210891264,0,0,1159.34,1766.6
17,139771061993472,1001,0,1095.14,678.63
17,139772435628032,3003,1,1736.43,7337.93
17,139769629638656,0,0,761.019,924.715
17,139771743567872,1001,0,1159.34,1744.82
17,139772037169152,4004,0,1341.54,2887.34
17,139772173484032,2002,0,1341.54,2091.96
17,139769503809536,0,0,761.019,1036.91
17,139769231179776,1001,0,943.218,1838.66
17,139794118082560,18018,0,10738.5,9453.04
17,139769875005440,0,0,761.019,977.699
17,139767320674304,13013,0,0,0
17,139767626858496,0,0,2610.5,6161.75
17,139767477960704,0,0,1920.03,3080.88
17,139770812432384,2002,0,1095.14,1089.93
17,139768247615488,0,0,1284.45,1424.11
17,139772016197632,2002,0,1159.34,1495.58
17,139768549605376,0,0,1102.25,1519.24
17,139771762442240,2002,0,1341.54,2472.5
17,139770581745664,0,0,1095.14,1133.8
17,139771068284928,0,0,1095.14,411.086
17,139767444406272,0,0,2610.5,7702.19
17,139770160218112,1001,0,1095.14,846.313
17,139772446113792,4004,1,1736.43,7271.63
17,139771871494144,2002,0,1159.34,1535.47
17,139769497518080,0,0,761.019,648.104
17,139769101156352,1001,0,761.019,419.419
17,139772186066944,3003,1,1159.34,1210.48
17,139794099208192,37037,1,19790.9,24859.5
17,139770982301696,4004,0,1095.14,633.962
17,139771200405504,1001,0,1159.34,796.479
17,139771865202688,1001,0,1159.34,1860.57
17,139769598181376,0,0,761.019,717.609
17,139772420947968,11011,1,1736.43,7953.53
17,139767587012608,2002,0,2102.23,3594.36
17,139768140660736,0,0,1284.45,1747.48
17,139768136466432,0,0,1603.16,3252.48
17,139768144855040,0,0,1102.25,1561.69
17,139768132272128,0,0,1284.45,1751.79
17,139769193431040,0,0,761.019,1176.78
17,139768518148096,2002,0,1284.45,2030.57
17,139768149049344,0,0,1102.25,822.666
17,139768031608832,0,0,1102.25,1999.82
17,139769495420928,0,0,761.019,819.371
17,139772165095424,1001,1,1736.43,4652.52
17,139768128077824,1001,0,1284.45,2225.53
17,139771884077056,1001,0,1159.34,2261.62
17,139770032291840,0,0,761.019,761.486
17,139793937727488,0,1,9111.05,0
17,139770258784256,1001,0,1095.14,922.442
17,139768153243648,0,0,1102.25,1597.12
17,139767215816704,10010,0,0,0
17,139767224205312,14014,0,0,0
17,139770543996928,0,0,1095.14,732.872
17,139769610764288,0,0,761.019,420.018
17,139768123883520,2002,0,1603.16,2012.77
17,139768935481344,1001,0,1102.25,983.805
17,139771366080512,2002,0,1159.34,408.715
17,139767610081280,2002,0,2420.95,4621.31
17,139767735910400,0,0,2420.95,3070.68
17,139769623347200,1001,0,761.019,803.2
17,139768157437952,1001,0,1102.25,1008.46
17,139767360520192,15015,0,0,0
17,139770416070656,1001,0,1095.14,1256.33
17,139771475132416,0,0,1159.34,1555.83
17,139768119689216,2002,0,1102.25,1889.37
17,139767205330944,11011,0,0,0
17,139772402073600,11011,1,1736.43,10510.5
17,139772286730240,4004,1,1736.43,5226.89
17,139767031267328,16016,0,0,0
17,139769220694016,1001,0,761.019,1345.29
17,139772032974848,6006,0,1341.54,2144.74
17,139767335354368,17017,0,0,0
17,139768161632256,0,0,1603.16,2123.38
17,139768788680704,1001,0,1102.25,1131.65
17,139768243421184,1001,0,1102.25,1561.69
17,139768774000640,1001,0,1102.25,1093.33
17,139771187822592,0,0,1159.34,1732.46
17,139767463280640,3003,0,2420.95,5134.79
17,139769742884864,1001,0,761.019,380.257
17,139768115494912,0,0,1792.72,4499.27
17,139772313993216,6006,1,1159.34,1802.34
17,139768652365824,0,0,1102.25,1144.96
17,139771875688448,1001,0,1159.34,1869.68
17,139769747079168,2002,0,761.019,1157.15
17,139770713866240,1001,0,1095.14,397.134
17,139768165826560,0,0,1603.16,2605.58
17,139769772244992,0,0,761.019,623.362
17,139772030877696,3003,0,1341.54,2176.98
17,139772276244480,11011,1,1736.43,4826.46
17,139794078236672,107107,1,92999.3,97164.4
17,139768910315520,0,0,1102.25,1321.03
17,139767563943936,0,0,9810.52,31487.6
17,139768692211712,1001,0,1102.25,596.05
17,139768111300608,1001,0,1284.45,2048.2
17,139768836915200,0,0,1102.25,890.84
17,139767194845184,10010,0,0,0
17,139768545411072,0,0,1102.25,1008.46
17,139771624030208,1001,0,1159.34,1735.47
17,139768803360768,1001,0,1284.45,1918.34
17,139767041753088,12012,0,0,0
17,139767700258816,1001,0,2420.95,2742.99
17,139767968694272,1001,0,1603.16,3114.58
17,139772053946368,1001,0,1660.25,3542.55
17,139771645001728,3003,0,1159.34,1918.46
17,139769724010496,0,0,761.019,922.777
17,139771116519424,0,0,1095.14,1112.22
17,139770539802624,0,0,1095.14,875.158
17,139768960647168,1001,0,1102.25,213.307
17,139772406267904,8008,1,1736.43,7950.3
17,139771108130816,0,0,1095.14,1322.4
17,139768107106304,1001,0,1603.16,2380.04
17,139794120179712,9009,0,14827.5,17645
17,139770290241536,0,0,1095.14,1014.19
17,139771600961536,1001,0,1159.34,1577.52
17,139772175581184,4004,1,1736.43,3388.5
17,139772137832448,0,0,1660.25,3454.44
17,139771886174208,1001,0,1660.25,2922.97
17,139771751956480,0,0,1159.34,1547.06
17,139771995226112,2002,1,1341.54,1842.05
17,139771921825792,1001,0,1159.34,2749.44
17,139768671240192,1001,0,1102.25,706.663
17,139769369591808,1001,0,761.019,1173.49
17,139767972888576,1001,0,1792.72,3813.85
17,139770002931712,2002,0,761.019,387.765
17,139769352814592,0,0,761.019,421.559
17,139771353497600,0,0,1159.34,1619
17,139772028780544,1001,0,1341.54,1951.73
17,139771502395392,2002,0,1341.54,2717.18
17,139771248640000,0,0,1159.34,1054.63
17,139772288827392,7007,1,1660.25,2465.29
17,139771361886208,0,0,1159.34,924.573
17,139770554482688,0,0,1095.14,281.223
17,139769579307008,0,0,761.019,608.837
17,139768239226880,1001,0,1102.25,1273.75
17,139768102912000,0,0,1284.45,1202.88
17,139772299313152,5005,1,1660.25,3782.63
17,139794134859776,11011,0,11190.9,11974.5
17,139772181872640,2002,0,1660.25,3057.44
17,139767740104704,0,0,2610.5,4141.54
17,139771215085568,1001,0,1159.34,1006.53
17,139771101839360,2002,0,1095.14,586.843
17,139768513953792,1001,0,1102.25,856.483
17,139770575454208,1001,0,1095.14,573.379
17,139767184359424,10010,0,0,0
17,139767832379392,0,0,1920.03,0
17,139769210208256,0,0,761.019,810.092
17,139771252834304,0,0,1159.34,1246.63
17,139770170703872,0,0,1095.14,1371.63
17,139770919387136,0,0,1095.14,1451.72
17,139772305604608,5005,1,1736.43,5677.33
17,139767591206912,0,0,2420.95,4621.31
17,139771206696960,0,0,1159.34,1671.86
17,139767429726208,1001,0,15145.8,43645.8
17,139771347206144,1001,0,1159.34,446.083
17,139769730301952,0,0,761.019,1717.16
17,139770126663680,0,0,1095.14,1455.35
17,139768300044288,0,0,1603.16,2419.78
17,139771487715328,1001,0,1159.34,1108.48
17,139768818040832,0,0,1102.25,1844.23
17,139794126471168,8008,0,10738.5,10114.5
17,139771777122304,0,0,1159.34,1404.99
17,139770929872896,0,0,1095.14,626.233
17,139770715963392,1001,0,1095.14,781.468
17,139767350034432,12012,0,0,0
17,139767295508480,59059,0,2610.5,9242.63
17,139767704453120,2002,0,2102.23,2557.2
17,139771730984960,2002,0,1159.34,2148.48
17,139772412559360,10010,1,1736.43,7383.2
17,139771760345088,1001,0,1159.34,1464.3
17,139772026683392,2002,0,1660.25,3260.79
17,139769606569984,0,0,761.019,1176.29
17,139767979180032,0,0,1284.45,2185.61
17,139770128760832,1001,0,1095.14,468.844
17,139767310188544,22022,0,0,0
17,139767448600576,1001,0,2102.23,3594.36
17,139771900854272,2002,0,1159.34,1027.08
17,139768920801280,0,0,1102.25,952.332
17,139770678214656,0,0,1095.14,1221.48
17,139768945967104,0,0,1102.25,1351.96
17,139771093450752,0,0,1095.14,555.523
17,139771189919744,1001,0,1159.34,467.968
17,139769868713984,2002,0,761.019,606.694
17,139769065504768,0,0,761.019,655.386
17,139769728204800,1001,0,761.019,444.734
17,139771242348544,0,0,1159.34,421.419
17,139768541216768,0,0,1284.45,2105.75
17,139768295849984,0,0,1603.16,2052.35
17,139794105499648,25025,1,18808.2,22246.5
17,139767614275584,3003,0,2610.5,5648.27
17,139767482155008,1001,0,2610.5,7188.71
17,139770015514624,0,0,761.019,1275.56
17,139772404170752,12012,1,4111.87,16478.4
17,139771999420416,1001,0,1736.43,3857.77
17,139769075990528,1001,0,943.218,1577.5
17,139772127346688,3003,1,1736.43,5039.34
17,139767568138240,1001,0,2420.95,2928.79
17,139768235032576,0,0,1792.72,7076.8
17,139771607252992,2002,0,1159.34,1854.93
17,139767983374336,0,0,1603.16,2742.99
17,139770850181120,0,0,1095.14,936.396
17,139769310871552,2002,0,761.019,773.645
17,139769327648768,1001,0,761.019,1281.47
17,139770697089024,1001,0,1095.14,580.161
17,139769046630400,1001,0,761.019,632.372
17,139771504492544,1001,0,1159.34,1683.11
17,139767173873664,7007,0,0,0
17,139769736593408,2002,0,761.019,1300.81
17,139771735179264,0,0,1341.54,2439.33
17,139769862422528,3003,0,761.019,410.505
17,139767324868608,11011,0,0,0
17,139772058140672,1001,0,1159.34,2103.18
17,139768688017408,0,0,1102.25,967.095
17,139768291655680,1001,0,1284.45,1831.13
17,139769319260160,0,0,761.019,404.353
17,139771387052032,0,0,1159.34,850.022
17,139772311896064,4004,1,1736.43,5517.96
17,139771770830848,1001,0,1341.54,2805.01
17,139770307018752,0,0,1095.14,1240.15
17,139769086476288,0,0,761.019,621.757
17,139771764539392,1001,0,1159.34,1439.82
17,139771896659968,5005,0,1159.34,2183.24
17,139770791460864,1001,0,1095.14,673.398
17,139770120372224,1001,0,1095.14,749.033
17,139770948747264,0,0,1095.14,824.299
17,139768648171520,1001,0,1284.45,1412.79
17,139767744299008,1001,0,1920.03,1256.65
17,139772437725184,10010,1,1736.43,5574.01
17,139767987568640,0,0,1792.72,3628.06
17,139770262978560,1001,0,1095.14,1555.24
17,139767708647424,1001,0,2420.95,3256.47
17,139770546094080,2002,0,1095.14,270.045
17,139771372371968,0,0,1159.34,1497.77
17,139771756150784,1001,0,1159.34,2088.37
17,139769501712384,0,0,761.019,1113.23
17,139772418850816,7007,1,1736.43,5855.85
17,139769849839616,0,0,761.019,1051.8
17,139769199722496,0,0,761.019,506.09
17,139769237471232,3003,0,761.019,747.298
17,139767467474944,1001,0,1920.03,2567.4
17,139770401390592,0,0,1095.14,1063.28
17,139768287461376,0,0,1603.16,2233.99
17,139770797752320,1001,0,1095.14,899.48
17,139771598864384,0,0,1159.34,2007.92
17,139769721913344,0,0,761.019,1058.72
17,139768509759488,1001,0,1603.16,2255.03
17,139768832720896,0,0,1102.25,705.585
17,139771225571328,1001,0,1159.34,744.742
17,139771632418816,1001,0,1159.34,905.334
17,139769986154496,2002,0,761.019,884.247
17,139768667045888,1001,0,1284.45,1963.85
17,139772439822336,10010,1,1736.43,5775.49
17,139771231862784,0,0,1159.34,1430.87
17,139772049752064,4004,0,1341.54,2925.45
17,139771747762176,0,0,1159.34,946.603
17,139768784486400,1001,0,1102.25,1747.28
17,139772171386880,1001,1,1736.43,3092.61
17,139770973913088,1001,0,1095.14,1488.63
17,139772056043520,3003,0,1341.54,2531.64
17,139767991762944,0,0,1792.72,4327.33
17,139794101305344,32032,1,19790.9,22977.4
17,139770936164352,1001,0,1095.14,963.056
17,139768566382592,0,0,1102.25,1123.39
17,139770940358656,0,0,1095.14,1622.65
17,139769096962048,1001,0,761.019,1305.37
17,139771651293184,0,0,1159.34,1274.9
17,139770135052288,1001,0,1095.14,867.608
17,139770980204544,3003,0,1095.14,241.059
17,139771779219456,1001,0,1159.34,2154.54
17,139768971132928,0,0,1102.25,877.152
17,139772014100480,0,1,1341.54,2073.18
17,139771649196032,0,0,1159.34,2301.98
17,139768537022464,3003,0,1102.25,1002.53
17,139772265758720,2002,1,1736.43,5715.33
17,139767595401216,0,0,2610.5,5648.27
17,139768931287040,0,0,1102.25,1145.85
17,139772135735296,3003,1,1660.25,2797.76
17,139771737276416,4004,0,1159.34,2270.64
17,139769612861440,0,0,761.019,444.088
17,139768799166464,1001,0,1102.25,848.017
17,139771733082112,4004,0,1159.34,2237.64
17,139768283267072,0,0,1102.25,1561.69
17,139769589792768,1001,0,761.019,619.927
17,139772177678336,1001,1,1660.25,3566.7
17,139767339548672,9009,0,0,0
17,139769359106048,1001,0,761.019,392.451
17,139771621933056,1001,0,1159.34,1210.8
17,139771510784000,2002,0,1159.34,1675.2
17,139771892465664,2002,0,1736.43,4117.42
17,139767163387904,11011,0,0,0
17,139771481423872,1001,0,1159.34,1775.09
17,139771997323264,3003,1,1736.43,4448.81
17,139771613544448,0,0,1159.34,1539.42
17,139769226985472,1001,0,761.019,1382.55
17,139771879882752,2002,0,1159.34,1859.77
17,139769174556672,1001,0,1402.31,1949.68
17,139767995957248,2002,0,1603.16,2786.89
17,139767712841728,4004,0,2610.5,4043.54
17,139772152512512,4004,1,1159.34,2244.97
17,139769591889920,1001,0,761.019,852.245
17,139772009906176,2002,0,1341.54,3365.95
17,139767433920512,1001,0,2102.23,3594.36
17,139770393001984,1001,0,1095.14,554.066
17,139767572332544,1001,0,2610.5,4239.53
17,139769715621888,3003,0,761.019,205.641
17,139771766636544,2002,0,1159.34,1022.51
17,139771911340032,4004,0,1159.34,1695.72
17,139771787608064,0,0,1341.54,2868.73
17,139771919728640,2002,0,1159.34,1950.59
17,139770143440896,0,0,1095.14,1143.71
17,139772139929600,4004,1,1660.25,3185.29
17,139771500298240,0,0,1159.34,1210.1
17,139767220011008,10010,0,0,0
17,139770179092480,0,0,1095.14,1329.22
17,139768956452864,0,0,1102.25,725.715
17,139771059896320,2002,0,1095.14,693.056
17,139771483521024,3003,0,1159.34,439.577
17,139768279072768,0,0,1284.45,2513.46
17,139772190261248,1001,1,1736.43,7358.12
17,139794103402496,33033,1,27657.7,32341.9
17,139767027073024,23023,0,0,0
17,139771345108992,0,0,1159.34,727.894
17,139771477229568,2002,0,1159.34,2591.45
17,139767209525248,16016,0,0,0
17,139767618469888,0,0,2610.5,6161.75
17,139771521269760,1001,0,1159.34,2228.92
17,139771514978304,1001,0,1159.34,1578.07
17,139770963427328,1001,0,1095.14,257.315
17,139768906121216,0,0,1792.72,2722.24
17,139768813846528,1001,0,1102.25,890.299
17,139771227668480,1001,0,1159.34,479.65
17,139767452794880,1001,0,2610.5,6161.75
17,139768562188288,0,0,1102.25,1198.57
17,139771468840960,0,0,1159.34,471.725
17,139768683823104,0,0,1102.25,706.125
17,139768000151552,0,0,1792.72,4043.54
17,139769333940224,0,0,761.019,518.935
17,139772290924544,5005,1,1736.43,5854.94
17,139771334623232,0,0,1159.34,688.65
17,139771603058688,1001,0,1159.34,2431.22
17,139767035461632,11011,0,0,0
17,139771357691904,0,0,1159.34,1105.95
17,139771519172608,0,0,1159.34,1216.96
17,139772278341632,4004,1,1736.43,5170.2
17,139767199039488,9009,0,0,0
17,139771741470720,3003,0,1159.34,1309.51
17,139769988251648,0,0,761.019,146.128
17,139772142026752,3003,1,1736.43,3911.14
17,139769189236736,1001,0,761.019,635.527
17,139767299702784,3003,0,2102.23,3594.36
17,139772154609664,6006,1,1736.43,3423.06
17,139771246542848,1001,0,1159.34,1713.57
17,139768274878464,0,0,1284.45,1428.42
17,139768505565184,0,0,1102.25,1479.5
17,139769216499712,0,0,761.019,287.817
17,139768532828160,0,0,1603.16,2001.98
17,139770313310208,0,0,1095.14,720.488
17,139767486349312,2002,0,2610.5,7702.19
17,139767717036032,1001,0,2420.95,2786.89
17,139767314382848,14014,0,0,0
17,139772433530880,6006,1,1736.43,9507.64
17,139772301410304,6006,1,1736.43,3103.12
17,139772007809024,5005,1,1660.25,2306.02
17,139772005711872,5005,0,1341.54,2771.15
17,139771594670080,2002,0,1159.34,1606.54
17,139794092916736,35035,1,22487.5,25424.8
17,139768004345856,1001,0,1603.16,2972.68
17,139771196211200,1001,0,1159.34,901.019
17,139769308774400,1001,0,1402.31,1730.99
17,139769604472832,0,0,761.019,865.152
17,139771064090624,2002,0,1095.14,1160.44
17,139770923581440,0,0,1095.14,157.792
17,139769877102592,0,0,761.019,283.192
17,139771221377024,1001,0,1159.34,1230.95
17,139767354228736,19019,0,0,0
17,139770925678592,0,0,1095.14,2680.94
17,139770837598208,0,0,1095.14,688.232
17,139770659340288,1001,0,1095.14,576.472
17,139767188553728,10010,0,0,0
17,139768941772800,1001,0,1102.25,1167.97
17,139768662851584,1001,0,1102.25,704.507
17,139771909242880,1001,0,1341.54,2907.61
17,139769872908288,0,0,761.019,1633.65
17,139769845645312,0,1,943.218,1625.78
17,139772131540992,6006,1,1736.43,4019.25
17,139767599595520,0,0,2610.5,5648.27
17,139768270684160,0,0,1102.25,1198.57
17,139771634515968,2002,0,1341.54,3282.02
17,139770267172864,2002,0,1095.14,716.182
17,139771328331776,1001,0,1159.34,1227.01
17,139771881979904,1001,0,1159.34,1978.72
17,139768916606976,1001,0,1102.25,1014.39
17,139768369250304,0,0,1102.25,0
17,139771626127360,1001,0,1159.34,993.564
17,139771330428928,4004,0,1159.34,1378.67
17,139771236057088,0,0,1159.34,1412.12
17,139770952941568,1001,0,1095.14,1202.09
17,139767750590464,2002,0,2420.95,3540.26
17,139769617055744,0,0,761.019,814.898
17,139768828526592,1001,0,1102.25,848.017
17,139767576526848,1001,0,2610.5,6675.23
17,139767471669248,3003,0,2610.5,7188.71
17,139771114422272,0,0,1095.14,1199.77
17,139767329062912,13013,0,0,0
17,139771355594752,2002,0,1159.34,382.949
17,139768008540160,1001,0,1603.16,2786.89
17,139770804043776,1001,0,1095.14,286.218
17,139770814529536,0,0,1095.14,937.045
17,139769893879808,0,0,761.019,1911.81
17,139770665631744,2002,0,1095.14,479.477
17,139772167192576,0,1,1736.43,4234.78
17,139770558676992,0,0,1095.14,1424.32
17,139770707574784,2002,0,1095.14,1537.63
17,139770688700416,1001,0,1095.14,1438.06
17,139771324137472,1001,0,1159.34,790.668
17,139772179775488,2002,1,1660.25,3531.53
17,139771464646656,1001,0,1159.34,1642.15
17,139771070382080,0,0,1095.14,357.265
17,139769449283584,0,0,761.019,245.72
17,139770793558016,0,0,1095.14,1299.68
17,139771907145728,0,0,1159.34,1755.37
17,139771460452352,0,0,1159.34,649.411
17,139769487032320,0,0,761.019,775.268
17,139770822918144,0,0,1095.14,1804.01
17,139767721230336,0,0,2610.5,3715.86
17,139768266489856,0,0,1102.25,1052.52
17,139769061310464,1001,0,761.019,1363.12
17,139767178067968,13013,0,0,0
17,139769206013952,0,0,761.019,285.194
17,139768780292096,0,0,1102.25,1606.81
17,139769365397504,0,0,761.019,395.807
17,139767438114816,0,0,2610.5,5648.27
17,139769071796224,0,0,761.019,954.294
17,139770657243136,0,0,1095.14,873.472
17,139772450308096,11011,1,1736.43,4535.46
17,139771085062144,1001,0,1095.14,1667.24
17,139769052921856,2002,0,761.019,1081.83
17,139769484935168,1001,0,761.019,752.737
17,139768528633856,0,0,1284.45,1371.04
17,139768794972160,0,0,1102.25,630.945
17,139768681725952,0,0,1284.45,1486.35
17,139767620567040,1001,0,2610.5,8729.15
17,139769348620288,1001,0,761.019,1217.26
17,139771340914688,0,0,1159.34,764.513
17,139768012734464,0,0,1284.45,2415.31
17,139770785169408,1001,0,1095.14,1914.64
17,139768702697472,0,0,1102.25,593.354
17,139769753370624,0,0,761.019,626.19
17,139768966938624,0,0,1102.25,687.046
17,139769466060800,0,0,761.019,1289.63
17,139770831306752,0,0,1095.14,1908.56
17,139769082281984,1001,0,761.019,669.236
17,139771076673536,1001,0,1095.14,1539.96
17,139770810335232,0,0,1095.14,993.547
17,139771332526080,2002,0,1159.34,1035.74
17,139769180848128,0,0,761.019,331.854
17,139768557993984,1001,0,1102.25,751.801
17,139770525122560,1001,0,1095.14,1639.93
17,139770149732352,1001,0,1095.14,519.848
17,139769042436096,0,0,761.019,591.362
17,139770669826048,0,0,1095.14,850.08
17,139769734496256,0,0,761.019,685.548
17,139771343011840,2002,0,1159.34,1008.19
17,139768262295552,1001,0,1284.45,1897.84
17,139771494006784,0,0,1159.34,1734.02
17,139767456989184,1001,0,2420.95,5134.79
17,139771596767232,0,0,1159.34,2387.12
17,139769642221568,0,0,761.019,817.501
17,139769992445952,0,0,761.019,270.103
17,139768927092736,1001,0,1102.25,1043.51
17,139767343742976,12012,0,0,0
17,139772316090368,2002,1,1736.43,3896.24
17,139768809652224,0,0,1102.25,631.483
17,139770550288384,0,0,1095.14,447.059
17,139771473035264,1001,0,1159.34,727.232
17,139772045557760,2002,1,1159.34,2470.5
17,139771470938112,1001,0,1159.34,2052.91
17,139767754784768,0,0,1920.03,1770.13
17,139771055702016,0,0,1095.14,628.634
17,139770430750720,2002,0,1095.14,2179.33
17,139772458696704,9009,1,1736.43,5369.66
17,139770942455808,0,0,1095.14,544.635
17,139771066187776,2002,0,1095.14,387.052
17,139769879199744,1001,0,761.019,1094.16
17,139769092767744,0,0,761.019,1313.83
17,139771204599808,3003,0,1159.34,1165.73
17,139770976010240,0,0,1095.14,884.846
17,139768016928768,2002,0,1603.16,3070.68
17,139771655487488,1001,0,1159.34,1011.38
17,139772280438784,4004,1,1736.43,5426.28
17,139767725424640,0,0,1920.03,1672.13
17,139772454502400,4004,1,1660.25,3121.06
17,139769608667136,0,0,761.019,412.868
17,139771993128960,1001,1,1660.25,4150.7
17,139767167582208,11011,0,0,0
17,139768952258560,0,0,1102.25,1513.48
17,139770841792512,0,0,1095.14,796.513
17,139767603789824,1001,0,2420.95,4621.31
17,139767580721152,2002,0,2610.5,9756.11
17,139771240251392,1001,0,1159.34,690.959
17,139769233276928,1001,0,761.019,1718.32
17,139768641880064,1001,0,1284.45,1590.65
17,139771380760576,4004,0,1159.34,661.244
17,139771647098880,1001,0,1159.34,1306.62
17,139769331843072,0,0,761.019,337.848
17,139768658657280,0,0,1284.45,1405.4
17,139770019708928,1001,0,761.019,389.983
17,139770405584896,0,0,1095.14,1882.7
17,139769317163008,1001,0,761.019,685.558
17,139770411876352,1001,0,1095.14,492.466
17,139769902268416,1001,0,761.019,878.068
17,139768258101248,0,0,1102.25,1198.57
17,139770397196288,0,0,1095.14,1167.37
17,139767303897088,4004,0,2420.95,5134.79
17,139771890368512,2002,0,1341.54,2905.34
17,139771370274816,1001,0,1159.34,650.867
17,139770023903232,0,0,761.019,1005.83
17,139771217182720,0,0,1159.34,641.963
17,139769195528192,0,0,761.019,1151.63
17,139771781316608,1001,0,1341.54,2769.39
17,139767490543616,0,0,2610.5,6161.75
17,139772144123904,2002,1,1660.25,4256.66
17,139768524439552,0,0,1102.25,928.966
17,139768555896832,1001,0,1102.25,375.901
17,139771739373568,0,0,1159.34,2199.8
17,139772303507456,3003,1,1736.43,4454.06
17,139769455575040,0,0,761.019,358.626
17,139770271367168,0,0,1095.14,1093.61
17,139768021123072,1001,0,1284.45,2229.51
17,139769103253504,1001,0,761.019,962.947
17,139771368177664,0,0,1159.34,867.882
17,139770426556416,0,0,1095.14,1609.43
17,139767318577152,18018,0,0,0
17,139770699186176,2002,0,1095.14,1212.75
17,139771080867840,2002,0,1095.14,871.47
17,139771233959936,0,0,1159.34,751.256
17,139768824332288,1001,0,1102.25,781.305
17,139770965524480,0,0,1095.14,1165.94
17,139767222108160,11011,0,0,0
17,139771867299840,3003,0,1159.34,1815.76
17,139768698503168,0,0,1284.45,1671.6
17,139767213719552,8008,0,0,0
17,139769854033920,0,0,761.019,1075.54
17,139769222791168,1001,0,761.019,491.716
17,139771374469120,1001,0,1159.34,487.572
17,139770541899776,0,0,1095.14,583.563
17,139770017611776,0,0,761.019,1745.42
17,139767475863552,1001,0,2610.5,5648.27
17,139768677531648,1001,0,1102.25,1143.88
17,139769329745920,0,0,761.019,185.06
17,139770650951680,1001,1,1095.14,1106.54
17,139770382516224,1001,0,1095.14,1420.85
17,139769478643712,0,0,761.019,476.507
17,139768253906944,2002,0,1792.72,2207.03
17,139767029170176,5005,0,0,0
17,139770680311808,0,0,1095.14,450.941
17,139769732399104,1001,0,761.019,1076.47
17,139767729618944,0,0,2102.23,2185.61
17,139769577209856,1001,0,943.218,1851.53
17,139770118275072,0,0,1095.14,720.662
17,139770516733952,1001,0,1095.14,1247.13
17,139770434945024,0,0,1095.14,1033.1
17,139767203233792,5005,0,0,0
17,139767624761344,0,0,2610.5,5648.27
17,139772169289728,3003,1,1660.25,2805.14
17,139767442309120,3003,0,2610.5,5648.27
17,139767758979072,0,0,1920.03,1857.93
17,139772001517568,1001,1,1736.43,4764.22
17,139768937578496,0,0,1102.25,315.46
17,139771250737152,2002,0,1159.34,1240.88
17,139767358423040,16016,0,0,0
17,139772156706816,4004,1,1736.43,4562.37
17,139769621250048,1001,0,761.019,742.322
17,139769581404160,0,0,761.019,1514.58
17,139769908559872,2002,0,761.019,1332.85
17,139771238154240,0,0,1159.34,798.08
17,139769354911744,0,0,761.019,1454.63
17,139768025317376,1001,0,1792.72,3999.64
17,139772051849216,1001,1,1660.25,2896.1
17,139769371688960,0,0,761.019,1285.37
17,139767039655936,10010,0,0,0
17,139770153926656,2002,0,1095.14,1243.96
17,139771863105536,2002,0,1159.34,1060.81
17,139770667728896,2002,0,1095.14,2135.69
17,139771378663424,1001,0,1159.34,625.917
17,139771097645056,2002,0,1095.14,1306.44
17,139767333257216,8008,0,0,0
17,139772020391936,2002,0,1341.54,2592.11
17,139770302824448,0,0,1095.14,1328.92
17,139770577551360,1001,0,1095.14,667.191
17,139769340231680,0,0,761.019,1415.63
17,139767192748032,10010,0,0,0
17,139768551702528,0,0,1284.45,1635.25
17,139768912412672,0,0,1102.25,1379.66
17,139770139246592,0,0,1095.14,255.369
17,139767584915456,2002,0,2420.95,5134.79
17,139768776097792,0,0,1102.25,1975.16
17,139770168606720,1001,0,1095.14,1549.57
17,139768790777856,1001,0,1102.25,1844.23
17,139772309798912,8008,1,1736.43,7522.06
17,139770443333632,0,0,1095.14,1633.94
17,139770676117504,0,0,1095.14,1470.24
17,139768249712640,0,0,1603.16,2163.13
17,139770428653568,1001,0,1095.14,620.413
17,139771194114048,1001,0,1159.34,315.569
17,139767607984128,1001,0,1920.03,1540.44
17,139768520245248,0,0,1102.25,1115.3
17,139770418167808,0,0,1095.14,235.879
17,139770961330176,0,0,1095.14,931.484
17,139770279755776,0,0,1095.14,712.635
17,139767461183488,0,0,2610.5,7188.71
17,139770955038720,2002,0,1095.14,1243.84
17,139771091353600,1001,0,1095.14,889.577
17,139769212305408,0,0,761.019,339.451
17,139772188164096,1001,0,1660.25,3085.46
17,139770705477632,0,0,1095.14,970.397
17,139771609350144,2002,0,1159.34,1478.85
17,139770447527936,1001,0,1095.14,250.372
17,139769508003840,0,0,761.019,1200.39
17,139769185042432,0,0,761.019,1519.59
17,139771640807424,1001,0,1159.34,1577.92
17,139769453477888,0,0,761.019,1153.31
17,139768962744320,1001,0,1102.25,710.247
17,139770661437440,0,0,1095.14,818.939
17,139770573357056,0,0,1095.14,1570.82
17,139768654462976,1001,0,1102.25,594.432
17,139770827112448,2002,0,1095.14,733.106
17,139770432847872,0,0,1095.14,742.034
17,139768805457920,1001,0,1102.25,816.198
17,139768029511680,0,0,1284.45,2557.2
17,139767733813248,0,0,1920.03,2141.72
17,139768637685760,2002,0,1792.72,4267.33
17,139770533511168,0,0,1095.14,1772.93
17,139770569162752,1001,0,1095.14,428.582
17,139769635930112,2002,0,761.019,367.616
17,139770124566528,0,0,1095.14,430.732
17,139770806140928,0,0,1095.14,222.864
17,139771110227968,0,0,1095.14,588.706
17,139767182262272,9009,0,0,0
17,139769583501312,0,0,761.019,762.016
17,139769726107648,1001,0,761.019,266.525
17,139770816626688,1001,0,1095.14,496.05
17,139769981960192,0,0,761.019,439.082
17,139770682408960,1001,0,1095.14,197.346
17,139770040680448,0,0,761.019,1826.74
17,139771724693504,3003,0,1660.25,3613.08
17,139770250395648,1001,0,1095.14,1541.26
17,139770795655168,2002,0,1095.14,1038.13
17,139768694308864,0,0,1102.25,846.938
17,139768138563584,0,0,1284.45,1791.54
17,139768142757888,1001,0,1603.16,2087.95
17,139770028097536,1001,0,761.019,1552.26
17,139768134369280,2002,0,1102.25,933.279
17,139770556579840,0,0,1095.14,629.944
17,139770978107392,0,0,1095.14,445.744
17,139768146952192,0,0,1102.25,1225.53
17,139770518831104,0,0,1095.14,1052.69
17,139767763173376,1001,0,1920.03,1486.34
17,139768130174976,0,0,1102.25,1198.57
17,139768245518336,1001,0,1603.16,2490.81
17,139769493323776,4004,0,761.019,367.977
17,139768151146496,1001,0,1603.16,2451.07
17,139771198308352,0,0,1159.34,333.21
17,139771628224512,3003,0,1159.34,655.375
17,139768125980672,2002,0,1284.45,1313.49
17,139770384613376,1001,0,1095.14,350.687
17,139769067601920,1001,0,761.019,139.205
17,139769057116160,0,0,761.019,1327.88
17,139770137149440,0,0,1095.14,373.465
17,139768155340800,0,0,1102.25,1490.82
17,139767347937280,12012,0,0,0
17,139768673337344,0,0,1102.25,445.69
17,139768547508224,0,0,1102.25,782.381
17,139769321357312,2002,0,761.019,1070.47
17,139769713524736,0,0,761.019,1464.43
17,139768121786368,1001,0,1284.45,1494.97
17,139770269270016,2002,0,1095.14,1986.66
17,139770690797568,0,0,1095.14,1500.17
17,139771208794112,0,0,1159.34,889.747
17,139768922898432,1001,0,1284.45,1928.39
17,139771223474176,3003,0,1341.54,2801.05
17,139770820820992,1001,0,1095.14,1109.07
17,139768159535104,0,0,1792.72,3407
17,139770709671936,2002,0,1095.14,843.703
17,139769078087680,0,0,761.019,710.247
17,139769048727552,0,0,761.019,1109.15
17,139769614958592,1001,0,761.019,1537.38
17,139768948064256,1001,0,1102.25,1008.27
17,139768117592064,1001,0,1102.25,1455.22
17,139767494737920,1001,0,2102.23,4107.84
17,139767698161664,2002,0,7549.49,17005.1
17,139772460793856,9009,1,1736.43,6878.62
17,139770151829504,0,0,1095.14,1378.21
17,139770114080768,0,0,1095.14,1017.18
17,139767308091392,9009,0,1920.03,2053.92
17,139771491909632,1001,0,1159.34,598.798
17,139768820137984,0,0,1102.25,779.146
17,139768163729408,0,0,1603.16,2344.6
17,139769866616832,0,0,761.019,673.061
17,139770560774144,0,0,1095.14,1440.68
17,139772529999872,0,1,1159.34,0
17,139772423045120,5005,1,1736.43,7137.62
17,139767628955648,0,0,2610.5,5648.27
17,139770122469376,1001,0,1095.14,625.024
17,139771783413760,0,0,1159.34,1124.81
17,139768113397760,0,0,1102.25,1344.61
17,139771636613120,0,0,1341.54,2381.02
17,139769201819648,2002,0,761.019,477.239
17,139770013417472,0,0,761.019,1240.25
17,139769858228224,0,0,761.019,556.55
17,139767171776512,18018,0,0,0
17,139768516050944,0,0,1102.25,930.044
17,139771592572928,0,0,1159.34,1065.39
17,139767589109760,0,0,2420.95,5134.79
17,139767966597120,0,0,5159.11,15890.4
17,139767446503424,1001,0,2610.5,9756.11
17,139770288144384,0,0,1095.14,845.124
17,139771112325120,0,0,1095.14,1047.83
17,139772444016640,8008,1,1736.43,7497.77
17,139769088573440,1001,0,761.019,908.079
17,139767738007552,2002,0,1920.03,1857.93
17,139770311213056,0,0,1095.14,1251.43
17,139767480057856,4004,0,2420.95,4621.31
17,139769239568384,0,0,761.019,591.362
17,139770694991872,0,0,1095.14,1175.97
17,139771728887808,2002,0,1341.54,2726.07
17,139768241324032,2002,0,1102.25,1265.28
17,139768109203456,2002,0,1603.16,2198.56
17,139769910657024,0,0,761.019,1004.05
17,139770248298496,1001,1,1095.14,924.086
17,139769891782656,0,0,761.019,1328.27
17,139769994543104,1001,0,761.019,868.481
17,139767322771456,11011,0,0,0
17,139769505906688,0,0,761.019,1170.86
17,139771508686848,2002,0,1159.34,1075.38
17,139767970791424,0,0,1284.45,2229.51
17,139770021806080,1001,0,761.019,533.882
17,139769361203200,0,0,761.019,1051.09
17,139772039266304,5005,0,1341.54,1939.37
17,139770523025408,0,0,1095.14,195.888
17,139767612178432,1001,0,2610.5,11296.5
17,139770562871296,2002,0,1095.14,745.082
17,139768105009152,0,0,1603.16,2636.86
17,139769447186432,0,0,761.019,506.363
17,139771754053632,2002,0,1341.54,2032.55
17,139771498201088,2002,0,1159.34,1585.44
17,139770141343744,1001,0,1095.14,384.629
17,139770967621632,0,0,1095.14,843.445
17,139767702355968,1001,0,2102.23,2371.41
17,139767974985728,2002,0,1603.16,2786.89
17,139770034388992,2002,0,761.019,1194.08
17,139769176653824,0,0,761.019,868.325
17,139770527219712,0,0,1095.14,576.294
17,139772293021696,4004,1,1736.43,4022.76
17,139772158803968,3003,1,1660.25,3615.03
17,139770927775744,0,0,1095.14,1149.37
17,139770156023808,1001,0,1095.14,671.138
17,139768543313920,0,0,1284.45,1957.01
17,139770044874752,1001,0,761.019,1544.33
17,139770818723840,1001,0,1095.14,1077.32
17,139767566041088,0,0,1920.03,1486.34
17,139769099059200,0,0,761.019,852.141
17,139768100814848,0,0,1792.72,4957.57
17,139771619835904,4004,0,1159.34,1042.24
17,139770787266560,0,0,1095.14,616.637
17,139769229082624,0,0,761.019,1122.46
17,139770946650112,0,0,1095.14,1395.12
17,139770147635200,2002,0,1095.14,266.422
17,139768690114560,0,0,1102.25,967.098
17,139768650268672,1001,0,1102.25,594.432
17,139770162315264,0,0,1095.14,971.493
17,139769619152896,1001,0,761.019,349.483
17,139767977082880,0,0,1102.25,1814.03
17,139769860325376,0,0,761.019,960.844
17,139767465377792,1001,0,2610.5,6675.23
17,139769998737408,0,0,761.019,794.017
17,139768933384192,1001,0,1102.25,1640.44
17,139768786583552,1001,0,1102.25,802.512
17,139768237129728,0,0,1102.25,1490.82
17,139772318187520,10010,1,1736.43,6588.49
17,139770843889664,0,0,1095.14,435.915
17,139770164412416,0,0,1095.14,368.851
17,139768297947136,0,0,1284.45,1649.65
17,139768771903488,0,0,1792.72,2313.14
17,139768834818048,1001,0,1284.45,1812.96
17,139772297216000,5005,1,1736.43,5316.44
17,139767161290752,63063,0,0,0
17,139767337451520,11011,0,0,0
17,139769463963648,0,0,761.019,1150.88
17,139769482838016,1001,0,761.019,729.746
17,139772284633088,3003,1,1736.43,6847.1
17,139770403487744,1001,0,1095.14,147.748
17,139767217913856,10010,0,0,0
17,139769596084224,2002,0,761.019,630.513
17,139767742201856,0,0,1920.03,1857.93
17,139767981277184,1001,0,1102.25,1857.93
17,139767226302464,7007,0,0,0
17,139771376566272,1001,0,1159.34,1108.42
17,139770176995328,0,0,1095.14,2250.43
17,139769900171264,0,0,761.019,1414.42
17,139768669143040,0,0,1102.25,1040.66
17,139768801263616,0,0,1102.25,596.05
17,139769990348800,0,0,761.019,429.298
17,139770011320320,1001,0,761.019,277.586
17,139770009223168,2002,0,761.019,1065.21
17,139770265075712,2002,0,1095.14,241.744
17,139767207428096,10010,0,0,0
17,139769587695616,0,0,761.019,1103.06
17,139769191333888,1001,0,761.019,766.797
17,139768511856640,0,0,1102.25,1004.69
17,139772282535936,5005,1,1736.43,6250.61
17,139767706550272,0,0,2610.5,4327.33
17,139768293752832,0,0,1102.25,1300.71
17,139769776439296,0,0,761.019,1000.86
17,139770529316864,0,0,1095.14,1349.19
17,139770281852928,2002,0,1095.14,1234.86
17,139770256687104,1001,0,1095.14,1267.32
17,139771605155840,1001,0,1159.34,1764.23
17,139767033364480,15015,0,0,0
17,139771219279872,5005,0,1159.34,730.584
17,139770286047232,1001,0,1095.14,1087.71
17,139771617738752,1001,0,1159.34,735.652
17,139769638027264,0,0,761.019,1342.58
17,139768908218368,0,0,1102.25,423.192
17,139768958550016,0,0,1102.25,1223.73
17,139767593304064,1001,0,2102.23,3594.36
17,139767985471488,1001,0,1792.72,4655.02
17,139769218596864,1001,0,761.019,825.561
17,139770273464320,0,0,1095.14,497.994
17,139772274147328,1001,1,1736.43,5419.22
17,139770944552960,0,0,1095.14,431.807
17,139769474449408,0,0,761.019,1229.17
17,139769895976960,1001,0,761.019,1157.81
17,139772261564416,5005,1,1736.43,4534.35
17,139767196942336,17017,0,0,0
17,139769885491200,1001,0,761.019,727.14
17,139771873591296,1001,0,1341.54,2172.73
17,139767431823360,2002,0,2102.23,4107.84
17,139768539119616,3003,0,1102.25,1071.94
17,139768289558528,1001,0,1284.45,1937.59
17,139768568479744,0,0,1102.25,1087.95
17,139769602375680,1001,0,761.019,1138.56
17,139769851936768,0,0,761.019,386.414
17,139770437042176,0,0,1095.14,922.843
17,139769847742464,2002,0,761.019,248.513
17,139770579648512,2002,0,1095.14,969.989
17,139769480740864,0,0,761.019,837.871
17,139769491226624,1001,0,761.019,1301.39
17,139771745665024,1001,0,1159.34,2045.17
17,139769640124416,0,0,761.019,1277.56
17,139767043850240,0,0,0,0
17,139772410462208,11011,1,1736.43,6469.18
17,139770552385536,1001,0,1095.14,291.079
17,139770036486144,1001,0,761.019,693.143
17,139768815943680,0,0,1102.25,1225.91
17,139767989665792,0,0,1603.16,2742.99
17,139771074576384,0,0,1095.14,1245.36
17,139769856131072,0,0,761.019,504.838
17,139767570235392,1001,0,2420.95,2928.79
17,139770671923200,1001,0,1095.14,936.786
17,139770038583296,3003,0,761.019,661.024
17,139770674020352,1001,0,1095.14,752.702
17,139767450697728,2002,0,2420.95,5134.79
17,139772269953024,3003,1,1736.43,5963.79
17,139767616372736,0,0,2102.23,4107.84
17,139767297605632,2002,0,2420.95,5134.79
17,139769759662080,1001,0,761.019,1201
17,139770395099136,0,0,1095.14,1414.77
17,139768285364224,0,0,1284.45,1534.72
17,139770984398848,1001,0,1095.14,821.729
17,139767710744576,1001,0,2610.5,3628.06
17,139770132955136,2002,0,1277.34,2216.63
17,139771758247936,1001,0,1159.34,2311.56
17,139767186456576,9009,0,0,0
17,139769470255104,0,0,761.019,1011.09
17,139767312285696,10010,0,0,0
17,139767746396160,1001,0,2420.95,2928.79
17,139768685920256,0,0,1284.45,1628.24
17,139767352131584,20020,0,0,0
17,139771089256448,2002,0,1095.14,1173.74
17,139767484252160,3003,0,2420.95,5134.79
17,139770845986816,1001,0,1095.14,1696.64
17,139767993860096,0,0,1792.72,3813.85
17,139770277658624,0,0,1095.14,842.584
17,139771106033664,0,0,1095.14,1009.38
17,139768943869952,2002,0,1284.45,1577.5
17,139772399976448,5005,1,1736.43,8564.16
17,139769367494656,1001,0,761.019,848.15
17,139770172801024,3003,0,1095.14,1706.91
17,139770808238080,2002,0,1095.14,1286.85
17,139770026000384,0,0,761.019,1079.3
17,139768918704128,2002,0,1284.45,1895.84
17,139770567065600,0,0,1095.14,1272.65
17,139769325551616,0,0,761.019,1364.93
17,139769350717440,1001,0,761.019,270.869
17,139772150415360,1001,0,1660.25,2969.41
17,139770571259904,1001,0,1095.14,947.805
17,139769208111104,0,0,761.019,843.247
17,139768281169920,0,0,1284.45,1609.9
17,139768564285440,1001,0,1284.45,1601.43
17,139768646074368,0,0,1102.25,856.485
17,139769979863040,0,0,761.019,1397.95
17,139768507662336,0,0,1102.25,1077.71
17,139771336720384,2002,0,1159.34,606.688
17,139769770147840,1001,0,761.019,1340.5
17,139770407682048,0,0,1095.14,367.274
17,139770300727296,1001,0,1095.14,1387.89
17,139771869396992,1001,1,1341.54,2033.78
17,139772035072000,3003,0,1341.54,3230.7
17,139771496103936,1001,0,1341.54,2604.69
17,139769063407616,0,0,761.019,375.899
17,139767326965760,16016,0,0,0
17,139767998054400,0,0,1603.16,3442.27
17,139768534925312,0,0,1102.25,1408.09
17,139770042777600,2002,0,761.019,991.383
17,139769182945280,3003,0,761.019,1836.98
17,139769468157952,0,0,761.019,421.559
17,139769055019008,0,0,1261.93,2544.75
17,139769073893376,0,0,761.019,1294.95
17,139768664948736,0,0,1102.25,1293.7
17,139772448210944,6006,1,1736.43,4932.06
17,139770174898176,1001,0,1095.14,1183.01
17,139770921484288,0,0,1095.14,952.11
17,139767175970816,10010,0,0,0
17,139770390904832,1001,0,1095.14,1629.7
17,139767469572096,1001,0,1920.03,3080.88
17,139771458355200,0,0,1159.34,1311.26
17,139771768733696,3003,0,1159.34,1592.85
17,139768830623744,1001,0,1102.25,855.405
17,139772324478976,1001,1,1736.43,5093.4
17,139770839695360,2002,0,1095.14,415.494
17,139767714938880,0,0,2420.95,3114.58
17,139769749176320,1001,0,761.019,894.062
17,139767597498368,1001,0,2610.5,7188.71
17,139768276975616,0,0,1102.25,2035.42
17,139770130857984,0,0,1095.14,312.689
17,139770424459264,0,0,1095.14,1644.65
17,139770275561472,0,0,1095.14,716.825
17,139771775025152,2002,0,1159.34,737.65
17,139770298630144,0,0,1095.14,798.915
17,139769870811136,0,0,761.019,846.717
17,139770531414016,2002,0,1095.14,725.605
17,139769044533248,2002,0,761.019,1953.2
17,139771894562816,1001,0,1660.25,3411.07
17,139771384954880,1001,0,1159.34,706.57
17,139769084379136,0,0,943.218,2044.58
17,139770116177920,0,0,1095.14,594.145
17,139770703380480,0,0,1095.14,1939.7
17,139770789363712,0,0,1095.14,1057.76
17,139768782389248,0,0,1102.25,738.134
17,139771338817536,1001,0,1159.34,637.94
17,139772267855872,4004,1,1736.43,6374.78
17,139768002248704,0,0,1792.72,3344.27
17,139769338134528,0,0,761.019,787.84
17,139767574429696,1001,0,2610.5,6161.75
17,139771351400448,1001,0,1341.54,2691.55
17,139770309115904,0,0,1095.14,1316.44
17,139772043460608,2002,0,1159.34,2345.08
17,139771653390336,1001,0,1159.34,1438.17
17,139770663534592,1001,0,1095.14,915.746
17,139772003614720,1001,1,1736.43,4123.81
17,139770422362112,0,0,1095.14,1009.9
17,139769717719040,0,0,761.019,1298.04
17,139767748493312,0,0,1920.03,1628.24
17,139770959233024,1001,0,1095.14,153.292
17,139769499615232,1001,0,761.019,2130.58
17,139770825015296,1001,0,1095.14,762.076
17,139769751273472,1001,0,761.019,431.871
17,139768797069312,1001,0,1284.45,1701.27
17,139771087159296,0,0,1095.14,1426.51
17,139794124374016,12012,0,11787.8,13910.7
17,139768969035776,0,0,1102.25,1128.77
17,139769744982016,0,0,761.019,1200.99
17,139769633832960,0,0,761.019,1183.86
17,139794115985408,18018,1,13836.6,16124
17,139770938261504,0,0,1095.14,1528.25
17,139794107596800,16016,1,17938.5,20364.6
17,139767436017664,2002,0,2420.95,5134.79
17,139771590475776,0,1,1159.34,932.875
17,139768272781312,0,0,1284.45,2075.17
17,139794084528128,54054,1,42211.5,45312.6
17,139769906462720,0,0,761.019,1518.41
17,139769757564928,0,0,761.019,751.104
17,139770399293440,2002,0,1095.14,1826.64
17,139794095013888,28028,1,22487.5,25021.8
17,139769235374080,1001,0,761.019,431.651
17,139770260881408,0,0,1095.14,428.462
17,139771229765632,0,0,1159.34,1944.27
17,139768929189888,0,0,1284.45,1701.97
17,139794097111040,25025,1,22487.5,25196.4
17,139772160901120,4004,1,1660.25,2944.04
17,139769094864896,2002,0,761.019,965.45
17,139769738690560,1001,0,761.019,269.353
17,139767341645824,9009,0,0,0
17,139771888271360,1001,0,1660.25,3502.53
17,139794080333824,99099,1,69826.4,80025
17,139771902951424,2002,0,1159.34,520.319
17,139769197625344,0,0,761.019,1358.6
17,139769631735808,0,0,761.019,245.087
17,139771506589696,2002,0,1159.34,1659.8
17,139794076139520,109109,1,92999.3,97891.5
17,139768006443008,0,0,1284.45,2229.51
17,139771861008384,5005,0,1159.34,1668.01
17,139769312968704,2002,0,761.019,657.383
17,139769323454464,1001,0,761.019,1078.13
17,139770296532992,2002,0,1095.14,483.699
17,139794130665472,14014,0,11190.9,11144
17,139767165485056,8008,0,0,0
17,139767719133184,0,0,2420.95,3442.27
17,139769881296896,1001,0,761.019,709.224
17,139771466743808,2002,0,1341.54,3196.12
17,139769315065856,0,0,761.019,604.729
17,139768530731008,0,0,1284.45,1263.5
17,139794074042368,164164,1,130272,141603
17,139767454892032,1001,0,2610.5,5648.27
17,139768503468032,0,0,1792.72,5516.43
17,139771462549504,0,0,1159.34,1429.41
17,139771057799168,0,0,1095.14,1482.93
17,139768811749376,0,0,1102.25,1218.53
17,139771877785600,1001,0,1660.25,3136.7
17,139769740787712,1001,0,761.019,1170.46
17,139772395782144,4004,1,1736.43,8518.53
17,139769344425984,1001,0,761.019,1565.65
17,139768954355712,0,0,1102.25,1673.18
17,139794086625280,46046,1,31404.1,35647.1
17,139768268587008,0,0,1102.25,1075.17
17,139770439139328,0,0,1095.14,2383.68
17,139769887588352,1001,0,761.019,1592.71
17,139772452405248,4004,1,1736.43,6067.84
17,139771485618176,2002,0,1159.34,1041.24
17,139772012003328,2002,0,1341.54,2635.92
17,139771349303296,3003,0,1159.34,466.798
17,139771359789056,0,0,1159.34,205.325
17,139770833403904,3003,0,1095.14,1355.58
17,139770848083968,0,0,1095.14,872.088
17,139770292338688,1001,0,1095.14,781.384
17,139794128568320,11011,0,11190.9,13321.3
17,139770386710528,1001,0,1095.14,850.789
17,139769224888320,0,0,761.019,441.001
18,139771898757120,1001,0,1341.54,2118.34
18,139771726790656,0,0,1159.34,1857.36
18,139770537705472,1001,0,1095.14,998.132
18,139768560091136,0,0,950.335,1807.19
18,139768010637312,0,0,950.335,1720.51
18,139770957135872,0,0,1095.14,402.527
18,139771917631488,3003,0,1341.54,2293.16
18,139772162998272,2002,1,1159.34,1158.7
18,139770294435840,1001,0,1095.14,458.742
18,139794088722432,51051,1,42211.5,46232.8
18,139769105350656,1001,0,1095.14,1871.96
18,139767075307520,10010,0,0,0
18,139767301799936,4004,0,2102.23,2185.61
18,139769342328832,0,0,1095.14,939.505
18,139769864519680,0,0,1095.14,349.393
18,139766918021120,11011,0,0,0
18,139768643977216,0,0,768.136,404.491
18,139769357008896,1001,0,1095.14,784.39
18,139767211622400,1001,0,2610.5,6675.23
18,139769451380736,1001,0,1095.14,878.895
18,1397697638