tree
version=v4
num_class=1
num_tree_per_iteration=1
label_index=0
max_feature_idx=16
objective=regression
feature_names=ewma_2_perc ewma_5_perc ewma_20_perc ewma_100_perc ewma_2_w_perc ewma_5_w_perc ewma_20_w_perc ewma_100_w_perc global_avg_accesses_perc group_neg_mean_perc group_pos_mean_perc group_0_mean_perc gap4 read_write_gap3 ewma_var_100 group_ewma5_var age_count_total
feature_infos=[0:0.96948199999999995] [0:0.968418] [0:0.95795799999999998] [0:0.94750100000000004] [0:0.96948199999999995] [0:0.968418] [0:0.95795799999999998] [0:0.94750100000000004] [0:1] [0:0.92541499999999999] [0:0.976877] [0:1] [-0.40000000000000002:0.021312999999999999] [-0.94750100000000004:0.0041669999999999997] [0:0.249975] [0:0.065752000000000005] [6:3231622]
tree_sizes=4924 4949 5261 5147 5127 5180 5205 5200 5144 5254 5204 5100 5158 5270 5195 5178 5228 5185 5258 5288 5222 5065 5048 5145 5067 5311 5130 5218 5186 5155 5143 5011 5088 5372 5193 5268 5221 4996 5121 5435 5219 5128 5097 5312 5067 5179 5069 5191 5315 5134 5086 5238 5189 5243 5116 5177 5203 5187 5152 5060 5309 5066 5181 5212 5303 5273 5234 5207 5102 5228 5199 5138 5219 5286 5142 5251 5168 5300 5177 5104 5130 5205 5235 5163 5281 5148 5242 5193 5208 5276 5112 5119 5062 5177 5220 5195 5119 5149 5129 5057 5120 5342 5132 5178 5176 5181 5243 5146 5322 5125 5169 5036 5131 5294 5079 5157 5222 4978 5236 5195 5198 5116 5137 5134 5089 5235 5112 5155 5184 5288 5165 5247 5301 5173 5139 5261 5134 5122 5233 5239 5376 5198 5221 5093 5155 5265 5214 5201 5154 5085 5143 5121 5118 5245 5180 5117 5248 5175 5190 5137 5217 5204 5136 5224 5064 5058 5311 5034 5219 5227 5170 5269 5346 5045 5020 5120

Tree=0
num_leaves=53
num_cat=0
split_feature=1 3 12 3 7 12 14 3 9 1 12 6 12 12 7 9 6 14 1 7 14 3 12 14 3 3 3 7 12 1 14 9 14 7 14 10 14 14 7 12 9 10 3 7 1 9 7 9 14 10 10 9
split_gain=9.29807e+11 6.75684e+11 1.88532e+11 1.47279e+11 7.9275e+10 5.19702e+10 2.05104e+10 1.93949e+10 1.64678e+10 2.54719e+10 2.46739e+10 1.43212e+10 1.33376e+10 8.83182e+09 1.04465e+10 8.73609e+09 8.68447e+09 5.57136e+09 7.6766e+09 5.05598e+09 4.75774e+09 4.69811e+09 4.288e+09 4.05541e+09 3.55356e+09 3.53132e+09 3.172e+09 2.94993e+09 2.88044e+09 2.75378e+09 4.93109e+09 2.63817e+09 2.42661e+09 2.20674e+09 2.47118e+09 1.95422e+09 1.72597e+09 1.67475e+09 1.56889e+09 1.37722e+09 1.34999e+09 1.272e+09 1.24981e+09 1.43828e+09 1.33226e+09 1.23017e+09 1.50124e+09 2.08429e+09 1.22447e+09 1.17307e+09 1.80517e+09 1.14467e+09
threshold=0.67893700000000012 0.0018735000000000004 -0.0090079999999999986 0.00040550000000000004 0.91149700000000011 -0.14644149999999997 0.0087735000000000018 0.0025050000000000007 0.0010515000000000001 0.91422250000000005 -0.0026609999999999997 0.0065600000000000007 -0.0048009999999999988 0.0062870000000000009 0.16861500000000004 0.0083475000000000025 0.89377350000000011 0.00019300000000000003 0.19902250000000002 0.009556000000000002 0.025577000000000006 0.0035350000000000004 -0.0052394999999999994 0.014463000000000002 4.9500000000000004e-05 0.00076350000000000018 0.75452300000000017 0.00093950000000000012 -0.032569999999999995 0.92514000000000018 0.012320000000000003 0.00018850000000000006 5.5000000000000007e-06 0.00043750000000000006 3.5000000000000004e-06 7.7500000000000014e-05 0.025577000000000006 1.6500000000000005e-05 0.00044350000000000005 -0.0033639999999999994 0.0099855000000000013 0.0011645000000000004 0.0062595000000000012 0.00043550000000000007 0.0035135000000000006 0.0020215000000000003 0.48103700000000005 0.00018350000000000004 3.5000000000000004e-06 0.9383625000000001 7.2500000000000014e-05 7.4500000000000008e-05
decision_type=2 2 2 2 2 2 2 2 2 2 2 2 2 2 2 2 2 2 2 2 2 2 2 2 2 2 2 2 2 2 2 2 2 2 2 2 2 2 2 2 2 2 2 2 2 2 2 2 2 2 2 2
left_child=1 3 5 24 8 31 -7 27 9 16 -10 21 23 17 35 26 -4 19 -19 -13 -6 33 -23 -11 -1 51 -8 41 -28 30 -30 -2 38 34 -9 -15 -20 48 -24 -14 -33 -3 43 -34 -44 46 47 -38 -35 50 -21 -5
right_child=2 7 4 25 20 6 15 11 10 12 -12 13 39 14 -16 -17 -18 18 36 49 -22 22 32 -25 -26 -27 28 -29 29 -31 -32 40 42 37 -36 -37 45 -39 -40 -41 -42 -43 44 -45 -46 -47 -48 -49 -50 -51 -52 -53
leaf_value=16.027018549463399 1648.0368187054637 195.86682894633987 6267.523526295362 32.491925507429706 2010.9659520725399 1257.6426187652839 5900.8446082700639 278.00507631835262 6888.5876998439344 5458.8221807440204 11547.0724221948 377.80902329278257 8587.4572125732921 492.45917736360758 3483.9485674177872 2384.7669874923827 3252.2221873944563 124.06309043126944 25.123550363814445 568.56573312545652 3949.9790519221146 29.46484520252028 344.49504238191315 7359.4775215330374 26.776522383250821 106.54373162838911 3484.0380330548687 152.84949739029904 3855.6648537299707 3686.7455301064128 6086.7988968162954 277.62316560726504 427.89430294024896 246.98822179272756 396.51372687663275 916.09309218813496 1175.8233018539668 178.4984691360772 278.12611007301547 9778.3019823033264 1345.695676367676 338.89866270393981 221.23219956407038 330.0647677764328 538.49628789944336 679.39705491094423 747.02892204588863 2639.9985810528437 284.81433317311564 244.78311735696596 822.86652363551138 79.887923356421084
leaf_weight=8809847 36 1589 26 8679 33 37 24 8372 32 22 30 2247 27 217 20 27 26 1300 27 964 36 708 6440 51 438899 245425 32 16895 22 22 35 82 2305 30306 3349 466 39 3542 19517 28 20 1806 229 17982 840 78 40 20 18884 94 626 34321
leaf_count=8809847 36 1589 26 8679 33 37 24 8372 32 22 30 2247 27 217 20 27 26 1300 27 964 36 708 6440 51 438899 245425 32 16895 22 22 35 82 2305 30306 3349 466 39 3542 19517 28 20 1806 229 17982 840 78 40 20 18884 94 626 34321
internal_value=23.1099 22.8142 4439.53 19.0958 6509.75 2528.95 3734.62 278.119 7503.77 6938.36 9143.99 296.139 7822.58 469.567 858.446 4300.31 4760.87 419.266 228.415 492.285 3023.2 286.675 314.282 6787.45 16.5371 101.144 4683.29 172.779 4419.54 4798.04 5226.36 790.171 318.544 266.105 311.866 781.506 893.351 255.934 294.593 9195.15 487.188 271.955 347.656 341.18 470.534 1025.81 1298.66 1672.5 261.51 645.029 668.691 70.3217
internal_weight=9.67672e+06 9.67607e+06 648 9.53717e+06 311 337 199 138902 242 180 62 118612 128 6138 703 162 52 5435 1504 3931 69 112474 48021 73 9.24875e+06 288425 135 20290 111 79 57 138 47313 64453 11721 683 204 52732 25957 55 102 3395 21356 20287 1069 177 99 59 49190 1684 1590 43000
internal_count=9676721 9676073 648 9537171 311 337 199 138902 242 180 62 118612 128 6138 703 162 52 5435 1504 3931 69 112474 48021 73 9248746 288425 135 20290 111 79 57 138 47313 64453 11721 683 204 52732 25957 55 102 3395 21356 20287 1069 177 99 59 49190 1684 1590 43000
is_linear=0
shrinkage=0.332096


Tree=1
num_leaves=53
num_cat=0
split_feature=5 3 12 3 16 8 16 8 3 16 12 9 16 16 16 16 16 14 12 5 14 16 3 16 9 16 9 5 5 3 16 7 8 7 10 16 5 8 14 8 7 16 12 14 12 8 7 10 16 16 16 16
split_gain=3.91655e+11 2.85946e+11 7.94125e+10 5.72738e+10 5.02695e+10 3.40297e+10 2.41938e+10 2.61726e+10 2.34567e+10 1.80261e+10 1.38974e+10 1.29836e+10 1.09708e+10 7.11722e+09 5.30511e+09 5.05767e+09 5.04852e+09 4.4878e+09 4.38782e+09 4.67709e+09 4.60643e+09 4.18575e+09 4.0295e+09 3.98651e+09 3.88576e+09 3.8838e+09 3.71992e+09 3.48078e+09 3.46262e+09 3.45954e+09 3.35312e+09 2.9332e+09 2.6086e+09 2.57331e+09 2.49412e+09 4.03236e+09 4.43459e+09 4.7987e+09 2.05151e+09 1.98475e+09 1.91683e+09 1.83215e+09 1.78161e+09 1.95297e+09 1.72844e+09 1.63413e+09 1.63161e+09 1.5121e+09 1.47035e+09 1.45276e+09 3.52443e+09 1.36353e+09
threshold=0.67893700000000012 0.0017115000000000001 -0.0090079999999999986 0.00040450000000000007 1840725.5000000002 0.95254850000000013 5406.0000000000009 0.92513900000000004 0.0026005000000000004 179821.50000000003 -0.0049834999999999992 0.00036850000000000007 1743799.5000000002 2304769.5000000005 53950.000000000007 1414782.5000000002 15860.500000000002 0.012320000000000003 0.0072550000000000002 0.11258250000000002 0.00019300000000000003 39649.500000000007 0.90078350000000007 10624.500000000002 0.00036650000000000007 10529.500000000002 0.0025995000000000002 0.19902250000000002 0.92514000000000018 0.0034030000000000002 149859.00000000003 0.00079750000000000014 0.0055660000000000006 0.010948500000000002 0.00010550000000000002 123542.00000000001 0.00053750000000000011 0.0010275000000000002 1.1500000000000002e-05 6.6500000000000017e-05 0.00056350000000000009 872660.00000000012 -2.5499999999999996e-05 0.00019300000000000003 -0.00059549999999999989 0.0069875000000000015 0.0038945000000000004 0.00095750000000000013 2268740.0000000005 5107.0000000000009 5217.5000000000009 148176.50000000003
decision_type=2 2 2 2 2 2 2 2 2 2 2 2 2 2 2 2 2 2 2 2 2 2 2 2 2 2 2 2 2 2 2 2 2 2 2 2 2 2 2 2 2 2 2 2 2 2 2 2 2 2 2 2
left_child=1 3 6 39 8 9 49 22 31 10 17 16 34 32 -7 18 23 -4 20 45 29 -12 -8 -9 -19 -13 28 -22 -23 38 -24 51 -6 40 42 36 37 -36 -10 -1 -31 -37 -5 -44 -38 -20 -17 -42 -14 -2 -51 -3
right_child=2 4 5 12 13 14 7 11 15 -11 21 25 48 -15 -16 46 -18 24 19 -21 27 26 30 -25 -26 -27 -28 -29 -30 33 -32 -33 -34 -35 35 41 44 -39 -40 -41 47 -43 43 -45 -46 -47 -48 -49 -50 50 -52 -53
leaf_value=-3.7508389907816482 29.35421240696154 242.01960785722625 2114.5509929424497 -1.8813199376866949 64.538329766485376 2518.7043274940138 -275.09540696665641 4073.5366693276137 184.09882226850613 1328.9481946046078 3648.8995359846626 771.81444015973102 16.805914488253187 -13.45992087954826 971.39807946860924 133.44539258169888 4843.5686939317584 3257.9156832098702 2.0366783610926391 1848.9194196163962 45.402247778163641 3968.4344784517957 1750.7678824921923 2247.4741995259251 4738.8095419659485 2398.9585228403753 5878.4816869430388 446.03082983398463 5393.7927639870031 233.46763439902486 345.51861696048672 73.950537418328238 279.84346931873182 359.81331018047621 80.529172350082632 57.198426457351815 6.7188029337654882 270.42274589940223 98.680543604867168 2.2765943634536412 215.82499307300247 38.431274615338459 60.203650438182066 401.79217930710922 85.68246789500823 455.54797417641282 270.02102106626137 148.38554403683301 -12.486587371732522 1476.1207490746015 38.914095083780857 125.68878797947572
leaf_weight=8743180 71 1167 20 12633 19402 36 26 20 27597 21 20 21 37400 16218 42 16626 23 53 80 20 2537 30 33 22 22 33 37 205 30 19485 27 24368 505 1119 2389 94860 3160 2270 2700 505471 6501 87442 2960 154 10419 529 802 5262 25012 26 35 3600
leaf_count=8743180 71 1167 20 12633 19402 36 26 20 27597 21 20 21 37400 16218 42 16626 23 53 80 20 2537 30 33 22 22 33 37 205 30 19485 27 24368 505 1119 2389 94860 3160 2270 2700 505471 6501 87442 2960 154 10419 529 802 5262 25012 26 35 3600
internal_value=2.97435e-05 -0.153946 2299.15 -2.16266 128.526 3376.88 1304.52 1940.35 159.324 3942.92 4201.83 2838.64 39.6094 32.5316 1685.84 184.545 3729.04 3360.82 196.372 442.205 194.008 4884.39 697.24 3117.8 3692.86 1766.47 5138.82 75.3566 4681.86 199.2 1118.53 87.0756 70.0004 220.46 49.5771 52.3913 94.3198 173.051 176.487 -3.42142 215.47 48.1967 13.7371 77.0981 67.3067 395.973 139.731 185.657 5.06676 316.975 651.623 154.168
internal_weight=9.67672e+06 9.67607e+06 648 9.52735e+06 148723 311 337 205 112598 233 212 119 278699 36125 78 83463 65 95 66035 629 65406 117 86 42 75 54 97 2742 60 62664 60 29135 19907 32367 216287 200540 18238 4659 30297 9.24865e+06 31248 182302 15747 3114 13579 609 17428 11763 62412 132 61 4767
internal_count=9676721 9676073 648 9527350 148723 311 337 205 112598 233 212 119 278699 36125 78 83463 65 95 66035 629 65406 117 86 42 75 54 97 2742 60 62664 60 29135 19907 32367 216287 200540 18238 4659 30297 9248651 31248 182302 15747 3114 13579 609 17428 11763 62412 132 61 4767
is_linear=0
shrinkage=0.0935239


Tree=2
num_leaves=53
num_cat=0
split_feature=4 3 2 16 4 12 9 9 16 9 16 16 2 6 16 3 6 16 6 4 13 4 16 3 3 16 13 16 16 13 16 3 13 4 3 12 5 16 16 13 12 16 12 9 12 16 9 16 2 13 16 13
split_gain=1.67651e+11 1.26429e+11 2.84919e+10 2.58169e+10 2.44239e+10 1.8757e+10 3.09562e+10 1.59805e+10 1.2126e+10 7.59161e+09 5.80058e+09 5.2398e+09 8.50221e+09 5.21426e+09 4.2618e+09 3.79812e+09 3.61989e+09 4.84449e+09 3.44631e+09 2.49693e+09 2.29155e+09 1.9619e+09 2.1708e+09 3.88158e+09 1.91105e+09 1.81847e+09 1.63294e+09 1.52028e+09 1.38375e+09 1.39624e+09 1.375e+09 1.30592e+09 1.48209e+09 1.1736e+09 9.79334e+08 9.68627e+08 9.07828e+08 1.03768e+09 8.60076e+08 8.72788e+08 8.45862e+08 8.19592e+08 5.07377e+09 2.62984e+09 1.77495e+09 9.05613e+08 8.30556e+08 7.94083e+08 7.92607e+08 7.00534e+08 1.09514e+09 6.70893e+08
threshold=0.91397700000000015 0.0021030000000000003 0.00045150000000000002 1741811.0000000002 0.92730450000000009 0.018189500000000001 0.00070650000000000021 0.00076650000000000015 82667.500000000015 0.00028650000000000008 1212132.5000000002 15860.500000000002 0.95353650000000012 0.9135660000000001 2362681.5000000005 0.0031475000000000006 0.89377350000000011 34247.000000000007 0.89377350000000011 1.5000000000000002e-06 0.00046750000000000009 0.23513350000000002 132672.50000000003 0.0090670000000000021 0.10002700000000002 121452.00000000001 -0.0052554999999999989 2118706.5000000005 1124781.0000000002 0.0025525000000000005 114023.50000000001 0.00098250000000000008 0.00022550000000000003 0.95752500000000007 0.0049835000000000009 -0.00081149999999999983 0.0013875000000000001 1218924.0000000002 191388.00000000003 -0.0026694999999999996 -0.0037869999999999996 15060.500000000002 -0.14644149999999997 0.00018850000000000006 -0.012156499999999999 4773.5000000000009 0.0089040000000000005 2132395.0000000005 7.6500000000000016e-05 -0.00049449999999999982 46005.000000000007 -0.00030949999999999993
decision_type=2 2 2 2 2 2 2 2 2 2 2 2 2 2 2 2 2 2 2 2 2 2 2 2 2 2 2 2 2 2 2 2 2 2 2 2 2 2 2 2 2 2 2 2 2 2 2 2 2 2 2 2
left_child=1 2 48 5 8 13 9 11 18 24 20 -6 16 15 26 36 -13 -18 -2 -17 31 22 35 28 -7 -22 -5 -12 29 -24 -10 49 51 -9 -16 -21 37 40 -38 -40 -3 42 43 45 -43 -23 -45 -28 -1 -4 -51 -33
right_child=4 3 10 14 7 6 -8 33 30 -11 27 12 -14 -15 34 19 17 -19 -20 21 25 41 23 -25 -26 -27 47 -29 -30 -31 -32 32 -34 -35 -36 -37 38 -39 39 -41 -42 44 -44 46 -46 -47 -48 -49 -50 50 -52 -53
leaf_value=-4.169268311280133 8012.1399410571757 -110.31626382646103 10.615587086924682 365.77676515189188 1597.8624715011306 429.98035399065458 6897.9567469738959 -500.18601304964812 4073.3561840583457 2819.8845608037509 31.257836563075429 6237.3905015116507 1624.7538007361445 2267.357647872951 -37.730836277260025 -10.262440115502585 2090.7450733022233 5211.1490547658277 5728.8860709578294 54.232216388187418 345.64007257649274 1874.5026733206623 217.26169288913383 450.59132218100933 -1425.9481207047204 101.41653294645936 101.17922048899345 -8.7737440855908897 194.31660710195442 288.0099901303679 2544.0498358939117 60.587342877510537 304.35913505895701 977.43779446822816 152.77531283078036 207.23510516270505 32.359994626640074 121.98154703280295 216.94928562826584 102.16910006045157 198.47717607625958 -449.0049332945581 2970.3569871937461 31.542258078397257 1054.3997716381018 784.9970265945559 740.60777026816345 40.025668814341905 3.6288595084277917 149.41249799382857 48.770679962929734 87.138510305647941
leaf_weight=8893835.5811691284 25 235 11847.053371429443 536 37 53 28 34 38 35 82228.141355514526 27 33 32 12513.034517288208 1119 22 32 57 2436.002592086792 1323 39 14683.00403213501 2212 20 2014 16262.002393722534 35603.240236282349 16927.002304077148 14541.001728057861 26 52287.065269470215 732 24 749.00066566467285 1952.0002880096436 2288.0017280578613 6798.0037441253662 2806 4546.0020160675049 20276.002016067505 52 24 155 34 41 60 8451.0112323760986 354981.68492889404 2971.002592086792 60387.079202651978 47627.03081703186
leaf_count=4862446 25 235 10552 536 37 53 28 34 38 35 78812 27 33 32 11722 1119 22 32 57 2373 1323 39 14585 2212 20 2014 16206 29982 16871 14499 26 50705 732 24 735 1945 2246 6707 2806 4497 20227 52 24 155 34 41 60 8178 241318 2908 58462 46878
internal_value=0.00147171 -0.12756 -2.28555 158.451 3516.69 205.283 2104.3 2394.67 5122.75 860.958 47.0511 3271.61 3814.73 202.453 47.3111 201.728 4706.73 3940.47 6425.81 228.974 65.3905 234.01 231.286 241.175 -78.5948 198.243 86.328 19.1621 231.137 252.464 3452.62 62.8695 74.9247 111.452 -26.9714 122.296 161.706 176.778 119.011 145.977 194.939 588.832 708.366 524.226 145.438 1316.26 229.458 80.2668 -3.86997 46.736 53.49 73.2438
internal_weight=9.67609e+06 9.67574e+06 9.54584e+06 129903 355 91392 136 209 146 108 297020 151 114 91256 38511 91224 81 54 82 54275 179188 53156 52751 48363 73 3337 25249 117831 46151 29224 64 175851 100646 58 13262 4388 36949 27309 9640 7352 20511 405 319 295 86 80 215 24713 9.24882e+06 75205.1 63358.1 99914.1
internal_count=5514759 5514404 5386132 128272 355 90895 136 209 146 108 282368 151 114 90759 37377 90727 81 54 82 54009 173574 52890 52485 48167 73 3337 24920 108794 45955 29084 64 170237 98315 58 12457 4318 36718 27169 9549 7303 20462 405 319 295 86 80 215 24384 5103764 71922 61370 97583
is_linear=0
shrinkage=0.161833


Tree=3
num_leaves=53
num_cat=0
split_feature=0 3 3 16 16 0 6 9 0 16 3 6 16 16 16 16 16 16 14 13 16 9 16 13 14 16 13 0 3 9 9 9 0 2 2 0 6 16 16 16 13 16 16 16 14 9 16 16 9 16 7 13
split_gain=7.03183e+10 5.36644e+10 1.25262e+10 1.14488e+10 1.06958e+10 1.05602e+10 1.27157e+10 7.57051e+09 7.52695e+09 1.01483e+10 2.25215e+10 3.53642e+09 3.18243e+09 2.90718e+09 2.88942e+09 2.47805e+09 2.4522e+09 5.5948e+09 2.31971e+09 1.59587e+09 1.67718e+09 1.58034e+09 1.68262e+09 1.5735e+09 1.38844e+09 1.17383e+09 2.28849e+09 1.29322e+09 1.09383e+09 9.80319e+08 1.02073e+09 1.16325e+09 9.63918e+08 8.9419e+08 8.19343e+08 1.15783e+09 7.04408e+08 6.80429e+08 6.68739e+08 8.30983e+08 9.20317e+08 6.07819e+08 5.95336e+08 5.88887e+08 5.76112e+08 9.35331e+08 5.55906e+08 5.24449e+08 5.0722e+08 5.04528e+08 4.85166e+08 7.57931e+08
threshold=0.91397700000000015 0.0022775000000000004 0.00078450000000000015 1619850.0000000002 10459.500000000002 0.92730450000000009 0.89377350000000011 0.00076650000000000015 0.23513350000000002 24713.500000000004 0.75452300000000017 0.94509250000000011 90376.000000000015 1661855.0000000002 28913.500000000004 2447024.0000000005 8149.5000000000009 5406.0000000000009 0.054875500000000008 0.00019850000000000003 135071.00000000003 0.00028650000000000008 158505.00000000003 0.0024710000000000005 0.010433000000000001 192965.00000000003 -0.011361999999999999 0.0019025000000000003 0.0053095000000000009 0.010863000000000003 0.0089040000000000005 0.00035250000000000006 0.95752500000000007 0.17539850000000004 0.0014155000000000003 7.050000000000002e-05 0.00010650000000000001 4773.5000000000009 17497.000000000004 46342.000000000007 -0.0001905 2068132.0000000002 58585.000000000007 507145.00000000006 2.4500000000000003e-05 0.00018450000000000001 70903.000000000015 2676.0000000000005 0.00036850000000000007 19221.000000000004 0.0013895000000000003 -0.0039999999999999992
decision_type=2 2 2 2 2 2 2 2 2 2 2 2 2 2 2 2 2 2 2 2 2 2 2 2 2 2 2 2 2 2 2 2 2 2 2 2 2 2 2 2 2 2 2 2 2 2 2 2 2 2 2 2
left_child=1 2 36 8 -2 6 -6 11 23 16 -11 14 42 19 -7 28 17 29 -18 38 -21 -12 24 25 -23 27 -27 -3 41 30 31 37 -9 44 -28 -36 -1 -10 -4 40 -40 -5 -8 -25 45 -29 -13 -33 -49 -46 -47 -52
right_child=4 3 13 15 5 7 12 32 9 10 21 46 -14 -15 -16 -17 18 -19 -20 20 -22 22 -24 43 -26 26 34 33 -30 -31 -32 47 -34 -35 35 -37 -38 -39 39 -41 -42 -43 -44 -45 49 50 -48 48 -50 -51 51 -53
leaf_value=-1.9994271508862806 -533.65506299137644 -15.530282128508937 -18.967140543274013 55.597453738586779 5298.6603418969653 1688.5302525217946 3283.3853928376243 -549.92490996732329 925.0941864185354 5274.5883989418908 107.6835509841809 1261.2164294986524 1469.393097766756 3.0571906257070314 3100.8592272527694 -27.058058547276303 394.55701936210085 2356.9068664767497 -1172.2555257964473 174.52052276829605 40.841472993243627 719.80776066161241 439.05095511984786 164.63382189250666 2008.7200546665422 258.36036919621426 -14.148361901604799 199.34883466386091 180.73335821364577 -534.02254466492741 939.16261383411961 -250.02512371271806 563.50648827372231 -597.96583978357603 198.13040197984228 94.67917244230253 5.6797128105214627 208.39185806790525 64.719790018126389 31.181772554291157 240.2831694561122 21.771371239295423 2498.5760262016447 119.40622660781155 110.40077094586945 130.5663339238547 385.08295164049503 -283.65694470481958 409.87120137690295 -19.066680054045097 127.49654896587448 -9.1731816703293472
leaf_weight=9115794.669095993 29 2835.0017280578613 3914.0003776550293 17928.006048202515 24 61 22 25 42 20 33 24 51 64312.169742584229 34 9461.0199565887451 25 20 33 2422 3395.0037441253662 20 35 5623 34 1349 992.00028800964355 1231.0008640289307 860 23 33 67 22 29 1694.0005760192871 42748.009504318237 183534.06562423706 38 2740.0005760192871 179192.13968467712 538 14449.014957427979 44 18946.003744125366 710 1602 20 22 57 1254.0011520385742 1006.0008640289307 1557.0020160675049
leaf_count=5033541 29 2793 3907 17781 24 61 22 25 42 20 33 24 51 60315 34 9013 25 20 33 2422 3304 20 35 5623 34 1349 985 1210 860 23 33 67 22 29 1680 42517 157703 38 2726 175797 538 14092 44 18855 710 1602 20 22 57 1226 985 1508
internal_value=-0.00235075 -0.0657792 -1.10991 79.8975 1724.72 1925.07 2726.07 1317.75 106.71 580.459 1458.99 1772.98 2197.94 25.6434 2194.25 28.3564 233.898 374.262 -496.881 33.2009 96.5011 833.056 1101.96 103.794 1531.51 92.6048 100.837 54.9341 44.1303 233.553 301.742 208.623 -28.6149 81.9699 96.1602 98.6225 -1.84787 584.711 31.2253 32.3019 93.5348 40.5018 2760.59 129.757 84.6501 105.365 863.218 2.51424 216.696 27.7369 77.5866 44.471
internal_weight=9.68097e+06 9.68062e+06 9.55584e+06 124776 356 327 141 186 82078 502 142 139 117 256513 95 42698 360 302 58 192201 5817 122 89 81576 54 57007 46783 10224 33237 282 259 226 47 7389 45434 44442 9.29933e+06 80 186384 182470 3278 32377 66 24569 7360 5396 44 146 79 1964 4165 2563
internal_count=5563929 5563573 5440253 123320 356 327 141 186 81574 502 142 139 117 249009 95 41746 360 302 58 188694 5726 122 89 81072 54 56594 46531 10063 32733 282 259 226 47 7270 45182 44197 5191244 80 182968 179061 3264 31873 66 24478 7241 5305 44 146 79 1936 4095 2493
is_linear=0
shrinkage=0.122724


Tree=4
num_leaves=53
num_cat=0
split_feature=4 8 16 8 16 14 1 16 8 16 16 16 16 8 16 16 13 4 8 16 7 4 14 16 14 6 16 14 16 16 16 13 7 16 8 16 16 1 16 16 16 16 16 8 14 16 1 14 13 16 16 16
split_gain=2.99867e+10 2.17883e+10 6.57894e+09 4.82036e+09 3.84655e+09 2.90584e+09 4.61015e+09 3.7135e+09 3.35561e+09 4.11143e+09 2.96688e+09 9.45301e+09 2.52172e+09 2.0712e+09 2.3365e+09 1.86951e+09 2.63685e+09 1.63279e+09 1.35045e+09 1.5647e+09 9.08899e+08 8.31974e+08 7.84877e+08 8.47738e+08 7.75067e+08 7.22909e+08 7.14068e+08 5.96494e+08 5.90465e+08 5.8275e+08 8.72433e+08 7.86328e+08 5.81983e+08 3.93795e+09 1.26796e+09 1.21401e+09 7.59668e+08 1.21487e+09 5.63137e+08 5.56672e+08 5.43179e+08 5.2851e+08 5.21212e+08 5.15164e+08 5.02661e+08 4.79695e+08 4.4952e+08 4.16217e+08 7.37585e+08 3.81128e+08 3.75031e+08 3.60519e+08
threshold=0.8177930000000001 0.0010905000000000001 7591.0000000000009 0.0031380000000000006 2163246.0000000005 0.010433000000000001 0.92514000000000018 26451.500000000004 0.92513900000000004 42255.000000000007 15860.500000000002 34351.500000000007 182527.00000000003 0.95254850000000013 37006.000000000007 1128030.0000000002 0.0001485 1.0000000180025095e-35 0.95254850000000013 5107.0000000000009 0.00030950000000000004 0.95752500000000007 0.00019300000000000003 500984.50000000006 0.00034050000000000004 0.9135660000000001 430643.00000000006 9.5000000000000022e-06 25009.500000000004 1530333.0000000002 169575.50000000003 -0.016259999999999997 0.16861500000000004 24713.500000000004 0.92074100000000014 14852.000000000002 2395.0000000000005 0.57152900000000006 2426188.0000000005 196777.00000000003 10179.000000000002 636349.50000000012 93380.000000000015 0.0054920000000000012 3.750000000000001e-05 155190.50000000003 0.00029750000000000008 1.8500000000000006e-05 -0.0042729999999999999 2570770.5000000005 35325.500000000007 2830277.5000000005
decision_type=2 2 2 2 2 2 2 2 2 2 2 2 2 2 2 2 2 2 2 2 2 2 2 2 2 2 2 2 2 2 2 2 2 2 2 2 2 2 2 2 2 2 2 2 2 2 2 2 2 2 2 2
left_child=1 20 18 15 17 45 8 -8 9 -7 40 -12 25 14 -9 16 22 -5 19 -2 -1 -15 28 -24 41 -11 -18 38 -3 30 32 -32 47 34 35 -34 -36 -38 -17 -26 -10 46 -13 49 -31 -4 -22 48 -19 -6 -30 -45
right_child=2 3 5 4 43 6 7 13 10 12 11 42 -14 21 -16 27 26 29 -20 -21 24 -23 23 -25 39 -27 -28 -29 50 44 31 -33 33 -35 36 -37 37 -39 -40 -41 -42 -43 -44 51 -46 -47 -48 -49 -50 -51 -52 -53
leaf_value=-1.1428840171836603 -271.49527540452834 -3.5234976327115026 470.89805295947633 -35.28282709463582 3.5763346292122424 -508.42804904562149 -379.75456466724768 531.49157829825288 1571.2331074824899 1730.8615554838545 4200.0960324163298 1743.001903919861 81.528470391640326 -117.52804581458226 2050.7424904805957 15.021768998743459 86.913882467765575 128.76248600405071 -206.6448685373249 919.70631030843901 -8.3506247610700068 739.07869394458112 -315.94720126233068 409.76306965248034 35.838506688411762 1034.2425782774114 47.626858794425374 -25.477070551832881 88.266566289681492 47.287740721861844 226.10530893160444 80.259185502211849 -820.66516307304983 1477.243684825957 -107.58159314497971 117.75550067869983 919.21405824636633 58.335194789995256 -12.51801290111092 261.73547796707157 868.51205180244892 3.0538198794638394 1067.1795071920294 121.73044584181729 186.96564379160264 -195.87573253297188 25.703480086485762 1.1766788124202689 23.161616576483603 -42.743907798517803 24.139731333737387 -27.29183935155671
leaf_weight=9258933.1136493683 22 10401.000576019287 41 1997 9099.0153160095215 21 38 22 23 57 22 34 20 20 32 77908.083177566528 10066.001152038574 1261 81 40 6008.0043201446533 54 25 121 299 29 14600.003456115723 5949.0026817321777 1189.0031681060791 15610.009216308594 482 38684.005760192871 35 28 49 36 39 46 10900.025012969971 265 37 72631.132057189941 26 695 339 21 29519.025632858276 3003.0011520385742 2625.0014400482178 3056.0035266876221 96226.059906005859 299.0003776550293
leaf_count=5190302 22 10387 41 1997 8742 21 38 22 23 57 22 34 20 20 32 75906 10038 1261 81 40 5903 54 25 121 299 29 14516 5886 1112 15386 482 38544 35 28 49 36 39 46 10340 265 37 69502 26 695 339 21 28896 2975 2590 2979 94770 292
internal_value=0.00115153 -0.0502458 776.759 29.811 54.276 971.931 1075.53 605.19 1365.74 941.813 1744.81 2188.55 1229.17 897.612 1431.94 21.4851 30.1828 65.7235 98.4578 496.993 -1.02175 507.571 22.5344 285.464 9.2939 1496.07 63.6596 9.31124 22.1783 68.9645 75.4104 82.0541 38.8745 215.264 42.8189 -344.867 248.248 453.383 11.6416 141.981 1138.14 8.60197 1450.4 -1.64584 50.2568 245.083 19.9445 32.9082 57.4292 -8.06945 24.9224 76.903
internal_weight=9.67306e+06 9.67242e+06 640 304768 77383 497 435 166 269 127 142 82 106 128 54 227385 132628 64234 143 62 9.36766e+06 74 107962 146 108722 86 24666 94757.1 107816 62237 46288 39166 7122 233 205 71 134 85 88808.1 564 60 108158 60 13149 15949 62 35527 6889 3886 12155 97415.1 994
internal_count=5595423 5594783 640 299616 76515 497 435 166 269 127 142 82 106 128 54 223101 130969 63807 143 62 5295167 74 106415 146 104865 86 24554 92132 106269 61810 46085 39026 7059 233 205 71 134 85 86246 564 60 104301 60 12708 15725 62 34799 6826 3851 11721 95882 987
is_linear=0
shrinkage=0.113484


Tree=5
num_leaves=53
num_cat=0
split_feature=0 8 11 11 11 8 0 11 11 0 12 8 8 11 0 9 15 8 11 12 15 4 12 9 9 0 9 8 15 5 8 0 8 12 11 11 0 12 0 15 8 15 8 15 9 11 9 11 5 11 12 11
split_gain=1.26306e+10 9.72842e+09 7.93109e+09 3.58057e+09 5.82973e+09 5.98321e+09 5.74944e+09 5.39464e+09 3.88707e+09 5.33984e+09 3.03848e+09 1.84233e+09 2.15012e+09 1.72753e+09 1.67571e+09 1.47604e+09 1.40107e+09 1.25153e+09 1.19832e+09 2.26017e+09 1.30042e+09 1.12481e+09 8.92127e+08 8.74671e+08 1.44221e+09 6.2942e+08 6.1797e+08 6.00661e+08 5.91274e+08 5.44591e+08 6.03367e+08 4.7196e+08 4.5698e+08 4.49762e+08 4.4751e+08 1.67998e+09 8.0186e+08 4.24035e+08 3.84357e+08 3.83544e+08 2.97805e+08 6.82554e+08 2.94798e+08 3.18978e+08 2.93341e+08 3.49549e+08 2.91282e+08 2.80557e+08 2.38512e+08 2.03278e+08 2.00125e+08 1.68757e+08
threshold=0.8177930000000001 0.0018985000000000002 0.94009900000000013 0.00037650000000000004 0.00040950000000000009 0.96228150000000012 0.92730450000000009 0.00042650000000000007 0.28534100000000007 0.95752500000000007 -0.022734999999999995 0.95254850000000013 0.96647850000000013 0.00036750000000000004 0.00022550000000000003 0.0075360000000000002 0.048364000000000011 0.92513900000000004 0.22499750000000004 -0.00097649999999999983 7.5000000000000002e-06 0.0025755000000000001 -0.0037269999999999998 0.00037250000000000011 0.0017465000000000004 1.0000000180025095e-35 0.00035950000000000006 0.0033935000000000002 0.0023860000000000005 0.009866500000000002 0.25019750000000002 0.10952100000000002 0.0029830000000000004 -0.032569999999999995 0.00038550000000000005 0.00041650000000000004 0.23513350000000002 -0.0033129999999999995 7.2500000000000014e-05 0.00015450000000000004 0.0010345 1.0000000180025095e-35 0.0064470000000000005 1.0000000180025095e-35 3.5500000000000002e-05 0.00071850000000000006 0.0074250000000000002 0.0060180000000000016 0.00033950000000000007 0.00036450000000000008 0.0016970000000000002 0.94009900000000013
decision_type=2 2 2 2 2 2 2 2 2 2 2 2 2 2 2 2 2 2 2 2 2 2 2 2 2 2 2 2 2 2 2 2 2 2 2 2 2 2 2 2 2 2 2 2 2 2 2 2 2 2 2 2
left_child=1 14 3 6 5 33 13 -6 9 -9 -10 -4 16 -2 -1 17 -13 26 20 23 21 25 -17 51 28 -3 -12 38 -25 32 47 42 -22 -5 36 -36 -33 -28 -27 -34 -16 -42 -23 49 45 -43 -26 -31 -40 -44 -50 -20
right_child=2 18 11 4 7 -7 -8 8 10 -11 15 12 -14 -15 40 22 -18 -19 19 -21 29 31 -24 24 46 27 37 -29 -30 30 -32 34 39 -35 35 -37 -38 -39 48 -41 41 44 43 -45 -46 -47 -48 -49 50 -51 -52 -53
leaf_value=-0.97160928792158274 170.07201187661394 -33.711376628180439 -1158.9617411108929 -1683.8876675911408 3083.0214144902702 1104.6228155829626 3147.9041698145757 -937.41513917846544 2339.5556552036878 1324.6749414641047 428.81827362452395 -67.948867876189013 -935.26649118032606 1694.6406570221591 5.3567989126601585 -202.78146413492388 1223.4848877488125 1775.3438266141088 -139.39016771824748 1765.3717433677866 9.296967216647694 67.895138453115322 933.03380937573831 663.1685782150538 -270.07180954603058 73.515621890494614 671.5719927206593 49.798842787167807 1638.9852174608675 -34.293873699446003 -506.44255301913103 -50.34330719757471 -22.594757583033076 -820.93789574983793 1296.4335970358482 -456.12290974375748 -718.25458857940055 1498.2374865053539 35.979025745814582 -119.69369444571096 21.637459251983948 -39.198341118603793 104.14941927932401 145.11941424380356 0.99462955166548939 106.12788155714782 332.10285660353287 103.0603667897084 22.140894616324353 -26.5352599844162 -19.166261790986407 258.29818371143642
leaf_weight=9172125.4535732269 33 2608.0015106201172 37 29 22 33 33 49 34 35 38 42 33 26 198133.87103271484 31 27 43 92 20 12316.006336212158 12764.005184173584 24 31 30 3562.0018177032471 20 39604.018682479858 20 352.00028800964355 35 358 5300.0041217803955 20 20 23 39 31 30411.02041053772 937.00057601928711 87122.071926116943 462 543.00028800964355 2190.0003776550293 61337.048238754272 1084.0008640289307 33 1681.0002880096436 41226.027143478394 408 2431.0037441253662 27
leaf_count=5143774 33 2580 37 29 22 33 33 49 34 35 38 42 33 26 177063 31 27 43 92 20 12162 12638 24 31 30 3520 20 39163 20 345 35 358 5202 20 20 23 39 31 29928 923 85400 462 536 2183 60182 1063 33 1674 40575 408 2340 27
internal_value=0.000853539 -0.0402484 621.482 880.897 703.484 -351.205 1669.44 967.974 815.302 5.20939 1123.2 -313.478 -6.71542 842.147 -0.609995 901.925 437.474 1155.62 34.495 338.717 34.0041 38.9617 292.96 216.174 493.093 34.2661 856.044 35.7784 1046.05 1.26251 69.3612 73.3897 -6.32809 -1331.81 -69.5392 359.083 -115.978 1174.21 28.6257 -37.1824 8.91715 13.6198 77.3439 115.74 2.51166 62.6986 45.371 79.2779 26.4668 48.0827 19.8407 -49.1258
internal_weight=9.67797e+06 9.67733e+06 640 501 409 82 92 327 305 84 221 139 102 59 9.52026e+06 187 69 132 157061 253 156808 136187 55 233 114 119842 89 117234 51 20621 2068 16345 18553 49 440 43 397 51 77630.1 6237 348139 150005 15905 3141 62883 1546 63 2033 74068.1 951 43657 119
internal_count=5623489 5622849 640 501 409 82 92 327 305 84 221 139 102 59 5467944 187 69 132 154905 253 154652 134311 55 233 114 118106 89 115526 51 20341 2054 16205 18287 49 440 43 397 51 76363 6125 324170 147107 15765 3127 61707 1525 63 2019 72843 944 42915 119
is_linear=0
shrinkage=0.139903


Tree=6
num_leaves=53
num_cat=0
split_feature=4 3 11 16 11 4 4 9 12 16 4 16 14 12 16 16 12 6 16 14 3 11 16 11 9 14 16 11 16 16 6 12 13 4 16 14 6 3 16 11 9 13 14 16 11 16 14 12 11 13 16 11
split_gain=5.3207e+09 4.12056e+09 3.34098e+09 2.36467e+09 1.50824e+09 2.55675e+09 6.87297e+09 1.10254e+10 4.42792e+09 2.49754e+09 2.8673e+09 1.637e+09 1.72994e+09 1.41319e+09 2.25236e+09 1.69746e+09 8.88757e+08 7.72525e+08 7.81686e+08 9.83412e+08 6.5615e+08 6.30135e+08 6.01353e+08 4.75865e+08 4.64472e+08 4.44555e+08 4.4142e+08 4.34033e+08 1.66393e+09 4.33771e+09 8.98739e+08 9.90101e+08 8.29639e+08 4.73758e+08 6.79446e+08 3.4719e+08 3.44493e+08 1.26877e+09 7.54157e+08 4.98844e+08 4.55324e+08 3.25952e+08 4.15728e+08 3.20026e+08 3.04425e+08 6.64143e+08 2.95851e+08 2.92146e+08 5.09575e+08 3.6902e+08 6.45555e+08 6.39185e+08
threshold=0.8177930000000001 0.0015495000000000003 0.94009900000000013 1571337.0000000002 0.00037650000000000004 0.92730450000000009 0.95752500000000007 0.00020650000000000003 -0.0052394999999999994 45098.000000000007 0.91397700000000015 158068.50000000003 0.025577000000000006 -0.14644149999999997 21550.500000000004 5231.5000000000009 0.018189500000000001 0.00021350000000000001 2204997.5000000005 1.5000000000000002e-06 0.0027930000000000008 0.00037050000000000006 26028.500000000004 0.030822500000000006 0.00018150000000000005 9.5000000000000022e-06 2545924.0000000005 0.22499750000000004 24713.500000000004 178508.00000000003 0.49003550000000001 -0.38101949999999996 -0.12002949999999998 0.23513350000000002 11286.000000000002 1.3500000000000001e-05 0.49003550000000001 0.31883150000000005 2641.5000000000005 0.96218650000000017 0.0014645000000000003 -0.0038134999999999996 8.5000000000000016e-06 163127.50000000003 6.6500000000000017e-05 333012.50000000006 1.0000000180025095e-35 -0.0078809999999999974 0.00021950000000000005 0.0018875000000000001 418502.00000000006 0.0023080000000000006
decision_type=2 2 2 2 2 2 2 2 2 2 2 2 2 2 2 2 2 2 2 2 2 2 2 2 2 2 2 2 2 2 2 2 2 2 2 2 2 2 2 2 2 2 2 2 2 2 2 2 2 2 2 2
left_child=1 17 4 20 9 11 7 -7 -8 10 -2 13 -13 15 -15 -6 23 -1 19 44 24 -11 -4 -16 25 -3 41 30 32 -30 33 -32 36 34 -22 -26 37 40 39 -38 -29 -5 -43 -27 -19 -46 -47 -36 -49 51 -51 -50
right_child=2 3 22 26 5 6 8 -9 -10 21 -12 12 -14 14 16 -17 -18 18 -20 -21 27 -23 -24 -25 35 43 -28 28 29 -31 31 -33 -34 -35 47 -37 38 -39 -40 -41 -42 42 -44 -45 45 46 -48 48 49 50 -52 -53
leaf_value=-0.66352456925382086 577.50996594606693 109.26727693890857 -73.65814146011661 60.318524123545195 972.29615722983431 -2986.008779455145 2835.6238964713916 820.52394311798366 149.71032198121014 887.99659823843751 2904.984319989263 -902.80756586594987 920.16889479110705 2470.7782857515926 1370.6493044323904 -787.33535362992745 1563.5649267342806 -0.44019601842152095 -12.117146680223495 -11.535959957787471 -171.56201086906106 -194.54237849790269 -877.75333737922642 601.1465789448215 20.295428954522617 -112.70714205802533 -37.85204696485178 -86.06094486971763 2627.3338815636671 -379.1057580318095 35.832924599549905 -1115.8754014703597 936.47638686860478 692.81943802891305 -13.437854769058262 -25.003189793127138 -632.80813001795855 -1003.7323954722708 931.02968537325364 342.22616507588634 711.11728741626291 5.2482174408413886 -36.781132869032618 40.932812295810706 32.780909162837752 6.3413773226510584 19.516049186921588 81.820514371484407 -9.7580099403884955 86.986620172510726 39.791232010689598 56.90036198507795
leaf_weight=9211807.2508907318 20 2338.0002880096436 115 1974.0011520385742 25 33 20 32 38 24 26 25 20 21 20 22 32 28913.054433822632 40205.195182800293 39302.015712738037 312 22 24 121 36449.016704559326 319 6742.006368637085 65 20 21 34 30 21 24 1803.0236167907715 4012.0008640289307 21 30 22 24 20 37307.03826713562 5810.0028800964355 3140.0005760192871 38627.033985137939 95695.152069091797 58769.02592086792 7574.0028800964355 7053.0020160675049 7441.0002880096436 36849.012096405029 5445.0023040771484
leaf_count=5212738 20 2331 115 1946 25 33 20 32 38 24 26 25 20 21 20 22 32 27590 35557 38931 312 22 24 121 36043 319 6609 65 20 21 34 30 21 24 1229 3991 21 30 22 24 20 36390 5740 3126 37801 91999 58139 7504 7004 7434 36555 5389
internal_value=-0.000345242 -0.0282114 421.386 22.8775 597.278 476.989 -80.2008 -1112.1 1076.18 1131.92 1893.28 716.618 -92.4778 867.708 1041.9 148.681 868.305 -0.42525 6.85453 9.77357 34.7275 370.369 -212.545 710.401 21.3472 60.0382 -2.9717 43.9919 238.558 1087.63 43.2786 -504.076 67.0179 43.8055 43.5711 15.8037 -33.3622 -186.837 230.034 -112.79 101.566 2.2436 -0.415215 26.7631 13.5461 15.6403 11.354 44.5857 46.2112 41.4619 47.7204 19.283
internal_weight=9.67886e+06 9.67822e+06 640 164900 501 409 123 65 58 92 46 286 45 241 194 47 173 9.51332e+06 301511 261306 113067 46 139 141 46258 5797 51833 66809 244 41 66565 64 203 66501 66477 40461 182 115 67 45 85 45091 43117 3459 222004 193091 154464 66165 64362 56788 44290 12498
internal_count=5665649 5665009 640 162254 501 409 123 65 58 92 46 286 45 241 194 47 173 5502755 290017 254460 111569 46 139 141 45810 5776 50685 65759 244 41 65515 64 203 65451 65427 40034 182 115 67 45 85 44076 42130 3445 215529 187939 150138 65115 63886 56382 43989 12393
is_linear=0
shrinkage=0.146153


Tree=7
num_leaves=53
num_cat=0
split_feature=1 3 12 2 8 12 8 9 2 8 12 14 9 14 2 1 2 3 12 12 8 14 1 14 14 8 9 9 8 12 14 3 10 3 9 9 9 8 9 8 8 14 3 5 8 3 14 14 10 14 9 14
split_gain=9.13377e+10 6.92615e+10 1.90919e+10 1.29618e+10 6.60044e+09 5.7874e+09 1.01719e+10 5.75445e+09 3.48519e+09 3.0045e+09 2.01517e+09 1.62289e+09 1.41706e+09 1.38677e+09 1.20832e+09 1.19816e+09 1.0649e+09 1.04093e+09 9.12086e+08 9.08894e+08 8.52018e+08 1.48616e+09 8.08068e+08 8.04725e+08 7.65677e+08 6.49175e+08 7.6132e+08 6.13044e+08 2.84678e+09 7.07838e+08 6.01576e+08 1.48825e+09 6.99429e+08 5.89601e+08 5.40201e+08 4.9411e+08 7.51575e+08 7.10905e+08 5.11319e+08 4.80798e+08 4.2485e+08 4.63813e+08 3.89453e+08 3.68254e+08 3.58459e+08 3.56455e+08 3.38938e+08 3.34551e+08 3.24791e+08 3.24728e+08 3.17036e+08 3.13436e+08
threshold=0.67893700000000012 0.0016720000000000001 -0.0078809999999999974 0.00042050000000000003 0.95254850000000013 -0.14644149999999997 0.92513900000000004 0.00036850000000000007 0.90392850000000002 0.0033655000000000004 0.0072550000000000002 0.025577000000000006 0.0073525000000000005 0.0079820000000000012 0.034391000000000012 0.91422250000000005 0.0017475000000000001 0.0024035000000000007 -0.0045529999999999989 -0.0048009999999999988 6.6500000000000017e-05 0.00027550000000000008 0.19902250000000002 0.025577000000000006 1.1500000000000002e-05 0.95254850000000013 0.0042855000000000002 0.0015215000000000003 0.92513900000000004 -0.14644149999999997 0.00019300000000000003 0.0090670000000000021 0.019034000000000002 0.0060610000000000013 0.0003765000000000001 0.0003165000000000001 0.00035250000000000006 0.92513900000000004 0.0041040000000000009 0.0083510000000000025 0.0010345 1.5000000000000002e-06 0.0090670000000000021 0.00033750000000000007 0.0016155000000000002 0.0034980000000000007 2.5000000000000002e-06 0.00019300000000000003 0.00018250000000000002 0.014463000000000002 0.010863000000000003 1.5500000000000004e-05
decision_type=2 2 2 2 2 2 2 2 2 2 2 2 2 2 2 2 2 2 2 2 2 2 2 2 2 2 2 2 2 2 2 2 2 2 2 2 2 2 2 2 2 2 2 2 2 2 2 2 2 2 2 2
left_child=1 3 5 20 11 25 8 15 -7 17 16 18 -9 -10 42 -8 -11 43 49 -13 21 -1 30 -6 45 26 -2 29 -29 34 31 32 33 50 -24 -21 -37 38 -38 -35 -5 -42 -12 -3 -43 46 -19 -45 -26 -4 -18 -41
right_child=2 9 4 40 23 6 7 12 13 10 14 19 -14 -15 -16 -17 22 24 -20 35 -22 -23 27 -25 48 -27 -28 28 -30 -31 -32 -33 -34 39 -36 36 37 -39 -40 51 41 44 -44 47 -46 -47 -48 -49 -50 -51 -52 -53
leaf_value=-1.1841439352479022 428.30865592301876 34.565465484340784 930.60035124808996 8.9368492613120232 305.00710588588976 -428.49464973373568 1542.1647775161757 118.71480920579295 72.255881310534164 -4.6884577824545799 -36.077616222789736 979.04025851181166 737.26653108893731 558.5909441373293 555.52707151798279 1060.5313301230672 47.917179550682555 33.822324942346832 665.61234390563641 1658.0612368369109 1.3006912178490166 196.64651260152937 260.1638516339728 713.11927794394762 45.692910407823163 -1.0201401281572386 12.832804489435604 876.42587204675112 89.958518947692042 -136.51541656948623 12.004132081341538 96.712025837686028 -32.484780344276693 97.454566700017068 -76.548906636414614 1029.6746684341235 1336.5262849730177 1161.0044126272994 1726.3265496800216 0.86939582171817387 15.445853197462911 2.3063951194002628 153.43681601926716 19.432596852853347 12.967755720472697 24.149024410928199 43.652479558786801 182.77424030925931 2.5346412879850857 1222.0817841257954 19.565678194937831 71.786177168050131
leaf_weight=8741197.9489650726 36 7701.0046081542969 20 109882.31000328064 25 25 35 21 34.000288009643555 1280 40 20 32 49 25 36 51354.031297683716 19117.012365341187 20 22 500735.10297966003 130 63 49 746.0003776550293 76 26 21 63 36 1479 2226.0005760192871 368 1479.0008640289307 22 20 20 22 28 360.00057601928711 124254.19701957703 18675.021005630493 515 22500.018035888672 25601.024192810059 5366.0061378479004 32306.022100448608 43 2990.0034561157227 39 1387.0014400482178 524
leaf_count=4749367 36 7589 20 102476 25 25 35 21 27 1280 40 20 32 49 25 36 50626 18823 20 22 376991 130 63 49 739 76 26 21 63 36 1479 2212 368 1458 22 20 20 22 28 346 119557 18171 515 22066 25013 5219 31795 43 2906 39 1352 524
internal_value=0.000477825 -0.0463132 690.955 -0.671993 1050.91 413.684 592.159 953.729 176.984 39.1401 49.1553 1217.68 492.271 359.388 157.707 1298.11 48.1174 32.3828 1007.62 1343.33 -1.04673 -1.1812 49.2556 575.319 36.8124 113.614 254.096 165.227 286.664 80.9077 48.8539 49.7984 47.9159 48.4528 173.002 1408.31 1347.09 1437.63 1564.19 77.0484 11.7677 13.6134 139.776 23.5182 8.47095 38.5005 39.998 19.7443 11.1526 1123.43 47.1716 42.9067
internal_weight=9.67314e+06 9.67249e+06 655 9.52048e+06 285 370 232 124 108 152011 61242 211 53 83.0003 580 71 60662 90769.1 79 132 9.24206e+06 8.74133e+06 59382 74 60525 138 62 205 84 121 59177 57698 55472 55104 85 112 90 70 48 2363 278413 168530 555 30244 44276 56789 51423 22543 3736 59 52741 884.001
internal_count=5541963 5541315 648 5391705 285 363 225 124 101 149610 60430 211 53 76 580 71 59850 89180 79 132 5126488 4749497 58570 74 59482 138 62 205 84 121 58365 56886 54674 54306 85 112 90 70 48 2328 265217 162741 555 29698 43184 55837 50618 22109 3645 59 51978 870
is_linear=0
shrinkage=0.058515


Tree=8
num_leaves=53
num_cat=0
split_feature=8 8 11 11 15 6 8 2 14 1 6 11 14 14 2 15 11 2 8 8 8 15 15 14 15 15 14 6 2 15 10 14 8 8 14 6 13 13 8 11 14 14 14 10 13 8 11 2 15 13 2 8
split_gain=9.22515e+09 7.27864e+09 4.57406e+09 2.61204e+09 3.22002e+09 2.94106e+09 2.3511e+09 2.38366e+09 2.0765e+09 2.68169e+09 1.7669e+09 1.43926e+09 2.70193e+09 3.97368e+09 2.68586e+09 1.92604e+09 1.2491e+09 1.22476e+09 1.07962e+09 8.98286e+08 1.4378e+09 1.39347e+09 1.19145e+09 7.57258e+08 6.85606e+08 6.27967e+08 6.14213e+08 5.6823e+08 5.63276e+08 6.86766e+08 5.26497e+08 4.75082e+08 5.42841e+08 4.32988e+08 6.7152e+08 4.28696e+08 4.17573e+08 4.16272e+08 4.05165e+08 3.90076e+08 3.53233e+08 3.03724e+08 2.57092e+08 2.38253e+08 2.19091e+08 2.12806e+08 2.08743e+08 2.05526e+08 1.9971e+08 1.94156e+08 1.95946e+08 1.88131e+08
threshold=0.92074100000000014 0.0018595000000000003 0.94009900000000013 0.00037550000000000002 0.033185500000000007 0.89377350000000011 0.96647850000000013 0.91595400000000005 0.054875500000000008 0.57152900000000006 0.89377350000000011 0.22499750000000004 0.025577000000000006 0.046726000000000011 0.59831400000000012 0.041114000000000005 0.00042750000000000009 0.00029050000000000007 0.95254850000000013 0.95254850000000013 0.96647850000000013 0.048364000000000011 0.037011000000000009 0.014463000000000002 0.0013045000000000003 6.5000000000000013e-06 0.00027550000000000008 0.009300000000000001 0.90392850000000002 0.019940000000000003 0.00044450000000000007 0.013005500000000001 0.92513900000000004 0.0036005000000000004 0.00019300000000000003 0.0025240000000000006 -0.00045249999999999994 -0.0065854999999999985 0.0013585000000000001 0.96218650000000017 1.0000000180025095e-35 0.019083500000000003 0.00019300000000000003 0.0018505000000000004 0.00025750000000000008 0.0079555000000000025 0.0077640000000000009 0.0021335000000000004 0.00015450000000000004 0.0033000000000000004 0.0023555000000000004 0.0016555000000000001
decision_type=2 2 2 2 2 2 2 2 2 2 2 2 2 2 2 2 2 2 2 2 2 2 2 2 2 2 2 2 2 2 2 2 2 2 2 2 2 2 2 2 2 2 2 2 2 2 2 2 2 2 2 2
left_child=1 17 3 10 6 -6 8 -8 23 -10 -2 14 24 -14 25 -15 18 26 -11 22 21 39 -4 -5 -13 33 -1 35 29 -26 46 -7 -33 42 37 -27 40 -35 -38 -21 -19 -12 43 -3 -40 -32 -29 -44 -37 50 -39 -42
right_child=2 11 19 4 5 31 7 -9 9 16 41 12 13 15 -16 -17 -18 36 -20 20 -22 -23 -24 -25 28 27 -28 30 -30 -31 45 32 -34 34 -36 48 38 49 44 -41 51 -43 47 -45 -46 -47 -48 -49 -50 -51 -52 -53
leaf_value=-0.82234367874794079 2389.154981488784 32.482998690126664 -35.906676243682952 312.66693922642179 2228.994409114146 209.73794348388716 1958.281224557029 328.37101033084974 808.15934613234901 217.56556687945573 647.80710667818687 689.77068190267153 2200.2850862068599 -304.51140886584733 -1375.8223087476247 1052.2622421391907 -1439.6627284272365 36.280721662720531 -902.45702869108015 -143.954284250483 -476.29519401812524 1298.3247279869231 -1359.868145412569 1240.4071433980246 -73.32402745985857 16.795509245833419 188.63753393411341 -105.1184516817798 502.4655910822475 -888.35618396438372 411.91997845438277 1473.841869663964 609.16703623355079 103.81953257804797 -28.439469198762339 -15.794810592488203 8.4680811515098906 -5.4528773681681697 22.907603539145811 532.56360762567454 -11.674702699914539 1324.0822848886842 -63.706155182756923 18.315573169146635 70.695287317440915 154.68333767418815 51.728046537307947 285.91592365227115 -83.592369257551525 25.580468647053372 53.601824035434966 6.5627824110991266
leaf_weight=9208746.4314613342 27 62358.048847198486 37 40 37 23 30 40 34 35 24 23 31 41 26 39 26 4063.0014400482178 31 41 47 27 20 29 94 13059.005760192871 327 188 23 25 69 23 35 2513 2241 7233.0040321350098 229642.50457000732 1122.0005760192871 24772.019962310791 27 35226.016506195068 27 43 35656.021383285522 1980.0002880096436 562 1179.0005760192871 127 938.00028800964355 7319.0014400482178 24956.010835647583 15595.008243560791
leaf_count=5180976 27 61210 37 40 37 23 30 40 34 35 24 23 31 41 26 39 26 4028 31 41 47 27 20 29 94 12919 327 188 23 25 69 23 35 2513 2241 7135 217518 1108 24289 27 34827 27 43 35145 1973 562 1165 127 931 7284 24697 15399
internal_value=-0.000890024 -0.0361272 516.81 755.917 607.391 1208.04 339.892 1027.05 93.1653 -240.656 1485.04 29.2169 344.62 871.93 28.6714 356.979 -628.35 -0.527342 -308.571 -37.0852 148.985 458.375 -500.604 702.683 -10.1377 28.9004 -0.815616 7.88973 -123.569 -244.62 78.3705 741.469 952.242 32.4801 44.9781 1.25657 8.00113 49.5598 10.3437 124.716 -2.9425 1006.05 27.6237 27.3291 26.4446 182.819 30.1562 197.473 -23.5779 45.4769 51.061 -6.07831
internal_weight=9.68088e+06 9.68022e+06 660 461 383 118 265 70 195 126 78 159865 276 111 159589 80 92 9.52035e+06 66 199 142 95 57 69 165 159563 9.20907e+06 23228 142 119 1998 81 58 136335 38151 21230 311279 35910 256395 68 54884 51 98184.1 98014.1 26752 631 1367 170 8171 33397 26078 50821
internal_count=5637636 5636976 660 461 383 118 265 70 195 126 78 157639 276 111 157363 80 92 5479337 66 199 142 95 57 69 165 157337 5181303 22969 142 119 1984 81 58 134368 37843 20985 298034 35602 243780 68 54254 51 96525 96355 26262 631 1353 170 8066 33089 25805 50226
is_linear=0
shrinkage=0.138242


Tree=9
num_leaves=53
num_cat=0
split_feature=8 8 16 16 5 15 12 16 16 16 4 15 12 5 16 12 15 16 16 16 16 5 5 3 16 15 15 16 16 6 16 10 16 6 16 3 16 6 5 16 10 8 12 16 8 3 10 6 6 15 16 4
split_gain=3.88598e+09 3.13902e+09 3.67805e+09 1.28271e+09 1.63422e+09 1.57017e+09 1.48004e+09 9.30513e+08 9.27403e+08 1.63418e+09 2.38245e+09 2.30844e+09 7.12648e+08 6.88188e+08 1.18632e+09 6.45194e+08 1.78186e+09 3.41379e+09 1.07665e+09 7.09623e+08 6.45159e+08 6.33944e+08 6.20958e+08 1.11723e+09 5.66041e+08 1.11775e+09 5.35685e+08 6.37018e+08 7.12093e+08 4.78237e+08 4.01585e+08 3.87191e+08 6.48134e+08 4.90566e+08 3.76839e+08 3.68378e+08 3.61914e+08 3.54592e+08 3.33927e+08 3.13678e+08 5.20493e+08 5.75224e+08 3.13182e+08 2.72879e+08 2.67363e+08 3.33896e+08 2.77998e+08 4.73915e+08 2.99135e+08 2.62408e+08 2.51085e+08 2.37363e+08
threshold=0.92074100000000014 0.0024305000000000008 1908732.5000000002 5165.0000000000009 0.92514000000000018 0.00017550000000000001 -0.0059454999999999994 60699.500000000007 93100.000000000015 10459.500000000002 0.91397700000000015 0.033185500000000007 -0.0033639999999999994 2.5000000000000002e-06 1864456.5000000002 0.018189500000000001 0.0026665000000000005 96984.000000000015 166249.00000000003 397889.00000000006 34556.000000000007 0.91422250000000005 0.67893700000000012 0.90078350000000007 2684.0000000000005 0.020994000000000002 7.5000000000000002e-06 1238001.0000000002 9558.5000000000018 0.0013755000000000002 2233179.0000000005 0.00012750000000000004 646950.50000000012 0.0014675000000000003 2518.5000000000005 0.0026130000000000003 284417.00000000006 0.0094425000000000012 2.0500000000000004e-05 82910.000000000015 0.0010545000000000001 0.00074450000000000004 -0.00059749999999999983 494702.00000000006 0.0032965000000000004 0.0034980000000000007 4.3500000000000007e-05 0.0047610000000000005 0.0068610000000000016 4.500000000000001e-06 74526.500000000015 0.00016550000000000004
decision_type=2 2 2 2 2 2 2 2 2 2 2 2 2 2 2 2 2 2 2 2 2 2 2 2 2 2 2 2 2 2 2 2 2 2 2 2 2 2 2 2 2 2 2 2 2 2 2 2 2 2 2 2
left_child=1 13 15 24 8 6 -6 -8 9 10 11 -5 20 43 31 22 19 -18 -19 -17 -7 -11 26 -24 34 -26 27 28 29 -3 -4 33 39 36 -2 51 -15 -28 -30 40 41 -33 -42 -1 45 -40 48 -48 -46 -36 -23 -35
right_child=3 2 30 4 5 12 7 -9 -10 21 -12 -13 -14 14 -16 16 17 18 -20 -21 -22 50 23 -25 25 -27 37 -29 38 -31 -32 32 -34 35 49 -37 -38 -39 44 -41 42 -43 -44 -45 46 -47 47 -49 -50 -51 -52 -53
leaf_value=0.50550507286114532 35.627906569165567 329.89783415111731 -2.2974421634445519 2225.5522647429279 -298.10179279781977 -263.94647824726121 1475.1894755728379 120.46015170464045 364.52868698579391 2060.1329749181682 -737.9165465232129 113.32846015461249 320.89802674026191 -11.216986820450646 -8.4399978653502288 -1087.6897980807214 2701.9309659814626 985.16376631612684 -522.64340069952061 165.66818279524034 -1486.6997377820453 1398.3203141521226 -1095.6314265370734 404.76647571120384 -1020.3733726930275 170.36643039595333 -4.9294349097376831 24.900399150660363 -23.13212493530493 -88.909936455236362 -40.17872041089629 22.677470276639127 6.5349225753899489 370.39404248062596 1095.3383186803774 -66.854845467329568 8.9986246820277422 71.225766624293939 52.141589897601918 18.649577008511468 -28.39833476194023 236.94699323976681 43.678882128839582 -1.38286413001887 63.549701445063029 -33.178981889356649 73.662822877790433 190.26654396438045 -22.951730459109232 350.22230397151429 764.62526964721292 95.483191501234629
leaf_weight=3191347.7683067322 64 78 13014.019872665405 26 34 26 43 20 90 31 29 30 22 47856.171077728271 128362.85862541199 20 21 25 26 31 21 48 34 22 32 63 9925.0048961639404 28991.018720626831 1355.0008640289307 1248 17906.014739990234 614.00403213500977 191851.41819000244 89 20 390 47541.365772247314 1974.0002880096436 27631.005760192871 104706.17712593079 1866.0005760192871 749.00028800964355 12489.025344848633 5817332.3873901367 3352 1293.0005760192871 21275.004608154297 982 1586.0014400482178 35 26 1698.0005760192871
leaf_count=1568695 64 78 12531 26 34 26 43 20 90 31 29 30 22 43698 107733 20 21 25 26 31 21 48 34 22 32 63 9806 28536 1334 1248 17563 516 181687 89 20 390 38651 1967 27491 100401 1852 742 11873 3491815 3352 1279 21163 982 1551 35 26 1684
internal_value=-0.000263555 -0.0274192 25.2235 398.177 556.649 148.668 574.299 1045.15 798.512 1004.06 469.096 1094.19 -449.681 -0.373348 5.32694 40.536 416.129 941.75 216.564 -325.905 -810.463 1437.05 40.0728 -506.15 67.9061 -230.781 40.3797 44.8085 54.624 -64.2702 -24.2348 9.63867 12.4582 0.615235 306.351 77.6414 -1.14253 7.70444 57.3671 21.8946 43.5115 140.424 34.3095 -0.713904 59.3108 48.3274 70.9924 78.8076 35.7668 621.316 1175.81 109.178
internal_weight=9.67834e+06 9.67768e+06 130789 660 446 166 97 63 280 190 85 56 69 9.54689e+06 538213 99869 123 72 51 51 47 105 99746 56 214 95 99690 87791 58800 1326 30920 409850 312276 97574.5 119 2177 95397.5 11899 57474 120424 15718 1363 14355 9.00868e+06 56119 28924 27195 22257 4938 55 74 1787
internal_count=5679546 5678886 129060 660 446 166 97 63 280 190 85 56 69 5549826 489316 98966 123 72 51 51 47 105 98843 56 214 95 98787 87014 58478 1326 30094 381583 297071 84512 119 2163 82349 11773 57152 115384 14983 1258 13725 5060510 55818 28770 27048 22145 4903 55 74 1773
is_linear=0
shrinkage=0.164104


Tree=10
num_leaves=53
num_cat=0
split_feature=0 0 16 9 9 16 16 9 9 16 7 16 0 12 16 1 16 1 16 3 7 0 16 7 16 16 3 16 3 1 5 12 16 16 7 16 9 16 16 16 9 7 16 16 9 16 3 0 16 12 3 16
split_gain=1.51246e+09 1.32271e+09 1.46031e+09 7.16034e+08 1.53875e+09 1.20753e+09 6.55416e+08 7.72923e+08 1.47898e+09 1.35785e+09 2.1208e+09 1.04404e+09 8.09854e+08 1.83115e+09 1.08524e+09 2.5514e+09 9.01156e+08 4.58119e+08 4.46162e+08 3.8924e+08 3.5e+08 3.26146e+08 2.97024e+08 2.68214e+08 3.5395e+08 2.36404e+08 2.32751e+08 1.84305e+08 1.74823e+08 1.69316e+08 1.9543e+08 2.1767e+08 2.69649e+08 2.97484e+08 2.5482e+08 1.79002e+08 1.67171e+08 2.82141e+08 1.89312e+08 2.77165e+08 1.64092e+08 1.78616e+08 2.63992e+08 1.61296e+08 8.08759e+08 2.76862e+08 4.27111e+08 9.68462e+08 2.58134e+08 3.07046e+08 2.6041e+08 2.4592e+08
threshold=0.8177930000000001 0.0013205000000000003 2020597.5000000002 0.0077630000000000017 0.010425500000000002 39860.000000000007 144536.50000000003 0.00017950000000000005 0.00032850000000000007 7740.5000000000009 0.88436850000000011 5137.0000000000009 0.95752500000000007 -0.004380499999999999 34247.000000000007 0.91422250000000005 5406.0000000000009 0.92514000000000018 1073811.5000000002 0.0021145000000000005 0.0058805000000000012 0.92730450000000009 17970.000000000004 2.5000000000000002e-06 2403849.5000000005 2313.5000000000005 0.0005105000000000001 105121.50000000001 0.0037420000000000001 2.5000000000000002e-06 0.00089650000000000005 -0.0013694999999999998 218354.00000000003 1238330.0000000002 0.00080750000000000017 34845.500000000007 5.6500000000000011e-05 7455.5000000000009 13267.500000000002 35128.500000000007 0.0086810000000000012 0.00077450000000000012 134974.50000000003 2427.0000000000005 0.0062075000000000003 8206.0000000000018 0.31883150000000005 0.23513350000000002 9784.5000000000018 -0.047908499999999993 0.11237600000000002 2684.0000000000005
decision_type=2 2 2 2 2 2 2 2 2 2 2 2 2 2 2 2 2 2 2 2 2 2 2 2 2 2 2 2 2 2 2 2 2 2 2 2 2 2 2 2 2 2 2 2 2 2 2 2 2 2 2 2
left_child=1 23 18 6 5 21 7 12 -9 11 22 -10 14 -14 15 16 -2 -12 19 36 28 -5 -11 -1 29 -21 -26 -16 -20 -25 31 32 -31 -34 -33 -32 -3 -38 -39 -40 41 42 -41 44 -27 51 47 48 49 -47 -50 -45
right_child=3 2 -4 4 -6 -7 -8 8 9 10 17 -13 13 -15 27 -17 -18 -19 20 25 -22 -23 -24 24 26 43 -28 -29 -30 30 35 34 33 -35 -36 -37 37 38 39 40 -42 -43 -44 45 -46 46 -48 -49 50 -51 -52 -53
leaf_value=-0.47796238760118009 -418.09279916197221 57.564746441917798 -13.681092984090705 -405.69327446775981 765.49171230528236 296.6220545281796 -114.09523929891739 1640.5338480677819 360.18051582328854 1658.5550956613129 389.00719918857635 -834.55048731914508 1438.7995995613908 -160.25861165524569 578.93712349115572 -1657.5905136344024 558.25641185058021 -311.1585861966999 2.6266589219113534 -313.18656441983927 90.724571307919405 -1008.0633207100113 1023.3493478884492 0.3597252417093656 -3.5517941492519425 -153.93568943890401 -24.204876803876175 132.46617654266771 21.209118877493406 -34.50782916993235 -42.704785462756078 5.0514337807228991 39.977314669804059 2.494832470148403 -10.919884721482029 -3.6679306234309217 180.95832370585185 -36.901382641673351 77.528885300606134 50.413483263779874 49.072050299743111 -1.2261403529830976 11.431592216755108 97.118265150125467 948.42362885295393 576.25855090280118 -509.45420999135069 746.73564562812635 31.512952779594031 -6.6374831916827404 -90.842954332602261 -166.99558927485234
leaf_weight=8598795.7560863495 34 1560.0008640289307 36715.061986923218 41 32 39 66 20 31 20 56 24 26 27 44 20 36 25 50637.043579101562 37.000288009643555 917 28 43 334868.78940391541 41799.350364685059 32 13314.022722244263 28 11496.006048202515 1551 2410 429385.48976516724 9711.0008640289307 6569.004301071167 19318.010656356812 22173.007776260376 183 1438 1208.0005760192871 3674.0043201446533 2066.0005760192871 16964.010368347168 25726.020736694336 90 20 35 27 35 49003.012672424316 32 324 237
leaf_count=4319631 34 1539 35252 41 32 39 66 20 31 20 56 24 26 27 44 20 36 25 49580 30 917 28 43 291376 33497 32 12838 28 11349 1551 2410 393180 9690 6471 19059 21984 183 1438 1194 3569 2052 16712 25222 90 20 35 27 35 48695 32 324 237
internal_value=-0.000159533 -0.0139822 10.866 209.112 -62.7962 -308.293 285.252 345.988 525.857 413.741 633.331 -161.171 162.756 624.258 11.7293 -303.165 84.0075 172.898 16.3037 21.8341 7.29616 -650.231 1225.2 -0.246339 2.01411 30.4532 -8.54108 405.331 6.06484 2.7184 4.32666 4.94958 19.6897 24.8531 4.36382 -7.49496 13.6959 12.3608 11.7567 13.1663 11.5609 9.88933 16.303 30.7084 270.131 30.4582 31.2831 31.5787 31.0717 297.872 30.7092 -94.2986
internal_weight=9.68299e+06 9.68235e+06 202456 640 140 108 500 434 219 199 144 55 215 53 162 90 70 81 165741 102691 63050 69 63 9.4799e+06 881100 49872 55113.4 72 62133 825986 491118 466535 17831 16280 448704 24583 52819 51259 51076 49638 48430 46364 29400 49835 52 49783 49456 49429 49394 67 49327 327
internal_count=5310891 5310251 198564 640 140 108 500 434 219 199 144 55 215 53 162 90 70 81 163312 101466 61846 69 63 5111687 792056 49557 46335 72 60929 745721 454345 429951 17712 16161 412239 24394 51909 50370 50187 48749 47555 45503 28791 49527 52 49475 49148 49121 49086 67 49019 327
is_linear=0
shrinkage=0.136035


Tree=11
num_leaves=53
num_cat=0
split_feature=0 2 16 11 0 2 0 9 9 16 16 16 12 0 16 16 11 16 1 16 12 16 16 16 16 2 16 16 11 12 11 16 16 9 0 9 16 12 11 0 7 7 16 16 11 0 7 16 7 9 0 2
split_gain=1.01501e+10 7.38376e+09 3.90804e+09 2.83839e+09 3.081e+09 1.88957e+09 1.64892e+09 3.83828e+09 3.24304e+09 1.33087e+09 1.21408e+09 1.20731e+09 1.14451e+09 9.30927e+08 1.01689e+09 9.17446e+08 1.15795e+09 9.0072e+08 8.83234e+08 8.56505e+08 1.02925e+09 5.32635e+08 4.44506e+08 4.04424e+08 4.00436e+08 3.33019e+08 7.11692e+08 6.70562e+08 3.29547e+08 1.45019e+09 4.21565e+09 9.02003e+08 6.70665e+08 1.34216e+09 6.08146e+08 5.16075e+08 3.28221e+08 4.70696e+08 4.26668e+08 5.74313e+08 4.30344e+08 3.88148e+08 4.29098e+08 3.67577e+08 1.16683e+09 4.96557e+08 3.36697e+08 2.80142e+08 8.52029e+08 4.2869e+08 3.68939e+08 3.4958e+08
threshold=0.91397700000000015 0.0023575000000000007 1596140.5000000002 0.00037450000000000005 0.92730450000000009 0.0006035000000000002 0.95752500000000007 0.00020650000000000003 0.00039750000000000007 1130104.0000000002 45098.000000000007 76551.000000000015 -0.0078809999999999974 0.8177930000000001 5107.0000000000009 155571.00000000003 0.94009900000000013 2187577.0000000005 0.92514000000000018 5322.5000000000009 0.018189500000000001 2426188.0000000005 15860.500000000002 2299.5000000000005 17497.000000000004 0.90392850000000002 133576.00000000003 8037.0000000000009 0.22499750000000004 -0.019394499999999999 0.91575650000000008 10649.500000000002 2654.5000000000005 0.00084050000000000021 0.71441150000000009 9.5500000000000017e-05 102629.00000000001 0.018189500000000001 0.00019250000000000004 0.00082850000000000013 0.016260500000000004 0.00052650000000000017 427557.50000000006 2617.5000000000005 0.00041350000000000008 0.23513350000000002 0.0063460000000000009 113462.00000000001 0.0005325000000000001 2.7500000000000001e-05 0.00051650000000000014 0.00093350000000000019
decision_type=2 2 2 2 2 2 2 2 2 2 2 2 2 2 2 2 2 2 2 2 2 2 2 2 2 2 2 2 2 2 2 2 2 2 2 2 2 2 2 2 2 2 2 2 2 2 2 2 2 2 2 2
left_child=1 5 13 10 11 -1 7 22 -9 24 -2 -5 -8 23 -15 16 19 -4 -10 -16 25 -11 -6 -3 -7 27 -27 -21 36 31 -31 32 34 35 -30 -34 37 43 -38 -40 41 42 -41 44 -25 -45 -43 48 51 -49 -50 -26
right_child=3 2 17 4 6 9 12 8 18 21 -12 -13 -14 14 15 -17 -18 -19 -20 20 -22 -23 -24 28 47 26 -28 -29 29 30 -32 -33 33 -35 -36 -37 38 -39 39 40 -42 46 -44 45 -46 -47 -48 49 50 -51 -52 -53
leaf_value=-0.39888580056917283 1236.8525175882392 -269.40143062190515 8.8828047280667803 784.57496206498013 -823.50424228580755 -8.1517084409304648 705.40865962911994 987.87490415420518 238.87222732666999 1.5958668040102559 579.96998327125061 327.80808443233258 159.95644616516634 -75.169281340123007 781.3303583133611 -39.231022205729438 -84.089341244171521 -11.413233618327997 -392.11050346905995 355.88459890858405 734.30440563380489 -12.005987188603612 -369.93892907510224 564.3837737969659 21.170973812333362 622.1571139007001 94.899669690453749 -194.53127023772552 -304.6274730575293 1162.6635422735346 -215.91360726557699 -194.13424206920433 287.51348807516626 -48.612473179409371 151.47284633637196 782.03040829914301 43.607973835962028 -259.69185717125697 -12.943553605066286 43.983114121527443 98.418371839307 15.162404990708655 26.121021461176127 9.1216097304401185 -53.522181483916867 -244.00035175916736 40.906398655178045 29.472930620718049 -31.280019188978773 8.3771470625052338 14.134265794650513 69.321713760616191
leaf_weight=9267001.9620227814 20 22 23665.021600723267 58 20 5992.0006656646729 27 20 21 110805.21263504028 40 52 56 71 22 48 30 18419.028238296509 21 20 22 15551.0198802948 21 23 1138.0017280578613 22 27 22 25 21 21 60 20 35 31 20 6313.0017280578613 31 1848 7827.0008640289307 386 19926.00806427002 34239.00806427002 4450.0005760192871 39 37 2737.0008640289307 4717.0046081542969 924 139662.08841896057 10211.010944366455 1918.0002880096436
leaf_count=4813306 20 22 23140 58 20 5978 27 20 21 105674 40 52 56 71 22 48 30 17761 21 20 22 15131 21 23 1096 22 27 22 25 21 21 60 20 35 31 20 6271 31 1848 7806 386 19730 34043 4436 39 37 2716 4605 924 137513 9945 1911
internal_value=-0.000478901 -0.0139965 16.918 367.478 279.973 -0.227427 109.204 -74.744 266.873 5.23428 799.078 568.686 337.453 26 150.378 225.566 302.604 -0.000204369 -76.5993 388.548 312.01 -0.0781507 -591.287 25.5478 9.31335 209.833 331.7 67.6002 25.6309 107.358 473.44 26.8334 128.05 262.597 -52.1464 534.877 25.3863 7.51189 26.5035 24.891 25.9647 25.5326 29.4445 9.33358 175.743 7.0336 18.2715 9.97331 19.2005 9.06637 10.3657 51.3914
internal_weight=9.67876e+06 9.6784e+06 120479 356 296 9.55792e+06 186 103 62 290918 60 110 83 78395 284 213 165 42084 42 135 113 126356 41 78111 164562 91 49 42 78089 233 42 191 131 75 56 40 77856 4580 73276 66963 65115 64729 42066 4549 62 4487 22663 158570 14191 144379 11135 3056
internal_count=5215245 5214889 118806 356 296 5096083 186 103 62 282777 60 110 83 77905 284 213 165 40901 42 135 113 120805 41 77621 161972 91 49 42 77599 233 42 191 131 75 56 40 77366 4566 72800 66529 64681 64295 41849 4535 62 4473 22446 155994 13876 142118 10869 3007
is_linear=0
shrinkage=0.0688247


Tree=12
num_leaves=53
num_cat=0
split_feature=8 11 8 11 16 16 2 11 11 16 11 11 16 8 13 16 16 16 8 16 8 16 0 10 16 10 16 8 11 0 16 16 16 3 16 16 2 16 16 3 16 1 16 16 10 13 8 16 16 16 16 10
split_gain=1.63342e+09 1.33982e+09 1.2481e+09 1.07674e+09 1.09917e+09 9.77598e+08 9.73385e+08 9.44646e+08 9.5129e+08 1.58203e+09 1.21902e+09 2.34291e+09 1.17156e+09 1.39433e+09 7.2109e+08 6.97205e+08 6.76564e+08 6.13441e+08 4.80182e+08 1.01829e+09 7.03645e+08 1.39752e+09 3.86931e+08 5.0408e+08 3.63738e+08 3.62602e+08 4.90927e+08 3.21968e+08 3.12557e+08 1.07448e+09 5.56376e+08 1.44771e+09 5.7451e+08 4.02399e+08 3.46638e+08 2.89497e+08 2.86198e+08 2.81186e+08 2.54596e+08 2.68223e+08 2.48193e+08 5.58525e+08 2.26489e+08 2.22956e+08 2.03052e+08 2.65343e+08 1.9596e+08 1.61405e+08 1.79963e+08 1.58582e+08 1.47237e+08 4.48836e+08
threshold=0.92074100000000014 0.00037650000000000004 0.0011495000000000001 0.00038550000000000005 31425.500000000004 1779667.0000000002 0.90392850000000002 0.94009900000000013 0.91575650000000008 18628.000000000004 0.00041750000000000007 0.00040150000000000006 23612.500000000004 0.95254850000000013 -0.00016049999999999997 134974.50000000003 7823.5000000000009 37176.000000000007 0.95254850000000013 5107.0000000000009 0.96647850000000013 7591.0000000000009 0.0023120000000000003 0.00097950000000000012 69105.500000000015 5.0500000000000008e-05 500984.50000000006 0.0032310000000000004 0.22499750000000004 0.23513350000000002 24713.500000000004 96984.000000000015 204238.00000000003 0.31883150000000005 21550.500000000004 2641.5000000000005 0.010920500000000001 15130.500000000002 2588489.5000000005 0.0077445000000000005 136365.00000000003 0.92514000000000018 934048.50000000012 927517.50000000012 4.1500000000000006e-05 -0.00013049999999999997 0.0040280000000000012 33626.500000000007 5747.0000000000009 4995.0000000000009 789357.50000000012 0.0011505000000000003
decision_type=2 2 2 2 2 2 2 2 2 2 2 2 2 2 2 2 2 2 2 2 2 2 2 2 2 2 2 2 2 2 2 2 2 2 2 2 2 2 2 2 2 2 2 2 2 2 2 2 2 2 2 2
left_child=2 6 50 4 -3 14 -2 8 10 -10 11 16 13 -12 22 46 -5 -11 19 -9 21 35 -4 25 -19 26 28 -17 29 -24 33 -32 -33 37 -31 -20 47 -30 39 44 41 -14 -29 -27 -7 -46 -16 48 -25 -22 51 -1
right_child=1 3 5 7 -6 38 -8 18 9 17 12 -13 40 -15 15 27 -18 24 20 -21 49 -23 23 36 -26 43 -28 42 30 34 31 32 -34 -35 -36 -37 -38 -39 -40 -41 -42 -43 -44 -45 45 -47 -48 -49 -50 -51 -52 -53
leaf_value=0.055205025168524033 814.22506076777051 -567.45481240033405 0.27598595619001098 448.30382866037428 241.54583298617808 16.342351512045205 207.18620730446176 57.407307815829775 894.75195046600061 -192.2004014252019 -846.06986940072352 1246.9380076825178 547.02670139380757 128.8365949454074 54.376509439082795 9.4994469456752153 -269.36785589934021 659.92162173912448 261.35074685090399 -718.0233475752832 -76.434398825004862 721.63402827083917 -3.1950150564141873 -87.145792935720934 164.72368338092031 63.48114376511338 43.519948017125351 29.45221601005456 162.89539608428797 -219.79290618157421 810.38423720633807 199.1557726948293 -309.12404059213134 -295.11106744999057 -718.79933704857785 -145.65024586504467 68.189778768977732 -150.94435686672492 -18.783554437670322 80.962033495506347 -7.916596181591963 9.7114771143667156 12.994864013304653 24.504195971805366 -18.037448161420603 -0.92606891821387272 -50.736964474226113 -1.2417309376819892 71.181105741054466 -408.30293318914238 -0.49514466500959076 5.6166478215625881
leaf_weight=3925363.6698513031 37 37 81013.055099487305 20 21 4336.0040321350098 49 35 39 23 25 20 29 22 3813.0008640289307 81045.027936935425 22 20 20 22 27 29 4941.0023040771484 66 29 2508.0005760192871 2916.0023040771484 12696.002304077148 69 25 27 68 24 34 20 46 510 34 8019.0050563812256 311 49.000576019287109 33 14073.006048202515 2198.0011520385742 8681.005542755127 43368.077917098999 147 16534.005184173584 434 20 5344418.8057079315 119346.59454154968
leaf_count=1843114 37 37 79676 20 21 4238 49 35 39 23 25 20 29 22 3792 80366 22 20 20 22 27 29 4885 66 29 2494 2860 12640 69 25 27 68 24 34 20 46 510 34 7907 311 35 33 13926 2170 8555 41520 147 16408 434 20 2911524 104898
internal_value=-1.25087e-05 139.073 -0.00969911 90.8974 -274.503 5.78435 468.406 130.891 223.37 436.579 115.781 451.442 -15.9582 -389.743 8.58757 13.6576 72.4315 188.316 -22.9293 -241.94 64.9902 204.866 3.50147 12.0948 366.932 25.5279 14.1357 12.3053 -2.21009 -7.1534 94.0625 235.369 66.5366 -28.6815 -441.652 -22.2704 2.24504 59.2832 -3.88364 -1.77621 142.333 261.079 20.8003 45.2766 -2.23258 -3.78 50.4742 0.27057 50.2787 -217.697 -0.187369 0.219306
internal_weight=9.67771e+06 674.001 9.67704e+06 588.001 58 287910 86 530.001 331.001 111 220.001 62 158.001 47 223195 111774 42 72 199 57 142 95 111421 30408 49 12864 8158 107814 5242 4986 256 119 92 137 45 66 17544 103 64715.1 56696.1 111.001 62 26769 4706 56385.1 52049.1 3960 17034 500 47 9.38913e+06 4.04471e+06
internal_count=5143402 660 5142742 574 58 283206 86 516 317 111 206 62 144 47 220675 110871 42 72 199 57 142 95 109804 30128 49 12710 8046 106932 5186 4930 256 119 92 137 45 66 17418 103 62531 54624 97 62 26566 4664 54313 50075 3939 16908 500 47 4859536 1948012
is_linear=0
shrinkage=0.0893398


Tree=13
num_leaves=53
num_cat=0
split_feature=3 16 1 7 7 16 16 16 16 16 16 16 1 16 12 16 16 3 16 16 16 13 1 16 5 6 3 7 12 13 16 13 16 16 1 13 16 2 12 16 12 16 16 12 16 16 16 6 16 1 12 16
split_gain=6.07136e+08 6.21886e+08 4.72584e+08 3.60021e+08 3.32426e+08 2.74476e+08 2.92818e+08 7.50144e+08 4.02923e+08 5.73056e+08 2.11293e+08 3.81612e+08 4.81666e+08 3.84613e+08 1.80708e+08 1.73637e+08 1.42747e+08 1.40583e+08 1.40339e+08 3.30134e+08 1.32183e+08 1.15207e+08 1.013e+08 1.39703e+08 1.03639e+08 9.99778e+07 9.70337e+07 9.44018e+07 9.32695e+07 1.6622e+08 1.33217e+08 1.62934e+08 1.64761e+08 2.30741e+08 1.98586e+08 2.25556e+08 9.41348e+07 9.26662e+07 9.14288e+07 8.15393e+07 2.27927e+08 7.85847e+08 7.49714e+08 1.34874e+08 2.22596e+08 1.74037e+08 2.95736e+08 2.74852e+08 5.66312e+08 1.16458e+08 3.62094e+08 1.90255e+08
threshold=0.0011385000000000002 1459400.5000000002 0.67893700000000012 0.93469650000000015 0.00051550000000000012 163643.50000000003 5073.0000000000009 5217.5000000000009 7591.0000000000009 10624.500000000002 15312.500000000002 23288.000000000004 0.91422250000000005 38163.000000000007 -0.0011059999999999998 2426188.0000000005 409104.50000000006 0.0036695000000000005 4995.0000000000009 4915.5000000000009 159168.00000000003 0.0028015000000000006 0.00040950000000000009 104238.50000000001 0.00018350000000000004 0.00037950000000000006 0.0027465000000000002 0.00046150000000000005 -5.5499999999999994e-05 -0.00074149999999999986 2338512.0000000005 -3.2499999999999997e-05 17703.500000000004 16758.000000000004 0.00055150000000000002 -0.00040849999999999995 595294.00000000012 0.00055750000000000016 -3.1499999999999993e-05 5747.0000000000009 0.018189500000000001 39185.000000000007 403420.00000000006 -0.0039964999999999992 2313.5000000000005 2684.0000000000005 2636.5000000000005 0.49003550000000001 2395.0000000000005 0.14155050000000002 -0.032569999999999995 9018.0000000000018
decision_type=2 2 2 2 2 2 2 2 2 2 2 2 2 2 2 2 2 2 2 2 2 2 2 2 2 2 2 2 2 2 2 2 2 2 2 2 2 2 2 2 2 2 2 2 2 2 2 2 2 2 2 2
left_child=28 2 4 5 14 6 18 -8 -9 -10 -11 12 -12 -13 16 17 -2 -3 19 -4 -16 -17 23 -6 38 27 -27 -22 29 -1 31 32 33 -31 -35 -36 37 -34 -25 43 49 -42 -43 44 -24 46 47 -46 -49 -41 51 -51
right_child=1 15 3 -5 22 -7 7 8 9 10 11 13 -14 -15 20 21 -18 -19 -20 -21 25 -23 39 24 -26 26 -28 -29 -30 30 -32 -33 36 34 35 -37 -38 -39 -40 40 41 42 -44 -45 45 -47 -48 48 -50 50 -52 -53
leaf_value=-23.868551160262612 93.665475528479888 -3.3017319257876792 -336.54165596334786 -341.09706078017126 -50.026705385122384 -242.42455033315036 955.37920500349799 -231.57192070933507 771.40580743684427 -155.48071113152213 1134.6662125531361 -179.10729514467357 210.65300942806513 225.32102688494052 48.68688794049212 -11.486809694174074 35.535991989196816 12.925238409793689 -424.07157669292997 420.62431039540093 10.255082402551794 -45.493399322203267 -355.7875135587978 16.825428842746891 59.634264835477886 -6.9878819810792727 26.336172961745064 -36.290724833657137 -0.28521175581219749 5.072875871135003 -5.2488605693376496 6.4054148608281274 -4.0254272784137317 31.708619780781241 66.982425930078648 245.30148910191645 5.0132875398280285 8.5555810679000004 120.57224139380473 7.1225916375966154 -458.53382563998855 1287.1762831292233 89.235782976720714 -125.2677685682123 476.90473626268658 -110.32712647813936 707.4333889094072 472.39493618879214 -389.7590104562525 -524.06859353526875 519.71252253104456 -87.586806053628536
leaf_weight=5230.0002880096436 1172 55463.055278778076 25 32 543 34 28 46 37 38.000288009643555 20 62 30 259 3037.0008640289307 12639.018497467041 3858.0014400482178 14287.007001876831 20 24 11180.008352279663 2547.0023746490479 27 7841.0017280578613 1623.0011520385742 2064.0011520385742 18744.006912231445 1011.0005760192871 9018687.6503334045 4773.0011520385742 44224.15375328064 175902.33553123474 116161.48097610474 1338.0008640289307 432 232 45801.13046836853 13954.009504318237 185 112665.04809761047 21 20 25 255 28 59 20 26 43 23 20 277
leaf_count=5223 1172 54126 25 32 543 34 28 46 37 31 20 62 30 259 3016 12233 3823 14119 20 24 10977 2498 27 7799 1595 2036 18576 997 3988770 4745 40535 167747 104471 1317 432 232 42630 13723 185 111496 21 20 25 255 28 59 20 26 43 23 20 277
internal_value=0.000683463 7.09061 12.3001 135.958 11.8085 160.471 183.735 221.201 179.393 221.788 172.045 205.6 580.397 147.2 23.1803 -3.05543 49.0805 0.0220553 -98.5825 34.3038 19.5651 -17.1905 8.03331 21.9641 26.0155 16.8848 23.0306 6.39496 -0.187613 1.96952 2.30499 3.23658 0.185506 22.5077 64.074 129.29 -0.674179 -2.67619 19.2171 6.78246 7.03132 277.998 621.804 -54.6407 34.0744 93.9102 196.912 91.5757 -64.8417 6.873 -80.9994 -121.071
internal_weight=9.67709e+06 250358 165422 655 164767 623 589 520 492 446 409 371 50 321 41066 84936.1 5030 69750.1 69 49 36036 15186 123701 10192 9649 32999 20808 12191 9.42674e+06 408048 402818 358594 182692 6775 2002 664 175917 130115 8026 113509 113051 66 45 458 203 176 117 97 69 112985 320 300
internal_count=4616508 246683 163707 648 163059 616 582 513 485 439 402 371 50 321 40597 82976 4995 68245 69 49 35602 14731 122462 10122 9579 32586 20612 11974 4369825 381055 375832 335297 167550 6726 1981 664 160824 118194 7984 112340 111882 66 45 458 203 176 117 97 69 111816 320 300
is_linear=0
shrinkage=0.145872


Tree=14
num_leaves=53
num_cat=0
split_feature=8 16 12 8 16 8 4 1 16 16 16 16 16 16 16 14 13 14 12 16 7 12 16 16 8 14 16 16 14 12 16 16 2 1 8 16 8 14 16 14 4 13 12 14 16 16 16 14 1 12 16 16
split_gain=5.1854e+08 7.52255e+08 1.86282e+09 6.67701e+08 5.31803e+08 5.1275e+08 6.85997e+08 6.58246e+08 1.62153e+09 1.50876e+09 6.57342e+08 1.03234e+09 1.02639e+09 1.1966e+09 9.54019e+08 4.30132e+08 8.04692e+08 2.47643e+09 4.93401e+08 8.45298e+08 1.27873e+09 1.6122e+09 3.16057e+08 2.62275e+08 2.57232e+08 4.14196e+08 4.71605e+08 3.53496e+08 2.1583e+08 2.26212e+08 1.99954e+08 1.80414e+08 1.59591e+08 1.4269e+08 1.86948e+08 4.62575e+08 1.27489e+08 1.34295e+08 1.23687e+08 1.14929e+08 1.11549e+08 1.78657e+08 1.26761e+08 1.11399e+08 1.07165e+08 1.04567e+08 1.03764e+08 2.49788e+08 1.02419e+08 9.37228e+07 8.92045e+07 1.18115e+08
threshold=0.96228150000000012 5206.5000000000009 -0.0090079999999999986 0.95254850000000013 5322.5000000000009 0.92074100000000014 0.92730450000000009 0.92514000000000018 15616.000000000002 29151.500000000004 2654.5000000000005 69059.000000000015 8067.0000000000009 50188.500000000007 5231.5000000000009 0.054875500000000008 -0.16861499999999999 0.025577000000000006 -0.14644149999999997 52193.000000000007 0.16861500000000004 -0.0090079999999999986 4773.5000000000009 2630.5000000000005 0.0032045000000000003 0.00019300000000000003 308590.50000000006 2203770.5000000005 1.2500000000000001e-05 -0.0014364999999999996 136695.00000000003 63395.000000000007 0.0016210000000000003 0.14155050000000002 0.21473850000000003 11033.500000000002 0.0054295000000000012 5.5000000000000007e-06 2874434.0000000005 2.5500000000000003e-05 0.00091250000000000012 -0.00041249999999999994 -7.149999999999999e-05 0.0020720000000000005 95837.000000000015 5607.5000000000009 24713.500000000004 0.0087735000000000018 0.00089650000000000005 -0.0024154999999999997 886278.00000000012 200300.00000000003
decision_type=2 2 2 2 2 2 2 2 2 2 2 2 2 2 2 2 2 2 2 2 2 2 2 2 2 2 2 2 2 2 2 2 2 2 2 2 2 2 2 2 2 2 2 2 2 2 2 2 2 2 2 2
left_child=3 22 -3 5 23 15 10 8 -8 -9 -7 12 14 -14 -12 16 17 30 45 20 -20 -22 -2 -5 25 28 43 32 29 49 -1 -4 48 34 -34 -36 37 -29 -38 -39 41 -31 -43 -27 -13 -17 -35 -48 -26 -18 51 -42
right_child=1 2 31 4 -6 6 7 9 -10 -11 11 44 13 -15 -16 18 24 -19 19 -21 21 -23 -24 -25 27 26 -28 36 -30 40 -32 -33 33 46 35 -37 38 39 -40 -41 50 42 -44 -45 -46 -47 47 -49 -50 -51 -52 -53
leaf_value=16.828508969680691 75.094739105985624 594.95628324504389 101.36595800565117 106.48829266654532 -449.32600945017316 -120.15561379589388 -299.78350442505302 -679.25184465658538 541.25328568903626 76.289836539710976 330.66799894711596 119.02109652497704 860.52622943516678 212.58339354480938 -136.84538388402629 172.70095812924535 34.292328509018795 622.77692202815547 117.9322548521048 118.94490536945975 -205.06865157137872 -931.71688599575441 -208.40957617458935 -171.37155519353107 -6.6504484254417369 -37.296971726804259 113.68570759468942 -1.8962546407097707 -9.3588109609088637 -4.478672413821255 -239.04016398807696 -125.99259118420726 6.7143208797482075 -16.91617169261156 378.00509086510482 -7.8365760895118548 30.236285796975302 -20.430045582242521 -24.759385356679978 12.69592541695863 -0.97458411936085554 1.1417516103316787 -0.090554117196983558 31.484113884058953 -14.601123970825594 -17.870933354932195 -24.892403872893354 -292.8669084861624 -51.676346044660896 8.5322736038397373 0.28303827292929706 6.7603887039005484
leaf_weight=39 39 39 39 22 24 42 21 21 20 27 50 39 25 26 32 22 682.00028800964355 37 24 30 39 21 32 49 1817.0034561157227 167 305.00028800964355 5784.0042114257812 11096.002016067505 40725.030529022217 21 26 58963.03484916687 189 21 41 730.00057601928711 4412.0033473968506 244 524.00172805786133 12438.004608154297 389338.01893424988 9066809.9526996613 285 86 31 48 23 258 8553.0032577514648 46334.071657180786 30426.027648925781
leaf_count=39 39 39 39 22 24 42 21 21 20 27 50 39 25 26 32 22 675 37 24 30 39 21 32 49 1733 167 298 5686 11047 39983 21 26 58116 189 21 41 716 4335 244 482 12326 364620 3956445 285 86 31 48 23 258 8476 44612 29754
internal_value=2.00356e-05 115.106 229.66 -0.00206087 -177.27 -0.000320974 76.7737 -86.256 110.485 -254.315 125.145 165.085 294.76 530.289 148.228 -0.00340622 -0.00155464 192.591 -107.32 -185.695 -294.511 -459.507 -52.6813 -85.267 -0.00348482 -0.0335458 49.4305 3.94976 -0.0374438 -0.0266645 -72.7324 10.4233 5.98057 6.61862 6.83638 122.884 -6.70612 -8.81087 16.4586 -16.9133 -0.0367428 -0.0588513 -0.0398164 6.07101 27.0981 61.2361 -42.8124 -111.733 -12.2492 10.4347 2.31714 4.5159
internal_weight=9.68114e+06 175 104 9.68096e+06 95 9.68087e+06 389 89 41 48 300 258 133 51 82 9.68048e+06 9.68031e+06 97 167 114 84 60 71 71 9.68021e+06 9.60716e+06 757 73054 9.6064e+06 9.59531e+06 60 65 61360 59285 59025 62 11694 10720 974.001 4936.01 9.58607e+06 9.49687e+06 9.45615e+06 452 125 53 260 71 2075 9235 89198.1 42864
internal_count=4541503 175 104 4541328 95 4541233 389 89 41 48 300 258 133 51 82 4540844 4540677 97 167 114 84 60 71 71 4540580 4468688 750 71892 4467938 4456891 60 65 60429 58438 58178 62 11463 10503 960 4817 4447740 4361048 4321065 452 125 53 260 71 1991 9151 86692 42080
is_linear=0
shrinkage=0.0668742


Tree=15
num_leaves=53
num_cat=0
split_feature=12 13 16 16 16 4 9 9 11 11 16 15 4 11 11 16 15 16 11 11 11 16 4 12 16 16 13 15 12 16 16 9 16 13 16 5 13 12 11 16 1 12 16 5 16 15 9 15 11 11 11 13
split_gain=1.57062e+08 2.24352e+08 3.86245e+08 2.17617e+08 2.03207e+08 2.16297e+08 9.8485e+08 9.75858e+08 5.12498e+08 1.76462e+09 2.44889e+09 7.8149e+08 1.34376e+09 5.77842e+08 1.9969e+09 1.33754e+09 5.31246e+08 4.29404e+08 7.50213e+08 3.43919e+08 1.07555e+09 1.73931e+09 6.70366e+08 2.96454e+08 2.22748e+08 1.90407e+08 1.8479e+08 1.68247e+08 1.56997e+08 7.79231e+08 1.27199e+09 1.45674e+08 1.05656e+08 2.71139e+08 2.03135e+08 1.80974e+08 2.32944e+08 1.23692e+08 1.01313e+08 3.80326e+08 9.0187e+08 9.98133e+07 1.0895e+08 9.49236e+07 1.09694e+08 9.2226e+07 9.12202e+07 3.41508e+08 1.32506e+08 8.60097e+07 9.39938e+07 3.08951e+08
threshold=-0.00064349999999999987 -0.57580599999999993 127254.50000000001 182527.00000000003 198625.50000000003 0.8177930000000001 0.00081450000000000012 0.010425500000000002 0.91575650000000008 0.94009900000000013 50188.500000000007 0.00017550000000000001 0.91397700000000015 0.00041050000000000006 0.00038950000000000003 22795.000000000004 0.037011000000000009 35813.500000000007 0.94009900000000013 0.00037550000000000002 0.00036750000000000004 42345.500000000007 0.92730450000000009 -0.0078809999999999974 60699.500000000007 1001536.5000000001 -0.0069169999999999995 0.053738500000000008 0.018189500000000001 17121.500000000004 364983.50000000006 0.0086810000000000012 1540345.0000000002 4.9500000000000004e-05 147153.00000000003 9.8500000000000009e-05 0.00024250000000000001 0.0012995000000000001 0.91575650000000008 2654.5000000000005 0.57152900000000006 0.0013810000000000001 269076.50000000006 0.00062250000000000011 193396.00000000003 0.00010450000000000001 0.0032515000000000005 1.0000000180025095e-35 0.0010825000000000003 0.0038205000000000005 0.00025550000000000003 -0.0020179999999999994
decision_type=2 2 2 2 2 2 2 2 2 2 2 2 2 2 2 2 2 2 2 2 2 2 2 2 2 2 2 2 2 2 2 2 2 2 2 2 2 2 2 2 2 2 2 2 2 2 2 2 2 2 2 2
left_child=4 2 -2 -4 5 38 8 17 11 10 -10 13 -13 14 19 -15 -11 18 -8 20 -7 -22 -21 -17 -24 45 -27 -19 32 -30 -31 -20 33 -3 35 -35 -37 -34 46 40 -40 42 43 -36 -45 49 -1 48 -48 50 -6 -52
right_child=1 28 3 -5 25 6 7 -9 9 16 -12 12 -14 15 -16 23 -18 27 31 22 21 -23 24 -25 -26 26 -28 -29 29 30 -32 -33 37 34 41 36 -38 -39 39 -41 -42 -43 -44 44 -46 -47 47 -49 -50 -51 51 -53
leaf_value=-5.9691968058125848 -417.52612269714251 0.081302282896849543 210.17090573581496 -191.80449112815211 18.464108725997534 -24.653155699361694 -658.20477115316544 323.4157136419808 1333.743471372667 165.89805777550839 108.77302125163567 95.385243989394937 -767.70953371854853 918.04763781985139 -632.81774918723852 -87.294569021338248 -415.60125232470557 -152.36973808552082 -15.888242247411208 374.67063630418551 1177.4807784754296 67.004654065127312 -397.55174872793094 320.99406783735924 9.161388529588848 39.270757131041499 0.8072262920506077 161.3844939137781 -251.56753375711088 855.11261132093159 -6.4175943627775336 -289.73561691075776 -0.38542698064740827 -0.71168629970674824 7.3532988407519806 82.505847318099796 21.620041464006803 -9.3863120533721105 -695.40252605041974 145.86324628691486 22.86531505503805 -5.4862410597138593 2.9804579834772098 -144.03683438310912 30.73863149875022 -39.510980777694428 39.910671147368127 3.1361826133899959 206.88522937843788 41.929473130273834 -19.986092117410266 10.455770783898529
leaf_weight=22409.093891143799 26 5906931.3538894653 20 20 7358.0072002410889 41 33 30 22 28 27 37 21 21 27 28 20 30 31 25 20 22 20 25 20 948.00028800964355 44425.035259246826 22 28 20 35 27 3477273.7156562805 2241.0023040771484 5301.0057601928711 541.00028800964355 3412.0017280578613 11383.008640289307 20 31 37 9787.0069122314453 151316.30183410645 27 2187.0005760192871 278.00028800964355 59 1769.0002880096436 88 629 2740.0008640289307 25858.006912231445
leaf_count=20127 26 2398303 20 20 7183 41 33 30 22 28 27 37 21 21 27 28 20 30 31 25 20 22 20 25 20 941 43592 22 28 20 35 27 1775692 2185 5161 534 3370 11173 20 31 37 9619 143980 27 2173 271 59 1762 88 629 2719 25690
internal_value=7.71265e-05 -0.0366818 -158.941 9.16126 3.28102 -3.52664 48.6398 -123.458 122.338 295.056 658.896 67.7575 -217.178 134.137 48.7359 336.062 -76.3983 -217.238 -330.149 173.119 289.399 595.931 24.6221 105.328 -194.211 5.34976 1.61088 -19.6264 -0.0355856 118.506 306.953 -143.414 -0.0366139 0.180322 3.5262 18.8584 29.953 -0.414796 -4.75963 -97.0801 -229.229 2.96298 3.48361 13.6147 28.6062 9.95176 -4.42558 13.628 139.873 10.3276 9.77479 7.53909
internal_weight=9.67778e+06 9.57055e+06 66 40 107226 24990.1 577 173 404 97 49 307 58 249 175 74 48 143 91 148 83 42 65 53 40 82236.1 45373 52 9.57048e+06 83 55 58 9.5704e+06 6.08174e+06 174812 6194 3953 3.48866e+06 24413.1 88 57 168618 158831 7515.01 2214 36863 24325.1 1916 147 36585 35956 28598
internal_count=4456092 4352366 66 40 103726 22701 577 173 404 97 49 307 58 249 175 74 48 143 91 148 83 42 65 53 40 81025 44533 52 4352300 83 55 58 4352217 2565352 167049 6089 3904 1786865 22124 88 57 160960 151341 7361 2200 36492 22036 1909 147 36221 35592 28409
is_linear=0
shrinkage=0.0862051


Tree=16
num_leaves=53
num_cat=0
split_feature=8 0 14 1 12 8 8 12 0 12 14 14 12 12 2 3 12 7 12 14 12 4 14 12 12 14 0 1 14 8 12 8 14 1 7 14 7 0 7 8 3 2 2 12 8 7 14 8 14 3 2 7
split_gain=2.13285e+08 5.22582e+08 3.59476e+08 4.90018e+08 4.4182e+08 2.3483e+08 3.63908e+08 1.57727e+08 3.28528e+08 2.76012e+08 1.52686e+08 1.97128e+08 3.27577e+08 2.8423e+08 9.80418e+08 1.30492e+08 1.48314e+08 1.19817e+08 1.52143e+09 1.07389e+08 1.79306e+08 9.23383e+07 1.3932e+08 2.26969e+08 9.86307e+07 1.62078e+08 3.70421e+08 1.12794e+08 8.83809e+07 2.52523e+08 8.5194e+07 8.12175e+07 7.95548e+07 7.70614e+07 1.06158e+08 7.64733e+07 8.32392e+07 7.55145e+07 7.23996e+07 7.20605e+07 9.57855e+07 7.58759e+07 6.79229e+07 9.51279e+07 6.67331e+07 6.33291e+07 5.49937e+07 5.46975e+07 8.0115e+07 7.74101e+07 5.28616e+07 5.12693e+07
threshold=0.96228150000000012 0.92730450000000009 0.046726000000000011 0.92514000000000018 -0.032569999999999995 0.92074100000000014 0.95254850000000013 -0.004380499999999999 0.92730450000000009 -0.022734999999999995 0.013005500000000001 0.21783400000000003 -0.0050564999999999994 -0.076985499999999984 0.91595400000000005 0.75452300000000017 -0.0059454999999999994 0.16861500000000004 -0.019394499999999999 0.054875500000000008 -0.14644149999999997 0.0012685000000000003 1.0500000000000003e-05 -0.0013894999999999999 -0.047908499999999993 0.013005500000000001 0.17083400000000001 0.090667500000000012 0.00010950000000000002 0.0037120000000000005 -0.022734999999999995 0.0043250000000000016 0.025577000000000006 0.0098900000000000012 0.016260500000000004 7.5000000000000002e-06 0.00051650000000000014 0.00015050000000000003 0.00099850000000000026 0.0036805000000000002 0.0041205000000000009 0.0040750000000000014 0.0021335000000000004 -0.0050564999999999994 1.5000000000000002e-06 0.00054650000000000011 0.010433000000000001 0.00029850000000000005 0.00034050000000000004 0.0011505000000000003 0.0048355000000000013 0.00056250000000000017
decision_type=2 2 2 2 2 2 2 2 2 2 2 2 2 2 2 2 2 2 2 2 2 2 2 2 2 2 2 2 2 2 2 2 2 2 2 2 2 2 2 2 2 2 2 2 2 2 2 2 2 2 2 2
left_child=1 5 -3 4 -4 15 10 8 -2 -10 46 12 13 -12 -15 17 -17 21 19 -19 -21 22 23 -1 25 26 -23 28 -26 -30 -29 39 -11 50 -35 36 -33 42 -39 41 -41 44 47 -44 -25 -42 -7 48 -24 -50 -31 -43
right_child=7 2 3 -5 -6 6 -8 -9 9 32 11 -13 -14 14 -16 16 -18 18 -20 20 -22 24 37 31 27 -27 -28 30 29 33 -32 35 -34 34 -36 -37 -38 38 -40 40 45 51 43 -45 -46 -47 -48 -49 49 -51 -52 -53
leaf_value=14.166599515898774 23.526600365294414 130.60613383302294 -463.73018013142149 -711.21723706481589 270.14372058237007 68.599491211701903 -145.51951979534775 -92.31013165563634 727.44221814103776 33.238943176007794 204.90408528578567 -15.418060506648299 -11.008575335114859 1239.8917944017674 192.38789346012439 17.473853289077613 -284.1858422594625 -347.52820493656674 743.15514960414714 91.461155569562777 -356.45131718970111 62.379284819764266 -17.236942962513925 -0.3095567376293904 3.6113401400418037 -68.403075676088349 540.93635480088392 -51.999095215213245 164.03924442525027 -144.52681506403769 -303.51603680668302 -191.48376874673343 373.24662588398695 -142.59428585285607 17.621889464978544 -9.1322164519994242 -42.047456584782964 40.171566083078325 -21.70626928041407 18.342307418473009 4.2872986221017353 -9.7101201872328033 -34.988758058600943 38.663451878350457 0.33981044983486652 -23.02381315695953 -165.24937665391639 -11.592189841826077 172.96865777118231 34.99756814511538 58.187383983608306 -43.586249494556114
leaf_weight=16368.006425857544 77 26 26 37 22 48 73 36 23 20 77 48 48 20 37 45 50 30 39 37 20 391 385.00403213500977 5666833.2712631226 78698.053928375244 119 25 286 193 20 21 88 20 99 153 336 141 285 7713.0018177032471 7207.003059387207 6879.0020160675049 4206.0054721832275 335.00230407714844 1066.0005760192871 3872501.7782821655 1504.0002880096436 21 6474.0037441253662 72 330.00028800964355 284 768
leaf_count=16214 77 26 26 37 22 48 73 36 23 20 77 48 48 20 37 45 50 30 39 37 20 391 287 2306198 77396 119 25 286 193 20 21 88 20 99 153 336 141 285 7671 7137 6830 4073 279 1052 1707445 1497 21 6383 72 323 284 768
internal_value=-0.000591506 -0.00300614 -261.573 -381.579 -127.389 -4.45946e-06 95.7874 132.713 190.594 394.748 154.711 201.9 259.219 356.021 560.089 -0.00368805 -141.288 -0.0023003 117.556 -162.932 -65.7396 -0.00383174 -0.0379086 -0.0187452 4.06791 55.6611 91.1546 3.72179 4.00366 45.2233 -69.2157 -0.0430313 203.319 3.97646 -45.3209 -45.7523 -99.4799 -11.0538 -19.5012 -0.0403297 8.14993 -0.053708 -3.25387 21.0514 -0.0459455 -0.612573 -2.57394 -7.94364 22.0688 59.7139 44.8427 -14.9408
internal_weight=9.67466e+06 9.67449e+06 111 85 48 9.67437e+06 372 176 140 63 299 230 182 134 57 9.674e+06 95 9.67391e+06 126 87 57 9.67378e+06 9.59349e+06 9.57683e+06 80289.1 535 416 79754.1 79447.1 749 307 9.56046e+06 40 556 252 565 229 16660 7998 9.5599e+06 15590 9.54431e+06 8662.01 1401 9.53934e+06 8383 69 7261.01 787.004 402 304 4974.01
internal_count=4146946 4146770 111 85 48 4146659 372 176 140 63 299 230 182 134 57 4146287 95 4146192 126 87 57 4146066 4067079 4050727 78987 535 416 78452 78145 749 307 4034513 40 556 252 565 229 16352 7956 4033948 15464 4018484 8396 1331 4013643 8327 69 7065 682 395 304 4841
is_linear=0
shrinkage=0.120567


Tree=17
num_leaves=53
num_cat=0
split_feature=15 14 16 14 12 12 15 15 16 1 1 16 16 16 16 15 16 16 16 15 15 15 16 16 16 16 16 12 16 15 16 16 12 14 14 7 10 14 7 7 10 6 12 5 7 14 14 16 6 15 1 15
split_gain=9.13766e+07 9.52789e+08 1.0425e+09 2.19647e+08 5.44309e+08 7.49953e+08 9.73823e+08 9.92266e+08 6.51699e+08 1.08598e+09 4.02532e+08 2.25355e+08 4.57069e+08 1.92424e+08 5.79668e+08 3.98204e+08 9.08262e+08 4.22176e+08 3.46572e+08 6.44597e+08 1.97419e+08 1.4484e+08 2.45152e+08 1.87042e+08 1.30523e+08 1.08564e+08 9.77479e+07 8.23868e+07 2.86263e+08 3.0678e+08 7.60115e+07 1.79142e+08 2.5664e+08 2.36551e+08 1.94364e+08 2.08939e+08 1.43114e+08 1.53462e+08 2.50026e+08 1.9966e+08 1.33401e+08 1.28272e+08 1.09731e+08 1.08389e+08 2.16117e+08 1.32115e+08 1.19881e+08 1.07016e+08 1.02911e+08 1.00272e+08 1.14674e+08 9.80342e+07
threshold=0.050979000000000003 0.046726000000000011 34556.000000000007 0.025577000000000006 -0.085697499999999996 -0.0031984999999999995 0.0026665000000000005 0.00010350000000000001 39185.000000000007 0.14155050000000002 0.67893700000000012 28913.500000000004 15686.500000000002 5252.5000000000009 5165.0000000000009 5.5000000000000007e-06 2654.5000000000005 2518.5000000000005 8067.0000000000009 0.033185500000000007 0.019940000000000003 0.033185500000000007 4937.0000000000009 2654.5000000000005 2377.5000000000005 127254.50000000001 21078.000000000004 -0.066571499999999992 9784.5000000000018 0.0015145000000000002 633726.50000000012 180829.50000000003 0.0023145000000000006 5.5000000000000007e-06 3.0500000000000006e-05 0.0042090000000000009 0.00099950000000000017 5.5000000000000007e-06 0.0039565000000000008 0.0089810000000000011 0.00040150000000000006 0.0047330000000000002 0.00051650000000000014 0.00018050000000000002 0.0049065000000000003 0.00027550000000000008 9.5000000000000022e-06 1515605.0000000002 0.0015075000000000004 7.6500000000000016e-05 0.0026285000000000002 0.00066200000000000015
decision_type=2 2 2 2 2 2 2 2 2 2 2 2 2 2 2 2 2 2 2 2 2 2 2 2 2 2 2 2 2 2 2 2 2 2 2 2 2 2 2 2 2 2 2 2 2 2 2 2 2 2 2 2
left_child=3 -2 26 27 13 6 7 11 9 -7 -10 12 -6 14 15 16 17 -5 19 -15 -17 22 23 24 -22 -12 -3 28 29 -1 31 32 33 -29 35 -34 37 38 -33 -40 -37 42 -32 -39 48 46 -46 -43 -45 -38 -51 -35
right_child=1 2 -4 4 5 8 -8 -9 10 -11 25 -13 -14 18 -16 20 -18 -19 -20 -21 21 -23 -24 -25 -26 -27 -28 30 -30 -31 41 36 34 51 -36 40 49 43 39 -41 -42 47 -44 44 45 -47 -48 -49 -50 50 -52 -53
leaf_value=963.10066341240736 -10.725093558705602 -466.46188548036503 -1644.0728111012209 -381.89989972072601 841.21627167050838 97.158830096174142 1355.2425076837021 -673.46048342621964 825.91899397280679 -1434.7899439747771 -142.91693120177288 925.0610845780335 -91.399580730016595 -967.07226776280106 815.87026300323578 483.35236181102124 -1160.2748488630798 603.2455499036771 6.4319827228954303 153.4139501311773 211.26277973900241 338.08792403099267 -577.90413801896909 478.75478891481487 -353.26816935617853 325.54604922065261 45.152220102410844 -0.55549494374705954 30.027017327285055 35.280911885239085 -0.31865574554333659 1.2469484128589596 45.436889582654132 -25.568436559118648 -141.48082564916359 67.502608222206007 7.7218825203188626 0.91406650508933729 -144.54284763286702 36.369823253849766 292.32088449346173 69.740986145721763 -7.0132011520704864 18.667539573961964 -76.848124706330395 -295.98412372439412 29.065222106979956 8.6811494844149717 87.541524139181362 -5.9442678673697049 -89.43642190993603 -116.39318023276739
leaf_weight=20 1105.0037441253662 20 21 26 29 37 32 23 27 20 35 31 30 34 26 35 25 23 116 25 20 32 21 22 27 23 22 1761987.5299739838 415 20 5850502.0630645752 1841614.3379020691 512.00028800964355 7576.0048961639404 94 112 127062.33927536011 3084.002592086792 580 243 219 1308.0008640289307 69555.086761474609 853 421.00028800964355 44 1044.0002880096436 2099.0008640289307 2130.0005760192871 1931.0017280578613 607.00028800964355 349
leaf_count=20 1014 20 21 26 29 37 32 23 27 20 35 31 30 34 26 35 25 23 116 25 20 32 21 22 27 23 22 947021 415 20 1613177 739643 505 7457 94 112 118816 3021 580 243 219 1287 67455 853 414 44 1037 2078 2116 1889 600 349
internal_value=-0.000305904 -46.862 -680.559 0.00535139 92.6089 271.464 539.482 308.362 -2.22296 -440.501 291.684 559.343 367.066 -26.2141 66.0585 -18.3712 -338.767 80.5011 -161.725 -492.297 132.652 32.004 -76.854 75.6992 -113.012 42.8853 -198.551 -0.00153102 71.2927 499.283 -0.00488445 0.585369 -0.638993 -0.685404 87.026 112.51 1.68061 1.30354 1.20569 -91.1244 216.254 -0.378605 -0.39731 25.1017 41.7076 -9.96446 -1.37129 32.1232 67.847 7.06319 -25.9132 -29.5684
internal_weight=9.67627e+06 1168 63 9.6751e+06 719 287 145 113 142 57 85 90 59 432 257 231 74 49 175 59 157 122 90 69 47 58 42 9.67438e+06 455 40 9.67393e+06 3.75046e+06 1.77085e+06 1.76991e+06 937 843 1.97961e+06 1.85001e+06 1.84244e+06 823 331 5.92346e+06 5.92006e+06 7576 4492 1509 1465 3407 2983 129600 2538 7925
internal_count=3511261 1077 63 3510184 719 287 145 113 142 57 85 90 59 432 257 231 74 49 175 59 157 122 90 69 47 58 42 3509465 455 40 3509010 1825013 955757 954827 930 836 869256 747951 740466 823 331 1683997 1680632 7485 4464 1495 1451 3365 2969 121305 2489 7806
is_linear=0
shrinkage=0.167554


Tree=18
num_leaves=53
num_cat=0
split_feature=1 1 9 9 12 12 13 9 9 9 9 8 2 9 0 12 8 8 9 9 12 9 12 0 9 12 2 6 8 8 2 10 6 13 8 6 13 0 13 8 10 1 10 10 9 10 8 9 10 9 8 6
split_gain=8.18452e+07 2.21396e+08 1.3004e+09 6.24114e+08 1.55137e+08 1.0686e+08 9.88003e+07 5.78441e+08 1.03831e+09 5.39129e+08 1.85406e+09 3.23422e+08 3.16236e+08 6.91941e+08 7.0507e+08 3.83244e+08 2.33992e+08 5.60729e+08 3.98878e+08 3.0716e+08 2.76905e+08 1.93181e+08 3.17363e+08 1.82885e+08 1.41923e+08 1.26042e+08 1.24677e+08 9.03136e+07 7.73714e+07 6.25592e+07 1.27406e+08 1.60401e+08 2.07565e+08 2.10886e+08 1.09721e+08 1.07998e+08 8.99848e+07 8.54376e+07 7.16483e+07 1.04203e+08 9.66961e+07 7.01885e+07 6.68648e+07 1.34977e+08 1.22985e+08 1.13618e+08 8.28657e+07 6.1168e+07 5.93546e+07 5.90593e+07 8.03049e+07 5.45247e+07
threshold=0.95729150000000007 0.92514000000000018 0.0070025000000000009 0.00018050000000000002 -0.004380499999999999 -0.0050564999999999994 -0.16861499999999999 0.010863000000000003 0.010161500000000002 0.0035065000000000005 0.0010465000000000003 0.92074100000000014 0.59831400000000012 0.0081640000000000011 0.71441150000000009 -0.0090079999999999986 0.95254850000000013 0.96647850000000013 0.00037250000000000011 0.00021150000000000002 -0.019394499999999999 0.00034950000000000009 0.018189500000000001 0.91397700000000015 0.00035450000000000011 -0.0021969999999999997 0.90392850000000002 0.15484200000000004 0.95254850000000013 0.0026725000000000004 0.0019025000000000003 0.00019550000000000001 0.0018935000000000002 -0.0025119999999999995 0.0023145000000000002 0.0022935000000000004 -0.0012274999999999996 0.00085050000000000002 -0.00041249999999999994 0.0012575000000000002 0.0036920000000000004 0.0013485000000000001 0.005706000000000001 0.11878000000000001 0.00010550000000000002 0.0020475000000000003 0.0040025000000000008 0.00036350000000000005 7.6500000000000016e-05 0.0022445000000000004 0.0022535000000000003 0.00053350000000000012
decision_type=2 2 2 2 2 2 2 2 2 2 2 2 2 2 2 2 2 2 2 2 2 2 2 2 2 2 2 2 2 2 2 2 2 2 2 2 2 2 2 2 2 2 2 2 2 2 2 2 2 2 2 2
left_child=1 6 3 5 -2 -3 7 8 9 10 11 21 13 14 -11 23 18 24 19 26 -21 -1 -23 28 -18 -17 -13 29 -14 30 36 32 -32 -34 -33 41 37 -8 40 51 49 -35 45 44 -44 -31 -47 -5 -37 -38 -51 -40
right_child=4 2 -4 47 -6 -7 27 -9 -10 12 -12 16 15 -15 -16 25 17 -19 -20 20 -22 22 -24 -25 -26 -27 -28 -29 -30 42 31 34 33 35 -36 48 38 -39 39 -41 -42 -43 43 -45 -46 46 -48 -49 -50 50 -52 -53
leaf_value=1.6886952684685619 370.16542551977062 -498.40929996911109 -1046.9499219239358 517.03148640277618 -11.942417235579008 -104.97010851534711 0.84144776747196437 -472.42334497126961 921.52702872449493 -645.46909204703661 1243.3757510201626 352.64796296645585 -386.41319946013289 651.47514474579816 331.31050922355723 266.20103508517747 -422.35762250968992 448.86730055585417 616.39211618741524 -464.93295731272815 113.04433380329624 -649.63284695927337 5.7282340115680439 -678.14430000456036 -67.016229057463164 -146.78189117931635 118.57102033344533 -128.66933789471261 -91.122076092657181 4.3670540592822906 -40.182616216307501 -18.811954915840989 -20.340445759018486 183.63383803442215 -2.9569309401969965 91.633393530368835 -4.4713646522841142 16.175577515503679 -0.01493157292460669 5.4871195324685136 -17.210809360623042 27.610284906649142 56.768816597761827 -27.571268864816759 3.4669648374764348 -2.3200667949302085 -24.382775157424565 222.77027242775088 239.95775413469437 5.5272378324843698 114.58144390648425 -4.5543222012084561
leaf_weight=110 25 20 20 20 40 20 11573.002880096436 30 20 23 20 64 36 21 20 20 27 26 29 20 30 20 23 24 41 23 68 79 20 87924.050868988037 645 13048.00489616394 630.00028800964355 44 12269.006912231445 562.00028800964355 35910.066818237305 9656.0043201446533 9368829.6709918976 49794.031661987305 7426.0017280578613 818.00057601928711 1388 684.00028800964355 1144.0005760192871 24131.011034011841 2747.0011520385742 21 42 8115.002592086792 99 38491.049339294434
leaf_count=110 25 20 20 20 40 20 11503 30 20 23 20 64 36 21 20 20 27 26 29 20 30 20 23 24 41 23 68 79 20 86692 645 12929 623 44 12101 555 34286 9551 3050662 49031 7384 804 1388 677 1130 23865 2719 21 42 8052 99 37294
internal_value=0.000110985 -0.000796239 -178.176 36.4308 135.03 -301.74 0.00106376 44.7406 67.4002 41.6946 109.479 59.9307 -131.565 85.3945 -191.139 -244.465 131.566 -26.3707 201.929 135.852 -118.17 -82.8671 -299.139 -400.21 -208.147 45.2855 232.081 -0.00224226 -280.995 -0.00119143 -0.0351995 -8.13395 19.5237 37.8975 -11.1284 62.9252 -0.011355 7.81619 -0.0288308 -0.00443752 -4.50388 35.5778 2.75302 19.8702 32.6864 2.2735 -4.57496 366.379 101.952 -2.36532 6.84185 -0.033505
internal_weight=9.67693e+06 9.67686e+06 101 81 65 40 9.67676e+06 715 685 665 478 458 187 64 43 123 305 94 211 182 50 153 43 80 68 43 132 9.67605e+06 56 9.67597e+06 9.55795e+06 28058 2741 2096 25317 1466 9.52989e+06 21229 9.50866e+06 9.45711e+06 51550.1 862.001 118018 3216 2532 114802 26878 41 604 44124.1 8214 9.40732e+06
internal_count=3353036 3352971 101 81 65 40 3352870 715 685 665 478 458 187 64 43 123 305 94 211 182 50 153 43 80 68 43 132 3352155 56 3352076 3235605 27743 2713 2068 25030 1445 3207862 21054 3186808 3136987 49821 848 116471 3195 2518 113276 26584 41 597 42437 8151 3087956
is_linear=0
shrinkage=0.120362


Tree=19
num_leaves=53
num_cat=0
split_feature=11 8 8 8 11 8 1 11 13 3 12 11 11 8 11 11 14 1 11 12 3 3 14 11 1 8 3 13 12 11 14 14 12 14 8 11 12 8 12 3 7 5 14 13 14 8 7 3 12 3 11 8
split_gain=8.82764e+07 3.79344e+08 4.61229e+08 2.27033e+08 3.24978e+08 2.95358e+08 2.24388e+08 1.42308e+08 1.0633e+08 1.72614e+08 6.63148e+08 6.04222e+08 6.23771e+08 3.25118e+08 3.79577e+08 8.41133e+08 2.51947e+08 5.57995e+08 6.01042e+08 9.0792e+07 8.66574e+07 7.67706e+07 7.2685e+07 1.06676e+08 7.0016e+07 3.99303e+07 3.88719e+07 1.40655e+08 2.11326e+08 3.95174e+07 1.00627e+08 9.92012e+07 8.29463e+07 1.52265e+08 2.83093e+08 1.48408e+08 7.84364e+07 5.62292e+07 5.33349e+07 4.84166e+07 4.64794e+07 4.51448e+07 4.13746e+07 4.08963e+07 8.20879e+07 5.14365e+07 7.02122e+07 6.2555e+07 4.05659e+07 3.71054e+07 3.81742e+07 6.23968e+07
threshold=0.94009900000000013 0.96647850000000013 0.96228150000000012 0.96647850000000013 0.00043050000000000006 0.95254850000000013 0.91422250000000005 0.00038150000000000006 -0.16861499999999999 0.75452300000000017 -0.019394499999999999 0.00037150000000000003 0.00036550000000000005 0.92074100000000014 0.00039550000000000007 0.00043250000000000005 0.046726000000000011 0.92514000000000018 0.28534100000000007 -0.0021969999999999997 0.90078350000000007 0.9127780000000002 0.054875500000000008 0.28534100000000007 0.67893700000000012 1.5000000000000002e-06 1.5000000000000002e-06 1.0000000180025095e-35 -2.4999999999999994e-06 0.0038205000000000005 9.5000000000000022e-06 5.5000000000000007e-06 -0.071882499999999988 0.013005500000000001 0.21473850000000003 0.22499750000000004 -0.0012034999999999999 0.0096440000000000015 0.0099170000000000022 0.12940850000000001 0.0040890000000000015 0.0023335000000000005 2.5000000000000002e-06 0.0036350000000000006 7.5000000000000002e-06 0.0037520000000000006 0.00052950000000000013 0.0039560000000000003 0.0011435000000000002 0.00041400000000000003 0.0069580000000000015 0.0028335000000000005
decision_type=2 2 2 2 2 2 2 2 2 2 2 2 2 2 2 2 2 2 2 2 2 2 2 2 2 2 2 2 2 2 2 2 2 2 2 2 2 2 2 2 2 2 2 2 2 2 2 2 2 2 2 2
left_child=3 2 6 5 -5 8 24 -7 9 10 13 12 -11 22 -15 -16 19 18 -18 20 -13 -6 -1 -24 -2 -10 27 -27 -29 30 36 49 33 34 -33 37 40 38 -34 -35 42 -42 -28 45 48 47 -47 -38 -45 -31 51 -51
right_child=1 -3 -4 4 21 7 -8 -9 25 11 -12 16 -14 14 15 -17 17 -19 -20 -21 -22 -23 23 -25 -26 26 29 28 -30 31 -32 32 35 39 -36 -37 43 -39 -40 -41 41 -43 -44 44 -46 46 -48 -49 -50 50 -52 -53
leaf_value=-326.56747360566646 -130.73514564609653 -446.25668094640281 444.88195395641316 590.45830031192406 -207.23751765186987 -618.0594778589832 -531.55020437639553 -156.7384143327202 -0.24097911143017853 34.163346196378342 682.28000737987236 264.50687047808952 1057.5933001373151 -164.61609979862783 1178.2663022825236 40.435082486607563 -569.37525711892761 -815.06078219031065 277.04989518128446 -171.00015399361999 9.4870343075634622 180.51010549119144 -269.19249427741124 122.26255096121959 79.260800265806083 0.15976781975884069 -3.7078618578998395 27.185028857277363 3.1484006147450398 4.4971507981707362 -7.7201697655644939 106.85632499287729 24.972072692261008 -198.62004527997121 690.20125249790067 -255.69380803661232 0.22531903376826393 -7.2831603201244164 -141.37715920118151 57.281304744661931 -104.82151895501126 -5.471463466065404 11.429941535587167 -109.6333881633315 11.424627087580493 14.4347025063354 -6.2642556046658813 -21.744168463958818 -31.116049141506128 -15.806104045905013 -29.02654930914067 40.266689860317655
leaf_weight=30 70 46 37 31 20 20 21 38 5663708.3899936676 28 39 33 20 30 20 35 27 26 42 41 125 20 25 30 56 109062.62719726562 4274.0273609161377 10328.022733688354 23440.719749450684 5440.0460815429688 31008.017171859741 88 5994.0034561157227 28 20 39 3777415.9051418304 1393.0008640289307 38 30 136 263 20575.009593963623 237 529.00086402893066 10860.002105712891 4561.0011520385742 2542.0023040771484 283.00028800964355 1411.0008640289307 1707.0014400482178 537.00028800964355
leaf_count=30 70 46 37 31 20 20 21 38 1522897 28 39 33 20 30 20 35 27 26 42 41 125 20 25 30 56 69532 3609 9782 5975 4320 30595 88 5910 28 20 39 1657763 1372 38 30 136 263 20344 237 508 10811 4533 2486 276 1390 1672 530
internal_value=-0.000219431 -86.7279 3.16948 0.00184208 250.298 5.01305e-06 -108.033 -315.848 0.00189888 61.4998 161.735 0.242089 460.703 42.2755 235.865 454.336 -74.9509 -262.509 -54.2044 14.5927 62.7688 -13.3286 -151.317 -55.6854 -37.4016 -0.0016032 0.336301 2.60443 10.4999 0.252578 0.223099 7.04309 18.815 116.69 214.947 16.638 0.287549 18.0689 23.9237 -66.2485 8.06502 -39.338 8.82622 0.235825 -27.4031 0.243464 8.31262 0.210544 -66.904 -2.83255 -13.7421 -0.34824
internal_weight=9.67686e+06 230 184 9.67663e+06 71 9.67656e+06 147 58 9.6765e+06 551 209 342 48 170 85 55 294 95 69 199 158 40 85 55 126 9.67595e+06 4.01224e+06 142831 33768.7 3.86941e+06 3.85268e+06 16725.1 7630 166 108 7464 3.82168e+06 7425 6032 58 25248 399 24849 3.79643e+06 1049 3.79538e+06 15421 3.77996e+06 520 9095.05 3655 1948
internal_count=3356094 230 184 3355864 71 3355793 147 58 3355735 551 209 342 48 170 85 55 294 95 69 199 158 40 85 55 126 3355184 1832287 85289 15757 1746998 1731561 15437 7525 166 108 7359 1700966 7320 5948 58 24352 399 23953 1676614 1021 1675593 15344 1660249 513 7912 3592 1920
is_linear=0
shrinkage=0.140002


Tree=20
num_leaves=53
num_cat=0
split_feature=0 3 11 11 11 11 12 9 12 9 11 11 0 7 7 12 11 3 9 9 12 7 11 12 3 9 9 2 13 9 11 2 3 9 13 2 9 7 0 9 13 7 3 13 12 12 0 9 3 0 11 9
split_gain=1.92098e+09 1.40787e+09 7.1252e+08 4.02332e+08 6.93542e+08 5.91895e+08 9.93398e+08 6.63737e+08 5.1045e+08 3.38824e+08 3.08652e+08 1.20613e+09 7.21466e+08 3.01223e+08 2.5843e+08 4.26595e+08 2.14823e+08 2.14017e+08 1.52062e+08 2.63816e+08 1.28378e+08 4.19946e+08 1.21644e+08 1.59156e+08 2.47437e+08 2.27434e+08 3.80146e+08 1.2126e+08 1.16162e+08 1.15941e+08 1.00206e+08 1.19295e+08 9.94922e+07 9.43203e+07 9.42898e+07 1.26104e+08 1.24913e+08 5.23932e+08 1.84217e+08 1.50758e+08 1.07751e+08 8.87864e+07 8.60371e+07 8.47228e+07 9.32002e+07 7.93785e+07 8.43759e+07 7.46996e+07 7.34082e+07 7.21455e+07 7.12243e+07 1.4702e+08
threshold=0.8177930000000001 0.0010955000000000003 0.94009900000000013 0.00037150000000000003 0.00036550000000000005 0.91575650000000008 -0.010357999999999997 0.007212500000000001 -0.0078809999999999974 0.00036850000000000007 0.00040950000000000009 0.00044250000000000002 0.91397700000000015 0.00049750000000000011 0.93469650000000015 -0.0039964999999999992 0.0034305000000000004 0.90078350000000007 0.007098000000000001 0.0086810000000000012 0.018189500000000001 0.025789500000000003 0.28534100000000007 -0.019394499999999999 0.31883150000000005 0.0003765000000000001 0.0072820000000000011 0.91595400000000005 -0.0011559999999999997 0.010161500000000002 0.00021750000000000003 0.0016210000000000003 0.0031125000000000002 0.00033950000000000007 -0.00027949999999999996 0.0016925000000000002 4.4500000000000004e-05 0.025789500000000003 0.71441150000000009 0.0046365000000000009 -0.0009304999999999999 0.00031650000000000005 0.00040550000000000004 0.0036350000000000006 0.0014600000000000001 -0.00042449999999999991 0.0035140000000000002 0.00041350000000000008 0.016717500000000007 0.0060400000000000011 9.1500000000000015e-05 4.7500000000000009e-05
decision_type=2 2 2 2 2 2 2 2 2 2 2 2 2 2 2 2 2 2 2 2 2 2 2 2 2 2 2 2 2 2 2 2 2 2 2 2 2 2 2 2 2 2 2 2 2 2 2 2 2 2 2 2
left_child=1 41 3 4 -2 8 -7 17 9 10 12 -12 -5 32 15 27 30 -8 47 -20 22 -22 28 24 -24 -26 -27 -10 -18 -21 31 -15 49 -17 35 40 37 45 39 -38 -32 42 -1 -34 -45 46 -37 -4 -41 -3 -43 -52
right_child=2 13 18 5 -6 6 7 -9 14 -11 11 -13 -14 16 -16 33 20 -19 19 29 21 -23 23 -25 25 26 -28 -29 -30 -31 34 -33 43 -35 -36 36 38 -39 -40 48 -42 50 -44 44 -46 -47 -48 -49 -50 -51 51 -53
leaf_value=-0.14909801567996536 96.939210271168037 5.3092383304016346 -42.856495757459314 178.09365635563839 541.20873421127862 544.87653197294753 400.97502423415284 -76.745495307017165 479.55456611434835 -152.20300836682878 559.57464935884218 -4.8681867588763961 -262.73105263371485 0.11438576128141741 -5.3404194005493046 38.218291201289745 14.293156007842295 136.35825404214575 183.33767544809274 -131.73625529723182 -36.411470105198127 335.95665484360831 -235.71174902880944 96.447942680328708 110.93808194065093 -279.11527726179645 36.770971064441923 267.32816147778442 -8.4511755839025042 65.260321198015163 5.4486881632776551 9.6926340187089064 11.184161986471214 178.37531455809497 3.7166006462889598 2.322628218340546 -6.5204230616392405 328.62498392682625 -174.57713788317517 3.2803531895237068 -0.91802268108922325 -2.8062848512834688 -4.0375694863734761 -37.722693436931316 7.82899119251916 13.906397914180031 -32.517262642838119 -192.51312358048861 115.8912665131819 37.777728042362796 23.119163991776581 1.6430731126832292
leaf_weight=9244493.9912776947 30 27807.018106460571 39 28 26 32 27 35 20 40 20 60 31 7525.0023040771484 28 33 9826.0040321350098 22 31 29 30 20 29 26 32 26 36 23 979.00028800964355 20 26604.008640289307 16374.010944366455 32767.015335083008 45 88883.047643661499 2110.0008640289307 20456.00892829895 20 25 8148.0017280578613 17454.009504318237 14444.092163085938 22616.06325340271 296 447 2409.0017280578613 317 20 23 274.00028800964355 1276.0002880096436 132563.13512802124
leaf_count=3113262 30 27380 39 28 26 32 27 35 20 40 20 60 31 7469 28 33 9728 22 31 29 30 20 29 26 32 26 36 23 972 20 26394 16108 32403 45 87749 2089 20239 20 25 8106 17223 12204 21083 296 447 2367 317 20 23 267 1269 129294
internal_value=-7.18438e-06 -0.0072152 109.169 144.228 303.258 124.163 246.407 132.651 80.9229 9.25342 55.7256 136.297 -53.5185 4.53726 167.013 206.903 3.35854 282.207 -16.9304 39.6186 11.9127 112.563 11.4531 -45.0492 -74.9713 -25.357 -95.714 366.113 12.2323 -51.3177 2.86403 6.67677 8.39069 119.096 2.31659 0.712304 -2.19896 7.13961 -3.78169 -3.63244 2.92645 -0.134129 -0.158588 10.7074 -10.318 5.80915 -2.22797 -93.6121 3.59754 5.62608 1.39447 1.84783
internal_weight=9.67898e+06 9.67834e+06 639 500 56 444 116 84 328 179 139 80 59 262943 149 121 201352 49 139 80 11004 50 10954 149 123 94 62 43 10805 49 190348 23899 61591 78 166449 77566 33508 4856 28652 28627 44058 9.41539e+06 9.26711e+06 33510 743 4836 2427 59 8171 28081 148283 133839
internal_count=3537572 3536933 639 500 56 444 116 84 328 179 139 80 59 259821 149 121 199028 49 139 80 10899 50 10849 149 123 94 62 43 10700 49 188129 23577 60793 78 164552 76803 33186 4793 28393 28368 43617 3277112 3134345 33146 743 4773 2406 59 8129 27647 142767 130563
is_linear=0
shrinkage=0.0629672


Tree=21
num_leaves=53
num_cat=0
split_feature=0 16 16 16 14 14 16 16 16 12 16 16 12 0 1 16 16 16 16 0 16 16 0 14 14 16 16 16 16 12 4 16 6 6 12 16 16 16 1 16 16 16 12 16 4 1 16 1 1 14 12 16
split_gain=1.37038e+08 2.00598e+08 1.09412e+08 1.0172e+08 2.92933e+08 4.31585e+08 1.1051e+09 4.64399e+08 4.65772e+08 1.03112e+09 6.36067e+08 5.06592e+08 2.77333e+08 2.466e+08 8.96904e+08 1.76038e+08 1.00101e+08 1.26528e+08 1.46857e+08 1.67682e+08 3.6313e+08 2.61407e+08 2.85293e+08 9.79008e+07 8.04328e+07 8.36664e+07 2.34451e+08 2.95618e+08 7.73846e+07 3.22963e+08 2.75415e+08 8.78678e+07 8.65126e+07 7.69692e+07 7.47719e+07 1.26398e+08 6.61961e+07 2.11285e+08 6.54184e+07 5.63082e+07 8.38099e+07 5.61751e+07 5.47422e+07 5.40232e+07 6.19191e+07 5.41148e+07 5.16152e+07 1.42435e+08 8.56646e+07 7.56167e+07 1.19221e+08 1.08164e+08
threshold=0.001688 1109542.0000000002 2480973.5000000005 5206.5000000000009 0.025577000000000006 0.046726000000000011 44828.000000000007 5322.5000000000009 94032.500000000015 -0.0023574999999999998 36474.500000000007 28913.500000000004 -0.0032704999999999995 0.95752500000000007 0.92514000000000018 55493.000000000007 2313.5000000000005 2684.0000000000005 2636.5000000000005 0.71441150000000009 2553.5000000000005 2395.0000000000005 0.020888000000000004 4.6000000000000007e-05 2.5000000000000002e-06 10459.500000000002 9558.5000000000018 9925.0000000000018 48207.500000000007 0.00010050000000000002 0.0011285000000000004 8433.5000000000018 0.0016270000000000002 0.49003550000000001 0.018189500000000001 364983.50000000006 4915.5000000000009 4995.0000000000009 0.0014695000000000001 13267.500000000002 21785.000000000004 7839.5000000000009 0.0006485000000000001 35655.500000000007 0.00083850000000000016 0.0015335000000000004 2052539.5000000002 0.00016050000000000003 7.3500000000000011e-05 2.3500000000000005e-05 -0.0024029999999999993 502748.00000000006
decision_type=2 2 2 2 2 2 2 2 2 2 2 2 2 2 2 2 2 2 2 2 2 2 2 2 2 2 2 2 2 2 2 2 2 2 2 2 2 2 2 2 2 2 2 2 2 2 2 2 2 2 2 2
left_child=46 3 23 16 24 6 -6 -7 9 10 11 13 -8 14 -9 -14 -2 18 19 20 21 -18 -23 -3 28 26 41 -28 29 30 43 -32 -31 -19 38 -36 -35 -38 -27 -33 -41 -26 -4 45 -45 -5 48 -48 -1 50 -50 -51
right_child=1 2 42 4 5 7 12 8 -10 -11 -12 -13 15 -15 -16 -17 17 33 -20 -21 -22 22 -24 -25 25 34 27 -29 -30 32 31 39 -34 36 35 -37 37 -39 -40 40 -42 -43 -44 44 -46 -47 47 -49 49 51 -52 -53
leaf_value=-0.0065256809556703127 -217.26229133665714 0.25894427427616923 -4.6052050521365668 53.49672580178332 893.10858705099963 437.54784426193601 336.38093868057626 63.817791388863199 480.12615915854656 -549.95182021953326 -509.18639685550841 464.52342310070424 192.22442935827814 288.05835118844408 -678.7390331942031 -198.27578747050015 -170.12314254971122 -29.807405446748728 284.38762125085486 179.11773695444518 -451.45767197455064 -58.799745981811292 495.94194840291129 44.202783912755571 68.746388095472824 42.428503417975691 567.71573854049882 92.392494007587686 0.34770363578112001 20.593215918746665 81.773258611589739 -22.938796982921751 265.22246365675716 -245.63109159564587 -320.54607183479641 12.296615317123315 170.93628805878726 -215.39120946565902 8.4687841452465413 81.721079063432441 -5.148056232726554 -74.615815566395796 -21.274123690044092 96.164022586799533 -10.711938627333454 162.96978859056142 -0.32296001066893315 -4.5992146197086576 19.076929202754027 -28.944386400690394 1.4556657638186443 10.412368291931804
leaf_weight=6948767.3009109497 32 63693.038682937622 4929.0082950592041 76 24 28 32 143 20 37 21 33 20 32 20 33 35 215.00028800964355 24 42 21 20 20 552 54 620 20 48 25539.019296646118 20 121 1222 71 39 20 32 24 42 49436.026208877563 154 541.00057601928711 65 3741.0015296936035 141 100.00028800964355 136 2058914.545293808 87662.213781356812 4186.0011520385742 2030.0020160675049 419966.80389404297 1199
leaf_count=2274836 32 62755 4747 76 24 28 32 143 20 37 21 33 20 32 20 33 35 208 24 42 21 20 20 552 54 620 20 48 25070 20 121 1222 71 39 20 32 24 42 48799 154 527 65 3706 141 93 136 438451 82538 4158 1981 376124 1199
internal_value=0.000244569 3.09231 -0.841966 6.70649 7.00677 91.2544 270.754 32.6677 -4.39597 -38.3007 37.7495 88.1547 94.9368 24.4356 -27.3355 -50.8849 -39.3623 -27.5459 47.2651 6.00403 -69.7441 37.1821 218.594 0.636529 6.53081 9.01895 78.3724 232.26 2.08071 19.2219 12.1981 -4.08954 211.457 -65.4208 8.76006 -115.742 -138.33 -74.8956 8.88943 -9.50992 14.101 -9.55379 -11.7977 85.4735 51.8169 123.73 -0.0492039 -0.497595 0.0812849 1.50899 1.62957 -14.3302
internal_weight=9.67501e+06 152288 72915 79373 78859 443 109 334 306 286 249 228 85 195 163 53 514 482 162 138 96 75 40 64245 78416 50295 187 68 28121 2582 2491 2038 91 320 50108 52 105 66 50056 1917 695.001 119 8670.01 453 241 212 9.52273e+06 2.14658e+06 7.37615e+06 427382 424153 3229
internal_count=3329286 149999 71760 78239 77732 443 109 334 306 286 249 228 85 195 163 53 507 475 162 138 96 75 40 63307 77289 49658 187 68 27631 2561 2470 2024 91 313 49471 52 105 66 49419 1903 681 119 8453 446 234 212 3179287 520989 2658298 383462 380282 3180
is_linear=0
shrinkage=0.103898


Tree=22
num_leaves=53
num_cat=0
split_feature=4 12 2 10 16 16 11 16 15 16 11 11 16 12 16 15 16 4 7 2 12 11 11 11 15 16 16 11 16 15 8 12 2 16 16 8 11 16 2 15 10 16 4 10 7 2 16 16 16 8 7 16
split_gain=7.64752e+07 8.86389e+07 1.80183e+08 1.27153e+08 1.98014e+08 2.05438e+08 1.26471e+08 1.29047e+08 1.17394e+08 2.78705e+08 1.38516e+08 4.46734e+08 5.44238e+08 1.23371e+09 3.08475e+08 1.60916e+08 9.97966e+07 5.17606e+08 3.42576e+08 6.09277e+08 7.58764e+08 3.1435e+08 4.30922e+08 3.61469e+08 2.06791e+08 1.73275e+08 1.53341e+08 1.03734e+08 1.19964e+08 9.92317e+07 1.0173e+08 9.99942e+07 9.68005e+07 1.03597e+08 9.03827e+07 3.65301e+08 8.52383e+07 8.22459e+07 9.46603e+07 7.9288e+07 7.45741e+07 7.72163e+07 8.58863e+07 8.38873e+07 8.08466e+07 7.2766e+07 6.99852e+07 6.6426e+07 6.61685e+07 8.65764e+07 6.54794e+07 8.26379e+07
threshold=0.00055850000000000008 -0.00012449999999999996 0.00075450000000000007 0.0012375000000000001 15060.500000000002 18182.000000000004 0.22499750000000004 146629.50000000003 0.057643500000000007 68987.000000000015 0.94009900000000013 0.91575650000000008 31907.000000000004 -0.14644149999999997 7698.5000000000009 0.052283000000000003 13095.500000000002 0.91397700000000015 0.16861500000000004 0.90392850000000002 -0.012156499999999999 0.00037650000000000004 0.10738600000000002 0.00010550000000000002 0.0023860000000000005 43399.500000000007 5607.5000000000009 0.22499750000000004 24713.500000000004 7.6500000000000016e-05 0.0046900000000000006 0.018189500000000001 0.59831400000000012 5231.5000000000009 2427.0000000000005 0.92513900000000004 0.22499750000000004 60699.500000000007 0.95353650000000012 1.5000000000000002e-06 0.0094220000000000016 42700.000000000007 0.0021460000000000008 0.00021050000000000005 0.0048450000000000012 0.0030885000000000005 200067.00000000003 5206.5000000000009 618498.00000000012 0.0001395 0.0008495000000000001 54176.500000000007
decision_type=2 2 2 2 2 2 2 2 2 2 2 2 2 2 2 2 2 2 2 2 2 2 2 2 2 2 2 2 2 2 2 2 2 2 2 2 2 2 2 2 2 2 2 2 2 2 2 2 2 2 2 2
left_child=50 2 3 4 -2 39 29 -8 10 -10 11 16 13 -13 47 -16 17 24 27 20 21 23 -23 -20 32 -21 -26 -18 -29 30 40 -32 34 -34 35 -4 -36 -27 -39 -6 41 42 -3 -44 46 -31 -43 -12 49 -48 -1 -52
right_child=1 6 8 -5 5 -7 7 -9 9 -11 14 12 -14 -15 15 -17 18 -19 19 25 -22 22 -24 -25 26 37 -28 28 -30 45 31 -33 33 -35 36 -37 -38 38 -40 -41 -42 44 43 -45 -46 -47 48 -49 -50 -51 51 -53
leaf_value=-0.028335684049783816 -28.852570333664161 16.709931726669755 440.30886855080888 25.189381239930608 237.96426851552241 17.601890769535359 295.06093864252409 -12.883795652537664 -524.93510972850117 27.98256268226487 -35.11836972194714 -43.569025266773522 -19.440537954883226 1087.0917625137943 -493.37399486113009 -84.552641374155428 6.2140812146422393 -515.81590558307619 111.85287469935787 -311.7604323706924 1000.136816749412 -426.17510282630383 288.92280720216695 812.93557188640978 -50.828392469649884 244.07196449873112 -512.60186095551217 34.479272401060122 -365.13500574671389 -5.854533801458456 24.051863966150552 -225.65519869470754 -9.5505478874944938 360.99915555551809 -13.526868968196613 -194.17052251108043 129.97588555654002 57.124500568602983 -187.36412426693698 -11.784279161634807 -20.547340479768334 -8.8325679064548428 4.6400904749918048 190.9713262034889 -60.885655826730741 -45.89491759387284 37.839438995606166 189.48572888468919 0.44616010596657268 5.4515139321763622 -41.278481838664177 -3.9596743490156974
leaf_weight=9431146.5227527618 133 385 28 2208.0017280578613 191 118 42 36 20 37 127 28 55 27 34 23 36707.0179271698 29 22 22 21 20 30 20 21 25 20 20 23 1626.0011520385742 3205.0028800964355 23 22 21 3429.0008640289307 24 60 116 28 20 2285.0011520385742 9382.0089282989502 54 95 300 1074.0002880096436 1226.0008640289307 22 108483.14661026001 28911.031969070435 863 41827.014976501465
leaf_count=3095954 133 385 28 2166 191 118 42 36 20 37 127 28 55 27 34 23 36280 29 22 22 21 20 30 20 21 25 20 20 23 1598 3135 23 22 21 3408 24 60 116 28 20 2257 9165 54 95 300 1067 1205 22 104948 28134 863 41463
internal_value=-0.000578621 2.30431 7.05645 37.1061 94.056 143.745 0.981104 152.933 5.1034 -166.068 5.34129 5.83409 246.061 511.546 -92.2964 -328.439 5.18487 -13.6369 7.04096 133.239 352.937 205.105 2.85267 445.8 -9.6176 3.24866 -276.137 5.99698 -179.271 0.905619 1.30249 22.2716 -6.56758 171.428 -8.72982 147.465 -11.0584 44.2764 9.56988 214.285 0.854582 1.18316 46.4943 123.446 1.02 -21.782 1.14549 -1.94082 1.82082 6.76911 -0.0494503 -4.71412
internal_weight=9.67471e+06 200878 43751 2670 462 329 157127 78 41081 57 41024 40818 110 55 206 57 40708 3654 37054 304 113 92 50 42 3625 191 41 36750 43 157049 154349 3228 3584 43 3541 52 3489 169 144 211 151121 148836 534 149 148302 2700 148002 149 138620 30137 9.47384e+06 42690
internal_count=3333985 195705 43261 2628 462 329 152444 78 40633 57 40576 40370 110 55 206 57 40260 3633 36627 304 113 92 50 42 3604 191 41 36323 43 152366 149701 3158 3563 43 3520 52 3468 169 144 211 146543 144286 534 149 143752 2665 143452 149 134287 29339 3138280 42326
is_linear=0
shrinkage=0.119375


Tree=23
num_leaves=53
num_cat=0
split_feature=4 15 7 1 14 15 15 12 15 9 4 14 15 13 12 9 15 7 13 12 9 4 15 14 12 14 4 15 14 13 7 12 7 14 9 15 9 9 15 9 4 15 13 12 14 15 12 15 14 12 9 9
split_gain=6.76615e+07 4.38478e+08 5.12112e+08 8.63304e+07 5.31803e+08 4.13786e+08 9.78715e+07 4.94062e+07 2.28985e+08 2.98904e+08 1.41989e+08 1.45493e+08 7.14269e+07 4.49886e+07 4.52782e+07 4.79832e+07 6.26702e+07 4.43962e+07 4.65822e+07 5.1047e+07 4.30894e+07 1.50998e+08 9.44677e+07 4.0157e+08 3.73383e+08 4.71169e+07 3.93961e+07 8.38511e+07 3.63745e+07 3.36831e+07 3.22245e+07 3.26789e+07 3.17841e+07 3.15417e+07 7.12946e+08 2.71411e+08 4.36214e+08 3.79003e+08 3.52188e+08 2.27316e+08 1.6612e+08 1.62948e+08 6.94082e+07 3.2544e+08 7.35191e+08 4.06144e+07 4.1208e+07 3.99562e+07 3.97261e+07 1.00481e+08 2.52771e+08 6.86047e+07
threshold=0.95752500000000007 0.00016050000000000003 0.93469650000000015 0.92514000000000018 0.046726000000000011 0.00013650000000000004 0.049698500000000007 0.018189500000000001 0.0026665000000000005 0.0037045000000000008 0.027071500000000002 0.00013350000000000002 0.049698500000000007 0.0029120000000000001 -0.38101949999999996 0.00036850000000000007 0.020580000000000005 0.00053650000000000019 0.0035745000000000004 0.0015215000000000003 0.0081290000000000025 0.91397700000000015 0.033185500000000007 0.00019300000000000003 -0.032569999999999995 3.0500000000000006e-05 0.0017445000000000002 4.500000000000001e-06 1.0500000000000003e-05 -0.004916499999999999 0.00044250000000000002 0.0019125000000000001 0.00064450000000000011 0.046726000000000011 0.00082850000000000013 0.033185500000000007 0.0003675000000000001 0.00036250000000000008 1.5000000000000002e-06 0.0066970000000000007 0.92730450000000009 0.019940000000000003 -0.16861499999999999 -0.041660999999999997 0.019083500000000003 0.00011750000000000001 -0.0078809999999999974 0.0034125000000000002 0.013005500000000001 -0.085697499999999996 0.00012850000000000003 4.250000000000001e-05
decision_type=2 2 2 2 2 2 2 2 2 2 2 2 2 2 2 2 2 2 2 2 2 2 2 2 2 2 2 2 2 2 2 2 2 2 2 2 2 2 2 2 2 2 2 2 2 2 2 2 2 2 2 2
left_child=3 2 -2 7 6 -6 -5 13 10 12 -9 -12 -10 14 15 -1 -17 18 30 -20 33 22 23 25 -24 26 -22 -28 32 -27 -15 -32 -19 42 35 37 -37 38 40 -36 -35 -40 43 -16 45 46 -45 -47 49 50 -44 -50
right_child=1 -3 -4 4 5 -7 -8 8 9 -11 11 -13 -14 17 20 16 -18 28 19 -21 21 -23 24 -25 -26 29 27 -29 -30 -31 31 -33 -34 34 39 36 -38 -39 41 -41 -42 -43 48 44 -46 47 -48 -49 51 -51 -52 -53
leaf_value=59.028762578506218 713.28091925786748 -240.62587398734843 -139.32784121422949 6.9996971883626475 -63.106438451738626 -896.99659853764058 374.81533593366873 214.37222968679126 600.76519167108336 -110.7135746480206 6.5694889432965535 -412.38686484192868 277.43423465104411 3.5816572274603411 -315.90085450225325 -296.06241146441835 -9.4883824485807811 -8.5760528744147386 -36.137965363648206 10.19652257750295 2.0933467950221205 312.37189486644201 -467.87574109003549 433.11360929121577 9.1390173231478897 -1.9927475379094206 52.710559568163696 9.1980340290884008 69.530518740050809 -65.127536085693379 17.846580933370696 -4.1313359067504054 -91.879217015765107 113.3226036166304 -804.50842274051467 -92.576528818530505 743.82975533672368 -489.22270013344485 -265.78875388193433 -243.01343565788056 489.96070296613851 112.9390914341131 -92.477121222106504 -196.4520748439723 770.58154944258854 232.35306994313294 51.674212250602444 22.153778031647224 -8.7054772328997174 -0.025124390263260677 509.94739201835739 -142.37053750585383
leaf_weight=22 29 34 20 31 20 20 20 20 23 26 30 26 23 7138.0046081542969 29 29 23 3029.0008640289307 797.00086402893066 802 11674.095401763916 27 35 37 130.00144004821777 309.00028800964355 843.00057601928711 6378.0017280578613 98 263 8721.0047874450684 1308.0011520385742 79 81 22 20 22 25 60 27 26 28 25 23 27 21 22 55 235.00115203857422 9630474.3327178955 22 89
leaf_count=22 29 34 20 31 20 20 20 20 23 26 30 26 23 7026 29 29 23 3008 776 802 9364 27 35 37 95 302 829 6336 98 263 8609 1280 79 81 22 20 22 25 60 27 26 28 25 23 27 21 22 55 207 3299916 22 89
internal_value=0.000349491 117.05 365.276 -0.000655015 -126.272 -480.142 151.279 0.000533078 74.9089 240.597 -82.0519 -187.967 439.183 -0.000613135 -0.0139556 -101.416 -169.335 5.85997 8.26908 -12.898 -0.0131778 6.04539 5.62466 6.45122 -92.0683 5.63996 6.74988 14.278 -8.24126 -31.0227 10.2407 14.9801 -10.694 -0.0255677 -41.3163 43.5858 345.566 -14.0772 46.8631 -495.198 204.882 -145.266 -0.0242342 81.1652 159 22.4669 -75.1402 80.2648 -0.0257265 -0.024199 189.52 -45.4257
internal_weight=9.6734e+06 83 49 9.67331e+06 91 40 51 9.67322e+06 148 72 76 56 46 9.67308e+06 9.6511e+06 74 52 21972 18766 1599 9.65103e+06 19696.1 19669.1 19504.1 165.001 19467.1 18895.1 7221 3206 572 17167 10029 3108 9.63133e+06 311 262 42 220 195 49 107 88 9.63102e+06 177 148 121 45 76 9.63085e+06 9.63052e+06 47 324.001
internal_count=3340109 83 49 3340026 91 40 51 3339935 148 72 76 56 46 3339787 3318109 74 52 21678 18493 1578 3318035 17288 17261 17131 130 17094 16529 7165 3185 565 16915 9889 3087 3300747 311 262 42 220 195 49 107 88 3300436 177 148 121 45 76 3300259 3299963 47 296
is_linear=0
shrinkage=0.129664


Tree=24
num_leaves=53
num_cat=0
split_feature=6 16 0 16 15 1 16 15 16 11 16 7 16 16 3 1 16 11 11 15 16 16 11 16 11 16 15 16 15 0 16 11 16 16 16 11 6 7 0 6 11 7 16 7 3 7 6 11 1 16 1 3
split_gain=4.15044e+07 2.51427e+08 7.91534e+08 1.12669e+08 1.07961e+08 8.8469e+07 1.14676e+08 8.7676e+07 2.11161e+08 1.86157e+08 6.73656e+07 4.69622e+07 6.50517e+08 1.01131e+09 4.90405e+08 3.16273e+08 2.05967e+08 1.76804e+08 1.01825e+09 9.48685e+08 7.48803e+08 5.25841e+08 7.63259e+08 4.95261e+08 4.2338e+08 3.8986e+08 9.16312e+08 3.35658e+08 4.33712e+08 2.97752e+08 2.02086e+08 2.00215e+08 5.14026e+07 3.54088e+07 1.10004e+08 1.09959e+08 1.26987e+08 1.10523e+08 9.95089e+07 7.32175e+07 1.03479e+08 9.71389e+07 7.3739e+07 6.3889e+07 1.65983e+08 1.493e+08 8.34772e+07 9.2917e+07 7.81805e+07 6.11928e+07 7.06035e+07 6.11616e+07
threshold=0.89377350000000011 37006.000000000007 0.95752500000000007 161042.00000000003 0.056632000000000009 0.91422250000000005 139389.50000000003 0.00016050000000000003 96021.500000000015 0.00037650000000000004 66269.000000000015 0.16861500000000004 23612.500000000004 29590.500000000004 0.75452300000000017 0.92514000000000018 138598.50000000003 0.00041850000000000009 0.00039550000000000007 0.0034125000000000002 5039.0000000000009 5206.5000000000009 0.00037650000000000004 2654.5000000000005 0.00036450000000000008 2654.5000000000005 0.019940000000000003 5183.0000000000009 0.037011000000000009 0.71441150000000009 5019.5000000000009 0.94009900000000013 4892.0000000000009 497687.50000000006 296984.00000000006 6.4500000000000009e-05 1.8500000000000006e-05 0.10775050000000001 0.0011865000000000003 0.0011785000000000001 0.00020550000000000003 0.00024350000000000004 11033.500000000002 0.0022790000000000002 0.0023700000000000001 0.00059850000000000018 0.018543500000000001 0.00025450000000000006 0.0022015000000000003 457704.50000000006 0.0026830000000000005 1.0000000180025095e-35
decision_type=2 2 2 2 2 2 2 2 2 2 2 2 2 2 2 2 2 2 2 2 2 2 2 2 2 2 2 2 2 2 2 2 2 2 2 2 2 2 2 2 2 2 2 2 2 2 2 2 2 2 2 2
left_child=11 2 -2 4 5 6 -3 8 9 -7 -9 33 15 -14 -15 17 -16 18 21 20 -19 23 24 -13 -23 29 -27 30 -29 -21 32 -30 -28 34 35 36 51 38 -38 41 42 -37 -41 44 -36 48 47 -45 -46 50 -47 -1
right_child=1 3 -4 -5 -6 7 -8 10 -10 -11 -12 12 13 14 16 -17 -18 19 -20 25 -22 22 -24 -25 -26 26 27 28 31 -31 -32 -33 -34 -35 43 39 37 -39 -40 40 -42 -43 -44 46 45 49 -48 -49 -50 -51 -52 -53
leaf_value=-0.23782397100100777 -962.73803320280797 405.6136329988995 200.53155493826 -251.48199733393889 310.33423808536418 -79.740847388125388 -13.969332393137377 -302.52598489916761 -259.22818900249894 347.34853595111895 -41.936586385618554 -11.59527596874228 1088.6949825504423 518.15942393691819 -493.73295990626707 -521.51195433498231 106.34361128080013 -74.207251564339231 829.04984681123381 -590.23158948319281 -1110.1951725860579 128.37395857318788 -438.90512221984312 -913.40530879254607 954.62115231307905 848.13590900807242 201.34236774769863 -509.76091605800934 351.15741666835322 0.79582737235082834 514.44717336989515 -204.42839734487862 -64.977446422716937 -0.18784709569538136 1.6393877316137597 0.45910317593299943 -5.400467532510322 235.69386847327698 -90.336367121840951 -152.21121911031156 -6.11474766715087 10.017199422383699 36.812745908816531 13.89878250459159 45.954364884366278 -12.071228800122364 51.985647771533401 -31.163396971546234 15.802301963807242 42.728845766103362 -176.20131914628095 2.6736953046874081
leaf_weight=2276568.8887252808 20 20 22 29 22 33 28 32 31 41 40 24 25 29 21 22 20 25 29 26 25 25 24 20 20 28 25 37 26 37 27 21 27 6299909.7145004272 774185.80228614807 32188.181823730469 77575.480976104736 34 248 38 17080.007488250732 46717.029754638672 1366.0002880096436 1118.0008640289307 2287.0002880096436 76 318 3078.0014400482178 4727.0037441253662 58 123 137104.33648490906
leaf_count=820929 20 20 22 29 22 33 28 32 31 41 40 24 25 29 21 22 20 25 29 26 25 25 24 20 20 28 25 37 26 37 27 21 27 1782972 438711 27771 65885 34 248 38 16898 45996 1359 1097 2280 76 318 3043 4636 58 123 128928
internal_value=0.000271464 -48.3627 -353.461 -1.92089 27.3899 -0.288662 160.883 -44.0083 34.0088 156.888 -157.781 0.00186116 38.6655 358.043 96.971 -26.171 -201.013 -1.72237 121.602 -59.3318 -592.282 -60.0169 170.575 -421.603 495.708 45.6004 140.859 19.3081 -166.984 -243.151 217.388 102.888 63.0752 -0.000388793 0.34954 -0.0716 -0.244099 -5.5657 -5.67115 4.34146 -3.24278 6.11813 31.6947 1.73674 1.82848 21.9616 -14.1446 -19.1567 25.6339 -78.2551 -113.523 -0.0724402
internal_weight=9.67568e+06 318 42 276 247 225 48 177 105 74 72 9.67536e+06 563 95 70 468 41 446 142 304 50 113 69 44 45 254 191 163 84 63 79 47 52 9.6748e+06 3.37489e+06 2.58892e+06 2.49153e+06 77857.5 77823.5 97389.2 18484 78905.2 1404 785971 781457 7271 4514 4196 7014 257 199 2.41367e+06
internal_count=3342281 318 42 276 247 225 48 177 105 74 72 3341963 563 95 70 468 41 446 142 304 50 113 69 44 45 254 191 163 84 63 79 47 52 3341400 1558428 1108086 1016024 66167 66133 92062 18295 73767 1397 450342 445884 7173 4458 4140 6916 257 199 949857
is_linear=0
shrinkage=0.133877


Tree=25
num_leaves=53
num_cat=0
split_feature=2 14 8 1 8 0 0 1 14 14 8 3 0 14 8 1 2 0 8 10 3 14 6 14 1 3 5 10 6 3 2 6 3 6 8 14 14 14 10 10 3 10 0 1 14 14 10 3 8 2 10 3
split_gain=3.84777e+07 2.92483e+08 1.16577e+08 2.48737e+08 1.10945e+08 1.97648e+08 1.88528e+08 1.37675e+08 1.32477e+08 8.61024e+07 5.54614e+07 9.03098e+07 6.43639e+07 4.05944e+07 2.46908e+08 5.17239e+08 2.21142e+08 7.07527e+07 2.91935e+07 3.91784e+07 5.51975e+07 5.2414e+07 5.19022e+07 1.24414e+08 6.87491e+07 3.36861e+07 2.80129e+07 4.1932e+07 2.12051e+08 1.32515e+08 2.33533e+08 1.17845e+08 1.7941e+08 4.11178e+07 5.13502e+07 4.5088e+07 3.41914e+07 3.31588e+07 2.92806e+07 2.79044e+07 2.74455e+07 2.50049e+07 2.40934e+07 4.11723e+07 7.2649e+07 4.05923e+07 2.28758e+07 2.02277e+07 3.256e+07 1.99198e+07 1.95972e+07 1.85408e+07
threshold=0.90392850000000002 0.046726000000000011 0.92074100000000014 0.67893700000000012 0.95254850000000013 0.91397700000000015 0.95752500000000007 0.92514000000000018 0.21783400000000003 0.054875500000000008 0.96228150000000012 0.48583150000000003 0.8177930000000001 0.046726000000000011 0.25019750000000002 0.19902250000000002 0.17539850000000004 0.0008315000000000001 1.5000000000000002e-06 0.0038480000000000003 0.0093120000000000026 1.4500000000000002e-05 0.0026440000000000005 3.5000000000000004e-06 0.0012355000000000003 0.004173500000000001 0.00096750000000000015 0.00079950000000000019 0.0027440000000000003 0.0029785000000000007 0.0023855000000000005 0.0020525000000000001 0.0011845000000000002 0.0015075000000000004 0.0020735000000000003 7.5000000000000002e-06 1.0000000180025095e-35 1.5500000000000004e-05 0.00011550000000000002 0.017083000000000004 0.75452300000000017 0.0017945000000000003 0.95752500000000007 0.92514000000000018 0.014463000000000002 0.0087735000000000018 0.0091425000000000013 1.5000000000000002e-06 6.5000000000000013e-06 1.5000000000000002e-06 0.019034000000000002 0.31883150000000005
decision_type=2 2 2 2 2 2 2 2 2 2 2 2 2 2 2 2 2 2 2 2 2 2 2 2 2 2 2 2 2 2 2 2 2 2 2 2 2 2 2 2 2 2 2 2 2 2 2 2 2 2 2 2
left_child=2 42 3 13 5 8 10 -7 -4 -5 11 -6 -12 14 18 -16 17 -15 41 26 21 22 24 46 -21 -23 47 29 33 31 38 36 -33 35 -35 -29 -28 -32 -31 -25 -11 -1 43 44 45 -2 -24 48 49 -20 -27 -18
right_child=1 -3 4 9 6 7 -8 -9 -10 40 12 -13 -14 16 15 -17 51 -19 19 20 -22 25 23 39 -26 50 27 28 -30 30 37 32 -34 34 -36 -37 -38 -39 -40 -41 -42 -43 -44 -45 -46 -47 -48 -49 -50 -51 -52 -53
leaf_value=-0.25501946243472978 -72.435511473147059 -575.69560809372433 433.96253723150778 -59.825016918216491 33.266178509568533 -147.33919490477058 422.01668212834682 249.23670585493124 94.199644574468209 -259.6380228223062 -130.21113943033583 -301.65628189375093 146.52707863890251 -42.176636212353067 -59.212466011923425 758.84443386665851 -405.49876137189023 301.96198873043437 5.300821745224253 -1.4904275853048459 42.676434832934873 -54.460838808355881 273.77838549864788 22.781756651097965 -17.121071978062538 30.685552483630765 34.89319303743774 5.4468701503439574 -28.824392872133046 -109.96649684986471 -0.60815790620539267 321.12371896469114 44.496924947624059 -11.226451326763744 5.1588847856776789 35.224403979924176 3.4990055223239791 14.444096880105043 32.326232571595753 -25.600421898507054 -470.63397057169703 4.6004882321814913 -121.94192679283825 137.48485942846747 -167.47911196400457 133.16305350404318 75.882474115614585 0.23978931995356331 -0.65495670563170083 -1.3266506657997355 -65.380542165203821 -228.71213388977051
leaf_weight=5636964.798576355 39 25 72 37 36 62 23 34 48 31 37 46 49 31 47 33 26 29 68816.422882080078 26038.109245300293 609 860 55 1463.0017280578613 9689.0020160675049 223.00028800964355 1119.0008640289307 42003.030221939087 5491.0014400482178 519 11675.007667541504 60 2981.0008640289307 8950.0037441253662 10350.003545761108 1316 3921.0034561157227 5358.0023040771484 39 376.00144004821777 31 26741.523513793945 39 51 58 63 20 3736686.2884407043 59607.132884979248 13635.430574417114 70 35
leaf_count=1267412 39 25 72 37 36 62 23 34 48 31 37 46 49 31 47 33 26 29 35838 23385 609 860 55 1421 9640 216 1098 41275 5456 519 11493 60 2960 8859 10266 1316 3837 5302 39 341 31 14113 39 51 58 63 20 1631916 34161 3170 70 35
internal_value=-3.82489e-05 -59.2509 0.00164571 -0.00192033 84.7772 162.55 -3.16992 -6.85731 298.074 -251.057 -61.4136 -154.616 27.4513 0.000648852 0.0017964 278.244 -91.7414 124.155 -0.000504684 0.326433 -4.6441 -5.38698 -4.36787 21.0462 -5.7294 -38.6562 0.375736 3.08106 1.02457 8.53709 0.82307 25.3291 49.9565 3.64201 -2.43946 6.35151 10.4695 4.12674 -100.018 12.8891 -365.194 -0.232094 -7.58051 13.5613 -25.9425 54.5415 221.016 0.310325 2.16567 4.2048 7.72992 -304.113
internal_weight=9.67662e+06 275 9.67634e+06 9.67594e+06 407 216 191 96 120 99 168 82 86 9.67584e+06 9.67572e+06 80 121 60 9.67564e+06 4.01193e+06 39403.1 38794.1 37641.1 1914 35727.1 1153 3.97253e+06 93782.1 68110 25672 17591 8081.01 3041 62619 19300 43319 5040 17033 558 1839 62 5.66371e+06 250 211 160 102 75 3.87875e+06 142059 82451.9 293 61
internal_count=3116689 275 3116414 3116007 407 216 191 96 120 99 168 82 86 3115908 3115787 80 121 60 3115707 1834182 36617 36008 34862 1837 33025 1146 1797565 92480 67172 25308 17353 7955 3020 61716 19125 42591 4935 16795 558 1762 62 1281525 250 211 160 102 75 1705085 73169 39008 286 61
is_linear=0
shrinkage=0.158412


Tree=26
num_leaves=53
num_cat=0
split_feature=9 11 10 6 13 13 11 2 1 2 9 11 11 1 9 9 11 9 9 9 9 9 9 6 9 11 11 3 1 13 9 13 13 11 11 11 3 1 11 1 13 11 13 11 1 9 6 9 1 11 10 9
split_gain=2.96521e+07 3.53474e+07 4.05762e+07 3.85977e+07 2.64515e+07 4.84824e+07 4.39204e+07 4.00851e+07 6.02537e+07 1.55249e+08 2.32925e+08 4.9823e+07 1.2913e+08 3.69316e+07 2.41273e+09 1.39456e+09 5.07606e+07 2.83332e+08 4.78033e+08 2.76334e+08 3.64875e+08 9.22967e+08 8.24611e+08 1.61655e+08 7.12657e+08 5.49792e+08 5.84131e+08 4.57756e+08 1.44377e+08 3.31698e+08 2.6942e+08 1.29055e+08 9.54176e+07 2.88584e+08 9.38855e+07 7.88378e+07 1.86404e+08 3.27075e+07 4.20569e+07 3.01338e+07 2.68367e+07 2.1479e+07 2.08619e+07 3.1637e+07 1.81931e+07 1.39212e+07 1.32743e+07 2.19781e+07 2.11891e+07 1.24188e+07 1.15314e+07 1.1023e+07
threshold=0.016606500000000007 8.5500000000000018e-05 0.0041560000000000008 0.0039315000000000001 -0.93469649999999993 -0.91149699999999989 0.079903000000000016 0.90392850000000002 0.91422250000000005 0.91595400000000005 0.00054450000000000017 0.00040950000000000009 0.91575650000000008 0.91422250000000005 0.0067845000000000015 0.00018050000000000002 0.22499750000000004 0.010425500000000002 0.0094355000000000012 0.00035150000000000009 0.0008135000000000001 0.0005685000000000001 0.00037550000000000007 0.49003550000000001 0.00021150000000000002 0.00040950000000000009 0.00036950000000000009 0.48583150000000003 0.67893700000000012 -0.16861499999999999 0.0066970000000000007 -0.0057059999999999993 -0.16861499999999999 0.00010850000000000002 0.00037950000000000006 0.91575650000000008 0.31883150000000005 0.12744000000000003 0.21395850000000002 0.0011215000000000003 -0.12002949999999998 0.030822500000000006 1.0000000180025095e-35 0.00093650000000000016 0.00088250000000000015 0.065385500000000013 0.15484200000000004 0.00012950000000000003 0.14155050000000002 0.00037150000000000003 0.0020825000000000006 0.024975500000000005
decision_type=2 2 2 2 2 2 2 2 2 2 2 2 2 2 2 2 2 2 2 2 2 2 2 2 2 2 2 2 2 2 2 2 2 2 2 2 2 2 2 2 2 2 2 2 2 2 2 2 2 2 2 2
left_child=4 -2 3 45 -1 6 -6 13 -9 10 -10 49 -13 16 15 -15 23 18 19 31 21 22 -21 32 25 26 -25 -26 29 -22 -30 35 33 -7 -28 36 -18 40 46 -33 -34 50 44 -44 -42 -3 48 -48 -39 -11 -5 -52
right_child=1 2 -4 41 5 7 -8 8 9 11 -12 12 -14 14 -16 -17 17 -19 -20 20 28 -23 -24 24 27 -27 34 -29 30 -31 -32 39 37 -35 -36 -37 -38 38 -40 -41 42 -43 43 -45 -46 -47 47 -49 -50 -51 51 -53
leaf_value=-110.33226210150748 -3.1740546112047587 17.896797802684329 -24.36737594619068 2.5843983527150769 252.64563716992129 -80.379597493979347 25.344440891975442 62.033402915624826 -499.33033875312611 31.341743156694296 35.253853242556062 -315.87607752938356 82.134427925658812 -12.298925313467318 -902.47950266485327 1228.6689226775186 -205.14196196202812 412.30208691247469 -565.67287670666542 507.97909854900848 323.79481503305971 1041.1545516333974 -286.30931176182924 463.53881518003141 -190.2385001055581 569.31751135634318 -511.89874639591682 -928.98478051527729 -494.46160306849015 -47.247851180233575 28.176434251168764 2.5745610502564436 140.53740375509668 523.06180477025407 -182.22576424744389 -307.12176121640431 182.87043790509114 -55.594071390845045 -171.5648628644702 169.09242460152322 -0.10433369208074726 -89.79737396042843 0.29493994279328145 -2.8546296659594277 -1.6539844961322934 42.923962576529391 -179.33272115209931 -11.487217716438117 20.41596306066538 159.6664653417412 -79.734324626385998 -7.5902196538097781
leaf_weight=32 3314.0112323760986 4218.0017280578613 410 781.00057601928711 21 28 31 48 28 25 21 21 28 30 25 24 61 28 20 39 57 20 38 20 30 24 20 21 20 94.001152038574219 53 80.000864028930664 20 20 35 34 26 94 32 20 6366207.2705860138 44 3139056.2601947784 47697.258754730225 113598.0724697113 355 20 27 127 20 52 78.000288009643555
leaf_count=32 3041 4176 410 767 21 28 31 48 28 25 21 21 28 30 25 24 61 28 20 39 57 20 38 20 30 24 20 21 20 66 53 59 20 20 35 34 26 94 32 20 1914352 44 1010828 41432 111841 355 20 27 127 20 52 71
internal_value=7.39336e-05 6.86802 12.4726 15.2051 -0.00649845 -0.0061331 117.171 -0.00676356 -55.6048 -95.103 -270.23 -3.78885 -88.4567 -0.00566498 82.9647 539.327 -0.0063432 35.5926 16.8153 38.3231 110.231 306.856 116.008 -0.008516 -125.995 63.8732 -97.9199 -494.533 25.0732 92.822 -115.053 -66.1193 -0.00656077 171.09 -302.174 -150.434 -89.1676 -0.00741062 -40.081 35.8944 -0.00616681 -6.98763 -0.00645782 0.247799 -0.131501 19.8398 -24.3745 -82.9397 -11.9133 88.4004 -2.9864 -36.4547
internal_weight=9.67727e+06 9252.01 5938 5528 9.66802e+06 9.66799e+06 52 9.66794e+06 191 143 49 94 49 9.66775e+06 79 54 9.66767e+06 590.002 562.002 542.002 321.001 97 77 9.66708e+06 150 99 75 51 224.001 151.001 73 221.001 9.66693e+06 48 55 121 87 9.66688e+06 300 100.001 9.66658e+06 955.001 9.66656e+06 3.18675e+06 6.47981e+06 4573 268 47 221 45 911.001 130
internal_count=3088782 8916 5875 5465 3079866 3079834 52 3079782 191 143 49 94 49 3079591 79 54 3079512 541 513 493 293 97 77 3078971 150 99 75 51 196 123 73 200 3078821 48 55 121 87 3078773 300 79 3078473 934 3078453 1052260 2026193 4531 268 47 221 45 890 123
is_linear=0
shrinkage=0.121374


Tree=27
num_leaves=53
num_cat=0
split_feature=0 3 3 1 14 0 15 15 15 1 1 3 15 13 14 14 13 15 15 0 14 0 15 0 15 1 10 15 15 13 15 4 14 13 10 5 15 3 14 1 3 13 14 15 15 10 15 13 13 10 10 10
split_gain=3.53471e+08 4.99761e+08 2.02034e+08 1.89889e+08 8.67151e+08 1.85114e+08 4.6398e+08 1.31603e+08 1.02919e+08 4.57272e+08 3.44394e+08 7.94951e+07 6.30278e+07 9.98071e+07 1.02456e+08 6.7153e+08 8.30477e+08 1.58209e+08 1.37608e+08 4.0261e+08 7.97666e+07 1.90322e+08 7.25778e+08 1.65093e+08 7.89742e+07 1.13564e+08 7.63575e+07 6.73803e+07 2.15356e+08 6.24693e+07 6.24e+07 5.81291e+07 1.08086e+08 7.69963e+07 7.27064e+07 8.2836e+07 1.62355e+08 6.97604e+07 6.70554e+07 5.80257e+07 5.56206e+07 6.0263e+07 5.50185e+07 5.46013e+07 5.31991e+07 5.02763e+07 5.18055e+07 6.58514e+07 4.5027e+07 5.2741e+07 4.38049e+07 4.31403e+07
threshold=0.95752500000000007 0.90078350000000007 0.0023455000000000004 0.92514000000000018 0.046726000000000011 0.91397700000000015 0.052034500000000004 0.00013650000000000004 0.041114000000000005 0.91422250000000005 0.91422250000000005 0.9127780000000002 2.0500000000000004e-05 -0.014045999999999998 0.054875500000000008 0.025577000000000006 -0.16861499999999999 0.0026665000000000005 0.0011620000000000003 0.17083400000000001 0.21783400000000003 0.71441150000000009 0.018882500000000007 0.71441150000000009 0.052283000000000003 0.19902250000000002 0.0056740000000000011 0.037011000000000009 0.041114000000000005 -0.0038059999999999995 0.00010750000000000001 0.00089150000000000004 6.5000000000000021e-05 -0.00038149999999999995 0.00060650000000000016 0.0043150000000000003 3.5000000000000004e-06 0.0011195000000000001 0.0016715 0.0010965000000000003 0.0018735000000000004 0.00026350000000000006 2.5000000000000002e-06 0.0012690000000000004 2.3500000000000005e-05 0.00010950000000000002 5.5000000000000007e-06 -0.00071849999999999985 0.00026050000000000004 0.00099950000000000017 0.0032605000000000008 0.0019405000000000002
decision_type=2 2 2 2 2 2 2 2 2 2 2 2 2 2 2 2 2 2 2 2 2 2 2 2 2 2 2 2 2 2 2 2 2 2 2 2 2 2 2 2 2 2 2 2 2 2 2 2 2 2 2 2
left_child=2 -2 31 5 11 12 8 -6 9 -7 -10 -5 26 14 15 18 -17 -16 19 -14 21 22 -19 -22 25 43 42 -23 -29 -28 -3 33 34 38 35 45 -37 48 39 -1 41 -39 -4 -20 -36 -33 47 -47 -35 -50 -46 -44
right_child=1 30 3 4 7 6 -8 -9 10 -11 -12 -13 13 -15 17 16 -18 20 24 -21 23 27 -24 -25 -26 -27 29 28 -30 -31 -32 32 -34 37 44 36 -38 40 -40 -41 -42 -43 51 -45 50 46 -48 -49 49 -51 -52 -53
leaf_value=-1.0514407515046389 260.12030875300218 -47.08602397494019 -0.32159836276345805 119.35975915198719 -157.24593674713026 -164.41010526878514 245.24174033241906 -342.99662157334899 207.47319741373883 74.272244225254113 -31.498686165317196 -11.458949940541361 10.384291829676066 -6.5221286286572049 -146.74526696055625 332.49181413362055 -64.436952901564638 48.099476323184319 -90.043029597194845 211.72221305904313 138.98199051649775 -17.982414544424195 -331.24138239879676 -24.746267599350432 68.376476944244928 -112.33617935113594 29.076657566884453 170.71194707124278 -48.345445966036721 7.2876621264877137 68.043644776592799 4.5473825417130067 76.514843781714788 -0.03306391745277501 0.45051560396746854 79.407366050359869 -24.673114556342789 1.8783538344025872 74.548016434922005 -4.9100691650627173 -6.1368489292992461 9.4949556020882557 3.2983189885922881 -7.2572875097590517 6.5292409460609822 62.254599910520618 -8.4007572813405815 10.841174505967921 29.107227284335746 -3.0104211198660096 -3.9814736431114177 0.84549826161607577
leaf_weight=43400.033588409424 33 28 19870.013715744019 31 20 34 28 20 27 55 38 20 698.00028800964355 4730.0014400482178 23 37 22 33 24 27 27 82 22 40 21 41 452 23 24 1450 22 4426.0023040771484 50 9352977.4502182007 71543.085283279419 110 61 39063.026676177979 30 13344.00489616394 2094.0028800964355 2924.0020160675049 69774.045557022095 159 6635.0023937225342 129 92 132.00028800964355 135 15971.043560028076 1231.0008640289307 25693.013248443604
leaf_count=42588 33 28 19541 31 20 34 28 20 27 55 38 20 691 4695 23 37 22 33 24 27 27 82 22 40 21 41 452 23 24 1450 22 4370 50 2993802 69492 110 61 38419 30 13225 2024 2875 68682 159 6579 129 92 125 135 14921 1210 25371
internal_value=-8.52499e-05 105.586 -0.000991019 2.05518 -71.8336 2.10965 53.6793 -250.167 18.8334 -16.9159 67.7782 68.0494 2.03351 -3.06744 9.47312 16.878 184.477 -18.3342 6.6814 17.8861 -6.56041 -23.9686 -103.663 41.2399 -26.4739 -35.3715 2.296 10.0137 58.8575 12.4659 3.57863 -0.0275789 1.3094 -0.0394959 1.26481 7.28212 42.2773 -0.0281636 -1.9184 -1.95885 2.00283 2.40879 2.12829 -18.1211 0.889717 6.0298 24.6153 36.2543 -0.0377193 -2.74117 4.88432 2.63819
internal_weight=9.67798e+06 83 9.67789e+06 123545 91 123454 182 40 154 89 65 51 123272 6033 1303 1029 59 274 970 725 251 184 55 67 245 224 117239 129 47 1902 50 9.55435e+06 84409.1 9.46994e+06 84359.1 4950 171 9.41316e+06 56774 56744 44081 41987 115337 183 79409.1 4779 353 261 9.36908e+06 16106 7866 95467.1
internal_count=3312080 83 3311997 121760 91 121669 182 40 154 89 65 51 121487 5991 1296 1022 59 274 963 718 251 184 55 67 245 224 115496 129 47 1902 50 3190237 82218 3108019 82168 4887 171 3052176 55843 55813 43318 41294 113594 183 77281 4716 346 254 3008858 15056 7789 94053
is_linear=0
shrinkage=0.051174


Tree=28
num_leaves=53
num_cat=0
split_feature=0 16 15 3 16 15 16 16 16 16 16 16 16 3 13 16 7 10 16 16 13 13 11 13 13 13 7 13 10 16 13 16 16 16 16 13 4 15 16 16 16 11 16 15 7 16 0 16 16 16 16 0
split_gain=9.43803e+07 2.18045e+08 7.16177e+07 4.97308e+07 2.03865e+08 1.75024e+08 1.62265e+08 2.1366e+08 3.1664e+08 1.19678e+08 9.52575e+07 1.35822e+08 4.0884e+07 1.55966e+08 7.96659e+07 7.40582e+07 1.21901e+08 1.00113e+08 1.47747e+08 7.26857e+07 8.76571e+07 6.09246e+07 5.99568e+07 5.16958e+07 4.74918e+07 4.55442e+07 1.60769e+08 9.31464e+07 5.17503e+07 4.53551e+07 4.27796e+07 4.03375e+07 7.40131e+07 3.84975e+07 7.2091e+07 3.79534e+07 3.74831e+07 8.16223e+07 1.14162e+08 2.3351e+08 2.09383e+08 9.2091e+08 2.79386e+08 3.77863e+08 3.34242e+08 7.47354e+08 1.14414e+08 8.40027e+07 3.74883e+08 7.97274e+07 5.09762e+08 4.97869e+08
threshold=0.95752500000000007 30298.500000000004 0.00010750000000000001 0.75452300000000017 15860.500000000002 0.057643500000000007 21550.500000000004 28913.500000000004 40601.000000000007 55598.000000000007 139028.50000000003 127254.50000000001 2339312.0000000005 0.00052050000000000002 2.3500000000000005e-05 414889.00000000006 0.00020750000000000003 0.0014135000000000005 135071.00000000003 2616170.0000000005 -0.0051094999999999986 0.0029515000000000006 0.0013060000000000001 0.0034310000000000005 0.00040150000000000006 0.00025150000000000004 0.00054750000000000013 0.0018665000000000003 0.00098650000000000018 260312.00000000003 0.0015560000000000003 519644.50000000006 464352.00000000006 107489.00000000001 79804.500000000015 -0.0031369999999999996 0.0047550000000000014 1.0500000000000003e-05 2654.5000000000005 2562.0000000000005 5183.0000000000009 0.94009900000000013 8433.5000000000018 0.033185500000000007 0.16861500000000004 24713.500000000004 0.71441150000000009 11087.000000000002 9784.5000000000018 5206.5000000000009 4773.5000000000009 0.8177930000000001
decision_type=2 2 2 2 2 2 2 2 2 2 2 2 2 2 2 2 2 2 2 2 2 2 2 2 2 2 2 2 2 2 2 2 2 2 2 2 2 2 2 2 2 2 2 2 2 2 2 2 2 2 2 2
left_child=3 -2 -3 12 -5 6 -6 -8 -9 -10 11 33 14 -14 36 16 -16 18 22 20 -15 25 24 -19 -18 -17 27 -27 -29 -25 -20 32 -28 34 -11 -22 -1 49 39 46 41 -40 43 -42 47 -46 -39 48 -44 50 -38 -51
right_child=1 2 -4 4 5 -7 7 8 9 10 -12 -13 13 19 15 21 17 23 30 -21 35 -23 -24 29 -26 26 31 28 -30 -31 -32 -33 -34 -35 -36 -37 37 38 40 -41 42 -43 44 -45 45 -47 -48 -49 -50 51 -52 -53
leaf_value=0.0060100289577093447 410.50054874995431 -170.34783557117575 143.70417412471841 -341.86048199878263 336.4956304366541 -309.60107043861194 -418.71409029953503 446.20325514968437 -297.40761766083887 -68.873977342087812 -116.88338472731445 385.62477875143952 -0.43129164942689147 77.241387723489723 -2.6447410537353329 1.7077778585977379 101.55066657505127 8.887957716359594 1.3529091627751779 -19.140657411366035 -31.402344363554505 9.3109356195366839 -161.84232605110319 -37.509872388349315 50.775593733488641 -8.2418666888998651 -157.84630443445459 -13.821197997011065 4.4003949008980916 -237.1444719458801 26.915332320487281 -30.472314225743485 33.867303390362466 -102.05208938553429 180.44732342853356 -5.347318254390256 27.78724890819219 -193.82786958757876 747.17176036432215 -553.46805470751679 -632.9459599439931 -80.317349732943399 545.64463830197451 -7.655650994913314 -134.36531783756982 715.79067508505864 204.97977950631125 -8.458378747549478 -93.873762563355427 13.102667932950652 -613.15304886297065 518.59974902969066
leaf_weight=7817583.177904129 32 28 23 37 25 32 21 27 26 38 75 20 1395471.4143829346 220 12231.028224945068 297185.93513679504 486 14900.00806427002 1891.002592086792 9544.0037956237793 1013 16121.00403213501 20 142 942.00057601928711 18165.040321350098 39 2920.0031681060791 38121.023904800415 23 2866.0014400482178 4001.0031681060791 344 35 43 24563.043062210083 127 29 34 20 29 75 25 40 37 35 22 6296.0020160675049 44 10400.005184173584 26 34
leaf_count=2344611 32 28 23 37 25 32 21 27 26 38 75 20 335640 220 11545 250151 486 14704 1828 9467 1013 16023 20 142 928 17185 39 2843 37540 23 2831 3924 344 35 43 23597 127 29 34 20 29 75 25 40 37 35 22 6247 44 10274 26 34
internal_value=-0.000202599 140.641 -28.6914 -0.00140931 -47.7833 -15.9568 14.3649 -13.9036 18.3135 -30.452 2.45519 68.2766 0.000462299 -0.650469 0.113419 1.90503 7.84881 13.883 27.9847 -9.30508 -5.6661 1.37671 64.8797 8.07473 68.0571 1.02217 -2.18198 -0.377064 3.10394 -65.3542 16.7539 -26.5573 14.339 13.5244 63.4777 -6.37932 0.0195728 6.15791 -5.25293 -171.598 -3.46691 177.834 -6.5049 -270.473 -3.67438 278.923 -21.7837 -6.87172 137.853 13.3642 -81.1548 14.7506
internal_weight=9.67653e+06 83 51 9.67644e+06 379 342 310 285 264 237 211 136 9.67607e+06 1.43081e+06 8.24525e+06 410398 33501 21270 6205 35340 25796 376897 1448 15065 1428 360776 63590.1 59206.1 41041 165 4757 4384 383 116 81 25576 7.83486e+06 17273 6686 71 6615 109 6506 69 6437 72 51 6365 69 10587 153 10434
internal_count=3092664 83 51 3092581 379 342 310 285 264 237 211 136 3092202 369937 2722265 360556 32507 20962 6093 34297 24830 328049 1434 14869 1414 312026 61875 57568 40383 165 4659 4307 383 116 81 24610 2361709 17098 6637 71 6566 109 6457 69 6388 72 51 6316 69 10461 153 10308
is_linear=0
shrinkage=0.131916


Tree=29
num_leaves=53
num_cat=0
split_feature=8 9 8 9 9 3 14 9 9 9 9 9 9 3 9 8 9 4 9 9 14 9 7 2 4 5 4 2 9 14 14 4 9 4 9 3 14 14 14 5 7 14 9 3 8 3 2 3 13 7 9 13
split_gain=5.56723e+07 1.91465e+08 4.87296e+08 1.48877e+08 1.34322e+08 1.11584e+08 8.11164e+07 4.39747e+08 4.27531e+08 4.88319e+08 7.30901e+08 5.33796e+08 3.89116e+08 4.56774e+08 3.04764e+08 2.27616e+08 2.17677e+08 1.2922e+08 4.53736e+08 1.34424e+08 1.01558e+08 1.1195e+09 1.24178e+08 5.78813e+07 5.35774e+07 3.43152e+07 3.34498e+07 1.34418e+08 3.38225e+07 2.7929e+07 7.96692e+07 3.09047e+08 4.32599e+07 2.37937e+07 2.58571e+07 7.13955e+07 2.89807e+07 2.71192e+07 4.06597e+07 2.65952e+07 6.11706e+07 4.67043e+07 3.98472e+07 3.57779e+07 2.61163e+07 2.59275e+07 3.71255e+07 2.39108e+07 2.3454e+07 2.49137e+07 2.28557e+07 2.24191e+07
threshold=0.96228150000000012 0.00036050000000000009 0.96647850000000013 0.0083910000000000009 0.0083475000000000025 0.90078350000000007 0.046726000000000011 0.010637000000000002 0.0090605000000000026 0.0014845000000000004 0.00040750000000000004 0.00038050000000000009 0.00018450000000000001 0.48583150000000003 0.00035250000000000006 0.92513900000000004 0.00036450000000000008 0.71441150000000009 0.0067845000000000015 0.0081290000000000025 0.025577000000000006 0.0015215000000000003 0.88436850000000011 0.17539850000000004 0.0039525000000000003 0.91422250000000005 0.23513350000000002 0.59831400000000012 0.00018150000000000005 0.012320000000000003 0.013005500000000001 0.17083400000000001 0.00071850000000000006 0.0012095000000000003 2.7500000000000001e-05 0.0025385000000000004 2.9500000000000002e-05 0.00048700000000000007 0.00010950000000000002 0.0019495000000000001 0.0040890000000000015 2.5000000000000002e-06 0.0037930000000000008 0.00044300000000000009 0.0028210000000000002 0.0038885000000000005 0.016862500000000006 0.00084550000000000011 -0.0052554999999999989 0.009556000000000002 0.0032415000000000005 -0.00024149999999999999
decision_type=2 2 2 2 2 2 2 2 2 2 2 2 2 2 2 2 2 2 2 2 2 2 2 2 2 2 2 2 2 2 2 2 2 2 2 2 2 2 2 2 2 2 2 2 2 2 2 2 2 2 2 2
left_child=6 5 3 -3 -4 -2 20 8 9 10 11 12 13 15 -14 23 -16 -11 -19 -20 26 22 24 -8 -22 -15 29 -28 -29 33 31 -31 -32 51 35 36 47 38 44 40 41 50 43 -41 -37 -40 -47 -35 49 -44 -36 -1
right_child=1 2 4 -5 -6 -7 7 -9 -10 17 -12 -13 14 25 16 -17 -18 18 19 -21 21 -23 -24 -25 -26 -27 27 28 -30 30 32 -33 -34 34 39 37 -38 -39 45 42 -42 -43 48 -45 -46 46 -48 -49 -50 -51 -52 -53
leaf_value=-1.5381713608574201 330.14123590648802 42.357284529816816 -450.9496022393472 430.75237709913318 -117.90641351846179 78.291757606387065 61.503714039121434 -492.15816284290588 445.05124070280522 -410.20326869054196 486.44775465994064 -532.22319635449162 518.70777011087478 -198.8001988652901 -99.542358139551922 352.22586717663233 327.28587578799187 227.86469296198641 -516.72536934734217 -174.68299631148625 -27.790310280590798 716.09833203384949 182.62828335012429 -105.94180763935159 -177.15963054759001 -340.08881736557396 -271.10559421407163 47.700687827158021 -47.585578100093436 -55.638644222723997 25.49422153432986 452.94897442531345 -89.81857965124675 45.826821965667925 -0.47449938043369766 -20.768452398886609 55.04635754277615 -43.586817855792823 80.42826887796042 19.268927746184712 -78.192679900697357 7.9613830029321919 22.630985215678578 -5.3959663283271277 1.8242959124340814 -1.8091372488566646 107.70748873844741 13.237997444703964 1.2807199297460334 -4.4445746943643467 9.7555509799694313 0.00038624837729749431
leaf_weight=101649.12632751465 31 22 20 20 36 47 56 22 20 32 32 21 23 68 32 24 21 22 23 26 82 25 24 36 37 25 24 65 101 32 219 21 41.000288009643555 257.00028800964355 24832.03609085083 583.00028800964355 208 143 102 648.00201606750488 99 13103.004608154297 1164.0008640289307 17210.009792327881 7980.0043201446533 184 40 3428.002592086792 12314.00527381897 523.00057601928711 2558.0028800964355 9489584.8344936371
leaf_count=98583 31 22 20 20 36 47 56 22 20 32 32 21 23 68 32 24 21 22 23 26 82 25 24 36 37 25 24 65 101 32 219 21 34 250 23957 576 208 143 102 599 99 12991 1143 16972 7875 184 40 3365 12188 509 2488 2902298
internal_value=-0.000189922 57.951 -37.9262 227.349 -236.905 178.415 -0.00124399 -42.229 -20.7447 -41.8825 17.9769 -31.0296 5.92031 -66.6866 205.574 69.7096 69.6134 -238.298 -160.777 -335.297 0.000863675 80.1134 -31.1158 -4.01651 -74.2468 -236.811 -0.00052725 -43.2342 -10.2719 0.000321664 30.7803 145.912 7.30528 -0.000673972 1.71202 5.95795 17.6237 0.929691 1.64595 0.95456 2.70367 2.90149 -1.274 -4.50093 0.286022 37.3643 17.7507 15.5111 2.84186 14.2368 0.480892 -0.0159195
internal_weight=9.67794e+06 176 98 42 56 78 9.67776e+06 483 461 441 338 306 285 209 76 116 53 103 71 49 9.67728e+06 168 143 92 119 93 9.67711e+06 190 166 9.67692e+06 313 53 260 9.67661e+06 85376.1 12925 3893 9032 8889 72451.1 40592 40493 31859 17858 8563 326 224 3685 14001 1687 27390 9.59123e+06
internal_count=3085893 176 98 42 56 78 3085717 483 461 441 338 306 285 209 76 116 53 103 71 49 3085234 168 143 92 119 93 3085066 190 166 3084876 306 53 253 3084570 83689 12743 3823 8920 8777 70946 39535 39436 31411 17571 8451 326 224 3615 13840 1652 26445 3000881
is_linear=0
shrinkage=0.103049


Tree=30
num_leaves=53
num_cat=0
split_feature=12 2 9 12 11 2 11 9 9 9 9 12 0 9 9 11 11 12 2 9 11 9 9 0 9 12 0 1 9 0 11 11 9 9 12 4 13 13 1 2 12 11 11 2 9 13 2 2 5 13 13 9
split_gain=1.12687e+08 1.02086e+08 1.48728e+08 6.00354e+07 8.17726e+07 5.68061e+07 5.23765e+07 1.64712e+08 4.16032e+08 2.12105e+08 1.87187e+08 1.21945e+08 8.2878e+07 1.46109e+09 1.18256e+09 9.58074e+08 3.50914e+08 1.58293e+08 1.24268e+08 6.39927e+07 5.06443e+07 4.13957e+08 1.22646e+09 1.11942e+09 4.06572e+08 2.39601e+08 1.38562e+08 2.79985e+08 9.60025e+07 9.55917e+07 3.5781e+08 9.42541e+07 6.29613e+07 3.84815e+07 3.80847e+07 6.72592e+07 3.68203e+07 3.86093e+07 3.63412e+07 3.57015e+07 3.57481e+08 7.78854e+07 3.29004e+07 2.95181e+07 2.92584e+07 2.92075e+07 2.89021e+07 2.87774e+07 4.71602e+07 2.81951e+07 3.60593e+07 2.7002e+07
threshold=-0.00064349999999999987 0.59831400000000012 0.0005905000000000002 0.018189500000000001 0.041046000000000006 0.00059650000000000013 0.94009900000000013 0.0072820000000000011 0.0091010000000000014 0.00040450000000000007 0.010425500000000002 -0.14644149999999997 0.92730450000000009 0.00039350000000000008 0.00018050000000000002 0.00037550000000000002 0.00038350000000000005 -0.0090079999999999986 0.95353650000000012 0.0083475000000000025 0.22499750000000004 0.0020215000000000003 0.00037250000000000011 0.23513350000000002 0.0066970000000000007 -0.0066269999999999992 0.8177930000000001 0.19902250000000002 0.00035050000000000006 0.91397700000000015 0.00039250000000000005 0.24171800000000002 0.008546500000000002 0.00036250000000000008 0.0013315000000000002 0.0068175000000000006 0.0021805000000000006 0.0036985000000000004 0.00023150000000000002 0.59831400000000012 -0.032569999999999995 0.00038050000000000003 0.0011405000000000002 0.0031550000000000003 0.00015550000000000001 0.0031435000000000005 0.0036480000000000006 0.0010035000000000003 0.00012350000000000005 -0.00076249999999999983 -0.0035554999999999996 0.0032865000000000008
decision_type=2 2 2 2 2 2 2 2 2 2 2 2 2 2 2 2 2 2 2 2 2 2 2 2 2 2 2 2 2 2 2 2 2 2 2 2 2 2 2 2 2 2 2 2 2 2 2 2 2 2 2 2
left_child=5 3 -3 34 -5 49 12 9 19 11 -10 33 20 14 15 -14 -17 -18 -19 -9 29 22 26 -24 -23 32 27 31 -28 38 -31 -22 -26 -8 36 43 46 -38 47 51 41 -41 -39 -36 -37 -45 -2 -7 -49 50 -1 -40
right_child=1 2 -4 4 -6 6 7 8 10 -11 -12 -13 13 -15 -16 16 17 18 -20 -21 21 24 23 -25 25 -27 28 -29 -30 30 -32 -33 -34 -35 35 44 37 42 39 40 -42 -43 -44 45 -46 -47 -48 48 -50 -51 -52 -53
leaf_value=11.709583898792413 -0.025710776597775754 23.376101548229332 -227.67699666778509 21.098439983363832 210.96742079424385 16.529561901610251 103.62426106535658 108.56142321844476 -275.94027848486445 -285.86548319807434 42.094061481791854 -208.30365494599201 567.69361667618898 -525.15355687090926 711.95213613876206 -366.25524230622068 213.57708065562178 -210.78086966768268 75.672385341175598 292.06116833422664 -152.41608861715602 -417.67891794632806 112.10407221758035 821.58546256120758 205.22055198812987 -251.34664379150152 -28.423576785898916 -330.26479921079687 215.87104608798546 36.01618632763644 -385.07057400200898 62.954086340873502 9.0941678351829562 -40.15567583100097 -0.18783824173082961 13.188816806837638 3.1976165874174605 -14.416655472410143 2.4830478728059346 324.08209709032428 -134.82683277646228 112.19177461179355 -89.418530380570317 -7.6552697115379242 0.70494806390334108 -0.089511782204676107 -6.7681773410247708 -1.5754093556205655 23.025799194898532 -0.98295232605301897 -20.326257265610241 7.6933250958154087
leaf_weight=319 9500419.2373905182 33 34 60 22 2587.0008640289307 28 27 29 34 24 20 21 25 24 21 22 21 22 27 21 23 38 27 21 20 25 26 21 45 21 46 26 25 8620.0066947937012 2239.0008640289307 29942.01296043396 206 78632.047374725342 22 39 28 52 16826.012762069702 3294.0014400482178 4617.0037441253662 4516.0028800964355 2275.0011520385742 731.00057601928711 12605.163589477539 1144 7759.0020160675049
leaf_count=319 2903514 33 34 60 22 2566 28 27 29 34 24 20 21 25 24 21 22 21 22 27 21 23 38 27 21 20 25 26 21 45 21 46 26 25 8466 2218 29627 206 77498 22 39 28 52 16518 3259 4526 4446 2247 717 8629 1144 7710
internal_value=0.000421803 -0.0299613 -104.014 -0.0292331 72.0543 2.72139 3.47777 -38.1584 35.7587 -112.077 -131.922 -31.1029 3.57401 64.9358 177.595 57.6748 -66.9297 29.8128 -64.2232 200.34 3.47043 38.3859 104.796 406.881 -112.13 -7.18891 -36.4848 -95.6522 83.1079 3.35902 -97.9986 -4.566 96.7488 35.7968 -0.0298509 -2.78087 -0.0195809 2.91793 3.43169 3.00596 56.3413 205.464 -29.5374 -4.35222 5.75678 -6.02626 -0.0289143 10.0143 4.40708 -2.26811 -13.3407 2.951
internal_weight=9.67775e+06 9.57088e+06 67 9.57081e+06 82 106871 92803.1 214 107 107 53 73 92589.1 156 131 107 86 65 43 54 92433.1 294 204 65 90 67 139 93 46 92139.1 66 67 47 53 9.57073e+06 35596 9.53514e+06 30200 92073.1 86480 89 50 258 30063 5533 21443 9.50494e+06 5593 3006 14068.2 1463 86391
internal_count=3074630 2972981 67 2972914 82 101649 91557 214 107 107 53 73 91343 156 131 107 86 65 43 54 91187 294 204 65 90 67 139 93 46 90893 66 67 47 53 2972832 34987 2937845 29885 90827 85297 89 50 258 29510 5477 21044 2907960 5530 2964 10092 1463 85208
is_linear=0
shrinkage=0.0842615


Tree=31
num_leaves=53
num_cat=0
split_feature=12 14 4 2 14 9 2 13 2 12 4 2 12 8 9 12 4 9 9 4 9 8 9 9 9 3 9 9 14 12 6 9 3 12 9 14 6 12 9 9 8 12 14 9 6 9 8 8 14 14 12 3
split_gain=4.40406e+07 9.98067e+07 2.15576e+08 4.10088e+08 1.13277e+08 7.05755e+07 9.18667e+07 4.23313e+07 3.5458e+07 1.31463e+08 1.86838e+08 1.21622e+08 1.27739e+08 7.48118e+07 6.22167e+08 6.18047e+08 2.85873e+08 2.08358e+08 5.25169e+08 2.18145e+08 2.82207e+08 1.9526e+08 2.58911e+08 3.69158e+08 1.61136e+08 8.15841e+07 5.08452e+07 6.18034e+07 3.36237e+07 4.66534e+07 3.17789e+07 4.07249e+07 2.98813e+07 7.47544e+07 2.95559e+07 9.72455e+07 6.30209e+07 5.16519e+07 5.53456e+07 3.64775e+08 5.10279e+07 5.07498e+07 4.52663e+07 3.90607e+07 3.79367e+07 3.66263e+07 3.29901e+07 4.2814e+07 3.67078e+07 2.76016e+07 3.01098e+07 2.62137e+07
threshold=-0.00049349999999999991 0.054875500000000008 0.71441150000000009 0.12471650000000002 0.00069950000000000014 0.00033950000000000007 0.0063865000000000007 -0.0010379999999999996 0.90392850000000002 -0.004380499999999999 0.95752500000000007 0.91595400000000005 -0.0032704999999999995 0.92074100000000014 0.011092000000000001 -0.0078809999999999974 0.71441150000000009 0.010046000000000003 0.0091010000000000014 0.91397700000000015 0.00036850000000000007 0.95254850000000013 0.00037550000000000007 0.0066970000000000007 0.0073740000000000012 0.31883150000000005 0.00036350000000000005 0.0074000000000000012 8.5000000000000016e-06 -0.0017954999999999998 0.51606700000000016 0.00035450000000000011 0.0025970000000000003 -0.0022805 2.7500000000000001e-05 0.019083500000000003 0.15484200000000004 -0.049512999999999995 0.00075650000000000012 0.0010165000000000003 0.21473850000000003 -0.085697499999999996 0.012320000000000003 0.0024385000000000006 0.0010855000000000003 0.00013850000000000003 0.0058025000000000012 0.0025225000000000004 0.00019300000000000003 0.010433000000000001 -0.010357999999999997 0.0069015000000000005
decision_type=2 2 2 2 2 2 2 2 2 2 2 2 2 2 2 2 2 2 2 2 2 2 2 2 2 2 2 2 2 2 2 2 2 2 2 2 2 2 2 2 2 2 2 2 2 2 2 2 2 2 2 2
left_child=8 4 3 -3 -2 6 7 -6 13 10 26 -11 -13 16 15 17 25 18 19 21 -21 22 -15 -24 30 28 49 -28 29 32 -23 -32 33 -1 36 37 46 38 41 -40 -41 45 43 44 -39 -36 47 48 -30 50 -10 -48
right_child=1 2 -4 -5 5 -7 -8 -9 9 11 -12 12 -14 14 -16 -17 -18 -19 -20 20 -22 24 23 -25 -26 -27 27 -29 34 -31 31 -33 -34 -35 35 -37 -38 42 39 40 -42 -43 -44 -45 -46 -47 51 -49 -50 -51 -52 -53
leaf_value=67.77721452556132 -0.027815040856108059 49.638615940845128 87.743134147107895 -594.11597001277732 48.106214499479563 184.71952934438025 -58.753275861520329 178.44035755632672 35.512821791461477 -299.28714521231757 289.10832779804775 81.367693747799379 -213.48843098493029 360.74502177087061 -501.81328341157882 503.70084556557777 -308.59974184587543 350.85066831694598 -457.91608570666017 59.198261020471961 -299.17397074421751 17.38610231781329 -231.41994255644423 314.89559297558299 254.54067795838614 173.3647239326524 -195.25791185427863 28.10535900414061 -6.3888324489463342 2.0246061888144324 -209.11067013657151 -21.254155025691691 6.6522547628778206 12.654959540785038 -1.0154987462962359 179.23205796650876 -157.1936166714018 4.9107699819701169 465.74074198308062 52.912662272887374 -133.39943204600934 31.464743719632096 -129.47796931921235 2.1619798614727639 -12.37423753426002 -151.9366637636445 -17.269464308531571 10.59556530864147 107.37203838865967 52.474344822655155 -138.9084912646818 1.8053387868749138
leaf_weight=306 9534413.6357402802 20 29 20 376.00028800964355 35 84 27 20 30 22 33 27 53 20 31 30 20 22 58 36 46 25 25 23 28 31 21 2500.0066242218018 109620.19381141663 20 28 3716.0005760192871 1331 37 29 25 1540 21 39 24 258 30 4229.0005760192871 7726.0029697418213 29 1293.0005760192871 5801.0057601928711 29 72 20 1669.0011520385742
leaf_count=306 2951901 20 29 20 369 35 84 27 20 30 22 33 27 53 20 31 30 20 22 58 36 46 25 25 23 28 31 21 2339 104916 20 28 3702 1331 37 29 25 1540 21 39 24 258 30 4215 7656 29 1279 5661 29 72 20 1641
internal_value=-3.67263e-05 -0.0261256 -120.944 -272.277 -0.0252503 46.8179 36.9032 56.844 1.76428 -34.2438 14.0317 -134.008 -51.3301 1.83492 44.8863 73.1572 1.71003 35.6491 16.8732 50.1573 -78.0605 104.946 205.91 41.7495 16.0513 1.77642 -22.8848 -105.048 1.74215 2.47226 -42.3279 -99.5592 11.6393 22.9594 -1.5785 -4.67429 2.24081 -5.05727 30.1949 102.929 -18.0616 11.334 -6.12076 -5.84638 -9.50144 -67.344 2.59401 5.83529 -5.08361 15.2645 -51.6935 -6.52126
internal_weight=9.676e+06 9.535e+06 69 40 9.53494e+06 522 487 403 140993 276 186 90 60 140717 407 387 140310 356 336 314 94 220 103 50 117 140280 164 52 140252 114973 94 48 5353 1637 25279 13962 11317 13933 408 84 63 324 13525 13495 9266 66 11292 8330.01 2529.01 112 40 2962
internal_count=3088333 2952485 69 40 2952416 515 480 396 135848 276 186 90 60 135572 407 387 135165 356 336 314 94 220 103 50 117 135135 164 52 135107 110255 94 48 5339 1637 24852 13878 10974 13849 408 84 63 324 13441 13411 9196 66 10949 8029 2368 112 40 2920
is_linear=0
shrinkage=0.100563


Tree=32
num_leaves=53
num_cat=0
split_feature=8 11 8 3 11 11 6 0 12 12 12 8 11 8 11 11 11 6 12 12 11 7 8 11 11 12 8 11 11 8 12 12 13 11 12 11 8 7 12 3 0 12 11 4 7 0 6 6 6 3 0 11
split_gain=4.75049e+07 2.57065e+08 2.46281e+08 3.47108e+08 1.38452e+08 4.55077e+08 6.75585e+07 1.24173e+08 5.54125e+08 9.31738e+07 8.22332e+07 4.54616e+07 2.41918e+08 9.3909e+07 1.14974e+09 1.20243e+09 1.3858e+09 1.11166e+08 9.97774e+07 9.44837e+07 7.2497e+07 1.38585e+08 4.72567e+07 1.19243e+08 1.44438e+08 4.72494e+07 3.67191e+07 7.83043e+07 3.52429e+07 2.9779e+07 2.88957e+07 2.18302e+07 8.60241e+07 3.04194e+07 1.21532e+08 2.44118e+07 1.87659e+07 3.68814e+07 3.68707e+07 4.53503e+07 2.91701e+07 2.3965e+07 1.83497e+07 1.8084e+07 2.00797e+07 1.68575e+07 1.55488e+07 1.41877e+07 1.29573e+07 1.11523e+07 1.26874e+06 227015
threshold=0.96228150000000012 0.00038750000000000004 0.96647850000000013 0.75452300000000017 0.036960000000000007 0.058818000000000009 0.89377350000000011 0.92730450000000009 -0.0034724999999999995 -0.0021969999999999997 -0.0045529999999999989 0.95254850000000013 0.00042250000000000008 0.92074100000000014 0.00037650000000000004 0.00039550000000000007 0.00042650000000000007 0.51606700000000016 0.018189500000000001 -0.14644149999999997 0.28534100000000007 0.16861500000000004 0.25019750000000002 0.06482700000000001 0.00010450000000000001 -0.14644149999999997 0.92513900000000004 0.00040850000000000006 0.94009900000000013 0.0087475000000000018 -0.022734999999999995 -0.00066849999999999993 -0.094756999999999994 0.22499750000000004 -0.066571499999999992 0.21395850000000002 0.0050640000000000008 0.0034260000000000007 0.0011885000000000001 0.0093120000000000026 0.0067990000000000004 0.0013990000000000003 0.017532500000000003 9.5000000000000022e-06 0.00049350000000000012 0.91397700000000015 0.00097550000000000013 0.9135660000000001 2.5000000000000002e-06 0.48583150000000003 0.8177930000000001 0.91575650000000008
decision_type=2 2 2 2 2 2 2 2 2 2 2 2 2 2 2 2 2 2 2 2 2 2 2 2 2 2 2 2 2 2 2 2 2 2 2 2 2 2 2 2 2 2 2 2 2 2 2 2 2 2 2 2
left_child=6 -2 3 -3 -4 -6 11 9 -9 10 26 13 -13 17 -15 -16 -17 20 -19 28 22 29 31 24 -24 -23 45 -28 -18 48 -21 33 -33 35 -35 43 37 41 42 -40 -39 -34 -38 46 -45 47 -1 -8 51 -14 -30 -22
right_child=1 2 4 -5 5 -7 7 8 -10 -11 -12 12 49 14 15 16 19 18 -20 30 21 25 23 -25 -26 -27 27 -29 50 -31 -32 32 36 34 -36 -37 38 40 39 -41 -42 -43 -44 44 -46 -47 -48 -49 -50 -51 -52 -53
leaf_value=0.92556125314165749 496.06448775676677 -74.392772150401967 -430.84995377966413 759.01380822521696 529.91910877499163 -271.23234376341509 1.7489910905254293 -841.52388372786459 225.93232553133615 -313.89436469231305 239.53703672060496 -443.37318948659004 177.00758955266645 1035.5877027469733 -1049.5699541919007 1283.4550529419375 -278.35838509124198 -352.97225529804291 -28.152064970536394 213.4276341255227 3.8335517655858005 169.63206986397188 -58.417698579112539 122.95236107198667 -567.84768010494031 489.23905808078416 35.029364853447206 -318.03849670733086 -100.27382161735767 -145.91203828072341 -17.608439557140915 328.75696652264031 -0.007978573469453288 329.08215284813599 -75.89756017996622 -123.46864723150142 -3.2885772767445842 -21.217624120992685 50.596085420011093 5.4597973510831546 6.5234783624474133 -4.3729137256042421 -100.64334228370113 8.045077395508816 2.0814134782629816 -74.003311300713847 -7.2557698571964657 144.53126987475738 157.09991661106091 32.905287242666958 -48.465294689071868 24.718064391095762
leaf_weight=23380.10454750061 28 26 26 20 23 53 36 22 22 23 29 31 20 26 23 20 35 38 49 25 27 20 34 31 20 22 30 27 22 22 24 18 9539059.2660732269 30 38 35 1655.0005760192871 3217.0011520385742 855 1227.0008640289307 1170.0002880096436 28557.020051956177 45 16701.018323898315 54433.055387496948 29 6784.0037441253662 28 20 31 21 21
leaf_count=20839 28 26 26 20 23 53 36 22 22 23 29 31 20 26 23 20 35 38 49 25 27 20 34 31 20 22 30 27 22 22 24 18 2941300 30 38 35 1641 3189 855 1206 1163 28074 45 16260 53089 29 6693 28 20 31 21 21
internal_value=0.000311269 78.1569 -0.930681 288.01 -131.266 -28.7256 -0.00111016 -78.8391 -307.827 -28.947 7.68335 0.000893935 -112.001 0.00184324 104.133 -38.379 119.904 -0.000265915 -170.036 -63.4311 0.00126301 111.485 -0.000257837 -112.159 -247.171 337.109 -37.1533 -132.222 -166.282 6.17379 100.26 0.000727495 -0.0225258 2.19665 102.778 2.12914 -0.0231443 -0.0273308 10.5726 23.996 -13.819 -0.0210069 -5.86666 2.17255 3.48159 21.1152 -0.914428 64.236 55.3998 89.4373 -75.0094 12.9895
internal_weight=9.67821e+06 176 148 46 102 76 9.67803e+06 246 44 202 179 9.67779e+06 82 9.6777e+06 196 170 147 9.67751e+06 87 127 9.67742e+06 132 9.67729e+06 85 54 42 150 57 78 90 49 9.6772e+06 9.5758e+06 101401 68 101333 9.57579e+06 9.572e+06 3782 2082 4387 9.56762e+06 1700 101298 71134.1 93 30164.1 64 68 51 43 48
internal_count=3075479 176 148 46 102 76 3075303 246 44 202 179 3075057 82 3074975 196 170 147 3074779 87 127 3074692 132 3074560 85 54 42 150 57 78 90 49 3074475 2977491 96984 68 96916 2977473 2973726 3747 2061 4352 2969374 1686 96881 69349 93 27532 64 68 51 43 48
is_linear=0
shrinkage=0.150452


Tree=33
num_leaves=53
num_cat=0
split_feature=5 12 11 16 4 11 8 11 16 13 13 10 16 12 12 16 16 12 16 8 13 10 12 12 16 16 8 12 16 8 8 16 16 5 11 11 16 11 11 8 16 16 16 16 8 16 11 3 5 10 3 4
split_gain=5.23397e+07 2.07916e+08 2.29823e+08 1.98219e+08 1.10179e+08 1.13749e+08 1.08064e+08 4.21973e+08 4.43423e+07 9.70953e+07 6.86105e+07 1.04749e+08 6.77642e+07 8.42769e+07 6.94554e+07 7.37806e+07 8.92623e+07 1.05236e+08 7.34072e+07 6.73611e+07 1.30894e+08 8.55742e+07 8.79696e+07 1.39955e+08 6.9729e+07 6.43712e+07 6.3908e+07 5.40559e+07 5.36102e+07 6.7304e+07 4.91368e+07 2.40951e+08 6.20848e+07 4.83842e+07 4.8879e+07 4.77043e+07 5.83737e+07 2.05886e+08 3.26191e+08 1.87162e+08 1.60355e+08 6.68556e+08 8.35057e+07 4.87811e+07 4.66435e+07 4.95351e+07 4.34949e+07 4.09756e+07 1.99107e+08 6.71778e+07 6.69655e+07 9.49373e+07
threshold=0.92514000000000018 -0.0049834999999999992 0.00042650000000000007 36833.500000000007 0.95752500000000007 0.00041350000000000008 0.96647850000000013 0.00044550000000000004 1144146.5000000002 5.9500000000000003e-05 -0.00027949999999999996 8.0500000000000019e-05 159168.00000000003 -0.00039449999999999994 0.0014040000000000001 395797.00000000006 197798.00000000003 0.0018595000000000003 231380.50000000003 0.00084550000000000011 0.00024250000000000001 0.0012995000000000001 0.00077650000000000017 0.00010250000000000001 123542.00000000001 101633.50000000001 0.0015065000000000002 0.0024925000000000004 415515.50000000006 0.0023965000000000006 0.0016935000000000003 502748.00000000006 501985.50000000006 1.8500000000000006e-05 3.1500000000000007e-05 0.96218650000000017 5137.0000000000009 0.00037750000000000007 0.00041350000000000008 0.95254850000000013 7674.0000000000009 5252.5000000000009 2654.5000000000005 13095.500000000002 0.0085955000000000007 1890359.0000000002 0.0013570000000000004 0.0035505000000000003 0.0028195000000000004 0.00061450000000000014 0.0026130000000000003 0.0012985000000000002
decision_type=2 2 2 2 2 2 2 2 2 2 2 2 2 2 2 2 2 2 2 2 2 2 2 2 2 2 2 2 2 2 2 2 2 2 2 2 2 2 2 2 2 2 2 2 2 2 2 2 2 2 2 2
left_child=6 2 -2 -3 5 -5 8 -8 9 30 11 -10 13 -11 28 16 -16 -18 -19 -15 -21 -22 23 24 -23 -25 -13 -20 29 -14 -1 32 35 -33 -35 36 37 -32 -39 40 41 -38 -40 -42 45 -28 -31 49 -49 50 51 -36
right_child=1 3 -4 4 -6 -7 7 -9 10 12 -12 26 14 19 15 -17 17 18 27 20 21 22 -24 25 -26 -27 44 -29 -30 46 31 33 -34 34 47 -37 39 38 42 -41 43 -43 -44 -45 -46 -47 -48 48 -50 -51 -52 -53
leaf_value=0.11312279525468762 -466.58657034236955 -256.92789978723778 -43.087687453228433 47.218154823270531 -24.738277639663291 411.08545640312281 569.84393635730589 -48.18900095513424 4.6601777227432368 -51.464694756424784 -0.21260774998346654 -20.760556812764708 2.3727483610960687 -0.54069683232838994 -6.8699047216463649 -1.6360503972681602 -29.359660020794674 -224.83362119561676 -50.387176355390032 82.669063662288465 50.173430393981491 18.234540310688988 28.260875371825605 -115.34628988819222 -113.06843342957643 -26.930978136387804 -3.9056274323755495 -216.92675594915553 2.4207689586900498 18.163124728681158 -345.96116386195223 -21.395897557453974 -113.63133790531397 35.076045446821063 28.157360523609178 126.50034368336405 657.18802563058432 299.12978188123236 -129.49947871240192 -312.91960900161433 -15.965289364505749 32.312855286725693 -19.296016005711341 -0.74339402793874998 22.514157264021769 -15.414254438234551 -57.830783829086947 -53.475384411156099 22.970294448319098 11.265344741605444 19.111999565075411 109.60084192867443
leaf_weight=4939565.1720275879 27 22 39 20 35 23 20 44 10507.00403213501 232 4520734.7331295013 4384.0037441253662 7861.0126724243164 1882.0023040771484 971.00057601928711 5309.0043201446533 464.00057601928711 63 127 437 820 1010.0002880096436 1533.0011520385742 178 53 242 17558.008153915405 30 90049.352235794067 7328.0031681060791 26 495.00115203857422 62 1274.0008640289307 476 36 23 36 120 24 2853.0011520385742 290.00028800964355 299 32396.019872665405 688 6340.0047874450684 95 644 1244.0005760192871 14337.00403213501 1782.0020160675049 285
leaf_count=1654148 27 22 39 20 35 23 20 44 10409 232 1217080 4293 7553 1826 957 5204 450 63 127 437 820 1003 1505 178 53 242 17362 30 81488 7251 26 467 62 1253 476 36 23 36 120 24 2825 283 299 31913 688 6228 95 644 1230 14239 1733 285
internal_value=-0.000143668 -62.659 -216.381 38.798 122.249 241.889 0.000931471 144.98 -2.78153e-05 0.225561 -0.25306 -4.88541 3.38036 14.562 2.74439 -8.04973 -28.6235 -59.5036 -123.074 17.051 24.7992 18.2062 9.51458 -9.86353 11.6861 -64.4046 -8.34748 -82.2271 3.45803 9.56928 0.15062 3.41719 -2.06501 13.0712 13.9225 -1.87336 -2.00156 -40.6186 -23.161 -1.47956 -1.26925 78.2549 -50.8613 -1.97545 -6.13404 -6.95882 17.1904 12.4865 -3.10536 14.2305 30.9472 58.66
internal_weight=9.67539e+06 166 66 100 78 43 9.67523e+06 64 9.67516e+06 5.11495e+06 4.56021e+06 39477 118684 6387 112297 6964.01 1655 684.001 220 6155 4273 3836 3016 1483 1063 420 28970 157 105333 15284 4.99627e+06 56702 36165 20537 20042 36103 36067 481 455 35586 35562 313 419 35249 24586 23898 7423 18768 1888 16880 2543 761
internal_count=3075926 166 66 100 78 43 3075760 64 3075696 1819636 1256060 38980 109514 6296 103218 6831 1627 670 220 6064 4238 3801 2981 1476 1056 420 28571 157 96387 14899 1710122 55974 35647 20327 19860 35585 35549 481 455 35068 35044 306 419 34738 24278 23590 7346 18607 1874 16733 2494 761
is_linear=0
shrinkage=0.111601


Tree=34
num_leaves=53
num_cat=0
split_feature=8 11 11 15 11 9 5 12 11 9 8 15 12 15 13 11 9 9 9 15 9 6 9 6 15 5 9 11 12 6 9 11 11 11 12 11 6 13 15 5 12 15 10 10 6 15 13 10 8 15 9 6
split_gain=2.00089e+08 2.76657e+08 4.7983e+08 3.04256e+08 3.42645e+08 5.24569e+08 2.275e+08 9.19835e+08 2.15451e+08 2.06409e+08 1.01415e+08 1.3645e+08 4.99772e+08 1.09965e+08 1.3256e+08 5.41664e+07 2.15485e+08 4.45846e+08 9.72026e+08 6.98366e+08 4.23154e+08 3.94329e+08 3.26648e+08 2.7982e+08 2.7697e+08 2.27695e+08 1.83708e+08 9.70858e+07 6.36062e+07 4.76064e+07 3.42277e+08 1.79832e+08 5.58914e+08 2.80843e+08 1.78672e+08 1.74066e+08 1.38192e+08 1.23884e+08 3.01394e+08 3.44271e+07 3.21643e+07 6.57769e+07 7.14291e+07 4.61778e+07 3.0105e+07 2.87668e+07 2.1451e+07 2.61035e+07 2.08359e+07 3.87017e+07 2.75376e+07 2.28863e+07
threshold=0.96228150000000012 0.00038550000000000005 0.00041750000000000007 8.9500000000000021e-05 0.058818000000000009 0.0073740000000000012 0.92514000000000018 -0.0048009999999999988 0.00037950000000000006 0.0091010000000000014 0.0010805000000000001 0.052283000000000003 -0.004380499999999999 0.051172000000000002 -0.57580599999999993 0.22499750000000004 0.0083475000000000025 0.00077650000000000017 0.0017465000000000004 0.041114000000000005 0.010303000000000001 0.15484200000000004 0.00041350000000000008 0.49003550000000001 0.020994000000000002 0.19902250000000002 0.00036650000000000007 0.24171800000000002 -0.14644149999999997 0.49003550000000001 0.00021150000000000002 0.00037650000000000004 0.00036750000000000004 0.00040950000000000009 -0.14644149999999997 0.029495000000000004 0.51606700000000016 -0.16861499999999999 6.5000000000000013e-06 1.3500000000000001e-05 -0.0012034999999999999 2.5000000000000002e-06 0.0064370000000000009 0.0013615000000000003 0.025014500000000002 0.00015850000000000003 0.00015750000000000001 0.0017335000000000004 2.5000000000000002e-06 1.0000000180025095e-35 2.9500000000000002e-05 0.00048850000000000011
decision_type=2 2 2 2 2 2 2 2 2 2 2 2 2 2 2 2 2 2 2 2 2 2 2 2 2 2 2 2 2 2 2 2 2 2 2 2 2 2 2 2 2 2 2 2 2 2 2 2 2 2 2 2
left_child=6 -2 -3 -4 -5 -6 10 -8 -9 -7 46 13 -13 15 -15 29 17 22 21 24 -18 -19 23 25 -20 27 28 -17 -25 37 31 32 -31 34 -33 -35 -32 38 -12 -39 41 43 -43 -41 45 -42 47 48 49 -1 -51 -50
right_child=1 2 3 4 5 9 7 8 -10 -11 11 12 -14 14 -16 16 20 18 19 -21 -22 -23 -24 26 -26 -27 -28 -29 -30 30 36 33 -34 35 -36 -37 -38 39 -40 40 44 42 -44 -45 -46 -47 -48 -49 51 50 -52 -53
leaf_value=-0.076968437917048174 -82.932317405286298 208.1661702746224 -103.39688379098915 190.81562703243134 -129.66516900244415 150.65988758394778 -242.79849846450881 108.62785754973054 -36.570261914328142 19.488043365732157 148.02122040593622 147.52416873928561 -2.7585769165883489 -124.38496650432604 -5.2145781374941604 -71.290448164949055 -126.11361506820062 116.68453887056955 -1.7542195935861944 179.63647419273309 84.279446587164117 345.42868342855536 -143.12841326428568 -7.9972311458088505 -175.56324500257517 -128.77226358131227 154.12320891859076 19.852806619744694 58.578353330993025 -39.748080541888385 -47.455622546779693 -10.795588933386169 184.85044486889691 121.12460627694858 -161.42678271737373 -15.88635561605602 -169.0944197993845 -3.1133682366706537 -39.002551430543257 3.6334642111876834 0.54407056325496495 -1.9555051454861179 7.3943954937431169 0.65723316322069469 14.786478414277168 -4.5537491882927101 -0.7354144503510005 0.4084677603772357 0.055988376724873015 1.6342072510820171 -0.15902731354109292 -1.1226852928659408
leaf_weight=5784976.3840312958 22 24 20 20 23 28 26 23 35 39 25 40 121 21 32 21 37 21 33 22 20 20 21 35 20 25 20 65 44 34 30 20 27 20 23 34 22 3295.0034561157227 22 18866.025236129761 261288.18005180359 9406.0063362121582 1259.0008640289307 11345.004697799683 201 1513.0008640289307 56895.221261978149 191548.83372688293 3261739.1943588257 30853.516971588135 18685.590465545654 22542.024768829346
leaf_count=1547246 22 24 20 20 23 28 26 23 35 39 25 40 121 21 32 21 37 21 33 22 20 20 21 35 20 25 20 65 44 34 30 20 27 20 23 34 22 3211 22 18257 256962 9252 1238 11233 201 1492 51526 171437 1209730 18323 4384 21940
internal_value=4.32705e-05 39.3026 56.7748 28.8088 52.8568 22.1779 -0.000671729 -60.6572 21.0106 74.3198 -0.000144975 0.658002 34.5851 0.640259 -52.4472 0.649402 14.1387 25.051 84.0136 5.11068 -52.2789 228.311 -4.55975 9.30373 -67.3623 -30.8804 54.3592 -2.40983 29.0843 0.631674 -16.9138 10.0855 59.6734 -21.0996 -91.3796 34.8663 -98.9373 0.643669 60.4805 0.634511 0.67515 1.63719 -0.85173 2.51582 0.525629 0.514721 -0.0217886 -0.0174277 -0.026374 -0.0681824 0.957816 0.0478984
internal_weight=9.67555e+06 176 154 130 110 90 9.67537e+06 84 58 67 9.67529e+06 308048 161 307887 53 307834 404 347 116 75 57 41 231 210 53 111 99 86 79 307430 210 158 61 97 43 54 52 307220 47 307173 303878 40876 10665 30211 263002 262801 9.36724e+06 9.31035e+06 9.1188e+06 5.83452e+06 49539.1 3.28428e+06
internal_count=3327567 176 154 130 110 90 3327391 84 58 67 3327307 302721 161 302560 53 302507 404 347 116 75 57 41 231 210 53 111 99 86 79 302103 210 158 61 97 43 54 52 301893 47 301846 298635 39980 10490 29490 258655 258454 3024586 2973060 2801623 1569953 22707 1231670
is_linear=0
shrinkage=0.0368644


Tree=35
num_leaves=53
num_cat=0
split_feature=2 8 8 12 4 4 14 9 7 8 9 12 9 10 12 13 14 9 2 9 14 9 7 8 12 14 8 12 14 13 12 8 14 13 10 14 8 10 9 14 9 9 14 14 8 9 7 14 14 10 14 10
split_gain=1.1514e+10 8.05675e+09 1.935e+09 1.64199e+09 1.22719e+09 2.74886e+09 5.35259e+09 1.73801e+09 8.84841e+08 8.0276e+08 7.40676e+08 6.72635e+08 6.43667e+08 5.55733e+08 5.31008e+08 3.62914e+08 3.29983e+08 3.00431e+08 2.60429e+08 2.32253e+08 2.09832e+08 2.51066e+08 1.9398e+08 2.36832e+08 2.61964e+08 2.03723e+08 1.91562e+08 1.91459e+08 1.67507e+08 1.51364e+08 1.4325e+08 1.21024e+08 1.1938e+08 2.29424e+08 1.15174e+08 1.04574e+08 9.99302e+07 1.59873e+08 9.82817e+07 9.60372e+07 9.31373e+07 9.31241e+07 8.88696e+07 8.7105e+07 8.42523e+07 8.35511e+07 8.20639e+07 7.77224e+07 7.71307e+07 7.36999e+07 7.24383e+07 9.5375e+07
threshold=0.59831400000000012 0.00097550000000000013 0.0025795000000000006 -0.085697499999999996 0.91397700000000015 0.92730450000000009 0.054875500000000008 0.00076650000000000015 0.93469650000000015 0.96228150000000012 0.0014745000000000003 0.018189500000000001 0.00020650000000000003 0.00057550000000000017 -0.016860499999999997 0.00023750000000000003 0.019083500000000003 0.00080950000000000022 0.0015745000000000002 0.00036950000000000009 0.014463000000000002 0.00034050000000000009 0.00049550000000000017 0.0045345000000000012 0.0013265000000000002 9.4500000000000007e-05 0.00086150000000000018 0.018189500000000001 2.5000000000000002e-06 0.00071800000000000011 -0.0034724999999999995 0.0039925000000000004 0.00027550000000000008 -0.0025194999999999996 0.00094650000000000018 0.00016750000000000003 0.003961000000000001 0.0014105000000000003 0.00018650000000000003 1.0500000000000003e-05 0.00041650000000000004 0.00012150000000000003 0.00019300000000000003 1.5000000000000002e-06 0.95254850000000013 8.5500000000000018e-05 0.0047140000000000003 6.5000000000000013e-06 2.6500000000000004e-05 0.00015350000000000002 6.5000000000000013e-06 0.0011125000000000004
decision_type=2 2 2 2 2 2 2 2 2 2 2 2 2 2 2 2 2 2 2 2 2 2 2 2 2 2 2 2 2 2 2 2 2 2 2 2 2 2 2 2 2 2 2 2 2 2 2 2 2 2 2 2
left_child=1 26 15 17 10 6 16 8 12 -9 20 18 14 -13 -7 39 -6 19 49 38 21 -5 28 25 -25 41 32 -22 -20 -17 -16 -27 -1 -34 -31 45 50 -38 -2 -3 -18 43 -41 -24 -19 -26 47 -45 -43 -4 51 -30
right_child=3 2 11 4 5 7 -8 9 -10 -11 -12 13 -14 -15 30 29 40 44 22 -21 27 -23 23 24 35 31 -28 -29 36 34 -32 -33 33 -35 -36 -37 37 -39 -40 42 -42 48 -44 46 -46 -47 -48 -49 -50 -51 -52 -53
leaf_value=-0.36478561700143158 17.198602640935853 5.1808200496803716 -5.3178001443938934 60.192374065465479 311.55800279833687 131.86781630377121 1396.7929148481035 -282.65537739307513 40.216900510001324 178.38395849101451 408.22468389544287 463.30135070050437 615.3692354295473 82.308741226019492 347.11946288824538 32.945380414827838 563.28085470684584 253.85420045722003 11.319932435008662 -147.24092812674289 -131.41167897274553 316.02077408522342 108.42915684873853 16.214947749004882 49.987198525174144 76.45847410043892 3.6687385174841327 87.65437856801033 11.796072832198465 3.3677375647739431 548.11482369893133 -54.315205014639318 0.32380916220786365 78.291527963901117 17.57430482612574 -91.945134373687424 28.416431323930116 1.9621738315403139 155.66555442300054 -2.4323759769961333 405.20412436891166 10.533578863547826 56.400183652938125 30.438490365517438 121.84185536804743 27.905688542546745 -15.971754194596535 14.885534567956713 -4.926539761783701 8.3691654659572432 30.64259398489494 21.119063052582387
leaf_weight=9280826.1373786926 47 211091.24681282043 2560.002592086792 29 63 34 22 28 30 24 32 20 33 38 29 1546 36 30 10594.005472183228 22 20 24 35 9347.0041217803955 1197.0002880096436 235 40525.086652755737 43 4333.0020160675049 2840.0033473968506 21 27 391.00028800964355 193 6263.0023040771484 21 1146 2464.0011520385742 28 7087.0072002410889 20 46153.024730682373 89 1258.0011520385742 37 1151.0002880096436 268 8770.0027713775635 1132.0002880096436 2843.0002880096436 2292.0005760192871 28278.009395599365
leaf_count=3026935 47 205162 2497 29 63 34 22 28 30 24 32 20 33 38 29 1546 36 30 10461 22 20 24 35 9249 1190 235 38432 43 4284 2763 21 27 384 193 6207 21 1146 2436 28 6912 20 45565 89 1230 37 1144 268 8707 1125 2836 2278 28054
internal_value=-0.000395331 -0.0169661 8.65941 245.884 299.719 360.941 558.594 220.875 323.717 -69.8465 159.062 14.5413 396.408 213.737 310.324 5.46914 403.52 85.701 14.4482 19.8709 90.2887 176.074 15.02 13.033 20.62 11.4972 -0.345593 18.0964 17.8361 16.0171 431.621 62.9773 -0.363121 26.0914 13.1421 38.0001 19.6285 10.3603 68.9081 4.95451 506.895 11.2631 -1.70257 16.296 180.978 39.163 15.9827 16.8367 10.1635 1.8841 20.5871 19.8803
internal_weight=9.67567e+06 9.67501e+06 353078 652 488 340 141 199 147 52 148 124162 117 58 84 228916 119 164 124104 97 116 53 118701 69594 11716 57878 9.32194e+06 63 49107 10649 50 262 9.28141e+06 584 9103.01 2369 38513 3610 75 218267 56 57616 7176.01 10331 67 2348 10296 10028 47285 5403 34903 32611
internal_count=3412121 3411469 345525 652 488 340 141 199 147 52 148 122846 117 58 84 222679 119 164 122788 97 116 53 117455 68796 11604 57192 3065944 63 48659 10516 50 262 3027512 577 8970 2355 38198 3582 75 212163 56 56930 7001 10240 67 2334 10205 9937 46690 5333 34616 32338
is_linear=0
shrinkage=0.058515


Tree=36
num_leaves=53
num_cat=0
split_feature=8 14 12 3 9 9 9 4 9 12 4 14 9 9 9 9 9 9 9 9 8 6 6 12 14 3 3 14 14 8 3 14 3 12 14 6 14 8 8 14 8 12 8 6 14 4 6 8 8 12 4 14
split_gain=1.62483e+08 1.34889e+08 1.96357e+08 5.80633e+08 6.42384e+08 1.70908e+08 2.3536e+08 3.1053e+08 2.23234e+08 1.81202e+08 1.65061e+08 1.62638e+08 1.51546e+08 6.4628e+08 1.6648e+08 2.35566e+08 1.83168e+08 1.54324e+08 9.92008e+07 7.50609e+07 1.73323e+08 7.29532e+07 6.8351e+07 6.34451e+07 5.5258e+07 9.86607e+07 4.90409e+07 3.96781e+07 3.73665e+07 3.59731e+07 9.38954e+07 8.68648e+07 4.34024e+07 3.16095e+07 3.12034e+07 4.80996e+07 6.59679e+07 5.19849e+07 3.84908e+07 3.84331e+07 3.51294e+07 4.15491e+07 3.02812e+07 3.47561e+07 1.14184e+08 3.28276e+07 2.91822e+07 2.68936e+07 5.10555e+07 2.72214e+07 2.67046e+07 2.57014e+07
threshold=0.0010705000000000001 0.025577000000000006 -0.085697499999999996 0.75452300000000017 0.0027755000000000006 0.00088850000000000018 0.00035050000000000006 0.91397700000000015 0.0081290000000000025 -0.0066269999999999992 0.95752500000000007 0.054875500000000008 0.010637000000000002 0.0089820000000000021 0.0077025000000000001 0.0066970000000000007 0.0020215000000000003 0.0004055000000000001 0.00037550000000000007 0.00018650000000000003 0.95254850000000013 0.51606700000000016 0.94509250000000011 -0.019394499999999999 0.00027550000000000008 0.0022000000000000006 0.00098250000000000008 0.0020720000000000005 1.5000000000000002e-06 0.0032090000000000005 0.0033975000000000003 3.5000000000000004e-06 0.0035435000000000002 -1.5499999999999997e-05 1.0500000000000003e-05 0.0029715000000000006 5.5000000000000007e-06 0.0030945000000000005 0.0016325000000000001 0.00019300000000000003 0.0030930000000000007 -0.0021794999999999996 0.0021765000000000005 0.0012165000000000004 9.4500000000000007e-05 6.5000000000000013e-06 0.0020215000000000003 0.0039395000000000012 0.0056880000000000012 -3.2499999999999997e-05 0.0015515000000000001 1.0000000180025095e-35
decision_type=2 2 2 2 2 2 2 2 2 2 2 2 2 2 2 2 2 2 2 2 2 2 2 2 2 2 2 2 2 2 2 2 2 2 2 2 2 2 2 2 2 2 2 2 2 2 2 2 2 2 2 2
left_child=24 29 12 4 -4 6 10 -8 -7 -10 11 -5 13 14 15 16 17 18 19 21 -21 -3 -12 -13 26 33 51 -27 -28 30 34 32 -31 -26 35 40 -37 38 -38 42 41 -2 -36 45 -45 -44 -41 -34 49 -49 -48 -1
right_child=1 2 3 5 -6 8 7 -9 9 -11 22 23 -14 -15 -16 -17 -18 -19 -20 20 -22 -23 -24 -25 25 27 28 -29 -30 31 -32 -33 47 -35 39 36 37 -39 -40 46 -42 -43 43 44 -46 -47 50 48 -50 -51 -52 -53
leaf_value=-0.098866188147395673 44.342323878281015 28.102603028431059 1337.7738241834033 192.33167002903394 132.92343262384486 -418.05818671763859 -87.606721433608769 720.76113813498978 499.1469911487992 -191.37469424774474 516.26402922239299 -101.27156277657171 -335.05571485654957 785.439888093577 -327.7163953058066 565.01483796521597 -463.50732415591176 458.81514691565849 -309.33308073262481 574.52313976888115 -70.381058815694686 -207.51219373295461 92.014681567513264 -456.90338130526186 119.92188122105541 -86.226395346566477 -8.8317414084200241 34.002178697337293 -45.358905315342298 41.29220212041367 -23.747326585985665 4.850936835260983 18.994204672037299 301.55567180926948 -19.32231355415286 -18.035012103930292 -13.752025271093924 -5.3317155491145112 109.31529749983062 -88.892388163116863 19.599884104843795 2.8846339533239447 10.199624414977766 -6.7719782872743171 302.72381541645757 72.140112933992512 214.52747306639083 -153.94025106674874 23.244937649790149 -35.996721783231905 56.235416124272909 -4.859150009653141
leaf_weight=9322712.135799408 669.00086402893066 148 23 36 26 38 20 38 20 22 22 31 34 29 45.000288009643555 20 24 20 29.000288009643555 20 27 48 20 25 152.00028800964355 99 8492.0161285400391 322.00057601928711 850 2561.0011520385742 3682.0037441253662 65319.039041519165 4349.0029697418213 32 3363.0031681060791 397 82 210 483.00028800964355 25 3581.0008640289307 215633.19769096375 1476.0032577514648 8432.0023040771484 33 281 43 85 319.00028800964355 148 93 31397.191814422607
leaf_count=2752632 648 148 23 36 26 38 20 38 20 22 22 31 34 29 38 20 24 20 22 20 27 48 20 25 145 99 8100 308 850 2533 3591 64381 4279 32 3286 397 82 210 476 25 3560 210887 1399 8376 33 281 43 85 312 148 93 26735
internal_value=0.000634257 3.72934 73.3903 172.357 698.59 77.5303 162.515 441.999 -126.42 137.446 41.5159 -83.0362 1.83704 29.7851 -27.7541 12.4277 -22.565 13.6926 -19.054 15.5997 204.084 -29.604 314.295 -260.087 -0.123614 50.0717 -0.126857 5.72689 -12.1553 3.55813 2.57168 6.79045 23.768 151.527 2.9844 3.46189 37.0217 65.226 91.4523 -4.69418 3.283 3.01286 -5.65038 -1.15228 -5.5649 20.1066 75.9786 14.6106 -19.9248 -79.0301 106.3 -0.114844
internal_weight=9.67609e+06 312029 765.001 321 49 272 192 58 80 42 134 92 444.001 410.001 381.001 336 316 292 272 243 47 196 42 56 9.36406e+06 605.001 9.36345e+06 421.001 9342.02 311264 238483 72781 7462 184 234801 221055 1172 775 565 13746 219883 216302 13585 10222 8465 1757 161 4901 552 233 136 9.35411e+06
internal_count=3094777 305876 751 321 49 272 192 58 80 42 134 92 430 396 367 329 309 285 265 243 47 196 42 56 2788901 584 2788317 407 8950 305125 233387 71738 7357 177 229796 216260 1165 768 558 13536 215095 211535 13375 10089 8409 1680 161 4824 545 233 136 2779367
is_linear=0
shrinkage=0.1661


Tree=37
num_leaves=53
num_cat=0
split_feature=0 11 11 11 11 2 16 15 14 15 11 16 11 8 15 16 16 8 4 16 14 8 15 14 16 2 13 16 11 16 14 16 2 11 8 16 16 16 2 16 15 15 15 11 16 16 16 16 16 11 16 13
split_gain=8.44386e+07 1.30809e+08 1.31933e+09 7.33245e+08 3.13404e+08 4.22067e+08 3.23279e+08 1.61295e+08 2.5969e+08 1.60768e+08 2.28329e+08 3.36502e+08 2.79207e+08 4.49703e+08 1.62623e+08 1.24675e+08 1.11888e+08 7.75284e+07 7.56008e+07 1.96287e+08 1.06607e+08 1.05124e+08 8.32692e+07 1.09404e+08 2.8756e+08 1.17502e+08 6.50455e+07 6.60408e+07 6.16778e+07 5.90991e+07 5.84931e+07 5.22714e+07 5.1351e+07 4.7427e+07 4.73572e+07 4.68817e+07 4.57826e+07 4.53824e+07 3.95384e+07 9.64144e+07 4.45481e+08 5.9808e+08 1.93065e+08 2.47484e+08 1.59746e+08 1.50447e+08 1.15533e+08 1.12185e+08 6.13262e+07 3.84535e+07 4.02183e+07 6.38064e+07
threshold=0.8177930000000001 0.00038950000000000003 0.00040950000000000009 0.00042550000000000004 0.00036750000000000004 0.90392850000000002 13173.500000000002 0.052283000000000003 0.054875500000000008 0.050979000000000003 0.91575650000000008 33181.000000000007 0.94009900000000013 0.92513900000000004 0.00015450000000000004 50188.500000000007 56462.000000000007 0.95254850000000013 8.7500000000000013e-05 2020597.5000000002 3.5000000000000004e-06 0.0033555000000000004 1.8500000000000006e-05 0.21783400000000003 2608.0000000000005 0.17539850000000004 -0.0010149999999999996 2922232.5000000005 0.00024150000000000004 5217.5000000000009 2.7500000000000001e-05 4944.5000000000009 0.0016495000000000001 0.00037650000000000004 0.92074100000000014 4225.0000000000009 123191.50000000001 2627811.5000000005 0.019874000000000003 2654.5000000000005 0.0034125000000000002 0.019940000000000003 0.0011620000000000003 0.21395850000000002 20518.000000000004 2562.0000000000005 25708.500000000004 10795.500000000002 2341.0000000000005 0.0026875000000000002 127146.00000000001 -0.0095559999999999985
decision_type=2 2 2 2 2 2 2 2 2 2 2 2 2 2 2 2 2 2 2 2 2 2 2 2 2 2 2 2 2 2 2 2 2 2 2 2 2 2 2 2 2 2 2 2 2 2 2 2 2 2 2 2
left_child=18 4 -3 -4 15 6 -6 9 16 10 11 -5 13 -12 -13 -2 -9 -14 -1 21 26 -20 23 25 -25 32 27 -21 -24 31 37 -19 -23 -7 -16 -34 -18 -22 -30 45 42 -42 43 -41 47 48 -46 -44 -40 -37 51 -51
right_child=1 2 3 7 5 33 -8 8 -10 -11 12 14 17 -15 34 -17 36 29 19 20 30 22 28 24 -26 -27 -28 -29 38 -31 -32 -33 35 -35 -36 49 -38 -39 39 40 41 -43 44 -45 46 -47 -48 -49 -50 50 -52 -53
leaf_value=-0.069763085160476218 -346.7289257375262 -816.53135993260366 752.65223450894246 -389.34183499090534 230.1365455301036 -105.58378801530583 806.72794966290439 -204.81311387737566 433.42334427942234 -238.87605698637918 -103.45672180638068 248.54363314202504 -162.8038686849319 566.13956496884975 5.480941972713973 62.381752288658802 222.13961493333107 131.35137602824005 2.0164091907584325 29.560595155797866 -12.398723136095956 -71.046386540748173 -52.425431087013976 -359.67401638625654 189.26789904082761 254.84705609017914 -2.5695316213796313 -21.624037253314384 -9.0341371356695248 232.91691284276806 24.478232740646007 -108.37305630132485 -57.918677791749175 116.33690107721992 -179.50009689948217 9.4049337250341178 -10.177454505895632 -33.473230219940994 154.55439253397216 24.012105420047071 682.372186274613 -83.25266429713156 -131.71404886968998 424.97067637728378 62.156411917758255 -385.12065297904144 -222.86938373930724 -442.34001955466096 -112.37877864191435 -65.829522165505693 16.397232542107687 61.339627353328439
leaf_weight=9297444.8987102509 20 25 20 38 32 26 23 20 32 38 22 30 30 37 45 21 28 22 267248.33473777771 1626.0005760192871 11213.003347396851 107 377.00028800964355 35 21 27 53453.098308563232 441.0003776550293 3098.0028800964355 20 537 29 138 27 33 34585.019584655762 20 1608.0003776550293 20 562.00028800964355 32 25 48 22 79 20 26 24 29 60 2780.0014400482178 570
leaf_count=2733147 20 25 20 38 32 26 23 20 32 38 22 30 30 37 45 21 28 22 259121 1612 11136 107 370 35 21 27 51129 434 3028 20 537 29 138 27 33 34109 20 1601 20 555 32 25 48 22 79 20 26 24 29 60 2745 570
internal_value=-0.000759038 42.6757 13.3522 58.088 138.903 243.73 471.351 26.7802 157.913 -11.3429 16.9195 -89.1583 113.719 316.451 16.4846 -137.182 28.2124 -4.72173 -0.00357303 1.62098 -4.04378 2.87989 8.28605 10.0342 -153.795 10.274 -1.7799 18.6398 -7.07221 62.0779 -13.4531 -4.94108 10.1012 7.47792 -72.7833 10.3289 125.337 -15.0419 -2.78132 19.057 30.2913 346.578 6.59509 39.1261 -100.732 -114.097 -8.43851 -235.304 -3.41294 10.5769 22.4626 49.226
internal_weight=9.67689e+06 638 489 464 149 108 55 444 100 344 306 146 160 59 108 41 68 101 9.67626e+06 378811 68878.1 309933 42685 38323 56 38267 55520.1 2067 4362 71 13358 51 38240 53 78 38133 48 12821 3985 887 818 57 761 584 177 69 105 72 49 37995 3410 630
internal_count=3101445 638 489 464 149 108 55 444 100 344 306 146 160 59 108 41 68 101 3100807 367660 66449 301211 42090 37812 56 37756 53175 2046 4278 71 13274 51 37729 53 78 37622 48 12737 3908 880 811 57 754 577 177 69 105 72 49 37484 3375 630
is_linear=0
shrinkage=0.117315


Tree=38
num_leaves=53
num_cat=0
split_feature=11 9 9 9 9 11 16 12 9 16 9 12 16 16 16 9 12 2 16 16 9 16 12 10 16 10 2 6 15 7 16 16 12 9 6 11 11 11 16 10 6 9 16 6 2 12 2 16 16 16 16 11
split_gain=4.10986e+07 1.50871e+08 3.05923e+08 7.82415e+08 3.13829e+08 4.17505e+08 1.86146e+08 4.29959e+08 4.73877e+08 4.2726e+08 3.60219e+08 3.12052e+08 3.03121e+08 5.57817e+08 4.09813e+08 2.19783e+08 1.32642e+08 1.24414e+08 2.99623e+08 1.50518e+08 9.55293e+07 5.05126e+07 3.7206e+07 6.17035e+07 3.37919e+07 1.37792e+08 9.01526e+07 6.96077e+07 9.24283e+07 1.12131e+08 1.08472e+08 7.60344e+07 1.35622e+08 1.56227e+08 5.82956e+07 2.62389e+08 6.69314e+08 1.60609e+08 2.13657e+08 5.93493e+07 5.28098e+07 5.76041e+07 5.69817e+07 8.84587e+07 6.84496e+07 5.47357e+07 5.32626e+07 5.17838e+07 5.01586e+07 4.74504e+07 1.09858e+08 2.5349e+08
threshold=0.22499750000000004 0.00035050000000000006 0.0008135000000000001 0.00070650000000000021 0.00037450000000000005 0.94009900000000013 38407.500000000007 -0.0059454999999999994 0.010425500000000002 58585.000000000007 0.0091010000000000014 -0.032569999999999995 5107.0000000000009 7839.5000000000009 10728.000000000002 0.0079535000000000005 -0.0037869999999999996 0.17539850000000004 74526.500000000015 5252.5000000000009 0.00039250000000000011 95837.000000000015 0.018189500000000001 0.00044450000000000007 1644028.0000000002 0.0011495000000000001 0.0013175000000000003 0.0022125000000000005 3.5000000000000004e-06 0.0025595000000000006 261730.50000000003 12107.000000000002 -0.085697499999999996 0.0068295000000000005 0.51606700000000016 0.00041050000000000006 0.00039050000000000006 0.00038250000000000008 13173.500000000002 0.00029050000000000007 0.0016745000000000002 0.0022615000000000005 30874.500000000004 0.0011785000000000001 0.0011765000000000002 -0.0010094999999999998 0.0016085000000000003 2464782.0000000005 35868.000000000007 42700.000000000007 2617.5000000000005 0.00044550000000000004
decision_type=2 2 2 2 2 2 2 2 2 2 2 2 2 2 2 2 2 2 2 2 2 2 2 2 2 2 2 2 2 2 2 2 2 2 2 2 2 2 2 2 2 2 2 2 2 2 2 2 2 2 2 2
left_child=22 17 3 4 5 -3 7 8 10 -8 11 12 15 -14 -15 -4 20 -2 19 -19 -6 -11 24 -24 25 27 -26 -1 29 30 48 32 33 -30 39 36 37 38 -36 49 41 45 43 44 -43 -27 -45 -28 -29 50 51 -31
right_child=1 2 6 -5 16 -7 9 -9 -10 21 -12 -13 13 14 -16 -17 -18 18 -20 -21 -22 -23 23 -25 26 40 47 28 31 34 -32 -33 -34 -35 35 -37 -38 -39 -40 -41 -42 42 -44 46 -46 -47 -48 -49 -50 -51 -52 -53
leaf_value=-0.0080560503646723101 12.363299860860351 696.68025791605896 -97.272855987995626 1048.6658095068733 -59.253519422565887 -45.418008016510413 737.03655102745313 -627.1574361559849 484.4702029316586 204.16033228119124 -587.85498699922141 475.44033391698144 -937.6176697686974 388.49196928548247 -464.47972379981184 552.83329335462236 184.14820461254766 -159.85978200109102 99.275717066128777 -690.76566298863963 -509.58894351700053 -17.376854534150361 -250.47790428955369 21.296403468972027 -0.28659243820607133 11.315328886162025 -4.0433345355849362 110.40538682584116 -634.16168778096267 518.50939112578237 125.2658239344027 -3.7046027969940254 -26.463075097604349 -51.306450115944557 -275.43317616563525 486.92488872077911 -669.2281022986765 452.50122291718804 177.12512134453777 42.807993606028532 -3.8469822025812839 44.825359012722132 6.2274376816974772 -7.7702317696525327 146.39185985119929 1.9161727961725976 115.19891453946832 -15.348439286855857 -52.409508312902453 11.680612978177358 -37.329591450994613 -152.3429954798618
leaf_weight=6018134.1431713104 182 34 26 23 21 32 22 27.000288009643555 36 29 28 24 21 25 24 20 20 21 39 26 20 98 34 39 3183411.8416919708 14137.005184173584 45953.030132293701 57 20 25 392 4580.0037441253662 112 20 30 31 26 29 93 1213.0011520385742 24189.008352279663 824.00057601928711 73308.144580841064 995 175 289152.17450332642 83 10906.014017105103 148 7557.0060482025146 826.00115203857422 24
leaf_count=1858416 182 34 26 23 21 32 22 20 36 29 28 24 21 25 24 20 20 21 39 26 20 98 34 39 801107 14011 45225 57 20 25 392 4489 112 20 30 31 26 29 93 1185 23986 810 69794 995 175 260605 83 10598 148 7410 798 24
internal_value=-0.000146086 33.4696 79.0732 257.415 114.034 336.896 8.66829 -74.235 -1.01836 137.194 -105.083 -8.48429 -108.651 -301.906 -29.3085 185.406 -127.107 -56.7122 -202.888 -453.619 -278.996 33.2233 -0.00290639 -105.275 -0.00211192 0.193453 -0.390565 0.017107 9.9911 17.7345 79.8021 -7.11078 -109.728 -342.806 13.9741 91.0363 22.0594 140.355 66.7232 12.304 2.83443 3.26123 6.91 31.0007 62.6192 2.35429 1.69852 -6.21175 -7.13037 7.91568 -24.5994 189.914
internal_weight=9.67732e+06 798 530 150 127 66 380 231 204 149 168 140 116 70 49 46 61 268 86 47 41 127 9.67652e+06 73 9.67645e+06 6.43618e+06 3.24027e+06 6.03332e+06 15183 10451 597 4732 152 40 9854.01 209 178 152 123 9645.01 402863 378674 75385.1 2077 999.001 303289 1078 56859 205 8432.01 875.001 49
internal_count=3101558 791 523 150 127 66 373 224 204 149 168 140 116 70 49 46 61 268 86 47 41 127 3100767 73 3100694 2243764 856930 1873305 14889 10248 597 4641 152 40 9651 209 178 152 123 9442 370459 346473 71857 2063 985 274616 1078 55823 205 8257 847 49
is_linear=0
shrinkage=0.147491


Tree=39
num_leaves=53
num_cat=0
split_feature=8 4 8 7 4 14 3 14 8 8 14 4 7 6 6 8 4 14 7 5 7 7 14 3 10 8 3 6 7 7 4 8 14 4 5 8 10 3 10 10 7 10 2 6 10 3 7 14 10 7 4 14
split_gain=1.40028e+09 1.18992e+09 2.5891e+08 1.65412e+08 1.15146e+08 9.13314e+07 7.90287e+07 6.04772e+07 8.55827e+07 1.13209e+08 1.15064e+08 5.66962e+07 7.75515e+07 1.60603e+08 6.67872e+07 5.46088e+07 9.20787e+07 9.59204e+07 8.06096e+07 7.59146e+07 5.29028e+07 5.1706e+07 5.11003e+07 4.91306e+07 4.24841e+07 4.05484e+07 8.13137e+07 6.09849e+07 6.43185e+07 4.24521e+07 3.64426e+07 3.45823e+07 2.17902e+08 1.75615e+08 8.03452e+07 3.17998e+07 8.06291e+07 3.83862e+07 3.09641e+07 3.0655e+07 5.98033e+07 5.74231e+07 5.91097e+07 5.058e+07 7.55816e+07 3.94122e+07 3.90464e+07 3.85944e+07 6.40011e+07 3.81559e+07 3.79382e+07 3.76538e+07
threshold=0.0025795000000000006 0.8177930000000001 0.00089250000000000017 0.93469650000000015 0.91397700000000015 0.00027550000000000008 0.0012825000000000002 0.010433000000000001 0.95254850000000013 0.92513900000000004 0.054875500000000008 0.0095605000000000013 0.0005015000000000001 0.00049950000000000005 0.00032350000000000006 0.96228150000000012 0.92730450000000009 0.046726000000000011 0.88436850000000011 0.92514000000000018 0.00029950000000000002 0.88436850000000011 2.5000000000000002e-06 0.00078450000000000015 0.0046415000000000007 7.4500000000000008e-05 4.4500000000000004e-05 2.0500000000000004e-05 1.5500000000000004e-05 1.0000000180025095e-35 6.2500000000000015e-05 0.92513900000000004 0.025577000000000006 0.23513350000000002 0.19902250000000002 0.0039975000000000002 0.0012905000000000002 0.0042350000000000009 0.0011155000000000004 0.00087050000000000007 0.00054250000000000012 0.0055850000000000006 0.0014655000000000002 0.0014675000000000003 0.00031050000000000007 0.0026715000000000007 0.0021545000000000006 7.5000000000000002e-06 0.015147000000000002 0.00082150000000000007 0.00055250000000000015 1.2500000000000001e-05
decision_type=2 2 2 2 2 2 2 2 2 2 2 2 2 2 2 2 2 2 2 2 2 2 2 2 2 2 2 2 2 2 2 2 2 2 2 2 2 2 2 2 2 2 2 2 2 2 2 2 2 2 2 2
left_child=2 11 5 4 7 23 -7 -3 9 10 -9 12 14 -14 -2 16 21 -18 -17 -19 -4 -6 -16 25 -22 27 30 -1 -29 -28 -27 32 34 -34 -13 38 -37 -38 -24 43 -41 42 -42 44 -15 46 -45 48 49 -43 -44 -48
right_child=1 3 20 -5 15 6 -8 8 -10 -11 -12 31 13 39 22 18 17 19 -20 -21 24 -23 35 -25 -26 26 29 28 -30 -31 -32 -33 33 -35 -36 36 37 -39 -40 40 41 47 50 45 -46 -47 51 -49 -50 -51 -52 -53
leaf_value=-0.31176038161959035 6.0644788238417942 15.726346499524521 16.390407561889813 -80.167168868455349 353.28252482681501 130.47906774582566 24.530063635096113 230.50435252831437 48.886000052491511 303.59511079849352 -6.2388473867481604 22.315281809950449 -11.012563239710769 -30.545220823533842 8.3469611040141896 413.91444830492702 305.74293433821379 152.72720524913493 181.38039157995547 -53.124409139517745 3.2486214954720221 208.41580429034445 10.331965496923285 -9.6001941005848686 -4.5768934827186385 4.1316445338343399 -2.9609043144909855 13.307143127705896 1.8892600964258437 0.51220277807510439 103.12843639419536 -31.434166514074235 -57.068607922669457 291.49056026182285 -163.74529134650095 36.544358430902086 -44.173749192984218 -0.30202860813360277 19.778771498284524 13.104269018123595 28.460270099099223 -9.9238651416445745 -4.4678115584958036 -19.621873685657508 11.400156548724437 12.82330876722178 47.556527447712682 11.149698448208959 -1.9245995216109169 75.957361279493611 4.8059915323517242 -17.432306621502647
leaf_weight=8721573.5777816772 11816.010656356812 52 3456.0034561157227 32 39 98 480.00028800964355 49 74 61 46 3902.0023040771484 4915.0034561157227 762 9588.0023040771484 35 24 47 34 37 251871.26058578491 106 4787.0034561157227 6485.0135364532471 8284.0054721832275 66374.065052032471 45129.196346282959 7043.0092163085938 29993.18634223938 413300.20477485657 43.000576019287109 131 23 61 27 669 278 1351.0009536743164 24759.011322021484 13681.007558822632 975.00028800964355 70.000288009643555 8053.002592086792 143 1426.0002880096436 19281.015930175781 923.00028800964355 1945.0008640289307 271 410 13906.010656356812 116
leaf_count=2213705 11557 52 3372 32 39 98 473 49 74 61 46 3846 4831 762 9532 35 24 47 34 37 245592 106 4703 6156 8151 64806 40383 6819 25464 359888 29 131 23 61 27 669 278 1330 24486 13506 968 63 7990 143 1419 18896 916 1924 271 410 13647 116
internal_value=1.32052e-05 11.3107 -0.147857 158.004 170.627 -0.24214 42.4958 120.452 144.126 189.297 115.879 10.56 10.1334 7.69563 13.1951 214.563 191.421 116.24 299.373 62.0547 3.175 247.403 15.2286 -0.244799 2.99944 -0.238264 0.679705 -0.293272 4.06056 0.170298 4.19576 22.9251 24.6998 196.036 21.036 17.3006 5.11701 -7.78955 18.2482 9.17963 7.36422 4.30022 2.55524 12.3303 -3.20774 13.9917 33.05 19.1439 39.8471 63.4314 1.405 40.3001
internal_weight=9.67904e+06 124905 9.55413e+06 636 604 9.29052e+06 578 282 230 156 95 124269 120125 66877 53248 322 253 108 69 84 263611 145 41432 9.28994e+06 260155 9.28346e+06 524846 8.75861e+06 37036.2 458429 66417.1 4144 4013 84 3929 31844 2298 1629 29546 61962 39311 25630 22934 22651 2188 20463 1182 2696 751 480 21959 1039
internal_count=3098077 123141 2974936 636 604 2717821 571 282 230 156 95 122505 118417 65862 52555 322 253 108 69 84 257115 145 40998 2717250 253743 2711094 465106 2245988 32283 400271 64835 4088 3957 84 3873 31466 2277 1608 29189 61031 38779 25273 22605 22252 2181 20071 1175 2668 744 473 21637 1032
is_linear=0
shrinkage=0.107521


Tree=40
num_leaves=53
num_cat=0
split_feature=8 0 11 0 11 11 14 11 11 15 15 8 11 14 14 0 15 15 15 0 8 14 11 0 8 15 10 14 0 13 15 15 13 15 11 10 14 14 15 0 11 13 8 2 13 14 13 2 14 15 13 13
split_gain=3.16909e+09 2.75714e+09 1.70478e+09 1.74784e+09 7.4569e+08 9.85009e+08 9.78858e+08 8.44853e+08 6.24237e+08 5.55855e+08 1.12497e+09 5.12052e+08 3.93424e+08 7.41888e+08 5.01187e+08 7.62271e+08 3.07711e+08 2.78881e+08 2.59222e+08 2.20326e+08 2.14454e+08 8.0116e+08 2.00561e+09 5.25568e+08 1.65304e+08 1.74415e+08 1.95699e+08 1.65979e+08 1.54357e+08 1.33535e+08 1.61842e+08 1.23112e+08 1.81744e+08 9.82841e+07 9.31906e+07 8.45235e+07 8.24455e+07 4.0017e+08 1.29894e+08 9.23977e+07 7.59846e+07 6.91676e+07 1.14065e+08 6.5879e+07 8.60149e+07 9.07595e+07 7.04833e+07 7.12532e+07 6.28211e+07 6.16793e+07 7.71434e+07 5.15327e+07
threshold=0.0020865000000000002 0.91397700000000015 0.00037450000000000005 0.92730450000000009 0.94009900000000013 0.00040950000000000009 0.054875500000000008 0.00044050000000000008 0.22499750000000004 0.041114000000000005 0.00016050000000000003 0.00086150000000000018 0.94009900000000013 0.025577000000000006 0.046726000000000011 0.71441150000000009 0.048364000000000011 0.049698500000000007 0.052283000000000003 0.8177930000000001 0.92074100000000014 0.21783400000000003 0.00041450000000000005 0.23513350000000002 0.0033935000000000002 0.00015450000000000004 0.0099485000000000025 0.00019300000000000003 0.027071500000000002 -0.0065854999999999985 1.1500000000000002e-05 0.051539000000000008 -0.88436849999999989 0.018882500000000007 5.9500000000000003e-05 0.0046415000000000007 0.010433000000000001 0.013005500000000001 0.0018365000000000002 0.17083400000000001 0.00041450000000000005 -0.016259999999999997 0.012526000000000001 0.0019355000000000004 0.00026350000000000006 1.0000000180025095e-35 -0.00075049999999999997 0.00061250000000000009 0.00069950000000000014 1.0000000180025095e-35 -0.0010704999999999996 -0.00029849999999999994
decision_type=2 2 2 2 2 2 2 2 2 2 2 2 2 2 2 2 2 2 2 2 2 2 2 2 2 2 2 2 2 2 2 2 2 2 2 2 2 2 2 2 2 2 2 2 2 2 2 2 2 2 2 2
left_child=11 8 3 -3 5 6 -4 -7 20 10 -9 48 13 36 -15 33 -17 -11 -6 -14 23 22 -22 24 -2 26 27 29 -27 41 -31 -19 -33 -16 -13 43 39 -38 -39 -10 -23 -26 -43 44 45 46 -36 -48 -1 -47 -51 -52
right_child=1 2 4 -5 18 7 -8 9 12 17 -12 34 19 14 15 16 -18 31 -20 -21 21 40 -24 -25 25 28 -28 -29 -30 30 -32 32 -34 -35 35 -37 37 38 -40 -41 -42 42 -44 -45 -46 49 47 -49 -50 50 51 -53
leaf_value=-0.17374300251528574 5.3753749664167234 169.51047573203076 146.14070155281738 722.01643740245083 -197.61430712399266 506.2598075707437 -233.5459449746663 228.66894821684116 54.183377480120967 384.26741366068006 -256.78285092541631 -2.3198660795038322 61.015972040660451 366.40323248019411 56.872252355971916 367.1951628871106 114.82251053794417 110.18986273857996 23.067303812212621 -54.19342682483903 453.76132385573095 -117.81964282978004 -79.324064073542033 -164.62590796034715 40.921155316439062 -20.574553309205605 34.949247881121174 -4.1132092980960762 16.272030287243744 9.3678426667439663 -4.367691902248513 131.89871749266476 331.53709513645242 -89.839135805315166 13.76491712398149 -2.885314319487517 226.98539920185121 -56.408013117915026 66.211408988473323 -79.389941195056579 3.4884497645297894 18.176471656725688 -28.815744691471838 -1.9647237510610593 10.248068477039297 4.7356586765032738 12.048180483865211 1.2031209652432937 17.951995594468098 5.2636734571271875 -0.74824272151142568 2.896785991046714
leaf_weight=9283086.3975219727 86588.049768447876 36 38 24 23 20 31 28 23 22 21 11238.089282989502 84.000288009643555 31 24 31 20 34 32 83 35 34 36 45 315 920.00057601928711 734 2369.0023040771484 415 49152.024282455444 2257.0014400482178 22 24 22 1166.0002880096436 7496.0040321350098 26 45 42 30 21 3454.0014400482178 135 7927.0043201446533 3723.0021057128906 55762.03212928772 1547.0017280578613 102379.1067943573 481 16380.007577896118 18599.009504318237 20524.014541625977
leaf_count=2706902 85398 36 38 24 23 20 31 28 23 22 21 9068 77 31 24 31 20 34 32 83 35 34 36 45 315 906 734 2313 415 48564 2222 22 24 22 1159 7398 26 45 42 30 21 3419 135 7822 3674 54992 1505 99803 481 16198 18368 20188
internal_value=-2.10692e-05 7.29987 146.905 390.585 97.3312 135.503 -24.4422 200.044 6.96265 159.451 20.6101 -0.112868 65.2339 100.154 190.88 134.753 268.254 226.141 -69.223 3.75665 6.77929 72.1808 183.481 6.72299 6.77569 8.80496 9.21461 8.88713 -9.1201 9.44393 8.76481 182.612 236.103 -13.2823 2.1422 2.35513 30.1885 54.3927 2.78836 -21.4162 -71.494 18.3867 16.4087 2.52742 2.68922 2.55915 1.50215 1.36456 -0.172804 3.55751 2.37386 1.16394
internal_weight=9.67763e+06 147326 355 60 295 240 69 171 146971 151 49 9.53031e+06 461 294 128 97 51 102 55 167 146510 126 71 146384 146339 59751 58416 57682 1335 55313 51409 80 46 46 246741 235503 166 113 87 53 55 3904 3589 228007 220080 216357 105092 103926 9.28357e+06 111265 55503 39123
internal_count=3092959 145401 355 60 295 240 69 171 145046 151 49 2947558 454 294 128 97 51 102 55 160 144592 126 71 144466 144421 59023 57702 56968 1321 54655 50786 80 46 46 240175 231107 166 113 87 53 55 3869 3554 223709 215887 212213 102467 101308 2707383 109746 54754 38556
is_linear=0
shrinkage=0.0501557


Tree=41
num_leaves=53
num_cat=0
split_feature=3 0 9 9 9 9 9 3 16 16 16 16 16 16 15 9 16 16 0 7 15 4 16 13 9 16 16 0 13 15 0 16 3 16 13 3 16 16 3 1 16 16 16 3 15 15 9 1 7 15 4 16
split_gain=2.97196e+08 2.06845e+08 3.44894e+08 4.24408e+08 2.73892e+08 2.60751e+08 1.76565e+08 4.94894e+08 3.93532e+08 3.83782e+08 3.80959e+08 3.71544e+08 2.2043e+08 3.49896e+08 1.36308e+08 1.43371e+08 1.3119e+08 1.29418e+08 1.25381e+08 3.83723e+08 1.58586e+08 5.40058e+07 4.24604e+07 3.69382e+08 1.22145e+08 7.88116e+07 7.41318e+07 5.97678e+07 5.85977e+07 5.20912e+07 5.05426e+07 4.67749e+07 4.42726e+07 4.08948e+07 3.85557e+07 7.98718e+07 4.46364e+07 3.76279e+07 4.747e+07 4.38713e+07 3.74303e+07 6.50039e+07 2.76495e+08 2.32245e+08 1.21537e+08 7.3186e+07 2.96533e+08 9.03631e+07 5.57896e+07 4.84478e+07 3.55284e+07 3.50995e+07
threshold=0.0023025000000000003 0.71441150000000009 0.011022500000000003 0.010303000000000001 0.0077630000000000017 0.0081290000000000025 0.00080950000000000022 0.75452300000000017 5107.0000000000009 5206.5000000000009 7674.0000000000009 5019.5000000000009 13173.500000000002 22795.000000000004 0.037011000000000009 0.0088010000000000015 2617.5000000000005 2101733.0000000005 0.91397700000000015 0.88436850000000011 0.00016950000000000003 0.00037250000000000006 35370.500000000007 -0.00041249999999999994 0.0011145000000000003 34066.000000000007 17693.500000000004 0.0023120000000000003 -0.00025849999999999994 1.2500000000000001e-05 0.00078750000000000011 41509.000000000007 4.9500000000000004e-05 26248.500000000004 -0.00074149999999999986 0.0012815000000000003 19373.500000000004 1331136.0000000002 0.0033805000000000003 0.0011645000000000004 102227.50000000001 2684.0000000000005 2518.5000000000005 0.31883150000000005 6.5000000000000013e-06 0.0034125000000000002 0.00019250000000000004 0.19902250000000002 0.00059350000000000017 0.00015450000000000004 0.0095605000000000013 337093.00000000006
decision_type=2 2 2 2 2 2 2 2 2 2 2 2 2 2 2 2 2 2 2 2 2 2 2 2 2 2 2 2 2 2 2 2 2 2 2 2 2 2 2 2 2 2 2 2 2 2 2 2 2 2 2 2
left_child=21 17 3 4 6 -6 9 8 -8 11 -11 16 -12 -14 -7 -16 -3 37 20 -20 -15 -1 23 27 -25 26 30 34 -28 31 -26 -24 -33 -30 -23 -36 -37 40 -39 -40 41 42 44 45 -2 47 -47 48 -43 50 -42 -31
right_child=1 2 -4 -5 5 14 7 -9 -10 10 12 -13 13 18 15 -17 -18 -19 19 -21 -22 22 29 24 25 -27 28 -29 33 51 -32 32 -34 -35 35 36 -38 38 39 -41 49 43 -44 -45 -46 46 -48 -49 -50 -51 -52 -53
leaf_value=-0.13536793146319687 131.87807324766115 260.5673573082392 -490.53083536863699 715.76032850954812 -574.52960552466209 -228.22281842162721 219.45698593315484 -41.483152896086281 1095.6367876296272 577.60198409830673 -237.17191751590832 -692.74511821825297 529.13298867421179 -396.86484023039412 340.58562632117503 -92.108203574119713 -162.1300336456726 -3.1752733722305311 566.94114381205338 56.998811501373595 45.053445129198309 -13.649470520637564 -48.173072702746509 -14.877770619656475 84.04237551488859 219.10875313273036 14.994382812214416 53.626087796546948 -84.738021911921933 23.704016015832618 182.88487079222605 24.254281187503054 0.91427408638122831 92.714879710061766 3.8175235545889112 257.98391953698052 32.123672168022708 -0.98100000562133782 80.760493593057816 9.024613673776523 11.031821853421203 -150.49756040552728 501.13256448872755 -330.74645959091487 -238.57412052953427 13.169196730947787 596.88284309812423 -253.92905023333739 -0.68113318739220752 -24.301364276366954 29.451231856860478 6.399051851104864
leaf_weight=9370121.4714164734 39 22 20 21 20 38 20 39 20 36 34 21 39 20 28 32 41 22736.019617080688 35 162.00028800964355 76 4946.0132484436035 376.00086402893066 370 778 69 628.00057601928711 334 27 2816.0020160675049 116 1602.0017280578613 156106.23509979248 408 2108.0020160675049 38 31 15608.005472183228 168 16419.00892829895 61083.029376983643 49 26 42 31 112 20 28 4504.0017280578613 740.00057601928711 2114.0014400482178 12174.004320144653
leaf_count=2792019 39 22 20 21 20 38 20 39 20 36 34 21 39 20 28 32 41 22281 35 155 76 4624 355 370 778 69 614 334 27 2767 116 1560 150429 408 2059 38 31 15475 168 16202 60369 49 26 42 31 112 20 28 4462 726 2079 12069
internal_value=-0.000613225 6.78166 81.2259 97.4793 78.4558 -115.088 118.88 312.542 657.68 87.393 144.134 -184.126 101.479 136.171 -21.2668 109.821 -14.4985 6.346 83.844 147.628 -47.0409 -0.0889628 2.28805 11.2074 58.9208 72.3989 67.2246 -4.12327 42.2911 1.78027 96.8701 1.03404 1.15137 81.6961 -6.83133 8.65877 156.527 8.4897 4.54833 9.75135 10.3344 -1.49499 112.292 -3.79276 -32.1758 -0.878099 101.659 -3.83306 -2.29419 11.2319 11.648 9.64999
internal_weight=9.67749e+06 124443 724 704 683 118 565 79 40 486 402 84 366 332 98 60 63 123719 293 197 96 9.55305e+06 182927 9853.02 2396 2026 1957 7457.02 1063 173074 894 158084 157708 435 7123.02 2177 69 100983 32195 16587 68788 4851 96 4755 70 4713 132 4581 4553 63937 63197 14990
internal_count=3091493 122826 717 697 676 118 558 79 40 479 395 84 359 325 98 60 63 122109 286 190 96 2968667 176648 9468 2382 2012 1943 7086 1049 167180 894 152344 151989 435 6752 2128 69 99828 31845 16370 67983 4809 96 4713 70 4671 132 4539 4511 63174 62448 14836
is_linear=0
shrinkage=0.139685


Tree=42
num_leaves=53
num_cat=0
split_feature=8 8 9 16 16 9 2 8 8 16 16 16 2 9 8 9 16 9 11 2 16 16 14 9 15 14 16 8 16 9 14 14 16 9 15 8 16 14 16 2 14 2 14 4 16 2 15 16 4 11 14 9
split_gain=5.93578e+08 4.49618e+08 3.02296e+08 3.35239e+08 2.47031e+08 2.45519e+08 1.62801e+08 2.48186e+08 5.56138e+08 3.18577e+08 2.57118e+08 5.05184e+08 2.9455e+08 2.4435e+08 5.82577e+08 6.10956e+08 4.92903e+08 7.57231e+08 1.97697e+09 1.64154e+09 3.46974e+08 7.97685e+08 2.17599e+08 2.04982e+08 1.80721e+08 1.31867e+08 2.15642e+08 1.2904e+08 2.03124e+08 1.20548e+08 1.14644e+08 1.09364e+08 1.06968e+08 1.06938e+08 1.05811e+08 1.02822e+08 1.16718e+08 1.1149e+08 9.57163e+07 7.7685e+07 7.16318e+07 7.10594e+07 1.28829e+08 7.87532e+07 7.04161e+07 6.87505e+07 9.04676e+07 6.67987e+07 8.79851e+07 7.8582e+07 6.5704e+07 5.99169e+07
threshold=0.21473850000000003 0.0010615000000000002 0.010637000000000002 4915.5000000000009 2313.5000000000005 0.0097530000000000013 0.95353650000000012 0.96228150000000012 0.95254850000000013 5165.0000000000009 22795.000000000004 5206.5000000000009 0.59831400000000012 0.0035065000000000005 0.92513900000000004 0.0015215000000000003 2664.0000000000005 0.00018450000000000001 0.00037550000000000002 0.90392850000000002 34351.500000000007 5107.0000000000009 0.054875500000000008 0.0079535000000000005 0.0019730000000000004 0.00027550000000000008 308590.50000000006 0.0032045000000000003 2203770.5000000005 0.00036850000000000007 1.2500000000000001e-05 0.00019300000000000003 74482.000000000015 0.00033950000000000007 3.3500000000000008e-05 0.0054295000000000012 2874434.0000000005 5.5000000000000007e-06 488101.50000000006 0.0016665000000000002 2.5500000000000003e-05 0.0019895000000000004 9.4500000000000007e-05 0.00032150000000000006 953292.00000000012 0.012439 0.0019730000000000004 26902.500000000004 0.0023980000000000004 0.00021650000000000003 0.0011285000000000004 6.2500000000000015e-05
decision_type=2 2 2 2 2 2 2 2 2 2 2 2 2 2 2 2 2 2 2 2 2 2 2 2 2 2 2 2 2 2 2 2 2 2 2 2 2 2 2 2 2 2 2 2 2 2 2 2 2 2 2 2
left_child=1 25 4 -4 -2 6 7 8 13 29 11 12 -9 14 15 22 -16 18 -18 -19 21 -15 33 -23 -24 -1 50 30 34 -10 44 41 -22 -6 39 37 -37 -30 -33 -29 -39 43 -43 -32 47 -36 -47 48 -3 -49 -27 -46
right_child=2 27 3 -5 5 -7 -8 10 9 -11 -12 -13 -14 20 16 -17 17 19 -20 -21 32 23 24 -25 -26 26 -28 28 35 -31 31 38 -34 -35 45 36 -38 40 -40 -41 -42 42 -44 -45 51 46 -48 49 -50 -51 -52 -53
leaf_value=-0.068197555766214155 -132.08259985999055 -1.6096628435622213 -224.14754170729429 49.617728302534644 11.047605028278953 219.76732946388086 -65.489219640473351 191.84126910361951 76.339945923505695 -197.11879700133781 -1.6393261937188803 320.04888592963499 -76.998082562869541 122.17125910913283 -109.69474028579623 264.31301294240006 291.28416938074997 452.99621710344007 -133.38992475761995 37.871196194150635 173.89045039177756 -324.49932463844465 -146.74426644403783 -110.32613784083314 9.2826040362172932 -36.02345451003783 75.182500026922682 -4.3090897176182175 0.94113138154651932 -77.860764628117934 -3.3541348508132516 -52.803480572556538 26.321196586057656 71.752563402740705 -7.6755984781722777 23.708526535864056 -15.820615390354652 -11.412610282455278 51.618278232567235 5.742602105555827 8.2582536799558124 -9.5061843267580599 91.432041681564584 12.45613518450735 7.2548524189992953 11.607608386506021 -69.516751658635599 10.416781109174314 68.65373552359533 2.5412245897406334 14.929757517209056 0.44709372300911804
leaf_weight=9361174.1766624451 20 10948.042049407959 23 22 221 20 34 20 25 36 31 32 21 29 20 26 51 50 60 46 21 22 35 23 40 78 152 2004.002592086792 5819.0052547454834 26 4393.0046081542969 26 30 109 2620.0020160675049 714 255.00028800964355 4385.0024833679199 146 55494.025632858276 521 4888.0002880096436 32 967 3351.0023040771484 867.00057601928711 36 3289.0020160675049 45 102909.06307411194 346 110324.07910728455
leaf_count=2767244 20 9926 23 22 221 20 34 20 25 36 31 32 21 29 20 26 51 50 60 46 21 22 35 23 40 78 152 1941 5700 26 4281 26 30 109 2571 714 248 4329 146 54871 521 4881 32 967 3295 853 36 3240 45 101376 346 108434
internal_value=7.33812e-05 -0.00410163 36.9589 -90.3086 42.4254 45.8225 42.3684 46.1346 37.3799 -82.9102 119.357 170.743 54.1628 50.747 62.9589 28.7077 127.986 150.96 61.7408 254.102 -13.533 -82.9006 13.574 -215.072 -63.5331 -0.0667209 23.93 1.86266 3.71482 -2.27369 1.30456 -3.83328 87.104 31.1007 4.87528 -2.34062 13.3057 -3.75429 35.828 5.39226 -9.32357 -4.49694 -8.84939 -0.501741 1.53717 -3.56222 8.37217 2.39987 -1.32194 2.78514 5.55512 0.647781
internal_weight=9.67688e+06 9.67578e+06 1093 45 1048 1028 1008 974 870 87 104 73 41 783 658 431 227 207 111 96 125 74 405 45 75 9.36175e+06 576 314033 72715 51 241318 10452 51 330 61021 11694 969 10725 172 57498 4906 10280 4920 5360 230866 3523 903.001 117191 10993 106198 424 113675
internal_count=3077346 3076253 1093 45 1048 1028 1008 974 870 87 104 73 41 783 658 431 227 207 111 96 125 74 405 45 75 2767820 576 308433 71784 51 236649 10333 51 330 60272 11512 962 10550 172 56812 4850 10161 4913 5248 226316 3460 889 114587 9971 104616 424 111729
is_linear=0
shrinkage=0.0501557


Tree=43
num_leaves=53
num_cat=0
split_feature=8 13 9 9 13 9 12 14 9 14 9 12 9 9 12 5 9 9 9 9 3 3 13 9 12 8 14 14 3 8 3 8 13 8 13 8 14 3 3 12 14 13 3 3 9 12 9 3 3 8 3 14
split_gain=1.62626e+08 1.34709e+08 2.0178e+08 1.00192e+08 8.03288e+07 6.34592e+07 3.6162e+08 9.28768e+07 2.73403e+08 5.32247e+08 3.45291e+08 1.10752e+08 2.52183e+08 1.41232e+08 1.46107e+08 3.12124e+08 2.00449e+08 1.40321e+08 1.17017e+08 3.66927e+08 1.11615e+08 1.02994e+08 1.12443e+08 5.16323e+07 5.91081e+07 4.23945e+07 3.70574e+07 3.68746e+07 6.12711e+07 3.54477e+07 5.37649e+07 7.46575e+07 7.19834e+07 6.32198e+07 3.37299e+07 6.33636e+07 6.01724e+07 5.12434e+07 4.54773e+07 3.32111e+07 3.1751e+07 7.28784e+07 5.83933e+07 3.46133e+07 6.5117e+07 3.27531e+07 3.13078e+07 2.99261e+07 4.17012e+07 5.67161e+07 2.98704e+07 2.73261e+07
threshold=0.0026315000000000006 -0.16861499999999999 0.010637000000000002 0.011401500000000004 -0.93469649999999993 0.0089820000000000021 -0.032569999999999995 0.054875500000000008 0.0015215000000000003 0.025577000000000006 0.0005905000000000002 -0.0039964999999999992 0.0038355000000000008 0.0074715000000000007 -0.016860499999999997 0.91422250000000005 0.00018050000000000002 0.0081640000000000011 0.00080950000000000022 0.00037550000000000007 0.48583150000000003 0.75452300000000017 -0.88436849999999989 0.00017950000000000005 -0.0066269999999999992 0.25019750000000002 1.5000000000000002e-06 0.00019300000000000003 0.0020720000000000005 0.00097550000000000013 0.0018735000000000004 0.0021225000000000007 0.00030250000000000009 0.0019175000000000002 -0.00023349999999999996 0.0017340000000000001 1.0000000180025095e-35 0.00098250000000000008 0.00098250000000000008 -0.0049834999999999992 6.5000000000000013e-06 -0.0009214999999999999 0.0010175000000000002 0.00075350000000000015 0.00076150000000000013 -0.00082449999999999982 0.00020350000000000004 0.0012305000000000003 0.0015495000000000003 0.0021365000000000004 0.00079650000000000012 1.5000000000000002e-06
decision_type=2 2 2 2 2 2 2 2 2 2 2 2 2 2 2 2 2 2 2 2 2 2 2 2 2 2 2 2 2 2 2 2 2 2 2 2 2 2 2 2 2 2 2 2 2 2 2 2 2 2 2 2
left_child=27 2 4 -4 -2 7 -7 8 10 -10 21 13 -13 14 15 18 -16 -15 19 -9 -20 -6 23 24 -23 26 -3 29 -29 -1 32 -32 34 -34 35 40 37 50 -38 -25 41 45 -42 44 -43 -31 -27 -37 -49 -50 -36 -47
right_child=1 25 3 -5 5 6 -8 11 9 -11 -12 12 -14 17 16 -17 -18 -19 20 -21 -22 22 -24 39 -26 46 -28 28 -30 30 31 -33 33 -35 36 47 38 -39 -40 -41 42 43 -44 -45 -46 51 -48 48 49 -51 -52 -53
leaf_value=-0.089971196479162546 -119.77784024733192 56.191871802449953 -365.13171771261671 -13.967873434482094 -140.06911521739582 428.82203909003408 -172.99855762199985 112.56305708463212 -21.748300294066645 744.03362911124486 -384.67657891427979 -433.53723012371563 123.48275528634693 -339.29841622755833 24.194508958900371 -392.32112603653786 526.6255694536253 18.791270438952751 62.459522378560109 -262.67748915392059 424.79542606098408 53.182958201962542 295.15200406174813 63.273409661075306 240.7584314759122 -34.022568080950926 3.8226362998125012 74.338244915062461 2.5579244283941627 17.324135397328735 -22.535529368352751 -1.6343233714343173 15.160024580464968 89.281076828574101 55.555227199185502 -6.6299779585421463 19.031696006720242 -3.2602338183372908 4.4901006505580945 -104.32167214592567 8.9852833547208508 -2.9502485170880233 -22.817990436519242 -6.8142876274527131 26.053287767295128 12.041709423682992 -210.24263971204385 13.053934901599579 -0.81551597259584363 14.308131986975695 3.0610252930737079 -1.1086921743065465
leaf_weight=9321990.3552570343 31 179 22 21 21 33 22 192 24 24 21 21 22 23 21 20 21 39 22 42 23 46 42 54 43 40 120643.07974052429 234.00028800964355 480.00028800964355 2446.0002880096436 2605.0011520385742 17108.009792327881 3129.0023040771484 160 144 3131.0054721832275 2976.0028800964355 29929.046728134155 64675.04229927063 22 1096.0043201446533 5525.0423374176025 2519 25645.023904800415 1257.0005760192871 2892.0028800964355 20 6739.0017280578613 14842.005184173584 4211.0008640289307 33401.026010513306 7541.0023040771484
leaf_count=2746611 31 179 22 21 21 33 22 192 24 24 21 21 22 23 21 20 21 39 22 42 23 46 42 54 43 40 118718 227 473 2439 2577 16870 3073 160 144 2998 2906 28802 63660 22 991 4496 2519 25064 1243 2822 20 6697 14716 4190 32771 7485
internal_value=0.000157681 4.17717 49.2212 -193.662 61.8233 68.8807 188.081 60.0537 109.885 361.183 61.4262 26.8673 -148.56 45.5906 74.6247 46.4023 275.464 -114.068 77.8705 45.1993 247.698 102.536 127.16 84.3797 143.828 3.85223 3.90023 -0.0530694 26.0836 -0.0550228 1.34941 -4.39637 1.88304 18.7662 1.61731 -0.279209 2.74321 0.199552 5.1298 14.7462 -2.80236 -1.97466 -13.1757 -4.88183 2.42531 5.34506 -92.7911 3.9885 5.27754 2.52702 3.2864 2.53653
internal_weight=9.67643e+06 121754 872 43 829 798 55 743 297 48 249 446 43 403 341 299 42 62 279 234 45 228 207 165 89 120882 120822 9.55468e+06 714.001 9.55396e+06 231971 19713 212258 3289 208969 77844.1 131125 63474.1 67651 76 48921.1 45306.1 3615 32427.1 6782.04 12879 60 28923 25792 19053 33545 10433
internal_count=3093763 119829 872 43 829 798 55 743 297 48 249 446 43 403 341 299 42 62 279 234 45 228 207 165 89 118957 118897 2973934 700 2973234 226623 19447 207176 3233 203943 75660 128283 61717 66566 76 47059 43549 3510 30803 5739 12746 60 28601 25603 18906 32915 10307
is_linear=0
shrinkage=0.115017


Tree=44
num_leaves=53
num_cat=0
split_feature=3 16 11 4 15 16 16 2 16 16 16 15 13 16 4 14 16 16 6 3 11 16 16 16 16 16 16 15 11 16 14 14 13 14 11 16 15 14 3 2 16 16 3 16 16 4 3 16 11 4 13 14
split_gain=6.18995e+07 8.29399e+07 6.50782e+07 1.80113e+08 2.59522e+08 1.35701e+08 2.25968e+08 1.64246e+08 1.49016e+08 1.40118e+08 2.05579e+08 1.22959e+08 1.59153e+08 2.29603e+08 1.22613e+08 1.11668e+08 1.83079e+08 9.86754e+07 6.28392e+07 4.75506e+07 3.27762e+08 9.83169e+08 3.46377e+08 4.65613e+08 3.35991e+08 1.80775e+08 1.60755e+08 7.50934e+07 2.30961e+08 6.47375e+07 4.18797e+07 4.22994e+07 3.93894e+07 4.9336e+07 3.48317e+07 3.34605e+07 3.30698e+07 3.61412e+07 6.65581e+07 6.81486e+07 6.76947e+07 8.31464e+07 7.09933e+07 5.56008e+07 4.59179e+07 5.78494e+07 3.48258e+07 3.37119e+07 5.0559e+07 4.03545e+07 3.27061e+07 4.4123e+07
threshold=0.0029195000000000007 2174783.5000000005 0.22499750000000004 0.92730450000000009 0.050979000000000003 2654.5000000000005 2970.5000000000005 0.50008800000000009 4915.5000000000009 134019.50000000003 109685.00000000001 0.0013710000000000003 -0.16861499999999999 14852.000000000002 0.95752500000000007 0.21783400000000003 2395.0000000000005 21962.000000000004 0.89377350000000011 0.31883150000000005 0.00041650000000000004 5231.5000000000009 8067.0000000000009 15686.500000000002 23407.500000000004 28913.500000000004 60699.500000000007 0.00010750000000000001 0.058818000000000009 96021.500000000015 3.4500000000000005e-05 5.5000000000000007e-06 -0.0075654999999999993 1.3500000000000001e-05 0.00027350000000000003 2665591.5000000005 3.3500000000000008e-05 7.5000000000000002e-06 0.0044630000000000008 0.0021210000000000001 1195496.0000000002 130167.50000000001 0.0090670000000000021 517640.50000000006 40302.000000000007 0.0082180000000000013 0.0046175000000000009 22119.500000000004 0.041046000000000006 0.027071500000000002 0.0029885000000000003 3.5000000000000004e-06
decision_type=2 2 2 2 2 2 2 2 2 2 2 2 2 2 2 2 2 2 2 2 2 2 2 2 2 2 2 2 2 2 2 2 2 2 2 2 2 2 2 2 2 2 2 2 2 2 2 2 2 2 2 2
left_child=-1 2 15 5 -5 7 -7 -4 -8 10 11 -10 13 -13 -6 19 -17 -14 -11 36 21 -21 -23 -24 -22 -25 -27 -26 -29 -28 31 34 33 -33 -3 -36 37 38 39 -2 41 -40 46 -41 -39 -46 -43 49 -49 -38 51 -45
right_child=1 30 3 4 14 6 8 -9 9 18 -12 12 17 -15 -16 16 -18 -19 -20 20 24 22 23 25 27 26 29 28 -30 -31 -32 32 -34 -35 35 -37 47 44 40 43 -42 42 -44 50 45 -47 -48 48 -50 -51 -52 -53
leaf_value=-0.033179522136448883 -63.865531849527066 40.258542677874949 -347.43718716948428 227.46658292326413 -421.55975052528549 505.85104478244267 -245.28361247332759 70.538199601835416 386.17504697128186 58.049709318199234 469.76514699578416 4.4725550911937972 9.0968591088280704 268.01094639781405 -27.920549314468801 125.18855292481662 -348.29058494700183 -328.86659918604585 -158.60513498055616 976.24599250026176 -524.56508997832634 -385.78341670471218 616.82319370724986 -298.90854212573174 -140.00014606563772 338.40595808038671 84.996523434582386 434.14032833268556 -152.2024931640432 -169.74792381686387 54.466791028684632 -76.552094133558285 -17.887582717750565 55.417587618369737 -0.06932479855410778 -21.800055477073066 -53.934106525759233 -14.617740366659753 36.956268638703655 12.938693653903181 8.042933648602915 -35.39941178205089 -0.53341245112775137 4.653505570731272 9.220329923424547 34.780553797878788 -87.367960714020541 -6.6376790165189643 -60.70738077967389 53.011333972053677 9.1533817060967024 -4.3193792283540065
leaf_weight=9577389.3379745483 237 318 26 23 36 21 22 37 23 44 27 110 47 105 20 21 36 20 43 21 26 25 26 23 33 31 43 20 24 26 191.00028800964355 57 4895.0040130615234 239 10265.011590957642 1297.0014209747314 73 1162.0008640289307 225.00057601928711 10670.00489616394 1043.0002880096436 345 372 21749.009792327881 15718.008640289307 1584.0008640289307 534 2677.0046081542969 314 267 10146.006048202515 15082.011808395386
leaf_count=3002332 237 318 26 23 36 21 22 37 23 44 27 110 47 105 20 21 36 20 43 21 26 25 26 23 33 31 43 20 24 26 184 57 4804 239 9992 1269 73 1141 211 10551 1036 345 372 21511 15508 1563 534 2565 314 267 9999 14795
internal_value=-0.000166676 3.1484 4.81762 46.5097 -132.927 73.5149 97.4489 -101.971 77.9868 94.9692 132.706 102.85 79.7245 133.185 -280.994 4.51257 -173.83 -91.8095 -49.0262 4.63583 55.4653 152.629 53.1646 126.843 -128.473 23.2179 97.3381 5.3162 114.336 -10.9941 -4.89276 -5.55698 -15.1568 29.9995 -1.36227 -2.5071 4.45153 4.97703 3.46822 4.351 -16.8169 -34.3841 -47.216 4.63148 9.9129 11.5604 -66.9718 -7.99032 -12.3144 30.046 2.74463 0.979166
internal_weight=9.67781e+06 100419 83157 604 79 525 462 63 441 419 332 305 282 215 56 82553 57 67 87 82496 298 195 174 149 103 123 100 77 44 69 17262 17071 5191 296 11880 11562 82198 78867 60403 57884 2519 1476 1251 57647 18464 17302 879 3331 2991 340 46977 36831
internal_count=3101176 98844 81981 604 79 525 462 63 441 419 332 305 282 215 56 81377 57 67 87 81320 298 195 174 149 103 123 100 77 44 69 16863 16679 5100 296 11579 11261 81022 77803 59591 57093 2498 1462 1251 56856 18212 17071 879 3219 2879 340 46305 36306
is_linear=0
shrinkage=0.12748


Tree=45
num_leaves=53
num_cat=0
split_feature=5 3 3 0 0 11 11 3 15 6 9 15 6 3 5 3 6 5 3 3 3 0 10 9 9 3 9 15 3 15 11 11 11 3 9 6 3 11 15 11 10 11 9 6 9 9 0 0 0 6 3 6
split_gain=2.64348e+11 1.95978e+11 4.35568e+10 3.43033e+10 1.67396e+10 9.24127e+09 8.95009e+09 6.26781e+09 6.22244e+09 8.43294e+09 5.32895e+09 5.41551e+09 5.01144e+09 3.0405e+09 2.8091e+09 2.9365e+09 2.11227e+09 2.12604e+09 1.75568e+09 1.31418e+09 1.15128e+09 1.1134e+09 1.08808e+09 1.06631e+09 4.65354e+09 1.24046e+09 1.0404e+09 1.02537e+09 9.93632e+08 8.82589e+08 8.67883e+08 7.2091e+08 5.10068e+08 7.42613e+08 4.84295e+08 4.48172e+08 4.25467e+08 3.84042e+08 3.49649e+08 3.39309e+08 3.25777e+08 3.2129e+08 2.79038e+08 2.63465e+08 2.59395e+08 3.86415e+08 2.29089e+08 2.13711e+08 2.02871e+08 1.62378e+08 1.57444e+08 1.49301e+08
threshold=0.67893700000000012 0.0019770000000000005 0.00043300000000000006 0.91397700000000015 0.92730450000000009 0.94009900000000013 0.00037450000000000005 0.90078350000000007 0.037011000000000009 0.89377350000000011 0.00076650000000000015 0.04813350000000001 0.0066315000000000011 0.0025050000000000007 0.19902250000000002 0.026581500000000004 0.94509250000000011 0.91422250000000005 0.0098165000000000023 0.0035410000000000003 5.6500000000000011e-05 1.5000000000000002e-06 7.2500000000000014e-05 0.0060400000000000011 0.0014745000000000003 0.31883150000000005 0.00070750000000000012 0.048364000000000011 0.00076350000000000018 0.00013200000000000004 0.036960000000000007 0.00038850000000000006 0.00037850000000000009 0.75452300000000017 0.0003765000000000001 0.0010965000000000003 0.0070510000000000008 5.4500000000000003e-05 6.5000000000000013e-06 6.4500000000000009e-05 0.0011025000000000004 0.00042550000000000004 0.008296000000000003 0.00046550000000000004 0.0094355000000000012 0.0078125000000000017 1.0000000180025095e-35 0.0032335000000000007 0.0060480000000000004 0.00026850000000000002 0.0018510000000000002 2.8500000000000005e-05
decision_type=2 2 2 2 2 2 2 2 2 2 2 2 2 2 2 2 2 2 2 2 2 2 2 2 2 2 2 2 2 2 2 2 2 2 2 2 2 2 2 2 2 2 2 2 2 2 2 2 2 2 2 2
left_child=1 2 20 5 7 8 -6 27 32 26 11 16 13 35 15 18 17 -8 -14 38 51 -21 37 24 25 -16 -10 -5 39 -24 -9 -18 -2 41 -27 40 49 -20 46 -4 -3 -34 -12 -22 45 -25 -15 -38 -48 -23 -30 -1
right_child=3 12 28 4 6 -7 10 30 9 -11 42 -13 14 19 23 -17 31 -19 22 21 43 36 29 44 -26 34 -28 -29 50 -31 -32 -33 33 -35 -36 -37 47 -39 -40 -41 -42 -43 -44 -45 -46 -47 48 -49 -50 -51 -52 -53
leaf_value=1.5115768126044653 601.62551963998203 33.223101629452863 3.3981753729776307 1530.7400660685735 1617.2378572434038 135.97543980406329 639.85339006510787 1330.7781668279283 1077.7268061083819 546.54283158299336 530.09892928384158 1525.3430112020628 73.194821577264463 12.516278280820861 -0.27544350727833905 23.97330447214059 416.82495805250039 1136.7362063424855 17.576452611275151 11.859118915561686 3.5972833453221149 71.537857310613887 164.59151541326347 50.828169236200971 806.88230642108954 338.8518658048979 1477.5030378356889 1867.6803152920306 18.617521057377758 37.558785670711941 1058.4704331628986 750.22901893978826 382.50648766635504 527.53060555094783 121.6178667798516 29.831312693041628 32.898082162344295 103.0470996337435 37.565481362110482 13.512818848346411 58.525258814475542 171.66947755455487 348.85522986982528 13.236668567184632 -13.747726542991291 291.33798291583804 49.462704860693322 102.45057492742897 61.617126907516095 57.92692763809751 25.583497045414351 5.2420614365655771
leaf_weight=8805754.6699962616 23 1630.0023040771484 6726.0570259094238 25 24 83 23 41 20 57 31 21 2411.0002880096436 278.00115203857422 39 1137.0011520385742 22 40 97 870.00201606750488 422071.00863456726 1535 1003 26 25 63 25 41 244082.25155067444 102 39 22 25 35 24 12322.013120651245 87.000288009643555 1078 4246.0019073486328 33966.054811477661 1827.0011520385742 24 27 4855.0095043182373 23 20 57968.009504318237 533 2422 44640.005184173584 5619.0034561157227 18198.221857070923
leaf_count=2247919 23 1574 5340 25 24 83 23 41 20 57 31 21 2404 250 39 1109 22 40 97 821 350066 1535 1003 26 25 63 25 41 238125 102 39 22 25 35 24 12014 80 1078 4204 32636 1799 24 27 4624 23 20 57737 533 2422 44514 5535 12808
internal_value=2.86338 2.80773 2.11275 833.812 1104.94 503.274 869.628 1443.32 649.124 879.055 773.068 921.312 52.1428 50.4183 88.7425 83.2943 802.63 955.44 97.6724 52.789 1.62023 57.9766 123.556 233.058 294.288 192.52 1300.05 1740.26 17.8027 152.866 1198.18 583.671 429.885 382.783 278.939 33.5041 58.834 95.9914 48.9798 11.841 46.5953 279.302 445.818 3.7069 99.0492 155.437 49.7786 92.6911 49.9502 58.3794 18.7743 1.51927
internal_weight=9.67633e+06 9.67568e+06 9.54127e+06 648 356 292 210 146 209 102 186 128 134406 128358 6048 5828 107 63 4691 112579 9.25088e+06 47665 2280 220 151 126 45 66 290393 1105 80 44 107 84 87 15779 46795 1175 64914 40692.1 3457 49 58 426926 69 46 60668 620 60390 46175 249701 8.82395e+06
internal_count=3031197 3030549 2897053 648 356 292 210 146 209 102 186 128 133496 127483 6013 5793 107 63 4684 112096 2615417 47483 2280 220 151 126 45 66 281636 1105 80 44 107 84 87 15387 46662 1175 64613 37976 3373 49 58 354690 69 46 60409 613 60159 46049 243660 2260727
is_linear=0
shrinkage=0.0411433


Tree=46
num_leaves=53
num_cat=0
split_feature=4 3 16 2 3 16 16 9 16 16 16 9 4 9 12 15 4 16 4 15 16 16 12 16 2 12 9 14 10 15 14 16 9 16 15 9 16 16 4 15 16 16 16 12 3 9 14 9 4 4 10 9
split_gain=1.96807e+09 1.61372e+09 4.582e+08 4.13201e+08 4.1043e+08 2.5056e+08 2.09866e+08 2.96956e+08 3.5214e+08 1.95259e+08 2.04922e+08 2.27475e+08 4.16362e+08 2.50418e+08 2.69224e+08 1.48414e+08 1.33795e+08 1.60015e+08 1.37735e+08 2.27969e+08 2.01495e+08 1.2585e+08 1.1901e+08 3.31919e+08 5.01893e+08 1.14756e+08 1.08722e+08 1.00643e+08 7.8767e+07 9.23435e+07 8.0255e+07 1.03271e+08 4.92542e+08 2.1669e+08 3.09036e+08 4.17582e+08 2.24782e+08 1.10397e+08 2.17054e+08 7.63552e+07 7.43075e+07 7.39513e+07 6.84289e+07 6.75421e+07 6.53335e+07 1.03617e+08 2.76965e+08 5.98885e+07 5.15103e+07 5.55989e+07 5.03276e+07 5.30678e+07
threshold=0.8177930000000001 0.0021820000000000003 7560.0000000000009 0.00059800000000000012 0.75452300000000017 1331633.5000000002 5231.5000000000009 0.00018650000000000003 5107.0000000000009 13173.500000000002 161042.00000000003 0.00039350000000000008 0.92730450000000009 0.00036650000000000007 -0.019394499999999999 0.050979000000000003 0.91397700000000015 106692.50000000001 0.95752500000000007 8.9500000000000021e-05 31814.000000000004 975355.50000000012 0.018189500000000001 17121.500000000004 0.034391000000000012 -0.076985499999999984 0.0081640000000000011 6.8500000000000012e-05 0.0058635000000000007 0.00015450000000000004 2.4500000000000003e-05 2684.0000000000005 0.0094355000000000012 2313.5000000000005 5.5000000000000007e-06 0.0003655000000000001 2518.5000000000005 9558.5000000000018 0.23513350000000002 0.00016950000000000003 812280.50000000012 2464782.0000000005 2464782.0000000005 -0.0032104999999999994 0.0046995000000000014 0.00077650000000000017 0.012320000000000003 0.0013625000000000002 0.00076950000000000011 0.0038680000000000003 0.0045745000000000013 0.0021735000000000005
decision_type=2 2 2 2 2 2 2 2 2 2 2 2 2 2 2 2 2 2 2 2 2 2 2 2 2 2 2 2 2 2 2 2 2 2 2 2 2 2 2 2 2 2 2 2 2 2 2 2 2 2 2 2
left_child=1 3 6 -1 25 22 7 -2 -9 -6 11 13 15 14 -11 -13 39 18 20 -20 -18 50 28 -24 -25 -4 -14 42 30 47 43 32 33 -32 35 -35 -36 38 -33 -16 44 -23 -7 48 -39 -46 -47 -30 -3 -50 51 -5
right_child=2 5 4 21 9 27 -8 8 -10 10 -12 12 26 -15 16 -17 17 -19 19 -21 -22 41 23 24 -26 -27 -28 -29 29 -31 31 37 -34 34 36 -37 -38 40 -40 -41 -42 -43 -44 -45 45 46 -48 -49 49 -51 -52 -53
leaf_value=0.35347762387185289 -287.1453796478952 88.529505978959236 418.97076258566182 6.7630588075296938 -59.755261307088873 9.7749631180477188 -200.80755417110481 67.37693534341129 648.31116891097497 736.59837543139213 -12.510729356958954 164.83274888866933 -243.34400640568418 769.03829835407487 -88.675532297477901 522.48151422604394 112.42739043484899 46.500802548882817 -49.191554831066469 492.41627498255616 549.1679099618683 3.37561130901749 -192.01925092478132 43.978766953920115 757.25773318640529 821.35346375444374 108.82494767298165 83.577146274635183 76.547304012685373 3.3212520785563964 -120.70647054514899 -21.501395890347986 -423.27190895677552 476.47063785727528 795.52340345333198 -275.75801629848638 271.163745112615 -13.010841858631363 -397.45500369537677 227.64786502357768 38.55982840384101 -6.5897708771714392 -1.9782351020523241 19.35753797651952 0.029980942511161231 33.560394969801742 353.3182116463247 25.750891963584337 -42.49632421557618 78.36250861630792 -2.6932936629050959 12.318722891036202
leaf_weight=9264833.2178554535 21 376 20 101108.08669090271 31 46639.017280578613 44 55 22 21 38 34 33 20 20 36 20 26 25 22 78 130457.09320640564 28 39.000288009643555 24 23 22 266 986.00057601928711 651.00057601928711 24 101 22 20 22 25 28 2706.0008640289307 30 27 922.00144004821777 12276.015424728394 8886.0081539154053 61245.021024703979 2470.0017280578613 798.00057601928711 43 542 121 109 6723.0023040771484 34831.029088973999
leaf_count=2645912 21 376 20 99001 31 46219 44 55 22 21 38 34 33 20 20 36 20 26 25 22 78 128196 28 32 24 23 22 266 972 637 24 101 22 20 22 25 28 2685 30 27 887 11912 8690 60734 2428 784 43 542 121 109 6667 34124
internal_value=0.692279 0.678066 216.272 0.495188 271.934 14.417 21.857 121.841 233.429 237.521 259.363 286.271 150.259 351.906 316.964 348.807 276.502 326.916 377.194 204.379 460.048 5.09554 19.2365 159.511 315.784 634.306 -102.451 8.25489 19.0573 42.0358 18.3323 6.07716 110.08 208.741 291.992 58.6098 501.985 4.00251 -107.608 93.0513 6.11018 2.51852 7.89402 19.7611 1.13769 12.7011 49.9148 58.5297 60.5396 14.7798 7.67384 8.18656
internal_weight=9.67799e+06 9.67735e+06 638 9.55023e+06 496 127123 142 98 77 453 422 384 125 259 239 70 218 171 145 47 98 285395 71332 91.0003 63.0003 43 55 55791 71241 2179 69062 7211 141 119 95 45 50 7070 131 47 6939 142733 55525 61851 6017 3311 841.001 1528 606 230 142662 135939
internal_count=3052299 3051661 638 2925812 496 125849 142 98 77 453 422 384 125 259 239 70 218 171 145 47 98 279900 70674 84 56 43 55 55175 70590 2151 68439 7099 141 119 95 45 50 6958 131 47 6827 140108 54909 61340 5940 3255 827 1514 606 230 139792 133125
is_linear=0
shrinkage=0.12275


Tree=47
num_leaves=53
num_cat=0
split_feature=0 3 6 11 9 14 11 11 11 11 11 9 11 9 9 0 0 9 6 0 11 3 7 6 14 10 7 9 14 6 14 11 10 6 10 9 14 9 9 14 11 3 0 3 14 11 10 14 11 14 7 5
split_gain=1.13835e+09 8.76313e+08 2.28299e+08 2.13097e+08 2.52758e+08 2.14539e+08 6.04157e+08 1.00701e+09 9.82543e+08 4.68867e+08 4.68725e+08 3.89927e+08 4.5123e+08 3.29298e+08 4.1237e+08 2.50379e+08 1.37866e+08 9.86134e+07 8.71997e+07 1.29981e+08 6.16497e+07 5.94245e+07 9.38359e+07 1.01492e+08 9.2702e+07 6.33179e+07 9.88137e+07 5.8881e+07 1.80193e+08 6.87337e+08 2.0812e+08 1.79741e+08 7.39768e+07 5.55719e+07 9.51633e+07 4.90714e+07 4.56001e+07 4.55274e+07 1.16546e+08 1.14533e+08 5.32519e+07 1.0716e+08 6.03356e+07 4.12433e+07 5.48471e+07 4.12273e+07 4.10537e+07 7.45894e+07 3.98399e+07 3.79203e+07 3.78714e+07 3.7682e+07
threshold=0.8177930000000001 0.0023700000000000001 0.00017350000000000002 0.94009900000000013 0.0061545000000000011 0.025577000000000006 0.00041050000000000006 0.030822500000000006 0.00038950000000000003 0.00036650000000000002 0.00037550000000000002 0.0083475000000000025 0.28534100000000007 0.0045875000000000013 0.00035050000000000006 0.92730450000000009 0.95752500000000007 0.00039350000000000008 0.9135660000000001 0.92730450000000009 0.00040950000000000009 0.005092000000000001 0.00051150000000000013 0.0005505000000000001 2.5000000000000002e-06 0.00098450000000000035 0.00057550000000000017 0.00077650000000000017 0.025577000000000006 0.49003550000000001 0.013005500000000001 0.21395850000000002 9.2500000000000012e-05 0.0015055000000000001 0.00017050000000000005 0.00036850000000000007 1.3500000000000001e-05 0.00037550000000000007 0.00036450000000000008 0.013005500000000001 0.91575650000000008 0.31883150000000005 0.23513350000000002 0.0027240000000000003 1.9500000000000003e-05 0.06482700000000001 0.0043310000000000006 7.5000000000000002e-06 0.00031150000000000009 2.2500000000000001e-05 0.0034785000000000003 0.0065150000000000008
decision_type=2 2 2 2 2 2 2 2 2 2 2 2 2 2 2 2 2 2 2 2 2 2 2 2 2 2 2 2 2 2 2 2 2 2 2 2 2 2 2 2 2 2 2 2 2 2 2 2 2 2 2 2
left_child=1 2 -1 5 35 18 8 -8 9 -7 -11 12 -9 14 -14 -12 -6 -16 -2 20 -20 22 24 -24 -3 33 -27 32 30 -30 31 48 36 34 -25 -5 51 38 40 -39 41 42 -38 -35 -45 -22 -28 50 -29 -49 -48 -23
right_child=3 21 -4 4 16 6 7 11 -10 10 15 -13 13 -15 17 -17 -18 -19 19 -21 45 27 23 25 -26 26 46 28 29 -31 -32 -33 -34 43 -36 -37 37 39 -40 -41 -42 -43 -44 44 -46 -47 47 49 -50 -51 -52 -53
leaf_value=0.13463118826495332 -37.855395149172864 3.595529022468825 2.3891700315322892 -225.70935465133007 47.674235072287587 -222.19605422115373 869.57489604045486 32.845858958793571 -520.52559786189363 513.24349162425221 302.08121686244556 -40.031547379528917 172.07420980741696 167.64350425231387 806.40588835411859 -120.72463031759779 302.49821198678598 537.85240123548544 235.21138442993828 -94.058127421073436 -9.8163634784489453 26.719225760265999 -7.3285833385817103 -44.273958267640211 11.511491247050767 8.4913417668086133 -4.64433837547067 36.556825383855418 499.05315903010415 -14.000058794659846 -191.63413463479137 271.90990917668216 25.671524113770541 24.519697817545932 7.6685327161891994 -53.468712849652448 -1.3283077149914995 -15.216036823359438 208.66566977721868 -225.1097304422849 -116.20264026645367 145.97301993536286 -128.38910060322772 7.9373044902391108 25.747084999650376 135.51405477537216 24.759500521511097 4.0670373385536713 13.765742546678659 -34.203705338874563 82.870767134064906 2.786315980227061
leaf_weight=9183744.6745624542 45 15645.007001876831 370986.40933990479 24 63 21 21 40 21 32 20 37 20 35 20 25 23 24 38 22 21 1015.0002880096436 5273.0031681060791 396.00028800964355 47117.020986557007 13126.008243560791 11116.002592086792 943.00028800964355 30 67 36 23 1767.0008640289307 1670.0011520385742 956 29 2571.0034561157227 118 21 25 32 39 30 13439.009792327881 1529.0008640289307 59 507.00057601928711 1548.0008640289307 1719.0008640289307 237 108 1076.0005760192871
leaf_count=2575499 45 15477 361109 24 63 21 21 40 21 32 20 37 20 35 20 25 23 24 38 22 21 1008 5196 389 46620 12930 11053 936 30 67 36 23 1746 1642 956 29 2487 118 21 25 32 39 30 13201 1508 59 493 1527 1698 237 108 1062
internal_value=0.32591 0.318051 0.222169 119.151 21.5406 146.234 190.847 286.596 32.3278 150.848 252.625 216.984 285.402 387.437 507.601 67.2234 115.855 660.062 70.024 104.702 141.773 7.81626 7.24529 4.36159 9.53825 5.74272 2.98494 14.5792 25.3839 144.708 21.1294 23.9831 10.0306 9.8268 -7.54535 -131.487 4.4211 -2.93917 -0.337507 -51.9276 -1.98125 -0.596052 -2.79459 11.2385 9.75664 97.3625 -2.36256 8.20567 21.8396 -1.01427 34.9661 14.4039
internal_weight=9.67755e+06 9.67691e+06 9.55473e+06 640 139 501 316 197 119 98 77 176 139 99 64 45 86 44 185 140 118 122179 112667 49905 62762 44632 26642 9512.01 2818 97 2721 2685 6694.01 17990 1352 53 4927 2836 2693 143 2672 2640 2601 16638 14968 80 13516 2400 2662 1785 615.001 2091
internal_count=3057943 3057303 2936608 640 139 501 316 197 119 98 77 176 139 99 64 45 86 44 185 140 118 120695 111337 49240 62097 44044 26348 9358 2790 97 2693 2657 6568 17696 1345 53 4822 2752 2609 143 2588 2556 2517 16351 14709 80 13418 2365 2634 1764 601 2070
is_linear=0
shrinkage=0.0891016


Tree=48
num_leaves=53
num_cat=0
split_feature=0 3 16 16 0 14 8 8 8 16 16 16 13 16 16 16 14 0 16 3 16 14 16 16 16 16 13 16 16 16 8 14 16 10 7 16 10 14 8 10 16 13 7 14 13 7 14 8 10 3 7 16
split_gain=2.35964e+09 1.7547e+09 6.19512e+08 5.93481e+08 4.28185e+08 8.02716e+08 4.17671e+08 2.88961e+08 2.75145e+08 7.20758e+08 5.21796e+08 2.36242e+08 2.5741e+08 3.16833e+08 1.95339e+08 1.80916e+08 1.58125e+08 1.57201e+08 4.2732e+08 9.76681e+08 6.00564e+08 2.66428e+08 2.37743e+08 1.95323e+08 2.34999e+08 1.43637e+08 1.29923e+08 4.46226e+08 1.26544e+08 1.25879e+08 1.5833e+08 1.21822e+08 9.66914e+07 9.02042e+07 8.58799e+07 1.07704e+08 9.66566e+07 9.29166e+07 8.93348e+07 8.54089e+07 8.07274e+07 1.01949e+08 9.54698e+07 7.97888e+07 7.74128e+07 7.27705e+07 7.33706e+07 9.92057e+07 7.87664e+07 1.17346e+08 9.38239e+07 7.27641e+07
threshold=0.91397700000000015 0.0023700000000000001 2038413.0000000002 10136.500000000002 0.92730450000000009 0.054875500000000008 0.00086150000000000018 0.0032375000000000004 0.96228150000000012 38407.500000000007 15860.500000000002 1781617.0000000002 0.00020550000000000003 135071.00000000003 36833.500000000007 87862.500000000015 0.00027550000000000008 0.8177930000000001 5406.0000000000009 0.75452300000000017 101566.50000000001 0.025577000000000006 136695.00000000003 5239.5000000000009 5165.0000000000009 65932.500000000015 -0.00017349999999999996 62960.500000000007 25637.500000000004 2616170.0000000005 0.0054920000000000012 1.0000000180025095e-35 145194.50000000003 0.0010405000000000004 0.0005235000000000002 453308.00000000006 0.00089650000000000005 5.5000000000000007e-06 0.0022845000000000005 0.0015915000000000002 953474.00000000012 -0.0058229999999999992 0.00062450000000000016 4.8500000000000007e-05 -0.00010349999999999998 0.017402500000000005 0.00014200000000000001 0.0069715000000000011 0.0009115000000000002 0.0047265000000000007 0.010474500000000003 2582149.5000000005
decision_type=2 2 2 2 2 2 2 2 2 2 2 2 2 2 2 2 2 2 2 2 2 2 2 2 2 2 2 2 2 2 2 2 2 2 2 2 2 2 2 2 2 2 2 2 2 2 2 2 2 2 2 2
left_child=1 6 7 -2 5 15 16 34 10 -10 -6 12 26 39 28 -5 -1 32 23 -20 -21 22 -22 24 -19 -11 -8 33 -12 30 -4 -29 -9 -28 35 -3 37 -36 -37 -14 42 -42 -34 -43 -35 46 48 -48 49 -44 -50 -13
right_child=3 2 29 4 8 -7 11 17 9 25 14 51 13 -15 -16 -17 -18 18 19 20 21 -23 -24 -25 -26 -27 27 31 -30 -31 -32 -33 40 44 36 38 -38 -39 -40 -41 41 43 45 -45 -46 -47 47 -49 50 -51 -52 -53
leaf_value=0.01240431003856687 -120.50449340098915 12.272854722782043 -0.10538840699117205 213.8179260955651 -131.30253834685502 480.75845653770057 1.0879910203091909 4.0343584229278031 313.49369476615789 117.38369648204596 130.30542615729266 -0.24647344981344069 33.291763015658645 2.8967461986627132 213.88179699064273 92.235869488343312 45.698500104460386 -26.276663627105055 383.67757483314 -199.49913205207361 176.6454526101694 209.92603160708822 -16.609094074085743 -133.12572804688494 151.69744408879095 -54.448305105969936 74.593040161847426 1.9248933776514188 -29.2564558880823 -8.9001934542253522 24.98559059090428 5.1945149187172204 15.669480876487153 8.2794212568368977 -3.0052710854974882 -34.006239620785436 -1.4469825814287638 13.920359358504644 4.9560093198199402 14.519485914418967 23.781974793654577 7.8338785148790819 19.078317349688376 40.771607588943851 42.818703862952283 29.648176838449082 -50.466421064450003 1.0882135041860554 1.9539654163080591 5.4142393380900291 34.309270378568264 -5.8364911000341184
leaf_weight=9282291.5168571472 22 5629.0020160675049 20658.014093399048 64 30 22 95690.107139587402 5967.002592086792 40 23 24 49448.066703796387 1545.0002880096436 3267.0031681060791 28 55 183 81 25 20 22 33 51 28 23 24 142 66674.031105041504 24 3971.0009536743164 626 46895.009504318237 12519.003744125366 231 1184.0005760192871 143 8882.0020160675049 2317.0017280578613 24127.008352279663 943.00057601928711 1042.0002880096436 23922.009792327881 3452.0023040771484 179 488 412.00028800964355 107 573.00028800964355 3453.0008640289307 2711.0008640289307 231 6348.0066375732422
leaf_count=2678988 22 5580 20322 64 30 22 93086 5904 40 23 24 47866 1538 3190 28 55 183 81 25 20 22 33 51 28 23 24 142 65918 24 3950 626 46664 12428 231 1170 143 8833 2275 23924 929 1035 23684 3396 179 488 405 107 566 3432 2690 231 6215
internal_value=0.148472 0.143817 5.9919 126.685 142.978 208.088 0.0689029 7.77507 95.4009 160.174 42.2248 1.96857 2.70546 12.9612 110.735 157.639 0.0133051 10.1289 46.6671 103.135 47.4417 94.0544 41.6507 -17.9289 13.0934 29.6525 2.42456 3.54225 50.5347 -0.866306 0.632586 3.27499 9.93936 38.7937 4.72157 6.14717 1.2794 8.19623 4.72641 26.1768 10.6643 8.72935 12.7383 8.07854 31.7224 9.38373 8.59058 -7.02446 9.66894 13.0678 3.98293 -0.882463
internal_weight=9.67689e+06 9.67653e+06 122388 356 334 141 9.55415e+06 97133 193 87 106 271671 215875 5755 76 119 9.28247e+06 54851 283 151 126 106 73 132 104 47 210120 114430 48 25255 21284 113569 54568 861 42282 29899 12383 3501 24270 2488 48601 25143 23458 24101 719 10939 10527 680 9847 6163 3684 55796.1
internal_count=3066957 3066601 121163 356 334 141 2945438 96265 193 87 106 266267 212186 5657 76 119 2679171 54340 283 151 126 106 73 132 104 47 206529 113443 48 24898 20948 112582 54057 861 41925 29647 12278 3445 24067 2467 48153 24898 23255 23863 719 10827 10422 673 9749 6086 3663 54081
is_linear=0
shrinkage=0.0491526


Tree=49
num_leaves=53
num_cat=0
split_feature=1 7 16 16 16 12 1 16 7 14 14 16 16 16 12 1 16 16 16 16 16 16 7 10 16 6 14 12 16 7 14 14 16 9 9 12 7 16 16 1 16 10 9 9 14 14 1 16 10 16 1 16
split_gain=5.69915e+09 3.56821e+09 1.67782e+09 1.08432e+09 8.55206e+08 1.64989e+09 8.50893e+08 5.82405e+08 4.75408e+08 3.82423e+08 3.74016e+08 6.94778e+08 5.41178e+08 3.27932e+08 2.92944e+08 2.77211e+08 9.31125e+08 5.94417e+08 2.60616e+08 2.51019e+08 2.16197e+08 1.644e+08 1.37746e+08 1.70422e+08 3.0327e+08 2.45797e+08 1.66646e+08 1.96961e+08 1.6785e+08 1.57031e+08 2.18171e+08 1.42843e+08 1.29418e+08 2.34246e+08 3.91877e+08 2.01319e+08 2.79654e+08 1.44046e+08 6.25361e+08 4.9758e+08 1.2297e+08 1.38629e+08 1.20123e+08 1.16047e+08 1.13066e+08 2.98592e+08 1.52017e+08 1.01023e+08 1.3342e+08 9.9633e+07 1.22131e+08 9.74596e+07
threshold=0.67893700000000012 0.00028050000000000004 7591.0000000000009 2183809.0000000005 158068.50000000003 0.018189500000000001 0.0026285000000000002 5231.5000000000009 0.91149700000000011 0.025577000000000006 0.046726000000000011 31907.000000000004 53207.500000000007 1571337.0000000002 0.0010060000000000002 0.92514000000000018 15860.500000000002 10624.500000000002 23714.000000000004 109249.00000000001 5107.0000000000009 2544604.0000000005 0.0026895000000000005 2.9500000000000002e-05 389518.00000000006 0.0014000000000000002 1.1500000000000002e-05 -0.0010889999999999999 1503130.5000000002 0.00058850000000000016 2.5000000000000002e-06 2.7500000000000001e-05 9558.5000000000018 0.0094355000000000012 0.0081640000000000011 0.018189500000000001 0.094757000000000022 2684.0000000000005 2608.0000000000005 0.19902250000000002 8433.5000000000018 0.0037615000000000005 0.0011275000000000002 0.00018850000000000006 0.046726000000000011 0.025577000000000006 0.19902250000000002 891738.00000000012 0.00053050000000000016 50421.500000000007 0.0013125000000000001 70903.000000000015
decision_type=2 2 2 2 2 2 2 2 2 2 2 2 2 2 2 2 2 2 2 2 2 2 2 2 2 2 2 2 2 2 2 2 2 2 2 2 2 2 2 2 2 2 2 2 2 2 2 2 2 2 2 2
left_child=1 14 7 6 5 8 22 20 10 -6 12 15 -4 32 -1 16 17 -12 -17 -14 -2 -5 23 25 29 -3 27 28 -26 30 42 -24 33 34 37 44 -37 38 -8 -39 41 -31 -25 51 45 -34 -46 -33 -49 -27 -51 -10
right_child=2 3 4 21 9 -7 13 -9 43 -11 11 -13 19 -15 -16 18 -18 -19 -20 -21 -22 -23 31 24 26 49 -28 -29 -30 40 -32 47 35 -35 -36 36 -38 39 -40 -41 -42 -43 -44 -45 46 -47 -48 48 -50 50 -52 -53
leaf_value=0.020481030398359745 19.45490273688625 -1.3024664973303701 473.67031366738809 -0.3907725902922598 -143.80087618360446 524.80518473738334 -34.723329544392449 -148.2285738110599 191.1221447338167 142.98207768116964 269.00985633014159 -100.43401631076064 276.1563075029415 4.3997822470172308 15.948702164490031 3.0341048459029922 445.21592172967473 -18.750839120800485 214.11990034754032 141.07721402381321 181.9978908250813 -6.6412691168409976 14.624480793848301 -4.9870312317721899 11.390526594321305 -10.37137562148482 -4.4347245628356609 3.297951794276508 -0.50922541696912227 71.770627866302391 26.129666749483384 -2.8921722202082147 11.65611259985779 -136.27485201966655 196.18370437950179 31.283645675342832 249.55675616661478 -14.289194520571652 213.29625255390812 -240.44401911470433 5.0458511493777527 -12.523255652168407 9.9651218430901096 1.0309994918634542 -3.3560547841253299 158.75601144943352 -164.80193816622335 70.595631352093307 -23.174824265147009 41.981410280593451 12.958810958112384 53.153089319580722
leaf_weight=9257181.3260364532 71 22723.080354690552 24 33357.0481300354 25 36 101 45 24 20 37 22 82 19977.004697799683 2762.0017280578613 29 35 32 27 55 27 14410.006189346313 5803.0040321350098 1362.0017280578613 13237.002880096436 310 6070.0006656646729 169640.06057167053 3607.0008640289307 136 1949.0002880096436 2052.002592086792 63631.016416549683 35 22 47 20 220 32 26 32103.019296646118 71 22689.013536453247 32 46 33 20 103 56 446 1558 25
leaf_count=2706709 71 20770 24 32209 25 36 101 45 24 20 37 22 82 19865 2720 29 35 32 27 55 27 14277 5705 1320 13167 310 6056 168170 3586 136 1942 1989 63232 35 22 47 20 220 32 26 31634 71 22360 32 46 33 20 103 56 446 1558 25
internal_value=0.233962 0.22425 145.25 4.65543 187.125 207.029 5.55489 -2.61443 180.034 -16.3151 205.197 157.152 259.496 9.87184 0.0252321 192.579 239.813 135.572 104.836 221.942 64.2522 -2.27638 4.27447 4.09089 4.47485 0.24374 3.53919 3.79874 8.84228 7.56461 10.3936 10.5946 11.5737 -14.9777 -4.38664 11.7552 96.4682 -16.036 24.9621 -38.203 5.28812 42.8566 9.11837 73.4674 11.6661 11.7324 -52.2981 0.0175301 37.5674 15.4272 19.4182 120.754
internal_weight=9.67648e+06 9.67584e+06 648 415892 505 460 368125 143 424 45 343 182 161 84210 9.25994e+06 160 104 69 56 137 98 47767.1 283915 275901 250864 25037.1 192554 186484 16844 58310 26000 8014.01 64233 436 401 63797 67 379 133 246 32310 207 24051 81 63730 63664 66 2211 159 2314 2004 49
internal_count=3119641 3118993 648 409564 505 460 363078 143 424 45 343 182 161 83699 2709429 160 104 69 56 137 98 46486 279379 271526 248442 23084 190979 184923 16753 57463 25622 7853 63834 436 401 63398 67 379 133 246 31841 207 23680 81 63331 63265 66 2148 159 2314 2004 49
is_linear=0
shrinkage=0.0489018


Tree=50
num_leaves=53
num_cat=0
split_feature=0 8 11 8 8 11 11 11 11 15 0 15 0 15 14 11 14 8 8 15 11 11 14 14 5 0 15 7 14 8 0 11 14 8 14 3 14 3 7 8 8 7 15 11 11 7 14 7 14 14 14 14
split_gain=9.07057e+08 7.20961e+08 2.47673e+08 1.9338e+08 1.59454e+08 2.46649e+08 4.20563e+08 4.57893e+08 4.20505e+08 3.33043e+08 5.14428e+08 4.31933e+08 2.77927e+08 2.23146e+08 2.40298e+08 1.80233e+08 1.44979e+08 1.02485e+08 2.06204e+08 3.81602e+08 7.67361e+07 1.19582e+08 4.2842e+08 2.43461e+08 2.23076e+08 1.29748e+08 9.3765e+07 7.50452e+07 6.67979e+07 7.09646e+07 2.27306e+08 1.46432e+08 6.49701e+07 6.3891e+07 5.66885e+07 5.01421e+07 4.68227e+07 4.36401e+07 4.31503e+07 8.50263e+07 4.10382e+07 7.62801e+07 4.84457e+07 5.50581e+07 9.96936e+07 4.04152e+07 3.92782e+07 3.8384e+07 3.54412e+07 3.53853e+07 3.88348e+07 3.53553e+07
threshold=0.8177930000000001 0.0010515000000000001 0.94009900000000013 0.0032045000000000003 0.92513900000000004 0.00037150000000000003 0.00041050000000000006 0.00042650000000000007 0.00038950000000000003 0.037011000000000009 0.95752500000000007 0.050607500000000007 0.92730450000000009 0.049698500000000007 0.046726000000000011 0.00038050000000000003 0.012320000000000003 0.95254850000000013 0.96647850000000013 0.048364000000000011 0.22499750000000004 0.91575650000000008 0.025577000000000006 0.21783400000000003 0.14155050000000002 0.71441150000000009 0.013920000000000002 0.00049150000000000007 0.00013350000000000002 0.92074100000000014 0.23513350000000002 0.00038550000000000005 0.00027550000000000008 7.6500000000000016e-05 0.046726000000000011 4.6500000000000005e-05 2.5000000000000002e-06 0.0011755000000000001 0.014777 0.011894500000000001 0.0045345000000000012 0.00053050000000000005 5.1500000000000005e-05 0.0016465000000000002 0.00035850000000000004 0.00098850000000000023 0.0079820000000000012 0.0035630000000000006 0.0011285000000000004 1.4500000000000002e-05 0.00019300000000000003 5.2500000000000009e-05
decision_type=2 2 2 2 2 2 2 2 2 2 2 2 2 2 2 2 2 2 2 2 2 2 2 2 2 2 2 2 2 2 2 2 2 2 2 2 2 2 2 2 2 2 2 2 2 2 2 2 2 2 2 2
left_child=1 32 4 27 13 -6 8 -8 12 10 -9 -11 -7 14 46 -14 -15 -4 19 -19 28 22 24 -23 -22 -25 -24 36 38 30 -30 -31 33 -1 -13 -35 -3 -34 39 40 41 -5 43 44 -42 -46 -2 -45 -39 -29 -51 -43
right_child=2 3 17 20 5 6 7 9 -10 11 -12 34 15 16 -16 -17 -18 18 -20 -21 21 23 26 25 -26 -27 -28 49 29 31 -32 -33 37 35 -36 -37 -38 48 -40 -41 42 51 -44 47 45 -47 -48 -49 -50 50 -52 -53
leaf_value=0.088818877767750118 -48.84939348192529 9.0626630824677399 -256.83273201719709 21.970860666773522 785.97787494409408 604.27015418145731 1305.1146714924366 -529.97786965747105 -642.8019375236961 1357.8387739679922 525.64354447328913 539.48917067752404 -322.85436602275195 -5.2798958051683993 -398.54505329453042 352.71521629246166 523.17315772833649 -71.774946163298495 -276.00281190311728 807.98162361589277 540.53680917204838 -457.7835730947827 453.72663422682353 465.85431546840545 -110.21921615872023 -49.667787927971972 997.76931776961294 5.2906445251118761 -7.2694236093234776 -199.03680623655839 -527.18118840445595 396.07341114689177 178.92088534179064 6.6961788103418138 147.72182986410203 1.4379207076620972 20.501977945861519 -64.551865120035473 70.096896437074747 -113.41583585641841 41.811387760646028 7.8868564259195439 -4.1555627354841835 -110.22493446122411 68.820538939463518 -20.918481031811034 249.22172423795871 57.094943740346906 62.724578755516241 -9.0329061424907948 78.783318108751402 55.404714539439055
leaf_weight=8761810.8894729614 20 43586.036378860474 37 33627.011878967285 39 36 20 27 24 20 35 26 32 24 37 22 60 41 33 27 22 31 22 27 83 40 20 177694.11313056946 3281.002592086792 21 28 39 88 67589.041473388672 23 527232.80527305603 16219.011034011841 88 523 163 3288.0017280578613 25419.013248443604 1238.0011520385742 46 185 1595.0011520385742 54 2858.0008640289307 404 7728.002592086792 170 528
leaf_count=2221699 20 42704 37 33347 39 36 20 27 24 20 35 26 32 24 37 22 60 41 33 27 22 31 22 27 83 40 20 174964 3218 21 28 39 88 66581 23 483509 15953 88 523 163 3246 25097 1210 46 185 1567 54 2837 404 7665 170 528
internal_value=0.520065 0.505787 217.395 9.00997 276.997 359.285 296.457 495.392 32.9311 371.668 65.9253 646.332 213.191 148.699 -20.4332 -47.5694 372.174 1.88864 96.6878 277.591 17.2168 118.762 222.436 -36.7407 26.1782 158.099 712.933 6.56582 16.8752 -8.1185 -11.6711 187.751 0.216339 0.212568 355.695 2.03541 12.165 61.0442 18.0873 17.6927 18.0035 16.2579 29.2946 34.4894 23.0552 -11.5907 168.64 54.4436 39.957 4.76154 -7.14249 8.85386
internal_weight=9.67633e+06 9.67569e+06 637 318481 499 304 265 151 114 131 62 69 90 195 111 54 84 138 101 68 73084 245 147 98 105 67 42 245397 72839 3369 3309 60 9.35721e+06 9.35663e+06 49 594822 59805 580 69470 68947 68784 59574 9210 7972 5068 1780 74 2904 492 185592 7898 25947
internal_count=3086762 3086125 637 313756 499 304 265 151 114 131 62 69 90 195 111 54 84 138 101 68 72300 245 147 98 105 67 42 241456 72055 3306 3246 60 2772369 2771789 49 550090 58657 580 68749 68226 68063 58972 9091 7881 4998 1752 74 2883 492 182799 7835 25625
is_linear=0
shrinkage=0.181755


Tree=51
num_leaves=53
num_cat=0
split_feature=0 0 9 9 12 0 14 11 11 11 11 11 9 0 14 11 11 9 12 9 11 12 11 10 4 14 9 9 0 9 10 7 10 13 13 13 14 4 10 9 12 14 14 7 9 10 14 9 9 12 4 11
split_gain=3.80947e+08 3.18672e+08 2.72041e+08 2.50759e+08 2.61061e+08 2.90095e+08 1.41008e+08 2.13641e+08 4.57168e+08 3.95475e+08 5.61808e+08 1.82405e+08 1.54599e+08 3.15697e+08 4.08598e+08 1.52642e+08 3.45836e+08 1.17646e+08 1.11304e+08 1.04811e+08 8.14236e+07 6.60357e+07 1.48913e+08 6.07614e+07 5.01834e+07 4.92393e+07 4.60728e+07 4.22008e+08 1.67094e+08 7.16327e+07 4.44034e+07 4.0312e+07 3.97338e+07 2.33154e+08 5.91245e+07 6.70458e+07 3.71333e+07 5.08797e+07 1.11509e+08 3.43828e+07 3.41628e+07 6.15948e+07 3.31866e+07 3.16501e+07 2.93589e+07 3.47041e+07 3.04864e+07 2.82205e+07 1.48843e+08 1.41554e+08 5.20651e+08 8.43254e+07
threshold=0.8177930000000001 0.0011645000000000004 0.010425500000000002 0.0077630000000000017 -0.010357999999999997 0.92730450000000009 0.025577000000000006 0.00036650000000000002 0.00037550000000000002 0.00041050000000000006 0.030822500000000006 0.00039050000000000006 0.00036050000000000009 0.95752500000000007 0.054875500000000008 0.94009900000000013 0.91575650000000008 0.0089820000000000021 -0.076985499999999984 0.00020450000000000001 0.00037650000000000004 -0.0012979999999999999 0.22499750000000004 9.3500000000000023e-05 0.0017930000000000001 0.013005500000000001 0.0094355000000000012 0.0088520000000000022 0.027071500000000002 0.0083910000000000009 0.0015795000000000004 0.014777 0.0024965000000000005 -0.48103699999999994 -0.16861499999999999 -0.094756999999999994 1.0000000180025095e-35 0.00050250000000000002 0.0011215000000000003 0.00017650000000000003 -0.001488 2.7500000000000001e-05 1.6500000000000005e-05 0.00044650000000000007 2.9500000000000002e-05 0.011149000000000001 5.4500000000000003e-05 0.00077650000000000017 0.00093850000000000021 -0.019394499999999999 0.0066980000000000008 0.21395850000000002
decision_type=2 2 2 2 2 2 2 2 2 2 2 2 2 2 2 2 2 2 2 2 2 2 2 2 2 2 2 2 2 2 2 2 2 2 2 2 2 2 2 2 2 2 2 2 2 2 2 2 2 2 2 2
left_child=1 30 3 6 17 -6 19 -8 -9 11 -11 18 13 14 -12 16 -14 -5 -10 20 -2 23 32 24 -3 -22 27 29 -28 47 40 -25 33 -23 -35 -36 37 38 43 -34 41 -1 -41 -37 45 -32 -46 -26 -49 51 -51 -50
right_child=2 21 -4 4 5 -7 7 8 9 10 12 -13 15 -15 -16 -17 -18 -19 -20 -21 25 22 -24 31 26 -27 28 -29 -30 -31 44 -33 39 34 35 36 -38 -39 -40 42 -42 -43 -44 -45 46 -47 -48 48 49 50 -52 -53
leaf_value=11.899270374056263 -52.244639358844644 -42.394915191036844 478.9729514009901 -104.99639475034122 405.17019509680546 -255.19779734252418 -235.48092719397641 674.93100315395702 233.26858795067241 884.8706041560099 222.38342505521734 -470.57315451642171 97.157148606765361 374.40575912753883 -560.16775033778424 97.789948936131736 733.55230392041517 -476.2083379374979 -180.29506027689081 -83.259207923731338 102.56174905504126 -1421.5493415273138 327.78628036126838 19.959935585933419 0.00087645162648263919 347.29627458273234 13.500923241859956 600.9223558255427 -386.72981883210298 -195.04579300617246 6.5674458160279148 77.620998721584257 16.288902885685964 -354.58036096471608 414.98484212954497 71.846887809018796 6.3547516128446739 0.60966488536553332 9.5181015500005142 -0.15002909852632607 0.057980361876104808 -7.9388808077128035 -27.62673510692381 185.0460139489681 1.173279682489484 -2.646308138902111 -93.257319454455612 300.2048433998815 -7.2069482060739087 25.810073421746527 714.27701226449892 -186.27117769024062
leaf_weight=10283.005472183228 30 417.00057601928711 32 31 28 20 21 32 21 21 22 20 31 27 25 54 29 29 25 82 31 1.9999999999999989 25 7502.0028800964355 2317.0002880096436 27 77 21 24 31 37199.054971694946 219 2199.0014400482178 7.9999999999999991 6.9999999999999991 289.00028800964355 142467.07786560059 41167.056968688965 3658.0052738189697 29761.028781890869 9134180.5651435852 3748.0034561157227 792.00028800964355 51 249061.11286735535 8889.029088973999 60 34 111.00028800964355 523.00028800964355 20 79
leaf_count=10150 30 403 32 31 28 20 21 32 21 21 22 20 31 27 25 54 29 29 25 82 31 2 25 7432 2310 27 77 21 24 31 35876 219 2164 8 7 282 140605 39802 3532 29068 2577646 3664 785 51 222243 8182 60 34 104 516 20 79
internal_value=0.245488 0.238738 102.609 82.7265 -100.254 129.984 122.412 173.162 201.128 145.966 235.239 -136.71 162.622 13.5063 -193.864 259.403 404.815 -284.459 8.49437 24.4902 124.893 5.09157 4.58361 14.9347 0.859947 216.531 6.43247 9.26914 -81.6291 5.27785 0.119619 21.5956 4.54693 5.29006 5.30535 5.32071 5.3054 1.99537 16.2636 0.289226 0.0680142 6.6 -0.862313 88.8324 1.71878 4.79037 1.15053 7.29246 29.3183 16.7468 51.1847 -81.6666
internal_weight=9.67586e+06 9.67522e+06 638 606 108 48 498 328 307 275 209 66 188 74 47 114 60 60 46 170 88 231801 220426 11375 3654 58 3237 3136 101 3115 9.44342e+06 7721 220401 187649 187647 187639 187632 45165.1 3998.01 32752 9.14821e+06 14031 30553 340 295209 46088.1 249121 3084 767.001 733.001 543 190
internal_count=3086060 3085422 638 606 108 48 498 328 307 275 209 66 188 74 47 114 60 60 46 170 88 227601 216331 11270 3619 58 3216 3115 101 3094 2857821 7651 216306 184289 184287 184279 184272 43667 3865 32017 2591460 13814 29853 333 266361 44058 222303 3063 753 719 536 183
is_linear=0
shrinkage=0.132479


Tree=52
num_leaves=53
num_cat=0
split_feature=0 8 16 16 8 7 16 12 8 15 0 16 15 8 16 16 13 16 16 7 16 16 8 13 0 16 16 9 13 0 8 16 15 8 0 16 0 15 16 16 8 12 7 16 16 9 13 16 9 12 15 16
split_gain=4.10823e+09 3.10312e+09 1.38742e+09 1.27392e+09 1.2063e+09 8.42331e+08 8.38303e+08 1.42121e+09 5.03013e+08 6.90402e+08 6.63412e+08 1.4301e+09 1.50774e+09 7.39543e+08 1.27301e+09 4.52537e+08 3.86338e+08 3.59884e+08 3.01736e+08 2.98189e+08 2.89563e+08 2.66354e+08 3.819e+08 2.37724e+08 2.15987e+08 2.06198e+08 2.16519e+08 2.83448e+08 1.85874e+08 1.72751e+08 1.68347e+08 1.63924e+08 1.61762e+08 1.73289e+08 1.55191e+08 1.30452e+08 1.22793e+08 1.85579e+08 1.17019e+08 1.12605e+08 1.35337e+08 9.97098e+07 9.93138e+07 1.26036e+08 9.84112e+07 1.12445e+08 8.51505e+07 8.06961e+07 1.40337e+08 7.96755e+07 7.84148e+07 7.73937e+07
threshold=0.71441150000000009 0.0010615000000000002 1688183.5000000002 7591.0000000000009 0.0026565000000000004 0.91149700000000011 158505.00000000003 0.018189500000000001 0.96228150000000012 0.044856500000000007 0.92730450000000009 15860.500000000002 0.00010350000000000001 0.92074100000000014 34351.500000000007 5231.5000000000009 -0.00027949999999999996 2546230.0000000005 134974.50000000003 0.88436850000000011 5107.0000000000009 2395.0000000000005 0.92074100000000014 -0.00010149999999999999 0.23513350000000002 9558.5000000000018 10268.000000000002 0.00077650000000000017 -0.0038134999999999996 1.0000000180025095e-35 0.00077450000000000012 2630.5000000000005 5.5000000000000007e-06 0.0032225000000000001 0.23513350000000002 934048.50000000012 0.92730450000000009 0.00016050000000000003 2446896.0000000005 4915.5000000000009 0.95254850000000013 0.0035105000000000006 0.00083350000000000015 2174783.5000000005 93380.000000000015 0.00035750000000000007 -0.0013034999999999998 583030.00000000012 0.0011605000000000003 -0.0021794999999999996 0.020580000000000005 17624.500000000004
decision_type=2 2 2 2 2 2 2 2 2 2 2 2 2 2 2 2 2 2 2 2 2 2 2 2 2 2 2 2 2 2 2 2 2 2 2 2 2 2 2 2 2 2 2 2 2 2 2 2 2 2 2 2
left_child=1 30 4 15 16 6 7 8 10 -10 13 -12 -13 19 -15 20 46 28 23 -5 31 24 25 -18 -6 49 27 -27 -4 -28 -1 50 33 -31 41 -35 -7 -38 47 -33 -41 -34 43 -30 45 -16 -3 48 -32 -23 -2 -50
right_child=3 2 17 5 21 36 -8 -9 9 -11 11 12 -14 14 44 -17 18 -19 -20 -21 -22 22 -24 -25 -26 26 29 -29 42 32 38 39 34 35 -36 -37 37 -39 -40 40 -42 -43 -44 -45 -46 -47 -48 -49 51 -51 -52 -53
leaf_value=-0.023667249359048272 49.712066467628809 5.3920844597495847 20.828827937692139 -108.10824703559449 3.1591658294413469 154.55180996996054 -27.411699655202252 637.01339922449938 663.01666001381943 173.94970579682038 -259.86496812478993 562.47104742696706 -48.770848940721955 758.44393114840489 381.35537160000553 -152.99936321125116 8.4524963056352913 -11.561419090708233 7.4542169184268525 218.08925755641795 256.90251592578107 -44.5067360530211 210.21459480242453 33.713848982338568 -258.90557014663557 -24.033527251629383 -4.3573552382178624 236.19944516560511 3.9673440920124992 13.070634186069739 -1.446984412984053 -92.95209774701307 6.0523542445861622 22.811548679361206 134.64255959587175 15.487098597931164 64.349608980164845 -156.17801114669473 -6.1344752108422584 -73.636494319314252 142.24671556414049 23.498773518788468 -4.5944898539945607 -2.2010228121541995 193.25765554304286 226.27064885426191 0.89347621174704028 1.9904306513664463 25.840321841135502 -2.7969593373959296 196.69511882306765 8.0293152770454697
leaf_weight=9270867.909236908 31 23921.009792327881 1760 24 24 21 41 37 23 22 34 30 33 23 36 45 2669.0031681060791 10581.004838943481 72714.021312713623 20 27 212 39 3181 25 28 1720.0037441253662 39 31877.013824462891 27812.006624221802 6863.047233581543 42 9812.0023040771484 21225.006425857544 38 17110.003744125366 39 24 5480.006477355957 20 26 1467.0008640289307 13090.006227493286 21682.028833389282 57 37 52077.053569793701 57996.046945571899 1004 1126.0002880096436 26 17813.011808395386
leaf_count=2706227 31 23683 1760 24 24 21 41 37 23 22 34 30 33 23 36 45 2592 10483 72196 20 27 212 39 3181 25 28 1629 39 31541 27651 5715 42 9756 21071 38 17019 39 24 5340 20 26 1446 12943 21003 57 37 50775 56855 1004 1119 26 17526
internal_value=0.218191 0.20711 6.30812 149.51 8.71142 204.227 240.55 269.773 229.67 423.99 199.912 66.2877 242.324 265.699 330.548 23.1853 5.48223 -0.849095 8.55137 40.1935 69.2873 14.8979 14.9863 22.1887 -130.547 14.8918 15.3021 127.442 0.807806 15.2072 0.00229096 34.3336 15.6416 16.8213 8.74589 19.5424 23.9078 -19.668 2.70155 -19.0742 48.3754 8.32156 0.279104 1.47023 254.785 302.79 2.30945 3.28023 6.19311 -9.40614 116.778 8.97967
internal_weight=9.67497e+06 9.67425e+06 314229 718 235239 501 417 376 339 45 294 97 63 197 153 217 154562 78990.1 78564 44 172 80677 80628 5850 49 80589 79251 67 68409 79184 9.36002e+06 145 77464 66147 11317 38335 84 63 89156.1 88 46 11279 66649 53559 130 73 75998.1 83676.1 25680.1 1338 57 18817
internal_count=3103638 3102920 310253 718 232523 501 417 376 339 45 294 97 63 197 153 217 152427 77730 77969 44 172 80096 80047 5773 49 80008 78677 67 67247 78610 2792667 145 76981 65741 11240 38090 84 63 86440 88 46 11202 65487 52544 130 73 74458 81100 24245 1331 57 18530
is_linear=0
shrinkage=0.062416


Tree=53
num_leaves=53
num_cat=0
split_feature=0 0 16 11 11 16 16 11 16 11 11 11 3 16 16 16 16 11 7 16 16 3 2 16 14 14 14 16 11 16 14 16 3 14 11 16 2 16 3 3 11 7 16 14 11 11 7 16 16 11 11 11
split_gain=3.4828e+08 2.79117e+08 2.35404e+08 1.51476e+08 2.22567e+08 8.33914e+08 8.44817e+08 7.22597e+08 4.83999e+08 3.76283e+08 1.84573e+08 1.80911e+08 1.22704e+08 8.553e+07 2.87863e+08 2.46216e+08 3.47536e+08 2.20371e+08 1.92834e+08 1.73706e+08 1.65797e+08 8.54817e+07 5.95468e+07 1.3532e+08 5.80874e+07 5.80421e+07 3.86423e+08 2.05487e+08 3.49859e+08 3.26282e+08 2.07324e+08 5.69429e+07 4.08076e+07 5.97523e+07 7.45658e+07 4.69726e+07 3.97064e+07 3.85422e+07 4.09374e+07 4.06928e+07 3.7193e+07 3.69112e+07 6.06018e+07 3.56111e+07 3.3899e+07 3.96989e+07 3.2598e+07 8.19209e+07 5.00856e+07 3.78125e+07 3.88135e+07 3.3813e+07
threshold=0.71441150000000009 0.0014615000000000003 1571337.0000000002 0.00036950000000000009 0.00038550000000000005 18577.000000000004 5322.5000000000009 0.00039250000000000005 60699.500000000007 0.00040950000000000009 0.00042250000000000008 0.00036350000000000005 0.48583150000000003 7591.0000000000009 5183.0000000000009 20556.500000000004 26451.500000000004 0.94009900000000013 0.88436850000000011 15312.500000000002 4915.5000000000009 0.0030105000000000006 0.00021950000000000005 1902209.0000000002 5.5000000000000007e-06 0.046726000000000011 0.019083500000000003 10728.000000000002 0.16450650000000003 2654.5000000000005 0.21783400000000003 2257331.5000000005 0.0027405000000000003 2.7500000000000001e-05 4.4500000000000004e-05 963429.00000000012 0.0017875000000000002 3027648.5000000005 0.0048880000000000009 0.0032515000000000005 5.0500000000000008e-05 0.00036150000000000006 542906.00000000012 2.5000000000000002e-06 0.00018550000000000004 5.7500000000000009e-05 0.00075450000000000007 1220929.5000000002 34066.000000000007 0.00048350000000000004 0.0017095000000000003 6.6500000000000017e-05
decision_type=2 2 2 2 2 2 2 2 2 2 2 2 2 2 2 2 2 2 2 2 2 2 2 2 2 2 2 2 2 2 2 2 2 2 2 2 2 2 2 2 2 2 2 2 2 2 2 2 2 2 2 2
left_child=1 22 21 11 5 6 -5 -6 -7 -9 -11 -2 -12 14 20 19 -17 18 -18 -15 -14 41 -1 32 -25 26 40 29 -29 30 -27 -4 46 34 35 -34 -36 38 39 -33 -23 42 -3 -42 45 -43 51 48 49 -48 -51 -24
right_child=3 2 31 4 7 8 -8 9 -10 10 12 -13 13 15 -16 16 17 -19 -20 -21 -22 25 23 24 -26 27 -28 28 -30 -31 -32 37 33 -35 36 -37 -38 -39 -40 -41 43 44 -44 -45 -46 -47 47 -49 -50 50 -52 -53
leaf_value=0.01464467357673364 43.72539378809612 22.082943994365152 1.30278953942357 82.716337634795224 694.0406894012815 603.18408392101901 -861.23941030016215 -399.7998586720031 -71.044626255908284 409.76285645597864 329.36490706717211 479.46756954123003 -64.084019501701789 150.72707011383304 -283.38490139916388 -361.66326403574493 254.18401313739304 -246.95864775590019 41.898440543702065 558.66736793978509 221.87407636822084 -48.605791755973733 -0.4476358599986105 -1.8840431356705327 -16.762606088171552 147.52424721658625 355.18505968158479 -19.613805708689174 -604.44427444730013 290.01719152693715 -309.89571641126616 -1.9823835098531357 52.837075038004684 -7.8898959786537501 -36.046652925034252 18.472574752263206 9.2813557768032542 -45.288864262441422 18.133268090545517 -12.161012805012611 -1.2319649950435212 -47.816578607109683 -0.29199082771896834 11.738431415001642 3.7510879125580239 27.924871436902379 -15.652588762217903 -8.41320966979983 3.4244016843234135 53.330160788024124 -20.14530714680053 3.6291187716825943
leaf_weight=9143989.7246761322 23 3775.0020160675049 35603.019296646118 22 24 23 26 21 32 21 22 25 50 35 37 24 83 23 153 21 52 132.00057601928711 29875.123844146729 77849.18946647644 3446.0009536743164 20 41 36 20 39 33 11130.02103805542 812 2072.0011520385742 252 1303.0008640289307 6816.0034561157227 310 886 8881.0083141326904 2825.0017280578613 94 2551.0043201446533 46146.022464752197 65948.034273147583 1170.0023040771484 2816.0011520385742 11575.005472183228 37531.012672424316 215 156 178199.36721229553
leaf_count=2608001 23 3726 35134 22 24 23 26 21 32 21 22 25 50 35 37 24 83 23 153 21 52 118 26865 73292 3425 20 41 36 20 39 33 10647 812 2044 252 1282 6732 310 886 8692 2783 94 2446 45600 65115 1114 2788 11442 37223 215 156 169274
internal_value=0.158438 0.152647 4.53185 78.3125 64.5039 -87.1109 -428.619 92.0971 210.939 65.4269 84.1894 270.716 70.505 58.5818 -15.4945 88.9566 46.4371 84.2712 116.568 303.772 81.6973 7.29267 0.0698117 1.49917 -2.51473 10.9061 11.1173 -59.2124 -228.555 43.8729 -137.26 -1.43736 2.70051 9.31173 13.1931 31.6663 7.66511 -6.03764 -5.45531 -6.49974 10.8299 4.87057 13.06 10.9902 4.09977 22.2913 2.41473 -0.0882725 2.27827 -11.2187 22.4334 3.04378
internal_weight=9.67726e+06 9.67655e+06 179640 717 669 103 48 566 55 542 521 48 500 478 139 339 283 259 236 56 102 122830 9.49691e+06 352918 81295.2 49292 49144 148 56 92 53 56810 271623 11255 9183 2115 7068 21207 20897 20011 49103 73538 6326.01 48971 67212 1264 260368 52293 40718 3187 371 208074
internal_count=3121374 3120657 176854 717 669 103 48 566 55 542 521 48 500 478 139 339 283 259 236 56 102 121185 2943803 335802 76717 48690 48542 148 56 92 53 55669 259085 11122 9078 2094 6984 20535 20225 19339 48501 72495 6172 48383 66323 1208 247963 51824 40382 3159 371 196139
is_linear=0
shrinkage=0.112143


Tree=54
num_leaves=53
num_cat=0
split_feature=7 16 8 16 16 3 12 16 16 4 16 15 1 16 16 8 8 16 7 16 16 4 1 3 15 16 12 15 16 12 16 16 16 16 14 14 8 16 3 7 15 16 1 4 14 15 15 4 16 16 7 1
split_gain=1.66701e+08 1.44353e+08 3.66969e+08 4.37047e+08 3.30976e+08 2.79886e+08 7.64703e+08 1.82293e+08 1.82015e+08 3.82751e+08 1.9392e+08 6.11148e+08 1.7341e+08 4.91883e+08 1.98242e+08 1.43216e+08 1.29138e+08 1.27834e+08 1.17053e+08 1.11567e+08 1.39048e+08 4.60649e+08 2.54521e+08 2.14847e+08 1.85905e+08 1.67222e+08 2.17487e+08 1.02689e+08 8.76186e+07 1.08623e+08 6.63865e+07 6.47803e+07 5.53115e+07 4.51368e+07 3.87009e+07 4.22743e+07 4.31511e+07 7.60766e+07 5.97064e+07 3.66407e+07 4.08651e+07 1.30744e+08 2.05254e+08 6.70216e+07 4.32433e+07 1.00133e+08 3.87476e+07 3.51169e+07 4.66844e+07 3.69606e+07 4.26436e+07 6.01415e+07
threshold=0.16861500000000004 12638.000000000002 0.92074100000000014 5607.5000000000009 15943.000000000002 0.75452300000000017 -0.012156499999999999 14852.000000000002 5206.5000000000009 0.91397700000000015 2684.0000000000005 0.020994000000000002 0.57152900000000006 2395.0000000000005 2617.5000000000005 0.95254850000000013 0.0020865000000000002 1344670.5000000002 0.93469650000000015 166249.00000000003 66220.500000000015 0.91397700000000015 0.92514000000000018 0.90078350000000007 0.053738500000000008 26451.500000000004 -0.0037869999999999996 0.033185500000000007 192965.00000000003 0.0018545 188540.50000000003 4937.0000000000009 2589197.0000000005 2341.0000000000005 0.00027550000000000008 7.5000000000000002e-06 0.00086150000000000018 2304769.5000000005 0.0007645000000000001 0.0011610000000000004 5.9500000000000003e-05 9784.5000000000018 0.14155050000000002 0.0025895000000000002 0.012320000000000003 0.0012480000000000002 5.1500000000000005e-05 0.00092850000000000018 226373.00000000003 432514.50000000006 0.0088180000000000012 0.0039050000000000001
decision_type=2 2 2 2 2 2 2 2 2 2 2 2 2 2 2 2 2 2 2 2 2 2 2 2 2 2 2 2 2 2 2 2 2 2 2 2 2 2 2 2 2 2 2 2 2 2 2 2 2 2 2 2
left_child=16 2 3 -2 7 6 -6 -3 10 27 12 -12 13 -4 33 -13 34 28 19 20 21 -7 -23 -22 25 -24 -27 -10 29 30 39 -17 -19 -14 35 36 38 -38 -1 -18 46 42 -42 -43 -45 -46 -41 -30 -49 50 51 -50
right_child=1 4 8 -5 5 18 -8 -9 9 -11 11 15 14 -15 -16 31 17 32 -20 -21 23 22 24 -25 -26 26 -28 -29 47 -31 -32 -33 -34 -35 -36 -37 37 -39 -40 40 41 43 -44 44 45 -47 -48 48 49 -51 -52 -53
leaf_value=0.038795632908092959 32.107908380933921 330.13714934827397 -291.09842037543308 -1268.4924790124214 -49.354620693108508 -989.56420620514496 1432.7171542469043 1208.29149787143 1096.0084000421875 -160.36462392587055 -988.22899122868216 559.76815928636665 445.62881439499495 1106.3245778942608 -537.06319906064732 203.13881754445305 13.014724686542182 0.98571640176826225 -347.53007524602822 -303.39201148573073 808.48372060180839 634.568337011631 -374.18039907936986 148.97019171785689 -547.20642808775278 850.49552312205515 21.825013865080102 453.23417078450029 11.784348255809295 49.642130768579236 -123.04447709689794 -302.88630351258689 -21.554269002144991 22.248670306989666 53.97861831468515 -16.217988109029367 4.0935553266438509 -9.7324674195832888 -24.949361406476452 -16.024523552267215 811.1730095415021 77.11651202937999 -86.61719735743857 -7.664982250957376 -587.47139867863348 -27.646047178071719 -160.02380809946888 56.026043482687847 23.152793521920991 24.696474753707136 43.784925564245086 -25.883663334220863
leaf_weight=9276592.3377819061 26 24 21 22 42 20 26 20 22 38 34 23 21 26 25 20 3568.0092163085938 54462.032955169678 32 32 27 33 25 146 26 21 48 24 46231.023904800415 1691.0008640289307 227 28 5535.0064964294434 26 615 7332.010368347168 220447.18297576904 20036.037454605103 4415.0083522796631 9663.0054721832275 24 474.00028800964355 23 1134.0011520385742 20 56 87 1726.0005760192871 2067.0005760192871 15662.007488250732 1044.0005760192871 2614.0014400482178
leaf_count=2725889 26 24 21 22 42 20 26 20 22 38 34 23 21 26 25 20 3344 53685 32 32 27 33 25 146 26 21 48 24 45650 1670 227 28 5388 26 615 7080 216002 19154 4212 9530 24 467 23 1106 20 56 87 1712 2053 15480 1030 2579
internal_value=0.197187 93.7985 -11.6754 -564.077 165.734 113.826 517.421 729.446 74.429 344.081 -26.698 -239.476 161.042 481.954 -48.4616 119.16 0.188694 6.52262 46.8723 80.2736 115.771 -20.4081 106.342 251.949 -38.9583 101.66 274.129 760.793 11.8169 -2.02044 -7.7394 -92.0035 -1.09369 211.47 0.0914469 0.0879688 0.100525 2.94163 0.0269085 -5.99997 -11.9093 18.5081 371.836 8.64324 -18.18 -175.038 -17.3097 15.2026 22.0399 19.2971 4.52558 -4.23033
internal_weight=9.67662e+06 878 356 48 522 478 68 44 308 84 224 105 119 47 72 71 9.67575e+06 146308 410 378 346 173 153 173 120 94 69 46 86311.1 16967 15276 48 59997 47 9.52944e+06 9.52882e+06 9.52149e+06 240483 9.28101e+06 15049 11481 1731 47 1684 1210 76 9750.01 69344 23113 21387 5725 4681
internal_count=3117961 878 356 48 522 478 68 44 308 84 224 105 119 47 72 71 3117083 144131 410 378 346 173 153 173 120 94 69 46 85058 16554 14884 48 59073 47 2972952 2972337 2965257 235156 2730101 14657 11313 1696 47 1649 1182 76 9617 68504 22854 21142 5662 4632
is_linear=0
shrinkage=0.214827


Tree=55
num_leaves=53
num_cat=0
split_feature=1 2 2 12 16 15 15 16 6 15 16 16 16 16 6 15 16 1 14 14 6 16 16 16 15 15 2 14 14 14 12 14 16 16 16 16 6 10 12 12 2 16 6 16 10 7 16 7 14 2 12 16
split_gain=6.29375e+09 4.12728e+09 1.14249e+09 1.00795e+09 7.21018e+08 5.98185e+08 5.0968e+08 5.69519e+08 3.97683e+08 3.73031e+08 3.53146e+08 3.46798e+08 3.33769e+08 4.46125e+08 2.98492e+08 2.79246e+08 3.41484e+08 2.24343e+08 2.21936e+08 9.44341e+08 2.25047e+08 3.60114e+08 2.13714e+08 2.04275e+08 1.88646e+08 1.83508e+08 1.7163e+08 1.53856e+08 1.40037e+08 1.62019e+08 2.94912e+08 1.39597e+08 1.34137e+08 1.34616e+08 1.31287e+08 1.9369e+08 3.14332e+08 2.43243e+08 1.82166e+08 1.80338e+08 1.77461e+08 1.28866e+08 1.45551e+08 1.63438e+08 1.24097e+08 1.20423e+08 1.19195e+08 1.3073e+08 1.18513e+08 1.14887e+08 1.14865e+08 1.21202e+08
threshold=0.67893700000000012 0.00057750000000000011 0.0024175000000000004 -0.0059454999999999994 1888279.0000000002 6.5000000000000013e-06 0.00010350000000000001 97293.000000000015 0.94509250000000011 0.052283000000000003 886893.00000000012 5406.0000000000009 182527.00000000003 37006.000000000007 0.009300000000000001 0.050302500000000007 15860.500000000002 0.92514000000000018 0.046726000000000011 0.025577000000000006 0.49003550000000001 19373.500000000004 1238330.0000000002 25668.000000000004 0.00012050000000000002 0.041114000000000005 0.91595400000000005 0.054875500000000008 4.500000000000001e-06 0.00082200000000000014 -0.14644149999999997 4.3500000000000007e-05 2395.0000000000005 2617.5000000000005 17497.000000000004 95705.500000000015 0.00057450000000000003 0.00096250000000000014 -0.00099449999999999994 0.00027750000000000002 0.00096850000000000007 495090.00000000006 1.8500000000000006e-05 1619550.0000000002 0.00044450000000000007 0.007578500000000001 26523.000000000004 0.014777 1.0000000180025095e-35 0.17539850000000004 0.0013130000000000001 129495.50000000001
decision_type=2 2 2 2 2 2 2 2 2 2 2 2 2 2 2 2 2 2 2 2 2 2 2 2 2 2 2 2 2 2 2 2 2 2 2 2 2 2 2 2 2 2 2 2 2 2 2 2 2 2 2 2
left_child=1 41 10 6 5 22 7 11 12 15 34 -2 13 -5 -7 16 -8 -13 19 44 21 -20 28 -11 -10 -18 27 -15 50 46 32 -24 -31 -34 48 36 37 -36 -37 40 -39 -1 -43 -44 -16 -6 -30 -48 -3 -32 -4 -52
right_child=3 2 4 8 45 14 9 -9 24 23 -12 17 -14 26 18 -17 25 -19 20 -21 -22 -23 31 -25 -26 -27 -28 -29 29 30 49 -33 33 -35 35 38 -38 39 -40 -41 -42 42 43 -45 -46 -47 47 -49 -50 -51 51 -53
leaf_value=0.065278059198502436 77.421577679809218 15.179172708020834 10.586844895454954 108.39187699923644 1.461948404319094 -1.9844342199105836 9.578081605364817 8.3763647197611988 155.73633588988946 237.55135741385897 1.2710803853164245 251.86906753933661 58.992858471138732 322.94440195270806 7.2981341926006893 -95.68939833120065 57.225020296765514 109.70523189971074 -152.03113564374266 227.08028375503733 20.076192900816199 1.993677044723384 6.6529487571021253 79.387211090299687 -8.3684205017965052 192.01181924368822 195.87131304769014 214.56876582628126 -8.1690266300844065 -9.5008139570679067 -6.8158372663678408 29.915986006745214 175.7607753943748 48.72434632450895 45.563233548012349 7.8483677792459785 5.2008462761921193 5.3856110944647222 3.1490350425171072 -80.499410508808168 25.269141027367208 -0.26271374130476305 1.9833223119464676 -0.28762731587240004 27.498078404328389 21.918511431282596 13.954323755839622 39.62631487067884 -3.0315985695643062 -92.521780097208236 48.602170188860427 3.623448661966842
leaf_weight=3265549.7486343384 36 560 21710.001728057861 38 29006.032341003418 9971.0072002410889 129 38 20 20 159541.19191932678 65 20 57 1410.0008640289307 23 31 21 41 30 71 46 25063.013536453247 28 20 27 45 28 343 20 765.00057601928711 374 22 26 430 13281.003744125366 9225.0080642700195 1211.0023040771484 104569.06624221802 28 1363 5812711.3223800659 88775.326314926147 92391.527791976929 628 417 22413.008640289307 287 5777.0074882507324 23 87 5183.0020160675049
leaf_count=1181529 36 560 21668 38 28257 9796 129 38 20 20 155005 65 20 57 1389 23 31 21 41 30 71 46 24734 28 20 27 45 28 343 20 751 374 22 26 430 13190 9029 1155 102959 28 1363 1620048 80844 79805 628 417 22203 287 5595 23 87 5134
internal_value=0.0471926 0.0393142 3.7319 118.016 6.87772 8.58162 83.1461 136.143 181.943 50.275 2.47844 175.938 204.97 222.346 0.809303 28.5425 43.8289 217.167 13.3234 16.6223 -29.851 -70.598 9.82381 145.32 73.707 119.989 255.648 287.27 11.2381 13.345 -2.80137 6.99501 72.7104 106.973 3.89019 4.14894 8.67094 19.2288 3.67862 14.8766 15.9146 -0.125754 -0.229832 0.825182 13.5228 1.75189 13.9448 14.2789 -1.42226 -9.31899 9.37177 4.36616
internal_weight=9.674e+06 9.67335e+06 413921 646 117936 88513 418 160 228 258 295985 122 188 168 12197 210 187 86 2226 2068 158 87 76316 48 40 58 130 85 50879 23899 856.001 25437 68 48 136444 130107 12257 3032 117850 2602 2574 9.25943e+06 5.99388e+06 181167 2038 29423 23043 22700 6337.01 788.001 26980 5270
internal_count=3368533 3367887 405661 646 116347 87673 418 160 228 258 289314 122 188 168 12001 210 187 86 2205 2047 158 87 75672 48 40 58 130 85 50564 23675 842 25108 68 48 134309 128154 12005 2976 116149 2546 2518 2962226 1780697 160649 2017 28674 22833 22490 6155 774 26889 5221
is_linear=0
shrinkage=0.0377967


Tree=56
num_leaves=53
num_cat=0
split_feature=13 4 11 7 4 5 11 15 11 11 11 11 11 14 11 14 14 6 11 4 15 4 15 11 6 15 7 13 14 10 6 6 5 10 14 13 6 15 7 13 10 6 13 13 13 11 14 15 14 15 10 14
split_gain=1.81691e+08 1.31758e+08 7.9401e+07 7.88496e+07 1.79608e+08 7.73491e+07 1.86069e+08 8.33474e+07 7.35801e+07 3.49602e+08 2.76429e+08 2.75773e+08 2.11322e+08 2.26122e+08 2.07001e+08 1.69976e+08 3.15019e+08 1.18081e+08 6.72922e+07 8.21566e+07 9.1752e+07 7.20527e+07 6.53303e+07 6.44385e+07 4.7436e+07 5.75807e+07 4.22901e+07 3.93503e+07 3.60351e+07 3.41506e+07 8.78147e+07 7.59826e+07 6.77395e+07 4.61057e+07 4.54518e+07 3.8707e+07 6.56671e+07 6.30844e+07 5.33046e+07 3.60213e+07 3.41452e+07 3.28274e+07 3.86656e+07 3.39866e+07 3.23872e+07 3.15701e+07 1.44896e+08 3.0227e+07 6.0854e+07 3.31321e+07 2.98989e+07 2.93444e+07
threshold=-0.16861499999999999 8.1500000000000016e-05 0.94009900000000013 0.93469650000000015 0.95752500000000007 0.92514000000000018 0.00037950000000000006 0.053738500000000008 0.00037750000000000007 0.00036750000000000004 0.00038550000000000005 0.00041650000000000004 0.20375800000000002 0.025577000000000006 0.00039550000000000007 0.025577000000000006 0.054875500000000008 0.9135660000000001 0.96218650000000017 0.91397700000000015 0.033185500000000007 0.71441150000000009 1.5000000000000002e-06 0.00035250000000000006 0.51606700000000016 0.037011000000000009 8.5000000000000016e-06 0.0028015000000000006 0.025577000000000006 0.00098150000000000038 0.001384 0.0020175000000000006 0.00079550000000000009 0.0055970000000000013 1.0000000180025095e-35 -0.0031369999999999996 0.0024460000000000007 5.5000000000000007e-06 0.0010815000000000002 -0.0022819999999999997 0.00012450000000000002 0.0012625000000000004 -0.0015034999999999998 -0.0012004999999999997 -0.0027699999999999995 0.22499750000000004 0.013005500000000001 2.1500000000000004e-05 6.5000000000000013e-06 7.5000000000000002e-06 0.0011485000000000004 3.5000000000000004e-06
decision_type=2 2 2 2 2 2 2 2 2 2 2 2 2 2 2 2 2 2 2 2 2 2 2 2 2 2 2 2 2 2 2 2 2 2 2 2 2 2 2 2 2 2 2 2 2 2 2 2 2 2 2 2
left_child=2 -2 3 4 5 7 -7 8 9 23 -10 14 13 -13 -12 17 -17 -14 19 20 21 -4 -15 -1 -20 -26 -3 29 -9 30 39 34 -32 50 -31 36 -34 38 -37 -28 45 43 -43 -36 47 -38 -47 48 -35 -50 -33 -39
right_child=1 26 18 -5 -6 6 -8 28 10 -11 11 12 15 22 -16 16 -18 -19 24 -21 -22 -23 -24 -25 25 -27 27 -29 -30 31 32 33 35 44 41 37 40 51 -40 -41 -42 42 -44 -45 -46 46 -48 -49 49 -51 -52 -53
leaf_value=143.38669535119701 -0.025365498457871796 75.427219739227326 102.64558500752869 -148.97136491190219 431.86121810146312 218.01474815161345 -306.67692052767131 162.66696214179134 -350.59769512020011 600.81423267503942 36.672916285895241 109.10850994721491 -265.64280834552045 -236.33446107559797 668.96332735163196 584.8832564634065 78.384829533983208 116.46299665955968 268.89047593423595 -287.87645445560071 209.18638738906839 -268.13140095430248 -613.78212943686981 -146.97348690807777 -138.73975198747121 168.44754110474054 -64.268278143856378 9.0242983935606933 442.14373966261087 0.34883209234231377 82.655999333105825 -45.298209239586328 -52.471431074974177 133.27005741420217 25.329625979463493 140.36885263050831 3.4073372998948557 14.438681013925596 24.704642842362343 1.4990173539516229 20.345504391125921 8.3831170704855129 -4.6384412286833232 5.0325862791865204 -18.301213475710668 291.29765833685963 -66.3946061845201 -1.945947924316358 6.877003859715094 63.51559549426166 -10.030916847518871 -28.676625787478056
leaf_weight=39 9290819.5977706909 191 20 30 38 29 36 21 36 35 20 37 37 24 32 40 108 40 25 35 30 33 20 34 29 29 199 23103.014183044434 23 133757.29678535461 327 595.00028800964355 424 130 1995.0002880096436 96 10442.006336212158 707.00201606750488 7089.0064258575439 38816.075510025024 4476.0034561157227 7770.0023040771484 17941.00489616394 116880.07611846924 781.00057601928711 47 63 1042.0020160675049 898.00172805786133 338.00028800964355 14505.005760192871 800.00172805786133
leaf_count=39 2733760 191 20 30 38 29 36 21 36 35 20 37 37 24 32 40 108 40 25 35 30 33 20 34 29 29 199 22767 23 126596 327 588 424 130 1988 96 10288 658 6935 36996 4392 7714 17822 115067 767 47 63 993 856 331 14365 758
internal_value=0.0966088 0.0902356 70.1571 95.3582 106.657 86.4222 -72.5643 105.352 87.5109 200.26 56.5985 97.5587 41.7628 -171.78 425.803 118.646 215.312 -67.1399 -14.9676 -89.7935 -6.23278 -128.196 -407.991 8.14917 91.397 14.8504 2.89147 2.85532 308.815 2.45955 5.70535 1.76487 12.9465 -7.86273 2.39747 12.0023 7.37173 20.2342 26.2504 1.16352 9.06023 4.29268 -0.70323 5.37323 8.98396 4.27311 86.4425 17.8338 32.9225 22.3665 -11.4207 -8.44888
internal_weight=9.67511e+06 9.67423e+06 880 679 649 611 65 546 502 108 394 358 306 81 52 225 148 77 201 118 83 53 44 73 83 58 383413 383222 44 360118 63486.1 296632 24471 18289 278343 24144 15452 8692.01 7185.01 39015.1 15028 144586 25711 118875 3189 10552 110 2408 1366 1236 15100 1507
internal_count=3105998 3105118 880 679 649 611 65 546 502 108 394 358 306 81 52 225 148 77 201 118 83 53 44 73 83 58 371358 371167 44 348400 61183 287217 23988 18030 269187 23661 15214 8447 7031 37195 14790 142591 25536 117055 3077 10398 110 2310 1317 1187 14953 1416
is_linear=0
shrinkage=0.154197


Tree=57
num_leaves=53
num_cat=0
split_feature=6 3 2 0 13 11 11 3 13 11 11 6 0 9 6 9 3 6 9 9 4 13 13 10 9 9 2 3 10 3 9 3 0 11 11 0 13 13 13 10 11 2 13 10 10 13 10 13 6 2 10 11
split_gain=1.14661e+11 8.40782e+10 1.82055e+10 1.63559e+10 6.78969e+09 6.2181e+09 4.80066e+09 2.673e+09 2.05038e+09 1.84974e+09 2.82111e+09 3.09452e+09 1.50218e+09 1.46184e+09 1.79623e+09 1.95272e+09 1.02952e+09 1.01809e+09 1.57554e+09 1.00956e+09 9.62325e+08 8.5563e+08 1.47392e+09 6.3972e+08 5.67727e+08 1.91148e+09 5.49468e+08 5.32246e+08 5.07696e+08 3.41869e+08 3.31544e+08 2.51303e+08 3.68321e+08 2.24403e+08 2.20043e+08 2.08135e+08 1.9557e+08 1.851e+08 1.84892e+08 1.73354e+08 1.48432e+08 1.45458e+08 1.33699e+08 1.27707e+08 1.19501e+08 1.82142e+08 1.43268e+08 1.15627e+08 1.08319e+08 9.90898e+07 9.87789e+07 9.51795e+07
threshold=0.51606700000000016 0.0019315000000000003 0.00053650000000000019 0.91397700000000015 -0.91149699999999989 0.94009900000000013 0.94009900000000013 0.0037315000000000004 -0.16861499999999999 0.28534100000000007 0.00037550000000000002 0.89377350000000011 0.92730450000000009 0.00018650000000000003 0.89377350000000011 0.006336500000000001 0.0024975000000000002 0.9135660000000001 0.0073525000000000005 0.0005685000000000001 0.0032395000000000006 -0.033041499999999994 -0.0091999999999999981 7.3500000000000011e-05 0.0058080000000000015 0.0015215000000000003 5.8500000000000006e-05 0.0059390000000000007 0.79169000000000012 0.00076350000000000018 0.0089820000000000021 0.31883150000000005 0.71441150000000009 0.00040850000000000006 0.00042250000000000008 0.95752500000000007 -0.0058789999999999988 0.0024115000000000004 0.0013945000000000001 0.11878000000000001 0.00038250000000000008 0.0024125000000000006 -0.93469649999999993 0.00062350000000000014 0.00098950000000000015 -0.00030349999999999995 0.0043625000000000009 0.00025750000000000008 0.0014550000000000003 0.011825500000000001 0.0041415000000000011 0.021889000000000002
decision_type=2 2 2 2 2 2 2 2 2 2 2 2 2 2 2 2 2 2 2 2 2 2 2 2 2 2 2 2 2 2 2 2 2 2 2 2 2 2 2 2 2 2 2 2 2 2 2 2 2 2 2 2
left_child=1 2 26 5 42 13 9 16 24 10 12 33 -6 34 15 19 38 18 -11 -15 27 -22 23 -23 25 31 -1 41 49 -4 -26 -9 -33 -12 40 -8 39 44 43 51 -2 -10 -5 48 -18 46 -46 50 -3 -25 -31 -24
right_child=3 7 29 4 6 -7 35 8 20 17 11 -13 -14 14 -16 -17 37 -19 -20 -21 21 22 36 28 30 -27 -28 -29 -30 47 -32 32 -34 -35 -36 -37 -38 -39 -40 -41 -42 -43 -44 -45 45 -47 -48 -49 -50 -51 -52 -53
leaf_value=1.4649374544939744 263.52797146839112 15.77797146184048 7.6051807469647317 279.0607280185252 738.67968791424255 22.526772887742613 279.42327508658798 72.824800628344676 17.649424583354886 1269.7341853054527 277.35524753302047 812.76242019317795 1094.9579579531608 583.58391147181976 318.97333327048477 323.96066256272178 31.030700130846199 772.41404693615686 875.31824015649158 922.46319237866021 13.398046599690938 56.647300747730768 54.000697502271791 88.985835204876608 2.9715216196589767 504.34797058677373 2.8539968041844817 9.7351862716900399 24.340234440201467 11.47742034140647 169.35143665669884 245.63305379454985 87.134511612176894 445.45397922180058 194.00200935884448 446.90495984254198 36.729672869940195 32.648140452560973 28.99347785795414 23.221692102426182 394.50562152015925 35.897417289992617 380.4039322455385 16.29684907787793 18.24167084940693 28.2335342361839 30.576464186972242 16.83531785398997 31.41472365113502 110.66234911201329 7.6913927638985697 19.582873250077839
leaf_weight=8858485.6654949188 28 971.00115203857422 35649.096771240234 32 37 85 20 52 598.00028800964355 21 23 37 28 29 61 25 15221.003456115723 39 39 20 907.00086402893066 1387 2383.0005760192871 533 45 22 399543.28970909119 1111.0046081542969 131 232448.29195976257 25 45 35 20 32 20 4162.0017280578613 16175.002592086792 2283.0005760192871 306 20 30420.004608154297 39 12557.01513671875 4695.0023040771484 37994.010080337524 1730.0002880096436 5226.0014400482178 1535.0002880096436 605 9635.0267848968506 113
leaf_count=2400159 28 943 33297 32 37 85 20 52 591 21 23 37 28 29 61 25 15137 39 39 20 886 1387 2369 533 45 22 321175 999 131 225413 25 45 35 20 32 20 4120 16112 2269 306 20 30308 39 12200 4639 37749 1723 5191 1528 605 8984 113
internal_value=2.24532 2.2125 1.80469 486.992 655.31 287.819 735.432 30.8137 38.3839 796.429 712.944 567.139 892.281 392.696 466.251 587.605 27.3293 918.627 1013.54 722.047 37.8033 47.4177 50.6251 73.8481 148.943 188.27 1.52488 34.6531 92.6477 10.9596 62.4165 135.551 176.307 355.642 268.536 363.285 41.768 29.1717 19.2768 49.2516 318.168 35.5456 334.788 17.804 28.2288 27.2687 21.563 11.4431 25.3561 100.511 11.3267 52.4426
internal_weight=9.67768e+06 9.67703e+06 9.54099e+06 655 355 300 284 136041 42880 244 145 80 65 215 135 74 93161 99 60 49 42656 10527 9620 2656 224 154 9.25803e+06 32129 1269 282958 70 132 80 43 80 40 6964 75815 17346 2802 48 31018 71 15063 59640 44419 6425 247309 2506 1138 242083 2496
internal_count=3129746 3129091 2994219 655 355 300 284 134872 42572 244 145 80 65 215 135 74 92300 99 60 49 42348 10450 9564 2656 224 154 2721334 31898 1269 272885 70 132 80 43 80 40 6908 75360 16940 2788 48 30899 71 14671 59248 44111 6362 239588 2471 1138 234397 2482
is_linear=0
shrinkage=0.0366397


Tree=58
num_leaves=53
num_cat=0
split_feature=1 3 12 3 12 7 3 1 12 6 1 9 11 9 3 12 1 12 13 9 12 3 11 11 11 1 12 6 7 11 9 11 3 11 7 11 1 12 6 6 9 12 11 11 9 10 10 13 7 1 7 13
split_gain=4.8964e+10 3.56341e+10 1.00393e+10 8.14453e+09 2.99519e+09 2.71158e+09 1.2036e+09 1.06033e+09 2.90141e+09 1.02913e+09 9.05342e+08 8.96562e+08 8.08705e+08 7.7331e+08 6.71321e+08 5.70176e+08 5.52598e+08 1.17884e+09 5.46253e+08 5.38175e+08 5.35429e+08 5.65798e+08 4.81998e+08 4.30194e+08 1.07819e+09 4.23609e+08 3.88953e+08 3.01998e+08 2.94225e+08 2.93327e+08 2.78715e+08 2.58532e+08 2.44432e+08 2.39023e+08 2.27659e+08 2.26583e+08 2.01898e+08 1.90395e+08 1.85998e+08 1.75885e+08 1.75615e+08 1.71442e+08 1.61512e+08 1.39907e+08 1.28464e+08 1.20483e+08 1.16912e+08 1.10111e+08 1.03307e+08 1.02066e+08 9.80766e+07 4.79948e+08
threshold=0.67893700000000012 0.0021030000000000003 -0.14644149999999997 0.00032150000000000006 -0.0078809999999999974 0.91149700000000011 0.75452300000000017 0.19902250000000002 -0.032569999999999995 0.89377350000000011 0.91422250000000005 0.00070650000000000021 0.00037550000000000002 5.7500000000000009e-05 0.0036135000000000004 0.0044165000000000012 0.92514000000000018 -0.0038389999999999995 0.00049950000000000005 0.0089820000000000021 -0.0078809999999999974 0.0090670000000000021 4.7500000000000009e-05 0.94009900000000013 0.91575650000000008 0.91422250000000005 -0.0052394999999999994 0.9135660000000001 0.93469650000000015 6.0500000000000007e-05 0.0099855000000000013 0.00038950000000000003 8.9500000000000021e-05 0.94009900000000013 0.00047850000000000003 0.0084700000000000018 0.0012895000000000001 -0.0013549999999999997 0.010680000000000002 0.00038750000000000004 0.0003765000000000001 0.00010250000000000001 4.7500000000000009e-05 0.026408500000000005 0.0052845000000000001 0.00083250000000000023 0.9383625000000001 0.0023590000000000004 0.00038750000000000004 0.0011625000000000001 0.00028750000000000005 0.00025750000000000008
decision_type=2 2 2 2 2 2 2 2 2 2 2 2 2 2 2 2 2 2 2 2 2 2 2 2 2 2 2 2 2 2 2 2 2 2 2 2 2 2 2 2 2 2 2 2 2 2 2 2 2 2 2 2
left_child=1 3 30 32 6 9 -4 14 13 11 -11 -6 -8 35 34 20 26 -18 22 40 -16 48 -5 24 25 27 -12 -14 -7 -17 31 -2 -1 -33 47 -9 -20 -24 -31 -36 -15 45 -23 46 -42 -38 -44 -3 -22 -34 -39 -52
right_child=2 7 4 18 5 28 12 8 -10 10 16 -13 23 19 15 29 17 -19 36 -21 21 42 37 -25 -26 -27 -28 -29 -30 38 -32 33 49 -35 39 -37 41 50 -40 -41 44 -43 43 -45 -46 -47 -48 -49 -50 -51 51 -53
leaf_value=-0.2759234486219645 146.2441834444686 20.86765765425675 572.18127359856658 -0.51328584219525775 549.9946648224518 379.95103411591629 524.57270061016993 308.75086369804245 588.56621952755734 293.69054007039693 583.40556864431016 875.74302502272258 142.09653180812074 52.15511471421263 2.7413609633544112 -54.70380975925265 265.82678811570884 631.69472294160528 10.303032325548559 189.84936920274728 33.517266617739473 5.3239104613566264 12.606856001191801 100.04163636765466 549.84814791832059 360.26778046134081 774.76312822477109 312.7632041384548 199.1637001440094 30.573580751275976 189.11358479343372 -112.82435192198659 0.81520619578916498 33.210860888778079 2.6249687880583719 133.83237042697644 14.808430034760233 4.0783061219182004 68.455235610998628 18.102643920021507 -117.23939636834163 20.921047341383616 54.326698133712682 -19.504587162622702 -11.947481616850189 51.950894078881127 15.994216841244208 26.843368841636309 24.226200910813343 11.82425969471959 6.7188168119522507 41.061632423019162
leaf_weight=8899584.9861011505 23 21921.009735107422 31 16523.101181030273 24 32 23 20 20 21 45 37 62 38 1815.0086402893066 41 24 41 2007.0018177032471 25 2162 152 9278.002592086792 24 23 36 31 25 30 306 20 27 334612.08841133118 67 1294.0021953582764 35 196 24709.033531188965 818 49980.018842697144 34 2018.0002880096436 1791 49 48 640 148.00028800964355 6986.00124168396 41964.01389503479 1453.0011520385742 254350.17493247986 701
leaf_count=2430484 23 21704 31 14066 24 32 23 20 20 21 45 37 62 38 1605 41 24 41 1965 25 2162 152 9215 24 23 36 31 25 30 306 20 27 284294 67 1245 35 196 23918 818 49546 34 2011 1791 49 48 640 141 6958 41635 1425 250192 701
internal_value=0.304694 0.280602 361.134 -0.012531 445.908 535.052 332.472 21.8643 112.778 602.468 547.752 747.672 293.937 65.1676 21.7098 25.5188 585.572 496.664 6.5911 14.9674 24.8245 25.6909 6.37179 262.701 289.433 240.693 661.544 191.174 292.532 54.1703 46.1953 21.7369 -0.234488 -8.74182 19.3704 197.477 20.3762 6.76539 58.1427 17.712 -21.4825 27.4599 46.5044 49.653 -55.6147 43.2432 51.401 22.3118 24.6814 0.862806 6.57166 6.81321
internal_weight=9.67637e+06 9.67572e+06 646 9.54607e+06 509 285 224 129647 220 223 162 61 193 200 129427 49246 141 65 310422 145 48081 46266 305561 170 146 123 76 87 62 1165 137 117 9.23565e+06 94 80181 55 4861 289038 1124 51274 120 2854 2140 1988 82 836 1939 28907 44126 336065 279760 255051
internal_count=3148126 3147480 646 3019107 509 285 224 128373 220 223 162 61 193 200 128153 48700 141 65 302904 145 47535 45930 298092 170 146 123 76 87 62 1165 137 117 2716203 94 79453 55 4812 284026 1124 50791 120 2847 2133 1981 82 836 1932 28662 43797 285719 274811 250893
is_linear=0
shrinkage=0.0414481


Tree=59
num_leaves=53
num_cat=0
split_feature=0 3 16 2 3 9 16 16 16 16 16 16 3 16 2 16 16 16 16 16 14 3 14 16 16 16 0 16 9 16 14 16 15 9 14 3 16 14 5 16 15 9 16 5 9 16 15 15 16 14 15 16
split_gain=2.64523e+09 1.96207e+09 7.38675e+08 4.92842e+08 3.77849e+08 5.08173e+08 3.75729e+08 2.87794e+08 2.69139e+08 2.5979e+08 2.39206e+08 2.38373e+08 1.59221e+08 1.95752e+08 3.3062e+08 1.8818e+08 2.45047e+08 1.57329e+08 1.26633e+08 1.17242e+08 9.9088e+07 8.98579e+07 9.72307e+07 1.25784e+08 7.5491e+07 7.13429e+07 6.57919e+07 6.76978e+08 2.10923e+08 7.10651e+08 3.63798e+08 2.97337e+08 5.07883e+08 2.28148e+08 9.17322e+07 6.62498e+07 5.63901e+07 7.93057e+07 6.97905e+07 5.61653e+07 5.53664e+07 5.31773e+07 5.1106e+07 5.54131e+07 5.47286e+07 9.01844e+07 2.79353e+08 5.05864e+07 5.05238e+07 5.12244e+07 6.27529e+07 4.74192e+07
threshold=0.8177930000000001 0.0023025000000000003 5406.0000000000009 0.00037150000000000003 0.75452300000000017 0.0078670000000000007 2008051.0000000002 5231.5000000000009 144372.00000000003 15860.500000000002 12985.500000000002 23288.000000000004 0.9127780000000002 28913.500000000004 0.90392850000000002 45098.000000000007 93380.000000000015 5073.0000000000009 1144146.5000000002 64260.500000000007 0.025577000000000006 0.0037870000000000004 1.4500000000000002e-05 895933.00000000012 4995.0000000000009 161042.00000000003 0.23513350000000002 24713.500000000004 0.0020215000000000003 2427.0000000000005 0.21783400000000003 2664.0000000000005 0.0034125000000000002 0.00036250000000000008 0.00019300000000000003 0.016717500000000007 210474.50000000003 5.5000000000000007e-06 0.00055350000000000006 61733.500000000007 0.033185500000000007 0.00035850000000000004 21887.500000000004 7.5000000000000002e-06 5.5500000000000007e-05 9784.5000000000018 0.0011290000000000002 0.00013950000000000003 29941.000000000004 7.5000000000000002e-06 5.1500000000000005e-05 2464782.0000000005
decision_type=2 2 2 2 2 2 2 2 2 2 2 2 2 2 2 2 2 2 2 2 2 2 2 2 2 2 2 2 2 2 2 2 2 2 2 2 2 2 2 2 2 2 2 2 2 2 2 2 2 2 2 2
left_child=1 3 7 -1 5 -4 21 17 9 10 -6 -11 13 -13 -15 -16 41 24 -5 -14 25 22 23 36 40 -10 34 28 31 -30 -31 33 -33 -28 35 48 38 -38 -3 -40 -2 -17 44 -44 -36 46 -46 -18 -23 -50 -51 -8
right_child=2 6 4 18 8 -7 51 -9 20 11 -12 12 19 14 15 16 47 -19 -20 -21 -22 26 -24 -25 -26 -27 27 -29 29 30 -32 32 -34 -35 42 -37 37 -39 39 -41 -42 -43 43 -45 45 -47 -48 -49 49 50 -52 -53
leaf_value=0.40815888915267085 235.6808851673523 35.412023928992006 1103.3960583861572 8.8209255697861817 375.2850878499346 166.55003064898119 8.0843687359470202 -377.65510717106952 105.70272071770091 762.54596597839111 -260.87958868461249 70.531396830933545 369.03085085136286 893.97840151058699 -18.037460475777031 761.26450677408411 123.98740187924039 404.02761249594687 2.8722004829159626 -31.48137794705411 313.08109653779775 -28.900901481358545 2.3655590055775768 15.799683827700314 -243.02525642153216 -262.60849106823639 192.16448818477477 881.31956284466287 438.73268211598304 -956.86414740957457 -176.84814531841408 -45.642915016204107 870.83634234852536 -382.54744462089184 -18.960733362898281 87.87842468340061 28.181855879494151 50.017814760342453 38.607358817553468 -8.508505192397422 -77.649395932276207 505.13512202392371 16.859990780503729 -39.160675968644647 -112.19744097383746 44.260962771714567 662.69148175293776 371.38565570392871 26.666370476531917 44.041625577912114 7.9157266020296015 -5.0749588786798689
leaf_weight=9237082.3303775787 27 2287.0008640289307 33 181948.15619087219 27 20 17881.006048202515 34 26 41 24 27 33 36 20 42 29 29 133424.12007522583 30 24 303 5900.0028800964355 31966.012096405029 20 20 33 22 29 20 36 26 26 27 266.00028800964355 442 18240.006048202515 4451.0008640289307 697 2483.0005760192871 22 30 684.00230407714844 854.00028800964355 20 397 20 46 18150.008352279663 8751.0037441253662 1173.0005760192871 8784.0081348419189
leaf_count=2636187 27 2266 33 178154 27 20 17734 34 26 41 24 27 33 36 20 42 29 29 130547 30 24 303 5830 31672 20 20 33 22 29 20 36 26 26 27 259 442 18093 4430 697 2469 22 30 628 847 20 397 20 46 17947 8660 1159 8595
internal_value=0.860454 0.840733 299.018 0.602816 379.341 749.929 19.1737 -10.0719 336.156 384.253 75.9284 431.331 384.956 441.541 490.886 403.938 461.358 117.472 6.30421 178.336 71.6072 23.4005 20.3328 22.0959 -2.99591 -54.4341 29.876 109.981 23.7899 -150.395 -455.542 155.989 412.64 -66.455 29.3111 31.5338 29.2435 32.4652 15.8717 1.81841 94.9921 654.618 0.727942 -14.246 33.4878 65.4145 275.276 275.766 30.6561 31.299 39.7717 3.74939
internal_weight=9.67706e+06 9.67642e+06 640 9.55245e+06 508 53 123968 132 455 385 51 334 293 230 203 167 147 98 315372 63 70 97303 66024 60124 69 46 31279 219 197 85 56 112 52 60 31060 28819 28158 22691 5467 3180 49 72 2241 1538 703 437 40 75 28377 28074 9924 26665
internal_count=3068215 3067575 640 2944888 508 53 122687 132 455 385 51 334 293 230 203 167 147 98 308701 63 70 96358 65457 59627 69 46 30901 219 197 85 56 112 52 60 30682 28511 27955 22523 5432 3166 49 72 2171 1475 696 437 40 75 28069 27766 9819 26329
is_linear=0
shrinkage=0.146666


Tree=60
num_leaves=53
num_cat=0
split_feature=0 7 12 13 13 7 12 14 13 11 14 12 7 6 0 0 6 15 11 0 6 12 11 14 14 14 14 13 7 6 11 14 12 13 7 13 14 15 6 13 13 0 11 12 11 15 13 12 7 14 7 14
split_gain=1.0073e+11 6.50899e+10 1.91347e+10 1.39404e+10 1.13221e+10 9.62568e+09 6.77988e+09 3.36467e+09 2.6331e+09 1.90894e+09 1.69356e+09 1.53245e+09 2.38539e+09 9.4057e+08 8.54538e+08 1.38592e+09 1.00262e+09 8.61805e+08 8.14709e+08 7.81386e+08 1.40217e+09 1.35928e+09 7.07309e+08 6.30767e+08 6.19933e+08 6.07905e+08 6.0001e+08 8.40697e+08 8.40061e+08 5.80405e+08 4.0971e+08 3.44906e+08 3.23092e+08 3.18862e+08 3.04202e+08 2.9599e+08 2.42556e+08 2.39953e+08 1.97782e+08 1.89149e+08 1.83011e+08 1.52156e+08 1.4461e+08 1.44168e+08 1.60436e+08 2.44114e+08 1.42467e+08 1.33278e+08 1.31751e+08 1.1178e+08 1.17953e+08 1.06773e+08
threshold=0.8177930000000001 0.00030950000000000004 -0.0078809999999999974 0.0014030000000000002 -0.0025334999999999997 0.91149700000000011 -0.14644149999999997 0.0087735000000000018 0.00092000000000000014 0.00037550000000000002 0.025577000000000006 0.0099170000000000022 0.16861500000000004 0.0047140000000000003 0.92730450000000009 0.95752500000000007 0.89377350000000011 0.041114000000000005 4.7500000000000009e-05 0.91397700000000015 0.89377350000000011 -0.0033639999999999994 0.041046000000000006 3.5000000000000004e-06 0.025577000000000006 0.046726000000000011 0.00034050000000000004 -0.0095559999999999985 0.16861500000000004 3.6500000000000006e-05 0.28534100000000007 0.025577000000000006 -0.0049834999999999992 -0.0016574999999999999 0.00044950000000000008 -1.5499999999999997e-05 3.5000000000000004e-06 0.050979000000000003 0.0014675000000000003 4.0500000000000009e-05 0.00026350000000000006 0.00017550000000000001 0.00028250000000000004 -0.14644149999999997 0.00039850000000000004 4.500000000000001e-06 -0.0058229999999999992 -0.0045529999999999989 0.010474500000000003 1.5000000000000002e-06 0.0012235000000000002 0.00034050000000000004
decision_type=2 2 2 2 2 2 2 2 2 2 2 2 2 2 2 2 2 2 2 2 2 2 2 2 2 2 2 2 2 2 2 2 2 2 2 2 2 2 2 2 2 2 2 2 2 2 2 2 2 2 2 2
left_child=1 8 6 4 11 10 22 -8 29 -9 30 13 48 32 16 17 -11 -16 38 25 -21 47 -2 -5 -7 -12 27 -15 -28 39 -4 -30 -3 -20 -25 -31 -10 -32 51 -1 49 -40 -34 44 -33 -46 -29 -22 -13 -35 -51 -6
right_child=2 3 5 23 18 24 7 9 36 14 19 12 -14 26 15 -17 -18 -19 33 20 21 -23 -24 34 -26 -27 28 46 31 35 37 43 42 40 -36 -37 -38 -39 41 -41 -42 -43 -44 -45 45 -47 -48 -49 -50 50 -52 -53
leaf_value=1.2857834346813799 215.40603610464308 4.9931900580417308 736.43458954049584 25.745366545532683 1.4269543087695222 143.26626719974428 98.401142468253823 726.36045119323933 24.939676844112437 668.91803464074098 598.31913324428001 18.499731816644076 468.88422770115596 64.148124318433901 115.46307266683667 547.11124581122931 390.06918856953666 390.82660926443918 15.308443548646876 1148.8731360111785 623.48696178599755 993.03588004586584 32.264234921327947 36.572278635634945 370.97585020433081 863.46534795858133 10.042321619309977 43.447018670402009 -31.352068260058783 2.5352890901042149 484.26516669878646 153.91091396595192 30.693237970993529 10.751697625847939 29.896060797853039 5.9728075182697431 44.321920391016789 651.16947406064821 42.461511424281539 2.4631819640410582 19.589543263528839 6.3717537633237988 24.675764476369444 179.88608154153812 -36.872126324547558 93.242846820471087 32.718593259513298 754.87873571138459 87.257255267236047 7.2557409773195669 10.513270251735513 15.646815381738575
leaf_weight=8840940.3626480103 36 776.00144004821777 34 43165.010656356812 15705.244808197021 26 39 29 2080 28 23 39 21 2067.0002880096436 32 27 39 26 18282.019905090332 23 20 35 102 12301.000288009644 36 21 1347.002592086792 3084.0011520385742 28 210865.46912956238 21 38 12858.00403213501 197240.24691390991 28746.005184173584 37192.099281311035 1340.0002880096436 23 272.00028800964355 175636.90782356262 2737.0028800964355 322.00028800964355 8292.0048961639404 26 22 105 3167.0005760192871 20 359 26880.050670623779 29348.042440414429 696.00086402893066
leaf_count=2390223 36 741 34 42906 9755 26 39 29 2080 28 23 39 21 2060 32 27 39 26 17820 23 20 35 102 12294 36 21 1284 3056 28 151699 21 38 12760 191241 28620 34840 1333 23 265 154454 2667 315 8173 26 22 105 3153 20 359 25655 28347 675
internal_value=2.00766 1.97818 447.686 15.8672 12.5174 666.564 275.274 397.716 1.36686 462.207 776.752 32.4988 99.9975 31.6097 411.764 336.898 506.678 238.955 10.3081 849.871 905.851 831.185 80.0601 28.7437 275.543 725.035 40.7085 44.5066 20.5346 1.35536 643.559 85.0646 27.508 10.7755 31.8968 3.05069 32.5339 571.637 2.75979 1.30872 10.452 22.8982 28.3341 102.136 89.8727 70.6992 38.0117 689.358 80.5203 10.3534 8.956 2.03041
internal_weight=9.67662e+06 9.67598e+06 640 407924 323712 282 358 220 9.26805e+06 181 220 32229 419 31810 152 85 67 58 291483 142 98 75 138 84212 62 44 9884 8318 1566 9.26463e+06 78 219 21926 274487 41047 248058 3420 44 16995.2 9.01658e+06 256205 594.001 21150 191 165 127 6251 40 398 253468 56228.1 16401.2
internal_count=3127694 3127054 640 392425 308605 282 358 220 2734629 181 220 31865 419 31446 152 85 67 58 276740 142 98 75 138 83820 62 44 9772 8269 1503 2731216 78 219 21674 265730 40914 186539 3413 44 11010 2544677 247910 580 20933 191 165 127 6209 40 398 245243 54002 10430
is_linear=0
shrinkage=0.0355269


Tree=61
num_leaves=53
num_cat=0
split_feature=4 8 11 8 4 11 11 9 14 11 8 1 14 11 8 6 8 8 8 9 9 6 9 11 14 4 1 14 9 9 11 6 11 9 14 11 11 8 14 8 9 9 10 14 8 6 6 9 14 10 10 14
split_gain=3.36843e+09 2.57346e+09 5.88679e+08 4.78037e+08 3.38406e+08 3.15534e+08 4.21916e+08 5.40243e+08 6.76247e+08 2.97602e+08 3.1003e+08 3.4871e+08 3.12582e+08 2.2248e+08 2.12439e+08 2.12189e+08 1.61447e+08 1.32313e+08 3.48311e+08 1.3196e+08 3.18879e+08 4.71468e+08 1.50867e+08 1.02872e+08 9.46643e+07 8.39203e+07 7.70067e+07 2.39106e+08 1.63436e+08 3.35045e+08 3.32617e+08 2.92554e+08 2.20625e+08 1.27683e+08 7.19144e+07 6.3115e+07 8.94505e+07 5.54634e+07 5.4173e+07 5.83239e+07 4.97194e+07 9.31466e+07 4.93936e+07 7.52449e+07 5.08385e+07 5.37023e+07 4.78027e+07 4.57119e+07 4.5318e+07 4.4235e+07 5.83063e+07 4.23149e+07
threshold=0.8177930000000001 0.0018595000000000003 0.94009900000000013 0.00080350000000000007 0.91397700000000015 0.00037050000000000006 0.91575650000000008 0.0010755000000000003 0.025577000000000006 0.058818000000000009 0.96647850000000013 0.91422250000000005 0.054875500000000008 0.00037950000000000006 0.92513900000000004 0.9135660000000001 0.0033555000000000004 0.96647850000000013 0.96228150000000012 0.00036050000000000009 0.0045875000000000013 0.89377350000000011 0.00034150000000000006 6.0500000000000007e-05 1.5000000000000002e-06 1.0000000180025095e-35 0.19902250000000002 0.046726000000000011 0.0094355000000000012 0.0078125000000000017 0.00039850000000000004 0.49003550000000001 0.22499750000000004 0.0003765000000000001 0.00027550000000000008 0.00038650000000000007 0.029495000000000004 7.4500000000000008e-05 0.019083500000000003 0.0064470000000000005 0.00036850000000000007 0.00074050000000000016 8.0500000000000019e-05 1.3500000000000001e-05 0.0083510000000000025 0.004572500000000001 2.0500000000000004e-05 0.0084735000000000001 0.00027550000000000008 0.00036150000000000011 0.00044450000000000007 1.2500000000000001e-05
decision_type=2 2 2 2 2 2 2 2 2 2 2 2 2 2 2 2 2 2 2 2 2 2 2 2 2 2 2 2 2 2 2 2 2 2 2 2 2 2 2 2 2 2 2 2 2 2 2 2 2 2 2 2
left_child=1 3 4 34 19 -6 9 8 -8 10 11 -7 -12 -13 -9 17 51 18 40 22 21 -21 35 -5 -25 -18 38 -28 29 30 -29 -32 -33 -34 37 -2 -37 46 39 48 -4 -42 44 -44 45 -41 -1 -22 -27 -45 -51 -3
right_child=2 16 15 23 5 6 7 14 -10 -11 12 13 -14 -15 -16 -17 25 -19 -20 20 47 -23 -24 24 -26 26 27 28 -30 -31 31 32 33 -35 -36 36 -38 -39 -40 42 41 -43 43 49 -46 -47 -48 -49 -50 50 -52 -53
leaf_value=0.66368402900789658 81.834864895639541 17.726236377765311 -271.10907134104906 -6.221161877638254 965.85550923097856 -260.40246012625323 499.96882416170297 701.60988465813864 1702.8905552082911 -166.44043636409916 384.93940575576005 705.27794470123001 1179.9463219083752 184.8805891648085 63.359459541307757 535.49773503351855 -2.8216686728809117 -264.62336396807774 622.12026754913302 1187.7041213381397 -32.654295694423659 183.46007844501119 -173.40713641362262 9.8353526088407808 1.5406101393800298 25.997859580754056 479.03821193211843 441.17746399623337 -334.5107071802982 689.35763406593492 -445.03183528790657 -285.84993478287555 551.61290100578844 47.845081465256037 54.836165019547138 605.71173007961386 211.57120284686047 2.320920556348756 -87.073652022379022 -16.676337882938633 252.48886609529421 -204.31034697563803 4.1883555255424181 103.95788783360918 17.787528342167224 67.949183378038271 6.1843943518679998 283.33685255477656 -127.83269075206925 -92.39112454005631 61.719700102888496 7.11928053994317
leaf_weight=8722561.86054039 31 86945.042695999146 22 11851.035137176514 35 23 21 25 23 24 26 35 21 43 24 20 2194.0123844146729 33 22 23 22 21 24 189754.10407447815 38949.014976501465 53709.019853591919 36 34 23 20 39 26 21 27 578 21 38 516737.81349754333 97 209.00057601928711 20 22 508.00028800964355 629 2606.0005760192871 1119 36994.177682876587 21 45 60 1467.0005760192871 9833.0020160675049
leaf_count=2112125 31 85916 22 10997 35 23 21 25 23 24 26 35 21 43 24 20 1893 33 22 23 22 21 24 187255 38585 53233 36 34 23 20 39 26 21 27 578 21 38 472825 97 195 20 22 501 629 2592 1119 32682 21 45 60 1453 9784
internal_value=1.30323 1.27997 352.876 0.956287 430.301 533.403 476.249 739.224 1128.97 334.02 415.193 263.837 740.311 418.451 389.106 73.8312 20.5766 -3.8105 96.2828 276.399 418.535 708.53 167.89 7.70129 8.42273 26.6234 27.6881 116.979 48.3509 101.105 21.0173 -105.435 73.5682 268.31 0.781386 258.923 351.943 0.778018 27.3543 27.5382 -84.5416 13.1995 41.137 57.2509 30.2248 54.6301 0.687 121.706 25.869 69.7534 55.6629 16.6485
internal_weight=9.67771e+06 9.67707e+06 640 9.51743e+06 501 300 265 93 44 172 148 101 47 78 49 139 159647 119 86 201 87 44 114 240554 228703 62869 60675 226 190 167 147 113 74 48 9.27687e+06 90 59 9.27629e+06 60449 60352 64 42 6598 2664 3934 1328 8.75956e+06 43 53754 2156 1527 96778
internal_count=3013430 3012790 640 2855047 501 300 265 93 44 172 148 101 47 78 49 139 157743 119 86 201 87 44 114 236837 225840 62043 60150 226 190 167 147 113 74 48 2618210 90 59 2617632 59924 59827 64 42 6549 2643 3906 1314 2144807 43 53278 2142 1513 95700
is_linear=0
shrinkage=0.153256


Tree=62
num_leaves=53
num_cat=0
split_feature=4 8 16 8 16 16 12 15 8 16 16 8 4 16 12 16 4 16 16 16 16 12 15 14 16 16 13 16 16 13 16 10 10 16 8 14 14 4 13 13 16 16 15 12 14 12 10 10 16 12 15 13
split_gain=1.41898e+09 1.12785e+09 4.04696e+08 2.35376e+08 2.33075e+08 1.90921e+08 1.87651e+08 1.74838e+08 5.78434e+08 4.09679e+08 4.05676e+08 2.34367e+08 4.50269e+08 2.92425e+08 1.49695e+08 3.18601e+08 2.16111e+08 1.77189e+08 1.61716e+08 1.99941e+08 1.33838e+08 9.85156e+07 2.66596e+08 8.75403e+07 8.53628e+07 8.03974e+07 1.05872e+08 1.55895e+08 1.07415e+08 1.49294e+08 1.85893e+08 9.46998e+07 7.53229e+07 6.41223e+07 9.24937e+07 8.07425e+07 6.38351e+07 8.78578e+07 5.97132e+07 5.85195e+07 5.5033e+07 5.37627e+07 1.04957e+08 5.5708e+07 5.3076e+07 4.8885e+07 4.88789e+07 4.88666e+07 5.60878e+07 4.86852e+07 7.73782e+07 4.84064e+07
threshold=0.8177930000000001 0.0024305000000000008 5206.5000000000009 0.00077450000000000012 1898489.0000000002 135877.50000000003 0.018189500000000001 0.00016050000000000003 0.96647850000000013 93380.000000000015 7591.0000000000009 0.95254850000000013 0.92730450000000009 36833.500000000007 -0.0066269999999999992 18577.000000000004 0.91397700000000015 12638.000000000002 38163.000000000007 60699.500000000007 66608.000000000015 0.018189500000000001 9.9000000000000008e-05 0.025577000000000006 5039.0000000000009 1942456.0000000002 -0.00039249999999999995 17693.500000000004 314966.00000000006 -0.00010349999999999998 121342.50000000001 0.0012375000000000001 0.0010325000000000002 118915.00000000001 0.0036365000000000004 0.00019300000000000003 6.8500000000000012e-05 1.0000000180025095e-35 -0.010135 -0.0010694999999999999 74077.500000000015 430643.00000000006 1.0000000180025095e-35 -0.0007874999999999999 1.0000000180025095e-35 -0.00037149999999999992 0.00011650000000000001 0.00059250000000000014 276678.50000000006 -0.00041649999999999993 1.4500000000000002e-05 -0.0001705
decision_type=2 2 2 2 2 2 2 2 2 2 2 2 2 2 2 2 2 2 2 2 2 2 2 2 2 2 2 2 2 2 2 2 2 2 2 2 2 2 2 2 2 2 2 2 2 2 2 2 2 2 2 2
left_child=1 3 24 -1 21 6 7 9 10 14 -9 12 13 -12 15 16 -4 -18 -16 -20 -15 33 -23 -7 -2 26 39 31 29 -29 32 -28 -31 49 36 38 41 -38 46 47 -21 42 43 -35 -30 -33 -36 48 -5 -3 -51 -46
right_child=2 4 5 25 -6 23 -8 8 -10 -11 11 -13 -14 20 18 -17 17 -19 19 40 -22 22 -24 -25 -26 -27 27 28 44 30 -32 45 -34 34 35 -37 37 -39 -40 -41 -42 -43 -44 -45 51 -47 -48 -49 -50 50 -52 -53
leaf_value=0.59346389163119284 48.778522388908456 -3.3694204249580371 907.05680475307224 -3.8913528997566016 4.0519428759098668 -45.06057297979693 849.85681652536641 -310.02183569256135 -580.05188837792514 -92.9877679412335 1079.4713217735016 902.92042720874406 -157.77587180459165 -26.425462074878812 -35.043168063310468 1259.9330231398023 -121.7154139768694 624.22502030390945 947.92707797648404 82.319080071779496 515.44701184058522 -22.058756737910727 767.16384282546994 341.15878196749838 -312.60841712916653 -1.1529163507792288 272.88628789909535 7.9691393715540055 3.9952360576126371 140.53926106844938 22.194174861212574 149.1374694311705 60.825150023863905 64.15401520904274 38.921974809926468 -10.561687289258719 -31.39258469411115 158.07915556752866 31.539480706985671 -2.517590802351318 503.20559507669964 16.14258386828892 9.4685770534467828 31.796045392342879 -15.958177444672677 23.040538038837418 97.906248365893575 5.1091454641021459 43.582224388486239 52.756805320017605 -16.874534239038127 12.680890518792918
leaf_weight=9273592.2813644409 58 5402.0020160675049 28 1218 31407.018484115601 58 25 27 25 36 25 29 41 20 21 26 20 21 24 20 55 40 21 28 33 43256.03671836853 93 17279.031681060791 68745.045217514038 451 10901.004608154297 163 2481.0014400482178 2519 1018.0011520385742 1385.010368347168 118 237 24330.006912231445 43196.049537658691 20 50563.026496887207 5289.0008640289307 5353.0023040771484 1975.0014400482178 252 814 30277.0061378479 2341.0011520385742 1449.0002880096436 796 50012.019008636475
leaf_count=2653110 58 5353 28 1218 30973 58 25 27 25 36 25 29 41 20 21 26 20 21 24 20 55 40 21 28 33 42381 93 16509 67646 451 10789 163 2446 2519 990 1133 118 237 24162 41992 20 49919 5268 5297 1940 252 814 30130 2313 1442 796 49550
internal_value=0.990586 0.972917 268.142 0.746228 17.5249 326.235 371.837 344.53 232.691 459.458 335.868 438.479 342.891 548.175 569.962 724.754 522.931 260.41 396.897 538.63 370.949 21.7847 249.705 80.7162 -82.2742 5.94234 7.28033 10.0213 9.68932 19.0901 32.9815 109.249 73.0874 21.6446 22.962 31.6567 19.2242 95.0972 33.8918 1.8593 292.87 18.8015 29.0168 42.1506 7.26677 72.5723 65.1307 7.44699 27.3351 5.85977 28.0676 11.5929
internal_weight=9.67761e+06 9.67697e+06 640 9.54623e+06 130741 549 463 438 222 216 197 170 141 100 180 95 69 41 85 64 75 99334.1 61 86 91 272640 229384 152352 151844 31112 13833 508 2932 99273.1 91626 27547 64079 355 26162 77032.1 40 63724 13161 7872 120732 415 1832 33836 3559 7647 2245 51987
internal_count=3050705 3050065 640 2920983 129082 549 463 438 222 216 197 170 141 100 180 95 69 41 85 64 75 98109 61 86 91 267873 225492 149839 149331 30195 13686 508 2897 98048 90457 27099 63358 355 25966 75653 40 63003 13084 7816 119136 415 1804 33661 3531 7591 2238 51490
is_linear=0
shrinkage=0.179426


Tree=63
num_leaves=53
num_cat=0
split_feature=0 3 3 13 13 8 9 9 9 3 8 0 8 9 9 9 3 8 9 3 8 13 8 8 9 8 1 9 1 9 6 8 8 9 8 1 13 8 13 13 9 4 9 0 13 8 3 0 3 8 9 8
split_gain=3.13998e+10 2.2129e+10 4.40347e+09 3.04802e+09 2.57991e+09 8.40469e+08 1.01965e+09 7.99811e+08 9.73742e+08 7.07059e+08 6.6685e+08 6.3278e+08 5.05791e+08 5.00643e+08 4.21136e+08 3.9721e+08 2.88872e+08 6.72115e+08 1.0957e+09 2.65612e+08 4.95392e+08 2.60893e+08 2.4991e+08 2.25908e+08 2.22864e+08 3.42136e+08 2.1664e+08 1.95911e+08 2.64182e+08 2.50318e+08 1.80313e+08 1.68665e+08 1.89852e+08 1.56114e+08 1.54525e+08 1.47171e+08 1.42155e+08 2.03666e+08 1.17247e+08 9.84086e+07 8.95684e+07 9.50645e+07 8.90276e+07 8.76385e+07 8.73064e+07 9.06082e+07 1.45216e+08 7.77162e+07 7.67314e+07 1.3068e+08 8.85039e+07 7.15953e+07
threshold=0.91397700000000015 0.0017620000000000003 0.00040450000000000007 -0.16861499999999999 -0.91149699999999989 0.95254850000000013 0.00018550000000000004 0.0062355000000000006 0.00077150000000000016 0.0026005000000000004 0.95254850000000013 0.71441150000000009 0.92074100000000014 0.00019550000000000004 0.00037450000000000005 0.0004145000000000001 0.90078350000000007 0.92513900000000004 0.00076650000000000015 0.0058020000000000007 0.018418500000000004 -0.010948499999999998 7.2500000000000014e-05 0.92074100000000014 0.010510500000000001 0.92513900000000004 0.95729150000000007 0.00018050000000000002 0.92514000000000018 0.0003565000000000001 0.00040450000000000007 2.5500000000000003e-05 1.3500000000000001e-05 0.00034050000000000009 0.00045950000000000006 0.57152900000000006 0.00049950000000000005 0.0013215000000000002 -0.93469649999999993 0.0023590000000000004 7.4500000000000008e-05 0.0007645000000000001 2.7500000000000001e-05 0.0032440000000000008 -1.0000000180025095e-35 0.00073150000000000005 0.00069750000000000009 0.0044640000000000001 0.0040785000000000014 0.0036275000000000005 0.0021715000000000007 0.96647850000000013
decision_type=2 2 2 2 2 2 2 2 2 2 2 2 2 2 2 2 2 2 2 2 2 2 2 2 2 2 2 2 2 2 2 2 2 2 2 2 2 2 2 2 2 2 2 2 2 2 2 2 2 2 2 2
left_child=1 2 22 5 26 6 12 8 14 30 16 -10 35 -12 23 -16 17 -6 27 39 21 34 -1 33 25 -9 -2 28 -19 -29 47 32 -4 -8 -21 -3 40 -38 -28 -11 41 -33 -32 -23 45 -42 -47 -5 49 -41 -50 -7
right_child=4 3 31 9 10 51 7 24 11 19 13 -13 -14 -15 15 -17 -18 18 -20 20 -22 43 -24 -25 -26 -27 38 29 -30 -31 42 36 -34 -35 -36 -37 37 -39 -40 48 44 -43 -44 -45 -46 46 -48 -49 50 -51 -52 -53
leaf_value=-0.51136767805023808 103.75943549194697 29.706483767625432 -3.0055839931372783 25.103246944327523 1128.9018818308425 18.94565120771324 181.19504937858738 256.96392275481884 449.10108889012668 25.170858825050626 724.26551361859174 930.10718248115961 231.45115369846454 331.23563548590278 -74.951063399285744 335.18401327979882 657.25504229858484 934.46836030199972 387.43023131709276 1.9913904111689658 5.7717312884141476 12.361272510420497 1.0293765849516152 580.44116451825414 330.87977432365182 -65.379892861232307 242.33016962442304 1136.5838959286145 628.69968632217092 830.81605943078864 22.646529044508966 0.25870168514135955 116.26648742684928 421.90529407097631 74.943694928824854 -183.725961773417 9.9896244662613309 45.064671935663767 453.28805185969895 28.377227032464717 1.3316511545539886 14.212674316159017 12.269919314074922 42.561605903230323 7.0581688711872932 22.220181380054662 9.4567999500966433 49.903377273210396 30.31080746015628 37.677575988464412 19.284582867710022 115.35427146624397
leaf_weight=8753561.7612075806 24 51 106 3471.0028800964355 26 97 21 27 29 60777.029787063599 27 21 61 31 21 21 72 23 28 140 1540.002592086792 479.00057601928711 494939.09100151062 21 22 32 23 20 28 30 4470.0026817321777 12120.061346054077 135 28 1675.0005760192871 20 2202.0017280578613 1107 24 24768.011302947998 5717.0048961639404 2647.0037441253662 20800.011789321899 3985.0002880096436 152168.16643333435 4127.0014400482178 102114.07966995239 671 6564.0028800964355 9228.0033473968506 6396.0042114257812 53
leaf_count=2435415 24 51 106 3401 26 97 21 27 29 60077 27 21 61 31 21 21 72 23 28 140 1477 465 420407 21 22 32 23 20 28 30 4407 10629 135 28 1661 20 2160 1107 24 24502 5598 2556 20520 3978 148234 4092 100182 671 6494 9151 6298 53
internal_value=0.238839 0.21579 -0.178342 26.0353 626.684 186.474 239.855 320.924 406.497 25.4542 716.333 651.25 90.6033 514.303 297.184 130.153 767.933 819.304 756.821 27.8046 39.6762 47.9917 -0.428914 397.366 149.754 82.1518 266.885 859.186 766.753 953.312 16.2201 8.02652 63.8061 318.806 69.3165 -30.4261 7.97889 21.7239 350.12 26.943 7.8158 2.75999 14.1055 39.3211 8.09847 9.51239 9.95261 29.121 29.2368 30.9018 24.8692 53.0207
internal_weight=9.67679e+06 9.67643e+06 9.53094e+06 145489 356 525 375 243 162 144964 285 50 132 58 112 42 227 155 129 115552 7819 6279 9.2485e+06 70 81 59 71 101 51 50 29412 282443 241 49 1815 71 282202 3309 47 107733 278893 14767.1 25270 4464 264126 111958 106241 4142 46956 33996 12960 150
internal_count=3274744 3274388 3130621 143767 356 525 375 243 162 143242 285 50 132 58 112 42 227 155 129 114243 7721 6244 2855822 70 81 59 71 101 51 50 28999 274799 241 49 1801 71 274558 3267 47 106522 271291 13185 24927 4443 258106 109872 104274 4072 46445 33653 12792 150
is_linear=0
shrinkage=0.0667071


Tree=64
num_leaves=53
num_cat=0
split_feature=0 3 16 16 3 3 12 11 16 11 16 0 16 16 16 11 6 16 15 9 11 9 16 16 15 16 10 16 12 11 16 6 15 3 15 9 16 10 16 16 10 16 16 15 11 16 15 3 11 10 16 9
split_gain=5.22766e+09 3.58213e+09 1.54624e+09 9.61843e+08 6.97386e+08 6.39392e+08 5.66042e+08 1.42188e+09 1.05681e+09 4.79633e+08 1.29384e+09 1.16329e+09 1.05957e+09 6.15585e+08 4.17809e+08 4.14164e+08 3.28326e+08 2.58296e+08 2.25327e+08 3.61108e+08 2.21754e+08 2.17296e+08 1.89143e+08 1.64541e+08 1.62538e+08 1.42654e+08 1.31838e+08 1.17493e+08 1.62205e+08 1.24047e+08 1.10593e+08 9.52376e+07 8.90732e+07 1.2956e+08 7.82244e+07 7.77002e+07 7.47929e+07 7.29394e+07 9.33053e+07 8.6953e+07 8.50389e+07 8.23127e+07 1.29895e+08 1.33921e+08 1.15236e+08 1.61617e+08 7.49782e+07 7.26509e+07 6.45178e+07 5.84782e+07 6.951e+07 5.51505e+07
threshold=0.91397700000000015 0.0015155000000000001 1881489.0000000002 10136.500000000002 0.00027750000000000002 0.0030155000000000004 0.018189500000000001 0.22499750000000004 146629.50000000003 0.00037450000000000005 47839.500000000007 0.92730450000000009 53207.500000000007 15860.500000000002 2008051.0000000002 0.00038650000000000007 0.9135660000000001 112025.50000000001 0.00011150000000000001 0.00039350000000000008 6.0500000000000007e-05 0.0081640000000000011 2384476.5000000005 336144.00000000006 1.0000000180025095e-35 1320910.0000000002 0.00044450000000000007 116888.00000000001 0.005490000000000001 8.4500000000000008e-05 454880.50000000006 0.011661000000000001 1.4500000000000002e-05 0.31883150000000005 4.6500000000000005e-05 0.00064750000000000018 25201.000000000004 0.0010035000000000003 7839.5000000000009 11589.500000000002 0.0037615000000000005 5747.0000000000009 113462.00000000001 1.0000000180025095e-35 0.00065150000000000006 34556.000000000007 1.0000000180025095e-35 0.0056060000000000007 0.00018750000000000003 0.00025050000000000007 219911.00000000003 0.0011435000000000002
decision_type=2 2 2 2 2 2 2 2 2 2 2 2 2 2 2 2 2 2 2 2 2 2 2 2 2 2 2 2 2 2 2 2 2 2 2 2 2 2 2 2 2 2 2 2 2 2 2 2 2 2 2 2
left_child=1 4 5 -2 -1 24 16 26 -9 10 -5 12 -11 -13 20 -15 25 -14 -17 -20 -6 -21 -4 37 30 27 -8 28 29 -7 49 34 33 -31 -29 -26 -34 41 40 -40 46 -22 43 44 45 -43 -39 -27 -37 50 -3 -41
right_child=3 2 22 9 14 6 7 8 -10 11 -12 13 17 15 -16 18 -18 -19 19 21 23 -23 -24 -25 35 47 -28 31 -30 32 -32 -33 36 -35 -36 48 -38 38 39 51 -42 42 -44 -45 -46 -47 -48 -49 -50 -51 -52 -53
leaf_value=0.064519914928512195 -106.30763920592477 -9.7641964370009884 0.81276808137318157 554.62873526008514 -1.4666072093202549 -6.4850943372924297 -84.003462342443413 431.40901169345011 85.240163148594576 480.64937936187539 142.8310965806487 -60.014777557359587 227.87858259089478 270.71748719361733 -1.5264955989373468 -4.6587211795094579 145.77311159045237 54.742755162048709 238.04579904139538 -30.703437236546026 -11.347846867704353 154.21301450611119 -5.4637365855886602 2.6245954369089288 7.792009389575731 7.2576739721598527 26.123151497067507 12.709094105912147 -97.331052210629721 13.217342299982441 5.9032814613565199 23.877228113274025 13.623151944664647 57.805396836587299 2.0715065255922664 11.909933004857216 -4.0244916893406373 79.065378058128005 -5.1928530059758824 0.55716120646390621 -2.8808000204832394 60.19667274267367 5.666215632915212 2.8799268528710025 10.522446985845813 23.155874806168189 6.7511758721060868 21.902560553090275 2.6518868941329936 12.648418886831848 12.065301518715556 5.5544705621425718
leaf_weight=9225764.6789989471 22 461 22593.009017944336 20 18830.060194015503 1004.0017280578613 35 28 33 28 38 38 57 28 44524.065858840942 30 31 20 31 24 301 20 12991.009754180908 171310.08494377136 7006.0014400482178 17463.004320144653 40 41051.010944366455 26 1888.0005760192871 16117.002880096436 1280.0002880096436 686 119 1223.0011520385742 1345.0005760192871 1035.0002880096436 78 1486 4249.0043201446533 66 285.00028800964355 3267.0008640289307 650.00028800964355 574 698.00028800964355 36 602 33544.009216308594 8537.0017280578613 549.00028800964355 35427.023040771484
leaf_count=2618128 22 461 22376 20 17367 962 35 28 33 28 38 38 57 28 42956 30 31 20 31 24 301 20 12767 169252 6971 17358 40 40785 26 1874 16047 1273 686 119 1195 1331 1028 78 1486 4144 66 278 3246 643 574 691 36 602 33320 8495 542 34867
internal_value=0.238936 0.233093 6.2022 159.059 0.126559 8.24031 11.124 95.5916 244.174 176.549 284.9 153.77 262.354 87.0827 2.15776 129.114 10.951 182.922 91.3291 129.723 2.84915 53.3681 -1.47865 3.2212 5.39989 10.888 -25.2655 12.063 5.87873 6.44611 7.99741 12.7386 9.92872 15.8615 12.4013 3.80869 3.00992 5.39036 4.78084 4.65062 34.5558 9.7537 10.9141 18.6823 25.2792 33.8957 56.2316 7.74573 3.0088 11.5326 2.10141 5.0193
internal_weight=9.67759e+06 9.67723e+06 169687 356 9.50755e+06 134103 66544 136 61 334 58 276 105 171 281781 133 66408 77 105 75 237257 44 35584 218427 67559 66377 75 48312 4758 4732 25664 43554 3728 2007 42274 41895 1721 47117 41342 41162 180 5775 5474 2207 1557 983.001 114 18065 34889 9547 1010 39676
internal_count=3062854 3062498 168385 356 2894113 133242 66075 136 61 334 58 276 105 171 275985 133 65939 77 105 75 233029 44 35143 215662 67167 65908 75 47948 4695 4669 25545 43253 3707 1993 41980 41622 1714 46410 40677 40497 180 5733 5432 2186 1543 969 114 17960 34651 9498 1003 39011
is_linear=0
shrinkage=0.0414481


Tree=65
num_leaves=53
num_cat=0
split_feature=0 3 11 6 12 9 9 12 11 9 3 6 11 7 9 13 14 12 11 0 6 14 3 14 9 11 14 7 9 11 14 3 11 11 11 9 12 11 11 3 14 11 9 9 6 6 6 14 13 6 9 12
split_gain=1.83801e+09 1.35647e+09 3.03826e+08 3.31101e+08 3.39602e+08 4.2843e+08 2.77561e+08 2.71673e+08 6.91152e+08 3.67572e+08 2.29392e+08 1.66659e+08 1.26544e+08 1.26017e+08 1.16755e+08 1.13071e+08 1.07772e+08 1.32664e+08 1.74324e+08 1.48973e+08 1.06348e+08 8.58992e+07 7.86305e+07 2.94527e+08 7.57393e+07 7.30056e+07 6.11697e+07 5.05109e+07 7.4675e+07 5.39979e+07 5.0008e+07 4.99453e+07 8.96588e+07 1.57349e+08 2.78693e+08 1.8182e+08 5.05344e+07 2.72956e+08 1.79075e+08 4.53708e+07 5.0415e+07 4.56543e+07 4.13821e+07 3.8021e+08 3.97016e+07 5.49563e+07 3.95758e+07 4.12581e+07 3.69784e+07 3.47863e+07 3.28907e+07 3.4357e+07
threshold=0.91397700000000015 0.0014975000000000003 0.94009900000000013 0.9135660000000001 -0.0078809999999999974 0.005294000000000001 0.00039750000000000007 0.018189500000000001 0.22499750000000004 0.0014745000000000003 0.00027750000000000002 0.9135660000000001 0.00041050000000000006 0.00049750000000000011 0.0075360000000000002 -0.0039399999999999991 0.013005500000000001 -0.004380499999999999 0.00037750000000000007 0.95752500000000007 0.00044750000000000004 0.019083500000000003 0.75452300000000017 0.054875500000000008 0.00036950000000000009 3.6500000000000006e-05 2.5000000000000002e-06 0.00053750000000000011 8.850000000000001e-05 0.00021750000000000003 0.00048700000000000007 0.31883150000000005 0.00037850000000000009 0.00038550000000000005 0.00041350000000000008 0.00035150000000000009 -0.019394499999999999 0.28534100000000007 0.24171800000000002 0.0045415000000000013 6.5000000000000013e-06 0.00095350000000000003 0.00080150000000000013 0.0006665000000000001 0.00057850000000000013 0.0015425000000000003 0.0029640000000000001 0.00034050000000000004 0.0033600000000000006 0.00021350000000000001 2.9500000000000002e-05 0.00013550000000000001
decision_type=2 2 2 2 2 2 2 2 2 2 2 2 2 2 2 2 2 2 2 2 2 2 2 2 2 2 2 2 2 2 2 2 2 2 2 2 2 2 2 2 2 2 2 2 2 2 2 2 2 2 2 2
left_child=1 10 3 4 12 -6 16 11 30 24 49 13 -2 26 -4 22 -5 18 -18 -19 -17 -20 31 -24 -10 -12 -3 -22 -29 -30 -9 36 -33 -34 -35 -36 37 42 46 40 48 -41 43 -15 -31 -46 -38 -48 -28 -1 -27 -52
right_child=2 7 14 6 5 -7 -8 8 9 -11 25 -13 -14 15 -16 20 17 19 21 -21 27 -23 23 -25 -26 50 39 28 29 44 -32 32 33 34 35 -37 38 -39 -40 41 -42 -43 -44 -45 45 -47 47 -49 -50 -51 51 -53
leaf_value=0.12548017117922763 187.30852476589538 13.531377356790939 -306.42442540868262 60.140308861474402 1435.4530565587158 509.32072977457602 -285.07979999816916 41.877866147681296 653.70787720515625 1334.8192855121849 -5.1201514404077297 420.99682993559571 642.85572909219275 5.1966522993151019 222.88547896986537 -23.175328799775883 235.19877793985694 606.49082718799684 606.36511050013121 -32.542083933962942 20.223207293153266 1109.9420998614321 124.11067706065224 -691.84494222537501 170.96952802736209 17.825939441224509 26.389404026766918 20.723113466070352 20.768696206188572 -17.166723092284258 -246.96795068436012 444.50250169296413 -352.59387645362193 642.46614611722612 -294.54883526065504 121.43221989878717 -8.4975168947343693 -543.07020947490821 463.84497774054194 1.4251744618752484 47.92148117039924 -121.26094173450515 -79.310776906773683 784.92431286802685 11.048221724477532 -0.25422298775403757 34.165334142279825 -36.351976769177604 -1.0718340200268699 4.9498323954248598 7.0930932840830154 2.5342956861628285
leaf_weight=9174812.1428565979 37 16579.007200241089 21 25 32 31 22 41 20 20 19643.092739105225 32 40 1285.0043201446533 35 2883.0021057128906 23 20 23 27 16972.00651550293 20 38 22 21 7332.0072002410889 35838.020391464233 15312.008441925049 7837.0052738189697 2426.0005760192871 35 22 25 28 40 192 798.00028800964355 29 30 620.00028800964355 3355.0005760192871 113 157 20 30596.011898040771 24348.007577896118 10726.006048202515 268 1615.0002880096436 47348.132062911987 178711.11696434021 73543.076444625854
leaf_count=2580063 37 16404 21 25 32 31 22 41 20 20 17389 32 40 1180 35 2834 23 20 23 27 16818 20 38 22 21 7157 35362 15109 7711 2412 35 22 25 28 40 192 791 29 30 613 3341 113 157 20 30309 24166 10579 268 1608 44184 175890 71709
internal_value=0.600005 0.585161 403.957 474.826 674.205 979.871 300.337 16.1941 266.075 711.087 0.302034 15.9953 424.025 15.92 24.3801 12.4915 393.69 467.479 629.795 239.462 10.4279 840.776 27.6326 -175.122 406.591 5.31506 22.6481 11.4216 9.56634 6.94647 -91.1315 28.526 99.319 72.6541 113.562 49.6962 26.8933 -3.90467 30.7777 26.2865 27.0729 -17.4887 6.7943 17.1545 5.05828 6.03962 29.6754 32.4462 25.2052 0.150249 6.1047 5.76401
internal_weight=9.67409e+06 9.67373e+06 356 300 140 63 160 172343 137 61 9.50139e+06 172206 77 172174 56 114054 138 113 66 47 100374 43 13680 60 41 279229 58120 97491 80519 65207 76 13620 307 285 260 232 13313 1491 11822 41541 40808 733 1462 1305 57370 54944 11792 10994 37453 9.22216e+06 259586 252254
internal_count=3067138 3066782 356 300 140 63 160 170390 137 61 2896392 170253 77 170221 56 112780 138 113 66 47 99359 43 13421 60 41 272145 57441 96525 79707 64598 76 13361 307 285 260 232 13054 1386 11668 41037 40311 726 1357 1200 56887 54475 11638 10847 36970 2624247 254756 247599
is_linear=0
shrinkage=0.177529


Tree=66
num_leaves=53
num_cat=0
split_feature=13 8 9 9 9 14 14 9 2 6 9 8 8 9 8 9 1 14 8 8 9 9 7 2 14 1 9 7 7 6 8 14 13 8 1 6 10 14 10 6 8 10 14 2 1 6 9 8 9 10 13 6
split_gain=7.02977e+08 5.74966e+08 1.04953e+08 2.75028e+08 1.61003e+08 1.36665e+08 3.53884e+08 6.08206e+08 1.75569e+08 1.82027e+08 1.55467e+08 2.77401e+08 1.69708e+08 5.37688e+08 3.65655e+08 1.73965e+08 2.08523e+08 1.46706e+08 1.09609e+08 2.46524e+08 3.59462e+08 1.21218e+08 1.10741e+08 9.24045e+07 8.52235e+07 7.77304e+07 7.34691e+07 4.97701e+07 4.76258e+07 1.03662e+08 4.28696e+07 5.83755e+07 4.15224e+07 5.87694e+07 3.98219e+07 4.15306e+07 5.64491e+07 4.75872e+07 4.74587e+07 3.81858e+07 3.74422e+07 7.1051e+07 4.35253e+07 4.14688e+07 3.43306e+07 6.62473e+07 3.38379e+07 3.37045e+07 2.78055e+07 2.73758e+07 2.69317e+07 3.11885e+07
threshold=-0.16861499999999999 0.0017340000000000001 0.010637000000000002 0.0097530000000000013 0.011476000000000002 0.054875500000000008 0.025577000000000006 0.0015215000000000003 0.90392850000000002 0.94509250000000011 0.0014845000000000004 0.92513900000000004 0.95254850000000013 0.00037250000000000011 0.96647850000000013 0.00035250000000000006 0.91422250000000005 0.013005500000000001 0.96228150000000012 0.92513900000000004 0.0083475000000000025 0.008546500000000002 0.57580600000000015 8.7500000000000013e-05 0.00027550000000000008 0.67893700000000012 0.00034950000000000009 1.0000000180025095e-35 0.00047850000000000003 0.00040950000000000009 0.0038555000000000004 7.6000000000000018e-05 -0.00020349999999999999 0.0014295000000000002 0.0044645000000000006 0.0011265000000000001 0.00030750000000000005 2.4500000000000003e-05 0.00059250000000000014 0.0021370000000000004 0.0039785000000000003 0.0014115000000000002 2.5000000000000002e-06 0.004360000000000001 0.92514000000000018 0.9135660000000001 0.00036850000000000007 0.0043505000000000011 0.015965500000000004 0.0011125000000000004 -0.0033849999999999996 0.0014675000000000003
decision_type=2 2 2 2 2 2 2 2 2 2 2 2 2 2 2 2 2 2 2 2 2 2 2 2 2 2 2 2 2 2 2 2 2 2 2 2 2 2 2 2 2 2 2 2 2 2 2 2 2 2 2 2
left_child=2 23 3 5 -4 6 8 44 -1 17 11 25 13 15 26 16 -13 -10 19 22 -21 -20 -12 24 -2 -7 -14 -25 40 -30 31 34 -29 -34 35 36 -31 -38 50 -33 42 -42 -3 -43 -8 -46 -28 -45 -36 -44 -37 -52
right_child=1 28 4 -5 -6 10 7 -9 9 -11 18 12 14 -15 -16 -17 -18 -19 21 20 -22 -23 -24 27 -26 -27 46 32 29 30 -32 39 33 -35 48 38 37 -39 -40 -41 41 43 49 47 45 -47 -48 -49 -50 -51 51 -53
leaf_value=-218.1569187268947 0.04026425992598593 7.0119119613387859 -369.94143592947245 699.62198044170373 224.09821634599339 7.5689602737167441 103.9985435832108 1053.132805744913 92.406049519498268 -225.73717243125256 428.14525154454918 430.26998256383899 -343.83912998064477 942.8224205397421 449.862335286693 -235.52571404020117 -123.39138031420988 405.70971027235873 -62.633327238639104 -51.69610171275221 -822.36457653119771 425.10160977270925 -71.045060779408743 -3.2761512657037422 83.714960612432094 -329.48426782387622 138.92546440493459 -0.26404502333005897 -16.401935084670768 -9.0569488524273716 14.875997966416985 -23.312426945133495 2.8385396761777937 14.133844043759778 -2.6278098509790349 -10.049658313219981 13.241784970992628 112.92897487650484 2.1860127807071863 96.968920108755796 29.612447555104495 -60.027238149022125 7.7830892585833542 -0.40371343543466742 536.65283776786475 190.0566659343383 -137.01051285050318 -120.23795581457664 28.016082141125306 20.064768580925513 -9.2297934295116253 19.938470556072971
leaf_weight=37 8913448.9086265564 12724.008352279663 24 22 21 42 33 29 88 26 20 61 26 29 42 20 23 63 29 42 23 22 24 39918.180038452148 299.00057601928711 28 20 110295.26070022583 4221.0106563568115 2925.0046081542969 21815.010746002197 84.000288009643555 428544.34396934509 11623.005075454712 12863.009792327881 1014.0008640289307 36974.015027999878 118 34746.008640289307 284 944.00172805786133 538 5408.0052738189697 1048 20 42 24 61 771.00028800964355 25400.013914108276 1008.0002880096436 8446.0049858093262
leaf_count=37 2373085 12521 24 22 21 42 33 29 88 26 20 61 26 29 42 20 23 63 29 42 23 22 24 35564 285 28 20 103974 3962 2813 21556 77 395937 11504 12625 993 36624 118 34536 284 902 538 5282 1048 20 42 24 61 764 25064 1001 8327
internal_value=0.343841 0.3311 140.423 152.99 -92.6976 138.187 214.367 425.041 92.2784 157.186 83.9749 147.88 226.499 346.2 84.3342 179.749 278.653 223.143 -41.8347 -130.572 -324.483 147.78 155.867 0.168847 0.0430713 -127.258 -135.019 2.06785 9.32845 7.74306 8.58502 7.20203 2.45538 3.1368 6.97009 8.22821 11.9059 13.559 4.97325 69.5104 13.6343 -4.67015 14.7238 -24.3202 233.209 301.938 -11.5762 -6.99706 -0.894831 17.9089 14.2248 16.8284
internal_weight=9.6764e+06 9.67552e+06 880 835 45 813 338 124 214 177 475 315 245 133 112 104 84 151 160 109 65 51 44 9.50413e+06 8.91375e+06 70 70 590381 171392 125269 121048 99233 550463 440167 98865 85231 40017 37092 45214 368 46123 2591 43532 1647 95 62 44 1109 13634 30808 10468 9454.01
internal_count=3090325 3089445 880 835 45 813 338 124 214 177 475 315 245 133 112 104 84 151 160 109 65 51 44 2920349 2373370 70 70 546979 169096 123680 119718 98162 511415 407441 97801 84412 39555 36742 44857 361 45416 2549 42867 1647 95 62 44 1109 13389 30346 10321 9328
is_linear=0
shrinkage=0.156736


Tree=67
num_leaves=53
num_cat=0
split_feature=4 16 3 16 3 16 16 16 1 16 16 16 16 16 15 16 16 15 16 7 16 16 16 16 3 16 10 3 16 16 13 15 3 7 12 3 16 15 15 15 10 10 10 15 16 1 16 12 3 16 15 3
split_gain=3.15068e+08 2.92504e+08 3.29005e+08 3.97443e+08 2.2582e+08 4.9643e+08 1.76059e+08 2.49117e+08 1.67304e+08 2.39231e+08 1.58293e+08 2.16001e+08 4.56251e+08 1.41063e+08 1.75923e+08 1.46314e+08 1.38707e+08 2.15259e+08 1.79159e+08 1.31042e+08 1.04538e+08 9.37981e+07 7.88566e+07 7.0853e+07 2.67133e+08 1.37525e+08 5.90415e+07 1.02988e+08 5.79774e+07 5.73383e+07 5.1427e+07 6.39114e+07 2.55713e+08 7.05571e+07 5.64886e+08 1.85134e+08 1.99361e+08 9.40809e+07 5.23884e+07 2.80935e+08 4.58559e+07 5.01333e+07 5.3626e+07 4.04889e+07 3.91687e+07 8.67895e+07 7.09468e+07 5.43565e+07 4.679e+07 5.48118e+07 4.61878e+07 4.27796e+07
threshold=0.71441150000000009 5406.0000000000009 0.75452300000000017 8067.0000000000009 0.0012325000000000003 1661581.0000000002 5252.5000000000009 5165.0000000000009 0.92514000000000018 23714.000000000004 146629.50000000003 13173.500000000002 18628.000000000004 2641.5000000000005 0.020994000000000002 2576.5000000000005 31907.000000000004 0.00016050000000000003 65932.500000000015 0.00058450000000000006 2341.0000000000005 2384476.5000000005 811873.00000000012 66269.000000000015 0.90078350000000007 27152.000000000004 0.00011850000000000002 0.0023310000000000002 48312.000000000007 4915.5000000000009 -0.0028704999999999994 0.019940000000000003 0.31883150000000005 0.16861500000000004 -0.032569999999999995 0.31883150000000005 2676.0000000000005 0.0021610000000000006 0.0011620000000000003 0.0010820000000000003 0.0037890000000000003 0.00097450000000000011 0.00017050000000000005 0.00015450000000000004 497687.50000000006 0.00033550000000000002 317268.50000000006 0.00094050000000000004 8.5000000000000016e-06 2152802.5000000005 1.0000000180025095e-35 1.5000000000000002e-06
decision_type=2 2 2 2 2 2 2 2 2 2 2 2 2 2 2 2 2 2 2 2 2 2 2 2 2 2 2 2 2 2 2 2 2 2 2 2 2 2 2 2 2 2 2 2 2 2 2 2 2 2 2 2
left_child=4 6 3 -3 44 19 7 13 10 -10 11 -4 -13 15 -15 20 -11 18 -18 22 -2 -7 26 25 -25 -14 27 -6 -19 -16 31 33 -33 38 35 37 -37 -35 39 40 41 42 -21 -42 45 46 -1 -47 -46 -50 -48 -52
right_child=1 2 8 -5 5 21 -8 -9 9 16 -12 12 23 14 29 -17 17 28 -20 30 -22 -23 -24 24 -26 -27 -28 -29 -30 -31 -32 32 -34 34 -36 36 -38 -39 -40 -41 43 -43 -44 -45 48 47 50 -49 49 -51 51 -53
leaf_value=0.074013362736550223 201.45194187362611 123.55114203514218 -141.26490266847742 1021.161133270496 -19.430038026064125 -3.6394414437233453 -472.18447033992743 478.39195311491505 -437.06941522716966 429.58742612539851 -18.627017328707975 1021.1833198672832 365.7370330622112 -559.66728234603954 -294.28327427096866 486.63518475980038 427.95859534448778 -475.76189232727245 -137.66861020825678 11.4450598628443 -325.11763645646045 -18.733650217132389 10.76354696262641 865.16065520586199 201.57193730106937 -245.72405708877707 23.959139160967034 -357.69477005581899 -95.932051896461246 45.33493953060735 4.9986024201750654 -17.913013286838655 -577.72272146746468 -31.10714624792735 954.31886144007854 -71.092390094221258 515.88212664451009 -519.27341413047645 -57.195994564657745 586.70294977903814 46.239214519536397 -8.440453605666697 37.087070953502199 -46.935076331439092 -0.46557354690170633 6.4441790455069112 1.7750662782219266 54.997315925917363 1.1955541396129741 -0.60159811853285239 15.085024214434824 -0.26965092227243465
leaf_weight=2631016.8492507935 21 28 30 27 240 43614.024282455444 25 26 29 27 66 24 20 28 20 20 39 21 26 11623.014688491821 21 15572.015565872192 29885.017280578613 20 109 21 26961.009504318237 28 24 45 86178.027648925781 429.00028800964355 24 22 20 40 27 22 276.00028800964355 24 1815.0011520385742 2670.0005760192871 2826.0014400482178 140 4123818.6491355896 56958.143140792847 607606.90375709534 650.00057601928711 1251808.21783638 760325.83495330811 14074.051265716553 7894.0780506134033
leaf_count=836080 21 28 30 27 240 43026 25 26 29 27 66 24 20 28 20 20 39 21 26 11266 21 15222 29465 20 109 21 26730 28 24 45 85506 422 24 22 20 40 27 22 269 24 1787 2656 2791 140 712962 53479 342583 636 638870 266238 12828 5997
internal_value=0.238264 110.902 178.607 564.281 0.230064 5.48802 -57.0358 0.326413 132.076 -1.57953 208.582 275.532 340 -79.8926 -209.925 115.14 90.6283 7.38881 201.693 10.237 -61.815 -7.61078 16.685 243.768 304.525 52.5669 23.184 -54.7823 -273.241 -59.1954 6.76715 14.4036 -47.5879 15.8434 137.949 -9.22384 165.475 -275.241 15.0177 16.0614 15.3429 12.5766 16.4603 39.5662 0.106356 0.568456 0.454964 6.99203 -0.143539 0.516463 2.04697 9.56741
internal_weight=9.67731e+06 717 511 55 9.67659e+06 222436 206 181 456 166 290 224 194 155 93 62 137 110 65 163250 42 59186 57114 170 129 41 27229 268 45 65 106136 19958 453 19505 131 111 67 44 19374 19098 19074 17119 14449 1955 9.45415e+06 3.3182e+06 3.26059e+06 57608.1 6.13595e+06 2.01213e+06 629575 21968.1
internal_count=3090117 717 511 55 3089400 219727 206 181 456 166 290 224 194 155 93 62 137 110 65 161479 42 58248 56463 170 129 41 26998 268 45 65 105016 19510 446 19064 131 111 67 44 18933 18664 18640 16713 14057 1927 2869673 1251603 1197488 54115 1618070 905108 361408 18825
is_linear=0
shrinkage=0.166951


Tree=68
num_leaves=53
num_cat=0
split_feature=4 8 16 11 12 8 1 16 16 6 16 16 6 11 11 11 6 8 8 8 16 16 11 16 8 16 16 16 16 14 11 11 16 10 10 12 16 16 12 16 4 16 11 16 14 11 11 8 16 8 4 16
split_gain=2.01677e+09 1.67674e+09 1.4293e+09 8.80472e+08 6.00319e+08 5.9726e+08 5.98369e+08 4.93482e+08 1.30387e+09 5.11132e+08 3.94992e+08 3.80204e+08 4.63194e+08 3.54037e+08 4.79063e+08 3.97113e+08 3.42208e+08 3.19755e+08 3.00912e+08 2.91654e+08 2.84929e+08 2.74448e+08 2.24272e+08 2.03971e+08 2.05397e+08 4.74905e+08 1.69349e+08 1.6557e+08 1.65067e+08 1.87227e+08 2.08684e+08 1.61518e+08 2.00114e+08 3.37524e+08 3.32404e+08 2.18679e+08 1.50213e+08 1.45602e+08 1.40376e+08 1.22115e+08 1.14252e+08 1.08614e+08 1.02082e+08 9.13515e+07 8.77292e+07 8.62649e+07 1.81957e+08 1.61751e+08 1.19289e+08 2.39456e+08 2.3574e+08 1.33693e+08
threshold=0.71441150000000009 0.0016935000000000003 1886239.0000000002 0.94009900000000013 -0.0049834999999999992 0.92074100000000014 0.92514000000000018 87862.500000000015 15860.500000000002 0.89377350000000011 14094.500000000002 166249.00000000003 0.9135660000000001 0.91575650000000008 0.00038950000000000003 0.00041250000000000005 0.89377350000000011 0.0030705000000000003 0.96228150000000012 0.00074550000000000018 886893.00000000012 5206.5000000000009 0.058818000000000009 28763.500000000004 0.96647850000000013 5252.5000000000009 2233179.0000000005 1182256.0000000002 1251338.0000000002 0.00019300000000000003 0.24171800000000002 3.1500000000000007e-05 83640.000000000015 0.0010795000000000004 8.6500000000000015e-05 -0.00059749999999999983 4995.0000000000009 60699.500000000007 0.00011250000000000001 2038413.0000000002 0.23513350000000002 145194.50000000003 5.2500000000000009e-05 50188.500000000007 1.5000000000000002e-06 0.0010825000000000003 0.001384 0.92074100000000014 2654.5000000000005 0.92513900000000004 0.17083400000000001 9925.0000000000018
decision_type=2 2 2 2 2 2 2 2 2 2 2 2 2 2 2 2 2 2 2 2 2 2 2 2 2 2 2 2 2 2 2 2 2 2 2 2 2 2 2 2 2 2 2 2 2 2 2 2 2 2 2 2
left_child=1 19 10 4 5 16 7 8 13 -10 38 12 43 14 21 -16 -2 27 -8 -1 31 -7 37 24 25 -5 -4 -12 29 41 40 -21 33 34 -33 -35 -26 -14 45 44 -31 42 -19 -6 -22 47 -47 -3 49 -48 -50 -52
right_child=3 2 26 23 11 6 18 -9 9 -11 17 -13 22 -15 15 -17 -18 28 -20 20 39 -23 -24 -25 36 -27 -28 -29 -30 30 -32 32 -34 35 -36 -37 -38 -39 -40 -41 -42 -43 -44 -45 -46 46 48 -49 50 -51 51 -53
leaf_value=-0.037490203142692649 -171.11514407150679 -9.9031255499255959 -0.20247472802326794 -17.40085174370758 319.92150858211181 39.184747866912652 -178.93235391759526 38.338675657943803 523.90873439505879 220.01797365705738 6.1031775712629539 14.500515030457523 240.94772863041283 252.15006636762018 -187.57843992847054 61.189621999555563 55.481138234934079 -20.751574422763383 42.119118460854907 -1.6962688682322491 1.5516247252372137 231.71561242397212 -2.1928334910666951 -134.79886574495782 -2.4609416866215259 183.65298729227973 -6.2299300647910307 1.5963393845047698 5.5365759080334573 -2.7756986132083372 97.783958077394701 1.7878964601681155 3.1185688803330409 -12.009129671755627 51.829298777577016 9.3938040594447827 -159.85985263330176 85.838361567241037 -121.6824256790272 -2.042599466158912 -100.31929259854097 12.035678600319216 6.5610847642414445 224.99536655465931 -2.2249658606264671 51.592517638798526 -9.460015603118709 99.069873751806043 -7.539859176316015 -183.0197777541232 111.20010019256044 3.2764804494507174
leaf_weight=9271738.5020160675 28 3475.0002880096436 16213.011322021484 79 35 25 20 97 21 21 53939.016416549683 26 24 22 20 31 23 276 28 11330.079202651978 77050.048673629761 32 22 22 27 31 19426.012308120728 21660.005472183228 17660.009504318237 2080.0086402893066 39 406 83341.04291343689 1026 662 7675.0095043182373 20 22 20 35150.075593948364 23 35485.009792327881 4317.0020160675049 43 13741.008640289307 141 61 26 512 20 55 36
leaf_count=2644137 28 3468 15940 79 35 25 20 97 21 21 53540 26 24 22 20 31 23 276 28 9405 75867 32 22 22 27 31 19153 21527 17429 1870 39 406 82298 1026 662 7444 20 22 20 33365 23 35247 4268 43 13531 141 61 26 512 20 55 36
internal_value=0.0838343 0.0784165 4.29604 73.0029 100.745 69.3554 91.6042 116.874 161.159 372.03 6.28004 167.895 195.213 93.0063 60.5612 -36.3762 -68.9181 6.69453 -49.9906 0.000534797 1.53086 147.288 112.129 -10.6816 6.71692 39.2706 -3.48791 4.81192 9.07133 10.5499 -1.99215 3.21236 3.80967 9.70554 32.8063 6.86999 -69.457 166.796 -6.6409 0.136425 -3.8432 11.2202 4.91973 267.622 0.980045 -6.10866 6.55729 -9.09342 -2.72673 -52.3341 3.93756 68.5081
internal_weight=9.6783e+06 9.67758e+06 175464 719 540 368 317 269 172 42 139825 172 146 130 108 51 51 135479 48 9.50212e+06 230381 57 68 179 157 110 35639 75599 59880 42220 2142.01 104440 93110.1 9769.01 1068 8701.01 47 46 4346 125941 2103.01 40078 4593 78 90791.1 4326 825 3501 684 81 603 91
internal_count=3042511 3041792 173651 719 540 368 317 269 172 42 138558 172 146 130 108 51 51 134219 48 2868141 224004 57 68 179 157 110 35093 75067 59152 41723 1932 101241 91836 9538 1068 8470 47 46 4339 122763 1893 39791 4544 78 89398 4319 825 3494 684 81 603 91
is_linear=0
shrinkage=0.0435414


Tree=69
num_leaves=53
num_cat=0
split_feature=8 0 16 16 3 0 16 8 16 12 2 16 16 12 16 16 3 16 3 8 16 8 16 16 16 16 16 16 16 16 8 16 12 12 8 3 7 16 16 10 16 10 16 2 10 3 12 2 8 16 10 10
split_gain=5.47557e+08 4.28432e+08 3.43905e+08 1.96237e+08 3.5093e+08 2.52623e+08 7.61887e+08 4.66759e+08 4.4472e+08 4.39142e+08 2.96169e+08 2.69046e+08 1.84196e+08 1.63568e+08 4.68402e+08 6.23207e+08 3.1047e+08 2.69067e+08 1.83387e+08 1.50365e+08 1.03238e+08 8.48733e+07 2.6271e+08 1.22775e+08 7.47111e+07 7.00927e+07 6.63978e+07 1.2134e+08 9.65684e+07 6.26073e+07 5.73548e+07 1.44941e+08 4.86319e+07 4.74828e+07 4.66204e+07 4.23089e+07 5.65433e+07 8.04793e+07 7.85765e+07 5.61141e+07 8.93433e+07 1.59574e+08 4.97595e+07 4.85578e+07 6.00791e+07 7.33608e+07 4.44474e+07 4.06819e+07 5.00211e+07 8.25002e+07 3.97227e+07 3.90511e+07
threshold=0.92074100000000014 0.0012915000000000003 2233179.0000000005 7560.0000000000009 0.75452300000000017 0.92730450000000009 53207.500000000007 0.96228150000000012 15860.500000000002 -0.0090079999999999986 0.90392850000000002 26112.500000000004 5231.5000000000009 0.018189500000000001 29451.000000000004 198949.50000000003 0.48583150000000003 104143.50000000001 0.75452300000000017 0.0031835000000000001 95837.000000000015 0.95254850000000013 2654.5000000000005 5039.0000000000009 1251338.0000000002 4773.5000000000009 4915.5000000000009 4773.5000000000009 2553.5000000000005 1540345.0000000002 0.00080350000000000007 1891323.0000000002 -0.004380499999999999 -0.004380499999999999 0.0055660000000000006 0.0026820000000000004 0.00075450000000000007 1220929.5000000002 41509.000000000007 0.00010550000000000002 30663.500000000004 0.00089250000000000017 48398.000000000007 0.0016545000000000004 0.0003455000000000001 0.0055280000000000008 -0.00052749999999999987 0.0032195000000000006 0.0054295000000000012 2892013.5000000005 0.0039770000000000005 0.0014385000000000003
decision_type=2 2 2 2 2 2 2 2 2 2 2 2 2 2 2 2 2 2 2 2 2 2 2 2 2 2 2 2 2 2 2 2 2 2 2 2 2 2 2 2 2 2 2 2 2 2 2 2 2 2 2 2
left_child=1 30 13 12 -5 6 -6 8 -7 -9 11 -10 21 16 -15 18 19 -18 -16 29 33 22 -2 26 25 -21 27 28 -23 50 -1 35 -11 -8 -26 36 39 38 -38 -32 41 -41 -37 -44 45 -45 -42 -4 -49 -50 -3 -43
right_child=3 2 47 4 5 7 20 9 10 32 -12 -13 -14 14 15 -17 17 -19 -20 24 -22 23 -24 -25 34 -27 -28 -29 -30 -31 31 -33 -34 -35 -36 42 37 -39 -40 40 46 51 43 44 -46 -47 -48 48 49 -51 -52 -53
leaf_value=-0.0038404855442632784 -22.732852347346139 2.8404363458605233 -1.2799793723749906 254.52709185950474 334.21396652131654 -206.07638867253101 133.25905293199904 257.65338058699331 -14.437959530995647 74.865698917223511 -105.83733696031197 218.08585199749592 -75.768169849607375 -133.50936503612905 296.643961119312 -17.817678124383548 -187.95790660380032 18.089440625250681 128.3883134354046 -21.957134336971333 20.649067564104691 -18.351460034738558 138.99104159371365 -100.06358538943344 2.3338959378975002 6.6397105740155959 104.16349599698906 -92.619889986703541 89.151564662273941 -0.012884199715408801 -1.2929328902852637 -1.9931136598967967 -8.0760374537748518 44.307125649214662 12.674831937174552 -20.090724165173825 -6.5643429110262961 -3.7967088032753935 1.5282544550555608 61.307470754052446 3.6348202673943462 13.857901660687522 -5.931297513203492 14.05783186869348 3.0778886052715833 -9.4470852552577913 1.3086080704530545 -6.0671688816136795 13.56476214072757 -18.99681415118528 -0.81407265983375021 2.000590950654475
leaf_weight=9270318.2868804932 42 93878.065378189087 14143.026222229004 21 26 30 39 27 26 29 30 20 45.000288009643555 25 26 58 36 24 34 196 86 37 50 21 20278.011232376099 32457.018720626831 20 21 39 26844.017568588257 11779.08669090271 34665.051765441895 36 21 1042 184 2961.0046081542969 10703.002573013306 34587.009504318237 135 25757.006048202515 1302 850.00604820251465 2689.002592086792 5577.0031681060791 340.00028800964355 67887.033121109009 10394.008512496948 706 236.00028800964355 7286.0046081542969 1226.0014400482178
leaf_count=2647022 42 92289 13534 21 26 30 39 27 26 29 30 20 38 25 26 58 36 24 34 196 86 37 50 21 20005 32002 20 21 39 26417 9672 33433 36 21 1042 184 2849 10647 34356 135 25610 1302 703 2626 5500 333 67082 10198 706 229 7174 1191
internal_value=0.0633682 0.0603934 2.20268 43.2926 64.9978 54.2326 96.5001 17.5113 -50.6834 96.0809 10.6722 86.6749 12.4319 2.92829 53.898 93.618 2.88824 -105.536 201.331 2.924 54.1439 29.6924 65.1616 6.04223 5.03466 6.46804 25.0969 8.78251 36.8147 2.03407 0.0134209 0.810956 28.9354 102.136 2.83932 1.3966 1.20757 -0.149543 0.890072 1.8134 2.19333 10.8049 4.46216 4.94003 6.01381 11.4193 1.94844 -2.98566 -5.11369 5.40666 2.57723 8.10759
internal_weight=9.67929e+06 9.67862e+06 207663 666 391 370 172 198 106 92 76 46 275 182184 143 118 182041 60 60 181981 146 230 92 138 53973 32653 117 97 76 128008 9.47096e+06 200642 65 60 21320 165977 156337 48251 37548 108086 96307 2663 9640.01 9456.01 8606.01 3029 93644 25479 11336 942 101164 2528
internal_count=3047299 3046640 203995 659 391 370 172 198 106 92 76 46 268 179328 143 118 179185 60 60 179125 146 230 92 138 53245 32198 117 97 76 125880 2842645 195623 65 60 21047 162190 152844 47852 37205 104992 95320 2628 9346 9162 8459 2959 92692 24667 11133 935 99463 2493
is_linear=0
shrinkage=0.0476789


Tree=70
num_leaves=53
num_cat=0
split_feature=4 7 16 16 14 7 11 16 16 11 9 16 16 6 16 16 6 16 11 16 7 9 16 16 16 1 11 16 7 11 1 9 16 1 16 1 9 4 16 1 16 9 16 14 4 16 16 16 7 11 16 9
split_gain=2.21337e+09 1.39266e+09 6.78182e+08 5.00319e+08 3.58551e+08 2.98547e+08 2.42968e+08 7.91496e+08 2.58973e+08 6.64338e+08 4.63844e+08 4.24252e+08 3.4619e+08 4.18721e+08 2.91787e+08 4.55917e+08 2.54532e+08 2.13468e+08 1.99366e+08 1.76833e+08 1.63204e+08 1.51533e+08 1.47131e+08 1.389e+08 1.33507e+08 1.14647e+08 1.00996e+08 1.70276e+08 9.09347e+07 8.97758e+07 8.30124e+07 8.2967e+07 7.96074e+07 1.46583e+08 9.87532e+07 1.12911e+08 8.02411e+07 7.20541e+07 7.20026e+07 7.09441e+07 8.00036e+07 1.13241e+08 7.07996e+07 7.46011e+07 7.00991e+07 6.61661e+07 6.41676e+07 6.40753e+07 1.43958e+08 1.24846e+08 6.36234e+08 3.98412e+08
threshold=0.8177930000000001 0.00028050000000000004 5206.5000000000009 2203993.5000000005 2.5000000000000002e-06 0.0005595000000000001 0.00037550000000000002 24371.000000000004 15860.500000000002 0.00038650000000000007 0.00037150000000000009 20556.500000000004 26112.500000000004 0.89377350000000011 107489.00000000001 38163.000000000007 0.94509250000000011 7839.5000000000009 0.91575650000000008 53207.500000000007 0.0026960000000000005 0.00080950000000000022 1182256.0000000002 205693.50000000003 1251329.0000000002 0.92514000000000018 9.4500000000000007e-05 236217.50000000003 0.0005725000000000002 0.91575650000000008 0.0019515000000000003 0.00035350000000000008 17497.000000000004 0.0018545000000000002 35128.500000000007 0.0013845000000000001 0.0012845000000000003 0.91397700000000015 60699.500000000007 0.0010855000000000003 17693.500000000004 0.0011145000000000003 729373.00000000012 0.00048700000000000007 0.0011535000000000002 121452.00000000001 163986.00000000003 158068.50000000003 0.0089810000000000011 0.22499750000000004 24286.000000000004 0.0020215000000000003
decision_type=2 2 2 2 2 2 2 2 2 2 2 2 2 2 2 2 2 2 2 2 2 2 2 2 2 2 2 2 2 2 2 2 2 2 2 2 2 2 2 2 2 2 2 2 2 2 2 2 2 2 2 2
left_child=1 30 18 4 26 24 7 -4 9 -8 -11 -10 -13 37 15 -15 19 -12 -2 -17 22 -20 23 -7 -6 -9 -3 28 39 -21 -1 42 33 -30 35 -34 -37 -14 -18 40 41 -28 43 -25 -38 -41 -16 49 -49 -22 51 -51
right_child=2 3 6 -5 5 20 8 25 11 10 17 12 13 14 46 16 38 -19 21 29 47 -23 -24 31 -26 -27 27 -29 32 -31 -32 -33 34 -35 -36 36 44 -39 -40 45 -42 -43 -44 -45 -46 -47 -48 48 -50 50 -52 -53
leaf_value=-0.14275683650445542 -274.28750465850459 -2.8089622710122479 720.81978124138959 -3.3500854446425006 17.281849014398251 -4.200471064841369 -345.13326688923013 52.29776330731999 562.78348630294067 362.2169940931085 -159.9010114975581 -115.18379597219408 334.31362658001314 -70.387342213828205 85.91404750880892 589.34132334395679 273.12418202359692 167.66009499414841 -126.47684629946369 428.00416177476814 2.0869325214990888 115.7807141128708 -1.8597990000368687 21.882981188073437 8.7640391062880223 285.21837621569489 -11.364716250529177 3.0886245821837326 -7.6461317829561146 216.3905086845929 14.481594652723988 6.7984536538403315 11.066940877954853 167.6128115811222 6.2255792092477398 126.01355471019836 84.762664310529971 530.66372444442493 74.777553226445306 32.769181942071732 8.3976913145183723 36.518690533691483 7.3448708486555594 69.638749219292436 15.510283136255062 3.9629226706784628 -64.818110558257686 11.215357511701638 32.324276743826871 99.262439752891765 502.67889217049526 -147.02370321468899
leaf_weight=9257691.3662223816 21 14929.096195220947 23 45817.079267501831 30640.018432617188 6831.0043201446533 22 32 20 40 28 25 33 28 75 21 20 25 30 24 5957.0031681060791 40 20170.010925292969 3042.002592086792 20337.009792327881 25 416.00028800964355 176755.09648323059 3213.0002880096436 30 2579.0031681060791 32543.010368347168 849.00028800964355 32 16465.015264511108 98 164 20 31 2158.0008640289307 9856.0097923278809 1552.0005760192871 2633.0014400482178 234 238 702.00028800964355 25 17352.01699256897 2449.0031681060791 137 20 64
leaf_count=2633044 21 12591 23 43934 30192 6726 22 32 20 40 28 25 33 28 75 21 20 25 30 24 5880 40 19911 2979 20099 25 409 174410 3206 30 2502 32291 842 32 16094 98 164 20 31 2137 9618 1538 2598 234 238 695 25 16939 2372 137 20 64
internal_value=0.0784845 0.0684751 151.876 4.68373 5.679 8.88599 186.152 317.393 163.663 57.4708 152.747 198.353 176.38 200.13 156.639 227.027 293.131 -5.37038 -54.1254 388.652 6.09954 11.9431 3.93015 6.50913 13.8837 154.503 3.67087 4.12611 9.25665 310.511 -0.138684 8.4117 5.82384 -5.91707 7.96259 29.1629 59.8884 408.482 152.615 14.1798 11.3935 26.3967 17.2963 25.2944 43.7649 25.6987 48.2265 11.5652 13.8262 4.31866 64.4691 20.8374
internal_weight=9.67656e+06 9.67592e+06 638 415653 369836 142409 547 80 467 115 93 352 332 307 254 154 126 53 91 75 91432.1 70 65453 45283 50977 57 227427 212498 35743 54 9.26027e+06 38452 21059 3245 17814 1349 500 53 51 14684 11824 1968 5909 3276 402 2860 100 25979 19801 6178 221 201
internal_count=3042632 3041994 638 406448 362514 140442 547 80 467 115 93 352 332 307 254 154 126 53 91 75 90151 70 64739 44828 50291 57 222072 209481 35071 54 2635546 38102 20674 3238 17436 1342 500 53 51 14397 11565 1947 5811 3213 402 2832 100 25412 19311 6101 221 201
is_linear=0
shrinkage=0.081503


Tree=71
num_leaves=53
num_cat=0
split_feature=8 8 16 9 9 15 8 16 16 9 16 9 1 16 15 9 16 8 16 8 16 14 16 3 7 14 16 9 15 16 8 16 16 16 15 16 15 15 15 16 8 14 8 8 16 7 3 8 14 14 14 15
split_gain=4.15377e+08 2.84324e+08 2.61026e+08 1.82952e+08 2.49396e+08 1.88863e+08 1.79565e+08 2.90316e+08 6.39621e+08 4.79514e+08 6.41153e+08 2.21502e+08 1.88272e+08 1.59854e+08 1.56055e+08 4.07674e+08 2.88224e+08 2.30583e+08 3.33687e+08 1.95369e+08 2.06449e+08 1.40817e+08 6.66079e+08 3.82632e+08 1.94535e+08 5.21274e+08 1.8846e+08 1.22221e+08 1.2083e+08 1.10556e+08 9.60559e+07 8.40523e+07 7.91402e+07 7.44665e+07 1.14345e+08 7.29864e+07 1.18517e+08 7.54922e+07 1.93048e+08 5.8875e+07 5.63453e+07 6.98089e+07 5.43462e+07 4.474e+07 8.24525e+07 6.79282e+07 4.4698e+07 4.41908e+07 4.34834e+07 4.20295e+07 4.09292e+07 4.07903e+07
threshold=0.92074100000000014 0.0017340000000000001 1502759.0000000002 0.00038350000000000011 0.00040650000000000007 0.051539000000000008 0.96647850000000013 7839.5000000000009 34556.000000000007 0.010425500000000002 2427.0000000000005 0.0062355000000000006 0.92514000000000018 4892.0000000000009 0.00016050000000000003 0.00034350000000000006 55493.000000000007 0.96647850000000013 22795.000000000004 0.95254850000000013 13029.500000000002 0.054875500000000008 52193.000000000007 0.48583150000000003 0.16861500000000004 0.025577000000000006 19373.500000000004 0.0079260000000000008 5.1500000000000005e-05 87917.000000000015 0.95254850000000013 5039.0000000000009 5747.0000000000009 7560.0000000000009 1.0000000180025095e-35 14094.500000000002 0.00015450000000000004 0.0011290000000000002 0.0013710000000000003 2203770.5000000005 0.0034435000000000004 3.6500000000000006e-05 0.0032275000000000003 0.00085500000000000018 2233179.0000000005 0.00086750000000000011 0.90078350000000007 0.0055660000000000006 2.5000000000000002e-06 0.00069950000000000014 2.0500000000000004e-05 0.00011450000000000002
decision_type=2 2 2 2 2 2 2 2 2 2 2 2 2 2 2 2 2 2 2 2 2 2 2 2 2 2 2 2 2 2 2 2 2 2 2 2 2 2 2 2 2 2 2 2 2 2 2 2 2 2 2 2
left_child=1 43 21 5 -5 14 7 9 27 10 -6 -12 29 -8 17 16 -16 19 -19 20 -2 24 23 26 32 46 -23 -9 -22 -10 -17 -13 -3 34 -34 37 40 -35 -39 42 51 -42 -4 49 45 -45 -26 -43 -41 -1 -50 -37
right_child=3 2 39 4 6 -7 13 8 12 -11 11 31 -14 -15 15 30 -18 18 -20 -21 28 22 -24 -25 25 -27 -28 -29 -30 -31 -32 -33 33 35 -36 36 -38 38 -40 48 41 47 -44 44 -46 -47 -48 -49 50 -51 -52 -53
leaf_value=-0.035321715666933561 490.67385449692296 -55.832509766592217 -3.6096066163004057 -401.06024980735077 410.07788575603411 577.65543251455779 109.43441043870018 957.95707065118904 401.99333501598801 572.33503689065276 -45.009704125391323 -403.94497264848206 -330.23969193931663 -389.6909694215168 -550.05053041133226 401.33923214024742 129.04486891811683 834.43364846536849 137.80117119062879 -112.78817062799882 188.02115115428219 -306.07427915798326 449.34913981192688 -636.03785469741501 -140.76383965085981 614.95278923163971 146.59732534854442 478.81342038042681 -188.49935709766214 -53.192092358263238 22.507626188143547 -801.32789948029699 170.31452663780561 -12.518614965037173 -29.408415091593806 8.4663566230023211 -27.693671789186375 461.44067208944227 -32.055571236015886 5.3335135132527833 18.012983229785778 -26.724701753033013 7.1871429644353055 3.9716706300788869 -5.9094343990798652 -2.9978759229918266 105.22162465049702 6.709810670037144 -12.752538803151399 40.642621359000948 15.316025001254651 62.238744168211468
leaf_weight=9280244.7115116119 39 355.00028800964355 19353.007776260376 24 25 21 22 20 21 20 20 20 21 28 30 36 20 25 28 45 90 38 30 39 37 37 33 21 20 20 20 21 135 3570.010368347168 93 75640.034273147583 1564.0017280578613 23 45 3873.0041217803955 28571.014400482178 982.00057601928711 16675.009504318237 168019.16819763184 22981.047317504883 31982.010656356812 23 3352.0115203857422 15669.013607025146 488.00028800964355 1066.0002880096436 272
leaf_count=2647085 39 348 19164 24 25 21 22 20 21 20 20 20 21 28 30 36 20 25 28 45 90 38 30 39 37 37 33 21 20 20 20 21 135 3318 93 74807 1522 23 45 3775 28221 968 16444 163931 21868 31723 23 3072 15347 481 1059 272
internal_value=0.12185 0.114366 5.70832 110.329 26.2421 173.956 65.8569 122.309 288.02 -38.7171 -180.902 -423.17 7.12469 -170.063 149.921 9.23453 -278.396 210.292 466.485 140.277 216.715 9.50618 -129.415 -287.308 9.67577 205.871 -95.6863 712.681 119.543 179.959 266.054 -607.613 9.50968 9.71273 88.8456 9.55447 10.1911 -9.76258 134.895 -1.99247 10.7357 15.5264 1.38749 0.013434 1.95366 2.85717 -46.4395 -0.865697 -7.90152 -0.0331826 -10.9646 8.65905
internal_weight=9.67585e+06 9.67519e+06 171475 657 283 374 259 209 103 106 86 61 62 50 353 106 50 247 53 194 149 114839 140 110 114699 97 71 41 110 41 56 41 114602 114247 228 114019 110381 3638.01 68 56636 108817 32905 36028 9.50371e+06 222982 200001 60 4334.01 20608 9.28073e+06 16735 75912
internal_count=3034595 3033938 168850 657 283 374 259 209 103 106 86 61 62 50 353 106 50 247 53 194 149 113061 140 110 112921 97 71 41 110 41 56 41 112824 112476 228 112248 108862 3386 68 55789 107340 32261 35608 2865088 217522 195654 60 4040 20181 2647566 16406 75079
is_linear=0
shrinkage=0.138611


Tree=72
num_leaves=53
num_cat=0
split_feature=13 11 11 2 11 9 9 11 14 1 11 11 9 11 11 11 11 11 13 12 14 12 11 12 2 11 11 15 13 10 12 10 10 11 15 14 9 13 14 9 12 11 11 9 9 2 11 13 10 15 9 12
split_gain=1.31278e+08 1.73894e+08 2.25536e+08 3.12125e+08 2.06712e+08 1.40721e+08 4.57119e+08 1.40594e+08 1.99967e+08 2.54332e+08 2.32614e+08 7.4564e+08 1.77676e+08 2.72275e+08 1.88393e+08 1.77543e+08 1.41713e+08 1.41161e+08 1.03709e+08 6.26762e+07 6.22889e+07 7.53853e+07 7.34764e+07 4.08027e+07 4.07653e+07 5.71766e+07 6.00102e+07 3.38024e+07 2.91568e+07 5.0615e+07 4.18752e+07 4.01829e+07 4.27159e+07 3.6774e+07 4.52822e+07 3.53402e+07 3.25854e+07 2.78751e+07 2.75549e+07 2.64221e+07 2.57784e+07 3.68582e+07 3.50818e+07 3.38179e+07 2.92641e+07 2.87103e+07 2.57082e+07 2.52015e+07 2.54349e+07 2.44422e+07 4.55299e+07 2.92147e+07
threshold=-0.16861499999999999 0.00035850000000000004 0.00036950000000000009 0.90392850000000002 0.00037350000000000008 0.011092000000000001 0.010425500000000002 0.00037650000000000004 0.054875500000000008 0.57152900000000006 0.00041150000000000003 0.00042650000000000007 0.0014845000000000004 0.22499750000000004 0.94009900000000013 0.00038950000000000003 0.00038650000000000007 0.00038150000000000006 0.00036550000000000005 -0.066571499999999992 0.025577000000000006 -0.0052394999999999994 0.06482700000000001 0.0011200000000000001 0.00023750000000000003 0.24171800000000002 0.22499750000000004 0.0021610000000000006 -0.0056194999999999986 9.3500000000000023e-05 0.0027670000000000004 0.00036050000000000009 0.00044750000000000004 0.0026940000000000006 2.5000000000000002e-06 1.7500000000000002e-05 0.0024085000000000005 -0.0071924999999999984 1.9500000000000003e-05 0.019226000000000004 -0.0024599999999999999 0.00035750000000000002 0.00012550000000000004 0.00025650000000000005 0.0012305000000000005 0.0053550000000000013 0.0009565000000000001 0.0030775000000000004 0.0013685000000000004 2.5000000000000002e-06 0.0033105000000000005 -0.0012374999999999997
decision_type=2 2 2 2 2 2 2 2 2 2 2 2 2 2 2 2 2 2 2 2 2 2 2 2 2 2 2 2 2 2 2 2 2 2 2 2 2 2 2 2 2 2 2 2 2 2 2 2 2 2 2 2
left_child=1 19 3 -3 -4 6 7 -6 9 -9 15 -12 13 -13 -14 17 -11 -10 24 -1 21 -18 -22 46 -2 26 28 -27 29 33 31 -31 36 40 37 -32 -33 38 -35 49 42 44 -26 -44 -42 -46 -20 48 -25 50 51 -30
right_child=18 2 4 -5 5 -7 -8 8 10 16 11 12 14 -15 -16 -17 20 -19 23 -21 22 -23 -24 47 25 27 -28 -29 39 30 35 32 -34 34 -36 -37 -38 -39 -40 -41 41 -43 43 -45 45 -47 -48 -49 -50 -51 -52 -53
leaf_value=-78.605579974197326 -0.062367046796127985 1461.4867675941127 -627.01490898099996 67.854220949477593 752.57825100539617 -475.80202953518358 1284.0529520495659 1105.7050542045563 -565.1792806261351 830.48144261542598 1606.993738027249 -383.15445752986204 -539.48590711509883 371.93202889446076 28.871303483009363 -918.4583891649786 109.45959834254114 328.32535381654463 13.06616042966221 -701.2531980713851 730.73668300295071 -368.93115398260568 167.88087336715972 -32.193651095081144 -23.69695223006579 -72.437465578535296 359.40571133731601 -395.78635445896828 12.457624107983102 82.075730382201542 220.49516434305033 -289.78091331844155 14.192043056373025 214.59697100855919 6.0200470162618389 73.39483039789387 90.747447306460728 43.303380008201408 23.72464410346241 23.157635572369042 26.796792176639844 -37.601559354126451 -231.76112848325675 -29.939297845206418 -20.483211779248819 256.00527364258505 -3.4759473199878652 13.851341516247208 -1.9455610608854608 -2.2797819522373084 16.506535411030242 1.7117312205724762
leaf_weight=21 9164172.2231369019 20 26 24 22 26 23 22 24 21 20 45 72 116 88 31 111 24 68100.043649673462 23 20 28 74 2128.0011520385742 1242.0031681060791 54 32 37 18250.010080337524 641.00086402893066 141 56 1210.0008640289307 168 1876.0005760192871 520.00057601928711 21 384 74 4084.0008640289307 521.00057601928711 572.00057601928711 118 108 37 82 7040.0090179443359 6151.0017280578613 16739.008729934692 71420.074377059937 16209.025236129761 293711.60898780823
leaf_count=21 2542885 20 26 24 22 26 23 22 24 21 20 45 72 116 88 31 111 24 67050 23 20 28 74 2100 1165 54 32 37 18005 620 141 56 1189 168 1862 506 21 384 74 4063 507 558 118 108 37 82 6823 6109 16529 69621 15600 278962
internal_value=0.148 100.74 127.29 701.483 95.4187 119.92 140.832 104.188 83.6782 255.989 -29.5558 63.7918 -32.4133 160.855 -226.896 -432.451 182.341 -118.452 0.138841 -404.138 123.88 13.063 287.714 8.48117 0.0515834 2.58886 2.63454 -203.941 2.60678 18.4183 48.1737 28.7664 2.21399 3.55185 26.273 104.778 -185.969 86.9643 156.236 2.30239 -17.6598 10.4684 -40.8835 -135.323 53.4327 170.028 11.5163 -0.634561 -5.3573 2.08924 3.04008 2.34038
internal_weight=9.67678e+06 881 837 44 793 767 741 718 696 276 420 341 321 161 160 79 254 48 9.6759e+06 44 233 139 94 100158 9.57574e+06 411569 411478 91 411446 7771.01 2589 1928 1287 5182 2502 661.001 77 626 242 403675 2680 1212 1468 226 640.001 119 75140.1 25018 18867 399591 328171 311962
internal_count=3036347 881 837 44 793 767 741 718 696 276 420 341 321 161 160 79 254 48 3035466 44 233 139 94 98611 2936855 393970 393879 91 393847 7596 2533 1886 1266 5063 2488 647 77 626 242 386251 2575 1184 1391 226 626 119 73873 24738 18629 382188 312567 296967
is_linear=0
shrinkage=0.260605


Tree=73
num_leaves=53
num_cat=0
split_feature=13 8 11 11 3 9 9 9 3 11 11 11 9 11 11 11 0 7 11 3 8 11 9 9 11 7 8 5 3 3 8 3 8 8 13 3 11 11 8 13 11 13 0 8 9 3 8 4 5 5 13 11
split_gain=1.20247e+09 8.35546e+08 3.1789e+08 4.12925e+08 4.25343e+08 2.66004e+08 7.66472e+08 3.46555e+08 3.02134e+08 2.23294e+08 1.07325e+09 8.8332e+08 3.14812e+08 2.50171e+08 2.29352e+08 2.06828e+08 1.72213e+08 1.5756e+08 1.48803e+08 3.80383e+08 4.0743e+08 2.84316e+08 4.94853e+08 2.1892e+08 7.40004e+07 9.25176e+07 6.72618e+07 7.94839e+07 6.27469e+07 5.26835e+07 5.04229e+07 5.82361e+07 4.96587e+07 4.89573e+07 4.50405e+07 4.08944e+07 3.85715e+07 3.61868e+07 3.49945e+07 5.90145e+07 4.62992e+07 5.15255e+07 4.90623e+07 3.82706e+07 3.85927e+07 3.65528e+07 3.61566e+07 3.21162e+07 4.84643e+07 4.13286e+07 3.99048e+07 2.96644e+07
threshold=-0.16861499999999999 0.0025430000000000006 0.00035850000000000004 0.00036950000000000009 0.31883150000000005 0.011092000000000001 0.010425500000000002 0.0091010000000000014 0.75452300000000017 0.00041150000000000003 0.00042550000000000004 0.00038950000000000003 0.00018750000000000003 0.00038250000000000008 0.00037850000000000009 0.28534100000000007 0.00060250000000000006 0.88436850000000011 0.22499750000000004 0.90078350000000007 0.95254850000000013 0.94009900000000013 0.0025995000000000002 0.0072820000000000011 0.0036230000000000004 0.00052150000000000015 0.0048565000000000006 0.14155050000000002 0.0048160000000000008 0.9127780000000002 7.6500000000000016e-05 4.4500000000000004e-05 0.21473850000000003 0.0031315000000000002 -0.0035409999999999994 4.6500000000000005e-05 0.036960000000000007 8.6500000000000015e-05 0.018418500000000004 -0.010440499999999998 0.00028250000000000004 -0.0041024999999999994 0.0032965000000000004 0.0056880000000000012 0.017062000000000004 0.0055280000000000008 0.0033685000000000004 6.6500000000000017e-05 0.00027550000000000008 0.00036650000000000002 0.00097950000000000012 0.22499750000000004
decision_type=2 2 2 2 2 2 2 2 2 2 2 2 2 2 2 2 2 2 2 2 2 2 2 2 2 2 2 2 2 2 2 2 2 2 2 2 2 2 2 2 2 2 2 2 2 2 2 2 2 2 2 2
left_child=2 16 37 17 -5 6 7 9 -9 11 -11 12 13 14 -6 24 30 -4 19 20 -12 22 -20 -23 25 33 28 32 -26 -21 -2 -32 34 -3 36 -18 -28 -1 39 -27 41 42 45 44 46 -41 -42 49 -49 -37 -50 -29
right_child=1 15 3 4 5 -7 -8 8 -10 10 18 -13 -14 -15 -16 -17 35 -19 21 29 -22 23 -24 -25 26 38 27 51 -30 -31 31 -33 -34 -35 -36 47 -38 -39 -40 40 43 -43 -44 -45 -46 -47 -48 48 50 -51 -52 -53
leaf_value=-95.263429943623095 -0.029119861435518233 2.8475960528924604 244.58596701041481 188.62068147091972 92.184443207579278 -83.684563919340704 264.80838604339777 -155.11696071832438 46.488075906621368 310.43859595706635 -188.13272651363204 -158.36192475046664 -74.750628213813926 181.68362246789113 -62.334576109317759 -87.754371800384263 10.586917238100099 96.754400739953439 128.11609113017863 39.92353827029752 41.97310562469081 -23.260274898489694 10.309614707951102 75.283833442558006 4.7643303126444438 13.006771251422373 12.623140018818999 -1.9836094168508152 -12.321329340241242 115.78464775319533 1.451019537041687 0.20873522880143577 62.096641186532459 5.0034283944976643 -41.301347918131604 0.34185034989569518 0.83286454090352058 -24.211457070087722 -5.1150023294698892 5.438589487155391 -0.23438228613538792 2.3727762497656832 11.363734335134916 -5.0832803264885973 7.133195983597016 -10.097714932140423 2.5040022366665049 4.8451331631830197 1.236033554574234 -7.1276591215985388 -3.5898125980550928 -40.163087257925341
leaf_weight=20 8760811.7085018158 30282.012941360474 21 30 48 26 23 26 20 24 25 39 23 29 21 38 684.00028800964355 23 139 38 22 94 89 54 3903.0020160675049 722 3511.0020160675049 64 357 22 65076.056161880493 488434.86180496216 29 34062.016019821167 25 50428.153202056885 480.00028800964355 24 1095.0028800964355 924.00028800964355 17716.005760192871 14316.015552520752 2110.0005760192871 1541.0005760192871 1591.0002880096436 307.00086402893066 12525.006336212158 5615.0054721832275 174725.20453262329 1153 2647.0014400482178 60
leaf_count=20 2176073 29974 21 30 48 26 23 26 20 24 25 39 23 29 21 38 677 23 139 38 22 94 89 54 3854 722 3462 64 357 22 63711 443276 29 33677 25 46711 473 24 1025 917 17576 13938 2096 1527 1584 286 12371 5482 169804 1153 2612 60
internal_value=0.0657538 0.0616064 45.6636 51.0433 44.5798 38.9058 43.2382 36.0861 -67.4571 43.2286 55.908 3.04964 55.0863 85.5697 45.1515 3.2219 0.0200217 167.341 43.2528 2.66302 -80.4255 54.803 82.1323 12.6981 3.24943 2.9955 6.77983 10.3024 3.33244 67.7526 -0.00630568 0.35479 11.2455 3.98884 10.8781 1.0624 11.2052 -56.5165 1.78605 1.93207 1.77538 3.39081 7.75297 0.920678 1.21134 1.56379 0.899778 1.03462 1.27697 0.174879 1.16401 -20.4595
internal_weight=9.67611e+06 9.67523e+06 880 836 792 762 736 713 46 667 507 160 121 98 69 125658 9.54957e+06 44 483 107 47 376 228 148 125620 117191 8429 4169 4260 60 9.31432e+06 553511 4045 64344 4016 235252 3991 44 52847 51752 51030 17657 3341 33373 31832 1231 30241 234568 182987 51581.2 177372 124
internal_count=3034434 3033554 880 836 792 762 736 713 46 667 507 160 121 98 69 124055 2909499 44 483 107 47 376 228 148 124017 115693 8324 4113 4211 60 2683060 506987 3989 63651 3960 226439 3935 44 52042 51017 50295 17237 3299 33058 31531 1203 29947 225762 177898 47864 172416 124
is_linear=0
shrinkage=0.03901


Tree=74
num_leaves=53
num_cat=0
split_feature=3 13 11 11 2 14 11 3 11 12 11 11 11 11 11 15 15 11 15 15 11 13 3 10 15 15 15 11 12 3 15 11 14 2 10 15 1 15 12 2 12 14 14 1 2 15 14 12 12 14 12 14
split_gain=8.53644e+07 7.26859e+07 8.43809e+07 1.85333e+08 5.78589e+08 1.70167e+08 2.52797e+08 1.20032e+08 9.43171e+07 1.6215e+08 1.36102e+08 2.50925e+08 2.11773e+08 8.57211e+07 5.80304e+07 7.68945e+07 1.7328e+08 2.25872e+08 8.21611e+07 5.63743e+07 1.44801e+08 2.11793e+08 6.7919e+07 3.62202e+07 6.98573e+07 1.45486e+08 5.62836e+07 3.52946e+07 3.04122e+07 2.93749e+07 2.62606e+07 4.23639e+07 2.4862e+07 2.87252e+07 2.22886e+07 4.20542e+07 2.25649e+07 2.17789e+07 2.95792e+07 2.45539e+07 2.14738e+07 3.03426e+07 2.08014e+07 2.02015e+07 2.23547e+07 2.01185e+07 1.66327e+07 3.31089e+07 1.59007e+07 3.08306e+07 1.85895e+07 2.31222e+07
threshold=0.0012325000000000003 -0.16861499999999999 0.00036750000000000004 0.00037550000000000002 0.90392850000000002 0.054875500000000008 0.00035250000000000006 0.31883150000000005 0.00038550000000000005 -0.022734999999999995 0.00041650000000000004 0.00040750000000000004 0.00042850000000000006 0.00039250000000000005 0.94009900000000013 0.037011000000000009 0.052283000000000003 0.96218650000000017 0.020994000000000002 0.057643500000000007 0.91575650000000008 -0.88436849999999989 0.48583150000000003 0.0016855000000000001 0.0011620000000000003 0.0010820000000000003 0.0012480000000000002 0.96218650000000017 -0.032569999999999995 0.0093120000000000026 3.5000000000000004e-06 0.00038450000000000002 1.4500000000000002e-05 0.0016495000000000001 0.0031765000000000005 6.5000000000000013e-06 0.0011805000000000003 4.500000000000001e-06 -0.0014024999999999999 0.0024785000000000002 -0.041660999999999997 0.00037100000000000007 1.1500000000000002e-05 0.00052450000000000012 0.0010345 0.0019730000000000004 0.00027550000000000008 -2.1499999999999997e-05 0.00046150000000000005 2.3500000000000005e-05 -0.004380499999999999 0.025577000000000006
decision_type=2 2 2 2 2 2 2 2 2 2 2 2 2 2 2 2 2 2 2 2 2 2 2 2 2 2 2 2 2 2 2 2 2 2 2 2 2 2 2 2 2 2 2 2 2 2 2 2 2 2 2 2
left_child=46 2 5 4 -4 -2 -7 -5 9 -9 11 13 -12 -10 19 18 17 -17 -16 20 22 -22 -14 24 25 30 -26 -20 -28 32 48 42 -25 43 37 -36 -37 -35 -39 -40 -33 -42 -32 44 -34 -30 -1 -48 50 -50 -3 -52
right_child=1 23 3 7 -6 6 -8 8 10 -11 12 -13 14 -15 15 16 -18 -19 27 -21 21 -23 -24 29 26 -27 28 -29 45 -31 31 40 33 34 35 36 -38 38 39 -41 41 -43 -44 -45 -46 -47 47 -49 49 -51 51 -53
leaf_value=-0.0054053474110704273 204.57323127796457 -9.2999376507038534 1231.3562723717914 468.73697282550665 -249.27329434257319 33.401647067766731 -962.266629897234 -467.63466081274578 316.24347422491996 197.87534714053405 -586.8828802383058 945.67684707548381 322.63180529870675 -249.55559735318164 -143.23859701883973 -877.43237709613379 176.31115638692651 63.739309272347256 359.64583320629686 -171.20586627032219 -35.426280674928279 515.76792897076575 -21.227665101580961 1.7261468751402944 -439.20398558964939 500.47885839871651 -29.040552701417468 74.151843205527541 -67.745241486424675 45.661749318528877 -9.0502054536330192 69.84159086255238 151.73111450154715 -28.260725254364264 19.659423874715745 -175.2442255431578 -49.771042748841474 43.435464876941609 41.134180854026489 -20.151294558805859 5.3786673357715102 -105.70632586988999 -40.078763598222423 73.554351891315576 -10.929121628304987 -346.34237330304586 8.8742568929457892 151.05870778437057 1.9925832437383608 48.845400402213002 10.374865687477747 -203.64870863065505
leaf_weight=9452789.7587890625 35 2177.0069122314453 23 30 23 25 20 39 28 27 23 21 29 20 48 25 32 20 35 29 49.000288009643555 80 183 102786.04814910889 21 26.000288009643555 137 41 20 644.00028800964355 4068.0028800964355 223 40 1505.0002880096436 425 66 1174 612 347 1596 14413.005939483643 108 1226.0011520385742 261 464 26 297.00201606750488 94 21873.017280578613 630.00144004821777 67300.038951873779 22
leaf_count=2818433 35 2009 23 30 23 25 20 39 28 27 23 21 29 20 48 25 32 20 35 29 42 80 183 101631 21 19 137 41 20 637 3998 223 40 1498 425 66 1174 612 347 1596 14273 108 1198 261 464 26 248 94 21453 595 66362 22
internal_value=0.0916503 4.12906 63.8519 84.179 491.087 -140.653 -409.192 59.5093 42.6596 -195.358 66.3585 343.911 34.1098 80.4867 59.1379 -31.1726 -195.053 -459.158 70.5913 108.201 131.972 306.396 25.8239 3.89117 6.52916 6.75141 -115.547 205.662 -78.3782 1.19677 6.63677 -0.21321 0.934705 -11.5997 -16.6779 -37.0233 -56.4517 -8.33408 3.40329 -9.20566 5.53994 4.55232 -16.2361 26.4027 1.98247 -225.254 -0.00362386 43.0608 8.1287 3.30435 9.69075 10.3049
internal_weight=9.67626e+06 223075 885 805 46 80 45 759 729 66 663 69 594 48 571 201 77 45 124 370 341 129 212 222190 112270 112066 204 76 183 109920 112040 20038 109276 6490 5725 1665 1240 4060 2555 1943 14744 14521 5294 765 504 46 9.45318e+06 391.002 92002.1 22503 69499 67322
internal_count=3038868 220093 878 798 46 80 45 752 722 66 656 69 587 48 564 201 77 45 124 363 334 122 212 219215 110464 110260 204 76 183 108751 110241 19800 108114 6483 5718 1665 1240 4053 2555 1943 14604 14381 5196 765 504 46 2818775 342 90441 22048 68393 66384
is_linear=0
shrinkage=0.208811


Tree=75
num_leaves=53
num_cat=0
split_feature=1 2 7 11 15 11 13 15 12 15 12 11 11 11 12 1 15 13 11 15 15 12 13 11 11 5 7 13 10 7 2 2 11 15 1 12 2 5 15 10 15 11 11 2 15 11 15 13 15 12 1 12
split_gain=1.82053e+08 1.3129e+08 1.25497e+08 1.28761e+08 1.14513e+08 3.06214e+08 1.04062e+08 1.51003e+08 1.55615e+08 1.25943e+08 1.03233e+08 1.87655e+08 3.28136e+08 1.62617e+08 3.39347e+08 2.02226e+08 1.20294e+08 9.34266e+07 8.96813e+07 4.8401e+07 6.16907e+07 4.21082e+07 3.74863e+07 3.0571e+07 3.01531e+07 3.05938e+07 3.36288e+07 2.79491e+07 3.67848e+07 4.11382e+07 3.49904e+07 2.95984e+07 2.9007e+07 2.73937e+07 6.88926e+07 3.92192e+07 6.43792e+07 2.29608e+07 4.80104e+07 2.24801e+07 3.43903e+07 2.80866e+07 2.31867e+07 2.15314e+07 2.67741e+07 2.08179e+07 2.0666e+07 3.59841e+07 3.33991e+07 2.22729e+07 2.00242e+07 1.97784e+07
threshold=0.67893700000000012 0.00055750000000000016 0.93469650000000015 0.94009900000000013 0.037011000000000009 0.079903000000000016 -0.88436849999999989 0.050607500000000007 0.018189500000000001 0.052283000000000003 -0.0039964999999999992 0.00036750000000000004 0.00037550000000000002 0.00041050000000000006 -0.012156499999999999 0.91422250000000005 0.00011150000000000001 -0.57580599999999993 0.00038350000000000005 0.049698500000000007 0.037011000000000009 -0.0090079999999999986 0.0021805000000000006 0.96218650000000017 0.00067850000000000018 0.00079550000000000009 0.00052050000000000002 -0.0017764999999999999 0.00082050000000000016 0.0027220000000000005 0.0018165000000000002 0.0018800000000000004 0.0025050000000000007 0.020580000000000005 0.57152900000000006 0.018189500000000001 0.079978000000000007 0.0042860000000000007 4.500000000000001e-06 0.0021005000000000008 1.0500000000000003e-05 0.00024350000000000004 0.0013265000000000002 0.0023805000000000002 3.6500000000000006e-05 0.00029050000000000007 0.00015450000000000004 -0.0046409999999999984 0.00011750000000000001 0.0031575000000000002 0.00050350000000000015 -0.0015264999999999999
decision_type=2 2 2 2 2 2 2 2 2 2 2 2 2 2 2 2 2 2 2 2 2 2 2 2 2 2 2 2 2 2 2 2 2 2 2 2 2 2 2 2 2 2 2 2 2 2 2 2 2 2 2 2
left_child=1 -1 3 4 5 10 21 8 -8 -9 11 -2 -13 15 -15 18 -16 -3 -14 20 23 -6 27 -5 -24 26 -26 28 29 43 51 50 -29 35 -35 -33 -37 -34 -39 40 -32 -42 -43 -19 45 -45 47 -41 49 -49 -31 -30
right_child=2 17 -4 19 6 -7 7 9 -10 -11 -12 12 13 14 16 -17 -18 22 -20 -21 -22 -23 24 -25 25 -27 -28 32 30 31 39 33 37 34 -36 36 -38 38 -40 46 41 42 -44 44 -46 -47 -48 48 -50 -51 -52 -53
leaf_value=-0.018387602336710503 -78.03188287527918 -304.16728246829342 -117.3630407910435 51.856168017385343 -14.419452004378151 -210.50339833928109 457.30607141906972 -74.773285943172894 168.73672692948631 182.02407254808955 -57.741781376674368 386.31492049022052 9.0915400155506365 412.34889632735525 -100.53824942293991 193.89499782690763 164.48180411894097 9.8064670728799186 -230.90720608954476 59.869007965419385 -137.56332045841197 99.133604071943964 4.9083371665030224 -66.697284260143775 0.59058547847091747 5.1441371396091871 -10.003264001189642 0.99735286608906148 5.4528983196954988 -2.2175219370620054 -9.8551747030138959 4.3739457955213794 -6.9773008741608722 -172.93735517367296 26.133228758755173 7.6003230702987485 194.92613553472819 72.047698279591572 -13.696373595718192 18.130086184828524 -29.047591566889569 7.0442458578544667 -8.3888102702046581 50.24270629693644 -15.909550834200411 20.739791964614518 -11.661702298950058 1.1253629494079185 35.607741581002877 -19.191461815492261 -29.937240665699392 22.815924851592818
leaf_weight=9260748.6882514954 37 6.9999999999999991 32 35 37.000288009643555 31 20 23 38 32 38 29 20 25 24 21 24 2820.0023040771484 24 39 36 60 37232.019674301147 27 10804.008441925049 7731.002592086792 2608.0020160675049 306635.26069450378 2687.0005760192871 519.00028800964355 3965.0017280578613 21635.01823425293 4355.0011520385742 21 29 36 20 80 107 956.00057601928711 202 2636.0020160675049 921.00028800964355 246 100.00028800964355 527.00057601928711 753.00057601928711 7295.002592086792 190 399 282 555
leaf_count=2628065 37 7 32 35 30 31 20 23 38 32 38 29 20 25 24 21 24 2764 24 39 36 60 36756 27 10601 7668 2559 300349 2673 512 3923 21194 4327 21 29 36 20 80 107 942 202 2587 914 246 93 513 739 7232 190 399 282 555
internal_value=0.0499892 0.0470082 44.2935 52.6409 72.9634 37.2016 119.449 174.058 268.306 74.6393 68.9433 92.5472 130.348 76.5287 162.286 -19.7897 31.9809 1.50158 -121.82 -19.003 -50.4014 55.82 1.50672 0.216507 3.47424 0.948845 -1.4694 1.18587 3.09383 5.17209 0.441785 3.82999 0.89896 4.4124 -57.4838 4.55512 74.5282 -5.74356 22.9852 -1.05286 -4.41503 1.32316 3.04811 13.3641 24.8554 30.1298 1.65422 2.78854 0.928186 0.0716879 -11.9771 8.42545
internal_weight=9.67775e+06 9.6771e+06 652 620 483 273 210 113 58 55 242 204 167 138 73 65 48 416353 44 137 98 97.0003 416346 62 58375 21143 13412 357971 46794 26235 20559 22542 311177 21741 50 21691 56 4542 187 17317 7724 3759 3557 3693 873.001 773.001 9593 8840 7884 7694 801 3242
internal_count=3037230 3036585 645 613 476 273 203 113 58 55 242 204 167 138 73 65 48 408520 44 137 98 90 408513 62 57584 20828 13160 350929 46066 25710 20356 22094 304863 21300 50 21250 56 4514 187 17128 7626 3703 3501 3616 852 759 9502 8763 7821 7631 794 3228
is_linear=0
shrinkage=0.0837335


Tree=76
num_leaves=53
num_cat=0
split_feature=4 2 16 16 11 5 7 16 16 11 4 1 16 11 16 14 4 16 11 16 16 16 14 11 11 16 11 7 11 16 16 5 2 7 11 16 16 11 7 10 16 14 14 7 10 16 11 7 7 16 16 16
split_gain=2.18952e+09 1.44224e+09 7.21178e+08 7.02846e+08 8.49968e+08 3.34361e+08 2.89046e+08 3.02555e+08 2.64186e+08 1.93865e+08 1.77871e+08 4.46175e+08 1.54711e+09 4.14831e+08 3.07492e+08 4.20025e+08 4.79883e+08 3.27222e+08 2.45786e+08 1.03642e+09 5.76787e+08 1.67022e+08 1.30658e+08 1.14687e+08 1.7136e+08 8.65712e+07 8.44791e+07 8.15854e+07 7.06425e+07 1.31658e+08 1.03094e+08 1.11158e+08 1.10296e+08 8.68053e+07 8.65622e+07 1.05599e+08 7.67762e+07 6.8984e+07 6.75761e+07 1.4712e+08 1.065e+08 7.95379e+07 7.2794e+07 6.93721e+07 6.75355e+07 6.08717e+07 5.85767e+07 9.08334e+07 5.93341e+07 6.12348e+08 2.72258e+08 3.00605e+08
threshold=0.8177930000000001 0.0021645000000000002 2020597.5000000002 5206.5000000000009 0.91575650000000008 2.5000000000000002e-06 0.91149700000000011 155571.00000000003 2304769.5000000005 0.96218650000000017 0.95752500000000007 0.92514000000000018 28913.500000000004 0.00037950000000000006 13173.500000000002 0.019083500000000003 0.91397700000000015 50491.500000000007 0.00041050000000000006 7602.0000000000009 7591.0000000000009 1342043.0000000002 0.025577000000000006 0.058818000000000009 0.00042650000000000007 2627811.5000000005 0.94009900000000013 0.0052510000000000005 0.00030950000000000004 237295.50000000003 95705.500000000015 0.00079050000000000008 0.0012615000000000003 0.00058150000000000009 0.00088350000000000006 17624.500000000004 20834.500000000004 0.0013490000000000002 0.00058450000000000006 0.0008715000000000002 447238.00000000006 2.5000000000000002e-06 0.00014200000000000001 0.011366500000000003 0.0022825000000000007 1502759.0000000002 8.850000000000001e-05 0.16861500000000004 0.16861500000000004 22119.500000000004 2313.5000000000005 2684.0000000000005
decision_type=2 2 2 2 2 2 2 2 2 2 2 2 2 2 2 2 2 2 2 2 2 2 2 2 2 2 2 2 2 2 2 2 2 2 2 2 2 2 2 2 2 2 2 2 2 2 2 2 2 2 2 2
left_child=1 5 21 4 -2 -1 7 10 28 -6 11 14 -13 -14 18 -16 -17 -18 19 -5 -20 38 -9 24 -8 -4 -12 -23 29 -7 31 32 -30 44 35 -33 -37 -36 41 40 46 -3 -42 -41 -34 -32 47 -40 -48 50 -50 -52
right_child=3 2 25 6 9 8 23 22 -10 -11 26 12 13 -15 15 16 17 -19 20 -21 -22 27 -24 -25 -26 -27 -28 -29 30 -31 45 34 33 -35 37 36 -38 -39 39 43 42 -43 -44 -45 -46 -47 48 -49 49 -51 51 -53
leaf_value=0.018491155770729139 -232.04478004960387 4.1704706147200206 -0.62106958179830318 180.00714003156293 89.769684806114398 -0.90380989621279961 -3.936358791789595 -51.575829441294189 -1.1971571744789775 -33.635512970585019 232.54369285643762 -260.50293598945456 228.8196330385384 18.663803557191667 83.509567404197568 83.304174906875119 318.89805548362756 166.91357328534261 3.5866836519741323 -194.91458180584763 232.51569418735036 2.7319140539278486 74.716463176422593 -27.421655555099932 137.51817508536001 -6.7872480215246123 125.34149688909407 15.291739887300782 5.4876766300862663 1.3485342803394289 1.7559782605894017 -6.4926225215435966 13.920306520259111 36.916090960210738 20.650040583565197 24.62877282931316 1.7533462056296789 3.2683320446452266 -0.82768035601528789 2.3122831572526201 10.768491380043427 8.1148517097093986 31.088472820649283 16.509577998925455 -51.603219246587408 0.54903632426397708 5.8058193023606304 -76.303980094894271 -119.61655803924292 219.57611338177344 59.596800587874284 -38.17061294342367
leaf_weight=9011369.0835266113 21 8731.0014400482178 22218.018772125244 20 39 50741.230587005615 26 25 67223.181293487549 31 20 20 25 26 93 39 38 39 32 20 28 28097.006048202515 20 37 21 3590.0005760192871 20 720 10016.009504318237 115218.37392616272 207513.21370315552 2575 707 255 495.00057601928711 208 4676.0046081542969 829.00057601928711 1278.0008640289307 16238.005760192871 5592.0057601928711 33821.008352279663 250 481 22 78058.104061126709 5996.0031681060791 22 21 20 107 71
leaf_count=2395654 21 8696 21777 20 39 45141 26 25 62869 31 20 20 25 26 93 39 38 39 32 20 28 27950 20 37 21 3576 20 720 9785 106132 202319 2575 707 255 481 208 4564 815 1257 16098 5452 33618 250 481 22 75531 5919 22 21 20 107 71
internal_value=0.128211 0.123704 4.02009 68.2696 -26.5544 0.0717845 83.9897 95.3518 0.963544 35.1155 105.079 97.2952 14.0106 121.699 116.431 141.854 188.619 241.947 63.2891 -7.44526 110.44 5.41904 4.56314 21.0896 59.2763 -1.47882 178.981 3.04574 1.27172 0.659892 1.60425 4.17629 6.64405 18.4142 1.08561 -0.455358 2.72765 9.76698 6.36071 5.02395 7.90685 7.30553 11.6381 2.72076 11.9418 1.42607 5.0062 -2.1058 6.49385 25.3295 5.79439 20.5982
internal_weight=9.6778e+06 9.67716e+06 127253 640 91 9.54991e+06 549 465 538537 70 420 380 71 51 309 209 116 77 100 40 60 101445 45 84 47 25808 40 28817 471314 165960 305354 19783 11000 984 8783.01 7459 4884 1324 72628 30076 13357 42552 5842.01 16719 729 285571 7515 1300 6215 219 199 178
internal_count=3033733 3033093 126035 640 91 2907058 549 465 511404 70 420 380 71 51 309 209 116 77 100 40 60 100682 45 84 47 25353 40 28670 448535 151273 297262 19412 10769 984 8643 7347 4772 1296 72012 29698 13119 42314 5702 16579 729 277850 7417 1279 6138 219 199 178
is_linear=0
shrinkage=0.0368428


Tree=77
num_leaves=53
num_cat=0
split_feature=4 14 4 12 5 13 13 13 11 9 12 11 13 14 4 9 12 12 15 9 11 12 5 14 14 13 14 13 11 11 15 13 13 10 14 13 12 9 10 9 13 4 9 4 14 15 10 14 10 12 9 15
split_gain=3.10711e+10 1.93442e+10 3.37676e+09 3.56171e+09 2.74209e+09 2.43922e+09 2.20977e+09 2.32073e+09 2.08788e+09 2.0313e+09 1.56437e+09 7.39176e+08 5.26484e+08 7.14462e+08 4.16778e+08 3.90856e+08 5.32835e+08 3.4462e+08 3.79676e+08 3.52698e+08 3.15549e+08 4.95726e+08 7.29631e+08 4.25553e+08 2.81018e+08 2.76447e+08 2.59193e+08 2.58384e+08 2.5189e+08 2.6187e+08 2.15096e+08 1.96902e+08 1.68136e+08 1.57494e+08 1.5673e+08 2.1137e+08 1.35623e+08 1.3289e+08 1.29634e+08 1.29552e+08 1.17461e+08 1.1688e+08 9.60546e+07 9.53574e+07 9.19385e+07 9.18453e+07 9.18433e+07 9.04631e+07 8.42338e+07 8.40021e+07 8.30034e+07 8.08781e+07
threshold=0.91397700000000015 1.5000000000000002e-06 0.71441150000000009 -0.0090079999999999986 1.4500000000000002e-05 -0.91149699999999989 0.00026350000000000006 -0.0023204999999999992 0.94009900000000013 0.00077150000000000016 -0.0049834999999999992 0.00028650000000000003 -0.0087404999999999983 0.00019300000000000003 0.92730450000000009 0.0014745000000000003 -0.047908499999999993 -0.14644149999999997 0.041114000000000005 0.010510500000000001 0.00037150000000000003 -0.032569999999999995 0.92514000000000018 0.025577000000000006 0.012320000000000003 -0.93469649999999993 4.500000000000001e-06 0.00048600000000000005 0.00038950000000000003 0.94009900000000013 0.013920000000000002 -0.0015609999999999997 -0.010948499999999998 0.0015925000000000004 1.0000000180025095e-35 -0.00031749999999999991 -6.3499999999999985e-05 0.00038750000000000009 0.00097350000000000019 0.00037450000000000005 0.0025550000000000004 0.00076550000000000001 0.0010735000000000005 0.0023560000000000005 2.1500000000000004e-05 0.049698500000000007 8.0500000000000019e-05 6.5000000000000013e-06 0.00037150000000000009 5.5500000000000007e-05 0.0079260000000000008 0.0021610000000000006
decision_type=2 2 2 2 2 2 2 2 2 2 2 2 2 2 2 2 2 2 2 2 2 2 2 2 2 2 2 2 2 2 2 2 2 2 2 2 2 2 2 2 2 2 2 2 2 2 2 2 2 2 2 2
left_child=1 4 6 17 36 25 7 12 10 45 20 -6 13 32 39 30 50 19 24 28 -7 -22 23 -23 -19 -2 -8 34 -4 37 51 -9 46 48 35 -13 -1 -30 43 -12 -28 -33 -37 -14 -45 -5 -3 -42 -29 -44 -17 -15
right_child=5 2 3 9 11 8 26 31 -10 -11 14 27 38 15 -16 16 -18 18 -20 -21 21 22 -24 -25 -26 -27 40 33 29 -31 -32 41 -34 -35 -36 42 -38 -39 -40 -41 47 -43 49 44 -46 -47 -48 -49 -50 -51 -52 -53
leaf_value=0.73666729670003972 77.096709873584032 39.443985771915607 119.05105505698435 197.92038851071675 0.5547663283672909 518.5904821138846 15.478002832976012 8.3713368929029564 158.09292152429967 731.23196273141923 601.00992832206407 10.101341409188532 13.494263835984214 5.0883061889981338 486.41500029227586 -1.3171326868890953 261.8874623829027 132.89338423173956 49.262212777941052 194.06599310713131 235.46209031021567 404.99986826164098 241.53508475648812 605.93701646515979 331.3078450069172 234.89914797229065 29.741270146422671 9.9698849396754667 -145.09357926208091 39.633100246661719 92.588919534173854 2.4480429659293428 30.905486793942842 6.4918555248350458 5.5864952969957891 1.1373431012999502 -0.24150109081524823 -6.8304579155026515 11.156230318909339 725.39967768427493 17.764156724204302 5.9964382457582452 4.5199585301009124 17.802563159376213 28.605372680259137 309.39832813581251 58.393598441267187 23.182727743933224 28.469191444978065 2.6745656478360229 95.303947489797125 -43.945282622672394
leaf_weight=230224.98574638367 32 739 39 24 121209.62825965881 27 63659.023668289185 19009.010746002197 40 20 24 7415.0060482025146 8216.0070018768311 1658.0037441253662 30 39 22 26 38 23 33 44 28 27 20 39 1923.0005760192871 557 22 105 44 39958.091402053833 1363 1845.0026817321777 82535.072015762329 28759.103088378906 8840252.799041748 22 9151.0040321350098 31 15270.005165100098 23242.016307830811 81804.132459640503 11294.003545761108 1402 23 896 7167.0011520385742 1297.0002880096436 74709.175046920776 22 55.000288009643555
leaf_count=206501 32 739 39 24 106033 27 63099 18750 40 20 24 7268 8048 1567 30 39 22 26 38 23 33 44 28 27 20 39 1909 557 22 105 44 37767 1363 1782 80813 26260 2351299 22 9053 31 15151 22850 78626 11210 1402 23 896 7139 1290 70509 22 48
internal_value=0.20122 0.187564 12.2646 133.672 -0.0744802 372.402 12.0503 8.47022 424.56 395.511 468.239 3.14886 17.0662 29.2476 606.053 9.73094 94.0922 74.191 142.34 47.0529 394.533 369.117 413.643 481.482 219.209 163.808 16.8136 4.27617 29.0548 5.48965 5.74498 4.82087 41.2258 14.7217 4.13578 3.51438 -0.216673 -75.9747 15.1059 671.227 20.3039 3.75298 3.25075 16.8342 18.9955 252.538 49.8289 19.495 22.9115 3.63909 33.5416 3.51354
internal_weight=9.67646e+06 9.6761e+06 205491 362 9.47061e+06 355 205129 117110 284 67 244 400131 34901 4838 85 1840 83 295 84 211 159 132 99 71 46 71 88019 278921 188 149 1757 82209.1 2998 3699 275222 192687 9.07048e+06 44 30063 55 24360 63200.1 185272 20912 12696 47 1635 22437 1854 156513 61 1713
internal_count=3132773 3132418 201480 362 2930938 355 201118 113820 284 67 244 373138 34453 4740 85 1742 83 295 84 211 159 132 99 71 46 71 87298 267105 188 149 1659 79367 2998 3629 263476 182663 2557800 44 29713 55 24199 60617 175395 20660 12612 47 1635 22290 1847 149135 61 1615
is_linear=0
shrinkage=0.039787


Tree=78
num_leaves=53
num_cat=0
split_feature=4 2 12 4 5 9 12 9 15 9 11 11 11 11 9 2 2 4 4 9 2 15 11 9 9 11 15 6 5 11 6 11 6 15 15 2 9 15 9 6 9 11 9 9 15 15 4 12 11 13 12 6
split_gain=6.08363e+08 4.12372e+08 1.94284e+08 1.70492e+08 5.29827e+08 1.86061e+08 2.38786e+08 1.95557e+08 1.43133e+08 2.25501e+08 2.95495e+08 2.25625e+08 2.67749e+08 3.31324e+08 1.41347e+08 1.3217e+08 1.20634e+08 1.82301e+08 1.68795e+08 1.63412e+08 1.18225e+08 7.78611e+07 2.76442e+07 3.64103e+07 2.86224e+07 2.63741e+07 2.52789e+07 1.06323e+08 1.67194e+08 3.90546e+07 3.7826e+07 1.13254e+08 3.04182e+07 5.9937e+07 1.43441e+08 1.15447e+08 2.7827e+07 2.49624e+07 7.06089e+07 4.79748e+07 2.89339e+07 2.34753e+07 1.16134e+08 2.03891e+08 4.17633e+07 6.73892e+07 2.34151e+07 2.31846e+07 2.7333e+07 2.30758e+07 2.38536e+07 2.29523e+07
threshold=0.71441150000000009 0.0021645000000000002 -0.0049834999999999992 0.95752500000000007 0.92514000000000018 0.010425500000000002 -0.022734999999999995 0.0091010000000000014 0.033185500000000007 0.00021150000000000002 0.94009900000000013 0.00041850000000000009 0.00038550000000000005 0.00037650000000000004 0.00080950000000000022 0.90392850000000002 0.90392850000000002 0.91397700000000015 0.92730450000000009 0.00036050000000000009 0.00034350000000000006 0.00010750000000000001 5.9500000000000003e-05 2.5500000000000003e-05 0.0087435000000000013 0.0025695000000000006 1.0500000000000003e-05 0.49003550000000001 0.19902250000000002 0.0028770000000000007 0.49003550000000001 0.91575650000000008 0.011983000000000002 0.020580000000000005 0.0034125000000000002 0.17539850000000004 0.019226000000000004 1.4500000000000002e-05 0.0037505000000000004 0.0011995000000000003 0.0032545000000000004 0.22499750000000004 0.0008135000000000001 0.00013750000000000001 0.0010245000000000002 0.0011620000000000003 0.0028200000000000005 -0.0078809999999999974 0.00037850000000000009 0.00052700000000000012 0.00095900000000000011 0.00036150000000000006
decision_type=2 2 2 2 2 2 2 2 2 2 2 2 2 2 2 2 2 2 2 2 2 2 2 2 2 2 2 2 2 2 2 2 2 2 2 2 2 2 2 2 2 2 2 2 2 2 2 2 2 2 2 2
left_child=1 20 3 4 5 6 7 8 9 11 -11 12 13 -2 -10 -8 17 19 -18 -4 -1 -20 -22 51 25 37 27 28 29 -3 31 32 36 34 35 41 -28 39 -39 49 -41 44 43 -43 -34 -46 -31 -17 -49 -25 -51 -24
right_child=2 26 16 -5 -6 -7 15 -9 14 10 -12 -13 -14 -15 -16 47 18 -19 21 -21 22 -23 23 24 -26 -27 30 -29 -30 46 -32 -33 33 -35 -36 -37 -38 38 -40 40 -42 42 -44 -45 45 -47 -48 48 -50 50 -52 -53
leaf_value=-0.087471243567419796 502.83740488599403 9.2082719707059475 -89.19402780833326 418.28857810781614 -526.95575111907624 488.74280127526731 570.68232859551392 -472.9189391059042 23.24075421915758 -600.00908745045149 13.044652929643332 -335.11122178464711 749.0494533660825 -336.57689977442078 499.83758782046408 123.42056745587364 444.65081538069307 761.38241478718203 -162.11049027991723 477.12083159465863 -3.1514964583223599 176.81338560419613 2.5315772003810428 3.2863632551386965 16.186290231952327 -10.282066828373427 -4.4472860904702172 -319.23059431153598 422.69894470586956 -5.2909749526320748 170.41066956543847 -307.95540502464411 29.646438016916541 -182.36069043068508 319.7383799945527 -351.06737463722982 15.917393142445086 17.732544406416846 -22.33566905109905 -5.4537918717795622 12.370310057070311 3.1860401136965208 -121.24907335167747 656.89975226347246 -241.71217218936033 15.847755842490388 26.478048396908097 107.33210909373247 340.20884664250758 12.383087003149305 64.687185671255008 18.852246089266057
leaf_weight=9229852.9086380005 23 109280.06377220154 21 39 35 32 26 21 35 33 51 20 21 25 29 81 38 28 31 34 17383.053569793701 39 3402.0092163085938 245016.25108146667 4186.0011520385742 3825.0040321350098 8588.0046081542969 25 25 670.00028800964355 34 30 1179.0002880096436 35 42 21 2136.0005760192871 7259.002592086792 1326.0005760192871 23607.006624221802 2575.0002880096436 31 34 20 39 77 5042.0028800964355 20 36 3823.0040321350098 236 6201.0031681060791
leaf_count=2616273 23 107754 21 39 35 32 26 21 35 33 51 20 21 25 29 81 38 28 31 34 16081 39 3178 238968 4158 3727 8476 25 25 663 34 30 1172 35 42 21 2122 7196 1312 23446 2568 31 34 20 39 77 4972 20 36 3725 236 6124
internal_value=0.148211 0.137305 147.111 97.1076 71.4281 117.676 89.4575 -6.11922 35.2619 -40.2051 -227.827 136.872 273.741 65.667 239.24 240.732 285.071 429.814 173.805 260.903 0.0169493 26.7135 3.03975 3.39676 3.07846 2.88771 9.16455 9.89921 9.97079 9.88101 2.27412 1.80654 2.5685 24.0421 29.0505 20.3329 -0.390987 3.06519 11.5437 2.80075 -3.70076 25.9883 107.266 259.628 20.6521 -70.7522 22.7515 178.072 257.072 3.48417 15.4245 13.0705
internal_weight=9.67672e+06 9.676e+06 718 527 488 453 421 258 237 173 84 89 69 48 64 163 191 83 108 55 9.54869e+06 70 318839 301456 291853 287667 127308 115042 115017 114992 12266 12232 12202 1478 1443 1401 10724 283842 8585 275257 26182 1380 85 51 1295 116 5712 137 56 249075 4059 9603.01
internal_count=3053282 3052564 718 527 488 453 421 258 237 173 84 89 69 48 64 163 191 83 108 55 2926992 70 310719 294638 285336 281178 125572 113439 113414 113389 12133 12099 12069 1471 1436 1394 10598 277451 8508 268943 26014 1373 85 51 1288 116 5635 137 56 242929 3961 9302
is_linear=0
shrinkage=0.159667


Tree=79
num_leaves=53
num_cat=0
split_feature=8 9 11 9 9 2 12 8 8 9 11 9 0 14 11 3 12 9 8 8 3 9 14 12 0 8 8 11 12 14 12 14 0 14 3 14 9 11 3 9 9 3 4 0 12 9 4 3 0 9 4 12
split_gain=3.52086e+08 2.7908e+08 2.39114e+08 3.85002e+08 5.67404e+08 2.50398e+08 5.94875e+08 2.05033e+08 1.95663e+08 2.2999e+08 2.47557e+08 2.21589e+08 2.48015e+08 1.42158e+08 2.61822e+08 3.76282e+08 2.75569e+08 1.30492e+08 1.3489e+08 1.6464e+08 1.25747e+08 1.1891e+08 7.16337e+07 7.67865e+08 1.27096e+08 5.51564e+07 5.24846e+07 4.52554e+07 9.74009e+07 7.58637e+07 5.98087e+07 4.1007e+07 1.24455e+08 3.62871e+07 2.9325e+07 2.70333e+07 3.27413e+08 4.07892e+07 2.57441e+07 4.79073e+07 6.13322e+07 2.43629e+07 6.18463e+07 2.88711e+07 2.93649e+07 2.06918e+07 2.06362e+07 1.99648e+07 1.99152e+07 1.96994e+07 1.92215e+07 1.80058e+07
threshold=0.92074100000000014 0.010863000000000003 0.94009900000000013 0.0090605000000000026 0.0075360000000000002 0.90392850000000002 -0.0090079999999999986 0.0022615000000000005 0.96647850000000013 0.00037250000000000011 0.00037550000000000002 0.00018650000000000003 0.91397700000000015 0.054875500000000008 0.22499750000000004 0.31883150000000005 0.018189500000000001 0.0072820000000000011 0.96647850000000013 0.96228150000000012 0.48583150000000003 0.00039750000000000007 0.025577000000000006 -0.019394499999999999 6.7500000000000014e-05 0.95254850000000013 7.4500000000000008e-05 0.00038850000000000006 -0.004380499999999999 0.025577000000000006 -0.0059454999999999994 0.014463000000000002 0.23513350000000002 0.00082200000000000014 0.0018735000000000004 0.012320000000000003 0.00034050000000000009 0.21395850000000002 0.0015465000000000003 0.0034060000000000006 0.0041535000000000009 4.3500000000000007e-05 6.2500000000000015e-05 0.0014655000000000002 0.00027150000000000004 0.065385500000000013 0.00011450000000000002 1.3500000000000001e-05 0.0042155000000000014 0.0003855000000000001 0.00030950000000000004 0.00010050000000000002
decision_type=2 2 2 2 2 2 2 2 2 2 2 2 2 2 2 2 2 2 2 2 2 2 2 2 2 2 2 2 2 2 2 2 2 2 2 2 2 2 2 2 2 2 2 2 2 2 2 2 2 2 2 2
left_child=7 2 3 4 5 6 8 26 9 10 -2 12 -12 22 15 -15 -16 20 19 -19 -4 27 31 24 -24 -22 33 28 30 -29 -7 35 -33 46 41 38 37 -37 39 -9 -41 42 -28 51 -45 -40 -1 -48 -36 -27 -50 -43
right_child=1 -3 17 -5 -6 21 -8 13 -10 -11 11 -13 -14 14 16 -17 -18 18 -20 -21 25 -23 23 -25 -26 49 34 29 -30 -31 -32 32 -34 -35 48 36 -38 -39 45 40 -42 43 -44 44 -46 -47 47 -49 50 -51 -52 -53
leaf_value=-0.13818458044152362 651.60347667201904 -470.14717230427391 171.97120617936406 984.41776039738681 -488.96013150585725 36.587312482137179 1314.9932456200686 -12.741311241495195 757.66977428331211 615.14888880142882 56.347804310606392 402.91692587999069 -705.21569093600942 -43.684164303117647 -251.41232192094952 -929.3392144046378 467.94650960822736 63.894906601574547 -165.10366523924799 705.17335100746993 -546.15545598571794 -288.13074245391817 -19.622654149044902 899.21630727852505 -556.44522889059238 -314.16229896732966 4.8553172925374213 129.1524314072947 -241.84584634126134 452.53846338733462 451.73197716366656 -17.797379150762314 -463.94219783330186 60.481674968285226 -17.336587492799637 11.04113895957201 737.15450365341485 -281.90778724518191 7.5668060923163232 216.96781231586201 -40.270534554329785 1.3564511982317775 307.70727862982829 10.428381743328636 2.1936797194348645 60.131944514792536 58.895368444456196 8.3075836535307808 43.811735997088228 -69.644264036916297 -8.2842523869721933 -1.0517496810471423
leaf_weight=8751651.0149326324 20 25 26 22 38 29 22 3329.0066242218018 26 35 35 24 25 36 42 30 32 36 32 22 22 22 53.000288009643555 33 21 22 65357.0826587677 71 25 38 20 145 25 337 4465.0005760192871 71 22 21 134460.07127952576 71 57 505953.41969108582 23 21908.015354156494 45392.044136047363 256 279.00028800964355 5797.0192966461182 385.00057601928711 23 649 133996.70597648621
leaf_count=2183916 20 25 26 22 38 29 22 3168 26 35 35 24 25 36 42 30 32 36 32 22 22 22 46 33 21 22 63348 71 25 38 20 145 25 337 4451 71 22 21 132745 71 57 471547 23 21537 44328 256 272 5328 371 23 649 116881
internal_value=0.112551 135.022 158.861 230.985 192.41 258.478 413.05 0.103347 292.706 205.671 67.8041 -71.2685 -261.014 7.1543 -178.879 -446.329 59.6642 -19.2766 139.265 307.224 -172.718 117.464 7.34229 158.414 -172.018 -306.514 0.00079071 166.245 54.7417 241.929 206.097 7.22552 -83.4376 -0.128381 1.45465 7.33699 97.2463 -55.8413 7.26279 -8.47701 102.412 1.55032 4.96193 1.23494 4.87431 7.66671 -0.130713 10.6307 -11.987 -189.253 11.1127 0.852206
internal_weight=9.67556e+06 660 635 452 430 392 187 9.6749e+06 165 139 104 84 60 138704 140 66 74 183 90 58 93 205 138564 107 74.0003 67 9.53619e+06 183 74 109 49 138457 170 8.75806e+06 778129 138287 114 92 138173 3457.01 128 772630 65380.1 707250 67300.1 134716 8.75773e+06 6076.02 5499 45 1034 639950
internal_count=3050469 660 635 452 430 392 187 3049809 165 139 104 84 60 136821 140 66 74 183 90 58 93 205 136681 100 67 67 2912988 183 74 109 49 136581 170 2189853 723135 136411 114 92 136297 3296 128 717664 63371 654293 65865 133001 2189516 5600 5471 45 1020 588428
is_linear=0
shrinkage=0.184721


Tree=80
num_leaves=53
num_cat=0
split_feature=5 8 16 16 11 8 16 2 16 12 5 16 8 7 8 11 5 6 16 16 16 16 8 14 11 16 16 16 7 7 16 16 7 16 8 16 16 16 7 16 6 8 2 14 8 16 14 16 16 11 8 16
split_gain=5.3449e+09 4.26929e+09 1.70654e+09 1.16527e+09 9.46769e+08 1.41775e+09 1.09334e+09 9.37983e+08 6.681e+08 7.63159e+08 5.93961e+08 4.84361e+08 4.54723e+08 2.80064e+08 5.51756e+08 6.01314e+08 5.1517e+08 3.75253e+08 4.67534e+08 2.72401e+08 2.57204e+08 3.25493e+08 3.0266e+08 2.00719e+08 2.10502e+08 5.96378e+08 4.0568e+08 5.87176e+08 1.95318e+08 1.93114e+08 1.75994e+08 1.69667e+08 1.40233e+08 1.36909e+08 1.29337e+08 1.21967e+08 1.20843e+08 1.30917e+08 1.18401e+08 2.17737e+08 2.84652e+08 2.00792e+08 1.41721e+08 1.1557e+08 1.04069e+08 1.02001e+08 8.94822e+07 8.86285e+07 1.32113e+08 1.29879e+08 1.13571e+08 9.44511e+07
threshold=0.57152900000000006 0.0021045000000000005 1792914.5000000002 5406.0000000000009 0.00037550000000000002 0.92513900000000004 34479.500000000007 0.00054250000000000012 155571.00000000003 -0.0033639999999999994 0.95729150000000007 886893.00000000012 0.0032225000000000001 0.88436850000000011 0.96228150000000012 0.00041250000000000005 0.92514000000000018 0.94509250000000011 93424.000000000015 2464782.0000000005 5231.5000000000009 5107.0000000000009 0.95254850000000013 0.00019300000000000003 0.22499750000000004 2654.5000000000005 22669.500000000004 9925.0000000000018 0.016260500000000004 0.00056750000000000019 2447024.0000000005 136365.00000000003 0.0078175000000000015 135071.00000000003 0.92074100000000014 14490.000000000002 2630.5000000000005 4915.5000000000009 0.00071150000000000011 117462.00000000001 0.00053050000000000005 0.00099650000000000021 0.0012715000000000003 0.046726000000000011 0.96228150000000012 2518.5000000000005 0.00027550000000000008 1251329.0000000002 145194.50000000003 5.2500000000000009e-05 0.0059690000000000012 4225.0000000000009
decision_type=2 2 2 2 2 2 2 2 2 2 2 2 2 2 2 2 2 2 2 2 2 2 2 2 2 2 2 2 2 2 2 2 2 2 2 2 2 2 2 2 2 2 2 2 2 2 2 2 2 2 2 2
left_child=1 7 12 20 5 -5 -7 46 9 13 43 38 29 14 15 -6 -17 18 -15 32 21 22 -2 28 34 -26 27 -27 47 33 -13 -20 -4 -3 -25 -29 45 44 39 40 41 -9 -42 -11 -38 -24 -1 48 49 -14 -49 -51
right_child=3 2 19 4 8 6 -8 11 -10 10 -12 30 23 17 -16 16 -18 -19 31 -21 -22 -23 36 24 25 26 -28 35 -30 -31 -32 -33 -34 -35 -36 -37 37 -39 -40 -41 42 -43 -44 -45 -46 -47 -48 50 -50 51 -52 -53
leaf_value=0.040967779462428612 -99.795285163236372 25.004307014940593 1.3036080906053706 -10.985826236108231 -128.06526537907908 536.07274648616863 217.48352984422712 3.6370258467426391 -18.42492152528159 334.96041171944262 47.317966328100312 1.1728962469608297 -15.750188531449865 239.03169237428972 180.47869341991634 119.57779316346938 -89.079960184865172 31.297916823224931 141.00036556099903 -5.3763594833703259 -64.354002415791001 155.3789745398455 44.281925787726891 -1.3217717149324906 -116.13734410551314 132.28875799564565 216.50911519758176 -60.424800636375778 33.955928760316347 4.1034276394857443 -3.0911300351132982 31.917657369286587 27.717293848842772 7.9224334646042625 78.133800166826788 35.71871848340686 27.464563274103575 72.47776381429945 2.2387863082567971 3.9722671773165352 3.3263544871504545 23.735529095307164 33.332732697779356 233.53848158098313 -86.892729356897732 143.14463550979053 18.049270961440797 8.020570091859252 13.089090254304859 -20.010814115189941 24.03202132122712 9.1973357994474476
leaf_weight=9255798.9999370575 22 602.00028800964355 28956.013338088989 22 27 20 42 854.00115203857422 50 22 20 136573.0750617981 304 50 34 58 20 41 47 9509.0046787261963 34 27 35 2671.0005760192871 26 54 20 43 483 26116.014400482178 13365.01515007019 29 255 29834.005184173584 26 27 20 26 41244.02188873291 74595.037153244019 4525.0054721832275 2333.0002880096436 207 40 20 21 347.00028800964355 12117.00403213501 29814.00489616394 144.00028800964355 584 4194.0014400482178
leaf_count=2615618 22 595 28634 22 27 20 42 826 50 22 20 134753 304 50 34 58 20 41 47 9404 34 27 35 2657 26 54 20 43 483 25766 13036 29 255 29708 26 27 20 26 40712 73692 4392 2326 207 40 20 21 340 12019 29695 137 584 4159
internal_value=0.201503 0.194279 6.21733 96.3537 124.491 233.546 320.322 0.102143 103.571 119.294 215.367 2.1482 8.52487 93.5418 56.3469 16.134 66.0627 124.494 154.817 -0.162914 24.7091 42.4209 21.2298 10.9705 1.85722 40.1301 68.3559 44.442 11.519 6.34065 0.792813 99.3889 1.53421 8.26031 -0.555367 -23.3343 43.0634 10.5489 3.79031 4.56583 10.157 18.3499 4.63909 269.572 -29.7137 81.3745 0.0416429 11.2891 12.2226 6.6573 8.75682 8.22766
internal_weight=9.67635e+06 9.67562e+06 145779 727 522 84 62 9.52984e+06 438 388 82 273696 107059 306 139 105 78 167 126 38720 205 171 144 50507 2867 170 144 124 47640 56552 149938 76 29211 30436 2697 70 122 66 123758 82514 7919.01 3187 4732.01 62 40 56 9.25615e+06 47157 34456 4642 12701 4338
internal_count=3031225 3030498 144596 727 522 84 62 2885902 438 388 82 269944 106303 306 139 105 78 167 126 38293 205 171 144 50234 2853 170 144 124 47381 56069 147789 76 28889 30303 2683 70 122 66 122155 81443 7751 3152 4599 62 40 56 2615958 46898 34295 4600 12603 4296
is_linear=0
shrinkage=0.0354636


Tree=81
num_leaves=53
num_cat=0
split_feature=4 3 3 4 5 15 15 12 14 4 3 15 12 12 15 12 15 7 6 7 6 10 3 4 12 7 15 15 14 5 12 15 15 3 14 4 15 7 10 15 3 14 3 15 14 6 14 14 15 10 14 3
split_gain=1.90757e+08 1.57103e+08 8.43754e+07 6.21354e+07 8.99826e+07 2.13812e+08 1.66844e+08 1.46729e+08 1.2447e+08 3.9952e+08 1.80995e+08 9.02262e+07 8.5946e+07 7.00589e+07 6.66217e+07 2.7815e+08 1.73367e+08 6.49994e+07 3.58477e+07 3.4477e+07 5.95848e+07 3.02735e+07 3.95853e+07 3.02283e+07 3.78547e+07 3.22134e+07 3.29864e+07 9.08885e+07 6.79433e+07 9.51497e+07 6.63934e+07 2.72379e+08 4.53612e+08 1.54701e+08 7.27774e+07 1.0471e+08 6.1179e+07 3.73956e+07 3.09818e+07 3.06618e+07 2.95046e+07 3.00207e+07 4.20736e+07 2.87351e+07 2.84855e+07 2.84255e+07 2.71893e+07 2.60746e+07 2.48232e+07 2.43191e+07 2.93361e+07 2.38559e+07
threshold=0.71441150000000009 0.0015155000000000001 0.48583150000000003 0.91397700000000015 0.92514000000000018 0.052034500000000004 7.9500000000000021e-05 -0.0090079999999999986 0.046726000000000011 0.95752500000000007 0.9127780000000002 0.00023350000000000001 -0.022734999999999995 -0.0066269999999999992 0.041114000000000005 -0.010357999999999997 0.037011000000000009 0.88436850000000011 0.00018550000000000004 0.00051150000000000013 0.00058350000000000014 0.00012650000000000001 0.0019955000000000003 0.00010950000000000002 -0.0016549999999999998 0.0066265000000000013 0.0011620000000000003 0.0010820000000000003 0.21783400000000003 0.19902250000000002 -0.022734999999999995 0.018882500000000007 0.0026665000000000005 0.015049500000000002 0.21783400000000003 0.23513350000000002 0.013920000000000002 0.12002950000000001 8.0500000000000019e-05 5.5000000000000007e-06 0.0018785000000000002 7.5000000000000002e-06 0.0045890000000000002 7.5000000000000002e-06 1.1500000000000002e-05 0.0072970000000000005 2.5000000000000002e-06 1.4500000000000002e-05 0.033185500000000007 0.0016345000000000003 1.5000000000000002e-06 0.90078350000000007
decision_type=2 2 2 2 2 2 2 2 2 2 2 2 2 2 2 2 2 2 2 2 2 2 2 2 2 2 2 2 2 2 2 2 2 2 2 2 2 2 2 2 2 2 2 2 2 2 2 2 2 2 2 2
left_child=1 18 -2 14 5 6 12 -8 10 -10 -6 -12 -5 -14 16 -16 48 -17 -1 21 49 22 -3 24 -22 39 27 28 29 38 34 32 -32 -33 35 37 -37 -28 45 -25 -23 42 43 46 -40 -27 -42 -41 -4 50 -21 -9
right_child=2 19 3 4 8 -7 7 51 9 -11 11 -13 13 -15 15 17 -18 -19 -20 20 23 40 -24 25 -26 26 30 -29 -30 -31 31 33 -34 -35 -36 36 -38 -39 44 47 41 -43 -44 -45 -46 -47 -48 -49 -50 -51 -52 -53
leaf_value=-0.031099990034728922 355.82023601937294 -2.2479430042598438 -10.906854353829706 92.635288454762417 525.44405558998221 661.48393668034964 -330.16758510219285 299.09222534715246 -534.19574371932254 292.94749930214545 155.69586636191718 -306.69284370839273 678.22666405325174 239.92772893866314 -646.4551154050929 -57.146091659881897 529.60009039585179 294.3356363985028 1.9115647768968018 113.92185662097287 4.3213392351871445 43.480515847166522 -94.980694488189215 7.8228342157852122 -13.654993536257882 41.595107901078741 -252.0401580355967 351.257277137149 -285.07068723076316 358.51711365899268 -198.80503241243798 0.26413921897562309 879.26325338870561 -509.46606300560688 189.44736379456214 -505.04921273798993 -109.13557553294605 -23.927090775021352 -49.980585807274863 3.1261529076876702 1.9249343627599882 31.25270536881786 -54.0322128958219 52.569923963731469 45.105354717469162 2.4806011500149086 10.367752013100628 -11.121634439537628 143.56293740948598 -20.852403038166038 -3.6773734365739315 44.608351512146932
leaf_weight=9191396.3232955933 37 556.00115203857422 162 32 31 29 34 21 39 36 38 21 25 22 23 48 24 26 315083.46690940857 69 10328.004697799683 793.00028800964355 201 47957.019296646118 5905.0005760192871 770.00028800964355 27 27.000288009643555 23 27 22 415.00028800964355 29 20 27 31 21 157.00028800964355 107 18593.00489616394 16796.007200241089 1843.0011520385742 348 469 1809.0017280578613 2635.0020160675049 45035.023706436157 5292.0008640289307 42 4017.0008640289307 4767.0048961639404 27
leaf_count=2567764 37 528 162 32 31 29 34 21 39 36 38 21 25 22 23 48 24 26 303785 69 10216 786 201 47488 5891 763 27 20 23 27 22 408 29 20 27 31 21 150 107 18474 16621 1815 348 469 1767 2586 44461 5271 42 3996 4648 27
internal_value=0.136382 0.129537 92.5031 78.1701 129.966 213.984 133.334 -45.593 33.208 -137.16 175.186 -8.88998 319.045 473.154 21.5889 -102.709 74.4752 66.3558 0.0332878 5.53996 3.49321 8.73447 -26.8722 4.81305 -2.21778 6.27649 18.7194 23.6062 21.9581 23.2794 -16.4983 22.7232 414.207 -23.1838 -88.977 -120.845 -345.2 -57.4196 21.5773 5.21183 9.14737 8.72518 8.06244 8.40931 39.7944 11.3262 8.07433 -0.0305836 20.8999 -10.5537 -1.99902 155.983
internal_weight=9.67631e+06 9.6756e+06 717 680 355 190 161 82 165 75 90 59 79 47 325 97 228 74 9.50648e+06 169116 103075 66041 757.001 94222 16233 77989 6147 5398 5371 5348 749.001 486 51 435 263 236 52 184 5321 71842 65284 64491 62648 62300 1916 3405 61831 23885 204 8853.01 4836 48
internal_count=3039576 3038859 717 680 355 190 161 82 165 75 90 59 79 47 325 97 228 74 2871549 167310 102081 65229 729 93368 16107 77261 6028 5293 5273 5250 735 479 51 428 256 229 52 177 5223 71233 64500 63714 61899 61551 1874 3349 61082 23745 204 8713 4717 48
is_linear=0
shrinkage=0.179086


Tree=82
num_leaves=53
num_cat=0
split_feature=4 2 16 16 11 4 6 16 2 16 16 16 11 16 9 16 16 9 16 16 16 4 16 4 4 9 9 16 13 11 13 16 11 11 13 11 16 9 9 16 11 16 6 9 16 11 16 16 16 4 16 16
split_gain=1.9062e+09 1.46686e+09 2.08308e+09 7.86649e+08 8.17949e+08 1.0471e+09 9.47858e+08 8.97468e+08 4.26605e+08 5.99629e+08 2.51528e+08 1.98894e+08 1.95958e+08 4.14315e+08 1.7268e+09 2.98291e+08 5.22839e+08 2.66416e+08 1.96729e+08 1.87155e+08 4.89673e+08 3.16729e+08 4.81007e+08 2.47853e+08 1.86659e+08 7.33604e+08 8.47634e+08 1.79369e+08 1.92301e+08 1.70715e+08 1.67229e+08 5.11835e+08 1.61234e+08 3.03291e+08 1.44777e+08 1.37283e+08 1.99124e+08 1.29485e+08 2.1836e+08 1.9948e+08 4.48507e+08 1.08322e+08 1.06579e+08 1.93007e+08 1.0371e+08 9.72618e+07 9.33669e+07 9.04515e+07 9.03696e+07 1.40487e+08 1.23561e+08 8.96587e+07
threshold=0.91397700000000015 0.0022120000000000004 1792914.5000000002 10136.500000000002 0.00037450000000000005 0.92730450000000009 0.89377350000000011 47839.500000000007 0.00054250000000000012 1782006.5000000002 2384476.5000000005 697811.50000000012 0.22499750000000004 24713.500000000004 0.0014745000000000003 10649.500000000002 7084.5000000000009 0.00084050000000000021 198949.50000000003 5206.5000000000009 4861.0000000000009 0.8177930000000001 10777.500000000002 0.23513350000000002 0.95752500000000007 0.00020650000000000003 0.00039750000000000007 1068882.5000000002 0.0022335000000000007 0.058818000000000009 0.00011750000000000001 121452.00000000001 0.00041350000000000008 0.00038550000000000005 -0.0059489999999999994 0.00020350000000000004 153894.00000000003 0.010510500000000001 0.0091010000000000014 5137.0000000000009 0.94009900000000013 13672.000000000002 0.00073650000000000007 0.00013750000000000001 16758.000000000004 0.036960000000000007 2464782.0000000005 507469.50000000006 550122.50000000012 0.00037750000000000007 181420.00000000003 95586.000000000015
decision_type=2 2 2 2 2 2 2 2 2 2 2 2 2 2 2 2 2 2 2 2 2 2 2 2 2 2 2 2 2 2 2 2 2 2 2 2 2 2 2 2 2 2 2 2 2 2 2 2 2 2 2 2
left_child=1 8 12 -2 7 6 -6 -5 48 11 -4 30 19 15 18 16 37 -18 -15 20 32 23 -23 27 25 -7 -27 28 35 45 44 -32 33 -3 -29 36 -21 38 39 40 -14 -17 47 -44 -10 -26 -11 -37 49 50 -1 -8
right_child=3 2 10 4 5 24 51 -9 9 46 -12 -13 13 14 -16 41 17 -19 -20 21 -22 22 -24 -25 29 26 -28 34 -30 -31 31 -33 -34 -35 -36 42 -38 -39 -40 -41 -42 -43 43 -45 -46 -47 -48 -49 -50 -51 -52 -53
leaf_value=-0.071807601369764634 -121.56782877381011 -26.663675648063716 -1.3031627343269845 403.6102042601853 349.44415318751601 -135.77854015243358 126.54889357743664 113.98455912748314 -1.7532316312494645 -1.0040282368530449 -7.5994790113319528 1.215444449888387 161.36974361854848 45.0144636568129 301.0218900806708 -115.82081337238202 197.90791572822192 38.99779327149129 -57.61549960823168 1.2712447730694267 -163.88597299639213 216.98353392184589 15.006616780217627 -103.57527142668137 51.348739126889271 245.63432399995492 -41.426906448937665 19.877862217409319 10.467066871149521 -14.066247955476202 21.956362327075031 3.4071492026695753 -22.550867941428248 135.99272945386832 4.1177980552509856 10.346486705470834 15.474033746551923 67.504276029083769 -121.01045796626696 -79.391336010726036 -11.76392227108393 -24.440114675915371 8.6911159412157453 0.92862194371838369 3.1038423989795909 148.95315029561422 -4.3505967050283481 4.7252109073715767 -0.083437086582506564 5.9982314996254269 0.3500461943716463 49.716800275566833
leaf_weight=1737920.893245697 22 32 23711.01699256897 20 24 38 52 38 5723.0167045593262 48898.090320587158 11563.006099700928 122651.05385780334 23 66 33 24 28 24 35.000288009643555 1725.0011520385742 27 22 42 25 29 20 34 731 20717.003456115723 28 2325.0002880096436 8429.0048961639404 187 25 30798.013824462891 7258.0005760192871 4045.0002880096436 29 20 29 90 47 5914.002592086792 11661.002880096436 91298.048385620117 22 12909.009466171265 6785.0011520385742 5850265.2150497437 5013.0046081542969 1665884.9973087311 29
leaf_count=792644 22 32 23298 20 24 38 52 38 5317 46742 11430 121342 23 66 33 24 28 24 28 1697 27 22 42 25 29 20 34 731 20633 28 2318 8310 187 25 30462 7244 4038 29 20 29 90 47 5851 11591 90122 22 12692 6757 1441496 4901 669415 29
internal_value=0.0940044 0.0910249 3.84711 81.0798 94.4359 69.3224 156.314 213.904 0.0415867 1.35825 -3.36713 2.17937 6.66079 29.7513 81.2724 7.76226 26.202 124.58 9.44776 6.54584 -22.4959 6.63356 84.4587 6.57799 15.8988 -17.9854 64.9126 6.60873 7.76209 55.3554 3.27635 7.41749 -6.84268 44.6828 4.48321 6.26323 11.228 -0.58637 -12.7813 2.47018 23.4873 -55.3406 5.3572 3.54072 2.81733 93.4728 -1.70299 7.63053 3.03289e-05 0.143278 0.134655 99.0532
internal_weight=9.67739e+06 9.67703e+06 125716 356 334 276 105 58 9.55132e+06 292233 35274 230426 90442 448 134 314 243 52 101 89994 271 89723 64 89659 171 92 54 89634 58105 79 107775 10754 244 57 31529 37388 5770 191 162 142 113 71 31618 17575 97021.1 51 61807.1 14043 9.25908e+06 3.40882e+06 3.40381e+06 81
internal_count=3320188 3319832 124533 356 334 276 105 58 3195299 286843 34728 227409 89805 441 127 314 243 52 94 89364 271 89093 64 89029 171 92 54 89004 57811 79 106067 10628 244 57 31193 37178 5735 191 162 142 113 71 31443 17442 95439 51 59434 14001 2908456 1466960 1462059 81
is_linear=0
shrinkage=0.0350006


Tree=83
num_leaves=53
num_cat=0
split_feature=8 11 8 8 11 13 8 11 8 11 11 11 14 0 9 9 12 11 3 12 9 9 11 9 9 9 15 3 8 9 15 15 9 8 11 14 15 9 14 3 11 15 8 13 13 3 8 14 15 14 12 8
split_gain=5.70145e+08 5.09051e+08 4.86893e+08 2.36151e+08 3.94733e+08 2.31178e+08 2.29568e+08 5.27383e+08 4.0766e+08 3.95266e+08 7.21344e+08 9.68967e+08 4.24459e+08 3.97076e+08 3.33095e+08 6.69792e+08 2.5744e+08 1.96291e+08 7.17099e+08 3.78908e+08 2.38658e+08 6.32748e+08 1.28474e+08 1.16776e+08 1.33627e+08 1.12965e+08 1.1244e+08 1.10848e+08 1.05761e+08 8.85547e+07 1.6009e+08 6.83766e+07 6.32263e+07 5.73294e+07 5.43492e+07 8.66057e+07 6.24818e+07 6.25607e+07 4.98484e+07 5.80878e+07 8.10908e+07 4.96444e+07 4.93394e+07 5.13181e+07 4.33938e+07 6.1751e+07 5.25945e+07 6.4592e+07 4.14806e+07 3.84207e+07 3.83374e+07 5.13748e+07
threshold=0.92074100000000014 0.94009900000000013 0.0022615000000000005 0.96647850000000013 0.96218650000000017 -0.93469649999999993 0.96647850000000013 0.00043250000000000005 0.95254850000000013 0.00037650000000000004 0.00039550000000000007 0.00041750000000000007 0.046726000000000011 0.92730450000000009 0.00037250000000000011 0.0058080000000000015 -0.14644149999999997 0.22499750000000004 0.31883150000000005 0.018189500000000001 0.00077150000000000016 0.0018025000000000005 0.079903000000000016 0.0072820000000000011 0.0086810000000000012 0.00018850000000000006 0.037011000000000009 0.75452300000000017 7.4500000000000008e-05 0.00034450000000000008 0.013920000000000002 0.050302500000000007 0.00038250000000000008 0.95254850000000013 0.0036230000000000004 9.5000000000000022e-06 6.5000000000000013e-06 0.0047105000000000011 4.500000000000001e-06 0.0028635000000000002 0.00021750000000000003 7.3500000000000011e-05 0.0029830000000000004 -0.0019109999999999997 -3.9499999999999991e-05 0.0024215000000000005 0.0013625000000000002 1.0000000180025095e-35 1.0000000180025095e-35 0.00082200000000000014 0.0013315000000000002 0.0040025000000000008
decision_type=2 2 2 2 2 2 2 2 2 2 2 2 2 2 2 2 2 2 2 2 2 2 2 2 2 2 2 2 2 2 2 2 2 2 2 2 2 2 2 2 2 2 2 2 2 2 2 2 2 2 2 2
left_child=2 5 28 4 23 -2 8 -8 9 12 -11 -12 -7 14 22 -16 -17 18 34 20 29 -22 -13 26 -25 -10 33 -21 49 30 -19 -24 -29 -3 35 38 37 -37 50 40 42 -36 43 -40 -30 46 -46 -48 -42 -1 51 -4
right_child=1 3 17 -5 -6 6 7 -9 25 10 11 13 -14 -15 15 16 -18 19 -20 27 21 -23 31 24 -26 -27 -28 32 44 -31 -32 -33 -34 -35 41 36 -38 -39 39 -41 48 -43 -44 -45 45 -47 47 -49 -50 -51 -52 -53
leaf_value=-0.044514596764113214 -62.414133330296053 37.83241712125232 3.38473817617324 -125.59787767258588 166.72993788455298 98.386184380765982 408.51347871737408 70.385658517711249 -167.95397529838041 -173.08541885637291 448.49376420891417 84.5697905353354 351.31829765197443 -101.03008280359306 436.7114319297167 -72.507891339861544 154.71910185077806 -53.237624287026129 -224.36494796860697 240.08443187109404 237.06666107021957 -80.463573875320435 -119.23609418915035 128.03343523708878 -55.182163009929781 6.0310994437482499 -169.47161317784236 167.93458828424647 0.14844931582014068 -130.9429403877802 85.890681520505595 19.459748323875985 43.393256394532663 -81.617456363070445 8.8025994686632032 0.40996029894848734 -4.3899103934565895 9.6381083041327553 40.961476731484836 4.1209079504782364 19.183879465438306 -2.6244846029703024 12.987158922200944 7.6044381642630796 0.83554481052996254 -40.534441188825404 23.59595903097393 3.2238498678427385 3.3718188041347066 17.66242814400777 -0.39508041229031143 -9.7731542642819562
leaf_weight=8756394.4996986389 30 20 56621.028602600098 47 35 47 20 37 21 32 20 40 31 35 20 20 47 79 39.000288009643555 26 38 33 20 21 24 21 25 22 337412.80089759827 21 33 20 24 26 7560.0034561157227 15211.012096405029 6597.0011520385742 2394.0011520385742 420 31442.015354156494 533.00028800964355 1247 1666.0005760192871 188 422586.36731147766 101 449 18213.00892829895 3780.0011520385742 345.00028800964355 9832.0058498382568 848.00028800964355
leaf_count=2178572 30 20 55928 47 35 47 20 37 21 32 20 40 31 35 20 20 47 79 32 26 38 33 20 21 24 21 25 22 317966 21 33 20 24 26 7476 14917 6569 2366 420 31071 526 1247 1652 188 389440 101 449 17996 3752 338 9692 841
internal_value=0.0576382 49.4104 0.0542761 -21.747 10.5817 79.9745 89.8885 189.078 74.7659 94.4699 62.3808 96.3314 198.94 61.4389 95.4962 167.35 86.8857 3.17606 3.08689 47.8791 10.941 89.4827 17.3437 -36.542 30.318 -80.9605 -78.9232 152.518 0.0088828 -30.991 -12.2376 -49.8882 102.987 -29.6836 3.15104 2.87679 0.014436 1.66486 3.53448 5.07013 9.60104 7.18459 17.7092 30.6476 0.601461 0.94779 0.957287 3.71402 5.32597 -0.0438169 2.66675 3.19058
internal_weight=9.67481e+06 659 9.67416e+06 198 151 461 431 57 374 332 254 222 78 202 167 87 67 138654 138378 276 204 71 80 116 45 42 71 72 9.5355e+06 133 112 40 46 46 138339 129532 24202 17605 105330 38029 6587 8807 2274 608 778762 441349 441248 18662 4313 8.75674e+06 67301 57469
internal_count=3042474 659 3041815 198 151 461 431 57 374 332 254 222 78 202 167 87 67 136953 136677 276 204 71 80 116 45 42 71 72 2904862 133 112 40 46 46 136645 127922 23852 17283 104070 37609 6538 8723 2260 608 725952 407986 407885 18445 4278 2178910 66461 56769
is_linear=0
shrinkage=0.0530624


Tree=84
num_leaves=53
num_cat=0
split_feature=1 2 12 2 11 13 11 11 1 9 1 12 13 12 13 11 11 11 14 12 9 14 13 14 9 2 9 6 2 13 13 12 9 9 13 13 10 13 14 12 10 14 1 10 11 14 12 11 6 13 6 9
split_gain=4.40608e+10 3.24972e+10 1.11779e+10 7.45235e+09 3.05268e+09 2.85349e+09 2.24998e+09 2.00044e+09 1.50817e+09 1.41253e+09 2.54106e+09 1.97068e+09 1.25418e+09 1.19015e+09 1.00155e+09 6.68226e+08 9.50444e+08 6.59172e+08 6.16231e+08 1.05754e+09 6.748e+08 4.63294e+08 5.68487e+08 4.57352e+08 3.89468e+08 3.38364e+08 3.14015e+08 2.90933e+08 2.63202e+08 2.6101e+08 2.2901e+08 2.23422e+08 2.19003e+08 4.46182e+08 2.15139e+08 2.94823e+08 2.12513e+08 5.36382e+08 2.33502e+08 2.01126e+08 1.86478e+08 1.79805e+08 1.67931e+08 1.62701e+08 1.59053e+08 1.52581e+08 1.48695e+08 1.3899e+08 1.30799e+08 1.35069e+08 4.4983e+08 1.25743e+08
threshold=0.67893700000000012 0.0018835000000000002 -0.0090079999999999986 0.00057750000000000011 0.94009900000000013 -0.91149699999999989 0.91575650000000008 0.00037650000000000004 0.91422250000000005 0.0025995000000000002 0.91422250000000005 -0.0017244999999999997 -0.0058229999999999992 -0.0048009999999999988 0.0024755000000000007 0.00040950000000000009 0.036960000000000007 4.6500000000000005e-05 0.025577000000000006 -0.14644149999999997 0.00018350000000000004 0.00034050000000000004 -0.011361999999999999 0.025577000000000006 0.00018050000000000002 0.0024125000000000006 0.00036050000000000009 0.9135660000000001 9.3500000000000009e-05 -0.0015494999999999999 0.00049950000000000005 -0.076985499999999984 0.0094355000000000012 0.0078125000000000017 0.00022550000000000003 -0.0024254999999999997 0.00065950000000000026 -0.00039049999999999995 4.500000000000001e-06 -0.012156499999999999 0.11878000000000001 6.5000000000000013e-06 0.0012965000000000001 8.0500000000000019e-05 0.00043450000000000004 4.500000000000001e-06 0.00010250000000000001 4.9500000000000004e-05 0.00019550000000000001 0.00020550000000000003 0.00027850000000000005 0.008546500000000002
decision_type=2 2 2 2 2 2 2 2 2 2 2 2 2 2 2 2 2 2 2 2 2 2 2 2 2 2 2 2 2 2 2 2 2 2 2 2 2 2 2 2 2 2 2 2 2 2 2 2 2 2 2 2
left_child=1 3 4 28 6 23 7 -2 15 10 26 -11 17 24 25 -9 -17 -3 21 20 -20 22 43 -4 -12 34 -7 -15 -1 -5 47 51 33 44 35 -14 45 -38 -39 -18 -24 -16 -32 -19 -22 -27 -44 -31 -49 -50 -51 -6
right_child=2 12 5 29 31 9 -8 8 -10 11 13 -13 14 27 41 16 39 18 19 -21 32 -23 40 -25 -26 36 -28 -29 -30 30 42 -33 -34 -35 -36 -37 37 38 -40 -41 -42 -43 46 -45 -46 -47 -48 48 49 50 -52 -53
leaf_value=-0.062216441671901275 171.66994385990708 -1.4862453863916711 62.612310795178416 4.6479538601607917 -24.59724808869548 70.720076391971418 199.49238295404371 -23.674061142304375 154.70425157752089 201.45439360992123 152.7741319824209 374.29988391464121 7.7521607915686825 315.90152356179499 8.3688897707822214 132.83617946883533 -15.07569065746566 17.430225793661403 75.86435939932916 121.87816356870749 -27.017036830511966 4.1147982894529944 13.607477369522892 139.22800890660082 221.08108368698549 5.1977342067744843 143.42517664760618 246.88333372542724 0.3626466191243416 -0.38441999429757701 3.0698041962938909 41.093754935744478 -34.132003102295712 79.189153841604764 7.4301472032542861 2.8405308853520204 3.2901452749865729 6.6968531300389404 13.468473453368116 40.849219672948195 3.2834770334983872 10.950917138971246 15.281894130889288 27.431975282049137 18.006859943652429 8.763343475848286 6.195661045927733 0.72645680994183504 2.3669597235697633 1.2350454463801972 12.93532529542102 11.095820625119003
leaf_weight=8927856.9422092438 37 623 33 11342.004608154297 53 29 38 38 25 35 37 25 3300.00124168396 25 33860.007181167603 23 22 616 43 30 29 949 3811.0006656646729 36 37 3335.0011520385742 24 30 334070.77177810669 4215.0092163085938 2049.0021057128906 24 23 20 4307.0029697418213 14820.007289886475 11767.00489616394 40175.014720916748 1157.0002880096436 40 430.00028800964355 7228.0011520385742 607.00028800964355 862 43 12916.000953674316 1154.0005760192871 10677.0179271698 240634.15301132202 2006.0040321350098 1137 37
leaf_count=2508297 37 623 33 11230 53 29 38 38 25 35 37 25 3272 25 33692 23 22 616 43 30 29 949 3797 36 37 3307 24 30 291355 3991 2000 24 23 20 4237 14645 11648 39839 1150 40 423 7200 600 862 43 12895 1140 10250 236987 1908 1137 37
internal_value=0.137229 0.129022 122.672 0.024541 63.3788 186.923 95.3561 73.9557 49.5153 210.961 190.324 273.519 7.22806 225.917 6.89475 28.1217 51.2786 13.1493 14.4793 41.0123 25.6506 13.7311 15.3268 102.604 186.954 6.03144 103.67 278.301 -0.0468919 2.44074 2.34536 0.822703 6.86844 17.1221 4.44467 3.73504 6.54458 6.08947 6.88641 21.0055 12.5607 8.82311 5.96226 23.2636 -0.127639 8.03162 9.3277 2.29209 2.33642 2.40694 5.46773 -9.92244
internal_weight=9.67674e+06 9.67609e+06 648 9.53575e+06 337 311 223 185 148 242 182 60 140344 129 132865 123 85 7479 6856 188 158 6668 5719 69 74 91777 53 55 9.26193e+06 273821 262479 114 115 92 22427 18120 69350 53099 41332 62 4241 41088 3810 1478 72 16251 1761 258669 254454 243777 3143 90
internal_count=3208886 3208238 648 3068895 337 311 223 185 148 242 182 60 139343 129 131885 123 85 7458 6835 188 158 6647 5698 69 74 90993 53 55 2799652 269243 258013 114 115 92 22154 17917 68839 52637 40989 62 4220 40892 3740 1478 72 16202 1740 254273 250282 240032 3045 90
is_linear=0
shrinkage=0.0148609


Tree=85
num_leaves=53
num_cat=0
split_feature=8 8 16 16 11 16 9 9 11 8 11 0 9 9 9 8 11 16 16 2 16 8 16 16 7 11 3 9 16 9 16 9 16 16 16 16 9 16 16 16 16 16 9 16 6 16 6 3 8 7 11 6
split_gain=3.40104e+08 2.91258e+08 7.00767e+08 2.68916e+08 4.5838e+08 3.1835e+08 5.83385e+08 4.47046e+08 2.6002e+08 2.33335e+08 2.24588e+08 1.63346e+08 2.26417e+08 2.14076e+08 4.2412e+08 3.64483e+08 4.4619e+08 1.85352e+08 3.63808e+08 4.73159e+08 4.25231e+08 1.73036e+08 1.54976e+08 1.07618e+08 9.77448e+07 9.03358e+07 3.2549e+08 2.35103e+08 5.37251e+08 5.73349e+08 7.81561e+07 1.67368e+08 6.31089e+07 8.21166e+07 6.24985e+07 1.33696e+08 2.18723e+08 6.66851e+07 6.08699e+07 8.56416e+07 7.27764e+07 6.05916e+07 9.33274e+07 1.19299e+08 7.52937e+07 1.04388e+08 6.376e+07 9.57549e+07 5.99696e+07 5.37953e+07 6.01181e+07 7.97243e+07
threshold=0.92074100000000014 0.0010285000000000001 1885445.5000000002 5206.5000000000009 0.00037050000000000006 2684.0000000000005 0.00034950000000000009 0.00018850000000000006 0.00041250000000000005 0.0030705000000000003 0.94009900000000013 0.92730450000000009 0.0075360000000000002 0.00018850000000000006 0.00039350000000000008 0.96228150000000012 0.00037950000000000006 90131.000000000015 8067.0000000000009 0.90392850000000002 5322.5000000000009 0.96228150000000012 45257.500000000007 2464782.0000000005 0.00074650000000000009 0.22499750000000004 0.31883150000000005 0.00077150000000000016 24713.500000000004 0.0020215000000000003 4915.5000000000009 0.00080950000000000022 116888.00000000001 1069334.0000000002 223567.50000000003 106837.00000000001 0.00016850000000000003 144883.00000000003 17497.000000000004 17693.500000000004 1200236.5000000002 525912.50000000012 0.00068250000000000016 62960.500000000007 0.00044850000000000006 135071.00000000003 0.00057350000000000012 0.0012035000000000004 0.0032450000000000005 0.00058450000000000006 0.00028350000000000006 0.0016150000000000003
decision_type=2 2 2 2 2 2 2 2 2 2 2 2 2 2 2 2 2 2 2 2 2 2 2 2 2 2 2 2 2 2 2 2 2 2 2 2 2 2 2 2 2 2 2 2 2 2 2 2 2 2 2 2
left_child=1 -1 9 5 -5 7 -7 -2 -9 24 -10 17 13 15 -15 16 -13 18 20 -20 -6 -14 -17 -4 41 26 32 34 29 -29 -8 -32 -11 49 35 36 -27 -37 -26 -40 -41 42 -3 46 45 -45 -44 -48 -25 -34 51 -51
right_child=3 2 23 4 11 6 30 8 10 25 -12 12 21 14 -16 22 -18 -19 19 -21 -22 -23 -24 48 38 27 -28 28 -30 -31 31 -33 33 -35 -36 37 -38 -39 39 40 -42 -43 43 44 -46 -47 47 -49 -50 50 -52 -53
leaf_value=-0.021627991049905617 631.40635668308551 -3.6389462595692912 -5.6500295523815538 640.91038209802218 429.96660200781298 -788.82979707013419 -204.82283964076828 -420.14228222517772 454.68257792417137 -0.11738885788216787 -70.978212077099741 125.66849018658415 -510.51875411296646 789.19926357381883 -32.943927077505776 472.34402496284883 -794.67667426692947 47.727492165944547 1096.4599193183444 295.99917112187802 -391.84292632642217 30.439979924083129 22.786851019837826 -12.874910868399716 -14.431843998356639 39.707222921180033 -437.21981150445737 401.05989804592912 685.94720754491004 -405.12783791818572 -186.03644669484666 315.83891774558089 26.089652056388143 9.7330206798162759 -234.91777359300204 377.72488772848874 -496.30391381657694 72.071003558347613 107.58522732620968 4.4171234115382703 -5.7114109994019922 5.313685277867827 61.460767868884517 48.874126140435493 6.5103002680168132 14.722523666818667 14.290496798484963 117.27359937527359 -30.898996508209308 -6.0702341537810289 7.6601421767260049 33.136226782416145
leaf_weight=9349686.0443840027 27 6444.0550098419189 46388.044097900391 36 25 25 28 23 25 5051.0020160675049 43 21 23 23 26 26 20 82 20 51 24 23 35 10825.009645462036 4482.0048961639404 57 31 37 37 32 24 28 16991.004608154297 22729.013536453247 21 21 20 41 150 59910.02188873291 17940.00527381897 79331.038593292236 1438.0002880096436 2075.0005760192871 19750.01699256897 10847.003456115723 1960.0028800964355 193 5377.0009536743164 1262.0100803375244 9356.0023040771484 5041.005184173584
leaf_count=2708623 27 5107 45338 36 25 25 28 23 25 5002 43 21 23 23 26 26 20 82 20 51 24 23 35 10608 4363 57 31 37 37 32 24 28 16879 22400 21 21 20 41 150 59378 17814 78393 1431 2061 19337 10763 1890 193 5356 1017 9300 4915
internal_value=0.128499 0.12168 4.20873 100.417 164.271 -24.1343 -200.821 133.082 -14.8231 7.34179 122.307 121.247 30.8584 113.404 353.01 -1.71895 -323.317 209.39 319.847 521.609 27.4589 -240.054 214.444 -9.0687 5.08718 14.935 14.5781 96.0513 257.168 27.1726 -16.9808 84.1916 14.81 16.1715 -10.6933 23.1938 -99.5582 175.645 1.37754 2.28598 2.08306 7.59441 11.831 14.5801 11.9273 20.2066 38.7153 23.523 -18.8567 20.6535 14.7549 25.2861
internal_weight=9.67818e+06 9.67752e+06 327837 658 435 223 105 118 91 265247 68 399 197 151 49 102 41 202 120 71 49 46 61 62590.1 204520 60727 60461 266 106 69 80 52 60430 55379 160 139 77 62 82482 78000 77850 122038 42707.1 36263 32672 12922 3591 2153 16202 32650 15659 6303.02
internal_count=3031273 3030615 321992 658 435 223 105 118 91 260690 68 399 197 151 49 102 41 202 120 71 49 46 61 61302 200880 59810 59544 266 106 69 80 52 59513 54511 160 139 77 62 81705 77342 77192 119175 40782 35675 32161 12824 3514 2083 15964 32111 15232 5932
is_linear=0
shrinkage=0.139503


Tree=86
num_leaves=53
num_cat=0
split_feature=8 8 11 6 14 11 11 8 11 0 11 0 2 11 11 14 11 14 14 11 11 0 14 1 1 2 11 3 2 14 14 3 11 14 14 3 3 1 14 8 3 2 0 14 11 11 6 14 11 3 8 2
split_gain=1.57375e+08 1.23435e+08 1.91239e+08 3.81342e+08 4.22996e+08 3.80922e+08 5.9321e+08 1.3217e+08 1.41164e+08 1.15932e+08 1.01485e+08 1.12048e+08 2.15404e+08 7.66609e+07 8.13305e+07 8.07018e+07 7.32977e+07 1.83037e+08 4.79973e+07 6.36717e+07 4.59032e+07 1.44169e+08 9.76351e+07 1.90239e+08 1.49377e+08 1.68872e+08 4.1819e+07 3.15853e+07 2.77559e+07 4.12722e+07 4.00893e+07 3.94479e+07 2.68981e+07 3.07173e+07 2.33931e+07 2.3068e+07 4.10521e+07 2.1611e+07 2.15569e+07 2.07911e+07 2.01256e+07 2.0533e+07 3.25206e+07 1.99944e+07 3.26805e+07 3.37864e+07 2.72941e+07 1.84309e+07 1.82773e+07 2.56357e+07 1.98639e+07 1.98199e+07
threshold=0.0017485000000000003 0.92074100000000014 0.00041750000000000007 0.89377350000000011 0.21783400000000003 0.00038650000000000007 0.00037550000000000002 0.96647850000000013 0.058818000000000009 0.71441150000000009 0.96218650000000017 0.92730450000000009 0.91595400000000005 0.00036950000000000009 0.00038450000000000002 0.025577000000000006 0.94009900000000013 0.054875500000000008 0.0079820000000000012 0.91575650000000008 0.22499750000000004 0.23513350000000002 0.025577000000000006 0.67893700000000012 0.14155050000000002 0.0079140000000000026 0.00036250000000000003 0.75452300000000017 5.2500000000000009e-05 0.00027550000000000008 6.5000000000000013e-06 0.00090650000000000008 0.0036230000000000004 9.5000000000000022e-06 5.5000000000000007e-06 0.0090670000000000021 0.0075710000000000005 0.00023750000000000003 0.0058240000000000002 0.0087475000000000018 0.0039985000000000012 0.0027985000000000002 1.8500000000000006e-05 0.00034050000000000004 0.00037350000000000008 0.00038750000000000004 0.0080645000000000022 1.9500000000000003e-05 0.00072250000000000016 0.0042790000000000007 0.0037345000000000004 0.0042735000000000004
decision_type=2 2 2 2 2 2 2 2 2 2 2 2 2 2 2 2 2 2 2 2 2 2 2 2 2 2 2 2 2 2 2 2 2 2 2 2 2 2 2 2 2 2 2 2 2 2 2 2 2 2 2 2
left_child=28 20 3 4 5 6 -3 9 -9 -4 11 16 -13 -5 15 -15 17 18 -11 -20 21 32 24 -24 25 -22 -23 -25 29 -1 -30 -32 33 35 -34 36 37 -2 -33 -38 -35 42 -42 44 47 46 -46 -43 50 -50 51 -39
right_child=1 2 7 13 -6 -7 -8 8 -10 10 -12 12 -14 14 -16 -17 -18 -19 19 -21 22 26 23 27 -26 -27 -28 -29 30 -31 31 38 34 40 -36 -37 39 48 -40 -41 41 43 -44 -45 45 -47 -48 -49 49 -51 -52 -53
leaf_value=-0.09101128018790991 31.171775257709456 1366.2043817342119 -245.89373229860234 -295.7359830833953 -75.417152130943606 1471.2532208525381 -150.66784846418142 123.28135399136372 -436.17101575530262 -196.5512732455237 471.4690540282852 -405.53618324121101 389.3552595305112 11.435527730610458 -240.45120106836026 584.00460575180068 -37.388838445086293 624.6798289229589 352.20410151882044 -6.8540371547531622 -23.34817400253624 -175.27646419212545 615.5407996016263 227.29505168865526 -145.48005950217504 780.45299713356667 -588.69221816537697 -73.101726119574394 1.4829343026677055 83.706479161928073 20.994736788608648 -33.495465952255401 -3.0656678782838171 -4.4811607339789905 22.721140831194599 80.522234022194766 -145.76050559433219 7.387383767521996 41.507757655713789 3.5565480514229995 3.6374760220328231 14.197552204106929 -92.893331112365516 -17.934970314439525 -211.4103466006938 2.8028355097225512 7.1113196082648695 45.856172982966427 3.9806478792243301 -18.886293675363163 15.582741503911642 -13.616293001674364
leaf_weight=8839469.484375 1663.0005760192871 20 45 34.000288009643555 35 27 29 34 53 21 34 49 23 26 22 20 63 41 43 48 30 23 41 25 115 20 22 45 660464.58946037292 270 895.00057601928711 3284.0017280578613 2057.0011520385742 20210.009305953979 7542.0046081542969 195.00028800964355 122 79571.057096481323 186 66 564.00777626037598 1631.0017280578613 224.00086402893066 837.00086402893066 63 1947.0008640289307 45 1753.0008640289307 32882.016794204712 2418.0008640289307 13993.004121780396 2119.0017280578613
leaf_count=2260296 1649 20 45 27 35 27 29 34 53 21 34 49 23 26 22 20 63 41 43 48 30 23 41 25 115 20 22 45 597735 270 881 3242 2029 19986 7430 188 122 78192 186 66 375 1589 203 816 63 1926 45 1732 32476 2397 13895 2077
internal_value=0.127912 6.57476 98.6007 266.154 541.056 824.974 468.634 19.9851 -217.519 76.2947 121.333 79.9776 -151.557 -33.0094 98.3588 260.457 157.165 237.283 95.4152 162.818 6.21415 6.0723 93.5536 248.972 -11.0024 298.229 -377.458 34.2021 0.0119995 -0.0884515 1.34762 -19.1262 6.17391 5.51395 17.1951 6.85743 6.74927 6.89114 -29.4747 -93.3357 -1.03882 8.80952 -23.8022 12.9044 17.6504 -3.66987 -120.353 30.5979 6.58286 2.41426 8.12075 6.84255
internal_weight=9.67546e+06 170890 667 213 111 76 49 454 87 367 322 288 72 102 68 46 216 153 112 91 170223 169947 276 111 165 50 45 70 9.50457e+06 8.83974e+06 664830 4365 169902 160303 9599.01 133029 132834 132646 3470 188 27274 7064.01 788.009 6276 5439 2055 108 3384 130983 35300 95683.1 81690.1
internal_count=3030847 168237 660 206 111 76 49 454 87 367 322 288 72 95 68 46 216 153 112 91 167577 167301 276 111 165 50 45 70 2862610 2260566 602044 4309 167256 157797 9459 131062 130874 130686 3428 188 26735 6749 578 6171 5355 2034 108 3321 129037 34873 94164 80269
is_linear=0
shrinkage=0.214342


Tree=87
num_leaves=53
num_cat=0
split_feature=1 3 12 8 6 9 6 12 0 12 1 12 9 9 9 15 9 12 12 3 12 8 9 8 7 9 9 15 15 15 8 6 12 3 8 6 7 6 9 7 1 8 12 1 3 8 7 9 0 9 0 12
split_gain=1.2663e+10 9.28897e+09 3.98751e+09 2.35863e+09 2.16798e+09 1.2752e+09 1.03628e+09 7.44366e+08 7.33949e+08 7.09384e+08 6.86737e+08 5.11399e+08 7.19589e+08 4.89886e+08 4.87708e+08 3.42874e+08 9.89063e+08 3.38568e+08 3.15143e+08 3.00971e+08 2.58947e+08 9.08838e+08 2.38999e+08 2.2926e+08 2.13933e+08 1.64599e+08 5.49629e+08 1.56428e+08 1.5604e+08 1.28772e+08 1.50159e+08 1.21149e+08 1.18206e+08 1.17597e+08 9.88316e+07 9.31339e+07 8.60202e+07 9.08151e+07 8.29832e+07 8.11935e+07 7.94424e+07 7.62265e+07 7.38457e+07 7.00073e+07 6.97668e+07 6.90998e+07 6.88851e+07 2.13611e+08 8.63272e+07 7.30688e+07 6.59288e+07 6.49564e+07
threshold=0.67893700000000012 0.0022775000000000004 -0.0090079999999999986 0.00085500000000000018 0.89377350000000011 0.0025995000000000002 0.94509250000000011 -0.085697499999999996 0.91397700000000015 -0.0016914999999999999 0.92514000000000018 -0.0048009999999999988 0.00039750000000000007 0.010425500000000002 0.00072850000000000009 0.033185500000000007 0.00036850000000000007 -0.0035534999999999994 -0.032569999999999995 0.008709500000000002 -0.019394499999999999 0.14520900000000003 0.00018450000000000001 0.95254850000000013 0.00039850000000000004 0.0094355000000000012 0.0078125000000000017 1.1500000000000002e-05 0.00010750000000000001 0.00010750000000000001 0.0075505000000000008 0.00031150000000000009 -0.049512999999999995 0.90078350000000007 0.0036275000000000005 0.00010950000000000002 0.00045950000000000006 0.00037850000000000009 0.00034750000000000004 0.00043150000000000008 0.0046395000000000004 0.92513900000000004 0.0013855000000000002 0.0098900000000000012 0.011438000000000002 0.010507000000000001 0.00034050000000000004 0.0007375000000000002 0.0038555000000000004 0.0013975000000000005 0.013474500000000002 -0.0045529999999999989
decision_type=2 2 2 2 2 2 2 2 2 2 2 2 2 2 2 2 2 2 2 2 2 2 2 2 2 2 2 2 2 2 2 2 2 2 2 2 2 2 2 2 2 2 2 2 2 2 2 2 2 2 2 2
left_child=1 3 7 35 5 -4 9 13 33 11 14 22 28 15 18 16 -2 -8 -10 24 25 29 -6 -17 40 26 32 31 -13 30 50 39 -21 -9 36 -1 -33 -38 -35 -26 -3 -24 -39 51 45 -32 47 -5 49 -49 -22 -36
right_child=2 19 4 46 6 -7 17 8 10 -11 -12 12 -14 -15 -16 23 -18 -19 -20 20 21 -23 41 -25 27 -27 -28 -29 -30 -31 44 34 -34 38 43 -37 37 42 -40 -41 -42 -43 -44 -45 -46 -47 -48 48 -50 -51 -52 -53
leaf_value=-0.1376170712886858 21.770173816613621 8.9813492770086487 208.23227552806475 -0.046024871326977725 100.87716630390881 438.46694379425969 -1.3598405182914002 -23.416824428965317 164.98406867405075 32.807017426665972 27.213232702265749 261.29823055372532 132.07028150226105 133.07536453523014 83.875706765190856 110.65352716156397 -169.95565405421675 132.20695882561282 300.84388749592631 9.1699582525882057 2.2718069042595856 187.10261293949395 220.27746419521017 4.5328452138527187 5.6698730172720042 -64.323388620032873 140.31746907042211 2.5795044642758098 353.88754692353638 0.87234707046397719 17.201824407272138 8.2529044537844314 -6.0831870813846738 21.930451974737363 -3.0206080033025118 0.479373913292794 0.8969069246527861 6.575918641303522 84.920278859814857 -0.89745903984147746 14.219742486967542 157.66772322482404 3.9185590000616002 24.892257100731815 23.478799331726755 -2.8559593330515254 2.2578494241138056 16.136599639880714 19.502882477242586 5.9057302408611347 -46.843481955958516 8.203958977755013
leaf_weight=9113240.8321170807 59 6050.0020160675049 35 3433.0164165496826 38 30 35 20 24 21 27 32 27 20 23 22 26 20 22 943.00057601928711 219 21 24 36 2958.0011520385742 23 20 6459.0048961639404 20 331.00086402893066 1245 13418.005472183228 534.00201606750488 32 350.00028800964355 167191.62319755554 2296.0005760192871 44755.018215179443 25 2205.0060482025146 2862.0005760192871 29 8323.0047874450684 167 1462 127 262632.29455947876 548 441 3228.0021057128906 20 29847.009593963623
leaf_count=3109757 59 6001 35 3034 38 30 35 20 24 21 27 32 27 20 23 22 26 20 22 929 219 21 24 36 2930 23 20 6340 20 310 1245 13285 485 32 343 152162 2282 44321 25 2058 2848 29 8211 167 1462 127 255597 548 441 3179 20 29616
internal_value=0.0423289 0.0346654 114.64 -0.0570278 181.486 314.536 146.318 52.7678 90.1915 174.848 137.974 192.394 240.627 13.0434 181.31 -3.7547 -36.888 47.231 230.006 7.06106 13.3239 17.273 150.501 44.797 6.80231 4.42538 5.48224 6.49167 296.965 16.2246 17.8782 6.73389 3.65519 30.6101 6.93534 -0.126502 6.39197 5.94104 49.5679 2.8651 10.6636 186.052 6.15923 8.16636 19.5412 15.345 2.32843 4.7516 8.65731 7.39058 -1.83979 8.07385
internal_weight=9.676e+06 9.67535e+06 647 9.55071e+06 311 65 246 336 173 191 96 170 79 163 69 143 85 55 46 124635 4945 3425 91 58 119690 1520 1497 110778 52 3404 3073 104319 1477 77 99156 9.28043e+06 68792 55374 57 5163.01 8912 53 53078 30364 2834 1372 270282 7650.02 4217 3776 239 30197
internal_count=3648628 3647981 647 3524718 311 65 246 336 173 191 96 170 79 163 69 143 85 55 46 123263 4861 3404 91 58 118402 1457 1434 109553 52 3383 3073 103213 1414 77 98225 3261919 68099 54814 57 4988 8849 53 52532 30126 2834 1372 262799 7202 4168 3727 239 29959
is_linear=0
shrinkage=0.0259051


Tree=88
num_leaves=53
num_cat=0
split_feature=0 8 16 8 0 9 0 16 16 7 16 16 16 16 16 13 13 8 16 7 9 16 7 16 16 16 16 15 16 16 9 15 16 9 16 16 16 5 8 9 9 8 8 13 16 16 7 8 4 8 9 16
split_gain=1.83887e+10 1.29359e+10 4.77946e+09 2.90481e+09 2.50296e+09 2.14821e+09 2.01253e+09 2.2906e+09 1.73045e+09 1.28526e+09 1.12268e+09 1.06842e+09 8.98085e+08 7.4578e+08 1.13216e+09 6.9924e+08 4.96191e+08 4.62145e+08 4.44521e+08 4.40748e+08 6.98929e+08 4.03207e+08 8.31032e+08 3.92695e+08 3.8731e+08 3.48758e+08 3.4836e+08 2.57658e+08 3.63882e+08 2.53396e+08 1.14401e+09 3.62983e+08 3.61054e+08 5.1072e+08 1.41672e+09 1.37993e+09 2.80246e+08 2.43559e+08 2.32948e+08 2.31012e+08 2.0924e+08 2.04351e+08 1.8747e+08 1.84974e+08 1.80083e+08 1.6237e+08 1.57327e+08 1.5486e+08 1.4051e+08 1.35666e+08 1.25986e+08 1.14763e+08
threshold=0.91397700000000015 0.0022615000000000005 1753351.5000000002 0.00077450000000000012 0.92730450000000009 0.00076650000000000015 0.23513350000000002 52193.000000000007 82667.500000000015 0.88436850000000011 152212.00000000003 1212132.5000000002 2268604.5000000005 60699.500000000007 15860.500000000002 0.0022735000000000003 0.00020550000000000003 0.96228150000000012 121452.00000000001 0.88436850000000011 0.00018050000000000002 180829.50000000003 0.0089810000000000011 136695.00000000003 1125027.5000000002 2313.5000000000005 2118706.5000000005 0.041114000000000005 50188.500000000007 2684.0000000000005 0.00018850000000000006 5.5000000000000007e-06 5206.5000000000009 0.0015215000000000003 7839.5000000000009 14284.500000000002 21689.500000000004 1.3500000000000001e-05 0.0055660000000000006 7.6500000000000016e-05 0.0074250000000000002 0.0054295000000000012 0.0028955000000000005 -0.00035149999999999998 103914.50000000001 5348.5000000000009 0.00057750000000000011 9.3500000000000009e-05 0.0030915000000000001 0.0033515000000000003 0.0031475000000000006 2766423.0000000005
decision_type=2 2 2 2 2 2 2 2 2 2 2 2 2 2 2 2 2 2 2 2 2 2 2 2 2 2 2 2 2 2 2 2 2 2 2 2 2 2 2 2 2 2 2 2 2 2 2 2 2 2 2 2
left_child=1 3 6 47 8 13 15 25 27 10 -9 16 38 14 -6 21 39 -7 -18 20 -16 43 37 -11 49 -8 -13 -2 -29 30 -27 -32 -31 35 -35 45 -37 -23 -4 -5 -33 -14 46 50 -10 -34 -39 -1 -24 -17 -3 -43
right_child=4 2 12 11 5 17 7 9 44 23 -12 26 41 -15 19 24 18 -19 -20 -21 -22 22 48 -25 -26 29 -28 28 -30 32 31 40 33 34 -36 36 -38 42 -40 -41 -42 51 -44 -45 -46 -47 -48 -49 -50 -51 -52 -53
leaf_value=-0.28255344942323779 399.96311546632694 3.1871554175255308 4.4757230473214351 0.84514775939160236 120.51160140838503 -108.11587752233869 -98.456775624876144 547.17130401250029 301.57440365421093 228.24690290272756 217.35545299179117 2.0982092560889303 -6.7435170067086911 81.884070859979815 303.58330463937011 17.777921956175245 29.4169362651207 93.705756972451624 7.7727689748477777 267.27892901753319 577.62417205995098 -3.730336206620176 -7.8547477104299706 49.267257276789223 14.007840773157236 314.87625762625771 -2.3916989132998077 648.66721101143776 451.24558585035862 -15.176947145106954 -62.230958012587614 16.062817160839955 103.53508864138124 -36.996393192164177 373.49336612357769 -33.433626930384847 -206.21474802441421 13.523942639779898 27.898115683341324 5.4807006037752704 161.15754357936197 21.154512321896362 15.745526630422184 18.979711750899842 180.00086538395772 238.46008556349534 7.9044786718151405 0.38815532941836484 37.28704472492683 23.906384334368088 11.703242698492527 -4.6880962882140382
leaf_weight=8810018.723487854 32 8641.0144004821777 21525.017082214355 15245.1296043396 37 29 21 22 27 25 33 73029.078210830688 16332.018804550171 28 26 6936.0008640289307 2018.0002880096436 29 3043.0014400482178 39 22 1095.0034561157227 92.000576019287109 42 13104.001440048218 24 31683.131404876709 20 30 114 31 24 25 21 22 28 21 16085.002880096436 557.00028800964355 139891.0668182373 27 541.00057601928711 22243.005184173584 1436 37 21 10549.003744125366 463345.2250919342 2109.0002880096436 13829 2990.0023040771484 370.00028800964355
leaf_count=2322605 32 8291 21112 12095 37 29 21 22 27 25 33 71139 15912 28 26 6915 2011 29 3008 39 22 1011 78 42 13069 24 28596 20 30 114 31 24 25 21 22 28 21 16015 550 138267 27 527 22117 1436 37 21 10458 385201 2102 13829 2934 363
internal_value=0.0236768 0.0142223 10.847 -0.143568 257.01 177.946 15.0143 86.503 370.733 221.261 349.35 3.54859 0.291278 248.588 286.227 14.6529 5.38463 -7.19202 16.4031 356.688 429.271 12.4887 13.8956 116.083 18.8216 43.1197 0.739681 479.496 530.321 51.4281 97.812 34.2462 31.9138 70.814 173.044 24.5272 -107.502 12.9485 5.06655 5.02517 92.8908 -5.8241 13.3221 6.87138 231.337 165.159 11.2982 -0.249041 35.3999 21.8593 5.37642 10.6584
internal_weight=9.67756e+06 9.67721e+06 138935 9.53827e+06 356 210 99610 501 146 122 55 264909 39325 152 124 99109 160197 58 5061 87 48 65240 52173 67 33869 379 104712 82 50 358 106 82 252 138 43 95 49 49972 22082 155136 51 17243 48877 13067 64 46 26634 9.27336e+06 2201 20765 11631 911.001
internal_count=3100498 3100142 137220 2962922 356 210 98756 501 146 122 55 255116 38464 152 124 98255 155381 58 5019 87 48 64442 51781 67 33813 379 99735 82 50 358 106 82 252 138 43 95 49 49601 21662 150362 51 16802 48590 12661 64 46 26473 2707806 2180 20744 11225 890
is_linear=0
shrinkage=0.0357591


Tree=89
num_leaves=53
num_cat=0
split_feature=1 8 3 0 15 8 15 0 6 1 0 8 8 7 13 15 13 0 8 15 8 8 15 3 6 6 8 3 2 8 15 15 6 0 15 8 15 3 8 0 13 3 8 13 13 2 0 0 3 8 2 3
split_gain=3.10663e+09 2.43747e+09 6.05332e+08 4.61715e+08 2.92918e+08 2.80356e+08 1.87092e+08 2.27253e+08 2.56738e+08 1.44311e+08 1.40419e+08 1.53894e+08 1.33082e+08 2.04477e+08 1.21183e+08 1.05734e+08 1.27032e+08 1.29853e+08 1.06858e+08 8.64008e+07 8.3644e+07 2.23585e+08 8.06746e+07 6.63681e+07 7.58363e+07 6.3013e+07 6.24528e+07 7.31092e+07 6.20582e+07 6.20062e+07 6.14233e+07 7.98695e+07 1.17223e+08 5.8339e+07 5.7368e+07 5.69407e+07 5.67151e+07 5.47135e+07 5.37673e+07 5.39902e+07 5.20173e+07 5.06458e+07 5.04472e+07 4.94768e+07 9.25935e+07 8.23715e+07 5.0563e+07 4.67014e+07 4.29063e+07 4.80294e+07 4.26757e+07 5.11281e+07
threshold=0.67893700000000012 0.00098450000000000035 0.0023455000000000004 0.91397700000000015 0.00013950000000000003 0.95254850000000013 7.9500000000000021e-05 0.92730450000000009 0.9135660000000001 0.92514000000000018 0.23513350000000002 0.92513900000000004 0.96228150000000012 0.88436850000000011 0.00021150000000000002 7.7500000000000014e-05 -0.0065854999999999985 0.0032335000000000007 0.0058025000000000012 0.0026665000000000005 0.95254850000000013 0.92513900000000004 1.1500000000000002e-05 0.00027750000000000002 1.0000000180025095e-35 0.9135660000000001 0.0083510000000000025 0.008709500000000002 0.0013745000000000001 0.96647850000000013 0.051172000000000002 0.041114000000000005 0.89377350000000011 0.92730450000000009 3.5000000000000004e-06 0.018418500000000004 0.00010750000000000001 0.31883150000000005 0.0031795000000000005 2.3500000000000005e-05 0.00071800000000000011 0.0033735000000000002 0.92513900000000004 -0.00033249999999999995 -0.0008994999999999998 0.0014885000000000002 1.0000000180025095e-35 0.0063765000000000011 0.00088850000000000008 0.0014655000000000002 0.00094550000000000005 0.0012335000000000002
decision_type=2 2 2 2 2 2 2 2 2 2 2 2 2 2 2 2 2 2 2 2 2 2 2 2 2 2 2 2 2 2 2 2 2 2 2 2 2 2 2 2 2 2 2 2 2 2 2 2 2 2 2 2
left_child=1 23 14 4 -2 6 9 8 42 33 15 19 -7 -14 43 16 17 -4 -19 -12 21 25 28 -1 -25 30 -20 -28 -18 -22 31 -6 -33 -5 -13 -29 -15 -21 39 -30 -16 47 -8 44 45 46 -3 -41 -45 -50 -48 -52
right_child=3 2 10 5 20 12 7 -9 -10 -11 11 34 13 36 40 -17 22 18 26 37 29 -23 -24 24 -26 -27 27 35 38 -31 -32 32 -34 -35 -36 -37 -38 -39 -40 41 -42 -43 -44 48 -46 -47 50 -49 49 -51 51 -53
leaf_value=-0.036960326613798569 -15.966135561577751 -4.4783988639290397 -3.8410176040001884 99.950376927337416 2.8871646013536645 -16.512822442699729 145.11081360596185 30.695205652284187 70.983245221470369 201.52486816304986 20.248060332068757 42.112162121401234 134.55244789254266 13.489991244404802 10.609940924428141 -2.0603052364275238 -5.1906188346988165 -61.315326942982196 19.090371332962647 126.18269387182005 1.5368593549933769 141.70216466987495 0.03345862644394465 21.299089255583965 0.75249700398877883 103.21234204366777 -0.19243848958538801 14.039217934671441 16.304716491943971 64.451621187402793 3.1401628293011239 128.83119447178677 28.559814273232 165.43440750720941 -4.3686482689393094 1.5092600512760765 76.500616551853852 58.997360783795344 5.2881668910249049 3.928842973817245 4.1948623723908725 -0.096977285722338089 218.11141034886532 5.2208459365909938 -0.37690540165151409 0.7444220905759622 7.9784593768011156 14.423837459979374 1.7198867377697313 4.0363618341957892 -0.6947334925950206 3.7688252703560496
leaf_weight=9227070.0265750885 72 858.00345611572266 656.00230407714844 45 20 22 20 44 49 36 27 40 35 40 1949.0011520385742 2509.0014400482178 675.00201606750488 21 996.00028800964355 25 38 37 4208.0011520385742 189.00086402893066 102830.1558265686 20 621 2423.0023040771484 362 29.000288009643555 32 25 24 21 92 452 24 26 62571.018522262573 42825.018970489502 4164.0028800964355 3352.0023040771484 20 4237.0072002410889 31834.060283660889 32491.008153915405 2066.0009536743164 450 117159.07527351379 10221.004608154297 3172.0057601928711 17933.005472183228
leaf_count=2709485 72 774 600 45 20 22 20 44 49 36 27 40 35 40 1921 2474 626 21 989 25 38 37 4180 168 99071 20 621 2367 362 22 32 25 24 21 92 452 24 26 62123 42377 4094 3296 20 4062 30371 32295 2045 450 115360 10109 3032 17800
internal_value=0.0763284 0.0715593 2.733 70.76 40.9234 95.652 116.29 90.9528 120.736 149.315 4.56941 31.0466 55.565 71.5843 1.73933 4.52388 4.66199 9.63155 11.5899 67.1337 59.1287 71.9966 4.43753 -0.0278272 0.790196 50.6704 11.931 9.89122 4.60565 28.778 40.2541 57.4622 79.7341 120.811 9.71852 12.0693 37.1315 91.949 4.666 3.83752 6.24021 3.74072 181.65 1.61425 1.02103 1.8084 3.24706 4.03798 2.01248 1.90576 3.53313 3.09796
internal_weight=9.67916e+06 9.6785e+06 348415 653 297 356 235 133 89 102 122331 210 121 99 226084 122121 119612 5169 4513 78 225 158 114443 9.33009e+06 103019 121 4492 3496 110235 67.0003 101 69 49 66 132 2875 64 51 109560 46989 6113 46627 40 219971 88354.1 56520 24029 43275 131617 127380 23171 21105
internal_count=3152381 3151735 343011 646 290 356 235 133 89 102 121148 210 121 99 221863 120938 118464 5050 4450 78 218 158 113414 2808724 99239 121 4429 3440 109234 60 101 69 49 66 132 2819 64 51 108608 46485 6015 46123 40 215848 86317 55946 23651 42827 129531 125469 22877 20832
is_linear=0
shrinkage=0.0324083


Tree=90
num_leaves=53
num_cat=0
split_feature=1 3 16 2 16 8 16 3 3 2 16 16 3 16 0 16 16 7 16 11 2 7 8 2 16 16 11 11 8 11 11 0 16 16 7 16 2 7 3 16 11 7 16 16 16 7 16 16 11 0 16 16
split_gain=6.19894e+10 4.5939e+10 1.16643e+10 1.01759e+10 4.37914e+09 3.63346e+09 3.32454e+09 1.96395e+09 1.35523e+09 1.12259e+09 1.10685e+09 1.04035e+09 9.30678e+08 1.03923e+09 8.26466e+08 6.64584e+08 5.94118e+08 8.52609e+08 8.08409e+08 5.51999e+08 4.96556e+08 4.68887e+08 3.90758e+08 3.06658e+08 3.03829e+08 3.14109e+08 3.01013e+08 5.43347e+08 2.62469e+08 2.57331e+08 3.95096e+08 2.54827e+08 2.46836e+08 2.09209e+08 2.05883e+08 1.71463e+08 1.55302e+08 1.42172e+08 1.32874e+08 1.63234e+08 1.4054e+08 1.31681e+08 1.21412e+08 1.14791e+08 1.43709e+08 1.10943e+08 1.09357e+08 4.86885e+08 2.21968e+08 3.02005e+08 1.04776e+08 1.03153e+08
threshold=0.67893700000000012 0.0019315000000000003 7560.0000000000009 0.00053650000000000019 133519.50000000003 0.95254850000000013 28913.500000000004 0.90078350000000007 0.0062595000000000012 0.90392850000000002 64260.500000000007 101277.50000000001 0.0024945000000000006 2164596.0000000005 0.0032335000000000007 52193.000000000007 94032.500000000015 0.16861500000000004 23288.000000000004 0.00038950000000000003 0.90392850000000002 0.010135000000000003 0.0034015000000000004 6.2500000000000015e-05 16999.000000000004 2313.5000000000005 0.00037550000000000002 0.91575650000000008 0.00082800000000000007 0.058818000000000009 0.036960000000000007 0.92730450000000009 147153.00000000003 1759110.0000000002 0.00045050000000000005 1099308.0000000002 0.0018515000000000001 0.00055650000000000003 0.010999000000000002 21785.000000000004 0.22499750000000004 0.017402500000000005 440471.00000000006 610160.00000000012 2776497.5000000005 0.00029850000000000005 2664.0000000000005 2803.5000000000005 0.00041350000000000008 0.71441150000000009 82440.500000000015 299623.00000000006
decision_type=2 2 2 2 2 2 2 2 2 2 2 2 2 2 2 2 2 2 2 2 2 2 2 2 2 2 2 2 2 2 2 2 2 2 2 2 2 2 2 2 2 2 2 2 2 2 2 2 2 2 2 2
left_child=1 3 19 23 5 6 26 15 12 -6 29 50 45 22 -10 31 17 38 24 -2 -17 43 35 -1 25 -19 -4 -28 -5 30 -7 -8 -11 -30 -24 37 -36 42 -16 -40 -41 -23 -14 51 -45 -3 48 -48 -27 -50 -9 -18
right_child=2 8 4 28 9 10 7 11 14 32 -12 -13 13 -15 16 20 21 18 -20 -21 -22 41 34 -25 -26 46 27 -29 33 -31 -32 -33 -34 -35 36 -37 -38 -39 39 40 -42 -43 -44 44 -46 -47 47 -49 49 -51 -52 -53
leaf_value=1.359569357211865 279.91466712393952 36.906369272323595 621.21381864387627 6.2855297136063202 455.82624456156537 430.93391917606885 716.13439937028579 889.81670842472954 9.7568589886692347 254.47239256971392 159.00040584311773 505.93933234160204 37.809057214275803 19.237312524180282 39.040646562413912 1199.7746607725539 48.512547673534215 -54.326362342934324 392.05758019524325 39.250329816737633 918.67339177372617 73.961464805589486 40.386053968866321 2.6701922208608675 -41.443456549335039 202.80176891037127 316.36988327368101 562.50522863283391 11.411912567509271 393.48735566416292 694.40715302039791 920.21076567506407 51.084186803274008 8.232020295993566 13.402960649081665 25.348934739197418 33.012183687997961 24.73869887997299 25.673760031314426 -4.6143875339057425 -125.75160568544487 103.7774358930981 30.182545830453851 65.392303820473657 15.435255229764948 16.762318380831367 334.55592029937208 61.570751179154151 -32.37867835125855 160.48853635550159 748.76846461312084 19.649144207108705
leaf_weight=8867858.2026367188 24 591.00028800964355 25 31505.080009460449 37 26 24 20 1036.0020160675049 20 30 48 6317 19393.014183044434 539.00028800964355 26 917 21 20 116 27 1510 8739.0008640289307 389042.56367492676 32 33 38 37 195635.25409507751 39 22 28 33 55431.117637634277 866.00115203857422 23763.004608154297 32016.00806427002 6396.0023040771484 655.00028800964355 411.00028800964355 21 389 14054.006624221802 1098 135 16676.012742996216 25 30 36 32 26 360.00028800964355
leaf_count=2393382 24 584 25 29580 37 26 24 20 987 20 30 48 6317 19057 532 26 917 21 20 116 27 1510 8718 304255 32 33 38 37 189468 39 22 28 33 52659 838 23651 31820 6340 648 404 21 389 13893 1098 135 16375 25 30 36 32 26 353
internal_value=2.08132 2.05144 449.633 1.67538 551.762 614.284 698.759 806.773 28.4083 262.752 398.37 654.931 27.3229 28.851 47.5597 942.641 53.8119 32.1177 114.656 80.5379 1056.75 62.9391 30.8741 1.41465 88.0906 111.513 483.761 437.856 10.2166 480.881 551.802 826.175 127.882 10.7098 34.1525 28.1738 32.4958 30.6816 20.4924 11.2946 -10.5067 80.0697 32.5475 49.9783 59.9227 17.4518 133.844 185.692 105.594 58.3923 810.252 40.376
internal_weight=9.67623e+06 9.67558e+06 646 9.53947e+06 506 416 299 199 136111 90 117 94 128811 111544 7300 105 6264 1855 229 140 53 4409 92151 9.2569e+06 209 177 100 75 282571 87 48 52 53 251066 41621 50530 32882 26767 1626 1087 432 1899 20371 2510 1233 17267 156 55 101 68 46 1277
internal_count=3104806 3104160 646 2969344 506 416 299 199 134816 90 117 94 127593 110634 7223 105 6236 1834 229 140 53 4402 91577 2697637 209 177 100 75 271707 87 48 52 53 242127 41376 50201 32658 26550 1605 1073 425 1899 20210 2503 1233 16959 156 55 101 68 46 1270
is_linear=0
shrinkage=0.0456905


Tree=91
num_leaves=53
num_cat=0
split_feature=1 2 16 16 2 16 12 16 16 16 14 16 4 16 1 16 16 16 16 13 12 16 13 4 16 16 16 16 16 16 16 16 16 16 13 16 16 16 14 16 16 13 1 16 16 4 13 16 16 13 13 2
split_gain=1.71967e+09 1.28987e+09 6.47142e+08 5.37985e+08 3.72094e+08 2.18038e+08 2.18048e+08 1.9643e+08 1.38678e+08 1.11186e+08 1.78128e+08 3.25238e+08 1.80425e+08 1.49037e+08 2.48603e+08 4.88707e+08 1.94491e+08 3.36312e+08 1.32334e+08 7.59156e+07 6.23203e+07 6.99788e+07 6.2207e+07 5.44034e+07 5.34869e+08 2.30735e+08 3.09224e+08 1.45376e+08 1.47981e+08 1.05175e+08 7.42838e+07 7.36394e+07 5.16622e+07 5.70011e+07 7.69012e+07 4.87599e+07 4.6758e+07 8.02323e+07 4.36243e+07 4.35276e+07 4.23229e+07 2.04642e+08 5.58954e+07 5.21728e+07 5.03683e+07 4.50982e+07 4.27063e+07 1.60679e+08 6.28461e+07 5.37518e+07 4.17101e+07 4.10119e+07
threshold=0.67893700000000012 0.0021645000000000002 1609330.5000000002 5206.5000000000009 0.00055750000000000016 155571.00000000003 0.018189500000000001 1716927.5000000002 2174783.5000000005 107489.00000000001 0.046726000000000011 31907.000000000004 0.95752500000000007 26451.500000000004 0.92514000000000018 15860.500000000002 10728.000000000002 8067.0000000000009 53207.500000000007 0.0027740000000000004 -0.0090079999999999986 136695.00000000003 -0.0038134999999999996 0.23513350000000002 21689.500000000004 2313.5000000000005 2684.0000000000005 14852.000000000002 2970.5000000000005 2608.0000000000005 4225.0000000000009 2377.5000000000005 886893.00000000012 17497.000000000004 -0.00041249999999999994 2627811.5000000005 5039.0000000000009 4915.5000000000009 0.025577000000000006 2447024.0000000005 46342.000000000007 -0.00023249999999999999 0.00028850000000000007 814232.50000000012 774234.50000000012 0.00032750000000000005 8.4500000000000008e-05 117462.00000000001 51553.500000000007 0.00022850000000000005 -0.0051094999999999986 0.12471650000000002
decision_type=2 2 2 2 2 2 2 2 2 2 2 2 2 2 2 2 2 2 2 2 2 2 2 2 2 2 2 2 2 2 2 2 2 2 2 2 2 2 2 2 2 2 2 2 2 2 2 2 2 2 2 2
left_child=1 4 19 36 -1 6 9 32 22 10 12 13 18 14 15 16 17 -12 -5 23 21 -11 -4 30 25 -25 29 28 -28 31 -3 -27 33 34 -6 50 37 -2 -7 -9 41 45 43 44 -42 -35 -44 48 -48 -50 -10 -32
right_child=3 2 8 5 7 38 -8 39 35 20 11 -13 -14 -15 -16 -17 -18 -19 -20 -21 -22 -23 -24 24 -26 26 27 -29 -30 -31 51 -33 -34 40 -36 -37 -38 -39 -40 -41 42 -43 46 -45 -46 -47 47 -49 49 -51 -52 -53
leaf_value=0.45164106776370927 -302.84788673077583 -117.91308104150686 59.866702888181123 1182.9868541250632 -7.9819888143755682 -179.68187689793385 956.52380834991254 0.84750406296196845 63.274582397994266 653.53072625748484 238.0416783264757 -350.78983735307156 243.15184974768152 954.09851917390415 -104.17945955179387 1240.8433932399105 -147.95808393061242 1198.211296043369 648.40327367327416 45.673840724007746 -10.17118831889646 126.22800232707127 9.4185404381443067 -628.98102516159884 1169.6029146733604 464.26277762849952 -83.68469057014633 167.06286630066137 -882.21094805454345 603.55406414118784 29.953607531195466 4.8999120785585557 7.2005668574530439 -63.049347464473627 178.59395643316336 -34.265260156962647 -332.26513193590216 196.06406940182751 226.50251054094224 -12.39286538820015 37.682038097675246 118.29959560199481 11.196819528931334 124.45828438170065 -34.433841304004616 18.781115280908399 -280.02100239384231 15.891746576876047 178.05834974753176 71.2675597788717 -8.7823784176825175 -50.345431594386511
leaf_weight=9260491.4349822998 25 151 1134.0002880096436 26 6563.0201606750488 28 36 52604.057493209839 363 20 69 26 39 22 38 31 31 21 96 16080.003456115723 36.000288009643555 25 22363.005472183228 21 20 24 20 23 21 39 67522.026784896851 43 89329.033697128296 325 99 3586.0002880096436 33 33 20 13850.01173210144 4287.0017280578613 1007 96426.052129745483 276 475.00028800964355 3497.0023040771484 21 18161.009504318237 240 1567 15495.012077331543 282
leaf_count=2611560 25 151 1127 26 6073 28 36 51211 363 20 69 26 39 22 38 31 31 21 96 15996 29 25 22230 21 20 24 20 23 21 39 66871 43 88510 325 99 3579 33 33 20 13591 4245 1007 95159 276 468 3441 21 17930 240 1567 15208 282
internal_value=0.986293 0.963246 21.9851 341.449 0.683254 417.95 457.798 8.11188 0.990369 420.371 465.94 350.433 636.654 436.456 376.464 496.637 305.872 462.205 762.424 32.6863 195.871 360.679 11.8533 29.6226 136.154 27.8686 109.054 -255.62 -492.79 329.253 29.2917 169.517 11.1088 13.7348 -5.20892 -12.1368 -132.613 -18.9951 -10.372 -1.91197 14.7342 34.0266 13.9671 35.6368 30.4884 11.8223 13.0293 21.869 81.2514 85.4526 -7.13284 29.6196
internal_weight=9.67706e+06 9.67641e+06 127187 655 9.54922e+06 564 516 288727 42941 480 399 238 161 212 190 152 121 90 122 84246 81.0003 45 23497 68166 211 191 170 64 41 106 67955 67 222273 132944 6662.02 19444 91 58 48 66454.1 126282 4829 121453 5038 4762 3822 116415 19989 1828 1807 15858 67804
internal_count=3022389 3021741 126018 648 2895723 557 509 284163 42507 473 399 238 161 212 190 152 121 90 122 83511 74 45 23357 67515 211 191 170 64 41 106 67304 67 219361 130851 6172 19150 91 58 48 64802 124679 4773 119906 4989 4713 3766 114917 19758 1828 1807 15571 67153
is_linear=0
shrinkage=0.210132


Tree=92
num_leaves=53
num_cat=0
split_feature=0 3 12 9 12 9 3 9 9 9 14 9 12 9 6 0 6 12 0 12 3 12 0 9 9 12 9 9 14 9 9 9 3 10 14 10 9 14 14 10 14 10 12 6 12 6 3 9 6 14 9 3
split_gain=7.16263e+08 6.17379e+08 1.70693e+08 2.06865e+08 2.29645e+08 1.96611e+08 1.44042e+08 1.1127e+08 1.24942e+08 1.65337e+08 9.5361e+07 9.68677e+07 1.24373e+08 1.60811e+08 2.05863e+08 8.52377e+07 8.31065e+07 1.51544e+08 1.10129e+08 1.21699e+08 5.12741e+07 7.47319e+07 4.53926e+08 1.78268e+08 2.95362e+08 5.34773e+07 4.47493e+07 2.49214e+08 5.0609e+07 5.65374e+07 4.87963e+07 7.55528e+07 7.12023e+07 4.1886e+07 3.87527e+07 3.52514e+07 3.41106e+07 3.35196e+07 3.2047e+07 2.85225e+07 2.73497e+07 7.62791e+07 8.67446e+07 4.26901e+07 3.27219e+07 3.00708e+07 2.72342e+07 2.71044e+07 2.6069e+07 2.71126e+07 2.59787e+07 2.52176e+07
threshold=0.8177930000000001 0.0023025000000000003 -0.14644149999999997 0.0077630000000000017 -0.010357999999999997 0.0064740000000000015 0.00027750000000000002 0.0099855000000000013 0.0045875000000000013 0.00018650000000000003 0.014463000000000002 0.00076650000000000015 -0.0025624999999999997 0.00019050000000000005 0.9135660000000001 0.92730450000000009 0.89377350000000011 -0.032569999999999995 0.92730450000000009 -0.0049834999999999992 0.008709500000000002 -0.019394499999999999 0.23513350000000002 0.0094355000000000012 0.0073740000000000012 -0.032569999999999995 0.00077950000000000014 0.00060450000000000011 0.012320000000000003 0.0021745000000000007 0.00037250000000000011 0.00026450000000000009 0.31883150000000005 7.8500000000000011e-05 4.3500000000000007e-05 0.0046415000000000007 0.00034950000000000009 0.0069425000000000008 1.5000000000000002e-06 0.0030945000000000005 2.3500000000000005e-05 0.00029450000000000006 -0.0035044999999999994 0.0022585000000000005 -0.00088599999999999996 0.007510000000000001 0.013512000000000001 0.0016735000000000003 0.0095995000000000021 1.0500000000000003e-05 0.00036950000000000009 0.0080085000000000017
decision_type=2 2 2 2 2 2 2 2 2 2 2 2 2 2 2 2 2 2 2 2 2 2 2 2 2 2 2 2 2 2 2 2 2 2 2 2 2 2 2 2 2 2 2 2 2 2 2 2 2 2 2 2
left_child=1 6 7 5 -5 10 -1 8 9 -2 -4 12 13 16 -15 -6 17 -12 -18 -20 38 23 33 24 25 26 27 30 -28 -30 31 32 -22 34 -23 -8 -14 -27 39 -3 44 42 -42 -44 45 47 -35 -40 51 -50 -11 -46
right_child=2 20 3 4 15 -7 35 -9 -10 50 11 -13 36 14 -16 -17 18 -19 19 -21 21 22 -24 -25 -26 37 28 -29 29 -31 -32 -33 -34 46 -36 -37 -38 -39 40 -41 41 -43 43 -45 48 -47 -48 -49 49 -51 -52 -53
leaf_value=0.19605733252740415 -181.21889510554405 41.323960266677332 81.163866482829008 -300.0313889713712 330.06158169459013 615.58763914655174 3.6127339454052034 331.67688669206547 -266.4222398018548 339.12286936858726 139.87830004810789 -42.900489474559862 185.96164915405757 748.63313375833172 239.83270850575872 -48.361680106801458 376.88128904778824 599.1483465465634 -254.68753590647034 194.88038178318681 -0.46192852678209317 31.372950771731645 734.97261155695469 -407.17650429936543 477.17232499841714 -58.596654657692291 5.3542916741466264 529.47573250366861 -262.2585524879521 -0.78200212022481963 205.50825059026877 -255.67929170728854 180.69321118054654 34.429018184445965 -16.744589322885595 -4.953485865110701 -46.2692781220182 -257.9329362483893 18.486075079821521 206.24626205550666 -17.933046340934379 -13.437083390781583 -12.821995464597785 50.524976411836548 9.1257077602362209 -54.419577665638023 74.074994214569131 8.3730647462984216 -79.43498670509139 92.756214340737159 116.37609396887177 -37.590220631284545
leaf_weight=9224306.1604175568 35 391 91 35 33 28 316455.28861808777 20 37 26 31 22 30 37 32 21 29 31 21 34 1039.002592086792 1357.0002880096436 20 23 28 136 96 20 44 30 26 24 49 871.00028800964355 492 10715.004985809326 25 21 18325.008441925049 24 852.00374412536621 3559.0011520385742 276 1362.0011520385742 85521.047771453857 134 655 8311.0041217803955 23 138 20 250
leaf_count=2604027 35 391 91 35 33 28 309462 20 37 26 31 22 30 37 32 21 29 31 21 34 976 1350 20 23 28 136 96 20 44 30 26 24 49 864 492 10596 25 21 18122 24 761 3531 276 1334 84373 134 655 8213 23 138 20 250
internal_value=0.447479 0.437217 156.068 195.984 -7.02702 239.947 0.30348 11.4557 -42.8485 59.2922 212.467 253.381 277.53 327.95 512.728 182.884 240.591 369.57 145.35 23.2037 10.7306 25.4079 37.5706 -1.47457 4.69568 -4.21658 5.367 15.6983 -64.9994 -156.269 6.66249 2.01037 7.69817 33.4349 18.569 3.33218 80.4131 -85.2782 10.1233 50.8683 9.98089 0.359155 20.0785 39.8506 10.4973 14.9814 51.4468 15.3306 9.10038 68.1465 242.315 8.98953
internal_weight=9.67621e+06 9.67557e+06 638 500 89 411 9.55148e+06 138 118 81 383 292 270 215 69 54 146 62 84 55 124097 4931 3395 1536 1513 1485 1328 1158 170 74 1138 1112 1088 3375 1849 327170 55 157 119166 415 118751 6049.01 2490 1638 112702 26770 1526 26636 85932 161 46 85771
internal_count=3047147 3046509 638 500 89 411 2924085 138 118 81 383 292 270 215 69 54 146 62 84 55 122424 4854 3381 1473 1450 1422 1265 1095 170 74 1075 1049 1025 3361 1842 320058 55 157 117570 415 117155 5902 2371 1610 111253 26469 1519 26335 84784 161 46 84623
is_linear=0
shrinkage=0.146882


Tree=93
num_leaves=53
num_cat=0
split_feature=1 2 16 2 16 16 0 16 16 16 9 6 16 9 16 16 16 1 16 1 10 13 7 16 16 16 6 6 16 2 16 13 0 16 7 13 16 13 16 9 10 13 16 16 10 16 1 16 0 9 9 16
split_gain=5.18009e+09 3.38284e+09 1.26526e+09 9.90056e+08 6.68848e+08 4.93976e+08 5.73391e+08 4.874e+08 4.13462e+08 4.13369e+08 2.78899e+08 4.71295e+08 3.05329e+08 2.63531e+08 2.59842e+08 2.01105e+08 1.92516e+08 1.7494e+08 2.16393e+08 1.52476e+08 1.44371e+08 4.09698e+08 2.14398e+08 1.94807e+08 1.10579e+08 1.07157e+08 2.87086e+08 1.10346e+08 8.91877e+07 7.73284e+07 7.58558e+07 7.57036e+07 7.56472e+07 7.26553e+07 6.56897e+07 6.34286e+07 1.77279e+08 6.6592e+07 7.99933e+07 5.88865e+07 5.84777e+07 5.74135e+07 5.6721e+07 5.64907e+07 5.53781e+07 7.7975e+07 5.53467e+07 2.87207e+08 8.34406e+07 4.33106e+08 4.38701e+08 2.87944e+08
threshold=0.67893700000000012 0.0022120000000000004 5406.0000000000009 0.00037150000000000003 2008051.0000000002 139028.50000000003 0.92730450000000009 5231.5000000000009 70903.000000000015 15312.500000000002 0.0067845000000000015 0.89377350000000011 34247.000000000007 0.00021150000000000002 5073.0000000000009 93380.000000000015 1502536.0000000002 0.91422250000000005 18975.000000000004 0.91422250000000005 0.00098950000000000015 -0.00039049999999999995 0.010135000000000003 1000490.5000000001 4995.0000000000009 42700.000000000007 0.069059000000000023 0.0022125000000000005 2464782.0000000005 0.90392850000000002 50628.000000000007 -0.0030989999999999998 0.0022810000000000005 74482.000000000015 0.0016285000000000004 6.7500000000000014e-05 121452.00000000001 -0.0017764999999999999 218354.00000000003 0.0022595000000000007 0.0017205000000000005 0.0020070000000000005 73256.500000000015 47053.000000000007 0.0013715000000000001 1595985.0000000002 0.57152900000000006 2617.5000000000005 0.23513350000000002 0.0020215000000000003 0.00035150000000000009 2518.5000000000005
decision_type=2 2 2 2 2 2 2 2 2 2 2 2 2 2 2 2 2 2 2 2 2 2 2 2 2 2 2 2 2 2 2 2 2 2 2 2 2 2 2 2 2 2 2 2 2 2 2 2 2 2 2 2
left_child=1 3 7 44 20 6 15 14 9 13 11 -11 -13 -8 24 17 35 18 -4 -17 25 22 31 -23 -2 32 27 41 -6 -7 -14 -22 -3 -19 -29 37 40 38 -5 -39 -37 -27 -24 -33 -1 -46 48 -48 -34 50 -50 -51
right_child=2 4 5 16 28 29 8 -9 -10 10 -12 12 30 -15 -16 19 -18 33 -20 -21 21 23 42 -25 -26 26 -28 34 -30 -31 -32 43 46 -35 -36 36 -38 39 -40 -41 -42 -43 -44 -45 45 -47 47 -49 49 51 -52 -53
leaf_value=0.080080440678908127 38.134809557542781 -16.814103354157265 245.72096087459806 -0.34023859440421939 2.7225364825684348 94.581374836733389 121.20151378507266 -127.28591499826942 -49.073426204239297 316.08797931895595 60.090584045734531 17.67888631225118 235.12083417246319 -63.821698722507861 148.167773306275 214.43096063346735 0.85399637421134433 299.20726285407488 95.357644993120857 105.2815842792082 5.4985948460889151 11.193600079629176 -3.0320760501403421 6.6640598955282035 -73.149228003178564 0.3276640212699331 159.19935431018837 38.046818048464019 -2.2347527660528943 15.516047254929259 133.98882993792904 15.927819044832802 4.1583938198459602 221.23212903360542 13.249261299134638 18.164552199052281 3.7054380219786562 2.0453136305774584 8.2865970496425341 3.855270469271094 5.1043153649514537 9.3363152027667677 30.804365530244183 -1.4849653973688905 1.4263424026831808 -0.10165188118874972 32.991313056108659 -126.62801128839649 37.165623501132508 61.0357784192407 246.85908620349264 -135.67213096050165
leaf_weight=9023565.7696228027 49 290 35 2320.0011520385742 17597.006048202515 35 25 34 23 35 31 23 29 24 29 36 93020.09073638916 50 27 47 3850.0031681060791 29841.003456115723 94 30624.00489616394 20 1463.0005760192871 21 172 8600.0086212158203 45 20 305 1415.0005760192871 31 14867.007200241089 1862.0002880096436 47865.023040771484 123656.09677124023 6516.0014400482178 37226.012384414673 772.00028800964355 4890.0011520385742 489 10691.003456115723 116488.70418357849 97782.823143005371 47 29 57 20 22 29
leaf_count=2415208 49 290 35 2292 17450 35 25 34 23 35 31 23 29 24 29 36 90843 50 27 47 3773 29757 94 30505 20 1449 21 172 8397 45 20 305 1401 31 14692 1855 47305 121304 6481 36925 765 4862 489 10607 99373 78035 47 29 57 20 22 29
internal_value=0.262965 0.255411 113.058 0.169931 6.76528 141.257 157.978 2.83767 110.505 130.137 165.481 196.009 137.6 30.5868 47.991 202.083 2.37584 230.766 180.268 152.647 8.26242 7.41876 1.61583 8.89951 5.87056 11.0078 11.8153 11.6705 1.09514 50.1207 193.873 0.683827 1.95043 269.393 13.5329 3.01867 4.25997 2.64932 6.0215 2.46412 14.3368 7.26179 25.3482 -1.00195 0.0951331 0.729041 5.31177 -27.9221 6.94904 37.7942 95.5868 -55.3739
internal_weight=9.67714e+06 9.67649e+06 648 9.55107e+06 125413 516 436 132 210 187 138 107 72 49 98 226 313237 143 62 83 99216 75894 15429 60465 69 23322 21413 21392 26197 80 49 14846 1909 81 15039 220217 50499 169718 8836 160882 2634 6353 583 10996 9.23784e+06 214272 1619 76 1543 128 79 49
internal_count=3025502 3024854 648 2900386 124468 516 436 132 210 187 138 107 72 49 98 226 307770 143 62 83 98621 75530 15268 60262 69 23091 21196 21175 25847 80 49 14685 1895 81 14864 216927 49925 167002 8773 158229 2620 6311 583 10912 2592616 177408 1605 76 1529 128 79 49
is_linear=0
shrinkage=0.0398966


Tree=94
num_leaves=53
num_cat=0
split_feature=5 8 11 14 8 11 9 9 4 9 11 8 4 4 3 11 4 9 11 3 3 9 8 14 2 9 9 11 2 8 14 14 14 14 8 14 13 13 11 4 2 11 3 14 3 13 14 13 11 11 14 11
split_gain=6.4182e+09 4.96592e+09 2.31462e+09 1.15329e+09 8.65165e+08 4.60281e+08 4.82344e+08 9.03126e+08 1.04269e+09 4.03239e+08 6.90475e+08 1.45133e+09 1.66083e+09 1.30318e+09 1.07377e+09 8.70372e+08 3.69276e+08 3.48559e+08 3.01015e+08 3.06482e+08 2.90107e+08 2.48066e+08 6.23775e+08 2.95246e+08 2.45564e+08 2.40606e+08 2.07151e+08 2.02572e+08 2.62845e+08 1.70633e+08 1.67397e+08 1.58121e+08 1.46285e+08 1.32286e+08 1.28372e+08 1.46184e+08 1.96759e+08 1.0689e+08 1.30766e+08 1.05466e+08 1.01445e+08 9.96711e+07 8.95837e+07 1.10656e+08 8.22162e+07 7.38692e+07 7.12785e+07 6.93175e+07 6.67138e+07 5.83091e+08 2.20755e+08 6.65308e+07
threshold=0.67893700000000012 0.0019420000000000004 0.94009900000000013 0.0087735000000000018 0.00080350000000000007 0.22499750000000004 0.00037250000000000011 0.0037045000000000008 0.23513350000000002 0.00018050000000000002 0.00037550000000000002 0.96228150000000012 0.92730450000000009 0.92730450000000009 0.90078350000000007 0.00040850000000000006 0.95752500000000007 0.00032650000000000008 0.28534100000000007 0.75452300000000017 0.0027465000000000002 0.0074250000000000002 0.92513900000000004 0.046726000000000011 0.91595400000000005 0.0013425000000000002 0.0079260000000000008 0.94009900000000013 0.17539850000000004 0.95254850000000013 1.5000000000000002e-06 0.21783400000000003 1.3500000000000001e-05 0.00069950000000000014 0.0034015000000000004 0.00019300000000000003 -0.0091999999999999981 -0.0022314999999999995 0.00020950000000000002 0.71441150000000009 6.6500000000000017e-05 6.2500000000000015e-05 0.00075350000000000015 1.0000000180025095e-35 0.0036245000000000006 -0.00014249999999999997 0.00019300000000000003 -0.0007654999999999998 0.00016750000000000003 0.00041650000000000004 0.012320000000000003 0.0037610000000000005
decision_type=2 2 2 2 2 2 2 2 2 2 2 2 2 2 2 2 2 2 2 2 2 2 2 2 2 2 2 2 2 2 2 2 2 2 2 2 2 2 2 2 2 2 2 2 2 2 2 2 2 2 2 2
left_child=1 4 3 -2 33 20 27 8 25 10 13 12 15 -5 -13 -12 29 -11 -19 26 32 22 -21 -23 -24 -8 -20 28 -7 -4 41 34 37 40 44 36 -36 38 -3 -9 -1 -6 -43 47 -22 46 -32 -44 -37 -50 -51 -34
right_child=2 5 16 9 30 6 7 39 -10 17 11 14 -14 -15 -16 -17 -18 18 19 21 31 23 24 -25 -26 -27 -28 -29 -30 -31 45 -33 51 -35 35 48 -38 -39 -40 -41 -42 42 43 -45 -46 -47 -48 -49 49 50 -52 -53
leaf_value=-0.059988598020443339 -34.679129251077853 18.40342736590496 -95.076998480287671 104.02571816115318 -0.97260481603025439 13.976840166876714 158.61371059040263 -46.355359918197188 342.22659397112545 297.81981059099149 -39.380996808169954 369.08477416671394 -224.59890056445116 407.41693374863445 97.041994763579254 210.03351306923437 98.959907764750469 63.863265360521574 316.55442051453366 120.37182734988488 5.7531458555514092 186.41400305432305 352.87613980727815 24.648848049907688 203.25509811034223 5.6905743922078322 175.94398889883871 77.088369592254423 -106.78343338979379 -11.861134755907589 -0.19222786316442736 -46.542634229652954 -0.84128138766849081 16.665817250990148 16.578584650710212 -4.1092535642724259 7.554677893489937 3.9188478310791184 5.1652250087909337 40.785609757464584 0.4589062964456862 6.6550288250652914 9.0285066698206773 3.2343638694342745 -0.39654084900447917 5.3934736148185403 34.61453643497731 1.5678303848591464 156.40143261271865 6.5973339073205235 -85.632517248477257 8.2700328343770568
leaf_weight=8871886.843832016 39 1193.0002880096436 37 46 9153.0858268737793 69 20 26 24 21 29 22 26 21 45 28 24 28 23 69 50105.017421722412 20 21 27 24 22 20 30 25 78 44225.033876419067 57 8603.0043201446533 483 2582 1518.0054721832275 52743.014957427979 31275.01699256897 2095.0023040771484 31 401170.64107513428 4995.0046081542969 1284.0005760192871 78471.046709060669 2317.00124168396 2597.0008640289307 60 105967.0884513855 26 469.00028800964355 28 902.00028800964355
leaf_count=2284397 39 1186 37 46 7067 69 20 26 24 21 29 22 26 21 45 28 24 28 23 69 49699 20 21 27 24 22 20 30 25 78 43406 57 8498 483 2582 1385 52386 30862 2039 31 361416 4883 1270 77351 2289 2576 60 103839 26 462 28 895
internal_value=0.111707 0.104979 100.555 132.079 0.0129613 5.78763 49.3214 94.1013 174.463 145.918 113.985 75.9259 -13.2709 199.165 186.409 83.1444 -14.8718 173.302 162.017 175.487 5.71777 155.25 180.69 93.5175 273.132 78.5419 251.201 4.89918 -18.1475 -38.6417 1.87823 6.59545 3.53002 -0.0366701 6.62305 7.66636 7.97583 4.49437 9.96857 1.03929 -0.0375402 2.28085 2.437 2.32355 5.48133 0.161746 -0.145057 1.65715 -0.722108 9.10861 1.399 0.0233566
internal_weight=9.6751e+06 9.67445e+06 648 509 9.52029e+06 154160 247 123 66 470 217 150 83 67 67 57 139 253 232 204 153913 161 114 47 45 42 43 124 94 115 246752 109845 44068 9.27354e+06 109788 57366 55325 34563 3288 57 9.27306e+06 199870 190717 185722 52422 46882 44285 107251 2041.01 523 497 9505
internal_count=3040037 3039389 648 509 2886748 152641 247 123 66 470 217 150 83 67 67 57 139 253 232 204 152394 161 114 47 45 42 43 124 94 115 240452 108914 43480 2646296 108857 56869 54968 34087 3225 57 2645813 194410 187343 182460 51988 46042 43466 105109 1901 516 490 9393
is_linear=0
shrinkage=0.0319172


Tree=95
num_leaves=53
num_cat=0
split_feature=5 3 11 2 12 4 5 12 3 6 11 11 11 11 6 11 15 2 11 4 2 6 4 15 12 2 11 3 6 15 11 6 11 11 10 11 15 10 4 6 4 5 12 10 3 10 4 10 6 2 4 12
split_gain=3.53788e+09 3.05613e+09 7.98113e+08 6.59549e+08 5.14029e+08 2.90163e+08 1.65183e+08 8.60034e+08 1.72361e+08 1.6964e+08 1.56116e+08 5.28094e+08 4.78315e+08 6.06369e+08 4.65367e+08 3.35288e+08 5.43599e+08 4.54149e+08 2.05029e+08 1.39653e+08 1.55382e+08 1.49733e+08 1.24842e+08 1.19782e+08 9.78375e+07 1.01189e+08 9.69768e+07 8.67006e+07 1.04349e+08 1.27477e+08 1.2328e+08 7.99732e+07 7.8894e+07 1.19641e+08 7.07617e+07 7.23986e+07 6.86147e+07 1.43559e+08 8.20476e+07 6.2609e+07 1.13295e+08 5.73555e+07 5.62296e+07 5.42852e+07 5.41422e+07 5.36299e+07 5.33892e+07 4.83857e+07 1.43471e+08 4.17687e+07 4.13121e+07 4.01265e+07
threshold=0.67893700000000012 0.0023025000000000003 0.94009900000000013 0.00037150000000000003 -0.0066269999999999992 0.95752500000000007 0.19902250000000002 -0.032569999999999995 0.31883150000000005 0.49003550000000001 0.00037650000000000004 0.00036750000000000004 0.00040950000000000009 0.041046000000000006 0.89377350000000011 0.91575650000000008 0.044856500000000007 0.90392850000000002 0.00038950000000000003 0.91397700000000015 0.90392850000000002 0.89377350000000011 0.95752500000000007 0.037011000000000009 -0.0033639999999999994 0.91595400000000005 0.22499750000000004 0.12940850000000001 0.0047610000000000005 6.5000000000000013e-06 4.5500000000000008e-05 0.9135660000000001 0.00042150000000000005 0.94009900000000013 0.0036920000000000004 4.7500000000000009e-05 0.00010350000000000001 0.0055970000000000013 0.17083400000000001 0.0016000000000000001 0.00016350000000000004 0.0018095000000000001 3.2500000000000011e-05 0.0018515000000000003 0.0053095000000000009 0.0004925000000000001 1.0000000180025095e-35 0.00015350000000000002 0.0023785000000000004 6.6500000000000017e-05 0.00091450000000000006 -0.00087599999999999993
decision_type=2 2 2 2 2 2 2 2 2 2 2 2 2 2 2 2 2 2 2 2 2 2 2 2 2 2 2 2 2 2 2 2 2 2 2 2 2 2 2 2 2 2 2 2 2 2 2 2 2 2 2 2
left_child=1 3 4 49 10 19 27 8 26 -10 11 -2 18 14 -14 17 -17 -15 -12 21 -21 -6 23 -4 25 -22 -8 28 29 43 -30 -19 -11 -34 35 39 37 44 -38 -5 -41 -31 -37 46 -32 -43 -3 48 -44 -1 -45 -48
right_child=2 6 22 34 5 -7 7 -9 9 32 12 -13 13 15 -16 16 -18 31 -20 20 24 -23 -24 -25 -26 -27 -28 -29 30 41 36 -33 33 -35 -36 42 38 -39 -40 40 -42 45 47 50 -46 -47 51 -49 -50 -51 -52 -53
leaf_value=0.028519780846999562 10.721370744321105 -0.87045808710219574 23.970072939510196 -1.1416270922374974 147.98571903970736 58.360901490532505 4.9039694544913992 239.51471901515535 95.13591111741836 -28.307953488573336 19.99540071663057 222.55428823302475 306.86359076978579 -119.00227898602664 82.330793907842079 249.56276814281034 24.938664723622896 17.998205701724586 -109.37307995411939 229.16745966945831 65.681637062219437 36.71222607233004 75.424036946499783 -43.410549842321089 198.48927604188137 155.75153998957768 -96.331231385574455 -15.21370913217144 -7.2691844898836502 5.6995716460129531 4.7195826701212615 91.024387785394026 89.291830158058119 4.0152485372659177 -0.45000073062692303 2.1668503464300235 0.04130318878656463 24.706019090016056 50.557995062245865 43.581750895143543 -0.28448765447589758 7.9034402199948746 2.8636419698842777 3.5014839943700387 10.933071067739236 -2.1497350540507703 7.0695123058974794 1.0772876518972905 24.94289595884781 0.38982678777801327 5.8616592087099395 5.3853076229163452
leaf_weight=8876427.6879463196 25 1265.0046081542969 62 12011.048097610474 38 45 20 20 33 38 36 26 20 22 20 20 28 33 21 36 21 20 24 53 28 38 21 224 505.00028800964355 1912.0008640289307 2141.0014400482178 32 25 62 17674.011987686157 175083.08299827576 1059 702 36 96 190.00028800964355 654.00057601928711 4060.0023937225342 24803.007488250732 5233.0023040771484 4751.002592086792 23128.009305953979 105860.11703491211 346 360725.53653335571 11885.003456115723 45435.012851715088
leaf_count=2292291 25 1153 62 10842 38 45 20 20 33 38 36 26 20 22 20 20 28 33 21 36 21 20 24 53 28 38 21 224 498 1891 2106 32 25 62 17387 173081 1059 702 36 96 183 640 4004 24621 5177 4688 22904 103046 346 323477 11801 45127
internal_value=0.164944 0.159794 77.0688 0.0931609 96.1587 133.173 5.29489 33.8544 13.1714 28.7756 66.5961 118.734 55.1288 82.0997 194.635 48.7426 118.562 10.2087 -27.6712 151.77 171.631 109.63 7.16906 -7.08316 147.799 123.71 -46.9494 5.24434 5.28145 5.00251 8.56295 53.957 11.2487 28.5292 1.57346 1.69361 9.43478 10.4831 1.70284 -0.779202 14.4403 0.799946 1.80017 5.2912 9.12904 -0.933267 5.82981 1.21795 4.5976 0.0426294 4.26606 5.95343
internal_weight=9.67707e+06 9.67643e+06 648 9.55247e+06 509 226 123952 219 199 158 283 51 232 175 40 135 48 87 57 181 123 58 139 115 87 59 41 123733 123509 113833 9676 65 125 87 315320 297646 9171 8076 1095 12297 286 7317 285349 106516 7374 5405 69828 110266 4406 9.23715e+06 36688 68563
internal_count=3048247 3047599 648 2924753 509 226 122846 219 199 158 283 51 232 175 40 135 48 87 57 181 123 58 139 115 87 59 41 122627 122403 112825 9578 65 125 87 308985 291598 9080 7985 1095 11121 279 7219 280477 105606 7283 5328 69184 107396 4350 2615768 36422 68031
is_linear=0
shrinkage=0.0329147


Tree=96
num_leaves=53
num_cat=0
split_feature=1 3 3 9 9 9 0 7 0 9 9 1 9 9 3 9 0 9 1 9 9 13 9 9 9 0 9 0 0 9 9 3 9 3 7 10 3 10 10 4 7 10 4 1 13 5 10 13 3 0 1 3
split_gain=6.41361e+08 5.24142e+08 1.23644e+08 1.0239e+08 1.69667e+08 1.20196e+08 7.11441e+07 1.13409e+08 4.92095e+07 2.47771e+08 2.57667e+08 1.62455e+08 1.14422e+08 1.47407e+08 2.31664e+08 9.23722e+07 1.57102e+08 8.01093e+07 5.78184e+07 5.3044e+07 1.15605e+08 3.21867e+07 5.04708e+07 9.35674e+07 1.86441e+08 1.13501e+08 8.39259e+07 1.42645e+08 5.87343e+07 4.16884e+08 1.54123e+08 4.83867e+07 4.11174e+07 4.76877e+07 4.0586e+07 6.78982e+07 4.061e+07 3.28097e+07 3.42169e+07 3.15179e+07 3.04479e+07 2.91565e+07 3.54578e+07 5.6981e+07 3.35671e+07 4.39916e+07 3.78298e+07 3.27695e+07 2.83174e+07 7.48337e+07 6.60087e+07 2.51684e+07
threshold=0.67893700000000012 0.0022460000000000002 0.0008225000000000001 0.010637000000000002 0.0096205000000000023 0.0089820000000000021 0.95752500000000007 0.88436850000000011 0.92730450000000009 0.00039350000000000008 0.00020650000000000003 0.92514000000000018 0.00077150000000000016 0.00036950000000000009 0.75452300000000017 0.006026000000000001 0.91397700000000015 0.00036050000000000009 0.92514000000000018 0.00034950000000000009 0.00018650000000000003 -0.0069169999999999995 0.00077650000000000017 0.0003765000000000001 0.00037050000000000012 0.15452350000000001 0.00093850000000000021 0.10952100000000002 0.23513350000000002 0.0056605000000000006 0.0089820000000000021 0.11237600000000002 0.00036250000000000008 0.0088785000000000027 0.00052450000000000012 0.00098450000000000035 0.0028345000000000006 9.1500000000000015e-05 0.22684000000000001 0.0071520000000000012 0.93469650000000015 0.0011035000000000003 0.00056550000000000014 0.0035135000000000006 -0.00029249999999999995 0.0005235000000000002 0.00030650000000000008 -0.00075449999999999985 0.31883150000000005 0.23513350000000002 0.57152900000000006 0.00049350000000000012
decision_type=2 2 2 2 2 2 2 2 2 2 2 2 2 2 2 2 2 2 2 2 2 2 2 2 2 2 2 2 2 2 2 2 2 2 2 2 2 2 2 2 2 2 2 2 2 2 2 2 2 2 2 2
left_child=1 2 41 4 5 6 8 -8 11 10 18 12 13 17 -15 -14 -17 19 -10 20 -2 22 23 24 32 -25 27 -24 31 -30 -31 -28 37 -34 -23 36 -36 48 -39 -38 -9 42 51 44 45 46 -44 -43 49 -3 -50 -1
right_child=3 21 -4 -5 -6 -7 7 40 9 -11 -12 -13 15 14 -16 16 -18 -19 -20 -21 -22 34 26 25 -26 -27 28 -29 29 30 -32 -33 33 -35 35 -37 39 38 -40 -41 -42 47 43 -45 -46 -47 -48 -49 50 -51 -52 -53
leaf_value=0.10449990930617578 93.928793023412041 10.225576043426679 4.4684921211494251 -159.64747062776726 725.08628748674255 -213.05862620563136 767.16339332026507 353.72960313527489 260.20584683587492 -344.00057068643184 811.95367230237241 740.96767364439756 689.36549936728488 -673.57069413871011 147.07139784519558 16.551076073928108 617.41370213665186 519.21709330748138 -112.75326264886023 -96.76440375438446 451.21794729143636 14.908255572421735 -23.309743631905427 -51.358242773829062 561.58166007402667 -454.11849229329721 45.573885670883357 686.6771567894026 897.78027291842636 -235.81639245023868 348.9341079037498 -120.98752953634455 34.185913871702404 -381.2807491874272 34.119216721014396 1.5728462227019864 9.5665981865110492 61.735347412574214 -6.0090074499589123 37.771934121191585 56.890348388999485 -31.529072129849364 52.432146545864335 292.14955281513801 -1.3164674186880145 29.44722727403153 255.51134671053143 2.0207361934387085 336.23243983761796 -291.70464870383177 -77.982731287163574 -8.88727163252039
leaf_weight=8956501.235912323 121 3196.0048961639404 248258.17854118347 29 22 26 20 31 27 36 22 20 24 20 33 40 26 24 34 27 45 69451.032110214233 21 163 23 30 1471.0008640289307 20 23 47 25 66 20 20 3648.0018177032471 27861.008640289307 16172.010746002197 1055.0005760192871 363 1575.0011520385742 21 1058.0002880096436 73 28 1368.0048961639404 1110.0002880096436 61 331690.09630203247 30 30 26 11291.024570465088
leaf_count=2407093 121 3077 243960 29 22 26 20 31 27 36 22 20 24 20 33 40 26 24 34 27 45 68688 21 163 23 30 1450 20 23 47 25 66 20 20 3606 27651 15913 1041 363 1547 21 1051 73 28 1249 1103 61 257088 30 30 26 10696
internal_value=0.449576 0.436896 0.276433 189.793 206.173 187.035 205.26 382.125 179.731 72.9092 253.771 213.179 183.833 121.87 -162.648 369.676 253.333 191.37 52.3435 150.571 190.811 12.6652 25.5723 15.9229 21.1875 -113.989 54.1565 323.035 47.3982 192.623 -32.7282 38.4201 18.5636 -173.551 11.9444 7.76541 15.8294 20.1993 44.3926 12.0698 233.905 0.164567 0.0996713 22.1542 19.2583 41.8845 144.893 1.91406 9.74618 7.41639 143.912 0.0931786
internal_weight=9.67742e+06 9.67677e+06 9.55144e+06 648 619 597 571 72 499 119 83 380 360 270 53 90 66 217 61 193 166 125336 6629.01 4956.01 4763.01 193 1673 41 1632 95 72 1537 4740.01 40 118707 49256 21395 4700.01 1418 17747 52 9.30318e+06 8.97043e+06 2640.01 2612.01 1244 134 332748 3282 3226 56 8.96779e+06
internal_count=3046930 3046282 2922402 648 619 597 571 72 499 119 83 380 360 270 53 90 66 217 61 193 166 123880 6475 4823 4630 193 1652 41 1611 95 72 1516 4607 40 117405 48717 21066 4567 1404 17460 52 2678442 2420303 2514 2486 1237 134 258139 3163 3107 56 2417789
is_linear=0
shrinkage=0.190332


Tree=97
num_leaves=53
num_cat=0
split_feature=1 8 12 16 8 6 0 16 0 12 8 16 8 16 16 15 8 0 8 16 0 6 16 16 15 16 16 15 6 16 16 0 15 0 16 8 8 16 16 6 1 16 6 16 16 16 12 16 8 16 0 0
split_gain=1.12273e+10 8.56845e+09 3.79226e+09 2.37201e+09 2.0691e+09 1.67102e+09 7.25981e+08 7.14308e+08 8.35219e+08 7.72003e+08 6.94393e+08 5.43186e+08 4.99064e+08 4.01923e+08 6.70264e+08 4.01005e+08 3.99301e+08 1.19602e+09 4.65195e+08 4.45578e+08 3.41331e+08 2.70426e+08 2.6424e+08 2.54862e+08 2.54822e+08 2.49661e+08 2.48169e+08 2.4545e+08 3.02047e+08 2.91223e+08 1.14441e+09 3.90494e+08 2.041e+08 1.88976e+08 1.15391e+09 1.55872e+08 1.4844e+08 1.36276e+08 1.57086e+08 2.44391e+08 3.00498e+08 1.35683e+08 1.34156e+08 1.33853e+08 1.31089e+08 1.25248e+08 1.14521e+08 1.1371e+08 1.06017e+08 1.16292e+08 1.05971e+08 1.05327e+08
threshold=0.67893700000000012 0.0023095000000000004 -0.0090079999999999986 2052539.5000000002 0.00080350000000000007 0.89377350000000011 0.91397700000000015 94653.500000000015 0.92730450000000009 -0.0037269999999999998 0.96228150000000012 1657776.5000000002 0.0032155000000000005 5406.0000000000009 5217.5000000000009 0.00023350000000000001 0.92513900000000004 0.92730450000000009 0.96228150000000012 15860.500000000002 1.0000000180025095e-35 0.00093750000000000007 1540345.0000000002 2447024.0000000005 7.3500000000000011e-05 1619850.0000000002 142209.50000000003 1.4500000000000002e-05 0.011983000000000002 2654.5000000000005 2803.5000000000005 0.71441150000000009 0.00019850000000000003 0.23513350000000002 19373.500000000004 0.95254850000000013 0.0055295000000000006 29877.000000000004 134974.50000000003 0.00046650000000000006 0.00085450000000000012 42457.500000000007 0.9135660000000001 218354.00000000003 165714.00000000003 4937.0000000000009 -0.00044549999999999993 517640.50000000006 0.010004000000000001 340521.50000000006 8.1500000000000016e-05 0.0022810000000000005
decision_type=2 2 2 2 2 2 2 2 2 2 2 2 2 2 2 2 2 2 2 2 2 2 2 2 2 2 2 2 2 2 2 2 2 2 2 2 2 2 2 2 2 2 2 2 2 2 2 2 2 2 2 2
left_child=1 4 13 12 -1 6 -4 8 -7 10 -10 37 21 14 24 -11 42 -18 19 -19 -14 22 47 36 -2 27 32 41 -29 31 -31 -30 -9 44 -35 -26 -5 46 39 40 -39 51 -15 -23 -32 -37 -6 -3 50 -50 -43 -22
right_child=2 3 5 23 11 7 -8 26 9 15 -12 -13 20 16 -16 -17 17 18 -20 -21 25 43 -24 -25 35 -27 -28 28 29 30 33 -33 -34 34 -36 45 -38 38 -40 -41 -42 48 -44 -45 -46 -47 -48 -49 49 -51 -52 -53
leaf_value=-0.080834033066007088 202.5157717884471 17.940892971046864 347.75159657003104 1.7564772442795769 -1.0140393422782825 373.81549644091706 628.58605532573097 80.215543320952435 -111.10255116490936 400.77417212910223 203.91490589712407 0.3010902599924466 -1.9015325524104725 7.4036429799570085 -134.28846902848468 169.4286886573523 362.458585545049 -83.55339838420177 199.8959962897878 152.66463288084205 -22.205255385544334 0.13439230879449951 5.6928945811273595 -6.0064401369333016 127.33372521463887 10.369822843404927 -8.0619303753108564 2.750621568593977 -159.90724975390492 323.23529067353377 7.9237159229099836 34.717634658673688 246.48422351321921 -94.210134572386423 313.46910359414221 81.335697210367755 26.685697978369053 0.48013116322486066 4.5856929491393688 6.1981092141174425 26.679088164839559 29.954960225826408 117.04727483829599 8.1890725572964342 33.788065017401415 -49.866992771456701 8.8514414335918055 12.309524417569945 8.5089102274630122 40.628878338003261 18.347623402665878 10.672297608469753
leaf_weight=9277241.1448421478 21 9130.0017280578613 39 15699.013914108276 11366.107427597046 75 26 25 20 30 29 63672.096292495728 1805.0086402893066 58 35 22 35.000288009643555 35 34 22 188 4741.0011520385742 8002.0011520385742 9834.0049476623535 24 9933.0011520385742 20 3653.002592086792 33 22 638 37 25 24 23 20 415 1076.0086402893066 170457.06077003479 12819.012096405029 2381 1382 28 13262.00527381897 691 32 2415.0028800964355 18110.001152038574 257 741 36430.005760192871 1344.0011520385742
leaf_count=2852207 21 9088 39 15363 8755 75 26 25 20 30 29 61397 1595 58 35 22 28 35 34 22 188 4713 7974 9729 24 9905 20 3590 33 22 638 37 25 24 23 20 415 866 168980 12525 2381 1382 28 13136 691 32 2345 18082 257 741 36290 1316
internal_value=0.179307 0.167778 170.51 10.4071 0.021408 274.628 460.154 225.59 269.804 192.54 75.3407 3.61177 13.037 76.3795 20.0164 302.937 111.469 158.116 79.488 7.63359 15.7053 10.1704 12.2661 -0.786849 75.704 16.279 114.401 17.5701 9.08497 24.8472 28.948 -57.037 163.38 24.2398 105.306 40.6398 2.39853 4.66305 4.95444 8.81626 18.5246 18.6472 43.1168 6.06792 21.3719 0.60283 0.714784 14.197 19.1212 32.3577 18.7719 6.63747
internal_weight=9.67848e+06 9.67782e+06 655 136394 9.54143e+06 311 65 246 176 101 49 264186 110446 344 132 52 212 126 91 57 57201 53245 35242 25948 97 55396 70 45463 5121 1468 1398 70 50 1376 47 76 16114 200514 186733 16276 3457.01 40342 86 18003 1329 52 13781.1 27240 38810 998 37812 1532
internal_count=3245336 3244688 648 135232 3109456 311 65 246 176 101 49 257249 109725 337 132 52 205 119 91 57 56732 52993 35144 25507 97 55137 70 45232 5058 1468 1398 70 50 1376 47 76 15778 195852 184752 15772 3247 40174 86 17849 1329 52 11100 27170 38670 998 37672 1504
is_linear=0
shrinkage=0.0411433


Tree=98
num_leaves=53
num_cat=0
split_feature=8 16 0 16 3 0 16 16 16 16 16 8 8 16 8 0 16 15 14 16 15 15 15 8 0 16 0 16 8 16 14 14 12 14 16 8 12 3 14 3 0 16 16 3 15 16 12 16 0 8 10 8
split_gain=5.41401e+08 4.88551e+08 4.04301e+08 1.81035e+08 2.30981e+08 5.10589e+08 2.20986e+08 1.91954e+08 1.85955e+08 1.60186e+08 1.32064e+08 1.1969e+08 1.06569e+08 1.17624e+08 8.62204e+07 2.94161e+08 1.29058e+08 1.72992e+08 1.09502e+08 9.40553e+07 9.027e+07 7.89628e+07 6.16001e+07 8.92794e+07 1.91179e+08 6.61921e+07 6.54082e+07 5.52658e+07 5.3013e+07 5.72086e+07 5.83781e+07 5.47813e+07 7.44783e+07 5.06315e+07 5.18952e+07 4.70964e+07 4.01122e+07 4.18355e+07 5.96999e+07 1.4779e+08 4.97921e+07 8.05698e+07 3.14894e+08 6.50062e+07 4.62246e+07 3.953e+07 1.3869e+08 1.04897e+08 7.09934e+07 3.94367e+07 3.91271e+07 3.684e+07
threshold=0.0025835000000000003 1502759.0000000002 0.8177930000000001 5406.0000000000009 0.75452300000000017 0.91397700000000015 5231.5000000000009 5107.0000000000009 12669.500000000002 158068.50000000003 2397936.5000000005 0.95254850000000013 0.00088150000000000001 1459400.5000000002 0.96647850000000013 0.95752500000000007 28913.500000000004 0.050302500000000007 0.014463000000000002 15943.000000000002 0.00012050000000000002 0.053738500000000008 6.5000000000000013e-06 0.92074100000000014 0.71441150000000009 9925.0000000000018 1.0000000180025095e-35 4915.5000000000009 0.0036425000000000003 428486.50000000006 6.5000000000000021e-05 0.00015450000000000004 -0.0026924999999999996 1.5000000000000002e-06 2233179.0000000005 0.0055660000000000006 0.013289000000000002 0.48583150000000003 0.21783400000000003 0.31883150000000005 0.23513350000000002 10459.500000000002 9558.5000000000018 0.11237600000000002 0.0012285000000000002 210099.00000000003 0.0016435000000000002 231380.50000000003 0.0016315000000000004 0.0029525000000000007 7.6500000000000016e-05 0.0053820000000000005
decision_type=2 2 2 2 2 2 2 2 2 2 2 2 2 2 2 2 2 2 2 2 2 2 2 2 2 2 2 2 2 2 2 2 2 2 2 2 2 2 2 2 2 2 2 2 2 2 2 2 2 2 2 2
left_child=12 2 22 6 5 -5 7 11 -6 14 35 -4 -1 -14 15 16 17 19 -18 -10 -16 -20 23 25 -25 -2 -27 -13 29 45 -31 -30 -33 34 -15 -3 37 38 39 40 41 42 -24 -43 -45 48 49 -48 -28 -47 -50 -12
right_child=1 10 3 4 8 -7 -8 -9 9 -11 51 27 13 33 20 -17 18 -19 21 -21 -22 -23 36 24 -26 26 28 -29 31 30 -32 32 -34 -35 -36 -37 -38 -39 -40 -41 -42 43 -44 44 -46 46 47 -49 50 -51 -52 -53
leaf_value=0.057543226905849038 -21.310850119743016 2.2938430227426592 -450.21898867804521 1333.7890602296184 -420.81614350519857 45.942419465950195 -483.00153044665507 599.86572370057297 560.02775631665418 -145.04104150588159 -25.169355152644673 -102.56792826520568 7.1585658504610752 4.1600112132619564 227.87880412130019 1039.1577119768751 148.35660060956155 -470.90521778759353 512.58833977353083 -11.434546864791626 -323.66056208116356 136.76018895025169 -21.556256756537501 729.01410458376301 -39.223907024896867 -14.992992768697018 -31.003933102757628 338.13796744338083 37.935009130110913 18.051286807751179 137.34554499328868 -10.805414711571078 -407.42274530638031 -13.860157962692647 -7.9060998104590681 47.579271775370458 116.11135982998641 -241.63187469663978 248.23525622718267 -452.57760165180332 299.69854136742617 7.2244859855785108 756.62652399123647 -321.1113741793701 -62.791086421004927 34.348709175699085 -407.26391408262822 -34.665814205245134 -110.91749625093094 67.927462456875375 40.982048759907642 21.785064504128261
leaf_weight=9286123.9690666199 1302.0005760192871 35238.01699256897 22 25 20 28 34 27 21 45 10633.007827758789 23 184473.15446281433 44507.03888130188 35 22 90 22 120 30 20 30 87 24 33 1638.0074882507324 914 26 18823.006912231445 32699.016128540039 177 614.00086402893066 21 13547.007001876831 23311.048162460327 1014 146.00028800964355 29 44 30 25 10237.003744125366 30 39 125 2555.0008640289307 35 439 75 3640.0005760192871 2433.0014400482178 769
leaf_count=2670633 1288 34825 22 25 20 28 34 27 21 45 10458 23 180721 43562 35 22 90 22 120 30 20 30 87 24 33 1456 914 26 18655 32307 177 593 21 13379 22184 1014 139 29 44 30 25 10146 30 39 125 2534 35 439 75 3626 2398 769
internal_value=0.351545 13.9245 24.1433 188.114 244.28 653.536 -28.0253 129.849 196.592 224.994 -2.5558 -48.9399 0.174624 4.26443 267.698 307.166 255.677 14.4661 329.04 223.908 27.2894 437.433 22.7663 25.1585 284.287 24.9324 25.8723 131.263 26.9446 22.8818 18.6936 35.916 -23.9307 -2.29722 0.012525 3.56055 8.26478 6.78554 7.46446 6.4621 7.76893 7.07461 178.005 5.15135 -124.241 36.5265 45.8148 -62.1891 18.4246 54.0788 36.4385 -22.0024
internal_weight=9.67647e+06 124508 76854 640 508 53 132 98 455 435 47654 71 9.55196e+06 265838 390 335 313 73 240 51 55 150 76214 65422 57 65365 64063 49 62425 42967 32876 19458 635.001 81365.1 67818.1 36252 10792 10646 10617 10573 10543 10518 117 10401 164 10091 6669 474 3422 6195 2508 11402
internal_count=3053454 122975 75909 640 508 53 132 98 455 435 47066 71 2930479 259846 390 335 313 73 240 51 55 150 75269 64575 57 64518 63230 49 61774 42505 32484 19269 614 79125 65746 35839 10694 10555 10526 10482 10452 10427 117 10310 164 10021 6634 474 3387 6160 2473 11227
is_linear=0
shrinkage=0.20717


Tree=99
num_leaves=53
num_cat=0
split_feature=8 1 12 1 8 2 8 0 11 11 11 1 8 14 2 0 12 12 12 2 14 11 6 0 11 14 14 14 14 12 8 14 3 8 3 11 12 14 3 12 14 11 3 6 8 12 2 3 11 6 11 0
split_gain=2.31181e+08 1.98202e+08 1.12609e+08 1.14087e+08 1.81914e+08 2.5501e+08 1.82317e+08 1.81476e+08 1.54099e+08 5.10963e+08 1.61756e+08 2.5e+08 1.17772e+08 9.3232e+07 6.94735e+07 1.56369e+08 6.75384e+07 6.69177e+07 6.98339e+07 5.44368e+07 5.32958e+07 2.49076e+07 6.40071e+07 1.56227e+08 1.37342e+08 2.78159e+07 4.3909e+08 1.05135e+08 6.08885e+07 7.56004e+07 1.12044e+08 3.24233e+07 2.54897e+07 3.00297e+07 6.03634e+07 3.17407e+07 2.57976e+07 2.47668e+07 2.10817e+07 2.09744e+07 1.95044e+07 1.91222e+07 1.8651e+07 2.70613e+07 2.10203e+07 1.80418e+07 1.75868e+07 1.66562e+07 1.57835e+07 6.70993e+07 1.55142e+07 1.55009e+07
threshold=0.0026725000000000004 0.67893700000000012 -0.0049834999999999992 0.92514000000000018 0.92513900000000004 0.90392850000000002 0.95254850000000013 0.95752500000000007 0.00037650000000000004 0.00041250000000000005 0.94009900000000013 0.91422250000000005 0.96647850000000013 0.0087735000000000018 0.90392850000000002 0.91397700000000015 -0.0040509999999999999 -0.0034724999999999995 -0.0027084999999999995 9.3500000000000009e-05 0.00027550000000000008 0.0036230000000000004 0.49003550000000001 0.23513350000000002 0.00038650000000000007 0.019083500000000003 0.046726000000000011 0.21783400000000003 0.013005500000000001 -0.071882499999999988 0.21473850000000003 0.0087735000000000018 0.0025385000000000004 0.0047170000000000016 0.0048160000000000008 0.036960000000000007 -0.032569999999999995 1.1500000000000002e-05 0.00092750000000000005 0.0015945000000000002 0.046726000000000011 0.00083850000000000016 0.0044150000000000014 0.00052450000000000012 0.0043250000000000016 -0.001488 0.0046300000000000013 0.48583150000000003 0.00011050000000000002 0.0015425000000000003 0.011475500000000001 0.011465000000000001
decision_type=2 2 2 2 2 2 2 2 2 2 2 2 2 2 2 2 2 2 2 2 2 2 2 2 2 2 2 2 2 2 2 2 2 2 2 2 2 2 2 2 2 2 2 2 2 2 2 2 2 2 2 2
left_child=19 21 3 4 5 -3 8 -5 -6 -10 11 -11 -8 -7 15 40 -16 -18 -19 20 -1 22 23 41 -24 28 -27 -28 29 30 -23 32 -31 34 50 39 -37 45 -22 -35 -4 -2 -43 44 -44 48 -45 -29 49 -21 -34 -41
right_child=1 2 14 7 6 13 12 -9 9 10 -12 -13 -14 -15 16 -17 17 18 -20 37 38 25 24 -25 -26 26 27 47 -30 31 -32 -33 33 35 -36 36 -38 -39 -40 51 -42 42 43 46 -46 -47 -48 -49 -50 -51 -52 -53
leaf_value=-0.026682672363426474 12.137036710054199 -758.7320477067808 124.70603354019526 -687.02099233973934 967.49798031662328 -201.91257288897125 -265.30178427422675 244.78348358166897 -694.51647502778064 1358.6493933468378 75.173703352317901 278.70663485903731 356.00233426691256 374.14719590309488 565.93632509336931 1080.7401050765732 -325.21803579962443 494.03665659702801 -150.98166203056388 28.49247615433767 292.33985224156191 123.39117026760937 205.97797854269203 757.97404868056628 -671.29539575880381 1102.4734725394042 -437.24572650992172 218.16064974447528 -252.49065139204603 80.006348109466146 858.74208705701994 -193.21616849303783 23.324119968512932 29.745249010471277 -110.69689645130097 45.72513234788093 -92.63902812697259 -14.522129733570878 87.037073812157715 126.93808033654216 463.40703455119535 4.6869366540662387 -72.139882918411502 -74.450854604373532 -276.36519349441971 2.7118441170936487 6.4577676046224299 -76.315620349872432 13.270973639940674 317.06486395246515 -27.823438443211259 55.899715004790565
leaf_weight=8927618.460062027 94362.053243637085 36 32 35 37 39 60 31 30 37 29 31 40 51 29 28 24 33 22 592.00057601928711 47 88 25 22 32 30 45 44 62 609.00028800964355 20 54 2405.0011520385742 2354.0017280578613 344 182 254 6522.0008640289307 242.00028800964355 330 23 13936.005760192871 208 270 49 618149.8223991394 974.00057601928711 23 4877.00124168396 71 579.00028800964355 904.00028800964355
leaf_count=2348781 93081 36 32 35 37 39 60 31 30 37 29 31 40 51 29 28 24 33 22 578 47 88 25 22 32 30 45 44 62 602 20 54 2377 2312 344 182 254 6501 235 330 23 13796 208 270 49 573964 960 23 4849 71 572 897
internal_value=0.307979 12.6038 167.443 91.6952 149.419 -127.883 281.774 -249.343 463.8 316.98 629.883 866.425 -16.7435 124.5 348.267 541.25 199.916 65.4719 236.007 0.155084 -0.0227829 11.7563 10.6352 10.7895 -286.509 26.5483 149.636 -105.666 24.4126 26.5266 259.632 23.3848 24.8545 20.2858 0.571293 36.5901 -34.8784 2.67485 120.434 45.2751 266.441 10.6397 1.4868 -28.2239 -111.091 2.85468 -11.1025 117.041 18.792 59.402 13.3992 74.8987
internal_weight=9.67697e+06 118852 647 456 390 126 264 66 164 127 97 68 100 90 191 83 108 79 55 9.55812e+06 8.92791e+06 118205 109878 109821 57 8327 142 112 8185 8123 108 8015 7961 7352 3328 4024 436 630212 289 3588 55 109799 15437 1501 257 623690 1244 67 5540 663.001 2984 1234
internal_count=3052352 117326 647 456 390 126 264 66 164 127 97 68 100 90 191 83 108 79 55 2935026 2349063 116679 108443 108386 57 8236 142 112 8094 8032 108 7924 7870 7268 3293 3975 436 585963 282 3539 55 108364 15283 1487 257 579462 1230 67 5498 649 2949 1227
is_linear=0
shrinkage=0.280523


Tree=100
num_leaves=53
num_cat=0
split_feature=1 3 16 3 16 11 6 16 3 6 3 16 0 16 16 11 11 3 16 16 16 0 3 16 11 11 16 3 16 16 6 0 16 3 13 16 13 13 13 16 16 16 11 11 16 16 13 3 16 16 11 6
split_gain=1.1424e+11 8.25579e+10 2.00857e+10 1.79572e+10 7.61918e+09 6.09873e+09 5.85093e+09 5.71335e+09 4.16818e+09 3.13765e+09 2.59857e+09 1.86079e+09 1.52283e+09 2.49884e+09 1.39949e+09 1.32629e+09 1.51805e+09 1.23677e+09 1.33687e+09 1.03377e+09 9.89879e+08 9.37811e+08 8.81873e+08 2.56906e+09 6.5332e+08 5.50458e+08 1.37653e+09 5.18466e+08 4.87671e+08 4.56361e+08 1.0789e+09 7.15849e+08 3.76646e+08 3.37054e+08 4.67126e+08 3.54765e+08 3.03826e+08 2.64077e+08 2.39746e+08 2.26321e+08 2.19446e+08 2.01431e+08 1.95229e+08 4.2738e+08 2.84973e+08 5.82112e+08 1.7024e+08 1.67528e+08 1.71114e+08 1.66926e+08 1.64324e+08 3.72028e+08
threshold=0.67893700000000012 0.0018735000000000004 5406.0000000000009 0.00060150000000000015 130874.50000000001 0.94009900000000013 0.94509250000000011 23612.500000000004 0.90078350000000007 0.89377350000000011 0.0035435000000000002 2070839.5000000002 0.23513350000000002 21689.500000000004 95837.000000000015 0.91575650000000008 0.00037650000000000004 0.0023955000000000005 1619850.0000000002 28913.500000000004 65932.500000000015 1.5000000000000002e-06 0.008964500000000002 151368.00000000003 0.00041050000000000006 0.94009900000000013 5231.5000000000009 5.3500000000000006e-05 1657776.5000000002 52193.000000000007 0.89377350000000011 0.92730450000000009 21016.500000000004 0.0008135000000000001 0.00020550000000000003 135071.00000000003 0.00031150000000000009 -0.013496499999999998 0.0024115000000000004 418502.00000000006 2435214.0000000005 1619850.0000000002 0.00038550000000000005 0.00041950000000000006 2654.5000000000005 4225.0000000000009 0.0027085000000000004 0.0051630000000000009 2830277.5000000005 144372.00000000003 0.00019250000000000004 0.0014615000000000003
decision_type=2 2 2 2 2 2 2 2 2 2 2 2 2 2 2 2 2 2 2 2 2 2 2 2 2 2 2 2 2 2 2 2 2 2 2 2 2 2 2 2 2 2 2 2 2 2 2 2 2 2 2 2
left_child=1 3 25 27 5 6 7 15 19 -6 17 12 21 42 -10 16 -4 36 38 -9 -8 -12 41 -24 -18 26 -2 -1 33 31 -31 -21 -7 -5 -35 -36 -3 -25 50 -38 -20 46 -14 -44 -45 -46 -23 -13 -49 -11 51 -19
right_child=2 10 4 28 9 32 20 8 14 49 11 47 13 -15 -16 -17 24 18 40 29 -22 22 23 37 -26 -27 -28 -29 -30 30 -32 -33 -34 34 35 -37 39 -39 -40 -41 -42 -43 43 44 45 -47 -48 48 -50 -51 -52 -53
leaf_value=0.47758568552684505 221.87782833933056 9.6357497570944126 458.29482039659229 4.8107228628856307 453.99182601387577 135.8393417271059 327.49927802739825 499.70695197198603 543.60182995746266 178.79605775842325 2.6515763295607306 13.585369093771318 8.2033402567649745 340.84784978692448 364.06908680225911 506.34194319019423 146.2797065031759 3.8332470414857598 14.56521175429901 541.12539927533464 101.88700257919048 23.262934548588245 13.448803729687155 62.941051923939867 311.22732138099281 17.559114896395005 -33.460471249358498 1.3022227469577257 4.9892964606105208 848.4258706657904 631.65690647483359 721.29623273892605 258.84215262062833 7.4942132104375005 23.045117427663765 8.9329299138325471 25.690531815564775 46.297744027182041 25.286063482647158 10.949232859189472 8.9890685344326133 21.161334095856766 175.49570730482648 31.076750115216935 191.05986135628154 33.821699044502594 26.921773430212667 29.368582089529209 6.0820296581000637 98.854109129678932 19.13745131351418 25.478172659867866
leaf_weight=8818187.268699646 29 14986.008422851562 24 26404.059617996216 20 29 20 20 46 20 1018.0028800964355 10026.002304077148 31 20 52 23 26 489.00172805786133 18058.003168106079 24 24 12032.002592086792 1626.0008640289307 832 28 83 20 449489.04043769836 68330.049768447876 25 27 26 27 170887.13494873047 1914 2091.0002880096436 1250 1498 4925 1097.0002880096436 5071.0014400482178 7837 20 84 23 31 17527.001728057861 747 232.00028800964355 55 34306.007200241089 5002
leaf_count=2147338 29 14790 24 24955 20 29 20 20 46 20 948 9970 31 20 52 23 26 447 17981 24 24 11969 1605 832 28 83 20 353340 67140 25 27 26 27 167618 1914 2084 1250 1498 4925 1090 5036 7837 20 84 23 31 17485 747 225 55 34131 5002
internal_value=0.977829 0.956769 315.436 0.692876 382.134 425.369 460.679 495.789 563.501 190.523 19.0937 23.1802 25.4241 89.1969 448.388 348.261 301.58 16.5232 17.9656 655.93 204.51 25.1095 25.6624 36.2967 231.853 54.7325 117.661 0.517581 6.71817 686.521 736.003 634.935 195.194 7.30503 7.6816 15.6772 10.8767 52.241 20.3564 18.8005 13.3427 24.5374 62.5482 73.2096 58.372 100.815 25.4325 14.4986 23.8503 120.198 19.7464 23.5506
internal_weight=9.67672e+06 9.67607e+06 648 9.5373e+06 516 421 365 321 220 95 138768 53584 42579 209 98 101 78 85184 67851 122 44 42370 41352 3956 54 132 49 9.26768e+06 269626 102 52 50 56 201296 174892 4005 17333 2330 44722 2347 23129 37396 189 158 138 54 29559 11005 979 75 39797 5491
internal_count=2903014 2902366 648 2764389 516 421 365 321 220 95 137977 53325 42383 209 98 101 78 84652 67522 122 44 42174 41226 3935 54 132 49 2500678 263711 102 52 50 56 196571 171616 3998 17130 2330 44505 2340 23017 37291 189 158 138 54 29454 10942 972 75 39580 5449
is_linear=0
shrinkage=0.0236846


Tree=101
num_leaves=53
num_cat=0
split_feature=0 3 16 16 0 14 15 12 15 16 3 16 16 15 16 16 16 16 15 16 3 16 14 16 16 16 10 14 16 13 16 13 16 16 3 16 10 15 16 10 16 13 10 3 13 13 13 14 16 13 10 10
split_gain=3.82193e+09 2.74187e+09 1.19086e+09 1.01625e+09 8.86479e+08 1.0809e+09 7.87348e+08 6.46148e+08 1.09892e+09 9.18702e+08 6.3912e+08 4.48723e+08 3.88251e+08 3.957e+08 3.83152e+08 2.52079e+08 2.49248e+08 1.93877e+08 1.23442e+08 2.03048e+08 1.31519e+08 3.86322e+08 2.57633e+08 2.45971e+08 1.49474e+08 4.26787e+08 1.22238e+08 1.22071e+08 1.40878e+08 1.14286e+08 1.98565e+08 1.04823e+08 9.97475e+07 9.65671e+07 9.01962e+07 1.55832e+08 7.08888e+07 2.57858e+08 6.74534e+07 1.09491e+08 7.27915e+07 1.7665e+08 6.72708e+07 7.12673e+07 6.01353e+07 5.83916e+07 6.22775e+07 9.7362e+07 5.58272e+07 5.35376e+07 5.43823e+07 5.28138e+07
threshold=0.91397700000000015 0.0021820000000000003 1661581.0000000002 10136.500000000002 0.92730450000000009 0.054875500000000008 0.053738500000000008 0.018189500000000001 0.0026665000000000005 146629.50000000003 0.00069150000000000017 65932.500000000015 18577.000000000004 6.9500000000000009e-05 90131.000000000015 2464782.0000000005 1113889.0000000002 12985.500000000002 6.5000000000000013e-06 2427.0000000000005 0.48583150000000003 5206.5000000000009 0.21783400000000003 8067.0000000000009 2553.5000000000005 2617.5000000000005 0.0046275000000000005 0.00019300000000000003 1068882.5000000002 0.00018150000000000005 123542.00000000001 -0.10775049999999999 35545.000000000007 2339312.0000000005 0.90078350000000007 136695.00000000003 0.0081195000000000017 0.00015450000000000004 17497.000000000004 0.0026845000000000007 46342.000000000007 -0.00027249999999999996 0.0010115000000000005 0.0011765000000000002 -0.00014649999999999996 -0.0012764999999999996 -0.00024049999999999996 1.0000000180025095e-35 2101733.0000000005 0.0014915000000000002 0.00093850000000000021 0.00059250000000000014
decision_type=2 2 2 2 2 2 2 2 2 2 2 2 2 2 2 2 2 2 2 2 2 2 2 2 2 2 2 2 2 2 2 2 2 2 2 2 2 2 2 2 2 2 2 2 2 2 2 2 2 2 2 2
left_child=1 10 7 -2 5 14 11 18 31 -10 -1 12 17 -14 -5 48 26 -6 19 -3 22 -22 24 -23 -21 -26 29 28 -27 38 -31 -9 -15 44 36 -36 49 -38 39 -12 41 -40 -43 -44 -18 51 -47 -48 -4 50 -20 -42
right_child=3 2 15 4 6 -7 -8 8 9 -11 16 -13 13 32 -16 -17 33 -19 34 20 21 23 -24 -25 25 27 -28 -29 -30 30 -32 -33 -34 -35 35 -37 37 -39 40 -41 45 42 43 -45 -46 46 47 -49 -50 -51 -52 -53
leaf_value=0.086651758424811251 -131.61483820378751 101.35283973625356 3.5548200883745897 239.82754026024486 156.80658768563143 481.11827197391648 -95.10550224819994 -84.066833379116076 390.01588691145867 77.11827354560738 -2.4288608091264887 -28.237629236580535 312.05888723357833 93.291933928585735 95.477967462535048 -5.4460877479039969 -0.59322458332792904 -3.506200415512954 6.9371002960993096 149.85079285629411 -57.153113252817619 241.61168598645585 -116.45597245684635 43.765701319543375 -811.30428510853096 10.65327727890574 -2.390548982704531 -0.53663985888858023 6.9503868787343928 18.465033782182953 3.3959243602985927 22.555101025336789 202.25872033723675 -1.8470479991473203 140.95180762952725 8.394633756761003 29.18809516685323 -5.1029484260409363 4.0346226735861626 27.383094635919448 11.668982345419289 58.871687319906066 14.417586961573095 42.266269955820796 1.7439834633471654 1.3457407075931684 2.3053812839058123 5.2042814993024038 0.22416008561697237 16.207081404543601 0.42789663796482946 4.5639923723792633
leaf_weight=9280579.6492958069 22 38 18541.006624221802 67 21 22 30 20 28 32 5050.0086402893066 25 34 32 52 8938.007360458374 22653.00892829895 28 3027.0002880096436 11.999999999999998 25 20 26 20 0.999999999999999 47325.007488250732 6049.0008640289307 2034.005184173584 24991.00892829895 2160.0002880096436 3914.0034561157227 55 23 19612.019079208374 21 43 731 668.00057601928711 3075.002592086792 204.00028800964355 1871.0005760192871 80 659.00057601928711 188 77374.04377746582 31782.012096405029 46969.021600723267 30363.00806427002 14104.005184173584 480 6285.0020160675049 15149.004320144653
leaf_count=2673020 22 38 18380 67 21 22 30 20 28 32 4840 25 34 32 52 8770 22436 28 3020 12 25 20 26 20 1 47143 6028 1908 24774 2153 3830 55 23 19157 21 43 731 654 3012 197 1857 80 645 188 76310 31488 46444 30167 13978 480 6236 15044
internal_value=0.224446 0.219636 6.03241 130.939 148.244 224.286 92.6811 8.71576 95.9259 223.171 0.142034 127.25 155.423 205.074 176.765 0.490448 2.06594 65.221 8.57844 9.16684 9.11978 65.8393 9.0702 142.718 9.11411 9.09138 3.16342 9.10251 9.37363 3.4009 8.75476 -5.87955 138.895 0.712778 4.68402 51.9064 4.41389 12.8146 3.16071 -1.27124 3.33965 8.63696 23.9032 20.5995 1.21468 3.17157 2.83254 3.44358 2.11584 3.21363 2.54383 5.34506
internal_weight=9.67555e+06 9.6752e+06 127465 356 334 141 193 85882 135 60 9.54773e+06 163 138 89 119 41583 267152 49 85747 74492 74454 65 74389 40 74363 74351 147513 74350 72316 141464 6074 75 55 119639 11255 64 11191 1399 135390 5254.01 130136 4002 927.001 847.001 100027 126134 109114 77332 32645 9792 9312 17020
internal_count=3063667 3063311 126415 356 334 141 193 85287 135 60 2936896 163 138 89 119 41128 263876 49 85152 73967 73929 65 73864 40 73838 73826 145973 73825 71917 139945 5983 75 55 117903 11185 64 11121 1385 133962 5037 128925 3925 913 833 98746 125000 108099 76611 32358 9736 9256 16901
is_linear=0
shrinkage=0.0398966


Tree=102
num_leaves=53
num_cat=0
split_feature=0 3 2 5 7 11 11 15 3 15 11 3 3 3 9 5 9 9 7 11 15 7 7 9 9 9 11 11 9 2 7 15 15 5 7 7 3 9 9 15 11 11 3 7 4 15 15 15 7 0 2 11
split_gain=4.20373e+10 3.14157e+10 6.42241e+09 4.4026e+09 2.84824e+09 2.33464e+09 1.78836e+09 1.2045e+09 9.60947e+08 8.87392e+08 1.28387e+09 7.70427e+08 7.64119e+08 6.44864e+08 9.89891e+08 5.66926e+08 5.43025e+08 9.33599e+08 4.86338e+08 4.85716e+08 3.97235e+08 3.52934e+08 5.98761e+08 3.81651e+08 3.70104e+08 1.37535e+09 3.28493e+08 2.97748e+08 2.92854e+08 2.4351e+08 2.38723e+08 2.22568e+08 2.14781e+08 1.95675e+08 1.95369e+08 1.88874e+08 1.57749e+08 1.57651e+08 1.57482e+08 1.2924e+08 1.098e+08 9.70115e+07 9.10049e+07 9.27209e+07 8.56159e+07 9.90818e+07 8.29539e+07 8.11257e+07 7.79148e+07 7.27632e+07 7.11891e+07 6.38208e+07
threshold=0.91397700000000015 0.0017825000000000002 0.00042050000000000003 0.67893700000000012 0.91149700000000011 0.94009900000000013 0.94009900000000013 0.037011000000000009 0.008709500000000002 0.041114000000000005 0.00037750000000000007 0.90078350000000007 0.0024140000000000008 0.90078350000000007 0.0064965000000000014 0.91422250000000005 0.007212500000000001 0.00070750000000000012 0.93469650000000015 5.8500000000000006e-05 0.051172000000000002 0.16861500000000004 0.033041500000000008 0.0094355000000000012 0.0014745000000000003 0.0056605000000000006 0.00039850000000000004 3.8500000000000007e-05 0.0078125000000000017 6.2500000000000015e-05 0.00046150000000000005 0.013920000000000002 0.052034500000000004 0.00016450000000000001 0.010948500000000002 0.00031450000000000006 0.0037870000000000004 0.00035950000000000006 0.00034150000000000006 1.1500000000000002e-05 0.00040950000000000009 0.00043950000000000006 0.0031815000000000003 0.00037450000000000005 0.0029580000000000001 1.6500000000000005e-05 6.5500000000000006e-05 0.00013950000000000003 1.0000000180025095e-35 0.0060400000000000011 0.0024230000000000002 0.10738600000000002
decision_type=2 2 2 2 2 2 2 2 2 2 2 2 2 2 2 2 2 2 2 2 2 2 2 2 2 2 2 2 2 2 2 2 2 2 2 2 2 2 2 2 2 2 2 2 2 2 2 2 2 2 2 2
left_child=1 2 29 8 5 9 7 38 12 10 11 -2 35 14 -11 -12 17 37 -6 -10 -16 22 34 24 26 -26 -23 -4 -27 -1 42 51 -7 -32 46 -3 39 -9 40 -35 -5 -17 49 -44 50 -46 -21 -36 -31 -14 -38 -28
right_child=4 3 27 6 18 32 -8 16 19 13 15 -13 30 -15 20 41 -18 -19 -20 21 -22 23 -24 -25 25 28 31 -29 -30 48 33 -33 -34 36 47 -37 44 -39 -40 -41 -42 -43 43 -45 45 -47 -48 -49 -50 -51 -52 -53
leaf_value=-0.047579842044968929 356.02598196041248 14.835291967571925 -0.7380875559207094 62.739823841727762 151.18910489940095 61.224762601310033 8.1940059981632949 120.54051414124145 3.331717367851994 441.74307497642349 102.12200660827997 223.37921606524458 9.7695159280014465 231.87232150502749 353.8555576747504 243.252994432283 79.319659346667777 305.47424897796537 46.253383546240997 20.147122725588492 233.21945675532251 83.74085213687836 4.2884838956805273 -31.073652368132443 221.9559273748898 -8.3589850951273377 -44.965917179834861 3.1157161651181484 90.830667518613808 -0.2608441739160543 4.9409644991675918 47.136041584484659 152.59383187632548 8.9593169629466001 28.791068463856583 5.2898824347145981 0.31037495903507217 186.09506599683823 27.313872961683106 5.0072916360443829 109.31200779935907 186.95247988619994 16.007790131759382 11.535073659451246 13.77610489372714 7.6153522221737271 7.7278997096923687 7.0053762221705442 0.5820486387896977 19.64359940008536 10.079328703741856 2.8250578385440668
leaf_weight=8866400.2666187286 40 857 8213.0161285400391 43 39 21 82 32 764.00115203857422 27 25 31 14976.005542755127 27 20 28 22 21 32 1150 24 36 835.00028800964355 23 22 29 20 278458.18884658813 20 50354.435806274414 4325.0021057128906 38 20 51472.013607025146 1625 22010.006118774414 302 27 25 3518.0014400482178 38 22 2100 15161.003526687622 5320.0008640289307 1291.0002880096436 263 71 327276.09283256531 303 17417.005453109741 25
leaf_count=2318784 40 857 7821 43 39 21 82 32 736 27 25 31 14850 27 20 28 22 21 32 1150 24 36 828 23 22 29 20 273964 20 39910 4276 38 20 51150 1625 21870 302 27 25 3483 38 22 2100 15084 5299 1284 263 71 300836 303 17291 25
internal_value=0.212569 0.204593 0.0647412 9.44389 216.968 245.138 87.0886 118.191 9.28748 268.543 237.335 298.143 8.98089 315.009 346.594 179.739 167.126 191.265 103.913 17.9507 288.124 20.6374 19.2865 45.6486 54.9393 90.9804 33.4295 3.00531 32.1402 -0.0264501 9.63693 11.5977 105.834 9.07294 23.3146 5.64763 9.29823 150.569 71.0932 8.70649 84.5989 218.518 11.0867 12.0792 10.6357 12.5731 17.8357 27.8791 0.469654 9.96535 9.91283 -18.4164
internal_weight=9.67532e+06 9.67497e+06 9.5307e+06 144263 356 285 290 208 143973 244 146 71 139052 98 71 75 102 80 71 4921 44 4157 3944 213 190 71 119 286671 49 9.24403e+06 116185 83 41 83645 3109 22867 79320 59 106 54990 81 50 32540 17261 24330 6611 1413 1696 377631 15279 17719 45
internal_count=3084996 3084640 2941315 143325 356 285 290 208 143035 244 146 71 138149 98 71 75 102 80 71 4886 44 4150 3937 213 190 71 119 281785 49 2659530 115422 83 41 83085 3109 22727 78809 59 106 54633 81 50 32337 17184 24176 6583 1413 1696 340746 15153 17593 45
is_linear=0
shrinkage=0.0199483


Tree=103
num_leaves=53
num_cat=0
split_feature=1 8 12 11 13 8 0 11 11 11 11 11 2 12 12 11 12 2 12 12 13 13 2 8 8 12 11 12 0 3 3 11 1 11 8 11 0 2 3 3 11 12 1 11 8 12 13 8 3 8 3 8
split_gain=1.07483e+09 8.4051e+08 3.06428e+08 2.25841e+08 1.92533e+08 1.80836e+08 1.6084e+08 1.25569e+08 1.06981e+08 4.83471e+08 2.33796e+08 8.38702e+07 4.32899e+08 2.05911e+08 1.71458e+08 6.79889e+07 1.37608e+08 4.21689e+08 9.67455e+07 1.27332e+08 5.98817e+07 5.43471e+07 5.13209e+07 4.91105e+07 4.73093e+07 4.43579e+07 4.06372e+07 2.03819e+08 3.51988e+08 1.42155e+08 1.26014e+08 1.13e+08 1.0514e+08 5.39519e+07 5.26642e+07 2.13481e+08 1.8819e+08 4.013e+07 3.17455e+07 3.20781e+07 3.26112e+07 2.92216e+07 2.85739e+07 2.8032e+07 2.76523e+07 2.70825e+07 3.43862e+07 2.59228e+07 2.51351e+07 2.47962e+07 4.99018e+07 3.99968e+07
threshold=0.67893700000000012 0.0020735000000000003 -0.0078809999999999974 0.00036950000000000009 -0.93469649999999993 0.00077450000000000012 0.95752500000000007 0.94009900000000013 0.00040950000000000009 0.029495000000000004 0.00038350000000000005 0.91575650000000008 0.90392850000000002 -0.14644149999999997 -0.032569999999999995 0.00036750000000000004 -0.0050564999999999994 0.91595400000000005 -0.0034724999999999995 -0.0025624999999999997 -0.00041749999999999996 -0.00086249999999999988 0.0014655000000000002 0.0032420000000000005 0.0013965000000000004 0.018189500000000001 0.22499750000000004 -0.019394499999999999 0.0090355000000000019 0.12940850000000001 0.31883150000000005 0.94009900000000013 0.19902250000000002 0.96218650000000017 0.92074100000000014 0.00041350000000000008 0.23513350000000002 0.0016715000000000002 0.0034095000000000006 0.0012305000000000003 0.00019350000000000001 0.0045095000000000005 2.6500000000000004e-05 0.0010865000000000002 0.0031560000000000004 -0.0078809999999999974 -0.010440499999999998 0.0072395000000000003 0.0031015000000000005 0.0014295000000000002 0.0012145000000000001 0.0015025000000000001
decision_type=2 2 2 2 2 2 2 2 2 2 2 2 2 2 2 2 2 2 2 2 2 2 2 2 2 2 2 2 2 2 2 2 2 2 2 2 2 2 2 2 2 2 2 2 2 2 2 2 2 2 2 2
left_child=1 5 3 -2 -4 -1 8 15 10 -10 -5 12 -11 -13 -15 -6 17 -17 -18 -20 21 22 -7 38 -22 -21 34 29 -29 -28 32 -32 -31 -33 36 -36 37 -25 39 -3 42 45 -41 49 -42 -39 -47 -43 -46 -24 51 -51
right_child=2 23 4 6 7 20 -8 -9 9 11 -12 13 -14 14 -16 16 18 -19 19 25 24 -23 43 26 -26 -27 27 28 -30 30 31 33 -34 -35 35 -37 -38 41 -40 40 44 47 -44 -45 48 46 -48 -49 -50 50 -52 -53
leaf_value=0.17391317696748865 667.45596097072973 -11.686153473876269 -56.822148655713868 103.50082269744772 168.54763149785424 11.700023306199185 488.51545433270604 20.772458568300479 872.69121663672775 -813.51724067629141 -590.80009283986226 -33.903468216113367 99.03860065050219 757.85945839745875 83.32758559135516 1343.0771305915437 155.7214682045817 353.77003417619335 790.87070127737366 140.93109555869495 5.367819827936529 -5.4255586371306954 -26.366788381044081 -5.6773582434146856 13.790748328374999 435.2511745218639 352.4738578798312 -32.436827520528091 958.24762670604048 -88.337805263242842 358.9991005037466 -190.88601674410779 -546.27592032712857 134.06627711051814 444.29886340001718 -220.71773882931211 -457.4118393533048 -7.7649666754577851 -3.9296534531513325 -62.288019853837532 10.282630246930509 7.1905291773836986 29.466996721173665 12.004033514577785 3.8394181181058968 45.624546630056187 16.759819651381392 62.133661012678616 42.034271672557651 21.835848239135622 -3.0816332599929326 285.58393838592968
leaf_weight=9271929.6386108398 21 1770.0014400482178 30 39 24 16775.004697799683 27 23 22 20 23 97 69 22 23 20 39 36 28 20 169141.17505264282 28149.050689697266 1412.0008640289307 2348.0069122314453 22559.012384414673 65 31 23 20 52 30 35 21 27 36 24 25 1311.0011520385742 4339.0028800964355 104 64172.024442672729 379 3870.0023040771484 3802.0020160675049 767.00057601928711 1256.0008640289307 64226.027252197266 792.00028800964355 1561.0005760192871 37 14333.003168106079 32
leaf_count=2664475 21 1735 30 39 24 16663 27 23 22 20 23 97 69 22 23 20 39 36 28 20 164906 26917 1391 2180 22258 65 31 23 20 52 30 35 21 27 36 24 25 1283 4269 104 63591 379 3814 3753 753 1235 63568 785 1547 37 14256 32
internal_value=0.514098 0.499196 223.008 117.735 357.091 0.299037 83.9543 405.797 49.2574 99.1001 -154.099 25.3797 -106.1 107.792 413.178 443.969 475.741 707.272 390.395 471.365 4.82656 0.274765 4.68408 13.4537 6.35902 366.028 16.7394 87.8572 428.414 13.1195 -50.6577 83.8199 -220.136 -49.3541 16.4979 178.27 16.3599 16.5284 10.4232 11.2853 11.8622 17.2956 27.0653 -1.31571 10.9537 16.8212 17.3135 44.3517 29.4506 -4.51809 -2.37593 144.16
internal_weight=9.67604e+06 9.67539e+06 648 363 285 9.52817e+06 342 255 315 253 62 231 89 142 45 232 208 56 152 113 256240 64540.1 36391 147219 191700 85 70636 239 43 196 165 92 73 62 70397 60 70337 70312 76583 72244 70474 67964 3974 19616 66500 66793 65482 1171 2328 15814 14402 69
internal_count=3060903 3060255 648 363 285 2914688 342 255 315 253 62 231 89 142 45 232 208 56 152 113 250213 63049 36132 145567 187164 85 69754 239 43 196 165 92 73 62 69515 60 69455 69430 75813 71544 69809 67250 3918 19469 65891 66086 64803 1164 2300 15716 14325 69
is_linear=0
shrinkage=0.172767


Tree=104
num_leaves=53
num_cat=0
split_feature=5 3 12 3 13 16 16 16 8 0 12 3 16 5 12 14 13 16 16 9 0 16 16 9 14 0 14 16 8 16 9 13 8 12 9 16 3 3 13 16 14 16 16 8 13 5 16 14 16 16 5 16
split_gain=1.20901e+11 8.87572e+10 2.49625e+10 2.06226e+10 1.02388e+10 8.12634e+09 7.15082e+09 4.08746e+09 3.78015e+09 4.08108e+09 3.22396e+09 2.36157e+09 1.64804e+09 1.57618e+09 3.21636e+09 1.82329e+09 2.33062e+09 1.47702e+09 1.45797e+09 1.40274e+09 1.66624e+09 1.20224e+09 1.16392e+09 1.00863e+09 1.00447e+09 1.00074e+09 8.49566e+08 8.33728e+08 7.98004e+08 6.92158e+08 6.74609e+08 6.7053e+08 6.10228e+08 5.96333e+08 4.92858e+08 4.6649e+08 4.22323e+08 4.16207e+08 4.08028e+08 4.37744e+08 4.07095e+08 3.92124e+08 3.54003e+08 3.06609e+08 3.06297e+08 2.7793e+08 5.34561e+08 2.54134e+08 2.48212e+08 2.4091e+08 2.90626e+08 3.77402e+08
threshold=0.67893700000000012 0.0021030000000000003 -0.0090079999999999986 0.00042300000000000004 -0.91149699999999989 7503.5000000000009 1753351.5000000002 177022.50000000003 0.92513900000000004 0.92730450000000009 -0.0033639999999999994 0.0031985000000000004 15860.500000000002 0.19902250000000002 -0.032569999999999995 0.00019300000000000003 -0.0095559999999999985 103914.50000000001 1212132.5000000002 0.0010515000000000001 0.91397700000000015 61568.500000000007 2204186.5000000005 0.00018850000000000006 1.0500000000000003e-05 0.92730450000000009 0.054875500000000008 147153.00000000003 0.96228150000000012 163036.00000000003 0.0003765000000000001 0.00046750000000000009 7.2500000000000014e-05 -0.0048009999999999988 0.010161500000000002 123542.00000000001 0.00087450000000000017 0.0052495000000000007 0.0026925000000000004 1086047.5000000002 1.0000000180025095e-35 2118706.5000000005 2427.0000000000005 0.0054295000000000012 0.00023750000000000003 0.57152900000000006 2698.5000000000005 5.6500000000000011e-05 5137.0000000000009 1207274.0000000002 0.0013875000000000001 267118.50000000006
decision_type=2 2 2 2 2 2 2 2 2 2 2 2 2 2 2 2 2 2 2 2 2 2 2 2 2 2 2 2 2 2 2 2 2 2 2 2 2 2 2 2 2 2 2 2 2 2 2 2 2 2 2 2
left_child=1 3 5 32 21 23 11 10 27 -10 17 24 28 15 26 16 29 25 31 20 -12 -4 37 -2 49 33 -15 -7 -11 -13 45 36 -1 -6 48 -33 40 -8 -18 -40 -5 -20 -32 -24 -38 46 -28 -31 -25 50 -3 -52
right_child=2 6 4 18 7 8 22 -9 9 12 19 13 -14 14 -16 -17 38 -19 41 -21 -22 -23 43 34 -26 -27 30 -29 -30 47 42 35 -34 -35 -36 -37 44 -39 39 -41 -42 -43 -44 -45 -46 -47 -48 -49 -50 -51 51 -53
leaf_value=0.4254854821313846 153.12472369171957 23.896980923060209 333.16525140813508 7.4891463801722908 546.75299852394289 218.6475076400676 15.221961853841798 240.35992803529697 640.92053795355639 148.4150664361342 445.15610786449258 17.445151639013694 426.39144242126275 -53.720926909185259 374.22659785775409 6.8248720312912301 24.796114603026719 346.69950961459364 5.6311839123139347 805.6705969495531 726.55938718977245 135.17572389023559 6.8507115171510655 17.028137570627308 12.009736559329587 439.49906613090764 259.56222629728694 66.11351794207954 334.61357357717765 49.579569251228662 93.458055345139314 29.316541230983756 1.2723919364663006 689.10509693157383 113.89951229798092 11.405190754310551 8.5298911387162271 37.441256735601598 32.233882879813741 25.21036109284319 2.7852306495463242 2.6675455752940733 3.7757904418215311 20.447574057508199 23.519461560916305 73.854071217360442 97.11358265586621 66.996344527897136 -64.96271002448627 18.022245796167294 10.051941265457241 23.670745224794739
leaf_weight=8753605.9808635712 36 18800.001728057861 30 32533.027648925781 52 52 18530.003616333008 22 24 35 20 298 33 30 20 2395.0043201446533 26779.00403213501 26 82368.058517456055 35 28 39 17963.010349273682 51 7911.005184173584 35 21 32 20 1289 43 1334.0002880096436 496965.19787979126 24 20 2022.0002880096436 126924.1051235199 478 11476.000288009644 8567.0005760192871 14794.061922073364 35233.119520187378 56 966.00028800964355 758 24 24 723 34 8680.0023040771484 2127.0014400482178 2387
leaf_count=2065739 36 18758 30 31861 52 52 18453 22 24 35 20 298 33 30 20 2290 26681 26 80961 35 28 39 17718 51 7785 35 21 32 20 1289 43 1327 420879 24 20 2015 124369 478 11469 8553 13289 32461 56 959 758 24 24 723 34 8624 2092 2387
internal_value=0.950287 0.928782 322.067 0.666438 473.968 181.887 20.2553 546.001 279.801 369.217 576.559 23.8086 295.051 27.1228 90.2048 26.8558 27.8323 506.424 6.77547 692.254 609.42 221.307 11.6713 45.7666 19.5111 543.805 61.4957 160.558 216.179 50.8856 82.0739 8.11535 0.470984 591.786 8.93979 18.525 7.91574 15.7807 26.6949 29.2318 6.01874 4.74328 42.7366 7.54462 8.61888 138.5 172.961 55.8385 -15.7702 21.3659 22.6107 17.2536
internal_weight=9.67677e+06 9.67612e+06 648 9.54654e+06 311 337 129587 242 196 112 220 91650 88 51745 218 51527 49132 137 295966 83 48 69 37937 141 39905 111 198 84 55 2310 168 178365 9.25057e+06 76 105 3356 175009 19008 46822 20043 47327.1 117601 99 18929 127682 69 45 2012 85 31994 23314 4514
internal_count=2903082 2902434 648 2773659 311 337 128775 242 196 112 220 91167 88 51521 218 51303 49013 137 287041 83 48 69 37608 141 39646 111 198 84 55 2310 168 173619 2486618 76 105 3342 170277 18931 46703 20022 45150 113422 99 18677 125127 69 45 2012 85 31861 23237 4479
is_linear=0
shrinkage=0.0235105


Tree=105
num_leaves=53
num_cat=0
split_feature=1 1 12 7 6 16 1 6 16 16 5 0 16 15 6 16 16 7 16 12 16 16 15 15 0 12 16 16 10 6 6 7 16 1 16 16 6 16 15 10 0 16 16 0 16 16 15 15 7 10 7 10
split_gain=2.14335e+10 1.3221e+10 5.65001e+09 2.58432e+09 2.38135e+09 1.62654e+09 1.51047e+09 1.04069e+09 1.27557e+09 1.88551e+09 1.01079e+09 8.48999e+08 8.3412e+08 5.98202e+08 5.15991e+08 4.28923e+08 3.87053e+08 3.49626e+08 3.35565e+08 3.59868e+08 3.27024e+08 3.18054e+08 3.09068e+08 6.22815e+08 7.18445e+08 2.80411e+08 3.45064e+08 2.63886e+08 2.50274e+08 2.40824e+08 2.22739e+08 2.16824e+08 2.12703e+08 1.93839e+08 3.60008e+08 1.74747e+08 1.69669e+08 1.57106e+08 2.62974e+08 1.52655e+08 1.45955e+08 7.07628e+08 3.51975e+08 2.21109e+08 1.4495e+08 1.38671e+08 1.37408e+08 1.35028e+08 1.34109e+08 1.33754e+08 1.32263e+08 1.25454e+08
threshold=0.67893700000000012 0.0013655000000000002 -0.0090079999999999986 0.00031550000000000008 0.89377350000000011 2038413.0000000002 0.0029575000000000005 0.94509250000000011 90131.000000000015 37006.000000000007 0.00064050000000000012 0.91397700000000015 5406.0000000000009 7.5000000000000002e-06 0.009300000000000001 136695.00000000003 1924838.0000000002 0.0023430000000000005 123542.00000000001 -0.00065649999999999986 1325915.5000000002 61568.500000000007 0.00013650000000000004 0.052283000000000003 0.92730450000000009 0.0099170000000000022 221411.50000000003 204854.50000000003 7.4500000000000008e-05 0.0014580000000000003 0.9135660000000001 0.0053510000000000007 136365.00000000003 0.91422250000000005 10777.500000000002 113780.00000000001 0.00010250000000000001 5217.5000000000009 7.3500000000000011e-05 0.00059250000000000014 0.23513350000000002 2654.5000000000005 2803.5000000000005 0.71441150000000009 387914.50000000006 2446896.0000000005 0.048364000000000011 1.0000000180025095e-35 0.0051090000000000007 0.00076150000000000013 0.00052950000000000013 0.00018350000000000004
decision_type=2 2 2 2 2 2 2 2 2 2 2 2 2 2 2 2 2 2 2 2 2 2 2 2 2 2 2 2 2 2 2 2 2 2 2 2 2 2 2 2 2 2 2 2 2 2 2 2 2 2 2 2
left_child=1 3 12 36 11 6 10 8 9 -6 18 -4 37 20 50 22 17 28 -3 44 -8 -9 33 24 -24 35 -27 -19 -5 -29 -11 -22 -10 34 -14 40 -1 38 -2 -31 -16 43 -43 -42 -20 48 -32 -21 -7 -12 -15 -37
right_child=2 5 4 16 7 45 13 21 32 30 49 -13 15 14 25 -17 -18 27 19 47 31 -23 23 -25 -26 26 -28 29 -30 39 46 -33 -34 -35 -36 51 -38 -39 -40 -41 41 42 -44 -45 -46 -47 -48 -49 -50 -51 -52 -53
leaf_value=-0.073306678781406037 111.04938840984755 19.473552796032013 264.78517232471665 0.22128484771521775 103.79015984657678 2.3430390441105655 11.821211494186832 153.33752424019997 148.04438337967062 364.30954940269748 7.003531149741006 438.37999595218895 187.96323544214181 16.145138708874118 1.2910601432234878 33.038246722668582 0.25956043675466894 -0.37262908355515456 16.251714472919712 6.6273188883943543 7.5094079763416621 37.943465097720605 121.70479922456961 180.25124107907945 -43.838982935270515 131.46656754189652 30.144678070360424 -0.23009130552899262 3.1030194876080683 16.854300967657228 312.29701384801098 20.683498233526151 59.732892079924085 197.91170290683712 59.071502719608674 14.099157304570626 0.70492821756616686 -20.605452134093206 16.808360632839506 7.3339045147858508 -77.831549860911096 165.19664427028499 44.699947722817157 11.120834012765524 9.7994540432361301 -0.52626652770545035 239.33827105962428 0.62113564354109085 16.202167773031203 3.1834667515997346 2.2365628375279121 33.427685299654378
leaf_weight=9106770.0297851562 21 1557 39 18671.11664390564 36 21410.01296043396 40960.010368347168 22 48 26 5541.0031681060791 26 23 393 808.00086402893066 44 34117.042331695557 1460.0020160675049 2322 10115.000864028931 17443.001440048218 33 30 26 28 20 259 867.00230407714844 154526.06651115417 2585 34 719 22 29 25 697 157525.49741363525 35 74 1455.0005760192871 26 21 37 38 11244.001152038574 12336.029153823853 25 2601.0017280578613 393 59140.02437210083 9837.0031681060791 253
leaf_count=2879242 21 1557 39 15836 36 21095 40708 22 48 26 5464 26 23 393 787 44 33123 1411 2322 10094 17408 33 30 26 28 20 259 811 152916 2585 34 719 22 29 25 697 145527 35 74 1441 26 21 37 38 11216 11671 25 2559 393 58552 9760 253
internal_value=0.133589 0.124548 135.549 -0.0011144 207.712 6.13465 7.10636 174.259 200.208 246.421 5.1229 334.272 68.5554 9.67253 4.97514 98.0959 2.55512 2.99127 8.86862 8.24035 10.6569 84.1283 115.874 84.6693 41.7936 15.4193 37.4132 8.40201 2.79236 11.0128 306.816 8.03096 120.305 149.901 120.861 12.1551 -0.0600739 21.9666 37.6517 13.4256 4.91045 28.878 88.3473 -25.0185 10.9039 1.46577 281.427 5.39879 2.59286 3.51072 2.77091 19.247
internal_weight=9.67679e+06 9.67615e+06 646 9.47798e+06 311 198170 164031 246 191 121 92520 65 335 71511 12389 205 213681 179564 27839 26282 59122 55 161 84 58 2159 279 6367 173197 4907 85 18162 70 77 48 1880 9.2643e+06 130 95 4040 930.001 122 58 64 13566 34139 59 12716 21803 64681 10230 950
internal_count=3429587 3428941 646 3232892 311 196049 162890 246 191 121 91764 65 335 71126 12291 205 208123 175000 27748 26191 58835 55 161 84 58 2138 279 6248 168752 4837 85 18127 70 77 48 1859 3024769 130 95 4026 909 122 58 64 13538 33159 59 12653 21488 64016 10153 950
is_linear=0
shrinkage=0.0235105


Tree=106
num_leaves=53
num_cat=0
split_feature=4 3 2 16 12 4 8 12 3 16 2 16 16 16 16 16 1 16 16 16 16 13 4 12 13 16 13 16 13 16 16 13 12 16 8 8 12 16 16 16 16 16 16 3 16 8 13 16 13 12 13 16
split_gain=5.08445e+10 3.66205e+10 7.4687e+09 6.70799e+09 5.4661e+09 3.97337e+09 3.57284e+09 3.27846e+09 2.31344e+09 2.28934e+09 1.7109e+09 1.51939e+09 1.07953e+09 1.05615e+09 9.93934e+08 9.53523e+08 1.31658e+09 7.90416e+08 7.29704e+08 6.92388e+08 5.4389e+08 4.84817e+08 4.84545e+08 5.70624e+08 7.26712e+08 4.27618e+08 4.21318e+08 3.9858e+08 4.12741e+08 3.74802e+08 3.50839e+08 3.18624e+08 3.11934e+08 7.11165e+08 3.03918e+08 2.98878e+08 2.79315e+08 2.77265e+08 2.69652e+08 2.58309e+08 2.50339e+08 2.47439e+08 2.46526e+08 2.2194e+08 2.43263e+08 1.82254e+08 3.88376e+08 1.77111e+08 7.92463e+08 2.41187e+08 1.57626e+08 1.44415e+08
threshold=0.91397700000000015 0.0017620000000000003 0.00042050000000000003 1866292.0000000002 0.018189500000000001 0.23513350000000002 0.95254850000000013 -0.0049834999999999992 0.0026005000000000004 179821.50000000003 0.90392850000000002 1744366.5000000002 13173.500000000002 136695.00000000003 39649.500000000007 109249.00000000001 0.92514000000000018 2304769.5000000005 1414782.5000000002 48718.500000000007 15312.500000000002 0.0024710000000000005 0.23513350000000002 -0.0078809999999999974 -0.010948499999999998 82440.500000000015 0.00022150000000000004 871864.50000000012 0.00046750000000000009 173404.50000000003 123542.00000000001 -0.0039084999999999996 -0.14644149999999997 18975.000000000004 0.0055660000000000006 6.6500000000000017e-05 -0.0039964999999999992 2684.0000000000005 148176.50000000003 17218.000000000004 2313.5000000000005 5107.0000000000009 2377128.0000000005 0.00046950000000000003 278534.50000000006 0.0009695000000000002 0.00025750000000000008 74822.500000000015 -0.00012949999999999998 -0.00059749999999999983 -0.00045249999999999994 155190.50000000003
decision_type=2 2 2 2 2 2 2 2 2 2 2 2 2 2 2 2 2 2 2 2 2 2 2 2 2 2 2 2 2 2 2 2 2 2 2 2 2 2 2 2 2 2 2 2 2 2 2 2 2 2 2 2
left_child=1 2 35 4 8 -6 7 12 26 -7 18 27 -2 -12 -9 16 25 34 21 20 -8 22 23 -10 29 -14 -3 28 39 -25 -30 -20 37 -34 -5 43 -22 40 -28 50 -24 -39 -13 -1 -45 -41 47 48 49 -47 -4 -15
right_child=6 3 11 17 5 9 19 14 10 -11 13 42 15 51 -16 -17 -18 -19 31 -21 36 -23 32 24 -26 -27 38 -29 30 -31 -32 -33 33 -35 -36 -37 -38 41 -40 45 -42 -43 -44 44 -46 46 -48 -49 -50 -51 -52 -53
leaf_value=-0.09558750327850965 134.52429707614886 7.219605421597457 0.12984541896260243 5.8245121409534528 42.988560080221738 401.1519183309515 146.90650745857627 315.37046491627018 3.4346342395440232 96.499695608253546 261.18633943378092 1.5842158116788838 434.4784720567485 107.95056067024271 509.8994349248859 180.84523028860238 176.1573671011879 -0.97876700755987178 26.869310818144502 110.2737646220975 336.16848713511649 20.884715064857172 -16.023022318580484 7.6789599430523996 16.182911290628731 318.29500843703266 25.486927032456332 3.6115264106910083 26.699098608523997 37.303223867870742 6.3107410169690938 11.825471470677947 180.59968169891181 27.496716740562626 25.323149649389041 0.50693719009382121 214.44964265083172 -13.487773290850059 11.945771765474214 4.2856104256866576 74.677390842058529 45.111747055230005 -1.686551177809573 -0.62343579550953832 44.136104745424575 -1.1075178993650632 25.190752633583529 5.8855731802139672 32.671622245513511 9.5538239686682278 12.515031209103173 19.945456846447868
leaf_weight=8743021.9895973206 26 21554.008640289307 6875.0204486846924 17660.005561828613 71 44 29 20 1917.0014400482178 21 25 44945.039636611938 45 22 63 28 22 16071.018266677856 850 48 24 21095.000864028931 21 298 40997.005184173584 31 1113.0002880096436 91733.035713195801 987 1414 959 17842.001152038574 29 44 473 502878.03782844543 20 93 3553.0011520385742 33738.033985137939 106 75 18850.03998374939 143 137 1584.0066242218018 627 78122.033697128296 778.00057601928711 5363.002592086792 648.00115203857422 21
leaf_count=2468319 26 21344 6378 17527 71 44 29 20 1882 21 25 43986 45 22 63 28 22 15651 850 48 24 21074 21 298 40871 31 1106 90865 987 1414 959 17814 29 44 473 453687 20 93 3525 32912 106 75 17961 143 137 1423 627 77303 764 5300 620 21
internal_value=0.248812 0.238258 0.0558528 12.1947 15.0542 167.144 287.124 341.705 14.868 302.741 16.7939 3.88204 275.417 137.146 463.056 304.478 339.785 2.89759 16.6974 181.126 227.689 17.8818 16.474 16.2477 16.8228 387.13 8.63548 4.82255 5.6792 32.1467 16.6517 12.5096 43.9072 88.3342 6.33316 -0.0621703 280.895 32.9105 15.1759 5.51204 59.6763 12.6738 0.617775 -0.094903 21.2761 5.7821 6.36596 6.22846 9.69601 7.12289 1.19669 64.993
internal_weight=9.67715e+06 9.6768e+06 9.53139e+06 145409 111205 136 356 235 111069 65 84849 285209 152 68 83 126 98 34204 84781 121 73 66089 44994 44626 42709 76 26220 221414 129681 1712 1946 18692 368 73 18133 9.24618e+06 44 295 4666 127735 127 168 63795.1 8.7433e+06 280 120212 86474 85847 7725.01 6947.01 7523.02 43
internal_count=3347128 3346772 3202371 144401 110750 136 356 235 110614 65 84639 280085 152 68 83 126 98 33651 84571 121 73 65907 44833 44465 42583 76 25975 218138 127273 1712 1946 18664 368 73 18000 2922286 44 295 4631 125327 127 168 61947 2468599 280 118329 85417 84790 7487 6723 6998 43
is_linear=0
shrinkage=0.0240061


Tree=107
num_leaves=53
num_cat=0
split_feature=1 2 16 16 2 16 11 2 16 15 14 16 14 16 11 11 16 16 11 14 16 16 16 14 2 16 1 16 16 1 16 16 16 16 16 11 16 16 7 1 16 16 11 16 16 5 2 10 2 16 11 16
split_gain=2.31348e+09 1.59511e+09 6.19061e+08 5.93347e+08 4.67217e+08 3.21789e+08 3.00636e+08 2.56959e+08 2.06209e+08 1.64731e+08 1.60214e+08 2.75018e+08 1.74449e+08 3.02992e+08 2.91282e+08 2.53392e+08 3.57817e+08 1.53415e+08 2.17996e+08 1.35564e+08 1.35269e+08 1.26084e+08 9.06475e+07 8.92759e+07 7.99896e+07 1.06082e+08 2.47907e+08 3.67025e+08 4.59897e+08 2.21419e+08 7.99131e+07 1.07767e+08 1.73092e+08 4.97332e+08 3.29233e+08 1.07e+08 8.24193e+07 6.944e+07 6.7729e+07 6.33483e+07 5.97156e+07 5.68106e+07 6.91638e+07 9.57061e+07 5.79738e+07 1.34686e+08 1.29921e+08 9.91138e+07 5.49903e+07 5.45671e+07 1.9025e+08 5.42236e+07
threshold=0.67893700000000012 0.0022120000000000004 1867202.0000000002 10136.500000000002 0.00038850000000000006 139028.50000000003 0.94009900000000013 0.95353650000000012 1758378.5000000002 6.5000000000000013e-06 0.019083500000000003 50875.500000000007 0.046726000000000011 31907.000000000004 0.91575650000000008 0.00037450000000000005 15700.500000000002 7674.0000000000009 0.00042250000000000008 0.025577000000000006 5183.0000000000009 1068882.5000000002 2464782.0000000005 4.3500000000000007e-05 0.0089480000000000028 2654.5000000000005 0.19902250000000002 20217.500000000004 2803.5000000000005 0.57152900000000006 2427.0000000000005 2500.0000000000005 2553.5000000000005 2596.0000000000005 2617.5000000000005 0.00043550000000000007 2723.0000000000005 102818.00000000001 0.00054850000000000005 0.91422250000000005 5039.0000000000009 886893.00000000012 3.6500000000000006e-05 230529.50000000003 95705.500000000015 0.00060450000000000011 0.00098250000000000008 0.0014435000000000001 0.0014205000000000001 9849.5000000000018 0.22499750000000004 161042.00000000003
decision_type=2 2 2 2 2 2 2 2 2 2 2 2 2 2 2 2 2 2 2 2 2 2 2 2 2 2 2 2 2 2 2 2 2 2 2 2 2 2 2 2 2 2 2 2 2 2 2 2 2 2 2 2
left_child=1 4 9 17 -1 6 7 10 41 21 -5 12 -12 14 15 -14 -17 18 -2 51 40 30 -4 -23 38 29 37 28 -28 -26 35 -32 -33 -34 -35 -3 -36 49 -11 -13 -20 42 43 -6 45 46 47 -44 -45 50 -27 -7
right_child=3 2 22 5 8 19 -8 -9 -10 24 11 39 13 -15 -16 16 -18 -19 20 -21 -22 23 -24 -25 25 26 27 -29 -30 -31 31 32 33 34 36 -37 -38 -39 -40 -41 -42 -43 44 48 -46 -47 -48 -49 -50 -51 -52 -53
leaf_value=0.20686690982136771 551.37362987255142 657.19861457011041 5.5021621217795218 452.17836817541559 -11.715234304105353 98.376246421612407 85.042388556545532 105.9863176336214 -1.6719564965935609 79.000789453042628 1068.5724229948455 1354.526816434485 1066.3738872225563 -119.69631446763951 1247.5408320130809 -296.51081090936589 704.81245092447602 -468.59291517141128 14.516140026451922 502.19266281479514 -323.35537162033836 24.221826677121982 -18.87540702647842 111.77364737135544 -560.27634479924768 -96.308031249300839 887.48369742412888 1154.7056326091013 -313.94988304112127 143.49101952528284 -539.43149386890695 881.35096963519243 -1795.1242500595229 1536.2699324979585 -402.72988138372551 -3.0672754266778948 41.809162228840918 68.634209969746365 1.6404917576094733 960.84553096878551 399.30024581437311 7.1686963015238137 59.133779238499564 11.884434208696852 13.036408782965733 13.435401753739384 99.614975240370498 -5.5420382918910525 90.540774556176885 -20.866660974906235 622.59894969622485 -322.82013860240261
leaf_weight=9241243.6490478516 37 20 22908.006912231445 85 8126.034273147583 33 46 34 67679.092657089233 481 30 26 22 24 27 26 33 20 48 26 38 32040.010368347168 8537.0088901519775 482 35 40 21 20 34 38 12.999999999999998 9.9999999999999982 5.9999999999999991 5.9999999999999991 17 20 47024.011232376099 1379.0011520385742 11332.003744125366 47 25 97448.048097610474 2277.0020160675049 895.00115203857422 117296.06365013123 12018.009792327881 1618.0014400482178 1678.0023040771484 609 753 24 20
leaf_count=2633446 37 20 22740 85 7293 33 46 34 65488 481 30 26 22 24 27 26 33 20 48 26 38 31788 8334 482 35 40 21 20 34 38 13 10 6 6 17 20 46751 1351 11241 47 25 96279 2228 867 115749 11780 1583 1622 609 753 24 20
internal_value=0.787791 0.762261 23.4023 382.591 0.465383 497.113 570.663 633.765 8.18072 31.6222 689.84 775.782 629.075 529.102 673.299 481.744 263.566 56.0831 127.019 124.694 -14.4668 35.1901 -1.11608 25.5195 11.5517 45.6251 53.3272 414.286 144.873 -193.931 41.8652 41.6227 41.7834 41.6047 41.8393 327.11 41.6484 40.9968 4.79059 1101.21 146.334 10.9366 13.4773 -3.05502 14.6576 25.4672 51.4132 31.6934 43.7348 -5.65124 173.32 -60.5733
internal_weight=9.67677e+06 9.67613e+06 125240 647 9.55089e+06 479 400 354 309644 93795 320 235 162 132 108 81 59 168 148 79 111 79638 31445 32522 14157 2344 2271 75 55 73 47116 47076 47063 47053 47047 40 47041 2196 11813 73 73 241965 144517 9630.04 134887 17591 5573.01 3955 1504 817 64 53
internal_count=3061816 3061169 124225 647 2936944 479 400 354 303498 93151 320 235 162 132 108 81 59 168 148 79 111 79113 31074 32270 14038 2316 2243 75 55 73 46843 46803 46790 46780 46774 40 46768 2168 11722 73 73 238010 141731 8769 132962 17213 5433 3850 1476 817 64 53
is_linear=0
shrinkage=0.201922


Tree=108
num_leaves=53
num_cat=0
split_feature=0 1 12 1 11 13 11 1 12 13 9 13 13 12 13 13 13 13 13 11 12 13 9 11 12 9 1 1 13 4 9 9 9 9 9 13 11 12 12 12 10 5 12 11 13 5 13 10 4 12 1 0
split_gain=2.89213e+10 1.8126e+10 3.6153e+09 3.18738e+09 3.10188e+09 1.82528e+09 1.59627e+09 1.26658e+09 1.1054e+09 1.09501e+09 9.88969e+08 7.9719e+08 9.55994e+08 6.36155e+08 3.56414e+08 3.47633e+08 3.02353e+08 2.46285e+08 2.18421e+08 1.9464e+08 1.99293e+08 1.92534e+08 1.92441e+08 5.55033e+08 4.59745e+08 1.81003e+08 3.15265e+08 1.61956e+08 1.57932e+08 2.79229e+08 2.4923e+08 6.04112e+08 4.31656e+08 3.67205e+08 2.32642e+08 1.67923e+08 1.54588e+08 2.1303e+08 1.46522e+08 1.40595e+08 1.22281e+08 3.13272e+08 9.83148e+07 8.64142e+07 7.89481e+07 7.7387e+07 7.36548e+07 7.30721e+07 7.23487e+07 6.91656e+07 7.01884e+07 6.55163e+07
threshold=0.91397700000000015 0.0015305000000000002 0.018189500000000001 0.00029750000000000008 0.22499750000000004 -0.91149699999999989 0.94009900000000013 0.0029575000000000005 -0.0045529999999999989 0.00026350000000000006 0.0014745000000000003 -0.0053389999999999991 -0.88436849999999989 0.00010050000000000002 -0.93469649999999993 -0.00090849999999999991 0.0024755000000000007 0.0013635000000000003 -0.0025839999999999995 4.5500000000000008e-05 0.0072550000000000002 -0.0025669999999999994 0.0071595000000000009 0.91575650000000008 -0.022734999999999995 0.00018050000000000002 0.92514000000000018 0.00095050000000000006 -0.16861499999999999 0.020888000000000004 0.0020215000000000003 0.00041950000000000011 0.00037550000000000007 0.0066970000000000007 0.010637000000000002 -0.010948499999999998 0.00037950000000000006 -0.0033129999999999995 -0.010357999999999997 -6.0499999999999993e-05 0.00055950000000000021 0.0015570000000000002 -0.0011874999999999998 5.1500000000000005e-05 -0.0030989999999999998 0.00018350000000000004 -0.00046949999999999992 0.11878000000000001 0.00054450000000000017 -0.041660999999999997 0.14155050000000002 0.95752500000000007
decision_type=2 2 2 2 2 2 2 2 2 2 2 2 2 2 2 2 2 2 2 2 2 2 2 2 2 2 2 2 2 2 2 2 2 2 2 2 2 2 2 2 2 2 2 2 2 2 2 2 2 2 2 2
left_child=1 3 7 15 -4 14 8 9 22 21 -6 12 38 17 -2 45 40 18 -5 -14 28 -3 23 24 -7 26 -26 -15 30 35 31 32 -21 -32 -35 -30 -10 -38 -9 -17 -13 -42 -11 -20 -43 -1 -41 -37 -45 50 -31 -8
right_child=5 2 4 13 10 6 51 11 36 42 -12 16 19 27 -16 39 -18 -19 43 20 -22 -23 -24 -25 25 -27 -28 -29 29 49 33 -33 -34 34 -36 47 37 -39 -40 46 41 44 -44 48 -46 -47 -48 -49 -50 -51 -52 -53
leaf_value=4.6821079264273573 58.40526950733166 10.472260731191758 35.02986460516307 9.9657267342456723 232.76915739340609 187.37741643363913 92.010263114109335 87.053566438929906 485.29518023617953 14.729097326587427 483.77839584999566 12.285296858054847 -7.983735837262671 0.50534150304645153 190.93866553190918 0.52291172006463471 13.184555313139663 11.600570283913157 0.30673582374397823 60.242852481263071 38.580293891899409 4.0670471755719388 198.96396113565561 413.30980340405875 331.05178066796606 382.69959382759032 190.89914130626281 2.7516667178994529 30.599842827199542 15.589425056045698 -91.236293116428101 210.89504701197632 -59.99893746529321 54.945003793767619 -35.14854935673673 19.309317184209867 319.91822572894739 441.06310128961599 172.99063564718767 22.611324445253995 10.688275535086195 10.098190512956856 10.640087522499259 3.4252265803791984 4.0404309873072322 13.030524523432545 -0.11911934577908125 5.9652740575658703 4.857395900376404 -7.6766430180555076 -6.6142468152112821 166.0906879297041
leaf_weight=7767.0083522796631 32 4346.0018177032471 76 4738.0008640289307 41 40 21 34 22 6558.0023040771484 20 10769.00527381897 209 84620.569633483887 38 302206.09667205811 32493.008333206177 3492.0005760192871 6561.0285129547119 172 495 53085.047086715698 20 28 40 21 21 40683.048431396484 1173.0002880096436 424 26 20 30 88 34 4126.0011520385742 21 31 34 122 24644.0061378479 2221.0002880096436 21654.013011932373 144643.09871101379 10781.006048202515 1083.0002880096436 8871340.2161979675 384 38160.022932052612 319 171 20
leaf_count=7564 32 4304 76 4717 41 40 21 34 22 6502 20 10643 209 70858 38 275640 32297 3478 5868 172 495 51958 20 28 40 21 21 39556 1166 424 26 20 30 88 34 4098 21 31 34 122 24497 2214 21353 142270 10634 1076 2590855 384 37607 319 171 20
internal_value=0.18958 0.179895 9.52604 0.00839091 159.754 264.251 297.138 9.40794 325.522 6.87045 315.126 11.8594 20.8304 2.86543 130.376 -0.0920753 11.0013 3.89958 3.76103 19.8621 20.6421 4.55176 284.402 295.781 268.775 308.455 282.839 1.23467 19.3675 18.3242 37.968 57.5734 42.3814 8.55805 29.8334 20.7382 419.937 392.207 130.035 -0.0976667 9.53611 8.74967 11.5906 3.60579 5.07523 5.70375 -0.118807 18.1732 3.72419 3.31483 9.20791 128.194
internal_weight=9.6802e+06 9.67984e+06 174427 9.50542e+06 137 355 285 174290 244 85643.1 61 88647 7739 322898 70 9.18252e+06 80908 197594 194102 7671 7462 57431 170 150 122 82 61 125304 6967 6597 370 222 202 148 122 5683 74 52 68 9.17367e+06 48415 37646 28212 189364 13002 8850.01 8.87146e+06 4510 182803 914 595 41
internal_count=3352209 3351854 172243 3179611 137 355 285 172106 244 84117 61 87989 7704 304354 70 2875257 80285 193940 190462 7636 7427 56262 170 150 122 82 61 110414 6932 6562 370 222 202 148 122 5648 74 52 68 2866617 47988 37345 27855 185745 12848 8640 2590977 4482 179877 914 595 41
is_linear=0
shrinkage=0.0292575


Tree=109
num_leaves=53
num_cat=0
split_feature=5 3 12 16 2 16 16 8 8 5 16 16 16 16 9 16 16 9 9 2 8 5 9 16 16 2 16 16 16 7 16 16 9 9 2 16 16 16 8 10 7 16 9 7 12 10 10 16 7 10 10 16
split_gain=1.28118e+10 9.62042e+09 3.13553e+09 2.82277e+09 2.39446e+09 1.22344e+09 9.93705e+08 1.34459e+09 9.77925e+08 7.56204e+08 7.2412e+08 6.93982e+08 6.2979e+08 1.15011e+09 1.27734e+09 7.51916e+08 1.10032e+09 5.60427e+08 5.32668e+08 5.30666e+08 5.08601e+08 3.49835e+08 3.42855e+08 3.29875e+08 2.96942e+08 2.37428e+08 2.36347e+08 2.36072e+08 3.29296e+08 3.28017e+08 1.16028e+09 3.86318e+08 4.29293e+08 3.28038e+08 2.78326e+08 2.3372e+08 2.25746e+08 2.04223e+08 1.89522e+08 1.88051e+08 1.79638e+08 2.26535e+08 1.6881e+08 1.68705e+08 1.6641e+08 2.22856e+08 1.76658e+08 1.59869e+08 1.58318e+08 2.34587e+08 1.51465e+08 1.49926e+08
threshold=0.67893700000000012 0.0023025000000000003 -0.0066269999999999992 1908639.5000000002 0.00037150000000000003 5206.5000000000009 177022.50000000003 0.95254850000000013 0.92074100000000014 0.92514000000000018 1783040.5000000002 37006.000000000007 136365.00000000003 10459.500000000002 0.00018850000000000006 97997.500000000015 15860.500000000002 0.00035250000000000006 0.0025995000000000002 0.90392850000000002 0.0032375000000000004 0.92514000000000018 0.0066970000000000007 61568.500000000007 2257331.5000000005 0.0016210000000000003 71837.500000000015 145194.50000000003 1240050.5000000002 0.16861500000000004 24713.500000000004 2684.0000000000005 0.0003765000000000001 0.0020215000000000003 0.50008800000000009 682712.50000000012 2588.0000000000005 17624.500000000004 0.95254850000000013 4.0500000000000009e-05 0.00056050000000000013 1284795.0000000002 0.0088010000000000015 0.014131500000000002 -0.0013634999999999999 0.00087950000000000018 0.0046515000000000003 49988.000000000007 0.00058450000000000006 0.00091850000000000015 7.2500000000000014e-05 134974.50000000003
decision_type=2 2 2 2 2 2 2 2 2 2 2 2 2 2 2 2 2 2 2 2 2 2 2 2 2 2 2 2 2 2 2 2 2 2 2 2 2 2 2 2 2 2 2 2 2 2 2 2 2 2 2 2
left_child=1 4 5 20 -1 17 7 11 19 12 35 -4 13 14 -10 16 -15 -2 21 -7 40 -13 -16 -9 -5 -22 -20 29 43 44 31 32 34 37 -31 39 42 -33 -19 47 41 -3 -34 48 -27 -46 -47 -6 -29 -50 -45 -41
right_child=2 3 6 24 10 8 -8 23 9 -11 -12 18 -14 15 22 -17 -18 38 26 -21 25 -23 -24 -25 -26 27 -28 28 -30 30 -32 33 36 -35 -36 -37 -38 -39 -40 51 -42 -43 -44 50 45 46 -48 -49 49 -51 -52 -53
leaf_value=-0.0053249984650076999 -140.81579670282483 10.272751249217778 128.87239415636091 3.519911252221378 -1.3717714819561899 -78.767579834573837 22.006357313618448 153.42550687270523 221.12722256028053 20.317730060200802 -0.11880970556707214 204.80702960486872 41.279003796441522 179.76219906861257 -85.998796759188508 135.71021608558797 418.0485381755567 86.886400446461806 419.99845342781146 94.607732664461551 -0.52129843850765289 315.16901793348222 63.36981119168361 26.714985809828569 -1.8774531022519292 0.76232862751556019 291.30449122567489 15.769421037290897 9.5277107628454818 184.74519668489211 235.19086864195626 64.897464673762528 7.1924624040735949 -113.40922779279475 48.897177401603457 2.2804338526824166 -61.575185826692099 -40.400274271508195 -9.1273093695224095 6.2468579635764909 4.5330153768745314 5.389868104564691 101.33043460988111 6.8568486223841463 19.488631547237205 0.82189112366295392 23.836284747524882 5.2542312877837372 14.630852557248195 6.8614663233128397 33.828151111182542 3.7684123803647438
leaf_weight=9237718.8553657532 20 21836.001440048218 27 13177.005760192871 8249.0195846557617 31 22 43 30 45 66347.103691101074 61 37 31 21 40 26 22 22 22 1125.0086402893066 32 24 23 17060.015565872192 2665.0005760192871 20 16395.000288009644 15644.001152038574 22 20 25 41 23 22 132444.06661987305 22 29 47 22776.010746002197 9734.0020160675049 10152.002880096436 21 206 1133.0002880096436 1596.0002880096436 287 3917.0043201446533 7494 4559.0005760192871 578 81517.031393051147
leaf_count=2771229 20 21801 27 13037 7773 31 22 43 30 45 63890 61 37 31 21 40 26 22 22 22 915 32 24 23 16710 2651 20 16388 15616 22 20 25 41 23 22 130827 22 29 47 22517 9685 10082 21 206 1126 1589 287 3812 7494 4545 578 80754
internal_value=0.178655 0.170626 120.444 7.64884 0.0736619 73.1674 195.328 212.054 98.7251 120.742 2.3882 253.916 142.364 164.108 84.6736 225.512 288.503 -14.9916 278.917 -6.78516 9.96571 242.812 -6.32985 109.284 0.474665 11.7503 358.788 12.0221 12.6901 6.94629 38.9266 19.766 48.5187 -28.0293 116.842 3.05646 12.7198 8.34748 21.4916 3.93901 7.74552 8.72308 39.0902 14.3826 5.67959 10.0245 4.32986 0.761549 14.0419 11.6921 26.7415 4.30967
internal_weight=9.67748e+06 9.67684e+06 646 123866 9.55297e+06 396 250 228 307 254 315250 162 209 172 75 97 57 89 135 53 93629 93 45 66 30237 51907 42 50782 44876 5906 225 205 128 77 44 248903 84 54 69 116459 41722 31988 62 29232 5681 3016 1883 12166 28448 12053 784 104293
internal_count=3204383 3203737 646 122935 3080802 396 250 228 307 254 309573 162 209 172 75 97 57 89 135 53 93188 93 45 66 29747 51620 42 50705 44827 5878 225 205 128 77 44 245683 84 54 69 114856 41568 31883 62 29211 5653 3002 1876 11585 28427 12039 784 103271
is_linear=0
shrinkage=0.0270069


Tree=110
num_leaves=53
num_cat=0
split_feature=4 3 16 16 16 16 2 16 5 9 16 2 15 12 11 16 9 16 12 16 3 2 2 3 16 4 16 16 12 11 11 11 15 16 4 11 12 11 11 16 16 16 15 9 16 3 16 16 2 3 5 12
split_gain=1.72201e+09 1.30482e+09 6.26052e+08 5.31997e+08 4.08126e+08 4.74723e+08 3.05019e+08 2.8944e+08 4.96818e+08 5.70498e+08 4.13378e+08 3.85331e+08 3.50544e+08 2.09748e+08 4.65623e+08 4.11309e+08 1.93641e+08 1.39409e+08 1.1343e+08 1.07319e+08 8.43769e+07 6.01376e+07 5.75964e+07 1.69706e+08 1.19457e+08 6.08086e+07 2.09893e+08 4.68299e+08 1.93496e+08 1.38914e+08 3.37888e+08 1.68216e+08 7.39633e+07 6.86194e+07 8.62874e+07 6.50582e+07 5.81225e+07 5.32226e+07 5.38396e+07 1.12925e+08 4.4249e+07 5.24504e+07 5.49524e+07 5.64131e+07 4.34695e+07 5.90983e+07 4.02451e+07 6.97031e+07 6.78617e+07 5.47832e+07 5.29052e+07 5.06732e+07
threshold=0.91397700000000015 0.0022775000000000004 10136.500000000002 2101733.0000000005 12985.500000000002 15860.500000000002 0.00034350000000000006 93380.000000000015 0.92514000000000018 0.0079260000000000008 26451.500000000004 0.91595400000000005 0.044856500000000007 0.018189500000000001 0.22499750000000004 158204.00000000003 0.0075360000000000002 1607570.0000000002 -0.0032704999999999995 1353914.5000000002 0.005356500000000001 0.079978000000000007 0.90392850000000002 0.75452300000000017 134019.50000000003 0.23513350000000002 5406.0000000000009 8149.5000000000009 -0.049512999999999995 0.00038550000000000005 0.00041350000000000008 0.00043450000000000004 1.4500000000000002e-05 29672.500000000004 0.004719000000000001 4.6500000000000005e-05 -0.0045529999999999989 0.00024350000000000004 0.24171800000000002 10649.500000000002 5747.0000000000009 7220.5000000000009 1.0000000180025095e-35 0.0034060000000000006 2661005.0000000005 0.005092000000000001 489397.00000000006 303928.50000000006 2.5000000000000002e-06 0.00046950000000000003 0.00037750000000000007 -2.6499999999999997e-05
decision_type=2 2 2 2 2 2 2 2 2 2 2 2 2 2 2 2 2 2 2 2 2 2 2 2 2 2 2 2 2 2 2 2 2 2 2 2 2 2 2 2 2 2 2 2 2 2 2 2 2 2 2 2
left_child=1 6 -2 13 -4 -6 46 8 12 10 -10 -12 -7 19 21 -16 -14 40 -13 22 -21 -15 23 25 -24 32 29 -28 -29 -27 -31 -32 33 35 36 -3 -35 -34 39 -39 -8 42 43 -42 45 -5 47 -1 -48 50 -49 -51
right_child=2 3 4 44 5 7 17 -9 9 -11 11 18 16 14 15 -17 -18 -19 -20 20 -22 -23 24 -25 -26 26 27 28 -30 30 31 -33 37 34 -36 -37 -38 38 -40 -41 41 -43 -44 -45 -46 -47 48 49 -50 51 -52 -53
leaf_value=0.21785850848527555 -831.36657552727706 -197.78305146800813 1803.4259674350205 -7.6756827264193852 -662.3212836363457 2203.6092731030085 -75.814831908682407 158.85363395329423 -256.4962466232725 -726.31178868119684 1760.8592095056638 907.68726971104593 1561.3364387185502 69.436125153873775 1655.0662992695461 196.34561002776528 465.97761643483216 -0.8749945279258331 143.06540560719768 21.455981315841132 113.48093155510728 -498.49626269155522 821.5750931685003 -702.3901653875248 35.728289699827833 -420.54748942157971 1744.7370304902515 -429.18209532301552 752.0037471746723 1072.9931771812135 -754.42470817909759 99.86270747787529 -72.493353080704196 -19.806671196520671 80.666468364593214 3.0018637931885679 45.026768798118205 453.38953306059591 -203.97632055843047 21.362956160824123 57.703818834571166 12.400884602652992 -19.296551508617579 389.23450141936831 -42.814357453498332 80.66121428839692 -1.1837811625596413 3.2950606069984634 0.71504190170846016 -2.9967127318163436 106.26514322549127 240.13358782959128
leaf_weight=2550481.1700344086 22 152 25 19465.014938354492 21 29 447 58 24 23 37 42 24 55 32 29 27 84887.119729995728 24 30536.010368347168 805 20 23 24 45 41 20 24 20 27 20 194 513.00028800964355 1110.0028800964355 5466.0043201446533 773 56129.014976501465 48 82 5730.0011520385742 74 236310.17845726013 108.00028800964355 89 2712.0007553100586 615 3313537.066526413 685185.97918510437 2680003.7714710236 124.00115203857422 393.00057601928711 148
leaf_count=772051 22 152 25 19115 21 29 447 58 24 23 37 42 24 55 32 29 27 82038 24 30284 805 20 23 24 45 41 20 24 20 27 20 194 506 1040 5361 773 55765 48 82 5702 74 231977 101 89 2698 615 618775 394023 828721 96 379 148
internal_value=0.78687 0.764168 617.821 29.2777 713.337 625.077 0.391889 718.986 860.228 559.022 791.865 1036.19 1424.84 37.9436 386.127 961.69 981.688 8.88159 629.73 37.4783 23.8197 -82.0301 43.5553 43.3059 301.621 43.5604 160.891 619.541 107.792 56.7769 138.004 19.9786 42.9805 45.8667 46.9858 -29.9926 43.7695 14.163 21.7494 24.9535 12.3757 12.5424 135.902 238.739 -9.47316 -4.97004 0.0957892 0.893082 -0.334725 3.40404 3.35409 129.291
internal_weight=9.67685e+06 9.6765e+06 356 124710 334 309 9.55179e+06 288 230 150 127 103 80 101918 136 61 51 321915 66 101782 31341 75 70441 70373 68 70349 346 64 44 282 241 214 70003 63630 62705 925 57239 6373 5860 5778 237028 236581 271 163 22792 20080 9.22987e+06 3.23633e+06 5.99354e+06 685851 685579 272.001
internal_count=3052795 3052439 356 123520 334 309 2928919 288 230 150 127 103 80 101092 136 61 51 314726 66 100956 31089 75 69867 69799 68 69775 346 64 44 282 241 214 69429 63091 62166 925 56805 6338 5832 5750 232688 232241 264 163 22428 19730 2614193 1166697 1447496 394646 394402 244
is_linear=0
shrinkage=0.280572


Tree=111
num_leaves=53
num_cat=0
split_feature=0 8 16 11 0 0 16 16 9 11 15 15 16 8 8 16 7 7 16 11 16 9 9 9 9 16 16 9 9 16 15 8 3 16 16 16 9 16 8 9 15 7 15 11 16 0 16 4 16 0 16 7
split_gain=7.25296e+08 5.83932e+08 2.6377e+08 2.16294e+08 5.88086e+08 4.39514e+08 4.95028e+08 3.32235e+08 2.52727e+08 5.43097e+08 2.54942e+08 2.2183e+08 2.09966e+08 1.40305e+08 9.56399e+07 6.6855e+07 8.4527e+07 6.37434e+07 9.65806e+07 6.05669e+07 2.33435e+08 9.19734e+08 3.13419e+08 5.75552e+08 4.68628e+08 1.31319e+08 1.83142e+08 1.25185e+08 2.101e+08 9.71118e+07 1.44411e+08 9.63521e+07 3.49697e+08 3.04572e+08 3.86097e+08 3.79598e+08 2.6638e+08 8.20722e+07 6.07819e+07 6.01119e+07 6.89464e+07 5.79427e+07 6.19776e+07 5.44845e+07 5.20127e+07 5.15081e+07 8.18939e+07 6.11954e+07 8.08908e+07 5.03235e+07 4.99121e+07 5.71139e+07
threshold=0.91397700000000015 0.0017765000000000001 10136.500000000002 0.00037450000000000005 0.92730450000000009 0.92730450000000009 47632.500000000007 15312.500000000002 0.00039350000000000008 0.94009900000000013 8.5500000000000018e-05 0.00017550000000000001 1661581.0000000002 0.0033515000000000003 0.00090650000000000008 2304769.5000000005 0.00085850000000000011 0.00050350000000000015 159168.00000000003 0.22499750000000004 24713.500000000004 0.0014745000000000003 0.0020215000000000003 0.0066970000000000007 0.00077650000000000017 2654.5000000000005 4973.5000000000009 0.010510500000000001 0.0091010000000000014 5278.5000000000009 0.0034125000000000002 0.92074100000000014 0.31883150000000005 5206.5000000000009 111902.00000000001 2654.5000000000005 0.00038750000000000009 181106.50000000003 0.96228150000000012 0.00033950000000000007 0.051172000000000002 0.011558500000000001 4.6500000000000005e-05 5.0500000000000008e-05 90376.000000000015 0.0034090000000000006 123542.00000000001 0.00018650000000000001 83640.000000000015 0.95752500000000007 240010.00000000003 0.0011355000000000002
decision_type=2 2 2 2 2 2 2 2 2 2 2 2 2 2 2 2 2 2 2 2 2 2 2 2 2 2 2 2 2 2 2 2 2 2 2 2 2 2 2 2 2 2 2 2 2 2 2 2 2 2 2 2
left_child=1 14 -2 4 -4 6 -5 -7 10 -10 49 -12 13 17 -1 16 -16 18 45 31 22 39 24 -24 25 -21 -27 28 38 -28 -31 32 37 35 -35 36 -33 43 -25 -22 -41 42 -39 -15 -8 46 47 -3 -49 -9 51 -19
right_child=2 12 3 5 -6 7 44 8 9 -11 11 -13 -14 19 15 -17 -18 50 -20 20 21 -23 23 27 -26 26 29 -29 -30 30 -32 33 -34 34 -36 -37 -38 41 -40 40 -42 -43 -44 -45 -46 -47 -48 48 -50 -51 -52 -53
leaf_value=0.042476969332195122 -320.39058063010651 91.491519688409852 152.53429981897943 1183.8044074754325 1245.3888611813263 -454.51798559179065 413.56431668251133 239.40994909382425 -816.83750388531269 296.05512006043352 1001.4421076684002 252.70706134348143 0.61865837130987578 -32.91167583996662 6.1366284067361745 -5.7870022970668886 -2.7939203438079647 12.115010458215025 13.475776156404429 -347.5544741076738 -143.14541700581316 1029.6297133447092 -862.22454931266566 -92.421362099462897 665.23622131650711 490.64102604737008 -313.66033168132338 275.8988300066319 -572.19740213043747 -91.485739651944414 407.06610670431689 701.41365483957065 -538.72069854932067 1056.1049917122787 90.763354065413807 -554.49397829244003 -73.215900564255065 24.096845664803315 279.88139951160883 281.08774551018905 -81.480696433349905 58.83263859168185 -16.593151142060492 10.178433913841928 148.23498929545087 69.538311459827668 -176.46393081398614 18.366061402265018 -255.60216265888414 -110.21259492356292 9.3512274859408393 -9.9088882967744336
leaf_weight=9294479.1347980499 22 218 36 22 22 30 46 21 20 31 21 23 47168.030471801758 936.00172805786133 160804.13709259033 19226.037147521973 35983.011232376099 5027.0149765014648 24338.011808395386 24 40 33 28 31 38 24 24 30 21 49 24 20 31 20 27 26 32 32298.017280578613 20 33 26 1285.0005760192871 1073.0005760192871 6250.0014400482178 37 1360.0002880096436 60 140 38 25 37526.01296043396 9329.002592086792
leaf_count=2652114 22 218 36 22 22 30 46 21 20 31 21 23 46447 894 157472 18358 35710 4663 24051 24 40 33 28 31 38 24 24 30 21 49 24 20 31 20 27 26 32 31878 20 33 26 1271 1059 6215 37 1353 60 140 38 25 37211 9266
internal_value=0.303522 0.294777 238.034 274.84 567.207 213.379 481.588 48.6648 155.758 -140.425 323.61 610.186 10.0395 13.7278 0.123001 3.58774 4.50365 9.5358 16.2407 21.4351 82.561 268.315 4.21554 -193.524 144.692 8.22899 78.8287 -9.88053 -128.984 -23.102 72.447 20.7874 20.3515 166.797 501.672 -35.0127 224.771 20.7659 53.5834 14.4528 121.303 24.125 22.7885 4.56566 295.329 53.2951 4.84904 32.3268 -40.1297 49.4234 6.15582 -2.19678
internal_weight=9.6785e+06 9.67814e+06 356 334 58 276 105 171 141 51 90 44 167647 120479 9.51049e+06 216013 196787 78036 26154 42443 445 132 313 130 183 145 121 102 72 97 73 41998 41873 125 47 78 52 41842 51 99 59 34656 33371 7186 83 1816 456 396 178 46 51882 14356
internal_count=3029375 3029019 356 334 58 276 105 171 141 51 90 44 165365 118918 2863654 211540 193182 77000 25860 41918 445 132 313 130 183 145 121 102 72 97 73 41473 41348 125 47 78 52 41317 51 99 59 34208 32937 7109 83 1809 456 396 178 46 51140 13929
is_linear=0
shrinkage=0.166564


Tree=112
num_leaves=53
num_cat=0
split_feature=0 8 16 8 16 16 16 16 9 16 16 16 16 13 16 16 4 10 0 9 16 13 16 13 10 16 9 13 9 9 9 9 9 11 11 16 16 11 9 16 16 16 15 10 16 10 16 11 15 10 16 0
split_gain=3.05531e+08 2.69852e+08 1.14354e+08 1.30711e+08 1.1114e+08 3.05821e+08 1.48291e+08 1.10312e+08 8.19562e+07 2.85233e+08 2.10397e+08 7.70537e+07 8.51385e+07 7.18559e+07 2.1776e+08 8.55909e+07 1.30708e+08 7.06239e+07 5.40504e+07 5.34437e+07 4.803e+07 4.34867e+07 5.92019e+07 3.86777e+07 1.16089e+08 4.34661e+07 4.68153e+07 3.84296e+07 1.4907e+08 1.80709e+08 1.79531e+08 3.03884e+08 3.55435e+08 1.56896e+08 1.33328e+08 2.38587e+08 9.92242e+07 7.49681e+07 8.57921e+07 6.79265e+07 5.31404e+07 4.73634e+07 3.80085e+07 4.60259e+07 3.71969e+07 3.60146e+07 1.07578e+08 3.53042e+07 3.84043e+07 4.46145e+07 4.79943e+07 3.6493e+07
threshold=0.91397700000000015 0.0011815000000000003 2163246.0000000005 0.0032155000000000005 10136.500000000002 12985.500000000002 15700.500000000002 22795.000000000004 0.00017950000000000005 31907.000000000004 37006.000000000007 42457.500000000007 61568.500000000007 -0.00027349999999999993 48207.500000000007 147090.00000000003 0.00038850000000000006 0.0013965000000000004 0.0031850000000000008 0.0077025000000000001 69059.000000000015 0.0010915000000000002 77234.500000000015 -0.0011414999999999997 0.00062350000000000014 252946.50000000003 0.0034195000000000007 -0.16861499999999999 0.010637000000000002 0.0089820000000000021 0.0068835000000000007 0.00080950000000000022 0.0025995000000000002 0.00037450000000000005 0.00039650000000000004 2654.5000000000005 5406.0000000000009 0.24171800000000002 0.00038350000000000011 21689.500000000004 5107.0000000000009 4225.0000000000009 1.2500000000000001e-05 0.0040245000000000012 1783040.5000000002 7.8500000000000011e-05 33416.500000000007 0.22499750000000004 1.4500000000000002e-05 0.0066980000000000008 833261.00000000012 0.0010735000000000002
decision_type=2 2 2 2 2 2 2 2 2 2 2 2 2 2 2 2 2 2 2 2 2 2 2 2 2 2 2 2 2 2 2 2 2 2 2 2 2 2 2 2 2 2 2 2 2 2 2 2 2 2 2 2
left_child=1 -1 3 13 -2 -6 -7 -8 10 -10 -9 -11 -13 23 -15 16 17 -16 21 -14 -12 -19 -23 24 25 26 45 28 29 30 31 33 -33 39 -35 -36 -34 41 -39 -5 -32 -29 -26 44 -44 -3 -47 48 49 51 -51 -43
right_child=4 2 -4 27 5 6 7 8 9 11 20 12 19 14 15 -17 -18 18 -20 -21 -22 22 -24 -25 42 -27 -28 37 -30 -31 40 32 36 34 35 -37 -38 38 -40 -41 -42 47 43 -45 -46 46 -48 -49 -50 50 -52 -53
leaf_value=0.052798490690285582 -272.50225482057698 -37.754688204318498 -5.0800791194872197 -104.86323608262396 967.64149644293695 -400.13824608366372 602.95658360666584 -613.85911755678762 930.50450129550893 -257.73469583445103 350.59345034183013 526.05408521282698 -47.654051559981028 122.66652269681695 105.13158120052476 7.3201048972400313 -16.615483879314429 24.868686037010896 77.061802340464453 362.96812963325664 32.790250819923727 89.924441718907843 -184.44613480969531 -3.5559074826086476 -3.2392124507597995 41.870989532569141 80.779712760999573 -98.864782263581716 -339.49552728408844 618.90045722556681 -105.25583518525075 1277.3379710786016 -141.03229416326889 481.0544861748462 -427.41559654604623 154.05883294377648 537.89023334918602 -40.136868419061123 -508.48526064688411 -614.47748315770377 -507.08576168235197 3.1774667355064237 19.837182105086484 -30.548125651067505 -32.626578703999286 432.2018976344516 -26.863475242201197 258.16279803601702 -1.1609782633686823 118.73378675399557 24.205830501137228 20.332747140978881
leaf_weight=9397473.2954502106 22 935.00086402893066 33214.037902832031 33 25 20 31 20 26 20 39 29 48 807 1122.0002880096436 91766.040609359741 1522.002592086792 1175.0002880096436 996 22 54 56 113 42536.059329986572 27698.007001876831 5115.0028800964355 259 167.00057601928711 38 31 42 22 21 40 41 186 20 60 27 20 25 6759.0123844146729 9569.0008640289307 1106.0002880096436 690 32 101 29 4882.0034561157227 438.00086402893066 615.00028800964355 46769.021024703979
leaf_count=2751223 22 914 32332 33 25 20 31 20 26 20 39 29 48 807 1115 90779 1459 1168 996 22 54 56 113 41094 27530 5045 259 153 38 31 42 22 21 40 41 186 20 60 27 20 25 6458 9548 1099 690 32 101 29 4798 417 608 46258
internal_value=0.258836 0.251398 6.93893 8.5626 202.418 233.722 174.306 214.08 167.327 275.9 27.9876 132.797 211.724 5.69528 9.7745 8.83283 36.685 60.1179 38.5337 81.4317 166.09 9.98053 -93.5211 1.17514 5.59753 32.7404 -2.45304 17.3931 76.5203 109.397 74.2809 131.935 569.98 45.6751 113.759 49.013 190.21 16.8794 -185.534 -297.245 -255.242 17.1746 1.12127 11.7484 16.3084 -22.6394 83.6076 17.5004 17.383 19.0417 63.5266 18.1666
internal_weight=9.67691e+06 9.67655e+06 279077 245863 356 334 309 289 258 145 113 119 99 185598 97557 96750 4984 3462 2340 70 93 1344 169 88041.1 45505 6442 1327 60265 519 481 450 383 63 320 267 227 41 59746 87 53 67 59659 39063 11365 10259 1068 133 59492 59463 54581 1053 53528
internal_count=3026043 3025687 274464 242132 356 334 309 289 258 145 113 119 99 182805 96493 95686 4907 3448 2333 70 93 1337 169 86312 45218 6351 1306 59327 519 481 450 383 63 320 267 227 41 58808 87 53 67 58721 38867 11337 10238 1047 133 58568 58539 53741 1025 52716
is_linear=0
shrinkage=0.218232


Tree=113
num_leaves=53
num_cat=0
split_feature=4 9 6 9 4 1 8 4 1 1 9 7 9 10 6 8 8 8 7 7 6 7 3 6 1 9 9 9 9 8 8 9 8 4 9 9 8 9 3 7 8 6 10 9 7 7 8 4 8 10 3 8
split_gain=1.28701e+08 1.22216e+08 2.18566e+08 1.53465e+08 2.40243e+08 1.60835e+08 1.15178e+08 6.21223e+07 7.2439e+07 6.27634e+07 4.52029e+07 3.45975e+07 3.90064e+07 5.05272e+07 4.57675e+07 2.06908e+08 3.37365e+07 3.17028e+07 3.66137e+07 4.96137e+07 3.58643e+07 4.34408e+07 3.13035e+07 3.02444e+07 2.8934e+07 1.87001e+08 9.57004e+07 1.91793e+08 7.4209e+07 6.47565e+07 2.10382e+08 5.67112e+07 4.63033e+07 1.08756e+08 5.40231e+08 1.00297e+08 5.01943e+07 4.73745e+07 3.32685e+07 2.69474e+07 2.50418e+07 4.93043e+07 5.94489e+07 3.81293e+07 3.67004e+07 2.84638e+07 2.42704e+07 2.4159e+07 2.15355e+07 5.10651e+07 4.14602e+07 2.79926e+07
threshold=0.91397700000000015 0.00076650000000000015 0.89377350000000011 0.0081640000000000011 0.92730450000000009 0.92514000000000018 0.0010995000000000002 0.92730450000000009 0.95729150000000007 0.92514000000000018 0.00020650000000000003 0.00052150000000000015 2.7500000000000001e-05 0.0056495000000000009 0.51606700000000016 0.92513900000000004 0.0031315000000000002 7.2500000000000014e-05 1.0000000180025095e-35 3.8500000000000007e-05 2.3500000000000005e-05 2.0500000000000004e-05 0.75452300000000017 0.00081050000000000013 0.67893700000000012 0.00034050000000000009 0.010510500000000001 0.0089820000000000021 0.00036050000000000009 0.92513900000000004 0.95254850000000013 0.0005905000000000002 0.92513900000000004 0.23513350000000002 0.0015215000000000003 0.0094355000000000012 0.25019750000000002 0.00071850000000000006 0.48583150000000003 0.00025450000000000006 0.0051000000000000012 0.0019170000000000001 0.00074350000000000013 0.019226000000000004 0.0030755000000000005 0.0028735000000000006 1.9500000000000003e-05 0.00090850000000000013 0.0039975000000000002 0.0012805000000000002 0.0042105000000000016 0.0043505000000000011
decision_type=2 2 2 2 2 2 2 2 2 2 2 2 2 2 2 2 2 2 2 2 2 2 2 2 2 2 2 2 2 2 2 2 2 2 2 2 2 2 2 2 2 2 2 2 2 2 2 2 2 2 2 2
left_child=6 2 10 4 -3 -5 17 9 -9 -4 -2 16 13 14 15 23 -8 20 -19 -20 39 46 -16 -13 32 -26 27 28 -27 31 -31 -30 33 36 -35 38 40 -38 -34 -1 41 45 44 -44 -43 47 -22 -14 -18 -50 -51 -52
right_child=1 3 7 5 -6 -7 11 8 -10 -11 -12 12 24 -15 22 -17 48 18 19 -21 21 -23 -24 -25 25 26 -28 -29 29 30 -32 -33 35 34 -36 -37 37 -39 -40 -41 -42 42 43 -45 -46 -47 -48 -49 49 50 51 -53
leaf_value=-0.14149353618779131 543.47814421151315 226.57828567530373 147.88283385691599 581.49082838492143 -1029.8103471093473 -408.1630183583336 6.1474991119172824 -371.58421912913036 147.19216828024716 708.2700332848849 1031.6689579334893 -9.7167571184597517 0.77725787566200211 57.046796953200037 -360.06622426984245 757.64318926100509 19.54767531436968 -5.688773544007403 6.312087537759278 0.76164310433654892 -1.1487563400946961 2.3762676459938237 3.6923570551849845 14.519463356876706 919.1783551327469 -320.19603881104877 557.99679081950092 -842.33987642847183 309.23502532114526 923.427557450329 -151.94987464426782 -232.36774858173379 -160.92457450808539 -440.01670869649388 1269.0531412598521 -748.49842429758564 -41.347283990103982 -614.26074099820187 235.82293284221564 73.707475250828111 21.426418407977863 35.608021681346507 -26.378295279195079 16.388011209693268 -4.7479330648872669 -92.145675752697485 32.262584728591065 8.4117792801686875 42.302165021930534 -122.5591454331979 -3.7691773996877465 -121.67001961276314
leaf_weight=8726197.2704582214 51 22 72 36 26 20 66130.054862976074 35 53 20 21 5017.0322570800781 96814.054664611816 1920.0020160675049 44 29 30118.022048950195 45343.233192443848 187323.90089416504 386546.83645820618 2195.0142021179199 22018.139646530151 32 20590.016595840454 20 32 23 21 24 28 29 41 59 30 28 20 26 20 23 387.00086402893066 4977.002592086792 2669.0023040771484 13200.003744125366 1864.0009536743164 5216.0046081542969 245 7605.013427734375 48867.027629852295 1338.0008640289307 301 2192.0005760192871 170
leaf_count=2129033 51 22 72 36 26 20 64814 35 53 20 21 4233 95505 1871 44 29 29593 39708 165427 366288 1852 18637 32 20191 20 32 23 21 24 28 29 41 59 30 28 20 26 20 23 366 4914 2613 13109 1843 5104 245 7283 48202 1317 301 2178 170
internal_value=0.212335 168.501 273.863 -86.7647 -453.973 227.975 0.206146 108.978 -59.1413 269.783 685.986 5.58513 3.47461 13.2452 9.97432 10.6174 9.83583 0.0328289 1.96841 2.57343 -0.104016 9.27636 -206.894 9.77096 1.92545 103.833 21.4185 -49.1339 59.0817 158.602 376.337 -32.3399 1.7978 1.90836 385.082 -186.723 1.78053 -290.52 -49.6124 -0.138218 1.85789 1.28117 -10.7792 -21.0864 8.91207 3.17785 24.779 3.33818 16.9846 -2.30927 -24.7244 -12.2559
internal_weight=9.68013e+06 356 252 104 48 56 9.67977e+06 180 88 92 72 302157 201908 27632.1 25712 25636 100249 9.37762e+06 619214 573871 8.7584e+06 31818.2 76 25607 174276 218 198 175 154 122 57 65 174058 173956 58 102 173898 46 82 8.72658e+06 173852 168875 22949 15064 7885.01 145926 9800.03 145681 34119 4001 2663 2362
internal_count=3025682 356 252 104 48 56 3025326 180 88 92 72 296732 198359 26400 24529 24453 98373 2728594 571423 531715 2157171 27772 76 24424 171959 218 198 175 154 122 57 65 171741 171639 58 102 171581 46 82 2129399 171535 166621 22669 14952 7717 143952 9135 143707 33559 3966 2649 2348
is_linear=0
shrinkage=0.279909


Tree=114
num_leaves=53
num_cat=0
split_feature=8 15 8 15 1 9 8 4 9 9 1 9 4 15 6 8 15 9 8 9 9 15 9 13 13 9 15 15 9 1 15 6 15 9 1 15 9 8 10 7 9 4 10 8 10 9 9 10 7 15 9 8
split_gain=1.26566e+08 1.3412e+08 4.26074e+08 2.41715e+08 1.83107e+08 1.14228e+08 5.0054e+07 4.58232e+07 2.96616e+08 2.11158e+08 2.47901e+08 8.36707e+07 3.30296e+07 5.22327e+07 3.77882e+07 3.05385e+07 1.79402e+08 1.01754e+08 6.23666e+07 2.30106e+08 1.49927e+08 5.02313e+08 2.37825e+07 1.95513e+07 6.58447e+07 1.92388e+08 5.74264e+07 4.92315e+07 1.00633e+08 2.94291e+07 3.10469e+07 3.06302e+07 1.64439e+08 2.26749e+08 2.84844e+07 2.39014e+07 1.78613e+07 1.71775e+07 1.67049e+07 2.09974e+07 1.61049e+07 1.52479e+07 2.20777e+07 1.47508e+07 1.2768e+07 2.44804e+07 2.43885e+07 2.70842e+07 1.29349e+07 1.15701e+07 3.41451e+07 1.90494e+07
threshold=0.96228150000000012 0.00023350000000000001 0.96647850000000013 8.5500000000000018e-05 0.92514000000000018 0.0083475000000000025 0.0012405000000000001 0.92730450000000009 0.0075360000000000002 0.00018050000000000002 0.92514000000000018 0.00036350000000000005 0.91397700000000015 0.050979000000000003 0.9135660000000001 0.95254850000000013 0.020994000000000002 0.00036950000000000009 0.92513900000000004 0.0073525000000000005 0.00036850000000000007 0.018882500000000007 0.00035450000000000011 -0.48103699999999994 -0.16861499999999999 0.0015215000000000003 0.0034125000000000002 0.049698500000000007 0.00034450000000000008 0.14155050000000002 0.0016820000000000001 0.11802200000000002 0.0011620000000000003 9.0500000000000018e-05 0.12744000000000003 0.00012250000000000002 0.0011165000000000001 0.0037625000000000007 0.0016485000000000004 0.0007335000000000001 0.00037950000000000006 0.0065475000000000004 0.00089000000000000017 0.21473850000000003 0.0092225000000000015 3.0500000000000006e-05 0.017377500000000004 0.0034960000000000004 1.5000000000000002e-06 1.0000000180025095e-35 1.0000000180025095e-35 1.0000000180025095e-35
decision_type=2 2 2 2 2 2 2 2 2 2 2 2 2 2 2 2 2 2 2 2 2 2 2 2 2 2 2 2 2 2 2 2 2 2 2 2 2 2 2 2 2 2 2 2 2 2 2 2 2 2 2 2
left_child=6 3 -3 4 -2 -4 38 12 9 10 -9 -11 15 22 -15 18 17 -17 23 20 21 -20 -14 27 25 26 -25 28 35 31 -31 34 33 -33 37 -8 -32 -26 41 44 -29 49 -43 -36 45 -40 48 -48 -47 -1 51 -51
right_child=1 2 5 -5 -6 -7 7 8 -10 11 -12 -13 13 14 -16 16 -18 -19 19 -21 -22 -23 -24 24 29 -27 -28 40 -30 30 36 32 -34 -35 43 -37 -38 -39 39 -41 -42 42 -44 -45 -46 46 47 -49 -50 50 -52 -53
leaf_value=-0.087096884506920602 790.7064399398464 756.28445482955306 -1079.0521507180852 1364.8641442374426 -195.47879046614003 -197.73757643506897 -173.6507748727791 258.6036716206815 -1113.0380456693879 956.71603480817998 -1110.130086249779 142.88835915136295 133.20557737790574 705.88551200410689 153.14204603713745 -977.1481508024101 377.74751336080442 -91.188050755587938 977.99683366940917 -401.52474595416527 973.2680157605048 -842.6617479384106 -159.27297628052733 -280.39608405700892 3.224825178644497 854.87794228884059 293.60834612097926 -94.835646217492084 -571.8687648664943 -39.901876253663907 -159.69897006063348 -95.02386676111756 -405.1023456190689 1258.4849424530541 -78.154072981148815 191.04053135330579 -495.79211746586668 10.189730368021072 10.374503596491662 -23.790745614681658 227.68487753852091 284.18334257846539 -14.918656995554862 -355.84784767719788 -5.8360103621111934 -2.806468025316772 395.61864641070929 22.459035467779113 2.9509330466124757 13.404027345424511 -1.0194819544668263 3.7988639033715543
leaf_weight=8948213.6272640228 28 37 20 21 37 33 29 24 23 20 21 23 68 20 22 23 29 21 29 36 32 23 36 36 223749.1680316925 30 25 20 41 202 37 22 24 20 43 32 21 34636.027738571167 33466.050670623779 2586.0008640289307 38 39 45 26 14486.09158706665 40805.410869598389 28 40.000288009643555 173949.55131530762 24732.242427825928 120550.59567642212 59716.840690612793
leaf_count=2390496 28 37 20 21 37 33 29 24 23 20 21 23 68 20 22 23 29 21 29 36 32 23 36 36 219689 30 25 20 41 202 37 22 24 20 43 32 21 33964 32241 2565 38 39 45 26 12260 30893 28 33 160593 18866 82126 39451
internal_value=0.143906 246.92 -1.39699 506.805 229.397 -530.439 0.139418 4.127 -182.812 60.4134 -380.181 521.529 4.20702 142.587 416.456 4.12907 -184.061 -554.403 4.18209 213.931 477.752 172.683 31.9474 4.08491 4.14778 251.647 -45.0964 -97.6143 -219.345 4.06073 -93.8012 4.15916 202.375 549.586 4.10853 17.6282 -281.461 4.15846 0.029561 2.30593 116.434 -0.0364325 123.933 -182.836 2.56275 3.05277 1.91216 176.157 1.85697 -0.0375706 2.12424 6.6119
internal_weight=9.67832e+06 176 90 86 65 53 9.67814e+06 259481 111 88 45 43 259370 146 42 259224 73 44 259151 120 84 52 104 259031 258871 91 61 160 102 258780 260 258520 66 42 258454 61 58 258385 9.41866e+06 265361 58 9.1533e+06 84 69 262775 248289 214823 68.0003 214755 9.15321e+06 205000 84449.1
internal_count=3024561 176 90 86 65 53 3024385 254749 111 88 45 43 254638 146 42 254492 73 44 254419 120 84 52 104 254299 254139 91 61 160 102 254048 260 253788 66 42 253722 61 58 253653 2769636 238613 58 2531023 84 69 236048 223788 191547 61 191486 2530939 140443 58317
is_linear=0
shrinkage=0.291035


Tree=115
num_leaves=53
num_cat=0
split_feature=8 16 12 8 16 12 16 13 16 12 15 1 16 11 12 8 16 7 16 8 16 7 13 8 7 12 13 8 16 16 8 16 11 16 16 8 16 15 11 16 16 8 8 8 16 6 12 11 6 11 16 7
split_gain=5.36246e+07 1.77055e+08 4.35071e+08 2.18999e+08 1.59122e+08 4.93446e+07 3.72699e+07 1.38218e+08 6.96366e+07 5.75755e+07 3.68035e+07 4.41737e+07 3.33955e+08 3.00544e+07 4.28585e+07 4.40069e+07 4.01499e+07 3.05998e+07 4.9302e+07 3.98485e+07 6.08702e+07 1.29963e+08 5.95927e+07 3.38286e+07 3.2106e+07 2.95285e+07 2.91714e+07 2.90469e+07 4.31376e+07 4.92644e+07 1.80334e+08 7.60494e+07 6.6676e+07 6.4708e+07 1.911e+08 5.38567e+07 3.31023e+08 4.71255e+08 4.60528e+07 1.29046e+08 3.26859e+07 2.85454e+07 1.07338e+08 1.13308e+08 1.61761e+08 3.91314e+08 1.26819e+08 4.55978e+07 5.64714e+07 3.12415e+07 3.10028e+07 2.84827e+07
threshold=0.96228150000000012 5206.5000000000009 -0.022734999999999995 0.96647850000000013 4773.5000000000009 -0.0037269999999999998 1488821.5000000002 4.5500000000000008e-05 415515.50000000006 -0.0013529999999999998 1.0000000180025095e-35 0.92514000000000018 39714.000000000007 0.00090550000000000016 0.0017105000000000002 0.0040430000000000006 179055.00000000003 4.6500000000000005e-05 123047.00000000001 0.0032965000000000004 305749.50000000006 0.00057950000000000005 0.0025965000000000003 0.0031135000000000004 0.00056750000000000019 0.00072950000000000011 0.0026585000000000007 0.0047170000000000016 400220.50000000006 2803.5000000000005 0.92513900000000004 5019.5000000000009 0.021889000000000002 2395.0000000000005 2650.0000000000005 0.92513900000000004 5206.5000000000009 0.037011000000000009 0.91575650000000008 63813.000000000007 11589.500000000002 0.0056880000000000012 0.95254850000000013 0.92513900000000004 5406.0000000000009 0.89377350000000011 -0.0048009999999999988 0.00036950000000000009 0.0052925000000000012 0.00037250000000000006 113780.00000000001 0.00063350000000000006
decision_type=2 2 2 2 2 2 2 2 2 2 2 2 2 2 2 2 2 2 2 2 2 2 2 2 2 2 2 2 2 2 2 2 2 2 2 2 2 2 2 2 2 2 2 2 2 2 2 2 2 2 2 2
left_child=6 4 -3 -4 -2 -5 7 10 9 -9 41 27 -13 17 15 -15 -16 -11 23 51 24 -22 -23 -19 -21 -8 -18 -12 29 30 -29 32 -31 -32 -35 38 -37 -38 40 -40 -33 -1 43 47 -45 -46 -47 -43 50 -50 -49 -20
right_child=1 2 3 5 -6 -7 25 8 -10 13 11 12 -14 14 16 -17 26 18 19 20 21 22 -24 -25 -26 -27 -28 28 -30 31 33 35 -34 34 -36 36 37 -39 39 -41 -42 42 -44 44 45 46 -48 48 49 -51 -52 -53
leaf_value=0.12349772635241488 170.53929873489437 1149.8167959966806 583.16536209187416 -483.00321265130185 -537.83817791212221 -5.5484646707763021 -0.46958842159184999 82.430691427810956 4.9584564374453368 -7.9242841565882927 2.7154676004806499 -897.58003768776871 382.90891632950297 4.8151693114233272 51.737420872367622 -184.50127798936779 -362.60005791331849 57.561403595129775 13.439139481786986 42.774888218491625 29.795662745633507 -55.167984763687755 -392.88904567618181 -28.984495415839202 105.75095205175739 -8.8466729604193404 -93.644566650144938 636.69040015834537 50.010813509618409 -76.478766700432601 271.24815315001035 -93.318765094157911 -494.53889920953952 -711.02349124760667 290.13523144431258 1044.2580723714193 -887.92907366783879 362.54233412924913 -694.12512764726387 44.422937292869136 11.176372082059572 -14.723729470942024 -425.02669235615519 -296.98957044401595 981.86969829253246 -300.85466969827212 354.25634256041576 -77.307454927652486 -292.68138494451478 -31.499697442293343 -348.90269905550122 -57.596546676322475
leaf_weight=5605112.5370597839 39 27 27 26 33 23 3622028.0220680237 765 161727.54549026489 2102.0040321350098 229940.25350761414 22 24 2778.0057601928711 43 71 45 2817.0028800964355 13498.015552520752 1756.0008640289307 479.00057601928711 52.000288009643555 68 280 617 23887.021633148193 46 32 1791.0020160675049 76 23 175 30 22 21 20 25 53 20 40 4762.0031681060791 2341.0086402893066 37 29 35 36 31 37 28 331 66 326.00028800964355
leaf_count=1654605 39 27 27 26 33 23 968392 765 148469 2004 199475 22 24 2638 43 71 45 2747 13120 1735 465 45 68 280 617 23383 46 32 1742 76 23 175 30 22 21 20 25 53 20 40 4685 2131 37 29 35 36 31 37 28 331 66 319
internal_value=0.0773502 131.523 331.229 40.2833 -154.136 -258.93 0.0749731 0.437258 6.78453 18.2566 0.233683 3.13193 -229.518 16.291 -6.07715 0.0960652 -137.323 19.3247 22.204 17.1273 42.0746 -25.5691 -246.557 49.7363 59.15 -0.524473 -226.675 3.1771 18.1484 7.37899 174.155 4.2355 -194.82 -50.1196 -222.089 8.37784 182.711 -38.3057 4.95823 -201.815 7.47188 0.111162 -23.1604 -18.0905 197.77 338.481 2.27031 -28.18 -96.3605 -51.8827 -251.356 11.7638
internal_weight=9.67872e+06 175 103 76 72 49 9.67855e+06 6.03263e+06 187471 25743 5.84516e+06 237076 46 24978 2983.01 2849.01 134 21995 19893 16796 2972 599.001 120 3097 2373 3.64592e+06 91 237030 7090.01 5299 98 5201 106 66 43 5095 98 78 4997 60 4937 5.60808e+06 2971.01 2934.01 131 102 67 2803.01 462 359 103 13824
internal_count=3029278 175 103 76 72 49 3029103 2037328 173477 25008 1863851 206485 46 24243 2843 2709 134 21400 19396 16369 2930 578 113 3027 2352 991775 91 206439 6964 5222 98 5124 106 66 43 5018 98 78 4920 60 4860 1657366 2761 2724 131 102 67 2593 462 359 103 13439
is_linear=0
shrinkage=0.23748


Tree=116
num_leaves=53
num_cat=0
split_feature=1 8 12 16 2 8 16 16 2 8 9 16 16 9 16 16 16 2 16 12 16 16 16 16 8 16 9 16 16 15 16 16 16 9 8 1 11 8 11 16 12 15 12 15 14 2 11 1 15 8 16 11
split_gain=1.98428e+10 1.44991e+10 4.18794e+09 3.36234e+09 2.8352e+09 2.28981e+09 1.79979e+09 1.60391e+09 1.44628e+09 9.27486e+08 1.33786e+09 1.19296e+09 7.99561e+08 7.42327e+08 6.20538e+08 5.25631e+08 5.19737e+08 4.48362e+08 4.3506e+08 3.76009e+08 3.66434e+08 3.44739e+08 7.93556e+08 3.35695e+08 3.29549e+08 3.09354e+08 5.6658e+08 3.00794e+08 3.00001e+08 2.96009e+08 4.22079e+08 2.75465e+08 3.18313e+08 4.68213e+08 4.49967e+08 3.64043e+08 2.95776e+08 2.78168e+08 2.5524e+08 3.94436e+08 3.4918e+08 2.10521e+08 1.94325e+08 1.69835e+08 1.58023e+08 1.5219e+08 1.4118e+08 1.33505e+08 1.2075e+08 1.19299e+08 1.13885e+08 1.11664e+08
threshold=0.67893700000000012 0.0019420000000000004 -0.0078809999999999974 1886239.0000000002 0.00042050000000000003 0.95254850000000013 179821.50000000003 5165.0000000000009 0.0024175000000000004 0.92513900000000004 0.00036350000000000005 5406.0000000000009 871864.50000000012 0.00040750000000000004 64260.500000000007 10624.500000000002 2304769.5000000005 0.90392850000000002 1351419.0000000002 -0.0048009999999999988 14094.500000000002 10136.500000000002 5348.5000000000009 149769.00000000003 0.0032885000000000002 82667.500000000015 0.0079260000000000008 2035954.5000000002 15860.500000000002 0.033185500000000007 4995.0000000000009 181106.50000000003 2684.0000000000005 0.0094355000000000012 0.92074100000000014 0.57152900000000006 0.91575650000000008 0.0091650000000000013 3.1500000000000007e-05 126847.50000000001 -0.0005914999999999999 1.1500000000000002e-05 0.0027415000000000004 5.5000000000000007e-06 0.00027550000000000008 0.0072730000000000008 0.058818000000000009 3.1500000000000007e-05 1.0000000180025095e-35 0.0055660000000000006 2617.5000000000005 9.3500000000000009e-05
decision_type=2 2 2 2 2 2 2 2 2 2 2 2 2 2 2 2 2 2 2 2 2 2 2 2 2 2 2 2 2 2 2 2 2 2 2 2 2 2 2 2 2 2 2 2 2 2 2 2 2 2 2 2
left_child=1 4 7 8 44 6 13 29 20 17 11 -11 38 19 46 -13 49 -9 24 -4 -3 22 -12 -19 43 26 -15 -14 -17 30 -2 32 33 34 -26 -36 42 41 -6 40 -40 45 51 -10 -1 -33 -7 -22 -49 -5 -37 -34
right_child=2 3 5 16 12 14 -8 9 18 10 21 15 27 25 -16 28 -18 23 -20 -21 47 -23 -24 -25 31 -27 -28 -29 -30 -31 -32 37 36 -35 35 50 -38 -39 39 -41 -42 -43 -44 -45 -46 -47 -48 48 -50 -51 -52 -53
leaf_value=-0.15223243967742198 13.461695138828803 -4.0185854042423017 225.47311988409197 4.0252396652458557 -1.1418093969961081 218.50452800584802 37.592959270989823 -31.446664091245751 13.104973116519274 53.398234734034197 148.43396918054123 431.56500058236821 2.2191659660777172 559.90958331044328 -3.1496407855650213 172.87790285771166 -2.7697105779674569 147.10471998875215 9.7082938875872866 330.03807497548655 -0.96936578487565861 144.92559882312239 -100.23127458828199 19.14029671157536 -10.335083873923841 316.1514872114526 352.44955108995492 -0.71285748421730599 316.28789799527067 50.346594248785358 -159.12315740488575 17.967937283179847 0.17460302143725862 -73.796521805390739 177.57168108274919 91.766268183550963 -96.737169089202382 29.526637617385184 -4.8288921199000141 4.2097638204927632 10.309742364738462 7.3013479473972227 28.851903021359821 6.6146475722586633 19.70577893240506 -4.2422326508151027 115.50829944618691 10.496251731485749 6.3151323986054768 19.074364423632311 10.065454866994875 10.964935488790472
leaf_weight=9246339.4955501556 27 2795 59 17252.014957427979 6299.0192966461182 25 21 32 25894.00403213501 21 23 20 112162.0786075592 20 28 22 16752.026887893677 47 21711.00403213501 59 1680.0074882507324 45.000288009643555 21 28 41 26 26 40862.108293533325 29 32 22 24089.001728057861 966.00288009643555 22 37 40 22 1615 1424 100919.06883430481 15502.014400482178 1780.0028800964355 469 3982.0023040771484 343.00028800964355 267.00057601928711 21 8291.0011520385742 20612.009593963623 463.00028800964355 23 5468.0014400482178
leaf_count=2644177 27 2795 59 16895 5830 25 21 32 25796 21 23 20 110258 20 28 22 16129 47 21613 59 1498 38 21 28 41 26 26 38328 29 32 22 24047 896 22 37 40 22 1615 1424 99246 15152 1710 469 3926 336 253 21 8263 20381 456 23 5433
internal_value=0.0909201 0.0800302 161.239 8.9777 -0.0640977 245.484 294.596 96.1714 11.2945 128.518 168.886 247.117 2.85161 323.003 105.436 304.409 0.924852 60.2247 13.2922 277.78 6.12174 88.0026 29.7587 99.3376 14.4945 397.073 442.744 1.43623 254.472 -18.8391 -64.0362 16.4279 11.2802 51.6903 71.2789 104.742 10.3289 17.7428 4.59626 4.90297 9.0361 17.0146 10.6703 12.2399 -0.151496 17.7245 171.514 7.04847 7.51452 4.41858 61.9479 9.34489
internal_weight=9.67878e+06 9.67812e+06 654 154271 9.52385e+06 285 211 369 119804 288 181 92 277168 190 74 71 34467 107 86426 118 33378 89.0003 44 75 64715 72 46 153024 51 81 49 34839 7088 163 141 100 6925 27751 124144 117845 16926 26136 6903 29876 9.24668e+06 24356 46 30583 28903 17715 63 6434
internal_count=3067758 3067111 647 152360 2914751 285 211 362 118880 281 174 92 270238 190 74 71 33480 107 85943 118 32937 82 44 75 64330 72 46 148586 51 81 49 34608 6983 163 141 100 6820 27625 121652 115822 16576 26010 6798 29722 2644513 24300 46 30142 28644 17351 63 6329
is_linear=0
shrinkage=0.0292575


Tree=117
num_leaves=53
num_cat=0
split_feature=0 9 9 16 16 0 16 16 9 9 12 16 9 9 16 15 12 16 0 16 0 9 9 16 15 16 12 16 15 1 16 12 16 16 15 9 15 12 9 1 9 10 16 16 16 16 16 16 4 12 16 10
split_gain=1.13792e+08 1.59578e+08 2.51755e+08 1.77653e+08 2.82725e+08 2.52739e+08 2.19693e+08 3.18697e+08 1.43932e+08 1.0823e+08 1.0357e+08 9.84091e+07 1.34565e+08 2.73823e+08 1.40723e+08 1.38769e+08 1.68094e+08 2.71265e+08 7.70285e+07 7.12232e+07 6.27692e+07 6.6045e+07 6.1105e+07 5.09958e+07 7.24605e+07 5.56196e+07 4.15468e+07 4.3713e+07 3.46003e+07 5.38008e+07 1.64772e+08 5.01855e+07 4.39071e+07 8.87006e+07 1.7077e+08 3.76901e+08 1.36654e+08 1.65401e+08 1.01721e+08 5.27583e+07 3.74579e+07 3.78027e+07 7.46749e+07 3.45778e+07 3.03294e+07 2.81726e+07 6.12519e+07 3.34152e+07 3.42145e+07 2.8023e+07 5.35145e+07 4.98224e+07
threshold=0.71441150000000009 0.011092000000000001 0.010161500000000002 13173.500000000002 15943.000000000002 0.91397700000000015 5206.5000000000009 5039.0000000000009 0.00021150000000000002 0.00018850000000000006 -0.016860499999999997 72152.500000000015 0.0003675000000000001 0.0064965000000000014 45024.500000000007 0.00016050000000000003 -0.0032704999999999995 31814.000000000004 0.0017025000000000002 2257331.5000000005 0.92730450000000009 0.0005905000000000002 0.0060800000000000012 2617.5000000000005 0.019940000000000003 2711.0000000000005 -0.0036519999999999994 120163.50000000001 7.7500000000000014e-05 0.19902250000000002 2553.5000000000005 0.018189500000000001 18819.500000000004 2654.5000000000005 0.0034125000000000002 0.00035150000000000009 0.0011620000000000003 -0.085697499999999996 0.00023850000000000002 0.19902250000000002 2.7500000000000001e-05 0.0055970000000000013 118915.00000000001 98564.500000000015 939201.50000000012 12471.500000000002 20475.000000000004 20217.500000000004 0.0013370000000000003 -6.4499999999999982e-05 2447024.0000000005 2.7500000000000001e-05
decision_type=2 2 2 2 2 2 2 2 2 2 2 2 2 2 2 2 2 2 2 2 2 2 2 2 2 2 2 2 2 2 2 2 2 2 2 2 2 2 2 2 2 2 2 2 2 2 2 2 2 2 2 2
left_child=18 2 3 5 -5 6 7 23 -7 -8 -6 12 15 -14 -15 16 17 -12 49 28 21 26 -23 24 -2 -25 27 43 29 40 -31 32 33 -30 36 -36 37 -35 -38 -34 41 -20 -43 -13 45 -42 47 48 -47 50 51 -1
right_child=1 -3 -4 4 10 8 9 -9 -10 -11 11 20 13 14 -16 -17 -18 -19 19 -21 -22 22 -24 25 -26 -27 -28 -29 31 30 -32 -33 39 34 35 -37 38 -39 -40 -41 44 42 -44 -45 -46 46 -48 -49 -50 -51 -52 -53
leaf_value=-0.38672474652746014 -46.971869053811012 -635.69556486161309 975.08088127970166 1108.3527618239934 -413.58605020122104 -183.3714485701862 951.70033376333527 -876.61433764163644 -1116.0524230461128 171.70195594817005 -56.616387565005653 70.121956628985018 1114.1075905534508 -391.09552397774729 608.02807669399135 -435.31137696002588 -318.32011132051258 1148.887067379902 20.473370640309785 -9.7978994122369514 -391.10182981457285 -519.9767753238267 85.196298292338668 -391.10618751707369 653.52681788838049 111.00873249047669 469.54539818498347 -57.392688828368307 -358.69095435337357 853.39484349153554 -126.29495820432919 -310.31326488455431 -21.47335235265745 855.07517861142605 -6.1642212616174108 1459.2450104027628 11.565034934501853 58.328909231227243 -640.34472994597763 -417.86964331476713 -23.554684966153303 273.73053410214192 44.271060074029492 478.13798740255356 3.2907546544918125 289.29373103343312 11.931226103156662 395.23165216269228 63.389233338940755 -0.1094426101645181 -7.6826460147485758 5.3292514676909271
leaf_weight=193529.48212814331 20 20 24 23 22 24 23 31 23 28 26 29 37 20 20 24 22 27 8318.0083522796631 17695.018970489502 20 20 29 23 22 49 31 52 32 21 29 41.000288009643555 3213.002592086792 20 33 20 35 244 33 24 1561 123 555.00057601928711 30 59215.026496887207 54 58402.045505523682 27 401 9049874.5732746124 37445.111524581909 245726.48219871521
leaf_count=181811 20 20 24 23 22 24 23 31 23 28 26 29 37 20 20 24 22 27 8115 17247 20 20 29 23 22 49 31 52 32 21 29 34 3150 20 33 20 35 244 33 24 1561 123 541 30 58571 54 57296 27 401 2421125 34778 234015
internal_value=0.0976798 106.092 127.332 97.1709 199.69 -85.0817 47.9842 -119.309 -639.9 523.566 148.559 180.532 327.643 591.797 108.509 122.147 300.588 557.561 0.0898038 6.07896 57.809 104.843 -161.831 86.6818 319.97 -49.406 196.882 120.687 8.20086 8.9307 285.225 -17.2207 -13.9307 67.4447 102.879 546.952 31.9675 118.728 -304.814 -24.4143 8.82328 25.4049 85.9039 277.638 7.57667 11.7754 12.712 107.306 90.2091 -0.0045583 1.9866 2.81088
internal_weight=9.67739e+06 719 699 675 432 243 196 145 47 51 409 387 176 77 40 99 75 53 9.67667e+06 150096 211 191 49 114 42 72 142 111 132401 128706 50 3695 3654 417 385 53 332 264 68 3237 128656 8996.01 678.001 59 119660 60445 58884 482 455 9.52658e+06 476701 439256
internal_count=3020059 719 699 675 432 243 196 145 47 51 409 387 176 77 40 99 75 53 3019340 147611 211 191 49 114 42 72 142 111 130364 126739 50 3625 3591 417 385 53 332 264 68 3174 126689 8779 664 59 117910 59339 57778 482 455 2871729 450604 415826
is_linear=0
shrinkage=0.266452


Tree=118
num_leaves=53
num_cat=0
split_feature=5 2 16 2 16 11 16 11 9 16 13 16 11 2 16 2 16 16 16 16 11 5 2 16 11 13 10 16 13 10 11 16 11 13 16 9 9 9 11 16 16 13 13 16 11 13 0 16 13 13 10 5
split_gain=9.87887e+09 6.83404e+09 1.96228e+09 1.55276e+09 1.218e+09 1.00623e+09 1.30981e+09 1.07382e+09 7.1338e+08 1.20715e+09 1.19304e+09 6.20676e+08 6.30074e+08 5.05218e+08 5.04962e+08 4.37918e+08 4.21051e+08 3.75866e+08 3.22042e+08 3.35222e+08 2.88355e+08 2.62048e+08 2.27979e+08 2.18166e+08 1.62958e+08 1.46025e+08 1.89791e+08 1.80076e+08 1.62748e+08 2.53328e+08 1.43871e+08 1.40392e+08 5.06277e+08 1.40235e+08 1.31388e+08 1.25725e+08 1.58576e+08 1.22856e+08 1.14467e+08 1.11133e+08 1.23572e+08 1.0657e+08 1.06373e+08 4.70021e+08 9.70343e+07 8.09073e+07 7.90219e+07 8.96044e+07 8.11927e+07 7.17574e+07 6.95242e+07 6.83892e+07
threshold=0.67893700000000012 0.0018835000000000002 5406.0000000000009 0.00051250000000000004 2052539.5000000002 0.94009900000000013 133576.00000000003 0.28534100000000007 0.0074250000000000002 39860.000000000007 -0.88436849999999989 5252.5000000000009 0.94009900000000013 0.95353650000000012 28913.500000000004 0.0027255000000000005 90637.000000000015 1657776.5000000002 12985.500000000002 18577.000000000004 0.00037950000000000006 0.0005195000000000001 0.90392850000000002 1596140.5000000002 0.96218650000000017 0.0022735000000000003 0.00097250000000000017 517640.50000000006 0.0013635000000000003 0.0055970000000000013 0.00018550000000000004 39185.000000000007 0.22499750000000004 -0.0038529999999999997 2447024.0000000005 0.0089040000000000005 0.007127500000000001 0.0042855000000000002 9.4500000000000007e-05 16758.000000000004 336144.00000000006 -0.0051969999999999994 -0.00010349999999999998 112701.50000000001 0.00041250000000000005 -0.0012794999999999998 7.050000000000002e-05 1530584.0000000002 0.00048600000000000005 -0.0037139999999999999 0.0023925000000000005 0.010571500000000003
decision_type=2 2 2 2 2 2 2 2 2 2 2 2 2 2 2 2 2 2 2 2 2 2 2 2 2 2 2 2 2 2 2 2 2 2 2 2 2 2 2 2 2 2 2 2 2 2 2 2 2 2 2 2
left_child=1 3 11 -1 15 6 7 13 10 -10 -9 12 -2 14 18 21 20 39 -4 -20 -16 46 -8 25 -7 26 31 -27 29 -28 49 35 -33 -25 41 36 38 -14 -17 -5 42 -6 -41 50 -37 -42 -3 48 -48 -23 -44 -31
right_child=2 4 5 17 34 24 22 8 9 -11 -12 -13 37 -15 16 23 -18 -19 19 -21 -22 30 -24 33 -26 27 28 -29 -30 51 -32 32 -34 -35 -36 44 -38 -39 -40 40 45 -43 43 -45 -46 -47 47 -49 -50 -51 -52 -53
leaf_value=-0.091551057673809055 144.46609750831439 15.425496652750716 164.57128513700155 -1.1260427980235042 18.285434198064973 -14.833299169113824 102.94238421403116 190.06321503164503 31.38265845660889 275.20359064464844 395.38187929925118 -111.03625571717892 -41.84624397152524 31.670948972423648 276.81683957010517 -5.9090166028113202 105.7602621782965 0.23606867910000892 -24.358801818260975 117.96936567135621 163.80535351418402 -11.835351847787182 13.217812397176006 16.412335970215633 82.498653123637141 14.171938548945672 0.34272910671566315 9.2546487310194436 8.049486061297916 8.8747594558061422 1.8722564716586025 11.282472953418267 141.0023410323044 4.9050440246203078 -1.8563919492617225 0.74091415187215037 -55.478824411318072 29.38356087389176 8.9682199102623468 2.9943329868084518 4.4454354607982776 1.9001002139043532 17.901696162350341 3.7635727548398088 80.418320637265282 2.1219028796976178 -0.017325186619653855 1.2002390294875604 9.2965537798368434 11.034583410303915 -8.7847816324973191 20.958471851595881
leaf_weight=9254114.7615909576 32 991 33 6014.0112323760986 309 35 37 52 31 31 37 25 33 34 39 650 32 69730.124946594238 23 28 31 111.00028800964355 52 853 21 7563.0014400482178 6011.0034561157227 22918.002592086792 15245.000576019287 1560.0008640289307 18077.008441925049 11976.007200241089 23 15534.005760192871 9708.016321182251 20 36 42 1006 32528.03484916687 12431.002592086792 15754.009216308594 2315 13646.009792327881 28 143894.06768226624 791 1575.0002880096436 7399.0011520385742 1855.0011520385742 77 464
leaf_count=2960308 32 991 33 5741 309 35 37 52 31 31 37 25 33 34 39 650 32 66776 23 28 31 104 52 853 21 7528 5927 22855 15231 1539 17874 11801 23 15394 9344 20 36 42 1006 31681 12368 15530 2315 13408 28 142249 791 1568 7371 1827 77 464
internal_value=0.0662144 0.0589886 107.95 -0.0301445 6.10968 132.271 145.734 168.572 225.318 153.322 275.453 12.8818 41.8427 129.615 147.516 7.32944 188.835 1.99477 97.3286 53.7893 226.796 4.51148 50.5316 8.36405 21.6806 9.05837 7.89214 10.4747 6.37219 3.18979 2.64432 10.4676 11.5313 5.50406 0.681494 3.13245 1.8812 -1.95564 3.12865 2.57624 2.68491 2.21532 3.90239 5.74409 47.2238 2.30667 7.99078 7.23624 8.39699 9.74318 17.0425 11.6451
internal_weight=9.67586e+06 9.67521e+06 648 9.53475e+06 140457 516 460 371 151 62 89 132 107 220 186 114686 102 280635 84 51 70 30799 89 83887 56 67500 37019 30481 23280 8035 20043 13739 11999 16387 25771 1740 1692 75 1656 210905 204891 16063 48566 16038 48 156325 10756 9765 8190 1966 2392 2024
internal_count=3374635 3373987 648 3234923 139064 516 460 371 151 62 89 132 107 220 186 113881 102 274615 84 51 70 30526 89 83355 56 67108 36725 30383 23161 7930 19805 13564 11824 16247 25183 1740 1692 75 1656 207839 202098 15839 47481 15800 48 154617 10721 9730 8162 1931 2392 2003
is_linear=0
shrinkage=0.0276321


Tree=119
num_leaves=53
num_cat=0
split_feature=0 8 12 11 16 11 2 16 3 11 0 16 16 3 16 16 0 16 15 16 15 16 0 16 11 16 11 2 16 16 8 16 11 16 8 16 3 16 10 10 16 12 8 15 16 16 15 16 0 11 2 16
split_gain=5.80251e+09 3.66509e+09 8.27613e+08 8.75283e+08 7.37898e+08 7.66646e+08 7.25932e+08 6.73354e+08 4.86937e+08 8.92687e+08 6.21846e+08 1.16984e+09 4.82496e+08 3.06382e+08 2.16831e+08 2.15304e+08 2.13815e+08 1.94527e+08 1.8479e+08 1.48728e+08 2.69567e+08 2.76426e+08 2.47773e+08 1.96671e+08 1.42138e+08 1.38752e+08 1.27805e+08 1.22459e+08 1.23605e+08 5.73938e+08 3.71945e+08 1.1334e+09 3.01328e+08 1.09125e+09 1.13829e+08 1.43278e+08 1.03729e+08 9.85831e+07 1.28985e+08 1.25914e+08 1.10107e+08 9.57671e+07 9.42683e+07 8.94753e+07 8.7286e+07 6.87808e+07 6.61322e+07 6.4346e+07 6.40975e+07 6.2355e+07 7.83703e+07 5.94165e+07
threshold=0.91397700000000015 0.0019420000000000004 0.018189500000000001 0.22499750000000004 10459.500000000002 0.94009900000000013 0.00042050000000000003 166249.00000000003 0.90078350000000007 0.00037450000000000005 0.92730450000000009 15860.500000000002 1866085.5000000002 0.0027465000000000002 109475.00000000001 50188.500000000007 0.95752500000000007 859899.00000000012 0.044856500000000007 2684.0000000000005 5.5000000000000007e-06 2395.0000000000005 0.71441150000000009 2707.0000000000005 0.00040150000000000006 377038.00000000006 3.1500000000000007e-05 0.0017685000000000003 5406.0000000000009 5252.5000000000009 0.92074100000000014 133519.50000000003 0.94009900000000013 5107.0000000000009 0.0032375000000000004 144883.00000000003 0.0012305000000000003 112701.50000000001 0.0010555000000000002 8.6500000000000015e-05 18182.000000000004 -0.00059749999999999983 0.96647850000000013 1.0000000180025095e-35 2464782.0000000005 5107.0000000000009 5.5000000000000007e-06 31981.000000000004 1.0000000180025095e-35 0.00019850000000000003 0.0015525000000000003 2035954.5000000002
decision_type=2 2 2 2 2 2 2 2 2 2 2 2 2 2 2 2 2 2 2 2 2 2 2 2 2 2 2 2 2 2 2 2 2 2 2 2 2 2 2 2 2 2 2 2 2 2 2 2 2 2 2 2
left_child=1 6 12 25 -2 8 -1 -5 9 -6 15 -12 13 36 42 -11 -7 26 -13 20 24 -22 -23 -21 -15 -4 -8 -25 29 32 34 -32 33 -29 -30 -36 -3 38 39 -28 -41 -40 -10 47 -14 -34 48 -42 -38 50 -50 -19
right_child=4 2 3 7 5 16 17 -9 14 10 11 18 44 19 -16 -17 -18 51 -20 23 21 22 -24 27 -26 -27 37 28 30 -31 31 -33 45 -35 35 -37 46 -39 41 40 43 -43 -44 -45 -46 -47 -48 -49 49 -51 -52 -53
leaf_value=-0.015583230486311083 -22.141630451288876 -2.6826431518285947 -61.457533323448999 231.6557802092301 315.18959313868748 -45.176689850801267 -1.6221106299264894 44.036281533868411 141.06982546632355 278.32801319980138 -92.785471735251818 211.76835501306044 2.2907305382116023 47.835308636642964 35.017045442850062 165.43283497803182 77.904397760241977 1.104239918544152 101.72640246198641 -270.18289391479829 12.322227258026338 178.18052866436514 48.547189832010304 -3.9758961664305734 -34.26370174914635 31.731428564473859 3.6192569637738297 -4.8408912717050772 4.8831875919818701 -134.70438078420835 246.51234364603039 -16.948757724561094 -27.975970145827034 210.21178492874151 2.7515382170115918 7.6053586349967333 -4.9941143394560061 2.1609245338603844 -3.8385589479104865 43.270015419263565 41.855698465681527 4.3541350716343103 84.985300697866023 -7.0488382772772233 -0.83114650570977289 -86.1071604049027 1.8770925475247493 15.462260749964912 4.1840082449249438 4.0768071009098703 14.005330203368512 -0.13684667003182546
leaf_weight=9243644.3307952881 29 2255.0017280578613 20 35 29 22 6261.0097923278809 26 67 23 20 26 25760.010746002197 25 29 31 22 113576.05961799622 22 1.9999999999999989 39 23 23 929.00259208679199 48 33 900 148.00028800964355 29936.005472183228 27 20 35 57 21 5328.0011520385742 43228.010944366455 558.00028800964355 101419.06365013123 1228 118 80 11863.009504318237 36 128.00028800964355 9584.0119113922119 22 12897.002592086792 724.00028800964355 1377 20734.005760192871 1174.0002880096436 40928.070205688477
leaf_count=2596694 29 2213 20 35 29 22 6023 26 67 23 20 26 25501 25 29 31 22 112127 22 2 39 23 23 866 48 33 900 141 29803 27 20 35 57 21 5300 42962 551 99872 1228 118 80 11632 36 121 9325 22 12834 717 1377 20594 1167 39311
internal_value=0.100009 0.0958601 4.3647 79.5795 112.843 124.82 0.0266484 151.701 141.681 175.935 142.809 86.6029 4.30911 5.16068 102.486 213.555 16.3738 1.4348 161.357 6.15098 33.2189 67.021 113.385 6.09735 -6.14031 -3.4325 2.26487 6.10431 6.22312 -12.4669 6.28856 78.8784 0.846554 21.8939 6.23768 7.07276 3.1313 2.47384 4.58377 11.2847 17.8549 3.58561 121.477 14.6365 1.44419 -44.173 3.48815 18.0892 4.35959 4.58375 8.70397 0.775476
internal_weight=9.67559e+06 9.67523e+06 154364 114 356 327 9.52087e+06 61 283 151 122 68 154250 118906 132 54 44 277225 48 79911 158 85 46 79753 73 53 122721 79751 78822 275 78547 55 248 169 78492 48556 38995 116460 15041 1950 1050 13091 103 932.001 35344 79 36740 804 23843 23285 2551 154504
internal_count=3022269 3021913 153090 114 356 327 2868823 61 283 151 122 68 152976 118150 132 54 44 272129 48 79414 158 85 46 79256 73 53 120691 79254 78388 268 78120 55 241 162 78065 48262 38736 114668 14796 1936 1036 12860 103 918 34826 79 36523 797 23689 23138 2544 151438
is_linear=0
shrinkage=0.0279276


Tree=120
num_leaves=53
num_cat=0
split_feature=0 8 16 11 0 16 11 16 14 15 8 16 16 15 14 16 16 15 8 16 16 8 15 16 16 15 13 16 15 14 8 13 14 16 16 14 2 8 15 16 16 16 0 0 14 11 8 16 13 16 16 16
split_gain=2.37928e+09 1.65943e+09 4.62363e+08 4.59103e+08 6.36981e+08 6.23426e+08 3.87246e+08 3.33681e+08 9.48555e+08 1.19041e+09 3.28974e+08 9.48262e+08 4.57188e+08 8.57265e+08 3.25378e+08 3.22558e+08 3.19778e+08 8.62468e+08 2.47835e+08 2.40933e+08 2.38807e+08 2.42125e+08 1.90975e+08 2.9454e+08 1.50351e+08 1.40424e+08 1.33339e+08 1.77174e+08 1.31977e+08 1.16978e+08 1.69851e+08 1.94965e+08 1.75824e+08 1.46072e+08 1.14478e+08 1.05557e+08 1.00011e+08 2.18148e+08 9.92839e+07 1.15874e+08 2.22663e+08 2.21863e+08 1.18373e+08 1.09855e+08 8.73152e+07 8.59988e+07 7.36124e+07 6.75746e+07 6.46969e+07 1.17094e+08 7.48639e+07 6.35616e+07
threshold=0.91397700000000015 0.0017535000000000001 1661581.0000000002 0.00037150000000000003 0.92730450000000009 71837.500000000015 0.22499750000000004 24713.500000000004 0.025577000000000006 0.048364000000000011 0.96228150000000012 36833.500000000007 65932.500000000015 0.00016050000000000003 0.013005500000000001 87862.500000000015 15642.000000000002 0.044856500000000007 0.00085500000000000018 10728.000000000002 102629.00000000001 0.0030705000000000003 0.041114000000000005 50188.500000000007 14490.000000000002 0.050302500000000007 -0.00038149999999999995 1995588.0000000002 0.00016050000000000003 0.00019300000000000003 0.0049340000000000009 -0.0045289999999999992 2.2500000000000001e-05 895933.00000000012 17693.500000000004 9.5000000000000022e-06 0.59831400000000012 0.92513900000000004 0.037011000000000009 2684.0000000000005 4915.5000000000009 5183.0000000000009 0.71441150000000009 0.23513350000000002 0.00069950000000000014 9.4500000000000007e-05 0.0085955000000000007 1226486.5000000002 0.00070250000000000011 135071.00000000003 238440.50000000003 333012.50000000006
decision_type=2 2 2 2 2 2 2 2 2 2 2 2 2 2 2 2 2 2 2 2 2 2 2 2 2 2 2 2 2 2 2 2 2 2 2 2 2 2 2 2 2 2 2 2 2 2 2 2 2 2 2 2
left_child=1 18 6 5 15 -2 20 14 25 -10 11 16 13 -12 -8 22 -6 -18 44 38 36 48 -5 -24 -21 -9 47 34 29 30 31 -23 33 -33 -28 -32 45 -38 39 42 -41 -42 -16 -43 -1 -3 -4 -20 50 -50 -22 -36
right_child=3 2 46 4 10 -7 7 8 9 -11 12 -13 -14 -15 19 -17 17 -19 26 24 21 28 23 -25 -26 -27 27 -29 -30 -31 35 32 -34 -35 51 -37 37 -39 -40 40 41 43 -44 -45 -46 -47 -48 -49 49 -51 -52 -53
leaf_value=0.0027296412638758696 341.45127560675212 -4.6709231364766968 0.44794941242547143 103.47657251413125 -159.16781015080494 64.276143647008922 144.71438006400501 -30.385945166643481 412.08997662658624 70.804350958729131 252.05027992158873 194.16123750937166 -50.354129099921472 12.738044162141302 102.48987774382368 64.096098206262809 148.39919713839703 -155.82559516754074 0.18084224709903146 -126.39396846036013 -1.0907070693812455 -11.396818947639733 327.29758343716151 155.4847581949885 -2.1439141182005699 67.06405630496711 22.791475634127913 -0.60554523270227401 -7.852751522819073 -2.8349478088481139 3.1284743730991402 9.6633277094505967 -2.1420306700095066 5.4026694442224574 3.6495743310238487 16.330268710943557 -127.41988072797531 7.7464376713017753 88.033529309989419 -92.657084469922253 88.703433741370361 22.911139539184152 11.096564054586942 -58.564020172728064 14.930154503178455 1.9446629712596855 14.071720024650876 -3.154915205997304 18.668184671083669 4.4820364585120656 3.3045165334751649 1.7618566007277927
leaf_weight=9281802.2668476105 20 3348.0048961639404 46929.032520294189 25 29 20 23 49 20 34 35 22 24 39 31 44 22 24 36787.042337417603 24 5754.0020160675049 721.00028800964355 20 32 24 29 331 35397.044059753418 738 1417.0089282989502 930.00115203857422 20258.005184173584 2435.0014400482178 19434.005760192871 27148.058753967285 3785.0023040771484 24 38 25 28 37 44 40 38 483 8758.002592086792 494 9398.0057601928711 738.00028800964355 25434.007200241089 28129.006336212158 115647.05097770691
leaf_count=2660627 20 3229 46180 25 29 20 23 49 20 34 35 22 24 39 31 44 22 24 35758 24 5705 714 20 32 24 29 331 34361 738 1200 902 20132 2400 19294 25720 3729 24 38 25 28 37 44 40 38 483 8695 494 9258 731 25259 27975 114408
internal_value=0.0961821 0.092843 3.53295 90.8548 76.6677 202.904 4.67334 37.3279 84.1627 197.256 37.3986 -8.43561 82.7617 125.944 17.6371 139.943 -67.8917 -10.3267 0.0313972 7.58673 4.5539 5.07119 183.273 221.616 -64.2787 5.85216 1.18351 1.61851 6.8834 7.10544 7.40159 6.70561 7.01544 7.57723 2.16856 13.7263 -0.112731 -44.584 21.7856 14.1835 -3.60494 17.3544 51.0095 -14.8451 0.00350643 0.115059 0.589874 -0.497935 3.5709 4.88207 2.55812 2.12075
internal_weight=9.67716e+06 9.6768e+06 169810 356 316 40 122387 446 132 54 195 97 98 74 314 121 75 46 9.50699e+06 291 121941 109773 77 52 48 78 224708 178523 49718 48980 47563 42848 42127 39692 143126 4715 12168 62 243 218 147 119 71 82 9.28229e+06 12106 47423 46185 60055 26172 33883 142795
internal_count=3049187 3048831 167885 356 316 40 121211 446 132 54 195 97 98 74 314 121 75 46 2880946 291 120765 108779 77 52 48 78 219836 174820 49109 48371 47171 42540 41826 39426 140459 4631 11986 62 243 218 147 119 71 82 2661110 11924 46674 45016 59670 25990 33680 140128
is_linear=0
shrinkage=0.035109


Tree=121
num_leaves=53
num_cat=0
split_feature=2 2 12 2 7 16 0 16 12 2 2 16 7 10 16 12 16 16 9 0 16 9 12 16 9 9 12 16 16 9 16 0 16 16 7 16 7 16 16 10 0 7 7 7 9 14 14 9 16 9 16 9
split_gain=9.41766e+09 6.91691e+09 2.44789e+09 1.51786e+09 1.08218e+09 1.07204e+09 6.02934e+08 4.91889e+08 5.83251e+08 4.0601e+08 3.83538e+08 3.35715e+08 3.00649e+08 3.80214e+08 2.66821e+08 2.4883e+08 3.42182e+08 1.05865e+09 2.35002e+08 2.12454e+08 3.11894e+08 2.35764e+08 2.05393e+08 1.9809e+08 1.79629e+08 3.91348e+08 6.56183e+08 6.11313e+08 2.23117e+08 2.34704e+08 4.22206e+08 2.75333e+08 1.6637e+08 1.57575e+08 1.48474e+08 1.31614e+08 3.07819e+08 1.27649e+08 1.21549e+08 1.15361e+08 1.14503e+08 1.06293e+08 1.04821e+08 9.22968e+07 8.76859e+07 8.03669e+07 7.79199e+07 1.78604e+08 1.07351e+08 5.93875e+08 4.85658e+08 4.4304e+08
threshold=0.59831400000000012 0.0018835000000000002 -0.0090079999999999986 0.00059800000000000012 0.93469650000000015 1642241.5000000002 0.95752500000000007 174195.50000000003 -0.0033639999999999994 0.0030995000000000003 0.91595400000000005 5165.0000000000009 0.00055650000000000003 0.00056650000000000016 1681456.5000000002 0.0099170000000000022 17121.500000000004 209471.50000000003 0.0014745000000000003 0.92730450000000009 90131.000000000015 0.00039750000000000007 0.018189500000000001 2447024.0000000005 0.00036350000000000005 0.0066970000000000007 -0.047908499999999993 15943.000000000002 7823.5000000000009 0.00020450000000000001 13173.500000000002 0.91397700000000015 17497.000000000004 336144.00000000006 0.0051090000000000007 118915.00000000001 0.011366500000000003 193396.00000000003 418502.00000000006 7.3500000000000011e-05 0.00049150000000000007 0.0014435000000000001 0.0038110000000000006 0.012328500000000001 0.00080950000000000022 1.0000000180025095e-35 2.2500000000000001e-05 0.00072750000000000017 2684.0000000000005 0.0003765000000000001 2479.0000000000005 0.0089820000000000021
decision_type=2 2 2 2 2 2 2 2 2 2 2 2 2 2 2 2 2 2 2 2 2 2 2 2 2 2 2 2 2 2 2 2 2 2 2 2 2 2 2 2 2 2 2 2 2 2 2 2 2 2 2 2
left_child=1 3 6 -1 7 9 11 8 19 12 18 44 38 37 32 35 -17 -18 22 20 -4 -21 -10 34 28 26 -26 -27 -13 30 -30 -32 45 -34 -7 46 -37 -14 -3 -38 -39 -35 -42 -19 -2 -5 47 -11 49 50 -48 -51
right_child=2 5 4 14 -6 23 -8 -9 10 15 -12 24 13 -15 -16 16 17 43 -20 21 -22 -23 -24 -25 25 27 -28 -29 29 -31 31 -33 33 41 -36 36 39 40 -40 -41 42 -43 -44 -45 -46 -47 48 -49 -50 51 -52 -53
leaf_value=-0.061568287212606237 -44.355692861924894 17.35515741515065 316.13065620105994 15.850653775683544 12.484097445802199 4.6914449199608024 260.27116502537353 79.08047236294567 412.13370819260933 29.580762999914754 210.28352981386604 208.67129816911356 -1.7415677972389929 2.7760528072802599 0.75278272912586763 -81.101251022834546 329.7787920040318 -22.864940869657779 464.60174310472786 231.55346759650848 183.38147538610218 62.984767858498174 235.11190505832229 -1.2044372001489483 -206.74093168571028 204.86662987586803 101.87317337302562 -53.454552468372498 -92.53910749740551 207.13886905100077 42.383271556367539 212.94061716518914 5.8340682742984189 2.906439975696292 21.305887185259767 13.085159495360653 22.243245253579424 26.09497767102156 9.9736574258730926 47.584543211740687 15.880155237803844 6.7924603933804839 -7.9758720300284276 44.671894263013776 37.107774812384733 -4.0270368451143153 20.89520414047654 4.1741838467722889 0.14991646361714611 -82.427355961182528 248.63237439760269 114.05255763723562
leaf_weight=9263438.0590419769 44 4681.0002880096436 56 328.00028800964355 32 33520.014490127563 25 23 20 627.00028800964355 25 30 569 18890.005760192871 66556.089092254639 31 20 34 33 28 52 23 20 9744.0162506103516 20 38 22 22 21 20 36 24 44411.036289215088 142970.05846595764 839 50058.009504318237 592 1584 12356.003168106079 508 1926.0008640289307 11579.001728057861 328.00086402893066 325 37 5490.0043201446533 29 1282.0005760192871 2416.0005760192871 64 28 24
leaf_count=2599687 44 4674 56 321 32 33170 25 23 20 620 25 30 569 18750 64456 31 20 34 33 28 52 23 20 9373 20 38 22 22 21 20 36 24 43529 141549 839 49827 592 1584 12279 508 1905 11537 307 325 37 5385 29 1268 2402 64 28 24
internal_value=0.159255 0.149272 148.524 0.0226686 227.375 8.7425 75.9536 251.936 267.404 11.0479 342.274 61.2681 8.06334 5.18317 2.89855 13.196 43.4746 53.6677 387.45 221.24 252.236 155.564 323.707 3.7049 85.0495 46.2255 -45.0886 110.144 115.273 87.5118 57.9469 110.63 3.59595 3.78609 5.09716 12.9728 13.5337 15.5009 12.0018 33.9467 18.0572 3.19759 12.4085 38.2744 -7.13865 -2.90633 6.55353 12.519 2.10667 34.7062 132.785 -28.8275
internal_weight=9.6759e+06 9.67525e+06 651 9.53477e+06 312 140475 339 280 257 96372 98 314 40334 23297 271334 56038 410 379 73 159 108 51 40 44103 233 102 42 60 131 101 81 60 204778 198960 34359 55628 51158 4407 17037 1100 3838 154549 2254 359 81 5818 4470 1909 2561 145 57 88
internal_count=3006337 3005686 651 2866464 312 139222 339 280 257 95840 98 314 40068 23115 266777 55772 410 379 73 159 108 51 40 43382 233 102 42 60 131 101 81 60 202321 196615 34009 55362 50927 4365 16953 1100 3796 153086 2212 359 81 5706 4435 1888 2547 145 57 88
is_linear=0
shrinkage=0.03901


Tree=122
num_leaves=53
num_cat=0
split_feature=0 8 9 9 15 9 9 15 15 8 8 2 7 0 9 9 7 1 3 8 8 7 3 15 15 0 0 9 9 9 15 8 0 3 15 15 2 8 13 13 2 9 15 3 7 15 0 15 8 9 0 7
split_gain=4.60014e+08 3.5377e+08 1.13111e+08 1.26517e+08 1.99637e+08 3.40187e+08 2.79207e+08 2.15229e+08 3.63924e+08 3.04657e+08 1.41945e+08 2.31605e+08 1.88507e+08 1.06792e+08 4.08331e+08 1.28213e+08 2.58187e+08 8.47143e+07 1.4521e+08 6.77702e+07 3.8591e+07 3.69756e+07 3.44555e+07 3.20882e+07 3.18227e+07 2.70155e+08 6.40205e+07 1.4321e+08 4.6495e+08 1.34082e+08 1.30159e+08 3.12363e+07 4.6092e+07 3.4198e+07 3.36067e+07 3.12141e+07 5.83604e+07 3.9679e+07 2.95625e+07 3.74756e+07 3.08818e+07 4.2094e+07 3.05081e+07 2.568e+07 2.55084e+07 2.53285e+07 4.80804e+07 1.59283e+08 1.22118e+08 3.2804e+07 2.34688e+07 3.37164e+07
threshold=0.71441150000000009 0.0024305000000000008 0.011022500000000003 0.010303000000000001 0.033185500000000007 0.00020850000000000005 0.00017950000000000005 0.044856500000000007 0.047700500000000007 0.95254850000000013 0.96647850000000013 0.91595400000000005 0.88436850000000011 0.92730450000000009 0.0077630000000000017 0.0010755000000000003 0.88436850000000011 0.67893700000000012 0.75452300000000017 0.00085500000000000018 0.92513900000000004 0.00047050000000000005 0.75452300000000017 0.051172000000000002 0.020580000000000005 0.014597500000000001 0.23513350000000002 0.0020215000000000003 0.0003655000000000001 0.0079260000000000008 0.0011620000000000003 0.0045345000000000012 0.0029085000000000005 0.0048880000000000009 5.4500000000000003e-05 3.3500000000000008e-05 0.012439 0.025403000000000005 -0.00027249999999999996 -0.0012274999999999996 0.0017075000000000003 9.2500000000000012e-05 2.3500000000000005e-05 0.0025595000000000006 0.017402500000000005 0.0019730000000000004 0.17083400000000001 0.0013045000000000003 0.21473850000000003 0.00013750000000000001 4.7500000000000009e-05 0.00056250000000000017
decision_type=2 2 2 2 2 2 2 2 2 2 2 2 2 2 2 2 2 2 2 2 2 2 2 2 2 2 2 2 2 2 2 2 2 2 2 2 2 2 2 2 2 2 2 2 2 2 2 2 2 2 2 2
left_child=1 19 3 4 5 6 10 9 -9 -6 12 -12 22 15 -15 20 -17 -7 -19 -1 23 -3 -2 -10 26 -26 31 28 30 -29 -28 33 -33 50 -35 37 -37 44 39 40 -21 -42 -43 -40 -34 46 48 -48 -38 -47 -23 -52
right_child=2 21 -4 -5 7 17 -8 8 13 -11 11 -13 -14 14 -16 16 -18 18 -20 38 -22 24 -24 -25 25 -27 27 29 -30 -31 -32 32 35 34 -36 36 45 -39 43 -41 41 42 -44 -45 -46 49 47 -49 -50 -51 51 -53
leaf_value=-0.0745533291245533 -36.127107018914487 16.981845666364318 -317.58993181955435 703.555572624148 1089.6827206183955 -28.559786999826642 971.15037849747341 -670.51775011720179 278.73136596970477 196.35466791330643 890.16841840331381 50.66700085751399 271.04065290756296 541.38967517322055 -554.89135323392622 1098.5146667548358 152.30352151337001 -668.26971639153135 -25.980903876854047 13.834723893430931 449.69820827099807 25.130830182000153 -293.93421472246962 -30.582370315516325 -10.10397429853548 -779.05576546898953 425.10382691393266 -493.92251458888666 1225.9191893570023 237.32539618295414 -200.32160022160218 -3.1830713447299672 34.220932541549914 -63.255947759065585 90.056267856454639 -39.40701629267943 40.223213672607926 -30.86584661558927 5.1238672093283064 -2.8491909619797759 26.260734349207098 -11.229422177587811 15.906330207364638 -48.307673563378586 107.77833554333625 37.075344665267153 706.41724818937121 55.870169342998594 -449.40977737566533 -324.43561305402204 11.28535296033407 2.3014882248105915
leaf_weight=9282807.7264881134 48 36765.017082214355 21 21 34 51 20 20 34 36 27 34 88 35 28 28 25 38 28 13839.003744125366 26 3456.0026817321777 47 28 424.00172805786133 22 25 24 20 22 39 3204.0074882507324 6844.0057601928711 516.00057601928711 75 854.00086402893066 821.00086402893066 424 176021.13580703735 59453.092451095581 2262.0027713775635 9233.0029697418213 2389.0008640289307 413.00028800964355 223 27 21 96 24 20 41091.025287628174 35818.020627975464
leaf_count=2626218 48 36352 21 21 34 51 20 20 34 36 27 34 88 35 28 28 25 38 28 13748 26 3393 47 28 382 22 25 24 20 22 39 3022 6704 502 75 833 800 424 172766 57206 2199 9163 2368 406 223 27 21 96 24 20 40496 35321
internal_value=0.185755 0.173053 171.612 186.383 170.279 68.0264 202.66 302.781 200.392 630.339 139.623 422.331 45.361 285.819 54.1366 389.325 652.287 -235.745 -395.824 0.0215452 230.89 11.2262 -163.691 139.047 8.9772 -48.0569 9.24885 159.333 325.559 -144.172 44.0218 9.04018 18.9721 7.49951 -43.7965 26.561 1.76825 32.7268 3.40557 0.181093 6.67968 -0.452103 -5.65135 4.99879 36.5423 36.6191 44.1156 172.698 26.3088 -116.766 7.87675 7.10141
internal_weight=9.67799e+06 9.67727e+06 717 696 675 381 264 294 224 70 244 61 183 204 63 141 53 117 66 9.54642e+06 88 130855 95 62 94090.1 446.002 93644.1 130 84 46 64 93514.1 12558 80956 591.001 9354.01 1863 7491.01 263610 87176.1 27723 13884 11622 176434 7067.01 1009 962.001 117 845.001 47 80365 76909
internal_count=3013658 3012941 717 696 675 381 264 294 224 70 244 61 183 204 63 141 53 117 66 2884074 88 128867 95 62 92515 404 92111 130 84 46 64 91981 12194 79787 577 9172 1821 7351 257856 84684 27478 13730 11531 173172 6927 988 941 117 824 47 79210 75817
is_linear=0
shrinkage=0.214031


Tree=123
num_leaves=53
num_cat=0
split_feature=0 8 11 11 1 15 8 8 6 0 1 11 6 1 2 15 6 11 11 11 8 15 6 15 15 0 15 15 15 11 15 15 8 4 15 15 8 1 10 2 0 4 8 10 8 2 8 2 2 6 0 15
split_gain=2.21222e+08 1.58393e+08 1.46988e+08 9.66725e+07 2.94985e+08 1.67631e+08 4.23375e+08 1.84643e+08 1.7304e+08 1.66215e+08 1.30769e+08 8.64684e+07 1.17216e+08 1.60187e+08 1.16279e+08 2.15941e+08 7.43779e+07 6.67031e+07 5.36345e+07 1.36204e+08 4.70893e+07 4.55186e+07 4.35865e+07 1.13418e+08 1.78154e+08 7.39274e+07 5.43736e+07 7.52181e+07 1.0869e+08 7.36368e+07 6.05119e+07 4.14273e+07 3.40247e+07 3.21498e+07 3.79141e+07 4.4036e+07 2.767e+07 2.80883e+07 2.34883e+07 2.05641e+07 3.17015e+07 2.60006e+07 2.89611e+07 2.4752e+07 2.1489e+07 2.052e+07 3.2198e+07 1.85443e+07 1.79002e+07 3.215e+07 2.78641e+07 1.78971e+07
threshold=0.91397700000000015 0.0012405000000000001 0.00037050000000000006 0.00041050000000000006 0.91422250000000005 0.00016050000000000003 0.96647850000000013 0.95254850000000013 0.9135660000000001 0.92730450000000009 0.92514000000000018 0.22499750000000004 0.49003550000000001 0.57152900000000006 0.17539850000000004 6.5000000000000013e-06 0.89377350000000011 0.00037950000000000006 0.00038950000000000003 0.00037250000000000006 0.95254850000000013 0.0013045000000000003 0.49003550000000001 0.018882500000000007 0.0034125000000000002 0.71441150000000009 0.020994000000000002 0.041114000000000005 0.049698500000000007 0.94009900000000013 0.033185500000000007 0.0016605000000000003 0.96228150000000012 1.3500000000000001e-05 3.5000000000000004e-06 5.5000000000000007e-06 0.0037625000000000007 0.12744000000000003 0.0036730000000000005 0.0011125000000000002 1.2500000000000001e-05 1.0000000180025095e-35 0.0030195000000000005 0.00018350000000000004 0.0025075000000000006 0.0029685000000000002 0.0051000000000000012 0.0042675000000000013 0.00084650000000000014 0.00077450000000000012 0.00084850000000000019 1.5000000000000002e-06
decision_type=2 2 2 2 2 2 2 2 2 2 2 2 2 2 2 2 2 2 2 2 2 2 2 2 2 2 2 2 2 2 2 2 2 2 2 2 2 2 2 2 2 2 2 2 2 2 2 2 2 2 2 2
left_child=1 -1 -2 4 -4 8 7 9 -5 16 -6 12 14 -14 33 -16 -7 -12 19 -15 -20 -13 23 24 31 -24 -27 29 -29 -28 -31 -23 -32 34 39 -36 38 45 47 43 41 -41 -43 -3 51 46 -38 48 49 50 -35 -45
right_child=2 11 3 5 10 6 -8 -9 -10 -11 17 21 13 18 15 -17 -18 -19 20 -21 -22 22 25 -25 -26 26 27 28 -30 30 32 -33 -34 36 35 -37 37 -39 -40 40 -42 42 -44 44 -46 -47 -48 -49 -50 -51 -52 -53
leaf_value=-0.026005089352310808 539.24459143939055 -9.3875080444406063 -725.8519609972526 954.76270555859742 494.38998222697734 544.22439103746763 -734.74790754115418 638.80247671368795 189.5193346901205 -224.62091652081671 188.82075632424232 361.21108457925351 -661.80410400809615 -318.71269218091277 724.04868057590954 -153.04847759480205 140.37209800670851 -268.04694817141285 -69.194376014549633 298.88068950929573 -406.23627362649216 140.67654964276298 415.97352526347879 -313.60565959595033 501.49376629034305 -170.50688571135038 535.767616992238 -267.11390314655341 159.06088247812258 324.80622786618164 148.60237781036028 -145.55569516919994 -172.48353455407118 -2.3829754422778282 -52.020734896914419 10.217973499410224 -2.3304996254121275 -48.617937489820839 -3.5262807674432244 -20.551179740169751 -8.9358962468698557 96.207287057872364 19.360961827589488 6.0542967800899268 66.453041350204373 12.595572860780837 -106.33578038135326 -6.7470967506418917 5.9389774705910341 -35.837438899420114 59.33926590239291 31.304684529516646
leaf_weight=9418825.9722366333 35 3113.0086402893066 20 20 25 25 21 31 27 41 23 23 22 23 24 20 61 27 40 35 27 29 30 36 30 28 24 38 60 42 29 61 23 3871.0334091186523 1169 711.00028800964355 1307.0002880096436 305.00028800964355 12599.004121780396 519 11527.005075454712 223 1318.0015296936035 8669.0043201446533 262.00028800964355 30508.011322021484 127 4860.0040321350098 174970.11681747437 1093.0002880096436 307.00028800964355 1249.0009536743164
leaf_count=2756237 35 2903 20 20 25 25 21 31 27 41 23 23 22 23 24 20 61 27 40 35 27 29 30 36 30 28 24 38 60 42 29 61 23 3059 1169 704 1300 298 12501 519 11408 223 1283 8564 255 30235 127 4762 172170 1086 300 1228
internal_value=0.1121 0.106382 155.562 113.712 -53.1961 183.877 96.831 207.413 515.278 102.063 126.251 4.91427 4.76364 -171.278 4.86366 325.367 257.826 -57.8597 -84.8905 53.9308 -205.063 90.998 76.5341 -6.67087 85.424 123.908 87.9777 121.498 -6.19086 227.545 148.792 -53.3018 6.57046 4.80913 -1.40715 -28.4821 5.58662 10.9431 4.71292 0.486465 -4.90884 17.6246 30.4826 6.00115 10.707 11.5119 -11.5429 5.27373 5.59786 -5.72513 2.15233 9.23426
internal_weight=9.67853e+06 9.67818e+06 356 321 95 226 179 158 47 127 75 259351 258898 147 258751 44 86 50 125 58 67 453 430 156 120 274 244 216 98 118 94 90 52 258707 28760 1880 229947 32247 197700 26880 13587 2060 1541 13293 10180 31942 1434 185101 180241 5271.03 4178.03 9918.01
internal_count=3011331 3010975 356 321 95 226 179 158 47 127 75 254738 254285 147 254138 44 86 50 125 58 67 453 430 156 120 274 244 216 98 118 94 90 52 254094 28256 1873 225838 31960 193878 26383 13433 2025 1506 12950 10047 31662 1427 181377 176615 4445 3359 9792
is_linear=0
shrinkage=0.19721


Tree=124
num_leaves=53
num_cat=0
split_feature=0 2 2 11 11 12 13 9 12 2 0 13 11 0 9 12 12 12 13 15 12 1 12 9 13 11 9 9 9 9 12 9 9 12 0 13 12 2 11 11 11 9 2 9 13 15 15 15 2 11 9 13
split_gain=1.15841e+10 7.85044e+09 1.74491e+09 1.15398e+09 1.10506e+09 1.68127e+09 8.79534e+08 8.42783e+08 7.80943e+08 3.76387e+08 2.8796e+08 6.55937e+08 6.16744e+08 5.50639e+08 7.38202e+08 2.81616e+08 6.60898e+08 2.69841e+08 2.58824e+08 3.47727e+08 2.82792e+08 2.52939e+08 2.27212e+08 1.71337e+08 1.56116e+08 1.46268e+08 1.19039e+08 8.70157e+08 1.27545e+08 2.72252e+08 2.08174e+08 1.40203e+08 1.23946e+08 1.25414e+08 1.15315e+08 1.07312e+08 8.74935e+07 1.19298e+08 3.03333e+08 1.69972e+08 1.72059e+08 1.64271e+08 8.60052e+07 7.63421e+07 1.28467e+08 7.61801e+07 7.23248e+07 6.99345e+07 6.88724e+07 6.87132e+07 6.76836e+07 6.58522e+07
threshold=0.91397700000000015 0.0018835000000000002 0.00056150000000000004 0.94009900000000013 0.22499750000000004 0.018189500000000001 -0.93469649999999993 0.0014745000000000003 -0.0033639999999999994 0.91595400000000005 0.92730450000000009 -0.88436849999999989 0.00037650000000000004 0.95752500000000007 0.00020650000000000003 -0.019394499999999999 -0.0050564999999999994 -0.0066269999999999992 -0.0087404999999999983 5.5000000000000007e-06 -0.010357999999999997 0.14155050000000002 -0.071882499999999988 0.00077150000000000016 0.0024710000000000005 0.00025850000000000005 0.00036850000000000007 0.0008135000000000001 0.0089820000000000021 0.010863000000000003 -0.14644149999999997 0.0072820000000000011 4.250000000000001e-05 -0.14644149999999997 0.00078050000000000005 -0.013496499999999998 -0.071882499999999988 0.12471650000000002 0.00041350000000000008 0.00038550000000000005 0.00037850000000000009 9.7500000000000012e-05 0.0089480000000000028 3.3500000000000008e-05 -0.00035149999999999998 5.5500000000000007e-05 6.9500000000000009e-05 0.018882500000000007 0.00010250000000000001 0.00079450000000000018 0.0081640000000000011 -0.0016069999999999997
decision_type=2 2 2 2 2 2 2 2 2 2 2 2 2 2 2 2 2 2 2 2 2 2 2 2 2 2 2 2 2 2 2 2 2 2 2 2 2 2 2 2 2 2 2 2 2 2 2 2 2 2 2 2
left_child=1 2 48 6 18 15 -2 -7 10 -10 11 17 -12 14 -14 22 23 -8 20 24 36 35 26 -17 25 -20 32 -28 30 -30 31 -29 47 -34 -27 -22 37 -3 39 40 41 -39 -21 49 -45 -44 -37 -6 -1 -36 -5 -4
right_child=3 4 51 50 5 7 8 -9 9 -11 12 -13 13 -15 -16 16 -18 -19 19 42 21 -23 -24 -25 -26 34 27 28 29 -31 -32 -33 33 -35 43 46 -38 38 -40 -41 -42 -43 45 44 -46 -47 -48 -49 -50 -51 -52 -53
leaf_value=-0.16624720503049514 52.567408605979985 3.6579199627522812 6.1502236134232193 18.637589036258845 1.1598394350698578 159.68167975453579 159.12982900098967 468.54186356312715 471.2821797745886 262.91559519311693 382.86929097389009 478.84977831015431 -80.288490392679762 284.99611205729798 219.63824349612756 130.48963025934714 -39.572054565813929 293.34839547474769 12.255434292424551 3.7231680826863647 35.857350707855964 -110.38703338514979 -66.684998771706887 283.13901898603189 11.489041394635018 0.84161533576402081 235.91357869672197 -129.24495114023139 137.86858042086939 -42.746695712149076 74.161504791355341 -7.5449458150113466 -94.246064709228904 22.477047812347379 -2.3467364855745134 23.437435948219445 -4.7288083310790272 37.505647098192561 -56.186775556302415 158.47551821039826 -38.513044634316628 168.54657203217354 40.214702606317665 1.7557651006480577 8.2787528760122377 -9.6937515458354522 3.2679496934836973 103.06609252928614 0.42475444506727822 13.611124506820415 104.46209149607975 2.8897666851109665
leaf_weight=8950643.7866191864 30 368 9774.0070018768311 29 20 41 39 20 39 20 20 21 26 26 24 24 28 55 12972.005561828613 19938.008153915405 1015 21 37 21 40936.011968612671 3520.0009536743164 33 24 30 22 27 36 28 28 445.00057601928711 1847 824.00172805786133 43 35 28 25 22 178 5090.005184173584 47214.020769119263 63 317.00028800964355 21 310476.2077255249 5311.0041217803955 27 265440.24824714661
leaf_count=2413899 30 368 9606 29 20 41 39 20 39 20 20 21 26 26 24 24 28 55 12839 19742 1015 21 37 21 40656 3499 33 24 30 22 27 36 28 28 431 1847 782 43 35 28 25 22 178 4964 46731 63 310 21 257001 5213 27 259511
internal_value=0.0876556 0.0794693 -0.0554689 222.6 9.2284 70.9525 252.951 261 275.216 400.692 240.112 281.764 190.192 139.436 63.6936 40.3574 109.196 237.685 9.0347 8.72792 18.1918 24.5003 23.9307 201.766 9.55346 8.49065 36.3979 55.8847 13.127 61.452 -15.7612 -56.2389 1.84132 -35.8851 7.69758 25.3919 3.18251 15.6949 44.6435 74.5573 48.433 81.8784 4.00318 8.11324 7.64397 27.1669 20.4829 53.3661 -0.146434 12.3774 60.0413 3.00556
internal_weight=9.67734e+06 9.67699e+06 9.53633e+06 356 140652 440 300 61 270 59 211 115 96 76 50 379 73 94 140212 135667 4545 3200 306 45 115488 74552 269 172 139 52 87 60 97 56 61580 3179 1345 521 153 118 90 65 20179 58060 52304 241 2164 41 9.26112e+06 5756 56 275214
internal_count=3079625 3079269 2940017 356 139252 440 300 61 270 59 211 115 96 76 50 379 73 94 138812 134316 4496 3193 306 45 114333 73677 269 172 139 52 87 60 97 56 60838 3172 1303 521 153 118 90 65 19983 57339 51695 241 2157 41 2670900 5644 56 269117
is_linear=0
shrinkage=0.03901


Tree=125
num_leaves=53
num_cat=0
split_feature=1 3 12 6 2 15 6 12 15 12 1 12 15 12 15 15 7 15 10 15 15 12 6 1 6 12 1 15 15 2 2 12 3 7 12 10 7 6 3 12 1 7 10 12 12 2 3 12 5 6 6 12
split_gain=1.91901e+09 1.50593e+09 4.13432e+08 3.71463e+08 3.29163e+08 2.25465e+08 1.81832e+08 1.99013e+08 1.88816e+08 1.70187e+08 1.61737e+08 9.90031e+07 2.05663e+08 3.30489e+08 1.42532e+08 1.27095e+08 7.18243e+07 9.57131e+07 7.03738e+07 1.34633e+08 1.21291e+08 1.9307e+08 1.54548e+08 2.28316e+08 1.34133e+08 1.3065e+08 1.97965e+08 6.6399e+07 1.22525e+08 6.56597e+07 6.47374e+07 6.18114e+07 5.64842e+07 5.60448e+07 5.44415e+07 4.60356e+07 9.05295e+07 9.36728e+07 5.38174e+07 4.50727e+07 5.90857e+07 4.34706e+07 6.14969e+07 4.23213e+07 4.05939e+07 4.97589e+07 3.8703e+07 3.81307e+07 3.78483e+07 3.64847e+07 3.6068e+07 4.06823e+07
threshold=0.67893700000000012 0.0023455000000000004 -0.0078809999999999974 0.89377350000000011 0.00027950000000000007 0.050607500000000007 0.94509250000000011 -0.0016914999999999999 0.00016050000000000003 -0.0038389999999999995 0.92514000000000018 -0.14644149999999997 0.044856500000000007 -0.019394499999999999 0.052283000000000003 0.020994000000000002 0.0066265000000000013 6.5000000000000013e-06 0.00010250000000000001 0.00011450000000000002 0.0034125000000000002 -0.019394499999999999 0.49003550000000001 0.57152900000000006 0.49003550000000001 -0.14644149999999997 0.033998500000000008 0.0011620000000000003 0.0010655000000000003 0.0014715000000000004 0.91595400000000005 -0.0031474999999999997 0.48583150000000003 0.00052950000000000013 -0.085697499999999996 0.0013455000000000003 0.0005015000000000001 0.00050050000000000019 0.0044740000000000014 0.0029135000000000003 0.014657500000000002 0.00056250000000000017 0.0044290000000000006 0.00021050000000000005 -0.0041669999999999997 0.0072730000000000008 0.011438000000000002 -0.041660999999999997 0.00021450000000000004 0.0078670000000000007 0.00060150000000000015 -0.0016309999999999999
decision_type=2 2 2 2 2 2 2 2 2 2 2 2 2 2 2 2 2 2 2 2 2 2 2 2 2 2 2 2 2 2 2 2 2 2 2 2 2 2 2 2 2 2 2 2 2 2 2 2 2 2 2 2
left_child=1 4 11 5 -1 -4 7 9 -8 10 -5 15 13 34 -14 -2 17 29 20 39 22 24 25 -24 -22 26 -18 28 44 48 -15 -11 -26 -19 -13 -31 38 -38 -37 46 -41 -39 50 -6 47 -46 49 -27 -3 -20 -43 -52
right_child=2 16 3 6 43 -7 8 -9 -10 31 -12 12 14 30 -16 -17 18 33 19 -21 21 -23 23 -25 32 27 -28 -29 -30 35 -32 -33 -34 -35 -36 36 37 41 -40 40 -42 42 -44 -45 45 -47 -48 -49 -50 -51 51 -53
leaf_value=-0.031534001231799405 -52.622876395273543 -2.0717148255895492 272.93558199333887 118.91285325767375 1.5629861846077635 110.40880375524914 77.964400463184433 -16.453024213734686 -85.436014516490246 221.98157798438007 -4.3507337668059707 100.18159401176318 -34.748884552481215 -4.7926020962863252 70.961076528428222 38.301699103427637 9.6721452716836573 11.907807956886813 17.002212520603631 -3.1657999993400194 -28.225171040880475 158.48124024368718 -173.70884461842692 -2.8241532822911397 89.969509149625637 6.1312212708169493 175.18840994175267 -20.622243188932078 100.38653619214291 6.0808136792947574 81.753871192673145 134.42343925336905 8.7938354620923622 -1.0592186014281055 178.55505472238607 5.6229113957219194 -4.5849870144589904 4.6533176979259272 -5.5031432872070969 54.957365212833956 23.023869093831429 -9.802805367120186 8.8449602234598466 0.54772698078536386 17.087749795637212 4.5690127289459319 27.292934672292127 -7.0676033198855679 -23.166184598544518 -2.3435716508806665 -5.1835984507420498 2.1732708280489916
leaf_weight=9198890.3480529785 37 755.00432014465332 34 75.000288009643555 252879.24908447266 27 33 21 20 29 25 23 53.000288009643555 45 39 101 35 639 510.00028800964355 549.00086402893066 51 22 21 40 44 819.00086402893066 20 174 24 36546.018682479858 23 28 23 7265.0034561157227 49 42906.017709732056 3061.0020160675049 14498.00707244873 780 131 463 672.00028800964355 1473.0005760192871 101350.20743179321 816 1780.0002880096436 352 729.00086402893066 187 259 1755.0002880096436 5400.0014400482178
leaf_count=2575713 37 650 34 68 246873 27 33 21 20 29 25 23 46 45 39 101 35 639 503 528 51 22 21 40 44 798 20 174 24 36105 23 28 23 7181 49 42493 3012 14337 780 131 463 665 1459 96352 816 1773 352 708 187 259 1748 5365
internal_value=0.0810846 0.0761949 71.5483 108.892 0.0168198 201.021 84.5549 104.876 16.2987 121.109 88.0966 42.077 58.8234 90.8609 10.0661 13.9199 4.69526 4.44827 8.86827 14.9266 5.88517 44.3563 4.67686 -61.6725 23.065 5.59755 69.8753 4.78304 5.84373 4.77452 24.4902 178.998 62.1072 -0.0108565 153.533 4.87158 4.24513 2.32728 5.42425 20.7184 30.0675 3.21638 0.976276 1.27251 5.29584 8.50414 15.7641 -0.0843898 -6.2596 10.4864 -0.504561 0.368726
internal_weight=9.67658e+06 9.67592e+06 662.001 292 9.55312e+06 61 231 178 53 157 100 370 232 140 92.0003 138 122799 115937 6862 2264 4598 140 4458 61 118 4397 55 4342 4168 108033 68 57 67 7904 72 107091 70545 26859 43686 1715 594 23798 9300 354229 4144 2596 1121 1548 942.004 769 7827 7155
internal_count=3040992 3040344 648 285 2918938 61 224 171 53 150 93 363 225 140 85 138 121406 114621 6785 2236 4549 140 4409 61 118 4348 55 4293 4119 106801 68 57 67 7820 72 105964 69859 26586 43273 1708 594 23574 9237 343225 4095 2589 1114 1506 837 762 7778 7113
is_linear=0
shrinkage=0.0419781


Tree=126
num_leaves=53
num_cat=0
split_feature=0 8 11 12 8 0 6 11 12 11 11 12 12 12 14 14 8 11 2 12 6 3 11 12 6 14 11 0 11 11 11 8 14 14 12 8 14 14 8 11 13 12 3 8 0 3 14 13 8 8 12 11
split_gain=3.29953e+08 2.4099e+08 1.18329e+08 1.34201e+08 1.1685e+08 1.08961e+08 1.06442e+08 1.14441e+08 9.02776e+07 1.28978e+08 7.14632e+07 1.26323e+08 1.00446e+08 1.24812e+08 2.94794e+08 2.34857e+08 1.25363e+08 9.56397e+07 6.54932e+07 9.7263e+07 5.8298e+07 5.80852e+07 5.31618e+07 6.26777e+07 4.53495e+07 9.62723e+07 8.184e+07 1.48503e+08 1.57252e+08 9.0497e+07 8.67849e+07 4.94877e+07 4.50717e+07 4.25033e+07 3.83746e+07 3.37449e+07 6.80688e+07 4.06026e+07 3.8826e+07 3.69254e+07 3.19387e+07 2.75947e+07 4.3259e+07 2.7509e+07 2.55765e+07 2.30322e+07 2.34992e+07 5.17371e+07 3.67445e+07 2.81477e+07 3.55945e+07 2.63063e+07
threshold=0.91397700000000015 0.0023450000000000003 0.94009900000000013 -0.0034724999999999995 0.96228150000000012 0.95752500000000007 0.89377350000000011 0.00037750000000000007 -0.032569999999999995 0.041046000000000006 0.22499750000000004 0.018189500000000001 -0.0017299999999999998 -0.019394499999999999 0.0087735000000000018 0.013005500000000001 0.92513900000000004 0.94009900000000013 0.17539850000000004 -0.14644149999999997 0.00012850000000000001 0.12940850000000001 0.00039050000000000006 -0.0050564999999999994 0.49003550000000001 0.046726000000000011 0.00036950000000000009 0.71441150000000009 0.00038550000000000005 0.00044350000000000005 0.00041050000000000006 0.25019750000000002 0.00019300000000000003 0.014463000000000002 -0.0059454999999999994 0.00015650000000000004 0.00019300000000000003 2.0500000000000004e-05 0.00045950000000000006 7.6500000000000016e-05 -0.88436849999999989 4.7500000000000009e-05 0.00013850000000000003 0.00019650000000000003 0.0012615000000000003 0.0015575000000000001 0.00019300000000000003 -0.014045999999999998 0.01153 0.0033405000000000002 -0.0052394999999999994 0.00012250000000000002
decision_type=2 2 2 2 2 2 2 2 2 2 2 2 2 2 2 2 2 2 2 2 2 2 2 2 2 2 2 2 2 2 2 2 2 2 2 2 2 2 2 2 2 2 2 2 2 2 2 2 2 2 2 2
left_child=1 20 3 6 -4 40 8 34 -2 -10 24 12 13 15 -15 -12 18 -18 21 -20 32 -17 -9 33 25 45 -26 -28 -29 30 -30 -27 -1 -24 -8 -22 37 39 -38 43 -5 42 -41 -37 -44 -3 47 -47 51 -48 -51 -49
right_child=2 10 4 5 -6 -7 7 22 9 -11 11 -13 -14 14 -16 16 17 -19 19 -21 35 -23 23 -25 26 31 27 28 29 -31 -32 -33 -34 -35 -36 36 38 -39 -40 41 -42 -43 44 -45 -46 46 49 48 -50 50 -52 -53
leaf_value=-0.13645298479535481 131.79431923959316 -11.474209145800558 -442.33678643243138 570.9142958244463 242.14613946482098 119.47908515410501 -465.05316137773042 549.727498787012 1032.6058689889646 255.45409892875773 766.21295886458051 424.08635283719127 -448.62264088176858 -63.773096583182394 960.64732583805744 -314.89853620043476 501.22411688716107 15.315430824164459 -117.69901153436859 -760.37114735350872 8.9286584365770185 145.62645525621087 35.634540698788555 -139.77627398081032 287.74392897243723 53.617448264098392 -756.2415803737299 -511.1970583708511 5.9329848801776555 -194.56636848095093 703.5079398389737 506.17423092497143 90.024886347965719 457.71718261068594 -11.821265096299234 2.2689437113441482 -11.926437963642831 -62.525096459867157 265.84196190834086 257.470300708325 962.83030460829366 0.30031923694497004 3.7613532035137052 -9.0861530797501473 12.301019777938269 72.883482943011018 100.42576098015358 22.712050765001397 -88.463842558186002 -11.440033825264173 -134.3983514152458 9.5111338576732116
leaf_weight=9138950.7692432404 36 2803.0020160675049 27 22 29 20 22 21 23 25 22 60 21 36 28 28 27 143 28 25 44524.104061126709 34 23 31 23 23 22 32 20 29 20 33 311.00057601928711 32 20 21583.053730010986 42 547.00028800964355 86 38 25 125523.18723297119 160737.13318252563 26865.120676040649 22418.015264511108 745 116 9117.0048961639404 211.00028800964355 2082.0048961639404 141 118992.05830001831
leaf_count=2554226 36 2754 27 22 29 20 22 21 23 25 22 60 21 36 28 28 27 143 28 25 41997 34 23 31 23 23 22 32 20 29 20 33 297 32 20 20288 42 540 86 38 25 121029 157524 23932 22047 745 116 8998 204 1963 141 117599
internal_value=0.138363 0.129975 228.141 287.143 -87.8548 582.527 202.178 81.9658 415.361 627.972 10.072 104.088 55.096 83.6256 384.46 20.8957 -36.6667 92.522 -227.642 -420.933 -0.0105456 -62.3655 212.005 129.472 9.75581 9.89929 -122.165 -198.852 -77.3607 123.885 354.804 320.333 -0.133385 281.248 -249.27 2.77961 2.01451 1.95271 174.69 2.05147 779.531 3.00548 4.85904 -4.02758 4.80661 9.76972 10.2229 10.6493 10.2879 -13.3044 -19.2401 10.4506
internal_weight=9.67684e+06 9.67649e+06 356 300 56 67 233 149 84 48 134861 452 392 371 64 307 285 170 115 53 9.54163e+06 62 107 86 134409 134263 146 123 101 69 40 56 9.13926e+06 55 42 402364 357840 357712 128 357165 47 308716 183193 48448.2 183155 134207 131404 129065 128320 2339 2223 128109
internal_count=3075576 3075220 356 300 56 67 233 149 84 48 133174 452 392 371 64 307 285 170 115 53 2942046 62 107 86 132722 132576 146 123 101 69 40 56 2554523 55 42 387523 345526 345398 128 344858 47 300638 179609 44220 179571 132520 129766 127546 126801 2220 2104 126597
is_linear=0
shrinkage=0.236846


Tree=127
num_leaves=53
num_cat=0
split_feature=0 3 2 16 0 0 9 16 3 16 2 16 16 6 16 3 16 2 9 16 3 16 3 16 6 16 0 16 16 16 9 9 16 16 9 9 6 3 6 16 2 16 2 3 6 6 3 3 0 10 10 16
split_gain=3.15264e+10 2.4179e+10 5.33715e+09 4.78379e+09 4.59341e+09 3.37988e+09 2.87961e+09 2.74988e+09 4.17563e+09 1.7195e+09 1.67586e+09 1.80269e+09 1.08586e+09 8.07906e+08 9.40645e+08 7.78158e+08 7.06818e+08 6.60995e+08 5.39163e+08 5.33009e+08 6.27558e+08 3.9176e+08 3.39708e+08 3.13342e+08 1.34103e+09 2.97876e+08 2.88229e+08 2.84978e+08 7.16766e+08 2.84078e+08 2.82453e+08 2.90889e+08 7.00606e+08 3.74652e+08 7.43685e+08 3.07755e+08 2.79509e+08 2.41263e+08 2.54377e+08 8.50806e+08 2.29886e+08 2.39513e+08 1.7781e+08 1.58364e+08 1.42681e+08 1.24045e+08 1.15843e+08 1.15481e+08 1.28934e+08 1.10186e+08 1.09526e+08 1.0568e+08
threshold=0.91397700000000015 0.0021030000000000003 0.00045150000000000002 1741811.0000000002 0.92730450000000009 0.23513350000000002 0.00076650000000000015 24713.500000000004 0.75452300000000017 82667.500000000015 0.95353650000000012 15860.500000000002 1212132.5000000002 0.89377350000000011 36833.500000000007 0.0031785000000000003 2339312.0000000005 0.90392850000000002 0.00018850000000000006 132672.50000000003 0.0090670000000000021 2617.5000000000005 0.0055280000000000008 112239.50000000001 0.89377350000000011 2131230.0000000005 0.0032335000000000007 5206.5000000000009 9558.5000000000018 117372.50000000001 0.010510500000000001 0.0020215000000000003 5039.0000000000009 2676.0000000000005 0.00036850000000000007 0.008546500000000002 0.89377350000000011 0.00098350000000000022 0.00045650000000000004 123542.00000000001 0.0022120000000000004 1125027.5000000002 7.6500000000000016e-05 0.0049835000000000009 0.9135660000000001 0.004327000000000001 0.0036695000000000005 0.010361500000000001 0.0029085000000000005 4.0500000000000009e-05 7.3500000000000011e-05 288289.00000000006
decision_type=2 2 2 2 2 2 2 2 2 2 2 2 2 2 2 2 2 2 2 2 2 2 2 2 2 2 2 2 2 2 2 2 2 2 2 2 2 2 2 2 2 2 2 2 2 2 2 2 2 2 2 2
left_child=1 2 42 5 9 15 10 18 -9 36 11 -6 37 -13 -15 -3 22 -8 21 47 40 -7 -5 -10 -25 -14 -22 -23 -29 -11 31 33 35 -20 -35 -33 -2 49 39 -39 -21 45 -1 -18 -26 46 -42 48 -17 -4 -28 -51
right_child=4 3 12 16 6 7 17 8 23 29 -12 13 25 14 -16 19 43 -19 30 20 26 27 -24 24 44 -27 50 28 -30 -31 -32 32 -34 34 -36 -37 -38 38 -40 -41 41 -43 -44 -45 -46 -47 -48 -49 -50 51 -52 -53
leaf_value=-0.064427039300431255 429.14929801202589 9.6362094462231909 0.63021697471748106 4.9425784606525438 103.31404996002415 162.22687680790429 -50.644017766164907 444.36912117552589 23.119859996957111 249.38509893681334 55.387382713427179 386.24606298959333 2.0188440948908335 147.46354640022901 330.68789376273867 1.3583376589973672 -1.3945003924623696 100.73921962899733 -24.253583833861978 3.2095167530813722 -0.21477285016773651 9.1645486617973262 22.040221918557481 250.83345388093926 51.002427564209889 -0.39797953495661326 23.135654659871129 178.20916514047946 17.353310155106769 151.91455774467877 75.597655884332937 -4.0084567288994686 -82.017932798639407 6.8432092487581233 158.31903420707201 92.541929368085192 340.74445970122014 21.997009367478604 4.2954526476478181 5.3791001711714967 14.291697892112859 11.969692287661402 0.43609261421410961 8.8221014470035684 116.45737032115208 10.820626172030632 17.267004503121022 1.9639317672715806 11.651825177160648 4.7975698740049708 32.892512013142898 2.844096845627655
leaf_weight=8893377.1723804474 25 38669.006048202515 7931.029088973999 23796.006048202515 37 21 35 20 20 42 34 27 83014.029466629028 27 27 771 13292.014234542847 23 32 955.00172805786133 196 36 573 27 53 34869.083255767822 1229 24 30 22 36 47 45 39 26 24 57 1712 90519.04291343689 11112.002304077148 12426.000288009644 16200.001440048218 355408.0648059845 773.00028800964355 23 2663.0023040771484 12785.000864028931 1599.0028800964355 2441 18151.014688491821 1009 50252.031681060791
leaf_count=2347315 25 38522 7224 23649 37 21 35 20 20 42 34 27 82300 27 27 771 12970 23 32 913 196 36 573 27 53 32937 1229 24 30 22 36 47 45 39 26 24 57 1712 89476 11056 12419 16165 305923 766 23 2607 12764 1529 2441 17794 1009 49482
internal_value=0.18341 0.175813 0.0478702 9.57978 206.666 12.3099 140.941 69.0331 150.434 301.201 191.13 230.239 2.94047 288.202 239.121 11.9962 3.08391 9.4025 36.6956 13.742 14.4474 76.9125 5.34462 102.605 118.035 1.30396 25.3 56.9893 88.8636 215.911 18.7642 9.15417 -14.2936 37.1938 67.4487 28.6342 367.742 4.01416 4.70522 7.59761 13.8608 14.0916 -0.0451933 -0.83299 70.8275 15.3248 15.8005 6.78236 9.18103 3.07858 27.5347 3.36246
internal_weight=9.67658e+06 9.67623e+06 9.54635e+06 129880 356 91446 210 503 143 146 152 118 297560 81 54 90943 38434 58 360 52274 47463 111 24369 123 103 117883 2434 90 54 64 249 213 116 97 65 71 82 179677 103343 12824 45029 44074 9.24879e+06 14065 76 27874 25211 4811 3212 76334.1 2238 68403
internal_count=3074601 3074245 2945219 129026 356 91068 210 503 143 146 152 118 291981 81 54 90565 37958 58 360 52043 47302 111 24222 123 103 115237 2434 90 54 64 249 213 116 97 65 71 82 176744 102244 12768 44868 43955 2653238 13736 76 27790 25183 4741 3212 74500 2238 67276
is_linear=0
shrinkage=0.0219431


Tree=128
num_leaves=53
num_cat=0
split_feature=0 0 11 12 11 2 14 1 0 0 11 12 6 14 14 12 0 12 12 3 11 11 11 11 11 14 6 12 11 1 2 14 12 6 6 14 14 12 1 14 13 12 14 13 14 14 11 11 11 13 14 3
split_gain=3.33249e+08 2.3429e+08 1.208e+08 1.41189e+08 2.4839e+08 1.69412e+08 2.11417e+08 1.12026e+08 1.58186e+08 2.89618e+08 1.02912e+08 8.64774e+07 1.10982e+08 5.77902e+07 3.61603e+08 1.18739e+08 3.3189e+08 4.28122e+08 2.66744e+08 5.53025e+07 1.71449e+08 2.14622e+08 9.6938e+07 1.20535e+08 4.99217e+07 4.41911e+07 4.37697e+07 4.16111e+07 3.75359e+07 3.5216e+07 6.51088e+07 3.23867e+07 3.10771e+07 3.2468e+07 3.19238e+07 2.98082e+07 2.79044e+07 2.63636e+07 2.21987e+07 2.18618e+07 3.62772e+07 2.12261e+07 2.02865e+07 3.5321e+07 2.59106e+07 2.08356e+07 1.90537e+07 1.86083e+07 1.83405e+07 2.50043e+07 1.81685e+07 1.98906e+07
threshold=0.91397700000000015 0.0012915000000000003 0.00037150000000000003 -0.0066269999999999992 0.00038350000000000005 0.90392850000000002 0.046726000000000011 0.91422250000000005 0.95752500000000007 0.92730450000000009 0.91575650000000008 -0.0030189999999999995 0.94509250000000011 0.025577000000000006 0.046726000000000011 -0.076985499999999984 0.71441150000000009 0.018189500000000001 -0.14644149999999997 0.48583150000000003 0.00038950000000000003 0.94009900000000013 0.00039250000000000005 0.00043550000000000007 0.00036650000000000002 2.5000000000000002e-06 0.49003550000000001 -8.8499999999999983e-05 0.00036550000000000005 0.19902250000000002 0.90392850000000002 0.0079820000000000012 -0.0011554999999999996 0.0094425000000000012 0.0013935000000000002 0.00019300000000000003 0.00027550000000000008 -0.0052394999999999994 0.0011885000000000001 7.5000000000000002e-06 0.0036985000000000004 0.00082800000000000007 1.5000000000000002e-06 -0.00050199999999999995 0.00082200000000000014 1.0000000180025095e-35 0.00016350000000000004 0.0012625000000000004 0.0043520000000000008 -0.0019429999999999996 1.0500000000000003e-05 0.0093120000000000026
decision_type=2 2 2 2 2 2 2 2 2 2 2 2 2 2 2 2 2 2 2 2 2 2 2 2 2 2 2 2 2 2 2 2 2 2 2 2 2 2 2 2 2 2 2 2 2 2 2 2 2 2 2 2
left_child=1 27 28 4 -4 -5 11 10 9 -9 -6 12 37 25 -15 18 -17 -18 19 22 -21 -22 24 -24 -16 48 -25 -1 -2 32 -31 -32 38 34 39 46 50 -7 -27 40 -34 -42 43 45 -44 -29 -36 -41 49 -3 -35 -52
right_child=2 13 3 5 7 6 -8 8 -10 -11 -12 -13 -14 14 15 16 17 -19 -20 20 21 -23 23 26 -26 29 -28 42 -30 30 31 -33 33 36 35 -37 -38 -39 -40 47 41 -43 44 -45 -46 -47 -48 -49 -50 -51 51 -53
leaf_value=2.8720377929127467 466.98649742211973 47.107337430963511 -769.02880456435662 976.33428200302569 34.600241600115666 299.81528361980293 -577.70396933794814 380.86166541574022 593.9739979291445 -1007.5295370053051 864.58921652842287 947.03853105550502 -67.276399979837734 967.03263041788625 90.445364311272073 -1065.6145255518613 -724.45772396273787 1077.5238312448416 1002.848147786721 589.58196843897122 -730.3279179452436 25.971184244798138 957.22736035651803 -122.41477623226969 -509.44905921598252 118.64795564301818 335.50342226759841 72.698559723354819 1020.6499854281919 -463.13523121865808 -238.65567538163322 166.78492332019687 14.090597284532359 14.073373793999021 18.158655435039996 142.86782977384865 -222.7220165076252 713.27595983656749 25.630213379409387 43.396439453044607 -221.0304651398981 -42.27093154993625 -20.293085188453588 -0.13863990912805152 52.450010778785348 -2.026540973547871 -0.17335822720857047 -44.308646794890954 -30.033077618409919 4.9996146921395885 149.96862410109145 56.801431522746142
leaf_weight=389181.82395935059 20 1164.0009536743164 27 33 21 20 21 24 22 25 29 20 40 37 26 28 21 22 25 27 43 106 20 27 20 213 46 863.00057601928711 20 36 26 42 60125.033838272095 586.00086402893066 5645.005184173584 125 30 34 11793.004985809326 3030.0014400482178 73 210.00028800964355 6374.0133380889893 9070155.4793739319 426.00028800964355 470 25559.012096405029 211.00028800964355 1199.0002880096436 96190.092445373535 235 913.00086402893066
leaf_count=369266 20 1143 27 33 21 20 21 24 22 25 29 20 40 37 26 28 21 22 25 27 43 106 20 27 20 213 46 849 20 36 26 42 59320 565 5519 125 30 34 11674 2995 73 203 6052 2492291 419 470 25265 204 1192 93978 235 892
internal_value=0.198852 0.188686 276.481 217.286 13.9022 396.44 254.616 188.673 -41.894 -327.51 516.053 407.999 293.206 9.67296 112.128 35.1371 -300.716 197.447 105.283 34.0077 -72.3233 -192.318 168.644 336.359 -170.382 9.45164 166.129 -0.019536 743.975 13.418 -152.667 11.7214 13.5769 11.8762 11.1632 3.70057 50.2649 560.215 27.2807 14.8364 13.6104 -88.3917 -0.143497 -0.131808 -15.7357 46.3502 3.14299 37.686 5.07074 5.50309 54.9903 75.8753
internal_weight=9.67568e+06 9.67532e+06 356 316 148 168 135 121 71 49 50 114 94 207853 448 411 71 43 340 315 176 149 139 93 46 207405 73 9.46747e+06 40 108852 104 68 108748 96742.1 94978.1 31329 1764 54 12006 63649 60408 283 9.07829e+06 9.07149e+06 6800.01 1333 31204 3241 98553.1 97354.1 1734 1148
internal_count=3073881 3073525 356 316 148 168 135 121 71 49 50 114 94 204178 448 411 71 43 340 315 176 149 139 93 46 203730 73 2869347 40 107417 104 68 107313 95426 93704 30909 1722 54 11887 62795 59596 276 2500081 2493610 6471 1319 30784 3199 96313 95121 1692 1127
is_linear=0
shrinkage=0.285575


Tree=129
num_leaves=53
num_cat=0
split_feature=3 14 9 9 1 9 9 12 12 9 9 9 9 1 12 3 12 12 3 1 9 9 1 9 6 10 6 14 10 9 13 14 14 13 5 12 3 14 6 12 14 5 3 9 13 6 5 9 3 10 10 14
split_gain=1.15772e+08 9.74737e+07 1.45657e+08 9.31599e+08 1.40964e+08 1.29846e+08 1.16484e+08 1.05555e+08 8.94877e+07 8.94198e+07 1.44171e+08 2.35222e+08 8.95641e+07 1.88929e+08 1.46066e+08 7.19777e+07 1.29637e+08 1.50434e+08 1.93964e+08 4.49809e+07 4.52107e+07 4.38428e+07 4.33392e+07 3.10681e+07 2.56322e+07 2.10556e+07 3.84162e+07 5.14871e+07 3.49943e+07 2.93309e+07 2.88146e+07 2.86953e+07 2.69805e+07 2.08234e+07 1.98739e+07 1.92073e+07 1.69575e+07 1.65737e+07 1.66625e+07 2.19444e+07 1.60653e+07 1.76857e+07 1.7202e+07 1.62217e+07 1.6013e+07 1.58743e+07 2.76699e+07 2.51026e+07 1.86945e+07 1.79084e+07 1.77733e+07 1.74822e+07
threshold=0.0014975000000000003 0.025577000000000006 0.0035065000000000005 0.00078050000000000016 0.91422250000000005 0.0003675000000000001 0.00037550000000000007 -0.012156499999999999 -0.14644149999999997 0.0081640000000000011 0.010637000000000002 0.011476000000000002 0.0077630000000000017 0.57152900000000006 -0.14644149999999997 0.31883150000000005 -0.0090079999999999986 -0.085697499999999996 0.48583150000000003 0.91422250000000005 0.0089820000000000021 0.00018650000000000003 0.12744000000000003 0.00018050000000000002 9.3500000000000009e-05 0.0015055000000000001 0.0022085000000000004 1.5000000000000002e-06 0.0043310000000000006 0.0046365000000000009 -0.0027699999999999995 3.5000000000000004e-06 6.5000000000000021e-05 -0.00018349999999999999 0.00077750000000000009 -0.0032704999999999995 4.4500000000000004e-05 1.9500000000000003e-05 0.001384 0.00086750000000000011 1.0000000180025095e-35 1.9500000000000003e-05 0.0013375000000000004 0.0011445000000000003 -0.0016734999999999999 0.0010095000000000002 0.00010250000000000001 0.0010935000000000003 0.0026965000000000005 0.0022475000000000004 0.0020205000000000006 2.5000000000000002e-06
decision_type=2 2 2 2 2 2 2 2 2 2 2 2 2 2 2 2 2 2 2 2 2 2 2 2 2 2 2 2 2 2 2 2 2 2 2 2 2 2 2 2 2 2 2 2 2 2 2 2 2 2 2 2
left_child=24 25 3 4 6 7 15 -6 -8 12 19 -12 13 -4 -15 22 17 18 -17 20 -11 -20 -3 35 -1 -2 34 -28 29 -29 31 -30 -31 -26 45 -9 -35 38 39 -36 41 -38 -43 -42 -40 48 -47 -48 -27 -49 51 -50
right_child=1 2 9 -5 5 -7 8 23 -10 10 11 -13 -14 14 -16 16 -18 -19 21 -21 -22 -23 -24 -25 33 26 27 28 30 32 -32 -33 -34 36 37 -37 40 -39 44 -41 43 42 -44 -45 -46 46 47 49 50 -51 -52 -53
leaf_value=-0.097198287826874757 10.029432798041316 21.512723803698993 -810.05637602843228 1958.5005697317713 -296.04465944189309 949.16316817231473 -582.36457531345116 394.99994432568434 113.09934491410451 127.04179402142996 -1011.6258138477856 264.56368772602013 -727.88766515269799 -369.95675273804989 499.26634857412034 566.23124376756982 -393.30329889295774 732.83804558384759 -244.19775996559724 -66.204796007529907 543.71605182581516 153.22582848408257 -351.35182834953707 663.84028761633658 -0.69931867924354607 18.718103165797519 321.92303694996309 -33.667323677072908 227.23091353188505 2.4100148500723071 -38.018824486897977 19.483168859980765 -173.64808285403811 38.383912771072929 22.87909746140204 67.660771545516099 10.683922945788316 65.248072086318103 17.390222690154314 4.8519881245464678 -7.5879669790205373 1.3423110164765082 103.52507013105844 8.0801877469835741 -3.2562661410535299 -91.026085667993215 15.814037258776926 -33.111245617335683 -5.2593423909142292 -2.2429046383119067 -5.8736424497009265 9.9473887951898536
leaf_weight=9098277.7088928223 71266.040174484253 148 21 20 21 22 35 35 21 36 20 21 23 24 32 49 23 40 54 26 38 31 26 20 130961.30847167969 5968.0023040771484 33 4949.0014400482178 48 3166.0014400482178 682.00028800964355 2757.0014400482178 63 979.00403213500977 11446.00403213501 20 15775.04012298584 397 3812.0008640289307 8247.0040321350098 5081.0046977996826 192225.37210273743 117 61016.03833770752 8873.0043201446533 274 2746.0021057128906 2328.0005760192871 7063.0036354064941 3125.0008640289307 11998.0061378479 22339.010528564453
leaf_count=2514876 70307 148 21 20 21 22 35 35 21 36 20 21 23 24 32 49 23 40 54 26 38 31 26 20 123492 5912 33 4914 48 3131 675 2722 63 881 11348 20 14802 397 3791 8149 4969 183216 117 60106 8768 274 2697 2314 6979 3104 11851 22094
internal_value=0.119354 6.96203 99.3964 173.367 107.813 365.549 36.5771 231.708 -321.536 -74.0132 62.6458 -357.994 -266.705 -128.859 126.699 90.6437 200.928 279.512 144.135 235.15 341.059 -99.2264 -34.215 379.523 -0.00475495 6.5278 4.04013 -10.31 -11.2503 -20.7791 11.0972 23.0396 -1.02537 2.06607 5.93446 276.019 3.38208 11.1425 10.479 15.3298 3.25712 2.10786 1.40448 6.87573 2.94819 2.8777 -7.74344 -4.95997 4.77759 -15.4215 2.76797 6.29436
internal_weight=9.67682e+06 172386 806 565 545 118 427 96 56 241 141 41 100 77 56 371 197 174 134 100 74 85 174 75 9.50443e+06 171580 100314 11698 11665 8178 3487 2805 3229 406155 88616 55 275193 32775 32378 19693 274214 208117 192342 66097 12685 55841 8473 8199 47368 5453 41400 29402
internal_count=3072836 170377 806 565 545 118 427 96 56 241 141 41 100 77 56 371 197 174 134 100 74 85 174 75 2902459 169571 99264 11586 11553 8108 3445 2770 3194 387583 87678 55 264091 32453 32056 19497 263210 198135 183333 65075 12559 55225 8389 8115 46836 5418 40924 29073
is_linear=0
shrinkage=0.266427


Tree=130
num_leaves=53
num_cat=0
split_feature=0 8 12 8 9 9 0 6 8 6 14 8 12 0 8 9 0 12 8 9 14 9 7 9 9 14 13 14 8 9 9 9 7 9 9 9 14 14 14 9 6 14 14 12 14 6 7 8 8 12 13 13
split_gain=3.5317e+09 2.7892e+09 1.0841e+09 5.43874e+08 4.12775e+08 9.25876e+08 7.38341e+08 4.05371e+08 2.52117e+08 3.32653e+08 4.13151e+08 2.31236e+08 1.85561e+08 2.14847e+08 6.73097e+08 1.61569e+08 1.44282e+08 1.30125e+08 1.15634e+08 3.26469e+08 2.89395e+08 3.44671e+08 3.12465e+08 1.82207e+08 1.93669e+08 1.25155e+08 1.81217e+08 1.0859e+08 1.06832e+08 1.06549e+08 2.69223e+08 2.84746e+08 9.64561e+07 9.08884e+07 6.4839e+07 2.94287e+08 6.31815e+07 5.31528e+07 5.16593e+07 4.38236e+07 4.28375e+07 4.93943e+07 4.48867e+07 4.4439e+07 4.13895e+07 3.85187e+07 3.78922e+07 5.4113e+07 4.90581e+07 5.52059e+07 4.81074e+07 4.23059e+07
threshold=0.8177930000000001 0.0018985000000000002 -0.0078809999999999974 0.00085500000000000018 0.010425500000000002 0.0086810000000000012 0.95752500000000007 0.89377350000000011 0.92074100000000014 0.94509250000000011 0.054875500000000008 0.0033555000000000004 -0.14644149999999997 0.92730450000000009 0.92513900000000004 0.00036850000000000007 0.91397700000000015 -0.0037869999999999996 0.92074100000000014 0.0094355000000000012 0.054875500000000008 0.0014845000000000004 0.16861500000000004 0.0074250000000000002 0.0003765000000000001 0.00019300000000000003 -0.011552499999999999 1.5000000000000002e-06 0.92074100000000014 0.0045875000000000013 0.00036850000000000007 0.00018850000000000006 0.0005015000000000001 0.00036350000000000005 0.00077650000000000017 0.00091150000000000009 0.014463000000000002 4.500000000000001e-06 0.00019300000000000003 0.00018150000000000005 0.00041550000000000002 9.4500000000000007e-05 1.4500000000000002e-05 -0.0025389999999999996 0.00069950000000000014 0.0013505000000000004 0.00040850000000000006 0.003909000000000001 0.0045345000000000012 -0.0049834999999999992 -0.0014289999999999999 0.0025315000000000003
decision_type=2 2 2 2 2 2 2 2 2 2 2 2 2 2 2 2 2 2 2 2 2 2 2 2 2 2 2 2 2 2 2 2 2 2 2 2 2 2 2 2 2 2 2 2 2 2 2 2 2 2 2 2
left_child=1 3 4 44 5 6 12 16 -9 10 17 32 29 14 28 -15 -4 39 20 23 22 -22 25 24 -20 26 -13 -5 -14 30 31 -2 37 -19 -27 -36 -37 -3 -29 -10 -34 42 43 -42 -1 -44 47 -28 50 -50 -48 -52
right_child=2 11 7 27 -6 -7 -8 8 9 -11 -12 18 13 15 -16 -17 -18 33 19 -21 21 -23 -24 -25 -26 34 46 38 -30 -31 -32 -33 40 -35 35 36 -38 -39 -40 -41 41 -43 45 -45 -46 -47 48 -49 49 -51 51 -53
leaf_value=0.03623344871819955 35.720581597688913 4.0806701443377662 147.73043578671019 1.8046774348393104 154.28139424610927 -119.30192989429418 221.39012800098911 -2.5034567256686668 151.60036746244901 42.345121606748044 6.3716585542013018 16.621427566403788 -4.5585716367039186 39.903700783482762 210.02522548730332 -62.068645056035976 245.0255225376431 225.76718752071906 77.048814862463274 -78.600354615812122 -14.054923318116103 -152.89846339540952 94.311621967500145 133.56868678584894 -10.490652741366308 -1.6711634183708479 10.037934448961417 0.10499760033031201 63.531634591079921 -63.040086366954725 107.47819023084105 -98.283612165283643 -4.5912585443398006 145.85140364703128 126.1278214846493 -5.1355181465580833 52.547731917722793 8.7691217062366871 30.45610508338056 105.3275926144274 8.3858504154818352 18.308191296087795 4.5760503391619025 2.6305551115023724 8.8603048456638636 -0.85948116198315094 3.419294845510449 2.3660627246729842 -8.1263519395892487 7.7377811049131218 10.752668160711695 5.328780911316759
leaf_weight=9281656.2823429108 36 34437.010061264038 35 193562.15948104858 25 35 20 21 33 53 21 1373.0002880096436 36 43 26 21 23 27 48 20 62 22 36 21 44 2771.007776260376 3454.0011520385742 43612.021312713623 50 20 21 24 785.00057601928711 25 20 125 20 2347 51 43 1251.0002880096436 179 1487.0002880096436 47786.027738571167 483 5826.0017280578613 13610.006048202515 1102.0008640289307 204.00057601928711 8643.0035457611084 1366 30134.008819580078
leaf_count=2660124 36 34199 35 189712 25 35 20 21 33 53 21 1366 36 43 26 21 23 27 48 20 62 22 36 21 44 2582 3426 43094 50 20 21 24 771 25 20 125 20 2347 51 43 1244 179 1480 47114 483 5784 13463 1081 190 8559 1366 29924
internal_value=0.143555 0.138879 71.0618 0.073118 36.2001 27.3025 44.5842 115.352 96.88 107.213 130.284 4.12175 31.8091 50.4978 75.672 6.43855 186.345 150.614 5.53398 33.6101 5.47464 -50.4333 5.54937 53.4801 35.1845 5.49848 5.79639 1.49837 35.0312 -0.757732 14.6252 -17.8856 3.17512 187.378 -0.577982 17.7787 2.82422 4.37982 0.140461 125.439 2.40195 2.49906 2.44884 2.77738 0.0366926 0.245751 5.54238 8.1823 5.31946 7.37194 4.91693 5.564
internal_weight=9.67718e+06 9.67654e+06 638 9.51936e+06 357 332 297 281 223 202 149 157173 277 176 112 64 58 128 63075 133 62942 84 62858 113 92 62822 59886 237225 86 101 81 60 94098 52 2936.01 165 145 36784 43663 76 57314 56529 56350 49037 9.28214e+06 7313 58513 4556 53957 8847 45110 31500
internal_count=3049595 3048957 638 2893464 357 332 297 281 223 202 149 155493 277 176 112 64 58 128 62375 133 62242 84 62158 113 92 62122 59375 232857 86 101 81 60 93118 52 2747 165 145 36546 43145 76 56572 55801 55622 48358 2660607 7264 58009 4507 53502 8749 44753 31290
is_linear=0
shrinkage=0.0301441


Tree=131
num_leaves=53
num_cat=0
split_feature=0 16 9 9 16 16 3 0 16 9 0 16 16 5 16 16 9 16 4 16 3 16 9 16 16 3 10 9 16 13 13 16 16 3 9 10 16 7 16 7 16 16 16 7 7 9 10 10 10 9 9 3
split_gain=1.02285e+08 1.33485e+08 9.09969e+07 2.93222e+08 9.68549e+07 3.94786e+08 3.60019e+08 5.06555e+08 2.08812e+08 1.20845e+08 1.97399e+08 1.32969e+08 1.23331e+08 3.69002e+08 1.18783e+08 1.09775e+08 1.02879e+08 8.95055e+07 8.58848e+07 2.52669e+08 1.00806e+08 7.92102e+07 1.63577e+08 8.48638e+07 5.50666e+07 5.29558e+07 4.66319e+07 4.4438e+07 5.85089e+07 1.60613e+08 5.02316e+07 1.02972e+08 4.31795e+07 4.17097e+07 3.96012e+07 3.91084e+07 3.8146e+07 4.77949e+07 3.68879e+07 4.92466e+07 5.58606e+07 5.54485e+07 6.12364e+07 3.94654e+07 3.63456e+07 3.381e+07 3.33975e+07 1.02687e+08 4.37154e+07 4.27774e+07 8.85965e+07 5.35466e+07
threshold=0.71441150000000009 163986.00000000003 0.010425500000000002 0.0097020000000000023 5406.0000000000009 5252.5000000000009 0.75452300000000017 0.91397700000000015 13173.500000000002 0.00039350000000000008 0.92730450000000009 40185.500000000007 28913.500000000004 0.92514000000000018 111902.00000000001 50875.500000000007 0.0080820000000000024 5165.0000000000009 4.0500000000000009e-05 2038413.0000000002 0.0030155000000000004 2641.5000000000005 0.00080950000000000022 2553.5000000000005 1074086.5000000002 0.0030495000000000006 0.0045745000000000013 0.0022315000000000004 30874.500000000004 -0.0010704999999999996 0.00010350000000000001 135071.00000000003 2998921.0000000005 0.0048880000000000009 0.0026565000000000004 0.0013735000000000004 2557154.5000000005 0.0005545000000000002 1263789.5000000002 0.00057550000000000017 120463.50000000001 517640.50000000006 521986.50000000006 0.0037890000000000003 0.0008160000000000001 0.00034950000000000009 0.00097250000000000017 7.6500000000000016e-05 0.0043310000000000006 0.00077650000000000017 0.00091350000000000014 0.31883150000000005
decision_type=2 2 2 2 2 2 2 2 2 2 2 2 2 2 2 2 2 2 2 2 2 2 2 2 2 2 2 2 2 2 2 2 2 2 2 2 2 2 2 2 2 2 2 2 2 2 2 2 2 2 2 2
left_child=18 2 3 4 5 17 7 -6 -8 11 14 12 13 -10 -11 -13 -12 21 -1 20 24 23 45 -2 26 -21 27 30 29 -29 -20 -32 33 36 35 -31 37 -27 39 40 -22 -42 -43 -40 -37 -23 47 49 -48 -41 -51 -52
right_child=1 -3 -4 -5 6 -7 8 -9 9 10 16 15 -14 -15 -16 -17 -18 -19 19 25 38 22 -24 -25 -26 32 -28 28 -30 34 31 -33 -34 -35 -36 44 -38 -39 43 46 41 42 -44 -45 -46 -47 48 -49 -50 50 51 -53
leaf_value=-0.033066273540703545 8.0857523865200776 -428.49735042423373 538.50626629677254 -913.28812983759542 1889.3324591900582 -1050.9414920687177 -559.42123991644655 -7.6331374848828863 941.80997993823007 641.13519555416224 -782.16761074673207 -430.67426486433732 1107.3957892515812 -385.54391020144368 -111.87441885645403 223.2591119384507 -8.437892845300464 629.29170013739667 4.2367820176444191 -6.076269598165398 -401.24510267562027 -678.55860678810734 405.18535952197544 700.92148714846883 -0.14178882290833397 -8.8989465245058881 -11.628145824308955 -11.449015718103576 14.276742027818571 354.94188512069167 73.884412287126622 11.953878182262729 -147.27679021712646 29.588711194280897 100.98159748879074 86.599117395066585 -49.598029622985671 -45.403927847437487 5.021350190035875 -12.38529813412355 48.144205676923377 -543.09092808939226 21.2397321924831 50.578722490639969 347.99351723968385 -232.05665019415883 -19.025037153375482 59.502160637753676 28.433605927783848 464.44134915515701 31.78834057612583 -259.24976770611778
leaf_weight=9247432.7739849091 31 33 37 20 21 24 30 20 35.000288009643555 31 29 21 22 27 30 169 22 22 113042.20592689514 58821.119352340698 22 21 27 22 105250.13718223572 10368.009286880493 8676.007776260376 1138 33629.040321350098 99 2224.0008640289307 16161.014112472534 200 1106 778.00086402893066 161 3507.001708984375 3491.0008640289307 22364.00806427002 4985.0026817321777 7635.0023040771484 13.999999999999998 18491.009792327881 1476.0005760192871 51 30 4755.0005760192871 3221.0048961639404 2011.0020160675049 34 2198.0005760192871 47
leaf_count=2662547 31 33 37 20 21 24 30 20 28 31 29 21 22 27 30 169 22 22 108037 55979 22 21 27 22 101918 10151 8487 1138 32649 99 2203 15818 200 1106 757 161 3472 3470 22168 4922 7579 14 18253 1462 51 30 4741 3102 1962 34 2184 47
internal_value=0.147091 101.568 126.893 103.595 135.694 -33.7702 201.332 964.089 126.128 179.431 -56.7079 275.96 558.653 363.784 270.803 150.952 -448.449 125.849 0.1395 3.88589 6.98519 41.2475 -131.699 295.761 4.74068 -10.0507 7.66113 8.66156 17.0819 59.4406 6.36431 19.4456 -22.5709 -21.2206 133.521 214.912 -24.4566 -18.0944 16.3703 21.0536 28.4337 28.7956 20.8124 7.842 149.503 -416.006 9.86108 19.3989 -4.91911 1.61605 32.2424 25.6934
internal_weight=9.67411e+06 724 691 654 634 177 457 41 416 386 112 274 84.0003 62.0003 61 190 51 153 9.67339e+06 425956 348462 131 78 53 281209 77493.1 175959 167283 35856 2227 131427 18385 18672 18472 1089 311 17366 13859 67253 43413 26162 26140 18505 23840 212 51 17251 10485 6766 7264 2279 2245
internal_count=3075450 717 684 647 627 177 450 41 409 379 112 267 77 55 61 190 51 153 3074733 412186 337808 131 78 53 271318 74378 169400 160913 34855 2206 126058 18021 18399 18199 1068 311 17093 13621 66490 42860 25868 25846 18267 23630 212 51 16992 10289 6703 7187 2265 2231
is_linear=0
shrinkage=0.269846


Tree=132
num_leaves=53
num_cat=0
split_feature=4 9 12 16 1 2 15 9 9 9 1 16 1 16 16 2 16 7 12 16 7 9 5 4 16 4 15 4 1 16 7 9 12 9 7 4 1 9 5 4 9 15 16 2 15 12 9 16 16 16 4 12
split_gain=8.23866e+07 9.25606e+07 2.10236e+08 4.2704e+07 1.50807e+08 4.1723e+07 3.97171e+07 3.90963e+07 1.25653e+08 6.94645e+07 1.01477e+08 1.07862e+08 6.00409e+07 4.07754e+07 3.52695e+07 3.52526e+07 6.85764e+07 3.22968e+07 3.08978e+07 8.3066e+07 4.25694e+07 6.20552e+07 4.92753e+07 4.59826e+07 3.08388e+07 3.06632e+07 2.85587e+07 2.83524e+07 2.78285e+07 1.93037e+08 2.71812e+07 2.69478e+07 2.63635e+07 2.59923e+07 2.57236e+07 2.50489e+07 1.14679e+08 2.49722e+07 2.45696e+07 2.52046e+07 1.01242e+08 1.13835e+08 1.36614e+08 1.74783e+08 1.19763e+08 2.91826e+08 1.56778e+08 2.69784e+07 1.22926e+08 1.66337e+08 3.3448e+07 2.40174e+07
threshold=0.95752500000000007 0.00042950000000000009 -0.004380499999999999 1251338.0000000002 0.00013750000000000001 0.0022665000000000007 6.5000000000000013e-06 0.00018750000000000003 0.00018450000000000001 0.00041750000000000007 0.19902250000000002 19116.500000000004 0.19902250000000002 457594.00000000006 11589.500000000002 0.0011235000000000001 2339312.0000000005 0.0037325000000000006 -0.00038949999999999993 17703.500000000004 0.00036150000000000006 0.0011675000000000004 0.0011725000000000001 0.00018250000000000002 132871.50000000003 0.0020965000000000007 1.0000000180025095e-35 0.0010635000000000002 0.92514000000000018 39714.000000000007 0.0033895000000000006 0.0012235000000000004 -0.0026019999999999997 6.3500000000000012e-05 0.00085200000000000011 0.92730450000000009 0.92514000000000018 0.041208000000000009 0.0017005000000000002 0.71441150000000009 0.010425500000000002 0.033185500000000007 2562.0000000000005 0.90392850000000002 0.044856500000000007 -0.14644149999999997 0.0075360000000000002 9558.5000000000018 2654.5000000000005 2917.5000000000005 0.020888000000000004 -0.0024414999999999997
decision_type=2 2 2 2 2 2 2 2 2 2 2 2 2 2 2 2 2 2 2 2 2 2 2 2 2 2 2 2 2 2 2 2 2 2 2 2 2 2 2 2 2 2 2 2 2 2 2 2 2 2 2 2
left_child=3 2 -2 4 26 14 7 8 13 10 -9 -12 -11 35 -6 -5 17 -17 24 20 23 27 31 -20 -16 30 -1 -22 38 -30 51 -23 -18 -19 -33 -7 -37 -27 -8 47 41 42 -41 -44 45 -43 -46 48 -40 -50 -51 -26
right_child=1 -3 -4 15 5 6 28 9 -10 12 11 -13 -14 -15 18 16 32 33 19 -21 21 22 -24 -25 25 37 -28 -29 29 -31 -32 34 -34 -35 -36 36 -38 -39 39 40 -42 44 43 -45 46 -47 -48 -49 49 50 -52 -53
leaf_value=0.1277243814512381 854.59783111276704 -119.78659705495966 -31.909808908564624 -0.35603220835840277 -16.443869989696008 8.2101118918110956 35.634785366503216 -38.355954093257459 496.68259358090279 11.651291731912673 -686.6560343561689 4.1639359444806781 340.70483311825643 47.321197283828987 -3.9836478932026984 -2.377615764682369 -59.931290204149555 51.658883218308439 1.3969996625850307 2.3536370307131778 -54.238031559316219 294.63315157763532 -114.90995568465341 171.84368727127165 34.94559874439004 71.697608893960123 4.0620483974271222 224.50007865518194 -661.64472401509909 295.96866799525242 -55.623386874486215 58.344904804297208 -14.627399548766745 2.8046852061857428 209.04771208974981 531.58814083695938 -161.38929051701032 -149.31272466485581 -462.3580094400275 363.82470662534166 430.78288489085344 62.022990501281278 -549.29031433933415 110.14178978060596 146.65380644846036 1095.303036463283 -337.68823281460595 -4.3266516516630809 597.13064995743309 33.997562590939772 -266.32121769364278 9.5563741027984843
leaf_weight=4977648.9471282959 27 27 29 4175565.8162689209 4342.0028800964355 3349.002592086792 902 574.00115203857422 30.000288009643555 46863.028224945068 27 21 29 2960.0014400482178 8682.026496887207 80249.050491333008 694.00028800964355 1049.0002880096436 121 183898.60807800293 409.00028800964355 28 78 262.00028800964355 2024.0005760192871 584.00028800964355 98391.812852859497 20 22 22 327.00057601928711 988.00028800964355 20920.031745910645 1246.0005760192871 63 24 26 28 37 20 34 50 55 34 116 20 50 10750.003744125366 21 36 42 52202.015264511108
leaf_count=1527571 27 27 29 1065308 4272 3286 902 546 23 46177 27 21 29 2925 8038 79024 687 1042 121 169121 402 28 78 255 2010 577 78637 20 22 22 313 981 20192 1232 63 24 26 28 37 20 34 50 55 34 116 20 50 10659 21 36 42 51831
internal_value=0.0817165 227.87 395.558 0.079762 0.507601 5.32117 10.4385 13.1063 29.9015 10.8478 -65.0702 -384.428 11.8549 27.6982 3.98946 -0.459691 -4.61524 -1.61265 4.34476 2.85388 49.574 33.0494 60.5936 117.997 8.68489 10.6787 0.203986 -41.2338 -1.33753 -182.84 10.1076 73.283 -16.0821 25.1355 67.3816 10.6094 171.248 61.5809 -0.680892 -3.58884 54.3816 17.2709 -175.997 -297.365 106.543 357.374 0.749594 -5.60726 -106.81 26.0906 -127.705 10.5041
internal_weight=9.67602e+06 83 56 9.67594e+06 5.39621e+06 320171 66114 53903 6389 47514 622.001 48 46892 6359 254057 4.27972e+06 104158 82544.1 249715 185868 1969 1586 1157 383 63847 55165 5.07604e+06 429 12211 44 54553 1079 21614 2295 1051 3399 50 612 12167 11265 379 345 109 89 236 70 166 10886 136 99 78 54226
internal_count=3077118 83 56 3077035 1909550 303342 65204 53084 6284 46800 594 48 46206 6261 238138 1167485 102177 81298 233866 171069 1948 1572 1150 376 62797 54759 1606208 422 12120 44 54154 1072 20879 2274 1044 3336 50 605 12076 11174 379 345 109 89 236 70 166 10795 136 99 78 53841
is_linear=0
shrinkage=0.228681


Tree=133
num_leaves=53
num_cat=0
split_feature=5 7 13 0 13 11 7 11 15 6 13 15 11 6 6 6 11 7 13 0 13 13 5 11 15 13 4 11 15 7 9 9 15 15 7 15 7 5 11 11 15 13 11 15 9 15 7 9 6 11 13 6
split_gain=5.41977e+10 3.30431e+10 7.79911e+09 7.4676e+09 5.69471e+09 2.9356e+09 2.71891e+09 2.41898e+09 1.3181e+09 3.07997e+09 1.03569e+09 8.57536e+08 1.52307e+09 1.3029e+09 7.90479e+08 6.32825e+08 5.61382e+08 5.38407e+08 7.52589e+08 5.21394e+08 4.7493e+08 4.44727e+08 4.30737e+08 3.99732e+08 3.25736e+08 2.78428e+08 2.72082e+08 2.3432e+08 2.28652e+08 2.21182e+08 2.38317e+08 1.10559e+09 2.44609e+08 2.09853e+08 2.05914e+08 1.87967e+08 1.87495e+08 1.82649e+08 1.7374e+08 1.81004e+08 1.72205e+08 1.57472e+08 1.54319e+08 4.81388e+08 1.63059e+08 1.52634e+08 1.45906e+08 1.44061e+08 1.20368e+08 1.1351e+08 1.02068e+08 9.7128e+07
threshold=0.67893700000000012 0.00028050000000000004 0.00026350000000000006 0.91397700000000015 -0.0025334999999999997 0.94009900000000013 0.91149700000000011 0.94009900000000013 0.037011000000000009 0.89377350000000011 0.00092000000000000014 0.041114000000000005 0.00037650000000000004 0.89377350000000011 0.0065600000000000007 0.9135660000000001 0.00041050000000000006 0.16861500000000004 -0.025789499999999996 0.92730450000000009 0.0028550000000000003 -0.0095559999999999985 0.92514000000000018 3.750000000000001e-05 0.052034500000000004 0.00023150000000000002 1.0000000180025095e-35 4.7500000000000009e-05 6.5000000000000013e-06 0.48103700000000005 0.00037250000000000011 0.0020445000000000007 1.5000000000000002e-06 0.052283000000000003 0.0063460000000000009 0.00013950000000000003 0.93469650000000015 0.0032935000000000004 0.00037850000000000009 0.00040050000000000009 7.9500000000000021e-05 -0.0016574999999999999 0.22499750000000004 0.0016605000000000003 0.00026450000000000009 5.1500000000000005e-05 0.017402500000000005 0.0010515000000000001 4.250000000000001e-05 0.21395850000000002 -0.0037334999999999994 0.0014775000000000003
decision_type=2 2 2 2 2 2 2 2 2 2 2 2 2 2 2 2 2 2 2 2 2 2 2 2 2 2 2 2 2 2 2 2 2 2 2 2 2 2 2 2 2 2 2 2 2 2 2 2 2 2 2 2
left_child=1 10 4 5 14 8 7 11 38 47 25 12 22 16 26 19 -14 18 42 -13 -4 27 -5 51 -9 48 -3 -20 34 30 32 -32 -19 -11 50 46 -8 -36 -2 -40 -41 -25 49 44 -44 -23 -29 -10 -1 -16 -28 -6
right_child=3 2 20 6 23 -7 36 24 9 33 -12 15 13 -15 17 -17 -18 29 21 -21 -22 45 -24 41 -26 -27 28 35 -30 -31 31 -33 -34 -35 37 -37 -38 -39 39 40 -42 -43 43 -45 -46 -47 -48 -49 -50 -51 -52 -53
leaf_value=0.5386812117481321 173.76235246965891 2.2038494758520941 12.427619530635306 343.99331732476696 1.1708709720792583 9.6318730441012423 192.08132673678361 88.794118267438378 339.52210564690557 83.078220668001407 16.789138854799766 503.36020146613799 64.95013958951111 343.98019766137139 2.9562721247448067 327.83990244394835 238.21590454227245 104.39846952617788 -0.51890250503520352 359.03025293867955 16.296412295444366 21.586351778754715 464.16252110140198 6.9463307115173549 220.81687920044229 3.4490234225737528 17.137711636273202 32.710260769832232 9.1586352735029362 26.29514891301411 252.88255861144708 47.024632793279622 18.127796843003878 174.65284802410645 -4.3666901547517858 7.357567252097696 115.55951128905595 30.964523090407848 41.592016897701335 177.70306241644036 94.529830517828316 4.7016948122456235 46.753020171281932 -20.640276320628296 139.10613038425677 8.1418890405468787 48.541168313321755 424.17194192603614 1.101513856023669 -42.492780424462431 13.309808661751534 10.929786605075595
leaf_weight=9026325.6911182404 23 1177.0060482025146 64857.013050079346 42 19718.188070297241 83 39 21 24 34 2154.0002880096436 37 21 35 1024.0011520385742 39 20 27 114.00057601928711 22 23749.0061378479 1719.0002880096436 27 18347.020698547363 20 18206.028186798096 5245.0029697418213 1794.0002880096436 4846.0036354064941 81 20 50 54 23 91.000288009643555 138.00028800964355 32 672 21 20 43 256567.29105186462 22 43 20 633.00115203857422 388 21 213078.09973907471 31 14012.006336212158 575
leaf_count=2544478 23 1030 64542 42 15147 83 39 21 24 34 2147 37 21 35 996 39 20 27 100 22 23602 1712 27 17857 20 17534 5175 1787 4762 81 20 50 54 23 84 131 32 672 21 20 43 249602 22 43 20 605 388 21 162781 31 13858 575
internal_value=0.865379 0.851055 7.30417 215.075 5.637 127.396 287.196 319.586 174.161 234.365 0.561135 347.647 311.443 239.108 14.9834 401.179 149.515 22.5251 21.1556 449.603 13.4646 25.2265 391.07 4.61749 153.248 0.557359 13.2002 32.2402 13.7207 57.5026 74.241 105.871 46.897 120.062 14.8249 33.8501 157.62 26.7504 116.755 101.123 120.958 4.8515 4.06486 34.4007 90.7492 17.9681 35.5255 379.095 0.551661 1.62021 14.3524 1.4474
internal_weight=9.67643e+06 9.67578e+06 416015 647 327409 292 355 284 209 102 9.25976e+06 243 145 76 32201 98 41 6158 5926 59 88606 4786 69 295207 41 9.25761e+06 26043 2434 24866 232 151 70 81 57 20020 2320 71 763 107 84 63 274914 1140 85 42 2352 2182 45 9.2394e+06 1055 19257 20293.2
internal_count=3130560 3129913 402973 647 314829 292 355 284 209 102 2726940 243 145 76 31648 98 41 6067 5835 59 88144 4723 69 283181 41 2724793 25581 2406 24551 232 151 70 81 57 19789 2306 71 756 107 84 63 267459 1112 85 42 2317 2175 45 2707259 1027 19033 15722
is_linear=0
shrinkage=0.023406


Tree=134
num_leaves=53
num_cat=0
split_feature=8 9 8 16 9 9 9 8 15 2 8 15 16 2 9 8 16 16 9 16 1 16 16 9 16 0 9 15 16 0 8 0 9 8 16 8 8 9 0 16 10 16 5 10 16 10 5 16 16 2 16 9
split_gain=2.83749e+08 3.01658e+08 1.63121e+08 1.1609e+08 9.44457e+07 1.38019e+08 1.72033e+08 2.10654e+08 1.49181e+08 3.46479e+08 6.18985e+08 1.6219e+08 2.57299e+08 1.79477e+08 1.18167e+08 3.11072e+08 1.34661e+08 1.14886e+08 1.80152e+08 1.92474e+08 2.63928e+08 2.1161e+08 4.2581e+08 7.02682e+07 5.02078e+07 6.25202e+07 2.07361e+08 5.99677e+08 4.86788e+07 5.11693e+07 4.38327e+07 4.14865e+07 3.90335e+07 3.49114e+07 5.31762e+07 3.2643e+07 4.65021e+07 3.29502e+07 3.37286e+07 3.19881e+07 2.84634e+07 2.99338e+07 2.70196e+07 3.37916e+07 1.63186e+08 1.15244e+08 3.48135e+07 8.62657e+07 4.42498e+07 4.25855e+07 3.26457e+07 3.23709e+07
threshold=0.92074100000000014 0.010863000000000003 0.0026315000000000006 1898489.0000000002 0.010046000000000003 0.00081450000000000012 0.0066970000000000007 0.92513900000000004 0.033185500000000007 0.90392850000000002 0.95254850000000013 0.00019850000000000003 2698.5000000000005 0.90392850000000002 0.0082555000000000007 0.95254850000000013 7839.5000000000009 60699.500000000007 0.00018750000000000003 33181.000000000007 0.92514000000000018 5406.0000000000009 5019.5000000000009 0.0089820000000000021 41509.000000000007 0.23513350000000002 0.0020215000000000003 0.0026665000000000005 35168.500000000007 0.0019730000000000004 0.0034045000000000004 0.92730450000000009 0.0032415000000000005 0.00090150000000000007 985013.50000000012 0.0085955000000000007 0.0066555000000000008 0.0019795000000000004 0.00084550000000000011 120163.50000000001 4.1500000000000006e-05 2941404.0000000005 0.00070350000000000002 4.0500000000000009e-05 62960.500000000007 0.0009825000000000003 0.00027750000000000002 123542.00000000001 934108.50000000012 0.0017295000000000004 729885.00000000012 0.0011275000000000002
decision_type=2 2 2 2 2 2 2 2 2 2 2 2 2 2 2 2 2 2 2 2 2 2 2 2 2 2 2 2 2 2 2 2 2 2 2 2 2 2 2 2 2 2 2 2 2 2 2 2 2 2 2 2
left_child=2 4 33 24 5 8 -7 -8 11 10 -10 17 -13 -14 16 -16 -9 18 19 20 21 22 -2 -17 25 28 27 -27 29 -4 -26 39 -31 -1 42 36 37 38 -5 -19 41 -40 43 -35 45 -45 47 -46 50 -48 -49 -47
right_child=1 -3 3 35 -6 6 7 14 9 -11 -12 12 13 -15 15 23 -18 31 -20 -21 -22 -23 -24 -25 30 26 -28 -29 -30 32 -32 -33 -34 34 -36 -37 -38 -39 40 -41 -42 -43 -44 44 46 51 49 48 -50 -51 -52 -53
leaf_value=0.23648978844180377 926.17469338329886 -655.26371632117525 -102.68234255397667 -22.226758732838256 663.43946926847923 -515.13314647048037 678.94863849548778 -166.27748229230366 1676.104571987323 -4.4058594640340401 -60.662565162692452 437.59740252470692 -938.83798239776092 15.616839926124072 -983.16982967576678 -200.38597483966601 587.27355813013196 263.68486257172185 -67.870782423881053 1085.8697215628372 -253.23074670364792 1027.5980275183142 -512.01317684713786 402.80661328498934 9.3698092761159266 -563.38679523920393 -689.17989743580711 882.93270039074639 -105.34013079274187 -1.8759982603963437 20.06473338115288 -199.05597506396671 82.38577830868833 -4.6366519856808228 -0.43698275030709699 63.547801703878207 -134.90978559487655 -12.877178479288808 49.38233062482265 -93.96357749196568 3.8413626785443977 -51.396440546408549 2.2001177126507212 216.63339917194423 73.010044076279797 -89.348232107067048 5.1198579564898079 14.038102128417124 56.562202314276242 -29.134995766317488 -3.3209542767876403 54.328982898083886
leaf_weight=9290629.2800140381 25 25 258.00028800964355 2524.0021057128906 23 31 29 26 28 39 20 27 24 21 22 21 28 44 41 26 29 35 22 23 45273.018144607544 39 33 28 274 2681.0011520385742 42042.023616790771 28 354 9051.0624980926514 129275.10203933716 405 155 13085.009683609009 1424 21 12366.008710861206 190 53908.039169311523 256 1338.0002880096436 92 31340.017568588257 24105.010368347168 1183.0002880096436 2210.0017280578613 8279.0037441253662 2902.0020160675049
leaf_count=2668866 25 25 251 2475 23 31 29 26 28 39 20 27 24 21 22 21 28 44 41 26 29 35 22 23 44832 39 33 28 274 2653 41468 28 354 7532 126832 405 155 12854 1424 21 12163 190 52956 256 1331 92 30913 23853 1176 2168 8188 2853
internal_value=0.434246 157.045 0.423595 9.12089 189.145 171.248 -4.09017 102.259 244.646 523.562 952.504 173.884 -144.26 -493.459 -37.1516 -251.215 224.449 258.418 370.659 501.912 365.031 583.712 253.01 114.883 13.3712 -13.968 -199.947 41.069 -8.75325 -0.715898 14.5194 43.5719 7.9522 0.313332 3.01817 -3.70548 -4.62128 -3.93868 3.14805 148.112 7.7294 37.5176 6.33506 9.0953 10.8286 63.0466 8.3495 13.6226 11.2553 2.86339 9.60021 49.9131
internal_weight=9.67636e+06 658 9.6757e+06 121131 633 610 180 149 430 87 48 343 72 45 120 66 54 271 178 137 111 82 47 44 90982 3667 100 67 3567 3293 87315 93 3035 9.55457e+06 263939 30149 29744 29589 16504 65 13980 1614 134664 80756.1 71705 3250 68455 34905 33567 33550 32384 2994
internal_count=3047272 658 3046614 119598 633 610 180 149 430 87 48 343 72 45 120 66 54 271 178 137 111 82 47 44 89932 3632 100 67 3532 3258 86300 93 3007 2927016 258150 29666 29261 29106 16252 65 13777 1614 131318 78362 70830 3201 67629 34548 33217 33081 32041 2945
is_linear=0
shrinkage=0.238503


Tree=135
num_leaves=53
num_cat=0
split_feature=1 8 12 2 13 12 6 1 14 2 12 13 0 12 14 14 1 8 0 12 8 8 15 14 14 15 2 8 2 14 14 14 14 14 13 12 15 14 2 13 12 15 13 6 6 2 14 13 1 13 15 13
split_gain=5.02028e+10 3.55677e+10 9.40175e+09 8.50111e+09 5.31891e+09 2.2419e+09 1.58936e+09 2.40233e+09 1.53687e+09 1.07729e+09 1.00785e+09 8.93005e+08 8.69396e+08 8.63239e+08 1.81616e+09 5.41805e+08 4.90601e+08 5.83815e+08 1.10289e+09 7.79021e+08 4.0922e+08 3.74755e+08 3.58452e+08 3.37501e+08 3.84846e+08 2.88046e+08 2.76004e+08 2.47363e+08 2.10862e+08 1.78935e+08 1.45142e+08 1.4441e+08 1.42038e+08 1.40259e+08 1.21385e+08 1.15659e+08 1.07633e+08 1.04039e+08 9.08228e+07 8.89762e+07 8.57596e+07 1.03746e+08 1.9087e+08 8.40122e+07 8.14095e+07 8.13793e+07 7.83493e+07 7.63803e+07 7.83808e+07 7.48103e+07 7.26142e+07 6.76649e+07
threshold=0.67893700000000012 0.0022505000000000003 -0.0090079999999999986 0.00045400000000000003 -0.91149699999999989 -0.14644149999999997 0.89377350000000011 0.91422250000000005 0.0087735000000000018 0.0024125000000000006 -0.0033034999999999996 -0.0091999999999999981 0.91397700000000015 -0.019394499999999999 0.010433000000000001 0.025577000000000006 0.92514000000000018 0.92513900000000004 0.92730450000000009 -0.032569999999999995 0.92074100000000014 0.0032885000000000002 0.033185500000000007 0.046726000000000011 0.014463000000000002 5.5000000000000007e-06 0.0016135000000000001 0.00085500000000000018 6.6500000000000017e-05 0.00019300000000000003 5.6500000000000011e-05 0.00027550000000000008 1.3500000000000001e-05 4.500000000000001e-06 0.00023750000000000003 -0.0020539999999999994 1.1500000000000002e-05 0.00019300000000000003 0.90392850000000002 -0.00035149999999999998 -0.049512999999999995 0.0011290000000000002 -0.12002949999999998 0.00042750000000000009 0.011983000000000002 0.009363500000000002 0.019083500000000003 -0.0015144999999999998 3.1500000000000007e-05 0.0014915000000000002 0.0019730000000000004 -0.0037779999999999997
decision_type=2 2 2 2 2 2 2 2 2 2 2 2 2 2 2 2 2 2 2 2 2 2 2 2 2 2 2 2 2 2 2 2 2 2 2 2 2 2 2 2 2 2 2 2 2 2 2 2 2 2 2 2
left_child=1 3 5 28 15 22 12 -8 -7 26 23 13 -6 20 29 -4 17 38 -19 -20 40 25 -2 24 -9 33 47 -5 31 30 44 -1 35 -13 37 -28 51 -29 -10 -37 41 -11 -43 -35 -15 -38 -26 48 -3 -27 -42 -23
right_child=2 9 4 27 6 8 7 10 16 11 -12 21 -14 14 -16 -17 -18 18 19 -21 -22 36 -24 -25 46 49 32 34 -30 -31 -32 -33 -34 43 -36 39 45 -39 -40 -41 50 42 -44 -45 -46 -47 -48 -49 -50 -51 -52 -53
leaf_value=0.60245234279295945 103.72772522218651 0.81221316334843152 59.268629658357007 3.621754237551805 478.86590725657152 44.587893175580909 135.03020684529088 324.32148129893648 153.84114625542665 6.844267201918468 580.32878892821373 14.88661685440637 699.19776518050287 28.54239106783541 312.85765771430312 225.88403269973665 140.32585937191342 493.0744328438372 186.91837195578702 405.87553321841256 60.232752520470115 21.152680957163167 7.8433405277540142 310.45573007867881 425.86626858280897 6.56959897387366 19.726258013601306 5.9994926199747693 1.3180626257143095 4.4594178373858053 49.603615312198244 21.759846405633173 7.1654159759570248 26.735644056751553 10.250457238385042 10.813323494264676 12.063807895589422 43.56395488223982 235.94510352498901 17.020370709869717 -1.6348785432316442 20.106160960212041 114.42080555188734 17.700185988001135 41.301691825228787 31.500481331358355 492.49128940809487 2.8081669143065593 9.7988043008250454 17.415921696470434 -59.0328079983667 18.041486877989012
leaf_weight=8875228.691608429 76 1012.007776260376 32 40234.104074478149 39 37 26 23 24 634.00057601928711 35 42423.009881973267 26 893 21 36 27 24 43 21 134 6945.0037441253662 61 28 27 4360.0035457611084 2541.0008640289307 242513.32177352905 373136.55012702942 132 850 280 3207.0021057128906 1313 6003.0035457611084 6748.0040321350098 3359.0020160675049 64 23 2852.0002880096436 433.00086402893066 121 22 2795.0008640289307 845 198 38 3469.01296043396 5029.0073795318604 632.00028800964355 20 48092.014541625977
leaf_count=2416629 76 823 32 37735 39 37 26 23 24 620 35 42185 26 893 21 36 27 24 43 21 134 6854 61 28 27 4276 2520 234834 312472 132 850 280 3158 1313 5919 6650 3310 64 23 2845 412 121 22 2774 845 198 38 3154 4854 625 20 47756
internal_value=1.02044 1.0031 260.729 0.787402 377.746 152.768 442.436 396.634 215.908 15.7947 441.671 17.0043 567.082 30.4967 40.0274 147.509 255.036 277.97 322.757 258.821 11.3443 16.5014 61.0411 399.789 428.178 14.6684 10.2364 5.76494 0.631964 37.9195 39.6261 0.60312 12.6802 15.39 6.11182 14.1368 18.1131 6.00941 194.067 12.6574 6.01751 11.9575 34.6244 20.5882 34.7461 13.1459 464.88 6.29252 8.29336 7.94283 -4.17074 18.4341
internal_weight=9.67719e+06 9.67654e+06 646 9.53746e+06 310 336 242 177 199 139080 151 114222 65 4105 2741 68 162 135 88 64 1364 110117 137 116 88 51523 24858 288814 9.24865e+06 2720 2588 8.87551e+06 15348 46531 248580 12141 58594 242577 47 9600 1230 777.001 143 4108 1738 3557 65 9510.03 6041.02 4992 453.001 55037
internal_count=3145944 3145298 646 3007933 310 336 242 177 199 137365 151 113361 65 4070 2741 68 162 135 88 64 1329 109291 137 116 88 51173 24004 278552 2729381 2720 2588 2416909 15173 46272 240817 12015 58118 234898 47 9495 1195 763 143 4087 1738 3508 65 8831 5677 4901 432 54610
is_linear=0
shrinkage=0.0294621


Tree=136
num_leaves=53
num_cat=0
split_feature=1 3 16 3 16 3 16 16 16 0 1 11 6 16 16 0 16 3 16 11 16 16 11 16 3 15 16 0 16 11 16 16 16 16 6 16 16 6 1 3 15 1 11 15 16 0 6 11 16 11 15 16
split_gain=4.24726e+10 3.10386e+10 8.30249e+09 7.33416e+09 5.60295e+09 4.32199e+09 1.9427e+09 2.00198e+09 1.86888e+09 1.52606e+09 2.48288e+09 1.806e+09 1.5247e+09 1.33606e+09 1.24508e+09 3.04782e+09 1.23969e+09 9.02831e+08 8.95308e+08 7.42099e+08 9.98426e+08 6.19715e+08 6.01427e+08 5.97214e+08 7.15328e+08 4.38874e+08 4.22303e+08 4.15941e+08 4.14862e+08 4.02568e+08 4.3958e+08 3.82711e+08 3.62065e+08 3.55575e+08 5.46568e+08 3.24242e+08 3.19069e+08 4.56015e+08 5.53098e+08 3.15165e+08 3.07087e+08 2.4523e+08 2.44681e+08 2.41192e+08 1.94346e+08 1.94307e+08 1.92932e+08 2.52268e+08 1.87222e+08 1.51915e+08 1.72259e+08 1.5003e+08
threshold=0.67893700000000012 0.0021030000000000003 15860.500000000002 0.00037450000000000005 1753351.5000000002 0.90078350000000007 182527.00000000003 52193.000000000007 155190.50000000003 0.91397700000000015 0.92514000000000018 0.00037950000000000006 0.94509250000000011 109475.00000000001 7503.5000000000009 0.92730450000000009 1212132.5000000002 0.0031475000000000006 2377128.0000000005 0.22499750000000004 24713.500000000004 60699.500000000007 3.6500000000000006e-05 118915.00000000001 0.0090670000000000021 5.5000000000000007e-06 10591.500000000002 0.0032335000000000007 12985.500000000002 0.00038950000000000003 5183.0000000000009 2118706.5000000005 2654.5000000000005 127254.50000000001 0.89377350000000011 1100042.0000000002 123542.00000000001 0.0005325000000000001 0.00097650000000000005 0.0053095000000000009 0.018882500000000007 0.00018950000000000003 0.00041450000000000005 0.0016020000000000003 136200.50000000003 0.71441150000000009 0.00087850000000000005 0.00029450000000000006 5019.5000000000009 8.4500000000000008e-05 1.4500000000000002e-05 26451.500000000004
decision_type=2 2 2 2 2 2 2 2 2 2 2 2 2 2 2 2 2 2 2 2 2 2 2 2 2 2 2 2 2 2 2 2 2 2 2 2 2 2 2 2 2 2 2 2 2 2 2 2 2 2 2 2
left_child=1 3 14 -1 17 6 7 9 12 -4 -11 -12 13 42 29 -16 22 25 39 23 26 -14 -5 49 35 -3 32 -26 -17 -2 48 -18 45 34 -9 41 37 38 -24 -6 43 -25 -7 -34 -15 -21 -43 -48 -31 -19 -51 -13
right_child=2 4 5 16 18 8 -8 33 -10 10 11 51 21 44 15 28 31 19 -20 20 -22 -23 36 24 27 -27 -28 -29 -30 30 -32 -33 40 -35 -36 -37 -38 -39 -40 -41 -42 46 -44 -45 -46 -47 47 -49 -50 50 -52 -53
leaf_value=-0.036248485301843714 91.457005258037128 9.9396204746394776 78.553015227431274 -0.036909993127823844 4.6552015624971759 272.66491837468396 80.087618740707967 428.30403379033237 -25.275358378237677 386.62580226534897 335.42263497361591 106.95417750383319 150.19009531442384 149.78609631487689 278.21203028663024 75.579379951676415 2.0219223750362918 0.16616482600782684 -0.8126562136486758 -22.107740667323078 129.83245287682004 26.483315218395806 5.9446087381259494 1.4373464701269962 -0.33279806196034573 4.9495885545785026 -8.3185281963329771 24.537004820023114 -25.625024560827438 13.171626602801187 -37.393301021937923 -0.17569643673388247 94.359710467389263 275.76944395350188 310.27954636123786 10.649409020224603 3.671897563474956 4.3142863578377497 16.732856841923148 17.190629826940402 132.20619934461698 14.716694754883843 206.78080207984382 18.582838475702047 88.491892559414197 41.127495508102697 15.301281912638061 8.5512954034747555 69.633363425916443 11.485192855618102 3.2574004878720602 167.29556688143566
leaf_weight=9243464.451467514 23 30423.003744125366 20 12682.070850372314 24889.006048202515 30 20 23 21 29 20 26 20 39 24 35 82720.030689239502 1022.0005760192871 12540.012525558472 26 36 35 4029.0031681060791 506.0031681060791 233.00028800964355 6776.0017280578613 66 2284 20 48 40 35655.072854995728 23 20 27 17877.001440048218 148638.04550552368 15380.00892829895 2375.0002880096436 647 20 21851.000288009644 44 31 28 37 2984 4179.0017280578613 30 1887.0014400482178 1389.0005760192871 26
leaf_count=2667189 23 30332 20 10960 24742 30 20 23 21 29 20 26 20 39 24 35 81985 1008 12253 26 36 35 3952 429 226 6734 66 2284 20 48 40 33954 23 20 27 17842 147532 15163 2368 647 20 21844 44 31 28 37 2984 4137 30 1852 1375 26
internal_value=0.179222 0.169607 143.726 0.0525188 8.78469 189.233 246.377 263.789 133.661 220.091 248.11 192.273 150.692 181.58 55.1989 111.546 2.77415 11.1599 3.06742 12.6146 43.7904 71.494 3.6884 12.4771 13.0232 9.03066 28.5254 22.2347 38.7814 23.6196 10.3877 1.35999 46.275 339.283 364.64 12.5341 3.96562 5.96977 9.94559 4.97282 72.8696 13.6754 233.52 50.8723 124.19 15.031 13.8888 11.3633 34.8937 6.13474 7.99671 137.154
internal_weight=9.67532e+06 9.67467e+06 648 9.54494e+06 129726 428 211 191 217 121 101 72 196 141 220 79 301479 91650 38076 54451 239 55 183104 54212 49914 37199 203 2517 55 141 118 118375 137 70 50 47397 170422 21784 6404 25536 74 29520 74 54 67 63 29014 7163 78 4298 3276 52
internal_count=3092679 3092031 648 2963103 128928 428 211 191 217 121 101 72 196 141 220 79 295914 91286 37642 54220 239 55 179975 53981 49746 37066 203 2510 55 141 118 115939 137 70 50 47236 169015 21483 6320 25389 74 29394 74 54 67 63 28965 7121 78 4235 3227 52
is_linear=0
shrinkage=0.0177318


Tree=137
num_leaves=53
num_cat=0
split_feature=1 3 12 16 3 7 16 9 9 9 15 16 16 16 16 16 16 16 16 16 9 16 12 15 12 12 16 7 5 1 12 16 10 12 16 10 16 5 10 15 16 16 10 16 15 16 7 9 9 15 10 1
split_gain=7.67542e+08 5.60064e+08 2.00083e+08 1.6398e+08 1.35992e+08 1.26955e+08 1.3391e+08 1.09114e+08 1.8001e+08 2.59692e+08 1.9225e+08 1.45858e+08 3.30168e+08 1.1712e+08 4.07316e+08 1.49473e+08 1.93635e+08 6.94576e+07 6.23743e+07 5.43924e+07 4.79386e+07 1.11562e+08 1.10447e+08 1.00547e+08 7.95045e+07 5.7246e+07 4.30545e+07 3.71394e+07 6.74679e+07 5.04718e+07 3.86204e+07 1.07309e+08 1.70333e+08 3.13982e+07 3.60648e+07 2.60764e+07 5.70728e+07 5.08957e+07 4.87004e+07 3.47047e+07 3.00046e+07 2.90855e+07 5.19911e+07 1.59188e+08 7.64661e+07 4.33463e+07 3.84563e+07 5.9543e+07 4.05022e+07 3.99598e+07 3.72457e+07 2.83408e+07
threshold=0.67893700000000012 0.0023455000000000004 -0.0078809999999999974 1640909.0000000002 0.00027750000000000002 0.93469650000000015 182527.00000000003 0.00036350000000000005 0.010425500000000002 0.0086810000000000012 0.033185500000000007 23407.500000000004 7839.5000000000009 5406.0000000000009 10624.500000000002 18577.000000000004 31282.000000000004 5039.0000000000009 1816435.5000000002 2484258.5000000005 0.00033550000000000008 36474.500000000007 -0.0037869999999999996 0.052283000000000003 -0.0040509999999999999 -0.0059454999999999994 130874.50000000001 0.00045750000000000006 0.00017450000000000004 0.00036450000000000008 0.013289000000000002 29451.000000000004 0.00044950000000000008 0.018189500000000001 115749.50000000001 7.4500000000000008e-05 7839.5000000000009 0.0042470000000000008 0.0037615000000000005 6.5000000000000013e-06 62423.000000000007 375065.00000000006 0.0008005000000000001 34556.000000000007 1.5000000000000002e-06 373512.00000000006 0.0011130000000000001 0.0005505000000000001 0.0018615000000000001 8.6500000000000015e-05 0.0029545000000000001 0.00094050000000000004
decision_type=2 2 2 2 2 2 2 2 2 2 2 2 2 2 2 2 2 2 2 2 2 2 2 2 2 2 2 2 2 2 2 2 2 2 2 2 2 2 2 2 2 2 2 2 2 2 2 2 2 2 2 2
left_child=1 4 7 27 -1 6 20 13 9 10 -9 12 -12 17 -15 -16 -17 -2 35 -5 24 -22 23 -23 25 -4 -18 -3 -29 -30 -31 -32 -33 -24 -35 37 38 40 51 -39 -6 42 43 44 -38 46 48 50 -44 -49 -48 -37
right_child=2 3 5 19 18 -7 -8 8 -10 -11 11 -13 -14 14 15 16 26 -19 -20 -21 21 22 33 -25 -26 -27 -28 28 29 30 31 32 -34 34 -36 36 41 39 -40 -41 -42 -43 45 -45 -46 -47 47 49 -50 -51 -52 -53
leaf_value=0.37845954345673333 286.83753042109356 30.012107236532316 287.67799521078393 8.4230122768711446 -7.7084908866260129 -51.807479999268296 -122.37342109707242 -496.74916956755652 574.52132217169162 -632.39140577941748 -49.172765427463204 -227.20866379845671 986.57107148167233 1269.0935099736466 -197.4757706831017 983.81613986255252 405.39683151835766 -251.18517176713561 -1.2674838582122163 -12.534932047070379 1021.6490617692461 524.61441978450512 495.00161261067439 -151.42320322404228 104.17191634975052 798.10972678333428 5.2504022638271994 -12.231845769232772 73.932732385118129 19.685339116035266 -278.87497090909716 815.93656246602109 106.8263442731637 1003.0487173388168 582.88855686271165 26.569159709373796 270.6782962717042 189.08117954983678 -33.239725591165737 -38.545799071889547 8.5762345323751283 5.8231209101681376 7.595875175813589 24.480696366182357 -23.244713192160503 140.29570710379073 49.858659250619453 -8.0281537198275235 21.946387134101599 55.100435483777872 241.01733337148207 236.97424921840968
leaf_weight=9227241.5837669373 21 22137.009792327881 22 33443.011232376099 14867.066530227661 30 20 24 25 35 36 26 29 22 35 20 23 31 64307.077737808228 8015.0085124969482 24 24 39 22 37 24 36 3395.0048961639404 923.00144004821777 54731.025632858276 30 20 152 20 23 45 213 122.00028800964355 79 49 9802.0132484436035 178504.08764457703 27992.033985137939 3047.002592086792 59 133 542 11272.002880096436 16218.009504318237 549.00028800964355 59 130
leaf_count=2573648 21 21899 22 33170 13250 30 20 24 25 35 36 26 29 22 35 20 23 31 62459 7819 24 24 39 22 37 24 36 3276 888 54108 30 20 152 20 23 45 213 115 79 49 9480 176376 27166 2984 59 133 542 11202 15987 542 59 130
internal_value=0.754722 0.738072 249.422 16.0682 0.540981 392.719 445.027 136.915 7.06324 -87.5512 78.3082 230.04 412.984 257.774 369.287 195.524 369.654 -33.849 5.11316 4.37122 493.333 569.617 484.778 201.327 353.578 554.099 161.312 22.0264 19.0429 20.9438 20.0534 119.778 189.336 643.738 778.497 6.66928 7.40208 -0.376692 115.652 123.846 -1.23788 7.28683 11.6353 39.4327 206.916 10.01 9.70401 -1.52899 12.8602 -5.09615 68.63 182.876
internal_weight=9.67872e+06 9.67808e+06 648 122846 9.55523e+06 285 255 363 175 150 115 91 65 188 136 114 79 52 327989 41458 235 152 128 46 83 46 59 81388 59251 55856 54933 202 172 82 43 263682 238842 24840.1 254 171 24669.1 238588 60084 3319 272 56765 56632 12422 44210 11821 601 175
internal_count=3016528 3015880 648 121362 2894518 285 255 363 175 150 115 91 65 188 136 114 79 52 320870 40989 235 152 128 46 83 46 59 80373 58474 55198 54310 202 172 82 43 258411 235517 22894 254 164 22730 235263 58887 3256 272 55631 55498 12345 43153 11744 601 175
is_linear=0
shrinkage=0.228497


Tree=138
num_leaves=53
num_cat=0
split_feature=8 8 12 3 0 8 15 2 15 12 15 15 8 0 15 14 8 8 2 15 15 8 14 14 15 8 14 3 15 14 4 14 2 14 10 2 8 10 15 15 12 15 14 2 3 14 14 3 15 0 8 2
split_gain=3.46069e+08 2.46358e+08 1.28432e+08 3.79411e+08 8.23537e+07 7.3785e+07 7.2828e+07 7.228e+07 9.57163e+07 6.6299e+07 6.47054e+07 1.11892e+08 1.38102e+08 2.39169e+08 1.13835e+08 1.50279e+08 4.34947e+08 8.01656e+07 5.60752e+07 1.75782e+08 4.99084e+07 4.18207e+07 5.42347e+07 3.90956e+07 3.64269e+07 3.14961e+07 3.49564e+07 4.05564e+07 3.77215e+07 3.2565e+07 3.22795e+07 3.11673e+07 3.3815e+07 2.69109e+07 9.38621e+07 5.07762e+07 5.00153e+07 2.63496e+07 2.55079e+07 2.64892e+07 6.75363e+07 4.88828e+07 2.33215e+07 2.26497e+07 4.75514e+07 2.16389e+07 2.75721e+07 2.5951e+07 2.109e+07 2.02394e+07 1.99035e+07 1.86337e+07
threshold=0.25019750000000002 0.0017025000000000002 -0.022734999999999995 0.75452300000000017 0.91397700000000015 0.96647850000000013 0.057643500000000007 0.90392850000000002 0.049698500000000007 -0.0037269999999999998 0.044856500000000007 0.020994000000000002 0.96647850000000013 0.91397700000000015 6.5000000000000013e-06 0.21783400000000003 0.92074100000000014 0.96228150000000012 0.17539850000000004 0.013920000000000002 9.9000000000000008e-05 0.00087450000000000017 1.5000000000000002e-06 0.013005500000000001 0.019940000000000003 0.0032045000000000003 0.00019300000000000003 0.011438000000000002 3.2500000000000011e-05 1.4500000000000002e-05 0.009864000000000003 0.0079820000000000012 0.90392850000000002 5.5000000000000007e-06 0.00032050000000000009 0.0030625000000000006 0.0030945000000000005 7.3500000000000011e-05 0.0019730000000000004 0.0011290000000000002 -0.066571499999999992 0.0010245000000000002 0.00019300000000000003 0.0014635000000000002 0.0026300000000000004 0.00082200000000000014 1.0000000180025095e-35 0.00057350000000000012 4.500000000000001e-06 0.00060950000000000012 7.4500000000000008e-05 0.0010275000000000002
decision_type=2 2 2 2 2 2 2 2 2 2 2 2 2 2 2 2 2 2 2 2 2 2 2 2 2 2 2 2 2 2 2 2 2 2 2 2 2 2 2 2 2 2 2 2 2 2 2 2 2 2 2 2
left_child=1 21 10 -4 20 6 7 8 -6 -7 11 12 13 14 15 16 -2 -13 -16 -20 -5 45 -23 -9 -21 29 27 28 30 33 -27 -22 -33 -3 35 43 -37 -29 39 41 -41 -28 51 -35 48 46 50 -48 -45 -47 -1 -24
right_child=2 25 3 4 5 9 -8 23 -10 -11 -12 17 -14 -15 18 -17 -18 -19 19 24 31 22 42 -25 -26 26 38 37 -30 -31 -32 32 -34 34 -36 36 -38 -39 -40 40 -42 -43 -44 44 -46 49 47 -49 -50 -51 -52 -53
leaf_value=0.25785652707444573 -87.819070332369989 7.7743655003234764 1383.104841831748 -441.95443779375842 1181.8891885031128 -370.36339380415075 -170.39857053844742 28.790746275779174 327.84400734586995 374.84137471579351 -395.78701414574681 539.45921974462249 681.96131436404312 -875.50601608085708 167.31414346693927 -193.46591909285863 1426.7438548399555 25.631176426179508 -773.26336090220718 357.22904609396261 -247.40996902329351 6.7938414638233757 10.425738112076788 436.01256146475589 -126.57363837708465 18.539870427299064 -14.437638571758333 20.820874694114305 -19.702151508766093 -11.460478702400991 74.418945668590922 24.832057332393745 441.68906973354132 -15.777175130621403 12.993253316510554 245.06421823885748 25.907241032794662 108.60003953103543 -273.5112150458985 540.71061064936725 -17.21458234312561 -394.73453826708169 264.60833278821292 160.78737433099434 24.201103834154772 54.583963381561695 -5.3036686744330952 -31.536918811847482 -24.073607790953613 368.83261905343403 2.3279808580601142 -12.067328198717359
leaf_weight=8756518.2339839935 47.000288009643555 74578.050760269165 32 20 29 26 20 30 25 23 27 88 29 32 44 45 33 48 42 26 20 188780.19324874878 4474.0069122314453 123 41 64924.035099029541 2738.0083522796631 598.00086402893066 2617.0005760192871 7425.0037441253662 1075.0005760192871 48 34 351 17197.002304077148 327 158 843.00028800964355 39 31 78 35 32 568.00028800964355 831.00057601928711 440 21209.071714401245 4715.0048961639404 71 22 502353.98936462402 23854.010080337524
leaf_count=2184324 40 73353 32 20 29 26 20 30 25 23 27 88 29 32 44 45 33 48 42 26 20 184118 4306 123 41 64084 2535 577 2603 7334 1061 48 34 351 17141 327 158 836 39 31 78 35 32 561 817 440 19466 4596 71 22 454269 23609
internal_value=0.684507 0.665737 195.565 323.849 238.642 335.365 412.194 468.505 786.619 -20.5125 85.6783 113.058 14.7321 -47.7089 47.6074 274.022 537.013 358.121 -137.369 -260.388 19.8084 0.447062 4.83469 356.177 61.1631 12.5748 17.6427 19.072 17.9568 8.93123 19.4501 110.4 197.72 10.5406 21.1183 81.7101 173.672 72.1736 -16.6378 -13.1601 141.484 -19.2399 -8.20647 57.2158 74.6457 0.344455 0.34101 -10.075 140.244 69.5583 0.370174 -8.51482
internal_weight=9.67781e+06 9.67688e+06 932 430 398 276 227 207 54 49 502 475 339 310 278 125 80.0003 136 153 109 122 9.5024e+06 217140 153 67 174484 72978 70057 68616 101506 65999 102 82 94081.1 19503 2306 485 1441 2921.01 2882.01 109 2773.01 28360 1821 1470 9.28526e+06 9.2848e+06 25924.1 639 462 9.25887e+06 28328
internal_count=3048099 3047174 925 430 398 276 227 207 54 49 495 468 332 303 271 118 73 136 153 109 122 2875182 212065 153 67 171992 71879 69161 67748 100113 65145 102 82 92779 19426 2285 485 1413 2718 2679 109 2570 27947 1800 1449 2663117 2662655 24062 632 462 2638593 27915
is_linear=0
shrinkage=0.319833


Tree=139
num_leaves=53
num_cat=0
split_feature=1 3 12 2 13 0 12 6 3 1 12 0 0 12 12 12 1 3 0 0 0 13 3 1 13 2 6 10 3 12 13 3 13 12 6 3 3 6 12 0 10 0 4 13 10 2 2 10 13 3 6 10
split_gain=3.43726e+10 2.58207e+10 7.62232e+09 5.08181e+09 3.53794e+09 1.87956e+09 1.70359e+09 1.59063e+09 9.55224e+08 9.30511e+08 1.13377e+09 9.20519e+08 6.51927e+08 1.29345e+09 4.88861e+08 3.62288e+08 2.94723e+08 2.94292e+08 2.60064e+08 2.4116e+08 2.34259e+08 2.18133e+08 2.1304e+08 1.91394e+08 1.73787e+08 1.49402e+08 1.40289e+08 1.39955e+08 1.35684e+08 4.29404e+08 1.33171e+08 1.3151e+08 3.99818e+08 1.15919e+08 1.99147e+08 1.01367e+08 9.40516e+07 1.26559e+08 8.71545e+07 6.86239e+07 6.63903e+07 6.70751e+07 6.49027e+07 6.14044e+07 6.08929e+07 6.2998e+07 5.93914e+07 5.60454e+07 5.46447e+07 5.32031e+07 5.07742e+07 5.32016e+07
threshold=0.67893700000000012 0.0017825000000000002 -0.0090079999999999986 0.00053650000000000019 -0.91149699999999989 0.91397700000000015 -0.071882499999999988 0.89377350000000011 0.0025970000000000003 0.91422250000000005 -0.0049834999999999992 0.91397700000000015 0.23513350000000002 -0.032569999999999995 0.0058455000000000009 -0.14644149999999997 0.91422250000000005 0.0085820000000000011 1.0000000180025095e-35 0.92730450000000009 0.95752500000000007 0.00022150000000000004 0.0035410000000000003 0.95729150000000007 0.00049950000000000005 7.050000000000002e-05 0.00022150000000000004 0.0010965000000000005 0.008709500000000002 -0.010357999999999997 0.0025915000000000005 0.0008135000000000001 0.00026350000000000006 -0.022734999999999995 0.9135660000000001 0.011438000000000002 0.31883150000000005 0.49003550000000001 -0.041660999999999997 0.0030405000000000002 0.0016065000000000005 0.0011475000000000003 0.00042250000000000008 -0.93469649999999993 0.00062350000000000014 0.0019895000000000004 0.0014935000000000003 7.2500000000000014e-05 -0.00074949999999999984 0.48583150000000003 0.0002265 0.0020475000000000003
decision_type=2 2 2 2 2 2 2 2 2 2 2 2 2 2 2 2 2 2 2 2 2 2 2 2 2 2 2 2 2 2 2 2 2 2 2 2 2 2 2 2 2 2 2 2 2 2 2 2 2 2 2 2
left_child=1 3 5 25 23 15 -7 11 21 -9 -11 -6 14 36 18 -2 -8 -16 -10 -12 -18 44 30 -4 31 -1 -26 -23 50 38 46 48 -33 -17 -35 -31 -14 -38 -30 40 41 -28 -29 -25 -3 -46 -20 -37 -5 -39 -24 -52
right_child=2 8 4 24 7 6 16 9 12 10 19 -13 13 -15 17 33 20 -19 22 -21 -22 27 28 43 26 -27 39 42 29 35 -32 32 -34 34 -36 47 37 49 -40 -41 -42 -43 -44 -45 45 -47 -48 -49 -50 -51 51 -53
leaf_value=-0.11220673621062083 25.74117901154359 6.6947182267010943 41.078552650651041 -1.920576598604137 269.4148595491514 20.224691836683501 236.32106635788207 108.78058791414017 0.13235325191002872 181.31760079316459 319.62826224264063 419.42812417467394 -2.2390899138413078 192.51127234267483 1.9702778638959118 116.48433343346066 123.09656319689604 29.449862523420848 -3.1248348087411819 249.45853373040092 209.37148800113371 4.9155735655150732 16.536428477547158 87.954056590101402 2.8951963027501653 0.28561884134578869 5.9753041867438483 12.655939750962053 7.1973579096043423 14.901708283958692 14.011288951236926 2.6816484587155029 16.936763154742493 36.517788374394769 105.86106274820254 18.502283718669887 67.92798016564106 33.874398249445285 -4.608403935074282 21.477931000404755 4.4424865437447076 16.687086632145895 4.5630106480110717 132.6613365752512 5.0507605436993783 2.8308387949962848 8.1263106875409186 27.892391494274172 1.699533157014476 6.7682293919430903 9.9792282227033393 8.4825332072309418
leaf_weight=8882642.3347492218 138 3339.0034561157227 22 1648.0011520385742 39 31 32 26 1270.0092163085938 75 42 26 33 20 189 21 28 688 179 34 21 2146.0003776550293 405 23 1669.0017280578613 374271.65449333191 357.00028800964355 2532.0002880096436 717.00057601928711 1527.0002880096436 1482 226666.17374801636 751.00028800964355 40 26 509 33 84 356.00124168395996 202 621.0003776550293 590 443.00066566467285 24 8955.0037441253662 10645.002880096436 60161.021902084351 461 42373.081878662109 41 35735.011501312256 12095.005184173584
leaf_count=2405540 138 3255 22 1620 39 31 32 26 1046 75 42 26 33 20 189 21 28 688 179 34 21 2139 405 23 1627 309981 350 2525 703 1520 1482 222515 744 40 26 509 33 84 328 202 614 590 429 24 8864 10575 59657 461 40420 41 35462 11969
internal_value=0.114864 0.10535 142.164 -0.0185145 211.802 77.9 143.184 246.93 8.30175 216.603 235.162 329.469 9.08301 43.3356 9.02058 45.3966 190.24 23.5279 8.90984 288.269 160.109 5.07246 9.00795 88.5879 2.59504 -0.096122 6.95221 8.71222 9.93057 13.5998 8.23481 2.53983 2.72872 76.5654 63.8485 18.0342 27.7043 33.9587 3.28038 10.7777 9.39901 12.6491 11.4509 110.805 4.2599 3.8451 8.09293 22.9653 1.56401 24.9853 9.65899 9.60076
internal_weight=9.67648e+06 9.67584e+06 648 9.53179e+06 311 337 112 242 144045 177 151 65 115985 211 115774 225 81 877 114897 76 49 28060 113627 69 274877 9.25691e+06 3439 5121 51805 3570 61822 271438 227417 87 66 2497 191 158 1073 1770 1568 947 2975 47 22939 19600 60340 970 44021.1 125 48235 47830
internal_count=3127447 3126799 648 2984203 311 337 112 242 142596 177 151 65 114809 211 114598 225 81 877 113721 76 49 27787 112675 69 268682 2715521 3383 5093 51357 3521 61318 265299 223259 87 66 2490 191 158 1031 1756 1554 940 2954 47 22694 19439 59836 970 42040 125 47836 47431
is_linear=0
shrinkage=0.019505


Tree=140
num_leaves=53
num_cat=0
split_feature=4 8 8 12 15 4 15 9 9 13 6 12 8 12 8 9 2 8 13 15 8 9 9 13 8 12 8 12 15 15 15 15 2 15 15 13 4 15 4 2 9 13 6 13 13 12 6 12 8 13 4 13
split_gain=6.37533e+09 4.5485e+09 1.08141e+09 9.4646e+08 1.22968e+09 7.85426e+08 8.19413e+08 6.55432e+08 4.6245e+08 4.11182e+08 4.01309e+08 3.2852e+08 2.36993e+08 5.12576e+08 2.27562e+08 4.51472e+08 1.91639e+08 1.894e+08 1.63542e+08 9.40614e+07 8.31239e+07 7.54228e+07 7.09079e+07 6.80858e+07 1.44608e+08 1.20771e+08 1.18889e+08 1.66971e+08 2.60225e+08 1.47772e+08 9.23856e+07 6.27965e+07 6.23152e+07 5.87002e+07 3.03976e+08 5.46651e+07 8.21219e+07 4.77475e+07 4.54984e+07 4.5373e+07 5.47587e+07 5.96854e+07 4.31838e+07 4.26512e+07 4.18153e+07 4.1744e+07 4.09137e+07 4.0336e+07 4.00297e+07 4.24679e+07 3.89991e+07 3.75632e+07
threshold=0.91397700000000015 0.0023450000000000003 0.00077450000000000012 0.018189500000000001 0.0026665000000000005 0.92730450000000009 0.00017550000000000001 0.0014745000000000003 0.0077025000000000001 -0.93469649999999993 0.9135660000000001 -0.0066269999999999992 0.96647850000000013 -0.0078809999999999974 0.95254850000000013 0.00039350000000000008 0.0015505000000000002 0.0036275000000000005 0.00020550000000000003 5.5000000000000007e-06 0.015702000000000004 0.0078670000000000007 0.00035850000000000004 -0.0087404999999999983 0.018418500000000004 -0.0059454999999999994 0.25019750000000002 -0.022734999999999995 0.041114000000000005 6.5000000000000013e-06 1.4500000000000002e-05 0.00013950000000000003 5.2500000000000009e-05 0.0011620000000000003 0.0010655000000000003 0.00057350000000000012 1.7500000000000002e-05 0.0013045000000000003 0.00037250000000000006 0.00057950000000000005 0.0012065000000000003 -0.00040649999999999996 0.0024705000000000005 -0.00024049999999999996 -1.0000000180025095e-35 -0.0045529999999999989 0.00043250000000000005 -0.0011484999999999998 0.0013215000000000002 0.00097950000000000012 0.00016250000000000002 -0.0040809999999999987
decision_type=2 2 2 2 2 2 2 2 2 2 2 2 2 2 2 2 2 2 2 2 2 2 2 2 2 2 2 2 2 2 2 2 2 2 2 2 2 2 2 2 2 2 2 2 2 2 2 2 2 2 2 2
left_child=1 2 32 10 20 8 9 -6 11 -7 16 -2 13 -11 15 -8 -3 19 38 51 -5 -16 -13 24 31 26 33 29 -29 -28 45 -19 -1 34 -26 36 -20 -35 43 40 -40 -42 -21 47 -45 50 48 -4 -37 -50 -25 -18
right_child=5 3 18 4 7 6 14 -9 -10 12 -12 22 -14 -15 21 -17 17 23 35 42 -22 -23 -24 30 25 -27 27 28 -30 -31 -32 -33 -34 37 -36 46 -38 -39 39 -41 41 -43 -44 44 -46 -47 -48 -49 49 -51 -52 -53
leaf_value=0.015914244221191989 67.666071150807539 0.56205942263891306 1.4410188689041208 14.06156231958682 84.222629995431078 31.840807136152161 52.501094593942668 237.43767391959227 205.78640850587396 49.453321222612502 81.749332152941562 126.42942872901462 173.6629979608924 185.85042588290744 80.645815620009728 -93.113930128727006 -4.4762715997786167 11.796061248219516 0.6885166959115564 3.0133756542775871 -41.366505116122909 25.631187701530354 174.29703755624078 2.5361759591018282 -0.09510714487256515 -46.003723385691778 27.678337584085853 112.11160705600811 6.8552013968030892 -0.18291426879589623 1.0187116324177137 0.53687254820129393 0.28550961040666967 -39.170646363199523 78.847089629109419 1.3946200634295178 10.691049807220089 -7.0205646280016136 -2.3754041699902775 1.5804460528571116 2.9595594618108896 12.772161840155944 0.0054568841113330985 2.1258923344967626 1.0271594646427726 5.5132740573695482 -1.9382934444269131 -0.060729275878329297 11.036839196690053 4.421281012102896 -15.601666018488039 3.9426986379712416
leaf_weight=8840428.5143966675 48 7171.0098819732666 12905.028602600098 30 41 29 20 20 32 36 32 43 33 21 20 21 256.00028800964355 2770.0011520385742 559.00057601928711 4784.0005760192871 23 30 23 178 1064.0008640289307 24 134 20 26 290 2432.0017280578613 261.00057601928711 433046.94537162781 28 24 1792.0014400482178 1349.0002880096436 108 342.00028800964355 134083.07069778442 634.00028800964355 564.00028800964355 4423.0006656646729 22596.01016998291 63684.037620544434 33793.009664535522 599.00028800964355 25886.029466629028 546.00028800964355 3239.0014400482178 84 76986.020212173462
leaf_count=2286134 48 6933 12212 30 41 29 20 20 32 36 32 43 33 21 20 21 249 2742 545 4770 23 30 23 178 1043 24 134 20 26 290 2390 247 386138 28 24 1757 1342 108 335 132417 627 557 4409 22351 62774 33569 592 25172 539 3204 84 76510
internal_value=0.128274 0.124857 0.0682726 4.12441 67.3193 92.9815 65.8029 134.486 132.074 103.703 4.07099 111.366 126.856 99.7323 16.2336 -22.0805 4.05255 4.24858 1.44039 3.6649 -9.98862 47.6481 143.133 5.47224 7.94376 2.8577 3.55034 12.9313 52.6319 8.62262 5.15056 10.8265 0.0285036 -0.0518221 1.64708 4.51414 7.76059 -13.6427 1.34508 1.62346 5.36851 7.57931 1.5684 1.04321 1.31491 5.44563 3.51116 0.438871 4.09649 5.37565 -3.27847 3.91479
internal_weight=9.67761e+06 9.67726e+06 9.54225e+06 135002 114 356 210 61 146 119 134888 114 90 57 91 41 134856 127685 268778 86449 53 50 66 41236 4749 1718 1694 470 46 424 36487 3031 9.27348e+06 1224 1088 8084 1908 136 260694 135623 1540 1198 9207 125071 86280 34055 6176 38791.1 5577 3785 262 77242
internal_count=3070976 3070620 2936696 133924 114 356 210 61 146 119 133810 114 90 57 91 41 133778 126845 264424 85938 53 50 66 40907 4686 1697 1673 470 46 424 36221 2989 2672272 1203 1067 7979 1887 136 256445 133936 1519 1184 9179 122509 85125 33831 6092 37384 5500 3743 262 76759
is_linear=0
shrinkage=0.0219431


Tree=141
num_leaves=53
num_cat=0
split_feature=0 3 16 2 11 12 11 16 13 12 16 12 16 16 0 16 13 16 11 13 16 3 14 13 13 16 11 11 14 15 13 2 15 11 0 14 13 14 16 16 16 14 16 14 13 3 16 13 14 14 16 14
split_gain=9.14578e+09 6.0134e+09 1.49416e+09 1.36352e+09 1.05473e+09 7.28817e+08 9.45388e+08 9.95135e+08 6.99004e+08 4.96816e+08 3.05441e+08 3.43462e+08 2.99509e+08 2.96527e+08 2.44915e+08 4.03007e+08 1.89137e+08 1.84269e+08 1.79944e+08 1.7308e+08 4.52872e+08 1.87456e+08 1.56218e+08 1.38564e+08 1.32387e+08 1.59769e+08 1.58481e+08 3.96663e+08 5.13925e+08 2.47382e+08 1.16178e+08 1.11769e+08 1.53668e+08 1.04607e+08 9.39069e+07 9.37227e+07 8.99378e+07 8.43168e+07 8.09314e+07 7.99914e+07 7.91107e+07 7.71464e+07 7.51956e+07 7.48923e+07 1.37716e+08 7.06054e+07 9.81254e+07 1.27618e+08 6.72773e+07 6.72721e+07 6.69126e+07 5.80768e+07
threshold=0.91397700000000015 0.0023025000000000003 2101733.0000000005 0.00042050000000000003 0.94009900000000013 0.018189500000000001 0.22499750000000004 166249.00000000003 -0.91149699999999989 -0.0045529999999999989 12638.000000000002 -0.019394499999999999 1502759.0000000002 1144146.5000000002 0.92730450000000009 93380.000000000015 0.0027085000000000004 70903.000000000015 0.00037950000000000006 -0.88436849999999989 134019.50000000003 0.75452300000000017 0.046726000000000011 -0.0038134999999999996 -0.16861499999999999 41509.000000000007 0.00036750000000000004 0.00041350000000000008 0.21783400000000003 0.0026665000000000005 0.00049950000000000005 0.011453000000000003 9.5000000000000022e-06 4.4500000000000004e-05 0.95752500000000007 0.00048700000000000007 -0.0075654999999999993 0.00019300000000000003 2339312.0000000005 148176.50000000003 2589197.0000000005 1.3500000000000001e-05 14094.500000000002 1.4500000000000002e-05 -0.0031529999999999996 0.00088450000000000019 35325.500000000007 -0.00043149999999999997 3.2500000000000011e-05 2.5000000000000002e-06 34066.000000000007 0.00069950000000000014
decision_type=2 2 2 2 2 2 2 2 2 2 2 2 2 2 2 2 2 2 2 2 2 2 2 2 2 2 2 2 2 2 2 2 2 2 2 2 2 2 2 2 2 2 2 2 2 2 2 2 2 2 2 2
left_child=1 3 5 51 8 12 -7 -8 17 10 -10 -12 16 30 15 -13 19 -2 -11 20 -3 24 -20 48 26 33 -21 28 -28 -29 37 32 -27 -26 -6 -33 41 42 -15 -32 -38 -4 -5 -25 -45 -44 47 -47 -14 -35 -49 -1
right_child=4 2 36 13 34 6 7 -9 9 18 11 14 23 38 -16 -17 -18 -19 22 21 -22 -23 -24 43 25 31 27 29 -30 -31 39 35 -34 49 -36 -37 40 -39 -40 -41 -42 -43 45 44 -46 46 -48 50 -50 -51 -52 -53
leaf_value=0.001403178767296522 120.0114268513863 148.00656728452489 -14.949441679122904 -1.0409205501003231 -0.86098741689990432 5.7043027814567395 242.8557504354217 22.305491937297685 64.206270177779842 300.11018145877659 251.42315159431359 230.3214876037824 9.9644304366867225 1.1579080688530008 88.597637070347488 108.89890769650773 10.773816784945311 22.03803836648467 251.17172757539336 -29.152768955817702 0.72818440821678965 -67.984760528515167 157.12182387781635 4.639255900830209 -14.098025360361426 7.9566004516338316 159.70050637447397 -45.864115581884192 5.983489279190044 26.405222308997821 11.464046490888762 17.246171201746691 3.4082901289202998 36.004228745575773 69.788412322422161 -6.4606048071058906 0.4314805040648923 33.201263408180729 -0.63391663460141667 3.4576176963407841 -3.4779398095758296 19.525493411920191 1.6820101966628505 37.418653996234873 -6.8740023571601911 5.2760247215629033 2.7967077980664268 17.739718764669156 24.578786739166372 1.8200619960216553 47.207184384394843 10.97100602739277
leaf_weight=9244805.5665016174 28 23 57 4411.0083522796631 32 75 35 26 25 22 28 42 864 106790.0643863678 37 38 16415.002304077148 28 28 37 45 24 24 23132.00403213501 321 49628.012384414673 35 41 29 219 1760 1316.0002880096436 6082.0034561157227 43 24 134 17754.014291763306 65 22209.043304443359 1885.0011520385742 4795.004301071167 279 50209.053569793701 55 738 1302.0014400482178 116976.03657722473 324 313 1757.0002880096436 68 352.00115203857422
leaf_count=2687970 28 23 57 4208 32 75 35 26 25 22 28 42 864 105236 37 38 16359 28 28 37 45 24 24 23034 321 49327 35 41 29 219 1760 1309 5998 43 24 134 17411 65 21187 1857 4697 279 48907 55 738 1267 116087 324 313 1750 68 324
internal_value=0.142363 0.137326 6.03989 0.0605266 137.02 7.44682 69.9205 148.863 157.108 176.858 151.415 166.446 7.3629 1.8342 146.089 172.665 8.20624 71.044 235.28 7.50066 50.5584 7.45157 207.803 4.80455 7.48195 7.38265 23.7869 29.8342 90.0558 15.0068 2.55192 7.65273 7.46005 0.104146 29.4296 15.0552 -0.193169 2.45159 0.849419 7.32359 -0.399847 13.6761 2.44005 4.35949 -3.80125 2.53097 2.89016 9.34353 13.8511 2.63699 22.8527 0.00182087
internal_weight=9.67578e+06 9.67543e+06 124272 9.55116e+06 356 101387 136 61 300 244 170 145 101251 305999 117 80 76149 56 74 59734 68 59666 52 25102 59642 59281 361 324 64 260 177000 57160 55710 2121 56 1450 22885 173355 128999 3645 22549 336 173290 23925 793 168879 118670 1694 1177 1800 392 9.24516e+06
internal_count=3112894 3112538 123278 2989260 356 100834 136 61 300 244 170 145 100698 300966 117 80 75694 56 74 59335 68 59267 52 25004 59243 58882 361 324 64 260 174543 56768 55325 2114 56 1443 22444 170926 126423 3617 22108 336 170861 23827 793 166653 117746 1659 1177 1793 392 2688294
is_linear=0
shrinkage=0.0270069


Tree=142
num_leaves=53
num_cat=0
split_feature=2 0 12 2 14 12 1 0 14 14 0 2 15 2 14 15 0 14 0 2 15 15 15 10 5 12 10 4 2 5 12 0 15 15 15 14 15 15 14 12 12 4 12 12 12 15 12 10 0 12 2 10
split_gain=4.90693e+08 3.67686e+08 1.9407e+08 1.77419e+08 7.33889e+07 7.05465e+07 2.07816e+08 1.38571e+08 1.30477e+08 5.97918e+07 5.774e+07 1.23651e+08 3.6024e+07 3.44689e+07 3.08702e+07 2.82705e+07 8.9478e+07 2.71933e+07 3.13935e+07 2.70746e+07 4.3381e+07 1.05025e+08 6.63461e+07 2.47798e+07 2.34692e+07 2.20597e+07 3.63155e+07 7.82261e+07 2.44993e+07 3.64317e+07 2.13764e+07 3.34832e+07 1.36272e+08 6.28814e+07 1.21992e+08 5.19023e+07 3.30624e+07 3.27089e+07 2.06013e+07 5.50428e+07 2.58295e+07 2.03023e+07 1.95231e+07 1.9233e+07 1.87575e+07 2.28055e+07 1.74086e+07 1.73192e+07 1.71019e+07 1.70106e+07 1.66163e+07 3.20349e+07
threshold=0.17539850000000004 0.00096850000000000007 -0.022734999999999995 0.59831400000000012 2.5000000000000002e-06 -0.0049834999999999992 0.92514000000000018 0.95752500000000007 0.013005500000000001 0.054875500000000008 0.91397700000000015 0.90392850000000002 5.5000000000000007e-06 0.00023050000000000005 0.0079820000000000012 0.00023350000000000001 0.92730450000000009 2.6500000000000004e-05 0.020888000000000004 0.0070005000000000006 0.0011620000000000003 0.0010655000000000003 0.0012690000000000004 0.0073145000000000007 0.0018220000000000001 -0.00098799999999999995 0.00011350000000000002 0.0024205000000000003 0.0047270000000000012 0.0045900000000000012 -0.076985499999999984 0.71441150000000009 6.5000000000000013e-06 0.020994000000000002 0.033185500000000007 0.21783400000000003 4.500000000000001e-06 0.044856500000000007 2.2500000000000001e-05 -0.0026329999999999995 -0.0037869999999999996 0.0010195000000000002 -0.0042109999999999986 -0.0032704999999999995 -0.0059454999999999994 0.044856500000000007 0.0072550000000000002 0.0024605000000000004 0.00013850000000000003 -3.1499999999999993e-05 0.0025675000000000003 0.00047350000000000007
decision_type=2 2 2 2 2 2 2 2 2 2 2 2 2 2 2 2 2 2 2 2 2 2 2 2 2 2 2 2 2 2 2 2 2 2 2 2 2 2 2 2 2 2 2 2 2 2 2 2 2 2 2 2
left_child=1 13 9 -4 -3 6 8 -8 14 -2 -7 -12 17 -1 -5 43 -17 25 -19 24 21 23 -22 -21 -14 26 27 42 29 -29 31 32 -11 36 -35 -34 -33 -32 39 40 -15 -28 -6 -13 45 -10 -25 -27 49 -40 -26 -52
right_child=2 4 3 5 12 10 7 -9 44 30 11 15 19 38 -16 16 -18 18 -20 20 22 -23 -24 46 50 47 41 28 -30 -31 37 33 35 34 -36 -37 -38 -39 48 -41 -42 -43 -44 -45 -46 -47 -48 -49 -50 -51 51 -53
leaf_value=0.087327580008744451 -234.97633986352758 5.4773411436747823 940.03740236422641 -103.88158301880557 -244.47054334478983 154.83173554064956 -528.05225028201198 195.21028361237165 735.2452327262763 612.14461081243576 868.51734163883202 559.00264189149289 17.179742744684816 94.105374134003 192.27134155153948 544.86028564196533 -62.618447090364491 52.065674476160844 -13.609586696524389 23.133104903225178 -385.14386618359555 521.8260669077215 -13.376916282462545 140.63871638864444 4.6657234174691906 14.571086691177241 24.720280302534587 11.661231913865993 56.476317810697495 -211.83227970532204 322.86254861446616 -23.663940051375267 -128.08678956898368 401.48727891892207 -64.362070929490301 272.04825718385018 -295.33884709818835 -16.831656317150713 5.5026292014654743 2.6894761114678456 25.401402187458039 54.020952521439398 -44.89832624463542 282.35656724116745 344.13633669701096 430.2203180071366 48.904159885042588 4.8861866338596114 -29.273015192946158 -81.204318540306502 27.21692419944787 -16.285002970324552
leaf_weight=9155898.4910984039 33 152058.16514587402 21 27 27 56 33 25 28 28 28 31 4744.0014400482178 323 63 23 30 2001.0005760192871 486 1961.0017280578613 27 24 568.00028800964355 173 10571.003168106079 63204.036846160889 10635.006425857544 582.00028800964355 893.00057601928711 42 45 77 49 52 72 27 35 23 2105.0021057128906 243880.58724594116 3275.0023937225342 1443.0011520385742 1046.0002880096436 24 24 25 311.00028800964355 11768.00527381897 1935.0011520385742 129 1069 6095.0037441253662
leaf_count=2577712 33 148103 21 27 27 56 33 25 28 28 28 31 4709 323 63 23 30 1987 486 1919 27 24 561 173 10494 62315 10481 575 879 42 45 77 49 52 72 27 35 23 2056 229642 3219 1415 1039 24 24 25 304 11642 1907 129 1069 6004
internal_value=0.418543 0.402813 173.593 282.879 8.84076 249.758 161.671 -216.273 292.947 65.0478 352.967 434.535 13.1871 0.160884 103.417 321.941 201.05 15.3226 39.2312 5.48475 25.9251 39.4647 -30.2566 34.7269 2.69857 14.6593 22.8802 -2.02568 31.8529 -3.38393 89.3229 65.5884 175.154 17.2949 131.001 14.0833 -108.587 207.953 2.83715 3.10936 31.5696 28.2211 -49.9238 438.358 514.43 591.476 81.6974 13.0509 -13.3213 0.494953 -1.175 -9.79354
internal_weight=9.67815e+06 9.67727e+06 879 438 269728 417 225 58 167 441 192 136 117670 9.40755e+06 90 108 53 92127.1 2487 25543 3064 2469 595 2445 22479 89640.1 14668 2590 1517 624 408 340 104 236 124 76 112 68 251648 247479 3598 12078 1073 55 77 53 484 74972 4169 2234 17735 7164
internal_count=3080142 3079263 879 438 264275 417 225 58 167 441 192 136 116172 2814988 90 108 53 90888 2473 25284 3008 2420 588 2396 22276 88415 14458 2562 1496 617 408 340 104 236 124 76 112 68 237276 233184 3542 11896 1066 55 77 53 477 73957 4092 2185 17567 7073
is_linear=0
shrinkage=0.231793


Tree=143
num_leaves=53
num_cat=0
split_feature=4 3 16 16 8 4 11 14 16 4 16 14 8 16 8 16 9 8 16 16 8 3 16 16 3 16 14 14 7 9 7 9 8 16 16 3 16 14 16 9 11 8 16 11 16 11 16 3 11 3 16 7
split_gain=4.8693e+09 3.66928e+09 1.20964e+09 1.10116e+09 7.74814e+08 6.95453e+08 1.21399e+09 7.11348e+08 5.18972e+08 4.38305e+08 6.15109e+08 8.96977e+08 5.53852e+08 6.0728e+08 1.27772e+09 2.9366e+08 3.47123e+08 2.93366e+08 2.87162e+08 2.60773e+08 2.52155e+08 4.58876e+08 3.39961e+08 2.38947e+08 2.37886e+08 2.10913e+08 2.79016e+08 2.07685e+08 1.87137e+08 1.4923e+08 1.24926e+08 4.19717e+08 1.24272e+08 1.23628e+08 1.22674e+08 1.11553e+08 1.10648e+08 9.40878e+07 2.00661e+08 3.49637e+08 1.67063e+08 1.21683e+08 9.39823e+07 9.25814e+07 9.22763e+07 8.52229e+07 9.26082e+07 8.16251e+07 7.73545e+07 7.50373e+07 7.4842e+07 7.40272e+07
threshold=0.91397700000000015 0.0017825000000000002 10459.500000000002 1540345.0000000002 0.00086150000000000018 0.92730450000000009 0.00037450000000000005 0.054875500000000008 15860.500000000002 0.71441150000000009 46981.000000000007 0.046726000000000011 0.92513900000000004 5107.0000000000009 0.95254850000000013 69555.000000000015 0.00039350000000000008 0.95254850000000013 2426188.0000000005 2233179.0000000005 0.92074100000000014 0.31883150000000005 2395.0000000000005 109249.00000000001 0.0027465000000000002 134019.50000000003 0.025577000000000006 0.00027550000000000008 0.88436850000000011 0.0099855000000000013 0.16861500000000004 0.00021650000000000003 0.0055660000000000006 161042.00000000003 10728.000000000002 0.9127780000000002 2617.5000000000005 0.00027550000000000008 10295.000000000002 0.00029450000000000006 0.22499750000000004 0.0033555000000000004 169575.50000000003 5.2500000000000009e-05 19373.500000000004 5.9500000000000003e-05 916218.50000000012 0.0035625000000000001 0.24171800000000002 0.0026130000000000003 74482.000000000015 0.010474500000000003
decision_type=2 2 2 2 2 2 2 2 2 2 2 2 2 2 2 2 2 2 2 2 2 2 2 2 2 2 2 2 2 2 2 2 2 2 2 2 2 2 2 2 2 2 2 2 2 2 2 2 2 2 2 2
left_child=1 4 -2 9 27 7 -7 23 -8 20 12 25 -11 17 -15 16 35 -14 32 45 21 24 -22 50 -3 -12 33 -1 -18 36 37 -32 49 -27 -23 -10 -19 41 39 -39 44 47 43 -43 -40 -6 -47 -26 -42 -5 -4 -44
right_child=2 3 5 18 19 6 8 -9 15 10 11 -13 13 14 -16 -17 28 29 -20 -21 22 34 -24 -25 30 26 -28 -29 -30 -31 31 -33 -34 -35 -36 -37 -38 38 40 -41 48 42 51 -45 -46 46 -48 -49 -50 -51 -52 -53
leaf_value=0.014989889079118312 -51.505923633005708 2.9575787856761329 138.12067212417912 -0.90692149341569239 -0.21078164396032703 206.29872104840558 -33.943321727066092 231.0666240686009 125.84952918409871 -70.657868922960304 93.268909097388558 181.71956585101924 -71.720980867761881 157.79884308164048 -31.901913898023988 -5.4149641830187738 -15.031741062204045 46.50860863171637 -2.0877038289120331 -0.87978000313191018 -20.132975008055308 -27.979772275274449 83.261756161747329 49.837978793793425 4.6491544541411836 20.060594755951136 82.185825489745085 24.729591912975149 70.504940763772908 -41.967132800950282 -3.6017226370625499 112.63429393333409 9.1377869609437354 -44.850951346838755 -99.700756773421162 69.539446148121144 3.5274254706257668 11.023886245519574 8.8286132044132657 106.88671063058509 -62.146093095307855 -10.152102813513666 6.36769048192438 4.1109369466513774 -1.5261424747404526 1.930618561303449 1.0666704442342267 -0.19794334978034478 -11.595130151320102 1.8794833285278323 100.44893960317549 10.810791697458816
leaf_weight=9281188.4736156464 29 26801.006336212158 45 4738.0026817321777 13265.076322555542 22 31 22 41 33 23 23 22 35 27 24 21 41 10882.015726089478 23794.041198730469 21 20 39 28 27112.004320144653 34 23 146 23 20 40 20 946 20 21 24 69.000288009643555 89 471 20 26 204 29380.005472183228 4656.0014400482178 1717.0037441253662 107216.05068969727 105942.03628921509 1579.0005760192871 26 33493.010080337524 46 1704.0014400482178
leaf_count=2703562 29 26647 45 4675 11410 22 31 22 41 33 23 23 22 35 27 24 21 41 10539 22821 21 20 39 28 27007 34 23 146 23 20 40 20 946 20 21 24 62 89 471 20 26 204 29247 4621 1626 105984 105060 1565 26 33248 46 1669
internal_value=0.0985467 0.0957267 76.7385 3.37482 0.046058 88.1173 61.7979 122.83 42.3992 4.69339 27.2046 65.0677 8.34779 20.5346 75.1887 60.1962 74.645 -1.76159 0.890518 1.18405 4.60473 4.57758 47.0702 102.801 4.60787 38.2208 21.7645 0.0153787 29.6875 10.0823 5.26757 35.1541 1.71777 -3.98212 -64.7247 105.07 19.5511 5.2408 1.1665 28.6191 -0.169663 5.38886 6.19224 3.5122 0.702872 1.40093 1.50123 4.38239 -36.876 1.53416 119.09 6.61126
internal_weight=9.67628e+06 9.67593e+06 356 144375 9.53155e+06 327 186 141 164 94316 370 123 247 214 62 133 109 152 50059 250217 93946 93886 60 119 93845 100 77 9.28133e+06 44 130 67044 60 39177 54 41 65 110 66984 2349 109 2240 64635 35944 4860 2188 226423 213158 28691 52 38231 91 31084
internal_count=3092489 3092133 356 143150 2948983 327 186 141 164 93742 363 123 240 207 62 133 109 145 49408 245275 93379 93319 60 119 93278 100 77 2703708 44 123 66631 60 38869 54 41 65 103 66571 2258 109 2149 64313 35741 4825 2097 222454 211044 28572 52 37923 91 30916
is_linear=0
shrinkage=0.020724


Tree=144
num_leaves=53
num_cat=0
split_feature=7 9 16 1 9 16 16 16 16 16 9 9 16 9 16 16 9 9 9 16 16 11 11 14 11 9 16 14 7 16 7 16 6 16 16 5 9 10 11 16 14 16 7 7 11 16 9 5 16 16 14 7
split_gain=2.62706e+08 2.45448e+08 2.38759e+08 2.03105e+08 1.9786e+08 2.7786e+08 2.57887e+08 5.18981e+08 2.46327e+08 1.66147e+08 1.65486e+08 4.28007e+08 3.18647e+08 1.62263e+08 1.0661e+08 1.46577e+08 2.95854e+08 1.3369e+08 1.78244e+08 1.72505e+08 1.33754e+08 7.65702e+07 2.17737e+08 1.19137e+08 8.30208e+07 7.80044e+07 6.35276e+07 6.56524e+07 1.20466e+08 6.62059e+07 6.59506e+07 5.39625e+07 5.06009e+07 5.48814e+07 5.00104e+07 9.65757e+07 6.07959e+07 8.62664e+07 5.95658e+07 4.80393e+07 4.64588e+07 4.35853e+07 4.35427e+07 4.13906e+07 4.02313e+07 4.55117e+07 4.84161e+07 4.01101e+07 5.95202e+07 4.10284e+07 4.00886e+07 3.94616e+07
threshold=0.16861500000000004 0.010637000000000002 2313.5000000000005 0.0010065000000000002 0.0087840000000000019 5427.0000000000009 13173.500000000002 10728.000000000002 16001.500000000002 2267648.0000000005 0.0070025000000000009 0.0015215000000000003 39860.000000000007 0.011476000000000002 8067.0000000000009 2684.0000000000005 0.0003765000000000001 0.00018650000000000003 0.00036350000000000005 5206.5000000000009 5165.0000000000009 0.00037250000000000006 0.00037950000000000006 0.054875500000000008 0.00038850000000000006 0.0007195000000000002 1084134.0000000002 2.5000000000000002e-06 0.00058450000000000006 705899.50000000012 0.0010645000000000001 545078.50000000012 0.00064450000000000011 329963.00000000006 119804.00000000001 0.00058050000000000018 0.00016850000000000003 0.00018450000000000001 0.0011270000000000002 102029.50000000001 3.6500000000000006e-05 71837.500000000015 0.00062450000000000016 0.0005105000000000001 0.00022750000000000003 157186.50000000003 4.9500000000000004e-05 0.0094460000000000013 10243.500000000002 4225.0000000000009 3.5000000000000004e-06 0.0012185000000000002
decision_type=2 2 2 2 2 2 2 2 2 2 2 2 2 2 2 2 2 2 2 2 2 2 2 2 2 2 2 2 2 2 2 2 2 2 2 2 2 2 2 2 2 2 2 2 2 2 2 2 2 2 2 2
left_child=3 2 -2 -1 6 -6 7 14 -8 26 11 21 -12 -3 15 16 -4 19 -19 -17 -20 23 -23 41 -24 -26 27 34 31 32 -31 39 33 -30 35 43 37 -37 -39 -29 -28 -10 -34 -5 45 46 -44 49 -49 -46 51 -11
right_child=1 13 4 9 5 -7 8 -9 10 50 12 -13 -14 -15 -16 17 -18 18 20 -21 -22 22 24 -25 25 -27 40 28 29 30 -32 -33 42 -35 -36 36 -38 38 -40 -41 -42 -43 44 -45 47 -47 -48 48 -50 -51 -52 -53
leaf_value=0.10802469640628359 -633.45046167094654 -809.1481337193477 720.47302929431339 46.527028222900626 1109.4601732425251 145.12726516997054 896.42250810460268 -1139.6217848291558 416.75697774941835 -7.4055872560415468 -908.36691721223121 1140.2723500121683 266.5506053101048 69.777126725081629 552.78482387059751 -816.10913420641225 -139.96192023465204 614.0699101967848 140.42996495191377 1.9864276399510492 -489.5677861232021 854.98993591065437 -252.09987887654384 -366.55135564727181 257.58291113415055 -219.16619889443069 3.6819173768277946 -247.34250457111614 -8.4804783165653923 -21.81427589577422 32.610988626219616 19.36835644240508 62.973290988339386 -186.81012867185314 3.881550206504663 19.735103781063209 6.6576396589146345 -112.83834273099657 309.2535464712563 40.499214930882999 58.362138617526767 -19.624552061406959 -54.62483197197281 123.77679691242572 -129.3639568054686 43.727139232049332 26.516413895685965 211.14221103513205 19.948834029798597 -3.035866008964756 -22.624503974709572 30.243256051107767
leaf_weight=9408838.0658073425 20 24 39 2063.0008640289307 28 37 29 21 26 16749.032501220703 20 27 32 21 21 28 47 22 41 27 32 28 22 31 215 20 99954.059329986572 31 229 1380.0008640289307 8536.0034561157227 15386.007488250732 660 154 57269.039745330811 258 10305.010944366455 21 118 12500.00489616394 836.00057601928711 23 653.00028800964355 451.00057601928711 138 2489.0040321350098 983.00115203857422 90 2491.0008640289307 21651.006048202515 9381.0062274932861 1630.0008640289307
leaf_count=2816770 20 24 39 2042 28 37 29 21 26 16007 20 27 32 21 21 28 47 22 41 27 32 28 22 31 215 20 98512 31 229 1359 8452 15204 660 154 56303 258 10039 21 118 12381 822 23 646 437 138 2391 955 90 2470 21504 9234 1609
internal_value=0.297595 126.426 154.717 0.28611 174.046 560.63 140.578 -35.9787 244.348 6.57566 201.733 253.095 -185.395 -398.984 54.2481 9.85742 250.253 -127.974 37.9401 -414.528 -135.743 187.431 243.482 -12.2381 176.819 216.991 8.5431 11.7656 16.9217 8.7053 25.0365 28.5336 3.2228 -80.1893 6.83731 19.6455 10.075 98.7735 245.463 39.7868 4.13548 211.922 4.31863 60.3861 2.96001 24.0563 -5.87016 -0.610843 26.6172 -3.83617 -10.3379 -4.06652
internal_weight=9.67613e+06 881 836 9.67524e+06 816 65 751 278 473 266406 444 392 52 45 257 236 86 150 95 55 73 365 285 80 257 235 238646 137856 67371 39454 9916 27917 29538 383 70485.1 13216 10702 397 139 12531 100790 49 29155 2514 28495 4125.01 1636 24370 2581 21789 27760 18379
internal_count=3079717 881 836 3078836 816 65 751 278 473 262066 444 392 52 45 257 236 86 150 95 55 73 365 285 80 257 235 235216 135882 66664 39048 9811 27616 29237 383 69218 12915 10436 397 139 12412 99334 49 28854 2479 28194 3992 1601 24202 2560 21642 26850 17616
is_linear=0
shrinkage=0.230991


Tree=145
num_leaves=53
num_cat=0
split_feature=3 3 3 13 15 14 11 3 1 14 14 3 14 15 6 1 6 14 3 14 6 11 15 11 6 14 11 11 11 13 1 14 6 14 15 3 14 13 15 10 13 3 14 13 14 13 14 10 15 13 6 14
split_gain=1.88305e+10 1.35608e+10 2.95946e+09 1.1911e+09 2.06942e+09 1.12325e+09 1.31522e+09 8.82078e+08 8.7849e+08 5.33136e+08 4.70419e+08 3.92563e+08 3.64503e+08 3.34373e+08 3.74694e+08 2.51553e+08 2.26724e+08 2.82032e+08 2.59632e+08 1.90854e+08 1.90563e+08 1.04241e+09 1.8919e+08 1.88034e+08 1.73257e+08 1.61583e+08 1.40751e+08 4.09541e+08 4.93417e+08 5.5948e+08 1.53336e+08 1.38877e+08 1.25067e+08 1.0904e+08 1.08327e+08 9.41728e+07 9.06864e+07 8.44113e+07 7.5521e+07 7.36944e+07 7.00106e+07 9.24107e+07 1.11805e+08 6.88033e+07 6.24904e+07 5.89269e+07 5.84614e+07 5.37393e+07 5.25393e+07 5.12402e+07 4.82999e+07 4.7324e+07
threshold=0.75452300000000017 0.0017620000000000003 0.00040450000000000007 -0.16861499999999999 0.041114000000000005 0.010433000000000001 0.94009900000000013 0.9127780000000002 0.91422250000000005 0.019083500000000003 0.046726000000000011 0.0026005000000000004 0.054875500000000008 0.033185500000000007 0.89377350000000011 0.92514000000000018 0.0047330000000000002 0.00037100000000000007 0.010999000000000002 0.0079820000000000012 0.49003550000000001 0.00041650000000000004 0.050302500000000007 3.6500000000000006e-05 0.89377350000000011 0.013005500000000001 0.00037850000000000009 0.00040950000000000009 0.94009900000000013 -0.57580599999999993 0.67893700000000012 2.4500000000000003e-05 0.9135660000000001 5.5000000000000007e-06 5.1500000000000005e-05 4.1500000000000006e-05 4.500000000000001e-06 0.00022150000000000004 0.037011000000000009 0.0010965000000000005 0.0020070000000000005 0.0042520000000000006 6.5000000000000013e-06 -0.0050349999999999987 7.5000000000000002e-06 0.00049950000000000005 0.00082200000000000014 7.2500000000000014e-05 0.00013950000000000003 0.0025550000000000004 4.250000000000001e-05 0.00019300000000000003
decision_type=2 2 2 2 2 2 2 2 2 2 2 2 2 2 2 2 2 2 2 2 2 2 2 2 2 2 2 2 2 2 2 2 2 2 2 2 2 2 2 2 2 2 2 2 2 2 2 2 2 2 2 2
left_child=1 2 35 4 12 19 7 8 13 25 15 37 -3 -7 22 -11 31 18 33 -2 21 -14 -15 46 -12 -10 -22 30 29 -29 -28 36 -8 -18 43 50 -13 -5 -30 -39 -38 42 49 -35 -43 51 -4 -20 -49 -42 -1 -25
right_child=5 3 23 11 -6 6 32 -9 9 10 24 16 20 14 -16 -17 17 -19 47 -21 26 -23 -24 45 -26 -27 27 28 38 -31 -32 -33 -34 34 -36 -37 40 39 -40 -41 41 44 -44 -45 -46 -47 -48 48 -50 -51 -52 -53
leaf_value=-0.081364766171784217 11.955385302294676 129.62278063959852 -0.97343162158987162 5.1329143599058176 284.46345212338764 109.30026461659554 23.276038142206168 107.22122470257715 141.4901489959181 313.71692865106837 298.59874169979321 8.742375684999999 139.59551292296482 324.76547835107169 128.00678515004006 429.28050649011175 6.0887266118830805 1.589963362711051 20.424905633589631 115.47678251839399 107.30818055739397 -102.04536766750928 205.87977730204852 3.0841774291327018 204.48378958306043 242.74297291974364 12.082998319825187 201.71910409790769 32.060247673235779 25.130216235710467 -89.367756846237171 3.728500456017585 118.36637137300556 19.38681432949787 5.9437692736009708 0.35024981593807586 9.0971641835858748 5.1700674554996198 -27.916422193308758 12.169819381227923 16.472637297322603 6.5198719712691586 17.58797416483463 11.678828028408853 12.405932063598044 7.0060295889808106 16.517296813718673 32.75751953678575 3.2586487228506571 10.921811474570202 2.4962751078210785 41.111670663246002
leaf_weight=8781254.0545539856 27 35 11130.049249649048 24010.005849838257 32 40 29 48 21 34 40 60380.024942398071 24 23 27 31 1411.0020160675049 1380.0020160675049 754 35 25 42 23 267778.17952156067 29 38 25 34 124 28 26 3744.002592086792 20 3207.0014400482178 906.00028800964355 459211.5067653656 17292.005849838257 2226.0009536743164 21 3054.0005760192871 1604.0002880096436 4326.0014400482178 3212 1435.0002880096436 2401.0008640289307 3327.0027713775635 166.00086402893066 858 55 12662.005453109741 6227.0285129547119 28
leaf_count=2286567 27 35 9933 23870 32 40 29 48 21 34 40 59813 24 23 27 31 1362 1331 754 35 25 42 23 263515 29 38 25 34 124 28 26 3681 20 3172 899 398932 17152 2205 21 3040 1597 4291 3212 1428 2380 3264 145 858 55 12536 5534 28
internal_value=0.176142 0.167194 0.0319172 9.03693 58.4718 186.349 204.189 223.854 242.146 280.084 312.364 8.89502 39.631 177.332 214.587 368.884 9.66143 13.8707 15.8353 70.4113 30.6015 -14.1608 265.374 2.98214 259.079 206.736 41.0417 34.6157 52.912 121.982 -39.636 9.26267 62.1177 13.351 15.1979 -0.0581939 9.46605 5.86947 23.3716 9.21882 10.519 11.5348 12.6563 17.0041 8.62076 3.13623 -0.716366 26.2063 30.9805 11.5459 -0.0795382 3.08816
internal_weight=9.67492e+06 9.67445e+06 9.52912e+06 145333 416 465 403 354 306 193 134 144917 384 113 73 65 115627 10006 8626 62 349 66 46 282429 69 59 283 258 207 62 51 105621 49 6959 5548 9.24669e+06 101877 29290 145 5280 41497 24205 17478 4642 6727 271133 11296.1 1667 913 14266 8.78748e+06 267806
internal_count=3112435 3111970 2967918 144052 416 465 403 354 306 193 134 143636 384 113 73 65 114521 9859 8528 62 349 66 46 276885 69 59 283 258 207 62 51 104662 49 6861 5499 2691033 100981 29115 145 5245 41168 24016 17345 4600 6671 266807 10078 1667 913 14133 2292101 263543
is_linear=0
shrinkage=0.0292575


Tree=146
num_leaves=53
num_cat=0
split_feature=1 1 16 16 13 11 14 13 9 7 16 15 15 9 16 16 11 11 16 11 16 16 16 16 16 16 16 13 14 13 11 16 9 16 16 14 16 11 11 16 13 14 16 9 9 14 13 13 9 16 11 7
split_gain=6.34103e+09 4.16112e+09 2.09306e+09 1.15815e+09 1.23109e+09 9.03813e+08 8.35151e+08 6.67181e+08 6.43172e+08 5.31962e+08 4.21766e+08 4.66604e+08 6.82808e+08 5.69795e+08 8.00037e+08 6.42573e+08 3.44957e+08 5.7078e+08 5.3377e+08 3.6135e+08 3.41273e+08 4.00729e+08 2.95615e+08 2.64827e+08 2.42522e+08 2.13825e+08 1.73484e+08 1.69912e+08 2.99225e+08 1.51939e+08 1.49301e+08 4.98385e+08 3.98197e+08 3.23277e+08 2.45767e+08 6.10906e+08 4.04306e+08 1.41664e+08 1.36786e+08 1.12654e+08 1.6458e+08 1.34145e+08 1.00996e+08 9.78084e+07 9.07496e+07 8.83113e+07 1.22296e+08 8.24175e+07 8.0017e+07 7.92948e+07 7.90737e+07 7.87141e+07
threshold=0.67893700000000012 0.0010065000000000002 5406.0000000000009 1783040.5000000002 0.00030250000000000009 0.94009900000000013 0.014463000000000002 -0.0028649999999999995 0.00018650000000000003 0.00032150000000000006 182527.00000000003 0.037011000000000009 0.00017550000000000001 0.0071595000000000009 47511.500000000007 39860.000000000007 0.00037550000000000002 0.00040950000000000009 18577.000000000004 0.00036650000000000002 5073.0000000000009 5217.5000000000009 1924838.0000000002 1000490.5000000001 2339312.0000000005 27721.500000000004 136200.50000000003 -0.0023204999999999992 2.2500000000000001e-05 0.0022735000000000003 0.22499750000000004 24713.500000000004 0.0020215000000000003 2664.0000000000005 2654.5000000000005 0.025577000000000006 9849.5000000000018 7.6500000000000016e-05 0.24171800000000002 172213.50000000003 -0.0089794999999999996 5.5000000000000007e-06 729885.00000000012 0.00054050000000000007 0.0075360000000000002 3.1500000000000007e-05 -0.0039999999999999992 0.0028550000000000003 2.7500000000000001e-05 440918.00000000006 0.96218650000000017 0.0081390000000000021
decision_type=2 2 2 2 2 2 2 2 2 2 2 2 2 2 2 2 2 2 2 2 2 2 2 2 2 2 2 2 2 2 2 2 2 2 2 2 2 2 2 2 2 2 2 2 2 2 2 2 2 2 2 2
left_child=1 9 8 4 7 6 26 30 -2 -1 11 12 16 14 -13 -15 19 18 -18 -8 50 -22 27 29 51 -19 -4 28 -11 49 39 32 34 -34 -32 36 -36 -29 -38 45 -41 -42 -39 -16 -7 46 -3 -25 -9 -6 -10 -5
right_child=2 3 5 24 23 44 10 48 20 22 -12 13 -14 15 43 -17 17 25 -20 -21 21 -23 -24 47 -26 -27 -28 37 -30 -31 31 -33 33 -35 35 -37 38 42 -40 40 41 -43 -44 -45 -46 -47 -48 -49 -50 -51 -52 -53
leaf_value=0.037510438766595405 -104.38855984831737 10.576871764990146 81.101658909687558 1.3553945494600883 8.4133819543714043 -34.816032993794643 105.633837014965 5.4951484996030313 -49.879878168993592 12.24063876237938 19.787853641467329 355.4727304159444 -21.336736604147884 28.504529668201808 144.96311076045569 195.52868186756868 -42.995815652614482 227.86654147888487 108.5771147109032 225.67368697878149 146.11206991218523 -3.5515906307481218 -1.1161857980576542 4.3215698532356281 -1.8018706067812504 121.93009691864189 16.753352187331856 -0.34391312511065703 -0.18144993995136599 10.092230926237168 -37.370225908418284 112.99361352646102 5.1327817704702898 -110.35848913443502 114.71542368203977 163.34041158193574 -52.73215386757613 3.0654538100951729 19.596748555933978 14.701276650526095 -0.68133600786036497 8.1318857493119996 1.4915304787209864 212.58678842810363 31.103501805431982 0.23569040532544849 0.63376513329750694 7.3539495812767539 2.047857889627299 5.0885926875392933 11.46213921635715 16.639507711315765
leaf_weight=9262433.5954246521 34 1998.0005760192871 57 40858.019584655762 9541.0008640289307 21 27 4394.0002880096436 28 2684.0005760192871 20 20 21 28 35 30 23 21 40 38 23 22 22126.025793075562 19506.002880096436 22557.02632522583 28 49 16152.067682266235 2235.0046081542969 18067.001440048218 24 36 39 25 22 24 27 45584.023040771484 42 2150.0002880096436 1235.0005760192871 9009.0031681060791 58603.013427734375 22 35 2232.00124168396 1274.0002880096436 7928.0002880096436 116707.04118537903 8558.0008640289307 25 213
leaf_count=2681853 34 1984 57 40382 9520 21 27 4387 28 2670 20 20 21 28 35 30 23 21 40 38 23 22 21510 19436 21976 28 49 14507 2123 18032 24 36 39 25 22 24 27 45024 42 2143 1221 8932 58281 22 35 2204 1267 7921 115706 8537 25 213
internal_value=0.154057 0.148808 78.6582 3.23918 4.16516 101.495 113.099 2.84474 -10.4301 0.0612954 131.635 138.353 113.83 174.31 219.029 114.919 129.869 103.182 53.2417 175.831 22.1724 72.9507 1.55607 7.05591 0.287268 167.364 51.3627 2.02811 6.59651 8.46532 7.33038 27.0197 11.7673 -39.9873 35.5989 50.8325 21.1427 1.84137 -8.70691 7.06744 8.3933 7.06937 2.18016 171.099 6.38538 4.08182 6.70542 5.19789 2.17294 6.84129 -20.9429 1.43467
internal_weight=9.67693e+06 9.67628e+06 647 266466 202838 515 459 139238 132 9.40982e+06 353 333 198 135 77 58 177 112 63 65 98 45 147384 63600 63628 49 106 125258 4919.01 36166 18137 239 203 64 139 115 91 120339 69 17898 12394 10244 104187 57 56 5504 3272 27434 121101 18099 53 41071
internal_count=3090715 3090068 647 264100 201529 515 459 138083 132 2825968 353 333 198 135 77 58 177 112 63 65 98 45 144115 63446 62571 49 106 122605 4793 36089 17990 239 203 64 139 115 91 117812 69 17751 12296 10153 103305 57 56 5455 3251 27357 120093 18057 53 40595
is_linear=0
shrinkage=0.0250778


Tree=147
num_leaves=53
num_cat=0
split_feature=5 8 16 2 16 7 4 11 16 16 2 16 16 4 11 9 2 2 16 16 16 16 16 11 15 11 8 9 2 11 16 7 8 16 11 8 7 8 8 11 11 16 2 15 16 8 16 7 7 16 7 16
split_gain=3.55318e+10 2.54184e+10 6.99821e+09 6.04364e+09 5.24168e+09 2.96517e+09 2.65919e+09 2.30115e+09 2.11888e+09 2.42551e+09 1.3267e+09 1.28454e+09 9.29612e+08 1.2874e+09 2.1883e+09 1.02755e+09 8.53294e+08 6.97052e+08 6.67443e+08 5.79374e+08 4.51094e+08 6.31206e+08 4.47176e+08 1.40933e+09 4.29098e+08 4.31372e+08 3.90334e+08 3.53425e+08 3.05587e+08 3.03531e+08 5.21779e+08 4.63499e+08 5.48297e+08 2.91343e+08 2.85236e+08 2.48334e+08 2.14109e+08 1.94826e+08 3.36238e+08 3.03763e+08 1.90532e+08 1.71225e+09 3.75721e+08 2.43908e+08 2.37844e+08 2.19211e+08 1.81547e+08 1.75877e+08 1.70049e+08 1.58819e+08 1.57017e+08 1.45907e+08
threshold=0.67893700000000012 0.0023095000000000004 10459.500000000002 0.00042050000000000003 1866085.5000000002 0.91149700000000011 0.91397700000000015 0.94009900000000013 49451.500000000007 131148.00000000003 0.0024175000000000004 1731123.0000000002 82667.500000000015 0.92730450000000009 0.00037550000000000002 0.00020650000000000003 0.90392850000000002 0.90392850000000002 2304769.5000000005 1430526.0000000002 5406.0000000000009 7870.0000000000009 5217.5000000000009 0.94009900000000013 6.5000000000000013e-06 0.0084700000000000018 0.0032375000000000004 0.00042950000000000009 0.0016135000000000001 5.9500000000000003e-05 143441.50000000003 0.00047950000000000005 0.00097250000000000017 70903.000000000015 0.00018050000000000002 0.0055660000000000006 0.0038945000000000004 0.92074100000000014 0.018418500000000004 0.00041350000000000008 0.22499750000000004 24713.500000000004 0.12471650000000002 0.00010750000000000001 10728.000000000002 0.0058025000000000012 859899.00000000012 0.0015555000000000002 0.010948500000000002 2654.5000000000005 0.0012875000000000002 195494.50000000003
decision_type=2 2 2 2 2 2 2 2 2 2 2 2 2 2 2 2 2 2 2 2 2 2 2 2 2 2 2 2 2 2 2 2 2 2 2 2 2 2 2 2 2 2 2 2 2 2 2 2 2 2 2 2
left_child=1 3 20 -1 10 6 8 12 -4 -10 28 29 13 16 -15 -16 -8 -11 35 24 22 -22 23 -2 26 -26 -12 33 47 -5 31 32 -31 -7 51 -6 -21 38 48 -39 43 42 -42 45 49 -27 -32 -3 -28 -44 -36 -30
right_child=2 4 5 11 18 27 7 -9 9 17 19 -13 -14 14 15 -17 -18 -19 -20 36 21 -23 -24 -25 25 40 37 -29 34 30 46 -33 -34 -35 50 -37 -38 39 -40 -41 41 -43 44 -45 -46 -47 -48 -49 -50 -51 -52 -53
leaf_value=-0.12145373353045041 177.37919814092663 -1.792943134621527 -34.554222350774545 -0.34732189847551659 4.5547439897737041 176.52212554169049 496.45578073136687 90.248252969718394 347.61068513217282 189.80761465295663 12.954218701014234 0.38914993974999246 221.53758206658998 443.58388335126403 127.75112500471424 301.37950337826993 340.13281803764011 53.645294369996449 -1.264533074840918 9.2179155524392193 185.69704980011721 15.401133258371644 -45.439786335593695 -7.2014435866042081 6.7300468434870968 9.7626781676330996 16.679625950682237 28.153752557420695 -3.2804561580653222 5.4746173857985383 4.3298008795197509 5.4887916804020813 19.875804676285231 73.414671611883236 12.802326661372021 20.725598476640176 20.786255376267551 96.710624113219225 0.99787376148877505 -9.3793709388126487 100.72472691614092 186.60240663796517 -9.4304859761753637 3.6180768457916912 -41.848972487471485 24.069684533623427 2.9872942827056326 5.622921836243953 27.630560713041159 38.979180665622906 5.8977168539047176 18.011781156204201
leaf_weight=9243426.3010044098 29 2344.0043201446533 24 8004.0400333404541 17148.010368347168 26 26 29 35 38 25089.001728057861 66350.137273788452 56 26 38 30 51 36 15957.019470214844 16928.001728057861 23 20 34 68 6570.002592086792 843.00057601928711 29705.002592086792 30 172.00057601928711 2462.002592086792 104348.06365013123 16385.015840530396 2754 28 2059.0002880096436 480.00028800964355 825 36 665.00086402893066 21 21 32 62 689 46 1403 94275.048366546631 4777.0028800964355 714 72 7586.0005760192871 1976.0002880096436
leaf_count=2694837 29 2239 24 7031 16896 26 26 29 35 38 25047 63116 56 26 38 30 51 36 15523 16886 23 20 34 68 6507 829 29642 30 158 2399 102801 16000 2754 28 2052 473 825 36 644 21 21 32 62 689 46 1403 93106 4707 714 72 7572 1969
internal_value=0.125012 0.114022 164.44 -0.02181 9.62488 208.673 234.473 276.263 154.022 195.546 12.1131 3.10486 300.026 325.717 270.593 204.388 392.971 123.586 2.021 13.3114 44.2035 106.506 23.7419 47.995 14.2683 9.97084 15.0125 89.1898 6.809 3.89437 4.04853 7.32145 13.0783 123.08 8.99918 4.99508 9.75553 16.6708 16.5957 57.6236 16.6917 35.9918 12.0041 15.1594 1.64621 18.6999 3.69259 3.18185 16.9367 16.5804 7.37172 16.3067
internal_weight=9.67487e+06 9.67422e+06 647 9.538e+06 136220 473 389 256 133 109 102635 294578 227 171 94 68 77 74 33585 83721 174 43 131 97 65968 9738 56230 84 18914 228228 220224 21601 5216 54 11793 17628 17753 31141 31084 57 3168 233 201 2935 180 2246 198623 7121.01 30419 134 9645 2148
internal_count=3117756 3117109 647 2982044 135065 473 389 256 133 109 102173 287207 227 171 94 68 77 74 32892 83476 174 43 131 97 65765 9661 56104 84 18697 224091 217060 21153 5153 54 11751 17369 17711 31057 31000 57 3154 233 201 2921 180 2232 195907 6946 30356 134 9624 2127
is_linear=0
shrinkage=0.0221741


Tree=148
num_leaves=53
num_cat=0
split_feature=0 8 16 1 16 16 0 15 2 8 16 6 16 16 15 2 16 1 16 16 16 16 16 16 16 16 16 0 15 15 16 16 15 16 0 8 16 2 16 16 15 2 4 8 16 6 16 0 2 16 8 16
split_gain=7.35216e+08 5.8041e+08 3.56924e+08 3.24792e+08 3.16544e+08 1.6745e+08 5.28103e+08 1.56465e+08 1.52493e+08 1.41574e+08 1.22047e+08 1.25257e+08 9.72275e+07 8.65245e+07 7.23936e+07 6.96099e+07 1.70478e+08 2.82897e+08 1.1554e+08 1.14345e+08 1.39165e+08 2.63108e+08 1.48011e+08 1.47881e+08 1.44831e+08 9.33743e+07 1.01486e+08 1.11385e+08 8.27089e+07 6.72909e+07 1.67846e+08 6.54984e+07 6.49919e+07 5.42798e+07 4.83975e+07 5.03179e+07 4.22052e+07 3.82638e+07 3.66948e+07 1.02823e+08 1.40367e+08 5.44155e+07 3.60977e+07 4.57461e+07 3.41551e+07 3.32219e+07 4.91139e+07 5.09002e+07 3.68676e+07 8.87066e+07 2.78655e+07 3.7605e+07
threshold=0.91397700000000015 0.0025255000000000004 10459.500000000002 0.91422250000000005 1898489.0000000002 23612.500000000004 0.95752500000000007 0.044856500000000007 0.90392850000000002 0.00077450000000000012 38163.000000000007 0.94509250000000011 1753885.5000000002 82667.500000000015 0.00016050000000000003 0.17539850000000004 24713.500000000004 0.67893700000000012 157914.00000000003 8149.5000000000009 5165.0000000000009 5239.5000000000009 5366.5000000000009 4773.5000000000009 2664.0000000000005 2617.5000000000005 2313.5000000000005 0.71441150000000009 0.00028500000000000004 0.033185500000000007 4995.0000000000009 9558.5000000000018 0.0019730000000000004 2426188.0000000005 1.0000000180025095e-35 0.0036275000000000005 1502759.0000000002 0.90392850000000002 155404.50000000003 10728.000000000002 0.0011290000000000002 0.11202550000000001 0.0029580000000000001 0.0089300000000000022 2600606.5000000005 0.00045750000000000006 17693.500000000004 0.00068950000000000012 0.00051350000000000018 135071.00000000003 0.0011085000000000003 17497.000000000004
decision_type=2 2 2 2 2 2 2 2 2 2 2 2 2 2 2 2 2 2 2 2 2 2 2 2 2 2 2 2 2 2 2 2 2 2 2 2 2 2 2 2 2 2 2 2 2 2 2 2 2 2 2 2
left_child=1 9 -2 7 15 6 -5 -4 -7 -1 -10 13 45 -12 -13 31 19 -18 28 20 23 -22 -23 24 25 26 -17 -28 -19 30 -25 -3 -21 -6 -33 36 -36 -30 39 40 -37 42 -41 -44 -14 46 47 -11 -48 -50 -47 -52
right_child=2 4 3 5 33 8 -8 -9 10 12 11 14 44 -15 -16 16 17 18 -20 32 21 22 -24 29 -26 -27 27 -29 37 -31 -32 34 -34 -35 35 38 -38 -39 -40 41 -42 -43 43 -45 -46 50 48 -49 49 -51 51 -53
leaf_value=-0.047508164545703876 -579.23857260540569 -36.667638247823398 1881.8893500658701 -1223.618059241958 3.1704863474668512 1049.8330551461038 890.17184174823103 742.86122468740018 -308.68202074060395 44.727288612330199 865.74858708449335 358.61036864692545 -1.6573521978903065 360.11002664358153 -360.47965308453752 -425.3490156104973 1436.7261498428052 -78.382675058343708 -140.03404948816694 -23.748176819119088 1317.8863418165352 -450.62000406998027 619.73562106812608 -42.8958919577343 729.42083172956802 -477.50679343954567 15.581221738720394 772.71231806307355 896.87112468203429 8.2278721135899477 -1174.6284375138659 -18.616039013739698 -609.19903078820062 -23.534810810806167 29.529484457465522 31.161220325911767 9.7423894550953545 421.65865864274997 45.200943745897646 -21.462737944171725 902.85165351779506 -110.09326320788934 63.998871752309498 -10.143669003621016 -26.296719926156221 -1.0609714031859394 -5.1694757878754736 212.15015682671066 69.308297510081388 14.17512245634838 -13.905074229583242 10.566046080426473
leaf_weight=9273490.3172359467 29 1377.0002880096436 21 21 20598.012672424316 39 22 23 20 692.00028800964355 70 35 52844.080867767334 55 20 21 21 20 46 34.000288009643555 23 24 23 26 33 27 43 30 27 31 22 1857.0048961639404 35 10430.015853881836 49444.016704559326 42 12233.004985809326 36 25547.009792327881 1350.0011520385742 28 312 2090.0005760192871 1187.0002880096436 5667.0035266876221 29847.02188873291 7995.0691223144531 217 2774.0008640289307 61822.028512954712 6029.0244808197021 108916.04473114014
leaf_count=2675444 29 1370 21 21 20290 39 22 23 20 685 70 35 50933 55 20 21 21 20 46 27 23 24 23 26 33 27 43 30 27 31 22 1738 35 10073 49038 42 12114 36 25309 1322 28 312 2076 1180 5590 29315 6315 217 2753 61129 5434 107831
internal_value=0.438432 0.422509 434.471 524.691 20.6772 405.741 -142.114 1286.74 504.321 0.153126 397.891 476.428 6.87478 643.313 97.0968 29.2379 139.08 410.51 243.335 29.6215 109.423 482.306 73.1978 -2.61425 169.476 16.7027 158.71 326.804 455.811 -338.075 -561.747 28.6372 -320.752 -5.80641 29.593 30.5636 25.6049 625.435 40.5727 16.9672 379.879 11.8219 20.0432 37.1425 -4.04379 9.8014 15.0239 84.6982 14.1514 16.5428 7.15031 9.28249
internal_weight=9.67767e+06 9.67731e+06 355 326 127017 282 43 44 239 9.55029e+06 200 180 276803 125 55 95989 522 150 129 372 303 70 47 233 154 121 94 73 83 79 48 95467 69.0003 31028 94090 92233 61677 63 30556 5009 70 4939 4627 3277 58511.1 218292 73500.1 909 72591.1 64596 144792 114945
internal_count=3071408 3071053 355 326 125407 282 43 44 239 2945646 200 180 270202 125 55 95044 515 150 129 365 303 70 47 233 154 121 94 73 83 79 48 94529 62 30363 93159 91421 61152 63 30269 4960 70 4890 4578 3256 56523 213679 71099 902 70197 63882 142580 113265
is_linear=0
shrinkage=0.301618


Tree=149
num_leaves=53
num_cat=0
split_feature=0 8 11 11 11 7 6 8 11 15 15 11 7 8 0 11 8 6 15 11 0 11 15 6 15 11 7 6 11 15 8 15 11 8 0 15 15 7 11 7 10 6 7 8 15 7 0 8 15 8 2 4
split_gain=3.07162e+08 2.46741e+08 1.0575e+08 1.07159e+08 1.46298e+08 1.24823e+08 1.11122e+08 1.01505e+08 8.60443e+07 1.0397e+08 8.64799e+07 8.30873e+07 6.5325e+07 6.05511e+07 3.88664e+07 1.03315e+08 8.33894e+07 8.28542e+07 5.00025e+07 7.13681e+07 5.61145e+07 4.43805e+07 4.00679e+07 3.51922e+07 3.37715e+07 8.50214e+07 3.36463e+07 4.06145e+07 2.6099e+07 2.46618e+07 2.36438e+07 3.27372e+07 1.58062e+08 9.87389e+07 5.24843e+07 3.20159e+07 3.14897e+07 2.72098e+07 2.35663e+07 2.34296e+07 3.98323e+07 7.7379e+07 5.52753e+07 3.96197e+07 3.43418e+07 3.01221e+07 2.99299e+07 4.63775e+07 2.64135e+07 2.73102e+07 2.57715e+07 3.98841e+07
threshold=0.91397700000000015 0.0010285000000000001 0.00037050000000000006 0.00040950000000000009 0.94009900000000013 0.88436850000000011 0.9135660000000001 0.96228150000000012 0.048826500000000002 0.052034500000000004 0.049698500000000007 0.00037950000000000006 0.93469650000000015 0.0031835000000000001 0.71441150000000009 0.00037450000000000005 0.95254850000000013 0.89377350000000011 0.033185500000000007 0.00041150000000000003 0.8177930000000001 0.91575650000000008 0.044856500000000007 0.9135660000000001 0.00010750000000000001 0.10738600000000002 0.00054050000000000007 0.00061050000000000004 0.00072350000000000008 0.050302500000000007 0.0046900000000000006 0.0011620000000000003 0.21395850000000002 0.92074100000000014 0.23513350000000002 0.0010395000000000003 0.0013045000000000003 0.0049065000000000003 0.96218650000000017 0.00074650000000000009 0.00032550000000000011 0.0014000000000000002 0.0010975000000000002 0.0013935000000000002 2.5000000000000002e-06 0.0022465000000000007 0.00046450000000000007 0.0029295000000000002 4.500000000000001e-06 0.0017580000000000002 0.0014555000000000002 0.00019550000000000001
decision_type=2 2 2 2 2 2 2 2 2 2 2 2 2 2 2 2 2 2 2 2 2 2 2 2 2 2 2 2 2 2 2 2 2 2 2 2 2 2 2 2 2 2 2 2 2 2 2 2 2 2 2 2
left_child=1 -1 -2 5 6 11 8 -6 -5 10 -10 -4 -7 39 26 -16 17 21 19 -18 38 22 -17 29 -8 -26 -15 28 -28 -19 37 32 33 34 35 -32 -33 -29 -21 -3 41 45 44 -42 -43 -41 47 48 49 -44 -45 -52
right_child=2 13 3 4 7 12 24 -9 9 -11 -12 -13 -14 14 15 16 18 23 -20 20 -22 -23 -24 -25 25 -27 27 30 -30 -31 31 36 -34 -35 -36 -37 -38 -39 -40 40 43 42 46 50 -46 -47 -48 -49 -50 -51 51 -53
leaf_value=-0.0082362899019250268 667.66848356090236 7.1557317502072131 0.079201510771638284 1088.2395275348824 -433.73743893948625 485.21617428055907 -92.786190033794398 263.30426018288762 595.83815832370237 888.23041133386459 -164.85931538145996 -736.66097071666945 -91.77526719300181 18.87403406191876 -473.33909263202702 344.17219092367753 -265.11887195221055 -227.37682198952515 -254.98615095280164 -103.67605372055677 549.25875112469851 194.45986045523424 753.07565535927915 265.63398307697673 736.17910756422566 97.20879254607928 -9.996131543873604 7.0320934480550816 -74.736587572009654 126.16945077012068 22.809853394297004 -257.7028205624585 716.68161197297877 526.08179768268087 -387.22605442102372 -282.73481257204463 -19.11885737354001 -56.94080923268897 244.88470574504893 -2.9132983244522914 -18.076279792582937 405.03580420463118 461.52969064074472 7.7452011297226377 42.304452491196635 -133.4913814501478 26.956150745755114 30.763537899062321 -78.710150163763004 160.97517462700262 -18.877439883259594 1.4952781780872579
leaf_weight=9347686.2896766663 35 162815.16644477844 20 20 27 29 20 29 20 25 20 21 24 36512.02320098877 20 36 29 31 42 27 23 46 29 32 20 46 2767.0028800964355 23048.014778137207 491.00028800964355 23 10371.006048202515 39 22 26 21 23 734.00028800964355 454 25 5287.010368347168 7421.0054721832275 44 22 28996.011123657227 29 121 4939.0046977996826 469.00057601928711 28 253 7879.0015296936035 35121.00892829895
leaf_count=2750312 35 158811 20 20 27 29 20 29 20 25 20 21 24 35959 20 36 29 31 42 27 23 46 29 32 20 46 2697 22691 484 23 10224 39 22 26 21 23 727 454 25 5035 7288 44 22 28730 29 121 4827 455 28 253 7844 34904
internal_value=0.245507 0.236663 240.607 194.026 290.238 -38.3051 409.12 -72.7448 618.942 474.387 215.537 -377.299 223.925 7.20979 13.6757 98.1463 131.491 241.332 -16.7167 79.5113 212.813 389.043 526.697 50.6538 201.686 290.936 13.2641 7.87334 -19.7534 -76.765 10.4644 20.2287 24.0255 22.565 21.3073 22.1333 -31.1613 5.79622 63.9064 5.2995 1.96404 16.4174 37.2238 -0.0728211 260.934 -5.83536 34.3632 81.7484 160.659 185.041 1.78288 -2.23765
internal_weight=9.67634e+06 9.67598e+06 356 321 227 94 171 56 85 65 40 41 53 328295 74871 363 343 197 146 104 75 111 65 86 86 66 74508 37996 3258 54 34738 11236 10463 10441 10415 10394 773 23502 52 253424 90609 11192 5784.01 79417 73 5408.01 5711.01 772.001 303 275 71996 43000
internal_count=3072789 3072433 356 321 227 94 171 56 85 65 40 41 53 322121 73730 363 343 197 146 104 75 111 65 86 86 66 73367 37408 3181 54 34227 11082 10316 10294 10268 10247 766 23145 52 248391 89580 10814 5658 78766 73 5156 5585 758 303 275 71478 42748
is_linear=0
shrinkage=0.258782


Tree=150
num_leaves=53
num_cat=0
split_feature=5 3 16 3 14 11 11 16 16 7 3 8 9 5 14 13 11 16 9 16 16 16 9 14 8 16 11 8 16 3 13 16 16 16 16 7 16 14 8 9 14 11 3 5 16 11 11 9 16 9 14 16
split_gain=1.21807e+11 8.87378e+10 2.15866e+10 1.98096e+10 8.21554e+09 6.38471e+09 4.2318e+09 3.35929e+09 2.77214e+09 3.20011e+09 2.26216e+09 2.20063e+09 2.39746e+09 1.68535e+09 1.77638e+09 2.71523e+09 1.53311e+09 1.63074e+09 1.48733e+09 2.916e+09 1.82982e+09 1.46146e+09 1.04412e+09 9.52763e+08 7.66202e+08 7.49508e+08 6.66072e+08 6.50163e+08 6.04486e+08 6.30378e+08 5.71815e+08 5.30558e+08 5.07213e+08 4.99752e+08 4.66177e+08 3.57013e+08 3.3755e+08 3.27577e+08 3.1786e+08 2.97615e+08 2.73698e+08 2.58804e+08 2.40456e+08 2.377e+08 2.24272e+08 2.20349e+08 5.72084e+08 3.8339e+08 7.45103e+08 2.62333e+08 2.08359e+08 2.5301e+08
threshold=0.67893700000000012 0.0021030000000000003 7503.5000000000009 0.00043300000000000006 0.010433000000000001 0.94009900000000013 0.91575650000000008 1775827.0000000002 15860.500000000002 0.93469650000000015 0.0032885000000000002 0.92513900000000004 0.00070650000000000021 0.19902250000000002 0.00019300000000000003 -0.0095559999999999985 0.00037950000000000006 71406.500000000015 0.0075360000000000002 39860.000000000007 74482.000000000015 21550.500000000004 0.00018850000000000006 1.0500000000000003e-05 0.0057200000000000011 128206.00000000001 0.28534100000000007 7.2500000000000014e-05 2074792.5000000002 0.0008135000000000001 0.00022150000000000004 2333019.0000000005 147225.50000000003 18356.500000000004 121452.00000000001 0.00044250000000000002 179821.50000000003 5.6500000000000011e-05 0.0033555000000000004 0.010161500000000002 1.0000000180025095e-35 0.00039950000000000006 0.0024140000000000008 0.00032750000000000005 1183855.0000000002 0.00038550000000000005 0.00041750000000000007 0.0020215000000000003 2654.5000000000005 0.0072820000000000011 3.5000000000000004e-06 117372.50000000001
decision_type=2 2 2 2 2 2 2 2 2 2 2 2 2 2 2 2 2 2 2 2 2 2 2 2 2 2 2 2 2 2 2 2 2 2 2 2 2 2 2 2 2 2 2 2 2 2 2 2 2 2 2 2
left_child=1 3 22 27 32 6 8 10 41 11 23 12 26 14 15 25 17 -13 20 -20 -8 45 -2 42 31 -12 -10 -1 29 40 44 -9 -4 -7 -32 -17 -28 -27 -37 -24 -5 -6 43 -3 -31 -15 -47 48 -48 -49 -44 -52
right_child=2 7 4 28 5 33 18 24 9 -11 13 16 -14 21 -16 35 -18 -19 19 -21 -22 -23 39 -25 -26 37 36 -29 -30 30 34 -33 -34 -35 -36 38 -38 -39 -40 -41 -42 -43 50 -45 -46 46 47 49 -50 -51 51 -53
leaf_value=0.25222745187674767 113.07110023519854 15.754472037673102 136.80380187244205 3.7162806082378288 138.01483062208928 68.449443058590035 498.6761561182621 10.28838966489849 134.49420174121951 144.96076928250153 9.0083062427109244 476.38681435582259 378.93918683858311 12.602881683717904 3.7596377382852566 19.445598494006369 301.59033783938509 313.64972003270594 183.4758694488655 441.09661567856915 320.81219578409997 183.64135712681991 5.099878311828558 7.5394309862059599 20.776422368174845 32.12911724243871 276.45874459785136 0.81997893597341009 2.5109583104387285 5.1566416725023245 15.732057280022019 6.4689904410455341 49.427785022193035 163.05650656980117 6.2563797667455416 13.217717994759717 192.78030230415627 44.86960105888101 16.704641307455855 70.600015407074665 1.1342217130417944 208.51707833506092 12.912633866708845 7.3007695583753991 4.1012390786730402 130.76429971690519 21.858514809018274 -19.139884979432416 120.21370354078925 41.553143018938151 5.575656343711791 16.213959084850227
leaf_weight=8752547.2885322571 36 1076 30 31202.023040771484 29 23 38 22257.004301071167 20 30 258.00028800964355 36 27 36 2318.0008640289307 8250.0002880096436 59 24 20 21 21 20 84 8293.0040321350098 1297 1339 26 496656.8837223053 38342.04937171936 134993.09216308594 1992 13686.006227493286 32 30 3081 7882.0008640289307 20 725 26824.001440048218 20 13795.056161880493 21 22925.002592086792 2771.002592086792 71908.035495758057 20 38 27 34 43 553 8987.0005760192871
leaf_count=2302908 36 1076 30 30642 29 23 38 22159 20 30 251 36 27 36 2297 8243 59 24 20 21 21 20 84 8195 1297 1339 26 427725 37166 132753 1992 13539 32 30 3081 7861 20 725 26789 20 12430 21 22862 2708 71054 20 38 27 34 43 553 8973
internal_value=0.591381 0.577374 210.026 0.406977 256.362 279.299 300.56 13.1207 271.189 292.571 14.6804 313.455 257.763 16.9871 16.7931 17.4604 356.956 411.346 386.287 315.504 435.423 59.3319 42.2389 12.2078 9.25002 33.5383 208.137 0.282714 4.29888 4.56565 4.91398 8.83408 91.7314 122.031 9.9772 16.5913 240.12 36.6045 15.9127 17.7041 2.92468 167.668 13.2739 9.66531 4.78984 46.7659 54.3564 43.5851 68.3133 18.1433 13.7015 15.5973
internal_weight=9.67482e+06 9.67418e+06 647 9.54452e+06 507 445 392 129659 292 242 92419 212 93 47814 47596 45278 119 60 100 41 59 218 140 44605 37240 2322 66 9.2492e+06 295313 256971 211974 35943 62 53 5073 42956 46 2064 34706 104 44997.1 50 36312 3847 206901 198 162 142 72 70 32465 9540
internal_count=3149483 3148836 647 3019751 507 445 392 129085 292 242 92090 212 93 47723 47505 45208 119 60 100 41 59 218 140 44367 36995 2315 66 2730633 289118 251952 208880 35698 62 53 5073 42893 46 2064 34650 104 43072 50 36172 3784 203807 198 162 142 72 70 32388 9526
is_linear=0
shrinkage=0.0152648


Tree=151
num_leaves=53
num_cat=0
split_feature=0 3 2 12 9 0 16 16 9 2 16 3 16 12 3 9 12 13 16 16 16 9 16 12 16 3 2 16 3 13 12 16 16 7 9 13 10 16 2 9 12 9 9 9 9 16 10 13 16 10 3 3
split_gain=9.48352e+10 7.24325e+10 1.64244e+10 1.13731e+10 1.20564e+10 5.96637e+09 4.09856e+09 3.53735e+09 3.35277e+09 3.76684e+09 3.81547e+09 2.99428e+09 2.52313e+09 1.87639e+09 1.39499e+09 1.3291e+09 9.71925e+08 1.52767e+09 9.44585e+08 9.33174e+08 8.84435e+08 8.57093e+08 7.70247e+08 5.71671e+08 5.67536e+08 4.51499e+08 4.14489e+08 3.83601e+08 3.69662e+08 5.50875e+08 3.68018e+08 3.53285e+08 3.43884e+08 3.43181e+08 3.33346e+08 3.12114e+08 2.78116e+08 2.70509e+08 2.60176e+08 2.51838e+08 7.7346e+08 2.30617e+08 2.41615e+08 4.27412e+08 2.1665e+08 2.04928e+08 1.99437e+08 1.95944e+08 1.66623e+08 1.54309e+08 1.52504e+08 1.46996e+08
threshold=0.91397700000000015 0.0021030000000000003 0.00045150000000000002 0.018189500000000001 0.00028650000000000008 0.92730450000000009 1792914.5000000002 82667.500000000015 0.00076650000000000015 0.95353650000000012 15860.500000000002 0.31883150000000005 182527.00000000003 -0.14644149999999997 0.0031895000000000005 0.00018850000000000006 -0.0078809999999999974 -0.0095559999999999985 1212132.5000000002 114023.50000000001 147430.00000000003 0.00018050000000000002 140868.00000000003 -0.0031984999999999995 2362681.5000000005 0.0024945000000000006 6.2500000000000015e-05 33181.000000000007 0.00085150000000000015 0.00022550000000000003 -0.032569999999999995 5183.0000000000009 98499.500000000015 0.00044250000000000002 0.0010515000000000001 -0.0052554999999999989 7.2500000000000014e-05 123542.00000000001 0.90392850000000002 0.0015215000000000003 -0.032569999999999995 0.00037250000000000011 0.010863000000000003 0.0089820000000000021 0.00084550000000000022 2131230.0000000005 0.00044450000000000007 -0.00037149999999999992 2617.5000000000005 4.0500000000000009e-05 0.0049835000000000009 0.0037870000000000004
decision_type=2 2 2 2 2 2 2 2 2 2 2 2 2 2 2 2 2 2 2 2 2 2 2 2 2 2 2 2 2 2 2 2 2 2 2 2 2 2 2 2 2 2 2 2 2 2 2 2 2 2 2 2
left_child=1 2 26 6 46 7 11 23 9 10 -7 14 34 15 25 48 39 22 28 -9 30 27 -18 -2 35 47 -1 -12 49 -30 -15 41 -32 -19 -6 -8 -24 -31 -10 -16 -41 -17 43 44 -43 -20 -5 -3 -13 -4 -26 -35
right_child=5 3 18 4 12 8 24 19 38 -11 21 13 -14 20 16 31 17 33 45 -21 -22 -23 36 -25 50 -27 -28 -29 29 37 32 -33 -34 51 -36 -37 -38 -39 -40 40 -42 42 -44 -45 -46 -47 -48 -49 -50 -51 -52 -53
leaf_value=0.30789684247938509 445.44746813382301 8.4000043175887473 1.5349458791584587 -11.139329619377424 397.04723934287051 178.62405667267268 25.432666482012166 348.33949877655834 87.835764325962728 113.3733673594227 310.73528941582128 152.09084284437577 198.89535459917181 232.05872664913394 3.8527832088731038 -20.952340714239813 10.846661498750169 20.975151365439014 3.9598473193539241 204.5285357607859 49.16389798542459 477.78335929738199 31.105340328106159 559.640582892662 5.4037575199340875 14.486653219815835 0.92990298919638481 417.14278690012708 5.873059764960586 17.756028895256811 79.794585121429705 -36.163784379786009 175.40927857902236 15.901539582527132 500.8020030326669 10.36084854884062 44.901179243219978 7.8926148772439637 167.88243878135046 -23.975128837226585 133.09098488589083 64.847559331634869 -20.529447001437994 109.54531474061325 8.8408443487910464 2.2682396448720663 49.876114937589065 14.905159304814001 91.157320446270873 4.5879145904643357 14.036195933638666 18.160093461221052
leaf_weight=8867726.1598052979 62 7200.0043201446533 6645.021312713623 33 21 37 479 38 35 34 28 21 20 21 1825.0014400482178 27 450.00028800964355 9125.0005760192871 83059.050651550293 26 31 33 1060 20 12547.009664535522 30909.005760192871 381547.30344581604 20 131004.09821128845 1972 20 34 36 20268.001440048218 22 22797.005075454712 943 1831 23 23 20 37 21 29 65 34656.084182739258 41 2026 57 37867.029664993286 740 19127.003456115723
leaf_count=2420257 62 7095 6127 33 21 37 479 38 35 34 28 21 20 21 1790 27 443 9111 81841 26 31 33 1060 20 12323 30769 326665 20 128617 1972 20 34 36 20233 22 22678 943 1831 23 23 20 37 21 29 65 32647 41 2026 57 37146 740 19043
internal_value=0.668624 0.657528 0.47091 14.3536 182.617 302.245 14.1762 392.986 239.159 284.766 334.143 16.2298 370.461 66.7408 16.013 42.3267 17.9856 18.4654 4.74794 289.96 132.514 405.159 32.6926 473.359 8.93162 13.4159 0.333556 355.15 5.59222 6.07432 166.065 18.4269 141.281 17.7461 450.221 10.671 37.6005 13.0072 119.61 4.89443 49.0871 28.7983 37.638 46.9655 29.1629 3.46183 22.6751 9.82854 107.578 4.13215 5.88455 16.9981
internal_weight=9.67674e+06 9.67638e+06 9.54631e+06 130075 137 356 129938 146 210 152 118 93375 63 399 92976 291 52841 50973 297034 64 108 81 2453 82 36563 40135 9.24927e+06 48 179319 134807 77 213 56 48520 43 23276 2003 3803 58 1868 43 179 152 131 102 117715 74 9226 78 44512.1 13287 39395
internal_count=3166771 3166415 3037103 129312 137 356 129175 146 210 152 118 92955 63 399 92556 291 52666 50833 290181 64 108 81 2446 82 36220 39890 2746922 48 175693 132420 77 213 56 48387 43 23157 2003 3803 58 1833 43 179 152 131 102 114488 74 9121 78 43273 13063 39276
is_linear=0
shrinkage=0.0184784


Tree=152
num_leaves=53
num_cat=0
split_feature=1 3 11 3 9 11 9 6 15 15 11 11 2 11 11 11 11 15 15 1 3 2 3 7 6 10 9 15 10 15 9 9 6 11 9 1 15 15 3 11 10 7 11 9 6 11 15 6 6 6 2 10
split_gain=8.96072e+08 6.73754e+08 2.28838e+08 1.55224e+08 1.05889e+08 1.04953e+08 3.45232e+08 3.83083e+08 1.36589e+08 9.13937e+07 6.29106e+07 2.42852e+08 3.33194e+08 1.42398e+08 3.55747e+08 2.24616e+08 1.77721e+08 5.59922e+07 4.78518e+07 7.61115e+07 6.29238e+07 4.74582e+07 3.81768e+07 5.14783e+07 5.84657e+07 4.48159e+07 3.19827e+07 3.0204e+07 2.97726e+07 2.94832e+07 1.50781e+08 8.2206e+08 5.06269e+07 1.4346e+08 4.91338e+07 3.91125e+07 2.78948e+07 2.76193e+07 2.70241e+07 2.70133e+07 2.2414e+07 2.73927e+07 2.96864e+07 2.14415e+07 3.26174e+07 3.18453e+07 2.10118e+07 5.89712e+07 4.7628e+07 2.07303e+07 2.02384e+07 2.31025e+07
threshold=0.67893700000000012 0.0017905000000000002 0.94009900000000013 0.00027750000000000002 0.00036850000000000007 0.91575650000000008 0.0058080000000000015 0.9135660000000001 0.051172000000000002 0.049698500000000007 0.00037550000000000002 0.00036750000000000004 0.90392850000000002 0.00040950000000000009 0.00042650000000000007 0.00038950000000000003 0.00038250000000000008 0.037011000000000009 0.050302500000000007 0.92514000000000018 0.90078350000000007 0.90392850000000002 0.008709500000000002 0.00049550000000000017 0.00045650000000000004 0.00010250000000000001 0.0087840000000000019 0.00013950000000000003 0.00012650000000000001 0.0026665000000000005 0.00037250000000000011 0.0020215000000000003 0.49003550000000001 0.00038650000000000007 0.0072820000000000011 0.19902250000000002 5.5000000000000007e-06 0.019940000000000003 0.0019955000000000003 3.6500000000000006e-05 0.0013605000000000004 0.00056250000000000017 0.001861 0.0049755000000000008 0.0020320000000000004 0.00037350000000000008 0.00063600000000000017 0.89377350000000011 0.9135660000000001 0.00015450000000000004 0.0075580000000000013 6.1500000000000018e-05
decision_type=2 2 2 2 2 2 2 2 2 2 2 2 2 2 2 2 2 2 2 2 2 2 2 2 2 2 2 2 2 2 2 2 2 2 2 2 2 2 2 2 2 2 2 2 2 2 2 2 2 2 2 2
left_child=1 3 5 49 -4 10 7 -7 -8 17 11 21 -13 15 -15 16 -12 26 19 46 -20 -2 23 28 -25 29 -6 -27 38 32 37 -32 35 -34 -33 -24 40 -31 -3 -5 50 -42 43 44 -43 -46 48 -48 -16 -1 -26 -52
right_child=2 22 4 39 9 6 8 -9 -10 -11 13 12 -14 14 18 -17 -18 -19 20 -21 -22 -23 25 24 36 27 -28 -29 -30 30 31 34 33 -35 -36 -37 -38 -39 -40 -41 41 42 -44 -45 45 -47 47 -49 -50 -51 51 -53
leaf_value=0.25296388316097862 -241.5228827160559 4.0835661296978207 -557.21445297974014 -3.4413611244216828 437.42180621445141 2005.8251821968001 523.47660509939988 458.35449983445875 -420.22138880969669 510.34712614637453 -144.92928364411497 1987.9044712111149 322.68026219393698 1547.6968564394501 -395.42698301439975 -768.0246271653433 851.32236835085928 -333.85844116915524 877.94198461331666 556.21118844573766 243.61274927217084 386.78413651545486 24.221281660581081 -22.074014277047578 27.173444743493732 111.31827554448277 -83.195330601493254 1.3996002183031098 27.813227055740573 -368.13410322700815 2089.5169997996891 -398.07510812643363 291.27247218135506 -650.16376467917496 128.8680529331063 336.93338750551374 6.6327559440391415 33.465422387229715 -142.354666901608 7.8470869089260571 22.785473002720778 6.5071458622798426 64.107022348050691 47.340023174396258 16.092167273816372 -55.529741600094638 489.38790254451817 -140.99526573913181 232.64164520408792 5.1224286122625253 -90.383078157223295 63.22173201909925
leaf_weight=9145194.4513149261 20 334 24 20205.097814559937 21 28 39 29 21 38 37 20 23 23 22 25 28 35 26 40 30 23 3244.0037441253662 3540.0034561157227 28209.01668548584 1188 21 274.00057601928711 55618.029985427856 35 20 28 25 34 36 36 17552.006624221802 27 169 287665.21383857727 17713.010150909424 11101.002592086792 733.00057601928711 893.00057601928711 834.00057601928711 1640.0008640289307 28 25 21 78529.174655914307 269.00028800964355 129
leaf_count=2567988 20 334 24 17832 21 28 39 29 21 38 37 20 23 23 22 25 28 35 26 40 30 23 3153 3456 27810 1188 21 260 54911 35 20 28 25 34 36 36 17391 27 169 282520 17475 11038 719 879 820 1619 28 25 21 74308 262 129
internal_value=0.843683 0.820198 352.025 0.514443 12.7376 444.867 692.845 1218.71 193.162 131.733 370.645 596.082 1097.46 307.056 438.978 -8.08436 284.258 -55.142 306.073 210.433 538.228 94.5704 21.1035 20.1849 15.4469 46.8644 177.103 90.7186 27.1595 28.4665 159.727 420.253 22.7261 -251.22 -101.649 27.6551 17.1267 -193.222 -45.1159 7.10624 20.1206 14.81 5.51652 2.54798 -0.398518 -31.385 66.296 192.031 -88.6694 0.294422 26.2306 -40.5922
internal_weight=9.67592e+06 9.67528e+06 647 9.53159e+06 139 508 117 57 60 115 391 86 43 305 215 90 65 77 192 136 56 43 143681 138734 82613 4947 42 1462 56121 3485 146 84 3339 59 64 3280 79073 62 503 307870 61521 32914 15201 14468 13575 2474 96 53 43 9.22372e+06 28607 398
internal_count=3085149 3084502 647 2942648 139 508 117 57 60 115 391 86 43 305 215 90 65 77 192 136 56 43 141854 137012 81598 4842 42 1448 55414 3394 146 84 3248 59 64 3189 78142 62 503 300352 60751 32550 15075 14356 13477 2439 96 53 43 2642296 28201 391
is_linear=0
shrinkage=0.298426


Tree=153
num_leaves=53
num_cat=0
split_feature=4 3 2 4 14 11 4 14 14 6 8 3 11 11 11 8 14 3 11 11 6 8 3 6 6 10 11 3 4 10 11 14 8 14 2 3 8 3 14 2 11 3 14 6 14 10 2 14 8 14 14 11
split_gain=7.59821e+09 5.32372e+09 1.14352e+09 7.04921e+08 7.98541e+08 7.16681e+08 7.02519e+08 4.18357e+08 6.45091e+08 2.93217e+08 2.01734e+08 4.44405e+08 6.34916e+08 2.07855e+08 2.26766e+08 1.94799e+08 1.67323e+08 2.40253e+08 1.62952e+08 7.5514e+08 3.55279e+08 5.28267e+08 1.38799e+08 1.30128e+08 1.02098e+08 1.00289e+08 8.98028e+07 8.94507e+07 8.85359e+07 7.41668e+07 6.60018e+07 6.32347e+07 6.08678e+07 7.46725e+07 5.21663e+07 4.8614e+07 4.37027e+07 4.3658e+07 6.46105e+07 4.39748e+07 5.94148e+07 4.08466e+07 7.17893e+07 4.09925e+07 4.03466e+07 3.9564e+07 5.23738e+07 5.18963e+07 4.57606e+07 1.22816e+08 4.96066e+07 3.79501e+07
threshold=0.91397700000000015 0.0017905000000000002 0.00050250000000000002 0.92730450000000009 0.013005500000000001 0.00037450000000000005 0.23513350000000002 0.054875500000000008 0.025577000000000006 0.89377350000000011 0.96228150000000012 0.9127780000000002 0.94009900000000013 0.91575650000000008 0.94009900000000013 0.0034015000000000004 0.00019300000000000003 0.006519500000000001 0.00041350000000000008 0.00039250000000000005 0.49003550000000001 0.92074100000000014 0.48583150000000003 0.9135660000000001 0.0011085000000000003 0.11878000000000001 0.00037850000000000009 0.48583150000000003 0.0030915000000000001 0.00059250000000000014 4.7500000000000009e-05 4.500000000000001e-06 6.9500000000000009e-05 0.00027550000000000008 0.0018165000000000002 0.0035665000000000007 0.0069210000000000009 0.0034845000000000002 1.9500000000000003e-05 0.0022120000000000004 8.4500000000000008e-05 0.0028910000000000008 4.500000000000001e-06 0.0014085000000000002 0.019083500000000003 6.1500000000000018e-05 0.0072730000000000008 1.9500000000000003e-05 0.0079555000000000025 1.4500000000000002e-05 2.7500000000000001e-05 7.6500000000000016e-05
decision_type=2 2 2 2 2 2 2 2 2 2 2 2 2 2 2 2 2 2 2 2 2 2 2 2 2 2 2 2 2 2 2 2 2 2 2 2 2 2 2 2 2 2 2 2 2 2 2 2 2 2 2 2
left_child=1 2 32 4 -2 -5 15 8 23 -6 13 12 -12 -7 -15 24 17 36 19 22 -20 -22 -9 -8 31 28 -24 -23 -19 41 -4 35 33 -1 -31 -3 37 38 -17 -39 -41 42 -26 -44 -11 46 47 -30 50 -50 -47 -33
right_child=3 6 30 5 9 10 7 18 -10 44 11 -13 -14 14 -16 16 -18 25 20 -21 21 27 26 -25 29 -27 -28 -29 45 34 -32 51 -34 -35 -36 -37 -38 39 -40 40 -42 -43 43 -45 -46 48 -48 -49 49 -51 -52 -53
leaf_value=0.023205168857026649 29.95510294032588 3.4218365449389103 -0.59223200439966095 159.24936039769685 189.69760719635428 -1.3531756131283375 13.930227800705788 -28.151460578582629 116.68186332921586 105.79883893778288 186.61909769864531 31.297513660027519 50.778448165120878 95.578246070654885 16.662429442356011 3.7435828321261386 -0.54711203043520962 -7.8808303211690198 -41.074348274373541 136.95336108886261 84.340055408001191 24.438219135516345 50.620267325510127 59.031982955845045 1.6210793907899643 0.31667242742900453 -0.69489108826634816 -3.0422097629356863 17.706374143929526 3.0972822252885202 1.2822003517730372 0.77159962660643089 0.23262899100505247 13.701524823663915 0.94442267510946576 0.87851543771582896 -2.1565699038642192 -3.7526627278578903 -0.771350523339834 8.9323608540290689 4.4595211518755811 2.1372967716174003 -0.67808502170962459 7.0858949450645978 131.70427164139684 27.208284096355104 6.4959195759284629 7.9119925707225036 -4.989909256694653 12.503088616663291 -1.6065210406140686 6.0928948025540777
leaf_weight=8748485.884721756 29 48998.012365341187 6606.0164165496826 24 29 38 70 24 39 34 21 50 27 25 25 7604.0040321350098 2247.0014400482178 100 43 20 34 58 25 32 1647.0013313293457 465.00028800964355 22 136 339 5222.00124168396 272862.13738822937 516.00057601928711 505053.61213493347 137 14867.004320144653 2724.0008640289307 365 219.00028800964355 1270.0005760192871 1046 40575.010259628296 3757.0014400482178 255.00028800964355 2765.0005760192871 54 114 1769 411 151 1575 25 4255.0005760192871
leaf_count=2257796 29 48704 6207 24 29 38 70 24 39 34 21 50 27 25 25 7506 2212 100 43 20 34 58 25 32 1619 458 22 136 339 5194 269586 502 466083 137 14762 2703 365 212 1256 1046 40330 3722 248 2751 54 114 1769 411 151 1575 25 4241
internal_value=0.126631 0.123482 0.0701059 85.7263 117.001 63.9827 3.6624 25.5222 52.5981 138.575 51.6805 69.9666 110.233 31.31 56.1303 3.58566 4.41085 4.60969 14.9749 36.4269 7.76983 16.9838 8.09183 28.0861 3.01996 8.5079 26.6017 5.17441 9.35733 2.11603 1.23789 3.47618 0.0348378 0.0234194 1.50405 3.28789 4.23199 4.27797 3.09742 4.52836 4.57193 3.57543 4.73312 6.43029 121.709 9.75059 8.23578 12.3393 11.7965 10.9726 22.0247 5.51739
internal_weight=9.67728e+06 9.67693e+06 9.53314e+06 356 146 210 143784 503 141 117 186 98 48 88 50 143281 58275 56028 362 91 271 228 71 102 85006 4949 47 194 4484 28513 279468 56493 9.25368e+06 8.74862e+06 20089 51722 51079 50714 8874 41840 41621 8424 4667 3020 88 4384 2519 750 1865 1726 139 4771
internal_count=3142983 3142627 2999809 356 146 210 142818 503 141 117 186 98 48 88 50 142315 57869 55657 362 91 271 228 71 102 84446 4942 47 194 4484 28296 275793 56150 2724016 2257933 19956 51407 50715 50350 8762 41588 41376 8340 4618 2999 88 4384 2519 750 1865 1726 139 4743
is_linear=0
shrinkage=0.0185297


Tree=154
num_leaves=53
num_cat=0
split_feature=0 8 13 8 0 15 15 14 15 8 0 14 14 8 15 15 14 5 15 14 2 3 0 15 14 15 14 14 3 3 14 14 14 13 0 14 10 2 13 8 14 2 5 14 8 13 3 0 5 13 8 8
split_gain=4.852e+08 3.72591e+08 9.7048e+07 1.10237e+08 1.50078e+08 2.06471e+08 1.71637e+08 2.40849e+08 1.37778e+08 7.34838e+07 5.76102e+07 9.42767e+07 2.93277e+08 5.77958e+07 1.62452e+08 1.27456e+08 3.75234e+08 8.82537e+07 4.25602e+07 3.88702e+07 3.82611e+07 3.82554e+07 3.57752e+07 3.5362e+07 6.43422e+07 3.98449e+07 3.35002e+07 3.16464e+07 2.81886e+07 2.7381e+07 2.38834e+07 2.09345e+07 2.05838e+07 4.27483e+07 3.41659e+07 2.78199e+07 5.13997e+07 4.21332e+07 3.22533e+07 3.382e+07 3.0727e+07 2.38044e+07 2.29928e+07 2.16201e+07 3.37416e+07 3.97513e+07 4.30071e+07 2.73669e+07 2.69026e+07 2.75332e+07 4.21595e+07 2.55534e+07
threshold=0.91397700000000015 0.0021045000000000005 -0.91149699999999989 0.96228150000000012 0.92730450000000009 0.050607500000000007 0.041114000000000005 0.054875500000000008 0.041114000000000005 0.00073150000000000005 0.23513350000000002 0.054875500000000008 0.025577000000000006 0.92074100000000014 0.0026665000000000005 6.5000000000000013e-06 0.21783400000000003 0.57152900000000006 0.00016050000000000003 0.00027550000000000008 0.90392850000000002 0.0011015000000000003 0.71441150000000009 0.037011000000000009 0.21783400000000003 0.033185500000000007 6.5000000000000013e-06 0.00019300000000000003 0.48583150000000003 0.0015175000000000002 0.0087735000000000018 0.00082200000000000014 0.00019300000000000003 -0.0069169999999999995 0.0036915000000000003 1.4500000000000002e-05 0.00021850000000000003 0.0011115000000000003 -0.0028464999999999996 0.0074285000000000002 1.9500000000000003e-05 0.0075580000000000013 0.0021085000000000006 4.500000000000001e-06 0.0040025000000000008 0.0031130000000000007 0.0042430000000000011 0.0021665000000000005 0.0066705000000000011 -0.0032069999999999993 0.0042530000000000007 0.0034015000000000004
decision_type=2 2 2 2 2 2 2 2 2 2 2 2 2 2 2 2 2 2 2 2 2 2 2 2 2 2 2 2 2 2 2 2 2 2 2 2 2 2 2 2 2 2 2 2 2 2 2 2 2 2 2 2
left_child=1 9 18 4 6 -6 -4 -8 -5 19 29 12 20 14 -13 16 -15 -16 -2 -1 -12 -21 -18 24 25 -17 -11 -28 -26 -3 -22 -23 33 34 -31 43 38 -38 39 40 -37 -36 -42 44 51 47 -47 -46 49 50 -45 -35
right_child=2 10 3 8 5 -7 7 -9 -10 26 11 13 -14 15 17 23 22 -19 -20 21 30 31 -24 -25 28 -27 27 -29 -30 32 -32 -33 -34 35 41 36 37 -39 -40 -41 42 -43 -44 48 45 46 -48 -49 -50 -51 -52 -53
leaf_value=0.22822324603535088 269.07690817320292 -9.7960314670396134 201.12146063489504 1555.427554402826 358.55709945993567 -740.45567252403453 575.9309947442938 1910.286072293482 428.17050389892495 6.6302400198717217 -232.63118348933676 -860.03523124081494 1142.0972833631308 1225.3818606957616 -287.15738830434259 -505.40253633816542 -476.53580913274226 497.93204183577905 -252.76686160127284 311.74342219444065 19.199502647355892 -119.75407252077656 81.539301412159034 338.39537141704682 296.06243763444036 -48.233506253565501 -16.032786260288105 214.613212186629 -154.28614548314766 -118.16353774793129 416.18609871910235 81.159069763573498 -12.565343694109583 12.748794540251335 98.165690156879464 19.638483622999075 119.87765271886965 -12.602740991585939 -56.508003599254906 -116.0695241528876 168.70430336184558 41.175093325220942 70.088601663442645 -11.442217036112385 -336.54501428497645 -226.26307219806949 -3.5726479528390724 11.804545741245448 91.537540324332682 26.14248320137272 45.061950846689825 29.401183935020711
leaf_weight=9266438.8236694336 40 4140.0066242218018 63 22 72 26 54 21 27 252325.23789024353 33 28 39 39 32 47 21 32 31 74 36 67 33 23 44 39 8793.0074882507324 67 24 131 32 430 2454.0040321350098 54530.028852462769 1084.0008640289307 1081.0008640289307 276 9721.0015296936035 335.00028800964355 125 351 3358.0020160675049 1071.0002880096436 5357.0034561157227 26 219.00057601928711 174 818 649.00115203857422 45083.022247314453 2038.0008640289307 12703.005939483643
leaf_count=2680328 40 3979 63 22 72 26 54 21 27 246578 33 28 39 39 32 47 21 32 31 74 36 67 33 23 44 39 8611 67 24 131 32 430 2356 53844 1063 1060 276 9686 328 125 351 3309 1064 5273 26 205 174 818 621 44551 2017 12563
internal_value=0.660919 0.646554 390.995 478.142 383.35 66.919 608.033 949.769 934.484 0.389491 17.397 130.474 363.468 40.355 -188.501 118.345 435.251 105.365 41.2222 0.233599 62.7099 87.4689 -135.479 -48.1728 -105.944 -298.115 5.92063 -14.2881 137.077 17.0074 206.061 54.069 17.7912 18.3266 50.1196 17.2461 2.51904 -8.94489 41.198 53.6538 62.1309 55.0832 94.4324 18.8157 14.8883 -39.8338 -127.672 1.06666 23.8774 23.0406 4.12973 15.8951
internal_weight=9.67478e+06 9.67442e+06 356 285 236 98 138 75 49 9.5282e+06 146226 502 140 362 92 270 93 64 71 9.26701e+06 101 571 54 177 154 86 261185 8860.01 68 145724 68 497 141584 139130 4573 134557 12960 9997 2963 2628 2503 4442 1422 121597 68470 1237 393.001 844 53127 52478 7395 67233
internal_count=3080833 3080477 356 285 236 98 138 75 49 2936155 144322 502 140 362 92 270 93 64 71 2680899 101 571 54 177 154 86 255256 8678 68 143820 68 497 139841 137485 4503 132982 12890 9962 2928 2600 2475 4372 1415 120092 67630 1223 379 844 52462 51841 7290 66407
is_linear=0
shrinkage=0.334371


Tree=155
num_leaves=53
num_cat=0
split_feature=5 2 16 16 2 7 16 16 16 16 14 5 16 0 15 16 16 9 16 14 2 9 16 16 14 16 7 16 16 16 0 16 7 10 2 0 16 16 15 10 16 16 16 7 9 10 7 7 10 16 7 16
split_gain=9.69911e+09 7.17513e+09 3.11419e+09 2.60217e+09 1.7715e+09 9.43252e+08 6.62132e+08 6.26678e+08 9.35283e+08 5.93852e+08 5.52744e+08 5.43674e+08 8.21848e+08 5.32972e+08 5.24895e+08 5.21016e+08 4.57855e+08 7.9186e+08 5.35862e+08 4.23773e+08 2.83575e+08 2.31041e+08 2.24959e+08 2.06787e+08 1.88787e+08 1.82865e+08 1.64866e+08 1.57621e+08 2.52094e+08 1.40759e+08 1.82059e+08 2.06436e+08 1.5093e+08 1.35946e+08 1.33231e+08 1.30591e+08 1.35526e+09 6.2175e+08 2.78408e+08 1.44833e+08 1.25526e+08 1.24606e+08 1.1084e+08 1.07238e+08 1.05982e+08 1.05018e+08 1.44415e+08 1.49257e+08 1.25224e+08 1.02673e+08 9.12499e+07 8.69623e+07
threshold=0.67893700000000012 0.0021645000000000002 7560.0000000000009 1642241.5000000002 0.00042050000000000003 0.91149700000000011 155190.50000000003 15860.500000000002 10624.500000000002 1783040.5000000002 0.013005500000000001 0.92514000000000018 37006.000000000007 0.95752500000000007 5.5000000000000007e-06 2288938.0000000005 21550.500000000004 0.00041950000000000011 71837.500000000015 0.025577000000000006 0.009589000000000002 0.010161500000000002 64260.500000000007 13173.500000000002 2.5000000000000002e-06 885723.50000000012 0.0037890000000000003 5217.5000000000009 5073.0000000000009 811647.00000000012 0.0010435000000000004 199582.50000000003 0.0062095000000000006 0.0010465000000000003 0.90392850000000002 0.23513350000000002 14852.000000000002 2684.0000000000005 0.019940000000000003 0.00044450000000000007 92345.000000000015 62960.500000000007 16758.000000000004 0.00069250000000000008 0.0075360000000000002 5.1500000000000005e-05 0.0031335000000000004 0.00060050000000000001 0.00056650000000000016 2339312.0000000005 0.0017975000000000003 2589197.0000000005
decision_type=2 2 2 2 2 2 2 2 2 2 2 2 2 2 2 2 2 2 2 2 2 2 2 2 2 2 2 2 2 2 2 2 2 2 2 2 2 2 2 2 2 2 2 2 2 2 2 2 2 2 2 2
left_child=1 4 21 14 -1 6 7 8 -4 25 -9 16 13 -13 24 26 -12 18 -18 -8 43 27 -7 -10 41 42 -5 28 -2 30 31 -26 -31 -33 44 39 37 38 -37 -22 -41 -3 -6 -16 -19 50 47 -47 -49 -11 -32 -17
right_child=2 3 5 15 9 22 19 10 23 49 11 12 -14 -15 20 51 17 34 -20 -21 35 -23 -24 -25 29 -27 -28 -29 -30 32 45 33 -34 -35 -36 36 -38 -39 -40 40 -42 -43 -44 -45 -46 46 -48 48 -50 -51 -52 -53
leaf_value=0.032716733489469824 -19.596080982795911 18.955639153653898 119.15679521987707 1.784558723115456 0.0040651138976580048 67.153061403180004 -7.8423011454457932 62.967631045695924 -34.652237398851476 0.3920623316990669 217.66280747177666 15.715060133943815 159.09408443554858 116.85732329518765 8.4495687101799781 -0.93440593052232723 19.827441425586674 220.03274465479129 122.5157114482261 93.658719430237639 4.5484041096763699 48.335840268532628 11.137995864208094 41.341788736213097 -2.3667959675536068 1.1599512693246654 7.8396281493980782 -40.66206585905428 43.206941300309005 5.6669340404954367 23.603735372402905 12.136953467917884 13.023625111205007 2.4865871430787072 139.43814690872108 74.02783202884595 127.97514554229831 -62.973329952862713 3.4893028423708916 -2.8957827207152489 17.581650754519217 4.2862079651727996 2.2063274113568463 1.6143256936805515 166.55193863557372 8.4133228695346816 12.590047085744189 13.008931091109883 2.5701056913730631 -1.0155852462225894 4.7017443229206002 -3.6349215330534856
leaf_weight=9245695.5168952942 57 164 38 24787.006624221802 6707.0112323760986 33 27 51 20 41277.033409118652 20 37 33 24 677 10759.006982803345 20 20 49 20 1462.0002880096436 20 51 20 1059.0005760192871 97542.031969070435 1324 39 26 26624.002880096436 73 783 803 852 20 22 28 33 54 100 512 12259.000864028931 134258.05673789978 12253.002592086792 22 19936.002016067505 2023 377 2170.0008640289307 22312.02848815918 3201.0002880096436 4829.0002880096436
leaf_count=2643694 57 164 38 24626 6434 33 27 51 20 40465 20 37 33 24 677 10598 20 20 49 20 1455 20 51 20 1045 96765 1324 39 26 26554 73 783 803 852 20 22 28 33 54 100 512 12238 132879 12190 22 19887 2023 377 2149 21661 3194 4822
internal_value=0.130753 0.126425 64.858 4.07153 0.0738811 84.3087 94.515 101.948 59.7786 1.33372 113.058 123.483 91.8995 55.5249 5.74205 0.647671 143.137 131.743 92.7583 35.3639 2.91836 -4.30897 33.1524 3.34905 6.35 1.71646 2.0916 -12.9462 0.0794151 6.75124 7.53327 3.38361 5.88233 7.10821 175.107 8.45135 24.2597 -2.39276 23.9159 7.40696 14.2354 4.47989 2.10155 1.97222 192.062 7.93569 8.31142 7.92642 4.11532 -0.10185 5.12331 -1.771
internal_weight=9.6756e+06 9.67496e+06 647 127164 9.54779e+06 505 421 374 78 302096 296 245 94 61 85465 41699 151 131 69 47 15141 142 84 40 70324 238507 26111 122 83 57901 30474 2694 27427 1635 62 2211 137 109 76 2074 612 12423 140965 12930 42 27780 24506 22483 2547 63589.1 3274 15588
internal_count=3069128 3068481 647 126583 2941898 505 421 374 78 298204 296 245 94 61 85213 41370 151 131 69 47 15071 142 84 40 70142 236078 25950 122 83 57740 30383 2680 27357 1635 62 2204 137 109 76 2067 612 12402 139313 12867 42 27703 24436 22413 2526 62126 3267 15420
is_linear=0
shrinkage=0.0167186


Tree=156
num_leaves=53
num_cat=0
split_feature=5 8 8 0 7 0 9 9 9 8 9 6 14 5 14 9 9 9 9 7 9 9 14 9 9 6 8 5 9 13 8 0 14 8 5 13 14 8 7 6 14 6 8 0 13 8 14 13 14 10 9 13
split_gain=2.49056e+09 1.79376e+09 3.0952e+08 2.99648e+08 2.79581e+08 1.32167e+08 3.35823e+08 2.84996e+08 2.60932e+08 2.05954e+08 1.63311e+08 1.58033e+08 1.52108e+08 1.11337e+08 5.01331e+08 1.26101e+08 2.53713e+08 2.11036e+08 3.8254e+08 1.05724e+08 9.98998e+07 5.37125e+08 1.31927e+08 2.51483e+08 1.77127e+08 9.15435e+07 8.97109e+07 8.57687e+07 8.40512e+07 7.85519e+07 5.91774e+07 6.05702e+07 5.38388e+07 4.87632e+07 4.27122e+07 4.36706e+07 3.9701e+07 5.46952e+07 6.31483e+07 4.42878e+07 4.12832e+07 3.48693e+07 3.28349e+07 3.15533e+07 3.13147e+07 4.554e+07 4.5374e+07 3.52166e+07 3.58571e+07 3.4898e+07 3.34044e+07 3.4493e+07
threshold=0.67893700000000012 0.0018595000000000003 0.00073150000000000005 0.91397700000000015 0.93469650000000015 0.92730450000000009 0.0067845000000000015 0.00019050000000000005 0.0077025000000000001 0.96647850000000013 0.00039350000000000008 0.89377350000000011 0.013005500000000001 0.19902250000000002 0.046726000000000011 0.0094355000000000012 0.0078125000000000017 0.0003765000000000001 0.005267 0.00046850000000000006 0.0061545000000000011 0.00077150000000000016 0.054875500000000008 0.00036950000000000009 0.00011250000000000001 0.00038050000000000003 0.0029995000000000004 0.92514000000000018 0.010510500000000001 0.00020550000000000003 0.92513900000000004 0.71441150000000009 0.025577000000000006 0.95254850000000013 0.00015150000000000002 0.00054350000000000004 2.5000000000000002e-06 0.0039205000000000012 0.00038650000000000007 0.00032350000000000006 6.5000000000000013e-06 0.9135660000000001 6.9500000000000009e-05 0.0035275000000000007 -0.00045249999999999994 0.0014655000000000002 1.0000000180025095e-35 -0.00087349999999999982 6.5000000000000013e-06 0.00095450000000000016 0.00090150000000000017 -1.5499999999999997e-05
decision_type=2 2 2 2 2 2 2 2 2 2 2 2 2 2 2 2 2 2 2 2 2 2 2 2 2 2 2 2 2 2 2 2 2 2 2 2 2 2 2 2 2 2 2 2 2 2 2 2 2 2 2 2
left_child=1 2 42 20 5 8 7 9 12 -7 -9 -8 -5 19 -15 16 17 30 -19 36 21 22 32 24 -24 -21 -27 -14 33 44 -16 -32 41 -22 -31 -36 -3 38 -38 -40 -39 -2 -1 -37 46 50 -4 48 49 -48 -46 -52
right_child=3 13 29 4 -6 6 11 10 -10 -11 -12 -13 27 14 15 -17 -18 18 -20 25 28 -23 23 -25 -26 26 -28 -29 -30 34 31 -33 -34 -35 35 43 37 40 39 -41 -42 -43 -44 -45 45 -47 47 -49 -50 -51 51 -53
leaf_value=0.014012136423076233 33.114678438812469 3.9066686266614972 4.8834384232230192 30.477597398724367 -9.3404376289125342 29.402590947694815 -58.666030856767634 271.13815522561299 237.44535083147167 152.77542459601852 120.12745011240828 82.849918283621975 115.27940670218132 165.07795148871176 -2.3496789847412458 -81.748789839961049 147.73707886021685 -148.26171751587034 40.986427731923968 -2.3091928016654242 -40.476525336234417 248.59998886870272 -6.3131268473684177 -112.89339194702761 108.08551951141655 2.6194792462348695 4.7988890233074333 207.37781047869805 73.571438050293636 1.8150489836146111 113.63138496374789 25.987474569701671 123.6513760736721 34.750046355131538 15.031541742517067 3.9833872269596289 11.064044913697035 -0.93125777771540619 3.0661496856390489 7.3639354094076817 8.007463158645864 95.139224871862993 0.33306354596878796 19.883305668130799 -0.77808717209407263 3.9746051943679364 6.0790098372238752 -0.86544771419713151 -2.1952535056567819 1.258169499687336 2.6576335928996415 1.2599605913730947
leaf_weight=8748159.1846847534 37 10513.002304077148 3347.0008640289307 27 32 50 28 24 32 35 20 21 67 36 27 22 20 32 33 3828.0049858093262 38 21 50 20 35 52096.018432617188 64117.020141601562 20 23 2153.0028800964355 24 24 26 20 1145.0002880096436 1902.0023040771484 5439 2295.0005760192871 4821.0020160675049 15008.004121780396 1196.0003776550293 22 520049.93351554871 211 10027.057601928711 11192.004320144653 2605.0014400482178 24401.040897369385 3956.0014400482178 18609.006624221802 33597.025146484375 134210.09111404419
leaf_count=2201628 37 10457 3326 27 32 50 28 24 32 35 20 21 67 36 27 22 20 32 33 3709 38 21 50 20 35 51648 63634 20 23 2083 24 24 26 20 1138 1846 5439 2281 4772 14910 1189 22 473281 211 8627 11087 2570 23407 3921 18448 32988 132026
internal_value=0.142159 0.137037 0.0682612 76.6156 100.642 111.506 88.9307 121.951 139.022 80.2188 202.532 1.99266 111.375 4.23931 32.0976 5.78438 17.8263 -0.742348 -52.1845 4.20119 47.3235 61.4599 40.7612 11.5112 40.7966 3.62639 3.8219 136.474 10.494 1.43014 43.8392 69.8241 76.8854 -14.5292 6.07864 8.89611 5.95815 6.70807 7.34042 6.31903 2.13108 56.2586 0.0319145 5.5713 1.32618 1.561 0.487392 0.19057 1.21433 1.85016 1.4091 1.53979
internal_weight=9.67574e+06 9.6751e+06 9.51556e+06 648 356 324 178 129 146 85 44 49 114 159531 218 182 160 140 65 159313 292 211 190 105 85 120041 116213 87 81 247355 75 48 85 58 5411.01 3258 39272 28759 25268 19829 3491 59 9.26821e+06 2113 241944 189026 52918.1 49571.1 25170 21214 177834 167807
internal_count=3075492 3074844 2916587 648 356 324 178 129 146 85 44 49 114 158257 218 182 160 140 65 158039 292 211 190 105 85 118991 115282 87 81 241678 75 48 85 58 5278 3195 39048 28591 25121 19682 3470 59 2674909 2057 236400 184728 51672 48346 24939 21018 173641 165014
is_linear=0
shrinkage=0.03901


Tree=157
num_leaves=53
num_cat=0
split_feature=2 3 16 2 16 16 2 12 9 16 16 16 8 14 16 16 3 16 14 9 16 2 16 14 3 16 9 8 16 16 9 15 15 16 15 16 3 16 16 14 16 9 16 8 14 9 10 16 14 8 15 15
split_gain=1.09922e+10 8.80318e+09 3.05931e+09 2.07308e+09 1.92196e+09 1.16489e+09 5.52244e+08 6.69882e+08 1.27404e+09 9.41271e+08 4.93821e+08 4.1997e+08 3.49781e+08 3.36635e+08 2.81808e+08 5.78026e+08 2.78745e+08 4.13709e+08 6.30732e+08 2.76235e+08 2.4119e+08 2.34555e+08 1.27779e+09 3.35854e+08 2.38332e+08 2.22815e+08 2.10259e+08 1.96914e+08 1.88942e+08 1.8591e+08 1.75578e+08 2.65131e+08 3.8989e+08 1.71935e+08 1.60854e+08 1.97822e+08 1.77413e+08 1.58033e+08 1.88478e+08 1.50161e+08 1.3854e+08 1.35336e+08 1.32046e+08 1.30083e+08 1.3161e+08 1.23071e+08 1.24193e+08 1.15822e+08 1.12345e+08 1.02005e+08 1.009e+08 1.00363e+08
threshold=0.59831400000000012 0.0021820000000000003 5406.0000000000009 0.00053650000000000019 2052539.5000000002 136200.50000000003 0.95353650000000012 -0.0078809999999999974 0.00036850000000000007 10624.500000000002 1759110.0000000002 10136.500000000002 0.0032310000000000004 0.025577000000000006 5252.5000000000009 5165.0000000000009 0.90078350000000007 52932.000000000007 0.046726000000000011 0.00019050000000000005 15860.500000000002 0.17539850000000004 21785.000000000004 0.00019300000000000003 0.014373500000000003 31282.000000000004 5.7500000000000009e-05 0.92513900000000004 2617.5000000000005 1530333.0000000002 0.0089820000000000021 0.020580000000000005 0.0034125000000000002 2464782.0000000005 1.4500000000000002e-05 1251329.0000000002 0.0053095000000000009 696963.00000000012 17497.000000000004 2.7500000000000001e-05 4937.0000000000009 0.005294000000000001 119152.50000000001 6.8500000000000012e-05 0.00027550000000000008 0.0011275000000000002 0.0010555000000000002 4225.0000000000009 1.0000000180025095e-35 0.0055295000000000006 0.052283000000000003 1.0000000180025095e-35
decision_type=2 2 2 2 2 2 2 2 2 2 2 2 2 2 2 2 2 2 2 2 2 2 2 2 2 2 2 2 2 2 2 2 2 2 2 2 2 2 2 2 2 2 2 2 2 2 2 2 2 2 2 2
left_child=1 3 14 43 12 6 7 8 9 -4 37 -10 29 -7 15 40 17 18 -9 20 -11 23 26 24 34 -20 28 -22 -23 -3 31 32 -28 49 35 39 -37 38 48 47 -2 -19 45 44 -1 -40 51 -14 -5 -6 -13 -47
right_child=2 4 5 10 33 13 -8 16 11 19 -12 50 21 -15 -16 -17 -18 41 25 -21 27 22 -24 -25 -26 -27 30 -29 -30 -31 -32 -33 -34 -35 -36 36 -38 -39 42 -41 -42 -43 -44 -45 -46 46 -48 -49 -50 -51 -52 -53
leaf_value=0.024989428527148031 15.186987650080784 5.2782183621632965 225.30422274011167 6.0132160339895684 1.2427691970002499 8.9733403409360069 35.242917815255673 197.1140644047928 -37.964028520182957 27.770833965641021 0.16532306326112359 33.046025643796881 -9.8254851079410379 82.873676925430644 -56.288820906624579 81.145321994226705 107.83533791494736 213.78764317250591 119.66462190641521 151.72227294772281 60.580249172683203 81.097194096319001 158.55055593900244 -0.063359308711632284 16.935938960623659 40.647207982599809 -21.286184490696222 135.20006263584293 12.884578329415362 2.5958027177336978 42.588957086828266 -61.354091937977849 50.08432560636804 -1.5629223666372638 3.3992367535600478 5.2843586670433922 13.410257653531369 1.4887613600346941 -0.41273640396787276 3.3373060467405495 -32.035874731151445 157.84649206313716 2.3318690240043654 0.31361054335609356 15.654015088823558 12.599618919322188 4.0777097578894299 8.385196531898746 -1.2063795779208175 9.8969243275298808 81.348723613745761 2.1143335143960367
leaf_weight=8745923.6684608459 31 36317.00403213501 22 746.00028800964355 16005.007181167603 59 34 21 21 20 62764.046632766724 30 108 28 25 26 98 25 22 21 20 22 20 2184.002592086792 728 22 65 24 29 10198.002304077148 26 23 37 8870.007251739502 3914.0017280578613 17541.001440048218 869 121280.03465080261 1672.0002880096436 2002.0005760192871 50 29 85050.037729263306 510344.37553215027 166 990.00028800964355 12567.008352279663 27775.003456115723 6057.0048961639404 431 24 393
leaf_count=2163411 31 36219 22 739 15837 59 34 21 21 20 61672 30 108 28 25 26 98 25 22 21 20 22 20 2121 728 22 65 24 29 10142 26 23 37 8709 3872 17506 869 120440 1665 1988 50 29 84133 477142 166 983 12364 27691 5938 431 24 393
internal_value=0.153053 0.148196 72.2273 0.0870869 4.73651 91.3867 103.164 108.951 84.1056 122.987 1.54466 28.6256 5.81221 32.768 -3.2415 9.15465 129.785 147.852 117.985 96.4806 78.3305 6.75531 24.7626 6.68277 6.9611 80.1774 11.5075 101.301 42.3188 4.69012 1.09777 -7.5356 4.60488 0.406745 6.82201 7.0994 5.66793 1.92311 2.41325 7.98121 -13.9608 183.776 2.60435 0.0411826 0.0252861 4.08777 4.6272 8.31464 -0.414675 1.46972 54.524 9.62013
internal_weight=9.67577e+06 9.67512e+06 652 9.54795e+06 127164 520 433 399 182 107 291519 75 101858 87 132 107 217 119 65 85 64 55343 222 55121 52937 44 202 44 51 46515 151 125 102 25306 52209 48295 18410 228755 107475 29885 81 54 100672 9.25643e+06 8.74609e+06 15622 13950 27883 6803.01 16436 54 1383
internal_count=3056141 3055489 652 2929046 126443 520 433 399 182 107 288327 75 101466 87 132 107 217 119 65 85 64 55105 222 54883 52762 44 202 44 51 46361 151 125 102 24977 52034 48162 18375 226655 106215 29787 81 54 99538 2640719 2163577 15405 13740 27799 6677 16268 54 1376
is_linear=0
shrinkage=0.0175545


Tree=158
num_leaves=53
num_cat=0
split_feature=1 3 8 0 8 15 15 0 3 8 15 13 6 8 3 8 0 15 15 8 15 15 13 8 15 8 15 0 15 15 3 8 15 15 1 0 3 6 8 15 13 8 5 8 13 3 13 6 8 6 3 8
split_gain=9.22136e+09 6.9795e+09 1.59515e+09 1.17419e+09 6.45284e+08 5.71166e+08 2.92356e+08 8.36747e+08 2.93795e+08 2.65315e+08 2.58011e+08 5.87287e+08 2.55481e+08 2.45529e+08 2.44478e+08 2.2694e+08 1.89824e+08 1.74477e+08 2.05003e+08 1.66229e+08 1.33885e+08 1.25704e+08 1.23494e+08 1.07793e+08 1.00209e+08 1.40774e+08 9.95752e+07 9.60542e+07 9.90047e+07 1.73359e+08 1.19172e+08 1.57822e+08 9.17921e+07 9.02751e+07 8.67333e+07 6.95435e+07 6.53079e+07 6.48939e+07 5.77234e+07 5.43421e+07 5.33966e+07 4.47032e+07 4.20951e+07 3.96099e+07 6.77419e+07 7.84936e+07 6.28586e+07 6.30271e+07 5.46691e+07 5.19684e+07 6.86989e+07 4.61845e+07
threshold=0.67893700000000012 0.0019730000000000004 0.00077450000000000012 0.91397700000000015 0.95254850000000013 0.047700500000000007 7.9500000000000021e-05 0.92730450000000009 0.90078350000000007 0.96228150000000012 0.00023350000000000001 -0.93469649999999993 0.89377350000000011 0.0036275000000000005 0.90078350000000007 0.95254850000000013 0.23513350000000002 0.019940000000000003 5.5000000000000007e-06 0.92513900000000004 0.033185500000000007 0.033185500000000007 0.00020550000000000003 6.9500000000000009e-05 0.0034125000000000002 0.92513900000000004 0.050979000000000003 1.5000000000000002e-06 0.0011620000000000003 0.0010820000000000003 0.008709500000000002 0.018418500000000004 0.051539000000000008 0.052283000000000003 0.57152900000000006 8.5000000000000016e-06 0.0023700000000000001 0.0014515000000000003 0.0018285 1.9500000000000003e-05 -0.015464999999999998 0.012526000000000001 0.009866500000000002 0.0010805000000000001 -0.00038649999999999996 0.00082850000000000013 -0.0010484999999999997 0.0010485000000000002 0.0028785000000000004 0.00045750000000000006 0.00069750000000000009 0.00094950000000000015
decision_type=2 2 2 2 2 2 2 2 2 2 2 2 2 2 2 2 2 2 2 2 2 2 2 2 2 2 2 2 2 2 2 2 2 2 2 2 2 2 2 2 2 2 2 2 2 2 2 2 2 2 2 2
left_child=1 2 23 5 6 15 14 8 26 -6 11 -11 -7 36 -5 20 27 18 -18 -20 24 -17 35 -1 25 -2 -8 -15 29 30 39 40 -9 -14 -19 37 -3 -4 -24 42 -32 -42 -29 49 46 -46 47 -45 -49 50 51 -37
right_child=3 13 22 4 9 12 7 32 -10 10 -12 -13 33 16 -16 21 17 34 19 -21 -22 -23 38 -25 -26 -27 -28 28 -30 -31 31 -33 -34 -35 -36 43 -38 -39 -40 -41 41 -43 -44 44 45 -47 -48 48 -50 -51 -52 -53
leaf_value=0.00039288374297999899 20.35444371481799 2.5055418443781039 -0.32078723581542823 157.21240376762159 -0.35844491617022595 123.82995138168876 128.19380248101734 1.8442292852917266 86.675695157897252 31.125391311723227 30.222236824521133 143.56843955108474 31.644386814251657 -0.13860333559314228 98.810092472225762 27.308933866335515 12.764414246928327 -28.218077569063418 74.420450059546951 11.564862099281605 67.729618993522422 -20.475253061942794 3.568736063835122 0.27316779345036579 -5.1565910780816582 75.556557859939787 180.51538196529981 5.4087302409822335 -1.2904299440126485 55.278203095138089 15.914095025490171 1.8779026546710855 55.433478092366414 82.888313950894258 15.122229199387181 4.3533419643671554 3.9563836971844548 32.189230160788263 10.046892107029631 2.2191390060484584 10.164960994105257 -2.0659824546338279 13.807312102787394 3.547139291279974 12.266873079838641 1.9200201834558437 0.61883855699375334 1.5481897912526088 -2.6648195214013621 0.6042858046534848 1.3939523342240274 15.735132977119166
leaf_weight=8750468.2269496918 46 12202.003744125366 8514.0829467773438 61 22 33 25 24 39 29 35 35 24 1049.0014400482178 41 34 74 26 51 20 43 42 5129.002592086792 524304.72996902466 23 24 25 34048.00651550293 715.00086402893066 24 570 873.00057601928711 20 23 40 1436.0005760192871 80401.020231246948 21 517 1864.0005760192871 2190.0008640289307 107 205 5496.0005760192871 251 94526.040660858154 33968.047521591187 29899.00806427002 1090 36409.025882720947 52134.031534194946 133
leaf_count=2227514 46 12111 6498 61 22 33 25 24 39 29 35 35 24 1014 41 34 74 26 51 20 43 42 5066 482457 23 24 25 33894 694 24 570 859 20 23 40 1422 79918 21 517 1850 2169 107 205 5482 251 93553 32813 29703 1090 35793 51385 133
internal_value=0.120099 0.115432 0.0565359 69.8227 92.3514 42.3568 110.204 92.1396 124.724 57.6742 70.5703 92.6288 84.423 4.29608 133.747 26.4785 5.47059 22.9525 34.2885 56.7169 40.7689 0.903104 1.45789 0.0158129 28.297 39.2897 154.382 5.38201 5.52467 5.64685 5.61695 8.7569 26.2171 56.7363 -1.95078 1.40003 3.76521 -0.24074 4.16197 5.29179 10.8515 9.59516 5.459 1.45487 1.62484 1.94742 1.19087 1.72344 1.4 1.14323 1.50861 5.31829
internal_weight=9.6794e+06 9.67876e+06 9.5443e+06 648 356 292 235 133 89 121 99 64 80 134459 102 212 41856 211 145 71 136 76 269523 9.27477e+06 93 70 50 41645 40596 39881 39857 3740 44 47 66 263877 92603 8535.08 5646 36117 2867 2297 34253 255342 165230 94777 70453.1 36485 30989 90112.1 53703 1569
internal_count=3107972 3107324 2973698 648 356 292 235 133 89 121 99 64 80 133626 102 212 41597 211 145 71 136 76 263727 2709971 93 70 50 41386 40372 39678 39654 3705 44 47 66 258144 92029 6519 5583 35949 2846 2276 34099 251625 162892 93804 69088 36275 30793 88733 52940 1555
is_linear=0
shrinkage=0.0184784


Tree=159
num_leaves=53
num_cat=0
split_feature=5 0 12 16 13 10 13 16 6 15 9 9 15 13 16 16 6 16 6 16 16 9 16 16 6 16 13 16 16 16 15 16 15 16 16 15 9 10 5 16 16 16 13 10 13 9 9 9 13 12 9 16
split_gain=8.26996e+09 5.09144e+09 2.00727e+09 1.25637e+09 1.44359e+09 8.93485e+08 7.40136e+08 7.26647e+08 7.21396e+08 6.25e+08 5.40147e+08 7.55856e+08 5.57203e+08 4.02157e+08 3.95178e+08 6.59463e+08 3.85114e+08 6.57183e+08 3.54477e+08 3.06882e+08 2.97754e+08 2.97379e+08 2.93321e+08 2.82909e+08 2.4609e+08 2.33258e+08 2.1152e+08 2.82731e+08 2.08424e+08 3.73516e+08 4.69598e+08 1.87978e+08 1.84946e+08 3.48063e+08 1.99816e+08 4.7667e+08 2.89499e+08 1.74253e+08 1.69146e+08 4.8592e+08 1.67735e+08 1.659e+08 1.47906e+08 1.31149e+08 1.28904e+08 1.0764e+08 2.23073e+08 1.07018e+08 1.06247e+08 1.00332e+08 9.9032e+07 9.50448e+07
threshold=0.67893700000000012 0.00096750000000000015 -0.0066269999999999992 1596140.5000000002 0.00046750000000000009 0.00087850000000000016 -0.91149699999999989 166249.00000000003 0.00021950000000000005 0.00010350000000000001 0.010425500000000002 0.0089820000000000021 0.033185500000000007 -0.88436849999999989 106692.50000000001 5406.0000000000009 0.89377350000000011 37006.000000000007 0.011661000000000001 1898489.0000000002 2288938.0000000005 0.0025995000000000002 5107.0000000000009 74482.000000000015 0.0023055000000000007 517640.50000000006 -0.0024254999999999997 199582.50000000003 134019.50000000003 7740.5000000000009 0.050302500000000007 5195.0000000000009 0.0034125000000000002 29451.000000000004 2684.0000000000005 0.019940000000000003 0.0003765000000000001 7.6500000000000016e-05 0.91422250000000005 10777.500000000002 60699.500000000007 559928.00000000012 0.0028305000000000006 0.00048050000000000008 -0.0038529999999999997 0.00077650000000000017 0.00084050000000000021 0.0010825000000000003 -0.0025374999999999994 -0.00034349999999999995 0.00054050000000000007 2617.5000000000005
decision_type=2 2 2 2 2 2 2 2 2 2 2 2 2 2 2 2 2 2 2 2 2 2 2 2 2 2 2 2 2 2 2 2 2 2 2 2 2 2 2 2 2 2 2 2 2 2 2 2 2 2 2 2
left_child=1 8 9 4 5 24 40 16 -1 14 11 12 13 -11 15 -2 21 -18 -7 26 44 -8 -15 -19 -3 -6 27 -10 29 31 -31 -14 37 34 36 -36 -34 41 39 -17 -4 45 -27 -28 -5 51 -47 -29 -43 -45 -32 -26
right_child=2 3 6 20 25 18 7 -9 19 10 -12 -13 28 22 -16 38 17 23 -20 -21 -22 -23 -24 -25 32 42 43 47 -30 30 50 -33 33 -35 35 -37 -38 -39 -40 -41 -42 48 -44 49 -46 46 -48 -49 -50 -51 -52 -53
leaf_value=0.039247293167979862 16.742920627412548 2.6560818962759658 69.40598984743491 6.8186128288904575 6.9923297093740837 1.5843777101406751 118.11651756129136 29.355407195108175 -1.0701365302933863 39.71325232509276 92.187228102891268 -64.893151811502733 49.437208111334691 -1.7841819228939795 12.36992402837139 136.50869131311737 40.343625376416938 154.51852744473925 15.908233002748387 -0.24356837081389437 -0.65032062522062173 201.02706361202297 -91.224697674432988 94.673641187236313 24.808761392135516 3.9870329089929677 0.3574322469803089 7.5708764761236793 -3.9499182661049832 131.63430688220478 67.688885622303914 -23.018529935429243 83.954801802946321 81.112964946499886 29.556656407600329 -75.094011452910024 10.002523923053085 9.5903267220771671 128.33340996427467 30.037626765533513 9.8313660505349603 7.9082206830247816 6.2705410646768582 1.919517994188946 1.3084168977895647 62.436741782304018 6.3175449422148295 -0.82473738575078004 21.650678102934478 0.91605504672923355 15.078173544714911 1.5974102553645642
leaf_weight=9209656.4024047852 36 5137.0028800964355 28 1213 17846.002592086792 111221.06278610229 22 26 1870.0011520385742 23 26 31 20 20 34.000288009643555 23 30 55 485 40342.053621292114 29409.036354064941 27 21 37 50 26408.001152038574 34402.06969833374 3980.0008640289307 21 27 20 20 21 26 31 20 50 4099.0005760192871 38 25 25 2456.0005760192871 11330.000288009644 71975.018144607544 54652.027360916138 20 1817 475 168 45430.031681060791 20 3443.0011520385742
leaf_count=2586206 36 5067 28 1213 17783 109695 22 26 1842 23 26 31 20 20 27 23 30 55 485 39054 28569 27 21 37 50 26380 32708 3959 21 27 20 20 21 26 31 20 50 4085 38 25 25 2442 11323 71534 53987 20 1817 475 168 44660 20 3415
internal_value=0.129709 0.125688 59.5322 2.38968 3.16488 2.19464 96.7833 111.704 0.0607387 36.5374 20.0968 11.6866 24.0549 -16.2184 62.775 76.8217 124.225 108.306 1.64657 1.05799 0.711276 163.829 -47.604 130.462 5.72576 5.41739 1.39004 4.38561 44.1928 53.6435 77.7756 13.2144 7.01818 25.5929 13.7542 -11.4875 31.8853 6.79007 101.968 81.0747 41.3162 5.34697 4.67261 1.26523 1.42806 3.65281 6.92898 6.6757 8.78818 1.53123 41.398 1.92981
internal_weight=9.67869e+06 9.67803e+06 655 269902 184628 129044 250 197 9.40813e+06 405 249 223 192 64 156 122 171 122 111706 198474 85274.1 49 41 92 17338 55584 158132 6325 128 107 67 40 12201 148 122 51 71 12053 86 48 53 7954 37738 151807 55865 5330 1837 4455 2624 117405 40 3493
internal_count=3047733 3047085 648 266647 182878 127392 250 197 2780438 398 249 223 192 64 149 122 171 122 110180 194232 83769 49 41 92 17212 55486 155178 6276 128 107 67 40 12145 148 122 51 71 11997 86 48 53 7912 37703 148902 55200 5302 1837 4434 2610 116194 40 3465
is_linear=0
shrinkage=0.0167186


Tree=160
num_leaves=53
num_cat=0
split_feature=4 3 16 16 16 4 6 9 9 16 16 3 16 16 3 4 16 3 9 16 16 16 16 16 16 16 9 9 16 16 9 16 13 16 10 16 13 16 15 10 16 9 13 7 4 10 13 16 10 6 15 4
split_gain=6.11413e+08 4.68643e+08 4.50035e+08 2.45197e+08 1.51864e+08 2.04986e+08 3.40403e+08 1.99373e+08 5.73206e+08 2.05637e+08 1.16541e+08 1.15088e+08 1.314e+08 7.24603e+07 6.82784e+07 6.2372e+07 1.29413e+08 8.96386e+08 1.4579e+08 6.13415e+08 3.32846e+08 4.47562e+08 4.39538e+08 1.66376e+08 1.86188e+08 2.60805e+08 1.52226e+08 2.96944e+08 1.11432e+08 1.11057e+08 6.47125e+07 5.6308e+07 5.10202e+07 2.04395e+08 6.71867e+07 6.30366e+07 5.07396e+07 4.75509e+07 4.27233e+07 4.10018e+07 3.93163e+07 3.88689e+07 3.63043e+07 3.56303e+07 3.49439e+07 3.48376e+07 3.43628e+07 6.26691e+07 5.607e+07 4.17351e+07 3.94266e+07 3.36145e+07
threshold=0.91397700000000015 0.0023025000000000003 2142940.0000000005 10136.500000000002 106692.50000000001 0.92730450000000009 0.89377350000000011 0.00039350000000000008 0.00020650000000000003 18577.000000000004 1428984.0000000002 0.00027750000000000002 1885445.5000000002 25668.000000000004 0.90078350000000007 0.23513350000000002 24713.500000000004 0.75452300000000017 0.0020215000000000003 5406.0000000000009 5406.0000000000009 5252.5000000000009 18975.000000000004 2479.0000000000005 2698.5000000000005 5039.0000000000009 0.010863000000000003 0.0089820000000000021 112239.50000000001 135877.50000000003 0.0005905000000000002 116888.00000000001 -0.00014349999999999999 62960.500000000007 0.0023905000000000007 236758.50000000003 0.00029750000000000008 1200236.5000000002 0.00016050000000000003 0.0067770000000000009 2602677.0000000005 0.0010755000000000003 0.0028880000000000004 0.00054250000000000012 0.00040150000000000006 0.0037735000000000004 -0.0013034999999999998 204854.50000000003 0.00061350000000000022 0.0021515000000000002 6.2500000000000015e-05 0.00040550000000000004
decision_type=2 2 2 2 2 2 2 2 2 2 2 2 2 2 2 2 2 2 2 2 2 2 2 2 2 2 2 2 2 2 2 2 2 2 2 2 2 2 2 2 2 2 2 2 2 2 2 2 2 2 2 2
left_child=1 11 10 -2 5 6 -5 8 9 -7 15 -1 32 -9 -11 31 18 -18 20 26 21 23 -22 -17 -25 -26 27 -20 -19 -30 -31 45 37 34 43 44 -36 46 39 42 -4 -8 -33 -34 -35 -3 47 50 49 -49 -13 -48
right_child=3 2 40 4 -6 7 41 13 -10 14 -12 12 -14 -15 -16 16 17 28 19 -21 22 -23 -24 24 25 -27 -28 -29 29 30 -32 38 33 35 36 -37 -38 -39 -40 -41 -42 -43 -44 -45 -46 -47 51 48 -50 -51 -52 -53
leaf_value=0.19421007231510551 -674.07290400014074 -5.7525691719193794 -16.771437646042603 2313.4102527235509 -135.00675230310924 -458.27204270470673 835.62463092907569 -562.96477371336005 2326.887565989623 1017.0372647894088 13.298549804651483 -17.670028208606446 -8.4023866844250588 205.98729011607426 346.12876402163215 -467.30580128806457 2623.9477172828865 -667.53481540519624 -117.36663729624917 -1839.3330653270552 1992.4259342250939 -1527.4171651022978 -10.391779201878734 1139.7971428793232 -394.79117580393677 1043.5833705318817 -723.42491577578369 1165.0242197192836 980.08838511141369 239.16289952929176 -473.68962367069793 37.07221490635802 133.4698335696244 44.092108069099268 -0.11341663172921745 11.082073877984687 -599.11130762771995 -12.279257478871653 -43.727727861817918 107.9426843925437 -53.877719268779693 277.70171046854148 58.702197596554029 263.10871239815145 -41.081864957903235 91.741276603715335 -2.978526292400872 68.647127628756991 24.835627530393303 220.33645686978917 89.006007765132594 11.729617764685742
leaf_weight=9225572.8015441895 22 4773.0008640289307 16572.01024055481 20 37 30 67 26 21 32 30072.014400482178 5798.0011520385742 57105.095607757568 36 45 33 20 20 73 24 27 21 27 32 44 24 23 32 20 62 21 53705.017568588257 1032.0005760192871 10046.012672424316 135 141489.08093070984 20 17510.009881973267 723.00115203857422 1145.0005760192871 4469.0033473968506 20 11638.005184173584 350.00028800964355 631.00086402893066 499 39922.095043182373 1256.0014400482178 14056.003168106079 272 461.00057601928711 36817.025056838989
leaf_count=2640015 22 4752 16334 20 37 30 67 26 21 32 29722 5770 54851 36 45 33 20 20 73 24 27 21 27 32 44 24 23 32 20 62 21 53278 1018 9738 135 139522 20 17272 695 1131 4392 20 11512 343 610 499 37612 1221 13979 272 447 36208
internal_value=0.719021 0.702094 22.1385 460.798 535.599 619.157 1007.82 400.232 650.511 321.28 31.6917 0.423606 6.89748 -116.466 625.045 39.2702 162.474 445.014 50.2296 -211.114 241.218 -21.7715 991.109 216.068 441.644 112.963 94.3067 273.523 90.4888 237.747 58.7455 38.4151 10.1359 14.3318 141.721 13.0451 -77.4488 4.58049 41.1558 42.0788 -24.6527 707.425 40.9247 166.304 39.0582 3.47527 7.57511 19.8613 31.7792 95.6515 -9.8125 4.07796
internal_weight=9.67693e+06 9.67657e+06 124099 356 334 297 107 190 128 107 103058 9.55247e+06 326900 62 77 72986 503 143 360 152 208 154 54 133 100 68 128 105 123 103 83 72483 269795 153703 1537 152166 155 116092 67211 66488 21041 87 65343 1382 10677 5272 98582.1 21843 15584 1528 6259 76739.1
internal_count=3082207 3081851 122818 356 334 297 107 190 128 107 102092 2959033 319018 62 77 72370 503 143 360 152 208 154 54 133 100 68 128 105 123 103 83 71867 264167 151386 1516 149870 155 112781 66616 65921 20726 87 64790 1361 10348 5251 95509 21689 15472 1493 6217 73820
is_linear=0
shrinkage=0.35109


Tree=161
num_leaves=53
num_cat=0
split_feature=0 8 2 0 11 0 11 11 9 9 8 6 9 8 9 9 6 8 8 0 6 7 8 9 9 9 7 7 8 13 8 13 11 8 9 9 9 10 8 9 9 0 13 13 13 10 7 7 6 6 8 11
split_gain=1.82808e+10 1.24817e+10 2.73639e+09 1.79328e+09 1.80042e+09 1.57796e+09 8.31839e+08 9.12513e+08 6.27508e+08 1.10544e+09 8.37946e+08 5.07106e+08 4.90635e+08 6.86068e+08 3.79791e+08 9.85728e+08 3.71629e+08 3.33923e+08 3.15105e+08 3.05073e+08 2.98102e+08 2.63415e+08 4.10161e+08 2.53989e+08 2.42924e+08 1.93926e+08 1.89748e+08 1.73221e+08 1.67216e+08 2.74208e+08 1.42157e+08 1.40607e+08 1.15531e+08 1.14883e+08 2.12297e+08 1.08916e+08 1.51883e+08 9.0843e+07 7.45753e+07 6.82547e+07 6.10728e+07 1.01546e+08 5.96823e+07 5.98341e+07 5.75232e+07 5.6236e+07 5.3209e+07 5.09067e+07 9.81938e+07 6.08322e+07 6.06185e+07 6.25619e+07
threshold=0.91397700000000015 0.0023120000000000003 0.00045150000000000002 0.92730450000000009 0.00037450000000000005 0.23513350000000002 0.94009900000000013 0.00041150000000000003 0.00076650000000000015 0.00033550000000000008 0.96647850000000013 0.94509250000000011 0.00018850000000000006 0.92513900000000004 0.0005685000000000001 0.006026000000000001 0.89377350000000011 0.0030705000000000003 0.96228150000000012 1.0000000180025095e-35 0.49003550000000001 0.0086880000000000013 0.018418500000000004 0.00035850000000000004 0.0014745000000000003 0.0088010000000000015 0.0005015000000000001 0.00041450000000000005 0.0010615000000000002 0.00023450000000000004 7.2500000000000014e-05 0.00067800000000000011 0.00039250000000000005 0.92513900000000004 0.0055580000000000013 0.00037450000000000005 0.00034250000000000009 0.79169000000000012 0.0038935000000000007 5.7500000000000009e-05 0.008296000000000003 0.8177930000000001 -0.00044649999999999996 -0.0008994999999999998 -2.7499999999999994e-05 7.2500000000000014e-05 0.00047050000000000005 0.00048150000000000005 0.00037950000000000006 0.00032850000000000007 0.0045345000000000012 0.0022555000000000001
decision_type=2 2 2 2 2 2 2 2 2 2 2 2 2 2 2 2 2 2 2 2 2 2 2 2 2 2 2 2 2 2 2 2 2 2 2 2 2 2 2 2 2 2 2 2 2 2 2 2 2 2 2 2
left_child=1 2 30 16 -5 17 7 12 9 10 32 -12 13 -7 20 24 -2 26 -10 -19 -9 27 37 -8 -16 -17 -3 38 -4 42 -1 -31 -6 34 -18 36 39 45 -21 -22 -25 -42 43 -30 46 -23 -44 49 -49 -29 -50 -52
right_child=3 5 28 4 8 6 23 14 18 -11 11 -13 -14 -15 15 25 33 19 -20 21 35 22 -24 40 -26 -27 -28 47 29 31 -32 -33 -34 -35 -36 -37 -38 -39 -40 -41 41 -43 44 -45 -46 -47 -48 48 50 -51 51 -53
leaf_value=-0.074317465482093475 392.45295527860628 8.9532957362690766 2.0387118498066616 405.26465894700374 71.3739223992728 -53.621757915298467 98.512734227958092 2.3738889603508255 -24.6936506545056 325.45470416393403 312.8946855372501 116.73760140667015 -74.833933546321447 146.17208641446902 183.68128258556879 32.03406209673394 163.88933410124588 -0.73984972872662025 115.79076148326475 16.922210520731007 119.25179347181043 21.23549405047747 1.9882240468702232 -34.9640450491992 317.69514117612238 139.55018298300558 5.3955188006314492 7.1681562084691404 3.2202484841347956 18.487727456867205 0.45144185682142646 7.3791238472190175 -18.519486829616397 293.77588201524031 301.25528307081242 50.873831902253158 178.48681915221377 6.1222491568776087 8.7027128263266746 51.500070704614821 60.565829314708076 -22.001927511159991 21.994188339707723 1.2874494847199367 3.311087916791037 29.755574354015167 4.824414041895781 -0.20699450683703902 9.0423184977389504 12.042855607743906 10.135652942759338 16.238037740123083
leaf_weight=8752680.9208335876 29 27711.00862121582 117512.12273788452 24 37.000288009643555 27 21 31 29 30 23 25 38 37 22 35 21 2231.0048961639404 29 4585.0002880096436 38 1577 1087.0002880096436 65 28 27 26791.01141166687 2811.0020866394043 43264.031642913818 1330 493657.12206077576 4674.0023040771484 20 76 20 24 30 251 1284 21 21 38 165 21932.039546966553 76211.047605514526 1272 26886.01879119873 974 44725.014381408691 13492.003744125366 4898.00124168396 2218.0002880096436
leaf_count=2212772 29 27508 114579 24 30 27 21 31 29 30 23 25 38 37 22 35 21 2112 29 4578 38 1577 1080 65 28 27 26518 2769 42508 1330 442702 4618 20 76 20 24 30 251 1284 21 21 38 165 20973 75091 1272 26438 974 44382 13401 4870 2211
internal_value=0.181988 0.173962 0.0444807 214.086 159.124 9.22778 62.5192 87.1894 128.492 164.116 117.991 210.767 10.9467 61.8819 117.566 159.2 295.776 9.03054 45.5589 10.2531 85.1762 10.5629 17.9212 1.60903 258.768 78.8769 7.20444 10.1521 2.91769 3.50974 -0.0462474 9.83993 39.8367 271.783 230.957 107.89 123.259 23.5079 15.124 95.1511 -14.8114 7.3895 3.28413 2.57005 3.73497 25.0396 4.92916 9.72987 9.27533 11.2024 9.45349 12.0378
internal_weight=9.67509e+06 9.67472e+06 9.53831e+06 363 217 136410 503 358 193 135 105 48 102 64 256 112 146 135907 58 81405 144 79174 4187 145 50 62 54502 74987 291974 174462 9.24634e+06 6004 57.0003 117 41 113 89 3100 5869 59 124 59 168458 65196.1 103262 2849 27051 69118 52815 16303 51841 7116
internal_count=3076822 3076466 2941176 356 210 135290 503 358 186 128 98 48 102 64 256 112 146 134787 58 80761 144 78649 4180 145 50 62 54026 74469 285702 171123 2655474 5948 50 117 41 113 89 3100 5862 59 124 59 165175 63481 101694 2849 26603 68607 52437 16170 51463 7081
is_linear=0
shrinkage=0.0301441


Tree=162
num_leaves=53
num_cat=0
split_feature=4 8 7 8 12 15 14 9 8 9 12 14 14 4 15 12 8 12 14 9 9 9 9 9 9 3 8 14 12 15 13 8 13 7 8 7 12 14 14 4 7 4 12 7 14 14 12 14 3 3 7 4
split_gain=5.14058e+08 4.00593e+08 9.94801e+07 8.22569e+07 6.97834e+07 2.18617e+08 9.44443e+07 9.03355e+07 5.20232e+07 1.81851e+08 2.96361e+08 1.39735e+08 8.96077e+07 8.62207e+07 2.49862e+08 1.19844e+08 5.14918e+07 2.86017e+08 2.3166e+08 5.70901e+07 3.10314e+08 2.0229e+08 8.43721e+07 7.60225e+07 2.41832e+08 1.50012e+08 9.41841e+07 5.00885e+07 2.20882e+08 6.49058e+07 4.69311e+07 3.66354e+07 3.64062e+07 2.55745e+07 3.33903e+07 2.45839e+07 3.11467e+08 2.34558e+07 3.89433e+07 1.65771e+08 2.3283e+07 4.65952e+07 2.78473e+07 2.29202e+07 2.19649e+07 2.14289e+07 1.93097e+07 1.92156e+07 1.79168e+07 1.78375e+07 1.87663e+07 1.92196e+07
threshold=0.91397700000000015 0.0011605000000000003 0.93469650000000015 0.0029035000000000003 0.018189500000000001 0.0026665000000000005 0.00013350000000000002 0.0014745000000000003 0.96228150000000012 0.0078670000000000007 -0.0039964999999999992 0.046726000000000011 0.019083500000000003 0.92730450000000009 0.00010350000000000001 -0.022734999999999995 0.92074100000000014 -0.14644149999999997 0.0087735000000000018 0.0091010000000000014 0.010510500000000001 0.008296000000000003 0.0062355000000000006 0.00036850000000000007 0.00035750000000000007 0.48583150000000003 0.95254850000000013 0.046726000000000011 -0.071882499999999988 0.013920000000000002 -0.00036899999999999992 6.9500000000000009e-05 -0.00082049999999999994 0.00041550000000000002 0.003909000000000001 0.16861500000000004 -0.019394499999999999 0.013005500000000001 0.012320000000000003 0.17083400000000001 0.0054030000000000007 0.0030315000000000003 0.0013945000000000001 0.16861500000000004 0.00069950000000000014 1.0000000180025095e-35 0.0011690000000000001 2.5000000000000002e-06 2.5500000000000003e-05 0.0031175000000000005 0.00058450000000000006 0.0011385000000000002
decision_type=2 2 2 2 2 2 2 2 2 2 2 2 2 2 2 2 2 2 2 2 2 2 2 2 2 2 2 2 2 2 2 2 2 2 2 2 2 2 2 2 2 2 2 2 2 2 2 2 2 2 2 2
left_child=1 31 8 30 16 6 -6 -7 11 10 -10 12 -2 -13 15 -15 27 19 -19 21 -21 22 23 24 25 -18 -25 33 29 43 32 44 45 34 47 37 -37 38 40 -40 42 -42 -35 -29 -1 -3 -36 -5 -33 -32 -51 -52
right_child=2 3 -4 4 5 7 -8 -9 9 -11 -12 13 -14 14 -16 -17 17 18 -20 20 -22 -23 -24 26 -26 -27 -28 28 -30 -31 49 48 -34 35 46 36 -38 -39 39 -41 41 -43 -44 -45 -46 -47 -48 -49 -50 50 51 -53
leaf_value=-0.052286601328458686 338.05580120568465 57.49785056858957 -167.98632281447439 -232.62794289230433 166.37997798279378 447.48419944258529 -810.92191254891793 1357.6002335023843 1927.096647343127 -140.64320678141635 197.2206427137026 616.30887833930296 906.10750031554005 -4.6229760057170948 -698.01654088256328 1148.0280233589297 814.85030471384323 207.15736016152482 1719.5792155819368 -1347.3559476930229 424.15579264041952 994.82718644112936 -551.75296669259592 927.97313178741558 -1135.9688395287708 -188.61666526397985 1.7476138245678223 78.569968425462349 -1133.0245888138393 528.11802972507519 14.719041049780529 9.6143753421236653 -9.2258086725266857 21.08931857505533 -40.870250331086133 -438.92104566618696 1243.5982218462657 -83.79833098702025 -214.32531238633806 1080.4619952312069 -38.698872311368802 47.713795820614969 4.5477382655999694 -348.45712606295592 87.030946106735271 6.5450126044519878 45.951835998823874 53.757490400822299 2.2018780462730247 -15.454431118097062 -490.45649590882357 -20.936847580707376
leaf_weight=8750492.917470932 63 1035.0005760192871 32 29 29 41 21 20 26 20 23 32 75 25 40 20 29 26 24 21 29 27 32 24 22 50 31 30 25 25 104125.06546211243 43088.041761398315 22096.053281784058 64882.033748626709 851.00095367431641 33 23 270.00057601928711 29 21 866.00144004821777 6877.0037441253662 15552.00892829895 32 357.00028800964355 59862.023508071899 502 5995.0034561157227 598608.04193496704 1677.0011520385742 21 22
leaf_count=2210535 63 1021 32 29 29 41 21 20 26 20 23 32 75 25 40 20 29 26 24 21 29 27 32 24 22 50 31 30 25 25 102571 42073 20801 64077 830 33 23 256 29 21 831 6786 15335 32 350 59295 502 5911 549193 1649 21 22
internal_value=0.548233 0.532713 422.411 13.4931 21.8337 300.03 -244.104 746.058 480.751 751.223 1115.3 407.532 646.822 125.251 -59.6733 507.729 21.5132 163.227 933.278 17.8948 -319.958 96.484 -32.5817 73.9389 -106.904 179.778 406.018 21.0484 -213.585 50.7145 9.2322 0.139032 2.98163 21.3224 41.1838 19.6678 252.184 19.5206 19.8368 329.548 19.6611 38.0489 17.891 -141.815 -0.0487336 7.41104 -8.65558 52.378 2.69961 14.1332 -21.3283 -250.307
internal_weight=9.67821e+06 9.67785e+06 356 285306 96468.1 111 50 61 324 69 49 255 138 117 85 45 96357.1 315 50 265 50 215 188 156 101 79 55 96042.1 112 87 188838 9.39255e+06 82993.1 95930.1 7377 88553 56 88497 88227 50 88177 7743.01 80434 62 8.75085e+06 60897 1353 6024 641696 105845 1720 43
internal_count=3083088 3082732 356 280581 95201 111 50 61 324 69 49 255 138 117 85 45 95090 315 50 265 50 215 188 156 101 79 55 94775 112 87 185380 2802151 81117 94663 7272 87391 56 87335 87079 50 87029 7617 79412 62 2210885 60316 1332 5940 591266 104263 1692 43
is_linear=0
shrinkage=0.35109


Tree=163
num_leaves=53
num_cat=0
split_feature=8 9 8 16 9 16 16 16 16 6 15 16 8 9 9 16 16 15 16 9 9 16 7 12 16 16 15 2 7 2 16 8 16 8 16 12 16 10 2 16 6 16 7 12 8 7 16 7 15 9 15 7
split_gain=1.99645e+08 1.7575e+08 1.74726e+08 2.8908e+08 1.3169e+08 1.45912e+08 2.08643e+08 1.94698e+08 2.30361e+08 2.53242e+08 2.32772e+08 1.79409e+08 1.78492e+08 2.10073e+08 4.46852e+08 2.40829e+08 1.13396e+08 7.68784e+07 7.56828e+07 2.88018e+08 2.85613e+08 6.93925e+07 6.49467e+07 6.39463e+07 1.205e+08 8.10187e+07 6.11711e+07 1.20113e+08 7.48177e+07 5.51275e+07 1.19519e+08 5.43078e+07 5.42062e+07 4.39778e+07 4.1843e+07 3.93649e+07 3.77772e+07 1.26153e+08 4.19082e+07 3.81507e+07 5.6029e+07 3.66352e+07 4.39079e+07 6.01735e+07 1.1299e+08 1.49201e+08 2.12309e+08 3.64165e+07 3.62487e+07 1.92711e+08 5.19238e+07 3.37094e+07
threshold=0.92074100000000014 0.010863000000000003 0.0016700000000000003 1721279.0000000002 0.010046000000000003 7560.0000000000009 2684.0000000000005 10624.500000000002 15312.500000000002 0.89377350000000011 0.044856500000000007 34247.000000000007 0.96647850000000013 0.00018450000000000001 0.0039050000000000005 5019.5000000000009 60699.500000000007 0.00016050000000000003 2518.5000000000005 0.00041150000000000008 0.0003765000000000001 12595.500000000002 0.91149700000000011 0.018189500000000001 198949.50000000003 345923.50000000006 0.00015450000000000004 0.59831400000000012 0.16861500000000004 0.17539850000000004 5267.5000000000009 0.0032155000000000005 94032.500000000015 0.25019750000000002 2384476.5000000005 -0.00068449999999999989 682712.50000000012 0.0011505000000000003 0.00078550000000000007 113462.00000000001 0.00063150000000000012 121763.50000000001 4.250000000000001e-05 -1.4999999999999998e-06 4.500000000000001e-06 1.0000000180025095e-35 494702.00000000006 0.00082550000000000017 0.0011290000000000002 0.00077650000000000017 0.0010245000000000002 0.00043150000000000008
decision_type=2 2 2 2 2 2 2 2 2 2 2 2 2 2 2 2 2 2 2 2 2 2 2 2 2 2 2 2 2 2 2 2 2 2 2 2 2 2 2 2 2 2 2 2 2 2 2 2 2 2 2 2
left_child=2 4 36 21 5 6 18 -7 -9 10 -10 -11 13 -8 15 -15 17 -13 19 -2 -20 29 -18 26 32 -26 31 28 -28 35 -31 -23 -25 -33 -5 48 37 38 41 40 -40 -1 43 44 45 46 -43 -38 50 -50 -4 -44
right_child=1 -3 3 34 -6 7 12 8 9 11 -12 16 -14 14 -16 -17 22 -19 20 -21 -22 23 -24 24 25 -27 27 -29 -30 30 -32 33 -34 -35 -36 -37 47 -39 39 -41 -42 42 51 -45 -46 -47 -48 -49 49 -51 -52 -53
leaf_value=-0.95638731159327739 -738.36184728906824 -686.62983081216419 -29.251870799749607 -5.7716352596666862 1005.9614698552601 1082.9970238994333 -1212.7334447649243 -758.56409262963552 1703.1436502163451 -616.27503730802994 285.17134433504077 1032.7272223373766 571.20258673233127 -386.59468360092717 -1143.0317838598742 1159.6991599054295 273.3969584803009 325.6207331034384 1465.2320483614908 810.17467552516507 -152.82405255357477 15.247173249416493 -171.47071933889967 194.33254074239503 -629.46920428741237 207.43258214130776 -37.307082004272544 -663.13214458979508 431.49804385972783 102.94476234593887 -1005.921602583404 29.357140467887213 837.73023559881483 482.97581396592182 -28.093085597816859 340.49364521218826 -0.36901356762217868 11.104234211698031 149.30836816336014 12.241474164502362 25.348005854901771 60.225369934566679 -11.064514855341182 0.92764344843829505 2.9867906066949206 -3.4183347218041025 0.52246123990381377 -15.983116103744061 -160.98165506575711 986.75431990062759 -570.68321630701098 37.133678879066203
leaf_weight=1237037.8349895477 26 25 3243.0031681060791 32186.018611907959 23 34 31 24 26 28 26 31 22 20 32 26 116 39 24 28 25 79916.04377746582 54 24 20 37 1905.0011520385742 34 39 24 20 47135.031105041504 38 24 13342.017185211182 33 5663053.838602066 132587.44324684143 618 6322.0040321350098 1214.0017280578613 16969.018144607544 42309.079202651978 2166298.8897075653 185563.35102272034 16585.208806991577 11043.380460739136 16826.008441925049 52 24 20 1695.0054721832275
leaf_count=414686 26 25 3166 31738 23 34 31 24 26 28 26 31 22 20 32 26 116 39 24 28 25 78852 54 24 20 37 1877 34 39 24 20 46379 38 24 12957 33 1482879 121814 618 6224 1172 16528 40384 662028 128420 11510 1796 16623 52 24 20 1562
internal_value=0.340311 184.649 0.327739 10.7271 218.972 189.374 -18.5986 318.12 242.485 317.597 994.311 186.254 -299.193 -474.948 -181.587 487.356 279.916 638.867 338.246 64.5741 639.772 18.6386 132.076 19.8854 265.424 -86.2412 19.659 -38.8223 -27.8985 -28.507 -401.136 20.5693 588.733 29.5882 -12.313 -23.6429 0.132722 0.947893 0.582529 24.5818 67.1656 0.529316 1.2824 1.47502 6.62702 21.7734 36.6886 -0.415269 -27.2434 201.528 -32.5731 -9.20791
internal_weight=9.6769e+06 660 9.67624e+06 178116 635 612 234 378 344 320 52 268 131 109 78 46 240 70 103 54 49 132588 170 129172 119 57 129053 1978 1944 3416 44 127075 62 47159 45528 3372 9.49812e+06 3.81824e+06 3.68566e+06 8154.01 1832 3.6775e+06 2.44046e+06 2.39646e+06 230161 44597.6 28012.4 5.67988e+06 3339 76 3263 44004.1
internal_count=3082262 660 3081602 175358 635 612 234 378 344 320 52 268 131 109 78 46 240 70 103 54 49 130663 170 127324 119 57 127205 1950 1916 3339 44 125255 62 46403 44695 3295 2906244 1406742 1284928 8014 1790 1276914 862228 820282 158254 29834 18324 1499502 3262 76 3186 41946
is_linear=0
shrinkage=0.335131


Tree=164
num_leaves=53
num_cat=0
split_feature=8 5 8 9 0 9 3 9 9 9 9 0 9 9 8 9 7 5 14 9 14 5 9 9 9 9 5 8 3 0 14 9 14 8 14 7 5 5 9 7 4 14 14 3 8 14 8 8 14 14 3 7
split_gain=9.3527e+07 8.01165e+07 6.68379e+07 5.35973e+08 3.48028e+08 1.85933e+08 1.00892e+08 5.46879e+07 5.45696e+07 3.53083e+08 1.04821e+08 1.53629e+08 9.83344e+07 9.63388e+07 8.98538e+07 5.96333e+07 7.19392e+07 5.54824e+07 3.09402e+08 1.15163e+08 2.43747e+07 1.79583e+08 8.20977e+07 7.25699e+07 1.52983e+08 1.48898e+08 1.35276e+08 5.32098e+07 3.23548e+07 4.94248e+07 2.94411e+08 2.48748e+07 2.33398e+07 2.27236e+07 2.02885e+07 1.95598e+07 1.93189e+07 1.79998e+07 2.28103e+07 4.47692e+07 3.53226e+07 3.60093e+07 1.90656e+07 1.73564e+07 2.12217e+07 1.64531e+07 5.27417e+07 1.58833e+07 4.32611e+07 4.00048e+07 1.58566e+07 1.49289e+07
threshold=0.0025795000000000006 0.67893700000000012 0.96647850000000013 0.00042950000000000009 0.95752500000000007 0.010425500000000002 0.90078350000000007 0.0089820000000000021 0.00062350000000000014 0.00097450000000000021 0.0066970000000000007 0.92730450000000009 0.0081290000000000025 0.00039350000000000008 0.95254850000000013 0.00036050000000000009 0.88436850000000011 0.92514000000000018 0.046726000000000011 0.00018750000000000003 0.046726000000000011 0.19902250000000002 0.0089820000000000021 0.00035450000000000011 0.005267 0.007212500000000001 0.57152900000000006 0.92513900000000004 0.12940850000000001 0.17083400000000001 0.013005500000000001 0.00083850000000000016 0.012320000000000003 7.6500000000000016e-05 1.0500000000000003e-05 0.10775050000000001 0.11258250000000002 0.00011250000000000001 2.7500000000000001e-05 0.00052650000000000017 0.0010145000000000002 2.7500000000000001e-05 0.0058240000000000002 0.0025385000000000004 0.0040875000000000009 6.5000000000000013e-06 0.0043250000000000016 0.0039075000000000004 0.00014200000000000001 9.4500000000000007e-05 0.0035885000000000005 1.0000000180025095e-35
decision_type=2 2 2 2 2 2 2 2 2 2 2 2 2 2 2 2 2 2 2 2 2 2 2 2 2 2 2 2 2 2 2 2 2 2 2 2 2 2 2 2 2 2 2 2 2 2 2 2 2 2 2 2
left_child=33 20 4 6 5 7 -4 8 13 -10 -11 12 -12 14 15 17 -17 19 -19 -3 21 28 23 27 26 -26 -25 36 29 35 -31 -30 -33 -1 51 37 -22 -2 43 45 41 -41 -42 44 -39 46 -40 49 -49 -45 -47 -35
right_child=1 2 3 -5 -6 -7 -8 -9 9 10 11 -13 -14 -15 -16 16 -18 18 -20 -21 22 -23 -24 24 25 -27 -28 -29 31 30 -32 32 -34 34 -36 -37 -38 38 39 40 42 -43 -44 47 -46 50 -48 48 -50 -51 -52 -53
leaf_value=-0.055788495124245968 -6.6430180523848739 376.60150804465917 1010.6752793703159 -1254.1979329310909 1547.2431246177887 1077.3386599030487 92.058879430600726 -428.52887040454931 1655.0650015666693 -550.69421114005581 1042.7834190172698 -549.59412554435585 95.340582227128706 -578.25715395918314 -378.3529614478075 965.40670909778214 77.489829898961517 644.4604639317364 -1137.6658093719095 -185.79235695304965 29.395992039806544 804.3167566214297 491.15433679813117 -1495.8033484951966 760.95990996814112 -467.31831425976276 -278.15253814931577 366.90021640383674 -53.167010433559362 1432.5569542947137 -197.36686807944017 -100.1477530373963 -549.5595578063004 -4.094998163005239 -15.862668784181077 -130.73968172501102 -359.37161520287128 61.595807279644738 13.16446007574576 -9.6121562000544927 7.2736405425205994 -92.863302104649975 109.30523062094223 3.5640620990390905 -179.94643584416687 121.22971630305972 -347.52530909056151 40.314446053319024 -65.844338291838525 155.13454374259808 29.671305446652372 2.4697581256217753
leaf_weight=8760266.1778469086 8128.0083522796631 125 26 34 22 24 34 25 20 27 27 21 27 29 44 23 22 24 24 70 31 35 25 22 20 31 23 36 138 20 43 28 29 45328.243690490723 7838.0123844146729 123 32 1745.0011520385742 55216.029121398926 16070.00892829895 22672.021690368652 667 228 7446.0060482025146 46 246 50 5823.0031681060791 515.00086402893066 221 4465.0034561157227 736320.10041809082
leaf_count=2140960 7925 125 26 34 22 24 34 25 20 27 27 21 27 29 44 23 22 24 24 70 31 35 25 22 20 31 23 36 138 20 43 28 29 39525 7537 123 32 1717 54530 15853 22147 667 228 7299 46 246 50 5746 494 221 4381 685379
internal_value=0.231596 9.77979 132.908 -140.799 179.355 122.751 490.212 77.6243 103.837 306.822 42.2894 255.829 569.164 35.2267 88.8384 160.235 531.418 91.4709 -246.595 174.706 9.13722 9.34447 -107.617 -184.422 -401.901 14.3713 -873.627 26.4685 9.11984 9.34507 320.197 -133.772 -328.859 0.106794 1.91084 9.18666 -168.063 9.32601 10.4507 8.48514 -0.670481 -12.93 8.28962 22.8458 55.3898 14.5358 12.838 18.6838 31.688 7.93349 34.4529 2.08906
internal_weight=9.67457e+06 124822 648 94 554 532 60 508 483 122 102 75 54 361 332 288 45 243 48 195 124174 123954 220 195 96 51 45 99 123919 123724 63 195 57 9.54975e+06 789486 123661 63 123538 115410 99614.1 39637 16737 22900 15796 1791 59977 55266 14005 6338 7667.01 4711 781648
internal_count=2996235 122834 648 94 554 532 60 508 483 122 102 75 54 361 332 288 45 243 48 195 122186 121966 220 195 96 51 45 99 121931 121736 63 195 57 2873401 732441 121673 63 121550 113625 98102 38895 16520 22375 15523 1763 59207 54580 13760 6240 7520 4627 724904
is_linear=0
shrinkage=0.35109


Tree=165
num_leaves=53
num_cat=0
split_feature=14 9 9 14 15 9 9 9 15 15 12 15 9 15 9 9 9 15 14 12 12 14 2 12 12 13 13 9 14 9 12 12 15 15 7 14 14 13 6 15 14 10 12 14 15 2 10 14 14 13 2 12
split_gain=5.93114e+07 1.13264e+08 2.4449e+08 2.77835e+08 2.85056e+08 1.55031e+08 1.03256e+08 1.31536e+08 1.57057e+08 1.69141e+08 1.43119e+08 1.20933e+08 1.00446e+08 9.38352e+07 2.12739e+08 7.63269e+07 1.48799e+08 8.81719e+07 8.03161e+07 6.92425e+07 4.60727e+07 1.42265e+08 1.98388e+08 9.29444e+07 7.33869e+07 3.55101e+07 2.83913e+07 3.52433e+07 3.02037e+07 3.63286e+07 3.36945e+07 2.97557e+07 7.30476e+07 2.73708e+07 2.53167e+07 1.9726e+07 1.96501e+07 1.80214e+07 2.09296e+07 1.16517e+08 2.54109e+08 2.13388e+07 2.40284e+07 5.6568e+07 2.89274e+07 2.61711e+07 2.145e+07 2.08758e+07 2.00246e+07 1.78213e+07 2.99854e+07 1.78923e+07
threshold=0.025577000000000006 0.00037250000000000011 0.00038950000000000009 0.046726000000000011 0.050607500000000007 0.00036250000000000008 0.010637000000000002 0.0089820000000000021 0.033185500000000007 0.050979000000000003 -0.032569999999999995 0.037011000000000009 0.011476000000000002 5.5000000000000007e-06 0.005267 0.00018450000000000001 0.00035250000000000006 0.00017550000000000001 0.054875500000000008 -0.14644149999999997 -0.019394499999999999 0.054875500000000008 0.59831400000000012 -0.085697499999999996 -0.0016914999999999999 3.4500000000000005e-05 -0.12002949999999998 0.00039050000000000006 0.013005500000000001 0.00033950000000000007 -0.0059454999999999994 -0.0090079999999999986 0.0019730000000000004 0.018882500000000007 1.5000000000000002e-06 0.21783400000000003 1.0500000000000003e-05 -0.0039399999999999991 0.11802200000000002 0.0011620000000000003 0.0087735000000000018 7.6500000000000016e-05 0.0027670000000000004 1.1500000000000002e-05 6.5000000000000013e-06 0.0092120000000000014 0.0059745000000000006 5.5000000000000007e-06 0.00014200000000000001 0.0036350000000000006 0.0047350000000000005 -0.0008724999999999999
decision_type=2 2 2 2 2 2 2 2 2 2 2 2 2 2 2 2 2 2 2 2 2 2 2 2 2 2 2 2 2 2 2 2 2 2 2 2 2 2 2 2 2 2 2 2 2 2 2 2 2 2 2 2
left_child=25 5 -3 4 -4 15 7 8 13 10 -10 -9 -8 -5 -15 17 18 20 -17 33 23 24 -23 -2 -22 26 27 28 -1 30 -30 32 -29 -19 -27 -16 49 38 41 40 -40 -28 44 -44 47 -45 -47 -43 -49 51 -51 -36
right_child=1 2 3 6 -6 -7 12 11 9 -11 -12 -13 -14 14 35 16 -18 19 -20 -21 21 22 -24 -25 -26 34 37 31 29 -31 -32 -33 -34 -35 36 -37 -38 -39 39 -41 -42 42 43 45 -46 46 -48 48 -50 50 -52 -53
leaf_value=-123.79277208461831 51.648409634718064 1440.556252200578 1977.2690688965786 223.26609040724171 103.20928039544955 -848.2995132086952 -1026.2115422844151 1218.3248233022532 278.08763598384331 -257.49303032948825 1408.7208745337987 64.84569767443891 72.766494563768674 -1458.0298417203326 141.02292091051854 299.62355234991401 -215.76217117002855 126.97801174552289 1282.7081690707291 -728.50114960158771 659.73163703775674 103.7084229814465 -1100.0526893171245 706.7906441907611 -70.813837899658111 -1.2474783712123327 1.1066580099272985 -87.707056668629804 96.161833839739643 464.25952390696301 -365.63003401086314 81.548394677051647 -718.32496181616273 -366.60705694242608 16.200005887230262 -320.35930832576958 102.21781851191446 -0.014112431706462652 -288.1155128912589 -436.62746442682811 1459.8364277243384 245.42253205813864 353.24235440038393 -46.099857317398339 -16.535942192150443 204.93649423007631 52.473512142434828 32.174829080239391 205.95372155673417 -150.83988080974103 -10.951126902162423 4.4226148364746765
leaf_weight=188 124 20 20 29 20 26 20 24 37 37 22 21 21 21 21 20 31 31 21 34.000288009643555 32 37.000288009643555 31 34 36 109152.88275527954 8123.0113220214844 56 103 26 24 26 38 25 16845.008531570435 25 256 9252110.959312439 21 22 20 62 86 231.00028800964355 1654.0014400482178 156 420.00057601928711 2120.0017280578613 85 232 1016 283528.84866333008
leaf_count=188 124 20 20 29 20 26 20 24 37 37 22 21 21 21 21 20 31 31 21 27 32 30 31 34 36 87991 7850 56 103 26 24 26 38 25 16642 25 256 2613778 21 22 20 62 86 224 1619 156 406 2078 85 232 1016 262969
internal_value=0.149564 94.5672 250.384 175.476 1040.43 -14.6963 50.975 139.977 13.336 330.851 699.852 680.139 -463.352 -304.17 -532.518 32.8521 364.535 -29.3439 803.322 -333.383 63.734 -86.0551 -445.102 192.676 272.976 0.141562 -9.32305e-05 -87.1231 -29.5327 86.2824 8.8568 -250.756 -342.699 -93.3921 3.3348 -109.742 4.99167 0.00424177 13.067 214.912 564.618 12.0838 30.6059 82.5816 18.768 53.7315 93.7708 44.5263 38.8755 4.90914 -36.9583 5.0831
internal_weight=9.67742e+06 820.001 338 318 40 482.001 278 237 192 96 59 45 41 96 67 456.001 72 384.001 41 90.0003 294 136 68.0003 158 68 9.6766e+06 9.26557e+06 461 341 153 127 120 94 56 411031 46 301878 9.26511e+06 13000 63 41 12937 4814 893.001 3921 807.001 576.001 2267 2205 301622 1248 300374
internal_count=2996780 806 338 318 40 468 278 237 192 96 59 45 41 96 67 442 72 370 41 83 287 129 61 158 68 2995974 2626868 461 341 153 127 120 94 56 369106 46 281115 2626407 12629 63 41 12566 4716 872 3844 786 562 2225 2163 280859 1248 279611
is_linear=0
shrinkage=0.35109


Tree=166
num_leaves=53
num_cat=0
split_feature=16 8 8 16 13 16 11 11 15 9 9 16 16 9 9 16 9 9 16 16 16 8 8 16 15 6 8 8 8 9 13 16 16 16 8 8 16 13 11 16 10 16 13 8 5 10 8 8 13 10 5 5
split_gain=3.24525e+07 1.10812e+08 8.16773e+07 5.82562e+07 7.82182e+07 8.2897e+07 4.84396e+07 3.69238e+07 1.14364e+08 9.02658e+07 1.7466e+08 5.42576e+07 2.13518e+08 1.14363e+08 2.29397e+08 1.3597e+08 1.59694e+08 1.11794e+08 5.04346e+07 1.36203e+08 6.4777e+07 1.41823e+08 4.90182e+07 1.7115e+08 4.82349e+07 7.58795e+07 4.33667e+07 4.08645e+07 3.29886e+07 8.42202e+07 3.28582e+07 2.83228e+07 2.80096e+07 6.99758e+07 1.43958e+08 6.73636e+07 5.71243e+07 3.75365e+07 3.43615e+07 2.67538e+07 2.67386e+07 2.62975e+07 3.30871e+07 3.22235e+07 2.48253e+07 2.51934e+07 2.38422e+07 2.36135e+07 3.78456e+07 2.23724e+07 2.64041e+07 2.21258e+07
threshold=2084427.5000000002 0.00018450000000000001 0.0010205000000000004 1109542.0000000002 5.7500000000000009e-05 427557.50000000006 0.0013150000000000002 0.22499750000000004 0.0013710000000000003 0.011022500000000003 0.010303000000000001 24713.500000000004 47632.500000000007 0.00037350000000000008 0.00035950000000000006 15943.000000000002 0.00072850000000000009 0.0015215000000000003 5206.5000000000009 5019.5000000000009 2553.5000000000005 0.92074100000000014 0.96647850000000013 32943.500000000007 0.044856500000000007 0.9135660000000001 0.95254850000000013 0.92513900000000004 0.068728000000000011 0.00018450000000000001 -0.0058229999999999992 2567309.0000000005 502748.00000000006 7674.0000000000009 0.016146500000000005 0.0018210000000000004 501620.50000000006 -0.00073949999999999981 0.00018450000000000001 2395.0000000000005 0.0028065000000000004 148176.50000000003 0.00020850000000000003 0.0030695000000000006 0.00028050000000000004 0.0021725000000000004 0.0032495000000000002 0.0054920000000000012 -0.0031829999999999996 4.0500000000000009e-05 0.0009075000000000001 1.8500000000000006e-05
decision_type=2 2 2 2 2 2 2 2 2 2 2 2 2 2 2 2 2 2 2 2 2 2 2 2 2 2 2 2 2 2 2 2 2 2 2 2 2 2 2 2 2 2 2 2 2 2 2 2 2 2 2 2
left_child=2 -2 -1 4 7 6 41 18 -9 10 11 13 17 14 27 16 -15 -13 19 20 21 39 26 -24 -14 -26 32 -10 -22 -30 -5 47 33 34 38 -34 37 -35 -20 -4 -8 42 -6 -43 -44 -46 -33 48 -3 50 -50 -37
right_child=1 31 3 30 5 -7 40 8 9 -11 -12 12 24 15 -16 -17 -18 -19 22 -21 28 -23 23 -25 25 -27 -28 -29 29 -31 -32 46 35 36 -36 51 -38 -39 -40 -41 -42 43 44 -45 45 -47 -48 -49 49 -51 -52 -53
leaf_value=0.205632102034421 -0.63563030382204977 -64.970345116970122 114.76375096741204 66.159522810408944 175.35010290717196 11.964234350244219 -52.768633150194646 826.8286851555373 154.13600976454774 -592.24443485842176 1036.378363134369 275.12345974383425 397.21380248000759 -830.47258128950989 1174.1055002274034 -824.20887719673703 92.404843881362581 1410.047119201972 -67.883377241627869 -979.46581729663399 -93.383754277105638 781.82038875316562 1124.2001084815615 -150.16570324362371 -295.85903895131645 206.36444892239155 -424.14556362322207 -358.80132302924835 39.785689224936263 -944.95560868116706 -1.0358550100808541 -20.327431488962088 2.4652107775119454 -6.9313705352050086 932.58260075594058 -43.552675181354957 -214.80810711276172 8.6869627615981848 167.21065305423437 -350.18235755213857 -360.42980086948637 22.536651917668951 81.794159729463615 58.368501645744381 39.12956374150572 -109.16435182373705 -52.894082713921577 64.040049447287856 -2.6791300916973957 -11.414966105246018 66.264273268240942 32.672726037443596
leaf_weight=7298976.039516449 2017169.4220180511 1568.0002880096436 30 905 331.00028800964355 39781.023904800415 324.00028800964355 25 50 25 23 20 33 28 25 36 132 23 113.00086402893066 21 369.00057601928711 33 21 34 83 67 29 31 23 20 101500.05288505554 14884.019201278687 32000.015264511108 39194.039457321167 27 484.00172805786133 152.00028800964355 36756.07776260376 238 31 39 8078.0023040771484 2231.0008640289307 5014.0034561157227 1148.0005760192871 161 3405.0018177032471 519 2186.0046977996826 51489.083875656128 997 15515.009216308594
leaf_count=2169613 472127 1561 30 905 324 39200 317 25 50 25 23 20 33 28 25 36 132 23 92 21 355 33 21 34 83 67 29 31 23 20 100219 14450 31629 38235 27 442 145 34866 238 31 39 8022 2210 4930 1134 161 3363 519 2074 49494 997 15291
internal_value=0.0956809 -1.12847 0.433384 6.26204 10.0177 20.7921 41.0611 5.12239 91.936 60.0205 89.631 48.3641 178.46 -48.9915 244.766 -207.876 -69.1453 882.313 4.70528 -103.673 -67.3034 195.657 5.16383 336.488 13.0224 -71.5209 5.01743 -42.1669 -127.307 -418.285 -0.441997 -14.3752 5.11747 0.945242 151.615 11.7653 0.196759 0.627107 91.5204 -121.495 -85.8364 43.7768 69.1995 36.2598 59.2733 20.8883 -26.3907 -10.5036 -11.1915 -9.6491 18.9154 30.3666
internal_weight=9.6764e+06 2.09222e+06 7.58418e+06 285203 182798 57107 17326 125691 601 576 551 528 226 302 106 196 160 43 125090 527.001 506.001 94 124563 55 183 150 124508 81 412.001 43 102405 75048.1 124479 76480.1 378.001 47999 76102.1 75950.1 351.001 61 363 16963 3871 13092 3540 1309 18289 56759.1 56240.1 54672.1 3183 15999
internal_count=2993822 544585 2449237 279624 178500 56337 17137 122163 601 576 551 528 226 302 106 196 160 43 121562 513 492 94 121049 55 183 150 120994 81 398 43 101124 72458 120965 73603 357 47362 73246 73101 330 61 356 16781 3829 12952 3505 1295 17813 54645 54126 52565 3071 15733
is_linear=0
shrinkage=0.35109


Tree=167
num_leaves=53
num_cat=0
split_feature=13 8 9 11 11 9 9 8 9 9 9 9 0 9 9 9 9 6 11 6 6 11 9 11 11 0 9 11 11 9 9 11 6 8 3 13 3 9 8 2 8 13 2 8 3 0 3 6 9 11 0 11
split_gain=1.41438e+07 1.28883e+07 1.76494e+08 4.34111e+07 3.90228e+07 1.68815e+08 1.7894e+08 8.74452e+07 6.73533e+07 2.95625e+08 1.49044e+08 1.6987e+08 7.32091e+07 9.70494e+07 8.46742e+07 4.2124e+07 6.5431e+07 1.85066e+07 1.69509e+08 3.95964e+08 9.93951e+07 1.67668e+08 1.60031e+08 3.52242e+08 8.03911e+07 6.39553e+07 1.2021e+08 4.90783e+07 4.78203e+07 3.51975e+07 3.08935e+07 1.534e+07 1.24356e+07 1.19381e+07 2.62757e+07 1.80557e+07 1.74651e+07 1.66937e+07 2.41315e+07 2.14959e+07 1.92857e+07 1.46025e+07 1.8776e+07 1.62867e+07 3.5409e+07 1.29147e+07 1.27572e+07 1.28816e+07 1.16406e+07 1.10309e+07 9.61612e+06 1.5753e+07
threshold=1.6500000000000005e-05 0.96647850000000013 0.00042950000000000009 0.00043950000000000006 0.91575650000000008 0.010425500000000002 0.0090605000000000026 0.96228150000000012 0.0035065000000000005 0.00039950000000000012 0.00037550000000000007 0.00036250000000000008 0.92730450000000009 0.0066970000000000007 0.0081290000000000025 0.00035050000000000006 0.00018350000000000004 0.49003550000000001 0.00036950000000000009 0.89377350000000011 0.89377350000000011 0.00041250000000000005 0.00018750000000000003 0.00038050000000000003 0.00043650000000000009 0.23513350000000002 0.0015215000000000003 0.00040050000000000009 0.00037550000000000002 0.0014745000000000003 0.00010450000000000001 0.058818000000000009 0.9135660000000001 0.0036805000000000002 0.0039825000000000008 0.0028305000000000006 0.0038715000000000004 0.0021455000000000007 0.0043505000000000011 0.0049655000000000012 0.0038295000000000004 0.0031375000000000005 0.004095500000000001 0.0039475000000000005 0.0040560000000000006 0.0045710000000000013 0.004791000000000001 0.00064650000000000005 0.0092715000000000002 0.0011845000000000002 0.0019730000000000004 0.24171800000000002
decision_type=2 2 2 2 2 2 2 2 2 2 2 2 2 2 2 2 2 2 2 2 2 2 2 2 2 2 2 2 2 2 2 2 2 2 2 2 2 2 2 2 2 2 2 2 2 2 2 2 2 2 2 2
left_child=1 4 3 -3 17 6 7 8 9 10 11 15 13 -10 -15 16 -6 25 19 -19 21 22 23 -20 -23 50 30 28 -22 -26 -27 -29 -33 36 35 -35 -2 40 41 46 -36 -39 43 -43 -45 -42 47 -40 -4 -37 -1 -52
right_child=33 2 48 -5 5 -7 -8 -9 12 -11 -12 -13 -14 14 -16 -17 -18 18 20 -21 27 24 -24 -25 29 26 -28 31 -30 -31 -32 32 -34 34 37 49 -38 38 39 -41 45 42 -44 44 -46 -47 -48 -49 -50 -51 51 -53
leaf_value=-0.095477948231844842 1.3427205884674143 549.45868053276683 -787.13966149229691 -7.0128498673184749 52.879205174907035 997.68367858965075 -831.59898225244126 838.31103602528083 -615.30666636250453 1439.5486477995048 -810.73385972679182 1064.8123922688467 -724.6988823586197 773.43571903053748 -168.93014372970538 313.92668840916298 -702.68999532206976 1449.368204059605 426.50086960945742 -451.49071670050671 -28.366156571626917 481.03871901182504 -1422.1451188788706 -1377.4909782013308 -451.74148036879143 262.70374169786623 883.02177987069012 -294.7999535901053 672.2590964045811 114.43045644613649 -332.39904092108213 -117.06497299504665 177.52347366036517 94.061767482871105 -21.259156026080735 22.608901535001301 -25.540034683517799 26.082732224910202 -390.51010632893377 -35.284613912796772 10.629437699456158 -26.498082541141596 -4.8652589326038864 -586.77280832862118 -99.274554054280429 43.071204457155645 9.1417221404950535 -108.34183955194824 -438.072290065007 147.03319132872309 4.9479625963969198 -179.69830765107298
leaf_weight=8801323.3892555237 801864.4949798584 31 27 39 48 25 26 20 21 21 22 22 22 23 24 33 20 27 30 27 24 27 27 24 38 21 29 35 24 21 22 51 27 545.00028800964355 1474.0005760192871 3622.002592086792 2990.0020160675049 1585.0008640289307 56 197 3868.0008640289307 447 5554.0029697418213 20 223 2484.0014400482178 22 31 21 90 50902.033409118652 57
leaf_count=2391543 526900 31 27 39 48 25 26 20 21 21 22 22 22 23 24 33 20 27 30 27 24 27 27 24 38 21 29 35 24 21 22 51 27 538 1460 3559 2941 1564 56 197 3847 447 5484 20 223 2449 22 31 21 90 50090 57
internal_value=0.0642243 -0.0653439 -116.079 239.429 -0.0637972 121.211 48.6185 131.577 76.3218 208.918 30.5761 181.13 -168.223 11.8727 292.238 -11.4399 -169.4 -0.0682772 -77.3399 498.958 -172.243 -361.998 -724.442 -375.383 -20.5765 -0.0649424 330.747 24.5831 321.956 -250.188 -41.7078 -101.737 -15.0649 1.45452 9.88066 34.3884 1.24285 3.34401 -7.79255 -104.512 14.9205 -4.0119 -11.6515 -66.2728 -139.429 23.3163 -229.604 -290 -634.522 25.6265 -0.0676341 4.74135
internal_weight=9.67825e+06 8.85318e+06 118 70 8.85306e+06 327 302 276 256 166 145 123 90 68 47 101 68 8.85274e+06 382 54 328 167 81 54 86 8.85235e+06 72 161 48 59 43 113 78 825073 20218 4257 804854 15961 8135 306 7826 7829 6244 690 243 6352 109 87 48 3712 8.85228e+06 50959
internal_count=2992417 2442589 118 70 2442471 327 302 276 256 166 145 123 90 68 47 101 68 2442144 382 54 328 167 81 54 86 2441762 72 161 48 59 43 113 78 549828 19987 4187 529841 15800 8044 306 7756 7738 6174 690 243 6296 109 87 48 3649 2441690 50147
is_linear=0
shrinkage=0.35109


Tree=168
num_leaves=53
num_cat=0
split_feature=5 15 15 12 12 0 15 12 15 14 12 15 14 12 5 15 14 14 10 12 15 2 6 10 2 10 6 15 12 15 6 15 5 6 12 2 5 4 14 10 14 2 10 5 0 6 15 4 15 15 12 14
split_gain=2.82087e+07 1.07335e+08 8.1965e+07 8.97774e+07 7.71964e+07 4.4685e+07 1.0334e+08 5.88575e+07 1.01496e+08 1.43243e+08 7.80294e+07 3.83021e+07 3.74035e+07 1.0206e+07 1.74669e+07 1.40145e+08 4.05302e+07 1.44202e+07 1.71016e+07 1.87933e+07 1.43337e+07 1.29207e+07 1.28157e+07 1.18791e+07 2.19062e+07 2.50448e+07 2.48234e+07 2.07236e+07 6.13279e+07 3.3943e+07 3.19484e+07 2.3889e+07 1.75726e+07 1.69007e+07 2.09386e+07 2.00563e+07 1.98331e+07 1.64412e+07 1.70285e+07 1.45806e+07 1.42357e+07 1.98693e+07 1.57985e+07 1.5093e+07 1.37839e+07 1.36946e+07 1.5468e+07 1.16853e+07 1.52765e+07 1.09852e+07 1.13288e+07 1.07644e+07
threshold=0.92514000000000018 0.053738500000000008 0.00011150000000000001 -0.0050564999999999994 -0.0032704999999999995 0.91397700000000015 0.052034500000000004 -0.032569999999999995 0.044856500000000007 0.019083500000000003 -0.0059454999999999994 0.00057700000000000015 0.046726000000000011 -0.00066849999999999993 0.19902250000000002 0.041114000000000005 0.046726000000000011 8.5000000000000016e-06 2.5500000000000003e-05 -0.0021969999999999997 5.5000000000000007e-06 0.0017915000000000003 0.011661000000000001 0.00035450000000000011 0.00099250000000000011 0.0021355000000000007 0.0021070000000000004 0.041114000000000005 -0.010357999999999997 0.020994000000000002 0.51606700000000016 0.037011000000000009 8.7500000000000013e-05 0.0021150000000000001 -0.0049834999999999992 0.010146000000000002 0.00040750000000000004 0.0012385000000000002 1.9500000000000003e-05 0.00016150000000000005 9.4500000000000007e-05 0.0079140000000000026 0.0004455000000000001 0.010089500000000003 0.0085895000000000016 0.0071450000000000012 0.019940000000000003 0.00034650000000000007 2.9500000000000002e-05 0.00015850000000000003 0.0005905000000000002 4.500000000000001e-06
decision_type=2 2 2 2 2 2 2 2 2 2 2 2 2 2 2 2 2 2 2 2 2 2 2 2 2 2 2 2 2 2 2 2 2 2 2 2 2 2 2 2 2 2 2 2 2 2 2 2 2 2 2 2
left_child=5 2 3 -2 -5 13 7 11 9 -9 -10 -7 -4 17 22 -16 -17 18 -1 20 21 -20 49 27 -25 26 47 29 -29 33 -31 -32 -27 36 45 37 -19 38 -36 -39 41 -28 -43 -42 -37 -35 -47 -26 -49 -15 -51 -24
right_child=1 -3 12 4 -6 6 -8 8 10 -11 -12 -13 -14 14 15 16 -18 23 19 -21 -22 -23 51 24 25 32 40 28 -30 30 31 -33 -34 34 35 44 -38 39 -40 -41 43 42 -44 -45 -46 46 -48 48 -50 50 -52 -53
leaf_value=-3.5699871319519492 -575.36938322764468 -656.57221219913163 16.632517098229357 424.76398793676321 -367.82605190015897 -471.09175114070172 709.27408184102342 56.535026033232228 -605.39657221254902 1045.3345539563234 197.56837233066929 102.83813405750435 589.27669110920431 0.012834797844802737 -874.03251208924428 -105.96273918794458 476.59692112053142 -5.4551130702311115 94.880372665601726 7.0273720839425486 132.35206165090833 13.865372836190328 158.64939521192832 62.177423273715405 -17.85139953339263 -146.39282143453588 -50.049004112489904 -555.48823857850482 144.41361006807068 519.23004581758505 16.699550391769247 391.16698828226026 8.2593173531617587 -79.261141937187688 34.90457008106182 -27.68071882484708 -84.654673350420126 3.4606776875454539 109.58665984454842 67.79788205933913 96.392251108782091 -369.80466764670865 -99.116867706076818 -204.29354047234744 -316.76937559882805 2.5760680102648421 -187.20069401755711 32.733702654775797 -127.76422936069179 -6.7888738962157422 -45.672470688312394 25.294854986304792
leaf_weight=17115.112125396729 36 32 21 29 22 29 29 37 22 25 28 20 26 9557960.4043712616 20 31 20 4178.01296043396 262 59311.033102035522 170 855.00028800964355 65 417.00028800964355 4932.0008640289307 76 2161.0008640289307 25 26 22 82 22 4852.0008640289307 280 1199.0005760192871 42 349 2276.0011520385742 420 426.00028800964355 113.00028800964355 35 59 20 28 1557.0020160675049 45 853 65 12490.107427597046 813.00028800964355 1197.0014400482178
leaf_count=14392 36 32 21 29 22 29 29 37 22 25 28 20 26 2884136 20 31 20 3863 262 58513 170 848 65 410 4911 76 2140 25 26 22 82 22 4831 280 1185 42 349 2248 420 419 106 35 59 20 28 1508 45 853 65 9879 806 1162
internal_value=0.0378108 -131.52 -6.08896 -189.557 82.8052 0.0400685 154.81 54.8964 182.538 455.356 -155.739 -236.803 333.464 0.0370285 0.0031443 -158.268 122.501 3.20852 5.3391 7.85538 46.0125 32.87 0.00431869 -3.53304 -9.84333 -12.1246 -22.8913 4.27522 -198.675 5.2229 169.913 95.9639 5.87356 3.30119 14.0272 26.0996 -11.5613 28.8455 54.2799 13.6049 -50.3137 -56.2989 -199.942 51.1473 -143.355 -14.1388 -2.75543 -11.697 21.3662 7.79213e-05 -9.16532 32.1656
internal_weight=9.67523e+06 166 134 87 51 9.67506e+06 190 161 112 62 50 49 47 9.67487e+06 9.5726e+06 71 51 102273 77713.1 60598 1287 1117 9.57253e+06 24560 13583 13166 8238 10977 51 10926 126 104 4928 10800 6273 4391 4527.01 4321 1619 2702 2388 2255 94 133 70 1882 1602 5850 918 9.57126e+06 13303.1 1262
internal_count=2994730 166 134 87 51 2994564 190 161 112 62 50 49 47 2994374 2896119 71 51 98255 74185 59793 1280 1110 2896048 24070 13506 13096 8189 10564 51 10513 126 104 4907 10387 6175 4342 4212 4272 1605 2667 2360 2234 94 126 70 1833 1553 5829 918 2894821 10685 1227
is_linear=0
shrinkage=0.319172


Tree=169
num_leaves=53
num_cat=0
split_feature=0 8 8 12 11 8 12 7 8 12 0 11 0 12 5 7 7 8 8 7 11 11 11 11 11 11 8 8 7 7 7 11 11 15 15 15 11 10 0 12 5 8 7 10 15 7 7 10 12 11 0 7
split_gain=4.59251e+10 3.34559e+10 7.36399e+09 5.93182e+09 4.18697e+09 3.98047e+09 2.98483e+09 1.55556e+09 1.10186e+09 1.01451e+09 7.85074e+08 7.61159e+08 1.08017e+09 4.86534e+08 4.81066e+08 4.62886e+08 4.61582e+08 6.09704e+08 4.49092e+08 5.28349e+08 7.24515e+08 3.81993e+08 3.7457e+08 5.31568e+08 4.74694e+08 6.15874e+08 3.66548e+08 3.34308e+08 3.03552e+08 2.09483e+08 1.99908e+08 1.81795e+08 2.62234e+08 1.51174e+08 1.72428e+08 1.50201e+08 1.48127e+08 1.42068e+08 1.38494e+08 1.24358e+08 1.15306e+08 1.1091e+08 1.68369e+08 1.0663e+08 1.05405e+08 9.08189e+07 8.86714e+07 8.43708e+07 7.67578e+07 7.57435e+07 7.14834e+07 6.13642e+07
threshold=0.91397700000000015 0.0023095000000000004 0.00077450000000000012 0.018189500000000001 0.22499750000000004 0.95254850000000013 -0.0033034999999999996 0.16861500000000004 0.0031380000000000006 -0.022734999999999995 1.0000000180025095e-35 0.00037550000000000002 0.92730450000000009 -0.0049834999999999992 0.92514000000000018 0.00063350000000000006 0.0062095000000000006 0.018418500000000004 0.96228150000000012 0.93469650000000015 0.058818000000000009 4.9500000000000004e-05 0.00041350000000000008 0.00038550000000000005 0.91575650000000008 0.94009900000000013 0.92513900000000004 6.3500000000000012e-05 0.014777 0.00044250000000000002 0.00051450000000000009 0.00037850000000000009 0.00035850000000000004 0.041114000000000005 0.051539000000000008 5.2500000000000009e-05 0.00036750000000000004 0.00062350000000000014 0.0030315000000000003 -0.0020894999999999998 0.57152900000000006 0.0010995000000000002 0.00041650000000000004 0.0087010000000000021 7.5000000000000002e-06 0.00043650000000000009 0.0022005000000000006 7.2500000000000014e-05 -1.3499999999999998e-05 0.041046000000000006 0.0038870000000000003 0.0007555000000000002
decision_type=2 2 2 2 2 2 2 2 2 2 2 2 2 2 2 2 2 2 2 2 2 2 2 2 2 2 2 2 2 2 2 2 2 2 2 2 2 2 2 2 2 2 2 2 2 2 2 2 2 2 2 2
left_child=1 2 27 7 -5 6 11 8 15 22 -10 36 13 26 -14 45 29 28 -7 20 -20 51 23 31 40 -26 -13 30 35 -12 -1 32 -9 49 -35 38 -2 46 -18 -8 -24 -23 50 -40 -31 -3 -17 -30 -32 -11 -43 -4
right_child=5 3 21 4 -6 18 39 9 10 33 16 12 14 -15 -16 37 17 -19 19 -21 -22 41 24 -25 25 -27 -28 -29 47 44 48 -33 -34 34 -36 -37 -38 -39 43 -41 -42 42 -44 -45 -46 -47 -48 -49 -50 -51 -52 -53
leaf_value=0.26653542786782225 213.59871197311222 8.7004478884021985 -0.10490656838158009 19.624176940187159 213.51761854835959 42.120614903944407 312.7146154483662 18.381160711163595 0.1908093424041388 88.479724226627695 11.343114618540767 131.77147107134127 155.1908055277045 276.9026652031086 56.869042606529064 3.6394637351343393 1.4031485533853247 2.8162721882826727 197.12635500134044 65.911365517772069 93.655261941993757 2.6929506294993217 -28.246721426737384 109.85211344822751 95.59644056130152 17.244293276107435 212.63939509867882 0.67864989284106236 14.749887611598247 9.1017699263158072 13.112439996871702 -5.5967207366918004 90.509727128387667 34.654519491926031 98.597732664322876 8.7392081645762776 268.91763169774498 3.715991974219147 15.948415857339672 366.99116960769436 10.948688166058377 5.3956734297762727 3.2829807838245846 27.18218986127674 6.5457006293954096 6.9914519390108039 8.7956323165333412 29.413923262481429 0.26794314727092217 132.52576202926608 10.677222565578527 2.4959554875778025
leaf_weight=8740261.4962844849 22 10850.001440048218 11255.131908416748 53 61 22 25 33 2296.0164165496826 20 10624.000288009644 21 32 20 21 1252.0040321350098 158 1071.0002880096436 35 30 34 95385.091958999634 56 29 31 145 45 533528.33833122253 125 53329.012742996216 427 25 21 21 22 893.00057601928711 29 14968.009593963623 3347.0002880096436 20 29 4775.0032577514648 151837.1381111145 230 4452.0020160675049 29325.008352279663 2642.0011520385742 499 164.00172805786133 20 756.00028800964355 2907.0028800964355
leaf_count=2286625 22 10815 8049 53 61 22 25 33 1897 20 10617 21 32 20 21 1154 158 1064 35 30 34 93187 56 29 31 145 45 453963 125 53028 427 25 21 21 22 879 29 14737 3340 20 29 4698 148526 230 4403 29122 2614 499 122 20 749 2837
internal_value=0.484996 0.478329 0.366048 8.31942 123.379 181.731 220.028 8.22332 8.12513 37.7791 9.38244 192.332 172.956 207.883 116.253 6.48475 9.66485 13.7902 107.359 121.849 146.159 2.97944 26.4387 51.4322 16.0945 31.0503 186.931 0.290835 16.0281 9.28352 0.267163 29.9753 46.4429 88.1862 67.3869 14.6192 245.094 4.42243 16.025 336.9 -14.8718 3.12234 3.38261 16.6708 8.90483 7.453 7.13784 26.4767 9.54806 110.528 6.11761 0.42896
internal_weight=9.67828e+06 9.67792e+06 9.5413e+06 136627 114 356 235 136513 136061 452 77024 190 139 86 53 59037 74728 6323 121 99 69 266915 369 108 261 176 66 9.27438e+06 5252 68405 8.74085e+06 79 54 83 43 4628 51 18862 3735 45 85 252753 157368 3577 57781 40175 3894.01 624 591.002 40 5531 14162.1
internal_count=3134787 3134431 2999183 135248 114 356 235 135134 134682 452 76240 190 139 86 53 58442 74343 6295 121 99 69 258046 369 108 261 176 66 2741137 5231 68048 2287174 79 54 83 43 4607 51 18505 3728 45 85 247160 153973 3570 57431 39937 3768 624 549 40 5447 10886
is_linear=0
shrinkage=0.0159586


Tree=170
num_leaves=53
num_cat=0
split_feature=8 9 9 16 16 16 16 9 9 16 6 16 4 9 16 16 16 8 16 9 16 14 14 8 8 16 4 14 16 9 14 9 14 9 14 9 16 6 16 16 14 1 4 3 16 8 14 16 16 13 1 8
split_gain=6.67403e+07 1.66657e+08 9.75961e+07 1.14714e+08 2.47961e+08 1.79424e+08 1.59877e+08 3.03307e+08 1.31593e+08 1.06249e+08 8.74868e+07 2.4247e+08 2.34446e+08 1.38857e+08 1.38117e+08 1.21495e+08 4.69894e+07 4.57777e+07 8.95218e+07 4.1045e+07 3.18304e+07 3.02567e+07 4.02549e+07 2.66826e+07 2.96471e+07 2.56993e+07 3.67096e+07 2.43906e+07 1.61698e+08 9.32795e+07 8.4111e+07 2.84392e+08 2.43314e+07 4.58236e+07 3.47079e+07 1.64675e+08 2.39023e+07 2.08307e+07 2.1911e+07 2.01479e+07 6.02065e+07 3.85524e+07 2.7844e+07 2.62908e+07 2.56629e+07 2.45113e+07 3.33296e+07 1.98814e+07 1.89088e+07 6.34494e+07 1.05394e+08 5.25025e+07
threshold=0.92074100000000014 0.010637000000000002 0.0088520000000000022 2518.5000000000005 2630.5000000000005 2341.0000000000005 5206.5000000000009 0.00037250000000000011 0.0060400000000000011 13173.500000000002 0.89377350000000011 15860.500000000002 0.91397700000000015 0.00035750000000000007 31814.000000000004 10295.000000000002 60699.500000000007 0.0026725000000000004 2183809.0000000005 0.00036350000000000005 4773.5000000000009 3.2500000000000011e-05 5.5000000000000007e-06 0.0031345000000000006 0.0054920000000000012 9558.5000000000018 0.23513350000000002 0.054875500000000008 57995.000000000007 0.00034950000000000009 0.025577000000000006 0.00034250000000000009 0.013005500000000001 0.00075350000000000015 0.012320000000000003 0.00015450000000000004 2919283.5000000005 0.0008135000000000001 2804129.0000000005 917704.00000000012 1.9500000000000003e-05 0.00060750000000000008 0.00022450000000000001 0.0052495000000000007 30745.000000000004 0.0046900000000000006 3.5500000000000002e-05 22237.500000000004 442990.50000000006 1.0000000180025095e-35 1.0000000180025095e-35 0.0007400000000000001
decision_type=2 2 2 2 2 2 2 2 2 2 2 2 2 2 2 2 2 2 2 2 2 2 2 2 2 2 2 2 2 2 2 2 2 2 2 2 2 2 2 2 2 2 2 2 2 2 2 2 2 2 2 2
left_child=17 2 3 5 -5 -2 7 20 -9 -4 11 12 13 -8 -12 -14 19 48 25 -16 -6 22 37 -24 -25 26 -19 30 29 47 32 -32 34 -34 39 -36 -26 -20 -39 40 41 42 -27 -41 -43 -42 -47 -29 49 -1 -51 -52
right_child=1 -3 9 4 6 -7 10 8 -10 -11 14 -13 15 -15 16 -17 -18 18 21 -21 -22 -23 23 24 36 27 -28 28 -30 -31 31 -33 33 -35 35 -37 -38 38 -40 43 45 44 -44 -45 -46 46 -48 -49 -50 50 51 -53
leaf_value=0.6424028630411488 306.11097506953001 -587.7785111997382 928.41378035231719 1129.6661935840189 -484.91009589557251 -953.77848247598979 1323.7784514014247 986.06182329100659 -201.91755717207488 -34.471930685744248 -737.89943334655095 1080.5375123074625 -943.97891144515268 103.19727953214806 572.03715229262707 54.258131930844755 52.391645508029448 -25.860526837250234 -10.232415979428078 46.559167301075497 -987.17008364123024 51.091116678549575 55.567298989373931 -54.603053734756045 56.328580871144368 68.659170210866336 -379.79997934698565 104.61928304174039 552.68712422182682 -932.2702015447145 -47.632953168691429 1189.5640390937469 -35.366337314817443 -467.41548377947896 -213.5052437894887 996.73871844655787 -141.05070046745888 84.920119812004529 -25.06334190579339 5.6074691034421491 -31.793292810860116 94.374545381910551 314.21676206702915 51.607244073173113 18.886499327188982 56.017012595485582 -9.9977651493802 -305.57041873150808 -0.096478654647138104 33.074663572746068 -0.65832633557304809 21.106338907649672
leaf_weight=3105868.7589073181 23 36 34 27 24 27 21 21 20 20 21 41 21 20 44 37 164 1335.0002880096436 11470.01148223877 26 33 746 300 4682.0023040771484 461 1201.0011520385742 33 21 27 24 69.000576019287109 29 172 32 30 21 79 530.00057601928711 319.00028800964355 50593.027360916138 3287.0017280578613 502 53 1404.0002880096436 36239.02188873291 1101.0020160675049 3559.0066242218018 34 6362599.8735980988 17040.041761398315 56160.787796020508 15563.009792327881
leaf_count=1070066 23 36 34 27 24 27 21 21 20 20 21 41 21 20 44 37 164 1328 11204 26 33 746 300 4626 461 1173 33 21 27 24 55 29 172 32 30 21 79 516 312 49928 3245 502 53 1397 35707 1052 3398 34 1743339 16025 37015 15325
internal_value=0.321462 105.758 145.786 105.416 151.545 -374.21 97.9471 -281.112 406.548 571.774 192.002 402.598 121.741 728.505 76.3651 -307.232 149.482 0.314269 6.79553 376.891 -775.791 -14.3323 -17.068 -40.5933 -46.118 10.7318 -34.4027 11.3593 -147.599 -387.019 11.5308 318.542 11.2243 -103.167 11.4625 284.89 27.4469 -6.52269 43.5936 11.32 16.3796 21.8694 79.0414 6.84957 19.918 -9.86679 5.5991 -148.946 0.234008 0.892222 9.63343 4.06427
internal_weight=9.67625e+06 660 624 570 520 50 493 98 41 54 395 140 99 41 255 58 234 9.67559e+06 118353 70 57 18587 17841 5522 5222 99766.1 1368 98398.1 106 79 98292.1 98.0006 98194.1 204 97990.1 51 540 12319 849.001 97939.1 45942 37995 1254 51997 36741 7947.01 4660.01 55 9.55723e+06 3.19463e+06 88763.8 71723.8
internal_count=2998935 660 624 570 520 50 493 98 41 54 395 140 99 41 255 58 234 2998275 116505 70 57 18244 17498 5466 5166 98261 1361 96900 106 79 96794 84 96710 204 96506 51 540 12032 828 96455 45130 37435 1226 51325 36209 7695 4450 55 2881770 1138431 68365 52340
is_linear=0
shrinkage=0.331585


Tree=171
num_leaves=53
num_cat=0
split_feature=0 1 1 1 12 12 1 9 0 12 16 16 16 12 12 16 0 16 15 12 16 15 1 5 16 12 9 16 16 16 16 16 12 1 16 16 0 16 9 9 16 0 1 12 16 16 10 9 12 9 5 10
split_gain=3.7088e+10 2.38944e+10 4.42636e+09 3.89891e+09 3.57153e+09 2.34036e+09 2.2023e+09 2.04419e+09 1.53192e+09 1.27519e+09 1.10598e+09 1.02393e+09 8.95037e+08 8.61861e+08 8.51259e+08 7.91787e+08 6.60723e+08 6.19709e+08 5.76415e+08 4.70439e+08 4.63372e+08 4.41251e+08 6.47074e+08 4.20093e+08 4.06827e+08 3.52953e+08 3.29633e+08 3.30695e+08 7.84601e+08 3.1394e+08 2.84217e+08 2.67308e+08 2.1674e+08 1.95598e+08 1.82233e+08 5.77557e+08 1.72916e+08 1.59965e+08 2.28482e+08 3.48902e+08 1.91085e+08 1.55396e+08 1.53484e+08 1.56822e+08 2.394e+08 1.47243e+08 1.45274e+08 1.40003e+08 1.36487e+08 1.28269e+08 1.23903e+08 1.14236e+08
threshold=0.91397700000000015 0.0013655000000000002 0.19902250000000002 0.00029750000000000008 0.018189500000000001 -0.0030844999999999996 0.0029550000000000006 0.0010515000000000001 0.92730450000000009 -0.00011549999999999999 64260.500000000007 103914.50000000001 1596140.5000000002 -0.022734999999999995 0.00011550000000000002 15312.500000000002 0.92730450000000009 119955.00000000001 0.050607500000000007 -0.0021434999999999996 17624.500000000004 6.5000000000000013e-06 0.010802500000000001 0.00088250000000000015 1530584.0000000002 -0.0011979999999999996 0.00018850000000000006 2617.5000000000005 5206.5000000000009 182527.00000000003 2164444.0000000005 102818.00000000001 -0.0048009999999999988 0.0010265000000000003 35545.000000000007 23714.000000000004 1.0000000180025095e-35 2427.0000000000005 0.010510500000000001 0.0089040000000000005 5278.5000000000009 0.10952100000000002 0.0050455000000000005 -0.0010974999999999997 447378.00000000006 2218393.0000000005 0.00082150000000000018 0.00021150000000000002 0.0005725000000000002 0.00077150000000000016 1.5000000000000002e-06 0.00027750000000000002
decision_type=2 2 2 2 2 2 2 2 2 2 2 2 2 2 2 2 2 2 2 2 2 2 2 2 2 2 2 2 2 2 2 2 2 2 2 2 2 2 2 2 2 2 2 2 2 2 2 2 2 2 2 2
left_child=1 3 6 25 13 8 9 29 11 23 15 32 21 20 19 47 -7 -15 34 -5 26 41 -23 24 -3 36 27 -4 -29 -6 49 -24 -2 -16 35 -17 -1 -28 39 40 -39 42 48 44 -44 -14 -25 -10 -8 -21 -27 -33
right_child=5 2 4 14 7 16 12 -9 10 -11 -12 -13 45 17 33 18 -18 -19 -20 30 -22 22 31 46 -26 50 37 28 -30 -31 -32 51 -34 -35 -36 -37 -38 38 -40 -41 -42 -43 43 -45 -46 -47 -48 -49 -50 -51 -52 -53
leaf_value=0.24398590737171771 209.76141678446416 9.6278208854163001 118.42873218786049 7.6266214067280824 143.00370243126051 351.81731654995542 10.92398781218807 300.63837721494019 114.36864082631094 3.0439660185140598 31.380763950902463 118.75556919028908 6.651962193236086 150.61579872619592 0.68269593767674308 162.98395100390195 224.39223743284253 53.996152909062417 116.82911532401582 1.664590126969659 -26.787691661412882 4.6281010234803981 6.9568658080875601 7.1051286437557577 5.4638392043292896 0.2818223922256225 51.7655429160626 -12.148030105512664 98.208574899522048 54.874107100281471 0.87222109830949535 15.176616443896849 263.85449298244657 2.4006299834777685 155.294851069749 280.990522290836 5.0015545420288587 9.4792963905800462 59.952400586210373 -57.079345635198273 65.381415030037374 -0.82586349260378977 5.2507134854344848 11.093720664311059 22.856869318024422 4.2371317036728779 3.5856693914942084 57.798097174495332 8.7318955650276351 3.1570701667461214 0.69592848478461244 25.396204538669377
leaf_weight=3150.012186050415 60 16637.002592086792 21 5736.0026817321777 26 21 12176.001152038574 22 25 66006.064098358154 30 32 17246.003923416138 28 85101.577451705933 26 25 55 39 18087.050779342651 40 9897.0043201446533 699 4580.0039234161377 10826.005184173584 8964069.9879817963 43 36 36 20 19796.10200881958 661 32 23679.021780014038 20 21 6629.0037250518799 117 28 20 20 370.00057601928711 302.00057601928711 10779.002016067505 757 11947.012544631958 11534.00806427002 24 22819.00403213501 146184.10492515564 206610.93830108643 569.00028800964355
leaf_count=2856 60 16574 21 5673 26 21 12148 22 25 64459 30 32 17155 28 71332 26 25 55 39 16855 40 9792 699 4489 10700 2474802 43 36 36 20 17430 661 32 23154 20 21 6545 117 28 20 20 356 288 10730 757 11653 11338 24 22721 143636 159961 562
internal_value=0.482116 0.475848 6.21927 0.355686 55.3122 171.355 6.09219 168.13 154.789 4.50935 124.3 200.262 8.05828 38.0302 2.23581 142.283 282.617 86.6038 167.976 2.91162 26.8596 9.24251 6.35464 6.72897 7.98637 0.294537 33.5458 60.0713 43.0357 104.711 2.76468 15.2128 228.601 1.05665 197.73 215.756 3.46905 22.7238 15.9703 8.12193 17.6453 9.96602 10.0513 11.6969 17.8361 5.66372 4.586 86.6821 9.49461 2.99274 0.291152 19.9044
internal_weight=9.67772e+06 9.67736e+06 198317 9.47904e+06 512 355 197805 68 309 109583 185 124 88222 444 298584 155 46 83 106 189803 361 59029 11826 43577 27463 9.18046e+06 321 93 72 46 184067 1929 92 108781 67 47 9779.02 228 185 157 137 47203 46833 11838 1059 29193 16114 49 34995 164271 9.17068e+06 1230
internal_count=3118193 3117838 195594 2922244 512 355 195082 68 309 107560 185 124 87522 444 278080 155 46 83 106 183594 361 58714 11714 43101 27274 2644164 321 93 72 46 177921 1922 92 94486 67 47 9401 228 185 157 137 47000 46644 11775 1045 28808 15827 49 34869 160491 2634763 1223
is_linear=0
shrinkage=0.0167186


Tree=172
num_leaves=53
num_cat=0
split_feature=8 8 12 1 12 7 0 15 0 15 12 15 2 12 12 15 1 8 0 8 15 2 7 2 13 13 6 7 0 2 7 15 13 0 13 15 15 12 2 12 8 2 6 15 8 6 12 2 8 12 0 1
split_gain=1.05369e+08 9.18509e+07 6.47484e+07 1.03903e+08 1.29272e+08 1.04363e+08 1.23611e+08 7.42859e+07 1.83619e+08 7.00277e+07 5.05415e+07 4.44204e+07 9.43102e+07 8.95796e+07 6.18818e+07 3.18851e+07 2.8014e+07 2.64124e+07 2.44765e+07 2.10358e+07 1.5217e+07 1.35682e+07 1.30266e+07 1.85003e+07 1.28052e+07 2.09526e+07 3.21375e+07 1.55016e+07 1.49763e+07 1.47959e+07 2.07698e+07 1.80643e+07 1.72901e+07 1.72598e+07 2.27663e+07 1.71097e+07 2.63829e+07 1.68805e+07 1.65563e+07 1.63111e+07 1.58861e+07 1.49581e+07 1.37796e+07 1.2453e+07 1.21433e+07 1.32847e+07 2.06308e+07 1.12314e+07 1.47634e+07 1.10775e+07 1.09611e+07 1.08343e+07
threshold=0.92074100000000014 0.0012605000000000001 -0.14644149999999997 0.92514000000000018 -0.010357999999999997 0.88436850000000011 0.92730450000000009 6.5000000000000013e-06 0.71441150000000009 0.044856500000000007 -0.38101949999999996 0.053738500000000008 0.90392850000000002 -0.004380499999999999 -0.0033639999999999994 0.037011000000000009 0.91422250000000005 0.96228150000000012 0.8177930000000001 0.0032310000000000004 0.00036600000000000006 4.1500000000000006e-05 0.00047350000000000002 1.5000000000000002e-06 -0.00044649999999999996 -0.0008144999999999999 0.00081950000000000002 0.0013795000000000003 1.0000000180025095e-35 0.0014925000000000001 0.0010435000000000004 1.0000000180025095e-35 -0.0014034999999999998 0.00017150000000000002 -0.0011414999999999997 5.5000000000000007e-06 1.2500000000000001e-05 -0.00015949999999999997 0.0041745000000000003 -9.3499999999999982e-05 0.0015025000000000001 0.0024815000000000006 0.0014515000000000003 4.500000000000001e-06 0.0016440000000000003 0.00069250000000000008 -0.00058949999999999985 0.0011805000000000003 0.0020975000000000004 -0.0059454999999999994 0.0006755000000000001 0.00092550000000000011
decision_type=2 2 2 2 2 2 2 2 2 2 2 2 2 2 2 2 2 2 2 2 2 2 2 2 2 2 2 2 2 2 2 2 2 2 2 2 2 2 2 2 2 2 2 2 2 2 2 2 2 2 2 2
left_child=1 21 7 5 -5 6 -4 8 -2 -8 -9 12 -6 -14 -15 18 -7 -10 -12 24 -18 22 -1 -24 25 26 28 44 -3 31 40 42 35 -33 -35 37 41 43 -39 -38 -31 -37 -28 -32 45 -27 -47 -36 -49 -22 -48 -44
right_child=2 19 3 4 11 16 9 10 17 -11 15 -13 13 14 -16 -17 20 -19 -20 -21 49 -23 23 -25 -26 27 29 -29 -30 30 32 33 -34 34 47 36 39 38 -40 -41 -42 -43 51 -45 -46 46 50 48 -50 -51 -52 -53
leaf_value=0.22078715130049276 1096.8663068423334 -29.106746310895488 1288.1150972748087 -733.00571984703447 878.51948569087301 -58.562315518111234 657.46480317657915 213.18423396037772 -178.38548214761883 -121.54174872083028 -399.1441239984116 -257.38862049618535 558.11094488819072 -637.53140398601965 102.12141613952038 -641.06055201013305 153.81044848451998 303.16450806411069 -48.471628779066883 12.217844134580131 624.47080723947465 1.901145142130491 142.79198349685939 -3.6254992662913881 7.8250950594282385 2.5274194329569619 -11.786298802791563 -166.27221356559045 46.298465454576686 81.721653664124119 0.32433052576894078 -8.296748728629165 -12.784642277707171 33.9458359892202 27.71636918502416 -13.908275176113003 35.767485854768395 39.330025656907551 -39.001426118363256 -1.2857378203811087 402.01408970198742 -56.390492857199852 342.36273987834915 42.339923692763783 8.6633976924647502 -47.870465495201103 -57.522372721788635 1.0221144544035508 -111.04656022023072 278.32994191628507 -5.697836230361756 25.894630654956138
leaf_weight=8786752.9130477905 24 364.00057601928711 28 24 23 40 44 41 47 21 36 27 32 22 38 20 48 20 77 71567.054126739502 21 637564.63013458252 191.00028800964355 240.00086402893066 97972.05525970459 4233.0146884918213 4508.0080642700195 77 3002.0008640289307 112 9046.0092163085938 3216.0002880096436 11943.002016067505 7373.0031681060791 2195.0060482025146 4418.0011520385742 1902.0005760192871 3455.002592086792 368.00057601928711 6365.002592086792 23 1329.0002880096436 24 962 3940.0089282989502 2568.0011520385742 553 5239.0023040771484 149 25 5570.0017280578613 30
leaf_count=2150331 24 350 28 24 23 40 44 41 47 21 36 27 32 22 38 20 48 20 77 70258 21 549837 184 219 96642 3876 4312 77 2981 112 8822 3209 11894 7296 2048 4390 1888 3392 354 6302 23 1322 24 962 3723 2540 553 5183 149 25 5528 30
internal_value=0.523849 0.514296 141.011 231.448 20.3389 385.817 671.549 6.88926 263.908 405.782 -127.533 147.725 242.877 83.8643 -169.114 -232.594 187.469 -34.5694 -160.233 7.12253 292.171 0.337252 0.223781 61.2507 5.10713 1.89748 4.72376 -9.11711 38.1435 2.92839 -1.14285 10.0779 -1.60936 15.0366 20.0541 3.18378 -5.46206 11.9441 31.7894 7.23901 136.325 -23.7327 -9.67399 4.36319 -8.39934 -13.6012 -21.4569 6.54693 -2.07703 436.465 -10.3787 166.598
internal_weight=9.67791e+06 9.67725e+06 658 393 166 227 93 265 91 65 174 142 115 92 60 133 134 67 113 252503 94 9.42475e+06 8.78718e+06 431.001 180936 82964.1 66023 16941 3366 62657 39923 22734 39788 18172 14956 27845 14014 13831 3823 8267 135 5747 4562.01 10008 16864 12924 8691 7583.01 5388 46 6123 54
internal_count=2949469 2948811 658 393 166 227 93 265 91 65 174 142 115 92 60 133 134 67 113 248240 94 2700571 2150734 403 177982 81340 65043 16297 3331 61712 39461 22251 39326 17885 14676 27432 13902 13530 3746 8190 135 5712 4366 9784 16220 12497 8621 7380 5332 46 6081 54
is_linear=0
shrinkage=0.35109


Tree=173
num_leaves=53
num_cat=0
split_feature=8 11 11 11 12 11 11 3 9 12 9 12 14 9 9 11 9 9 8 14 9 11 9 9 12 9 3 9 3 11 3 1 9 8 3 8 10 10 9 14 14 3 1 14 11 14 14 3 3 8 2 12
split_gain=4.43971e+07 1.08141e+08 7.8946e+07 3.11934e+08 2.70147e+08 2.27727e+08 2.09775e+08 7.21141e+07 5.88149e+07 8.90837e+07 1.17425e+08 5.34749e+07 4.27996e+07 6.38578e+07 1.08225e+08 5.86682e+07 1.07658e+08 7.51683e+07 3.96161e+07 3.89616e+07 4.0254e+07 3.66071e+07 1.70508e+08 1.18535e+08 2.45198e+08 1.60664e+08 9.32156e+07 4.25097e+07 7.38276e+07 2.48547e+07 1.902e+07 1.49508e+07 1.79084e+07 1.287e+07 1.88561e+07 1.48134e+07 1.43218e+07 1.30857e+07 1.37366e+07 1.28617e+07 2.78393e+07 1.35502e+07 1.27335e+07 1.27133e+07 1.19362e+07 1.155e+07 1.1659e+07 1.8323e+07 1.64153e+07 1.34166e+07 1.14182e+07 1.11993e+07
threshold=0.92074100000000014 0.00036950000000000009 0.00038550000000000005 0.00041750000000000007 -0.016860499999999997 0.00040150000000000006 0.00042850000000000006 0.90078350000000007 0.010425500000000002 -0.0066269999999999992 0.0091010000000000014 -0.0028574999999999994 0.21783400000000003 0.00037250000000000011 0.0069465000000000004 0.041046000000000006 0.0003455000000000001 0.00036950000000000009 0.00090650000000000008 0.046726000000000011 0.00037050000000000012 0.22499750000000004 0.00077150000000000016 0.005595000000000001 -0.019394499999999999 0.0014515000000000003 0.31883150000000005 0.00034950000000000009 0.31883150000000005 0.00037950000000000006 0.0057515000000000005 0.12744000000000003 0.0011695000000000002 0.0032420000000000005 0.0033920000000000005 0.0030930000000000007 0.023115000000000004 0.010747000000000001 0.0018285000000000005 0.012320000000000003 0.013005500000000001 0.12940850000000001 0.0024890000000000003 0.00019300000000000003 0.17147700000000002 1.0000000180025095e-35 0.00027550000000000008 0.00083450000000000006 0.00078550000000000007 0.00040050000000000009 0.0052880000000000002 -1.5499999999999997e-05
decision_type=2 2 2 2 2 2 2 2 2 2 2 2 2 2 2 2 2 2 2 2 2 2 2 2 2 2 2 2 2 2 2 2 2 2 2 2 2 2 2 2 2 2 2 2 2 2 2 2 2 2 2 2
left_child=18 -2 4 5 29 -4 -5 -6 9 10 12 19 15 -14 -15 -8 -17 -18 45 20 -11 26 27 24 25 -24 31 28 30 -3 -23 33 39 34 35 36 37 43 -39 41 -41 -33 -40 -20 -35 -1 48 -48 -47 51 -37 -49
right_child=1 2 3 6 7 -7 8 -9 -10 11 -12 -13 13 14 -16 16 17 -19 21 -21 -22 22 23 -25 -26 -27 -28 -29 -30 -31 -32 32 -34 44 -36 50 -38 38 42 40 -42 -43 -44 -45 -46 46 47 49 -50 -51 -52 -53
leaf_value=0.20864552199631559 650.82737969356197 -1050.4996413809661 385.67666809745532 -1046.5199807993979 836.63102651728639 1824.8137886347083 484.37147457406326 -0.38882287427995554 494.04723849141533 -59.343719360043885 -746.01046010318771 -188.76850290571747 -229.20134887420548 1065.1804336515324 -48.711235773267752 -690.66305783801965 411.13916589362174 -169.63528142212289 2.9543609183560404 783.16391945898067 524.60615377419367 139.700712330111 1020.1346494710127 -36.69311586731164 1656.5066354558548 -302.96554479498155 -595.30466525257407 -425.42442384597973 410.56284827030538 -559.72034747602333 -246.03103432540971 -125.17326238075472 197.90233509267958 7.9660541891255727 -18.642021645459156 21.941582786760545 66.630700184151607 13.326827915359246 -18.402427504854472 -474.25039115425716 -77.16590676056633 58.691881767366631 -86.836907889959988 105.52867282606513 120.67416749491619 -5.7907629701392489 296.42312037663794 43.088403923940589 -41.455894218580362 309.11376496345611 -243.6909230652667 -82.17203867080616
leaf_weight=9265736.4748535156 40 25 42 22 21 20 20 32 36 26 29 22 23 21 22 36 38 99 299357.27862167358 26 33 20 20 36 24 26 32 36 39 26 74 111 28 69942.050958633423 4935.0046081542969 5655.002592086792 434.00028800964355 775 868 31 73 89 546.00028800964355 149.00028800964355 116 25403.091011047363 33 410.00028800964355 1697.0017280578613 20 20 112
leaf_count=2543239 40 25 42 22 21 20 20 32 36 26 29 22 23 21 22 36 38 99 292644 26 33 20 20 36 24 26 32 36 39 26 74 111 28 68710 4823 5592 427 775 868 31 73 89 539 142 116 23191 33 403 1655 20 20 112
internal_value=0.337754 91.4605 55.3013 111.647 -223.685 850.125 10.5523 331.295 64.5417 25.3796 -76.2448 298.9 -1.21553 242.806 495.342 -84.6797 -150.509 -8.51439 0.331548 425.17 267.285 3.82881 131.875 480.917 747.138 272.405 3.7369 -87.0571 4.54429 -800.431 -163.925 3.78696 -70.6829 3.85155 2.88802 3.23322 2.89941 2.80772 -24.2387 -95.4347 -195.575 -43.3479 -44.829 3.0054 8.15271 0.187255 -6.97445 42.496 -8.02418 27.0264 21.0046 16.2085
internal_weight=9.67751e+06 659 619 515 104 62 453 53 431 395 288 107 259 66 43 193 173 137 9.67685e+06 85 59 383436 275 106 70 46 383161 169 133 51 94 383129 332 382797 312739 307804 302129 301695 2189 304 104 200 1414 299506 70058.1 9.29341e+06 27675.1 575 27100.1 542 5675 522
internal_count=2944607 659 619 515 104 62 453 53 431 395 288 107 259 66 43 193 173 137 2943948 85 59 375295 275 106 70 46 375020 169 133 51 94 374988 332 374656 305830 301007 295395 294968 2182 304 104 200 1407 292786 68826 2568653 25414 568 24846 535 5612 515
is_linear=0
shrinkage=0.35109


Tree=174
num_leaves=53
num_cat=0
split_feature=8 16 11 15 9 9 16 16 11 9 8 8 9 2 15 9 16 2 2 16 16 16 7 15 11 16 16 16 11 11 11 11 8 8 2 11 15 9 8 16 15 8 8 11 11 9 2 7 15 15 9 16
split_gain=1.99029e+07 5.40492e+07 2.00268e+07 7.30459e+07 6.16512e+07 1.71397e+08 5.89778e+07 2.19694e+08 1.91221e+08 8.50587e+07 1.47019e+08 6.8113e+07 6.44114e+07 7.48729e+07 3.63149e+08 7.22074e+07 1.76346e+08 1.11556e+08 5.44099e+07 3.2328e+07 3.5987e+07 2.38799e+07 2.51942e+07 2.37594e+07 2.16662e+07 4.23949e+07 1.46407e+08 5.21444e+07 1.60454e+08 4.91047e+07 9.98686e+07 4.12638e+07 2.84324e+07 6.31715e+07 1.48094e+08 3.68194e+07 2.77787e+07 2.7109e+07 6.4009e+07 3.85058e+07 3.08168e+07 2.86823e+07 2.82189e+07 3.24161e+07 2.58503e+07 2.16207e+07 2.10232e+07 2.01152e+07 1.98882e+07 1.90472e+07 1.99523e+07 4.38512e+07
threshold=0.0026965000000000005 1908732.5000000002 0.22499750000000004 0.0013045000000000003 0.011092000000000001 0.010425500000000002 7740.5000000000009 5137.0000000000009 0.94009900000000013 0.00036250000000000008 0.95254850000000013 0.95254850000000013 0.00033950000000000007 0.17539850000000004 0.044856500000000007 0.00076650000000000015 48087.500000000007 0.90392850000000002 0.17539850000000004 192965.00000000003 236887.00000000003 191087.50000000003 0.0028280000000000002 0.020994000000000002 0.00053150000000000018 5231.5000000000009 4861.0000000000009 8037.0000000000009 0.00037150000000000003 0.00041350000000000008 0.00038550000000000005 0.00043250000000000005 0.95254850000000013 0.92513900000000004 0.90392850000000002 0.00038450000000000002 1.0000000180025095e-35 0.00020450000000000001 0.21473850000000003 10374.500000000002 2.6500000000000004e-05 0.96647850000000013 0.0079555000000000025 0.058818000000000009 0.0007155000000000001 0.0017345000000000004 0.0031095000000000003 0.0043795000000000006 4.500000000000001e-06 7.6500000000000016e-05 2.7500000000000001e-05 243081.50000000003
decision_type=2 2 2 2 2 2 2 2 2 2 2 2 2 2 2 2 2 2 2 2 2 2 2 2 2 2 2 2 2 2 2 2 2 2 2 2 2 2 2 2 2 2 2 2 2 2 2 2 2 2 2 2
left_child=-1 2 19 -4 5 6 7 8 -5 -10 -11 -9 18 -14 -15 16 -16 -17 -8 21 -21 24 -23 -12 25 26 29 28 36 30 -2 -31 33 46 -35 -34 -27 39 44 40 -26 42 -41 -44 45 47 -29 -39 -48 50 -22 -52
right_child=1 -3 3 4 -6 -7 12 11 9 10 23 -13 13 14 15 17 -18 -19 -20 20 49 22 -24 -25 37 27 -28 32 -30 31 -32 -33 35 34 -36 -37 -38 38 -40 41 -42 -43 43 -45 -46 -47 48 -49 -50 -51 51 -53
leaf_value=0.16653903601527772 -225.98688070703852 -8.5173356403421074 715.72722017227647 986.15671263737374 -501.3199120171567 1081.9979173664476 39.375360746576376 -1258.4179407872505 447.48358362143694 -1040.7040887589333 -261.76879693512041 -363.08436245199596 -286.66552658171634 1346.4808101079375 1145.1250083651562 -419.13993479172547 55.432655825580092 267.03349038794261 -553.18189675671852 46.941427198930235 25.16844848644752 -553.5856639122311 -59.691928114111548 212.036911040749 -53.757500699747325 400.30054930215459 1021.4993317679705 -65.081813407748882 -948.00035096428837 -628.61579302590587 739.13571603293576 45.025698646119899 37.345313547055142 796.4928565151464 -92.036638491097719 -613.74921541279366 -170.5151371391664 -77.149179628455883 -473.84764083649605 101.39073184779348 -479.43401476746078 418.44096739597887 -46.242915177542088 109.85311884240704 -22.179991781577026 46.732135041598553 6.9933810106010634 270.52536918701804 -56.27155888621332 -35.812155954723352 -159.05762570920783 8.5404755534539643
leaf_weight=9559708.4091243744 28 28524.01916885376 21 24 24 20 60 22 25 23 22 20 35 33 24 61 77 56 28 3330.0023040771484 9664.0123844146729 20 35 32 108.00028800964355 21 21 1434.0005760192871 30 21 25 24 20 38 59 23 21 300 36 752.00086402893066 26 27 500.00057601928711 244 3446.0066242218018 1526.0005760192871 1945.0008640289307 22 894 1120.0017280578613 193 61940.031681060791
leaf_count=2836889 28 28069 21 24 24 20 60 22 25 23 22 20 35 33 24 61 77 56 28 3274 9363 20 35 32 101 21 21 1420 30 21 25 24 20 38 59 23 21 300 36 731 26 27 486 244 3285 1512 1924 22 894 1078 193 61170
internal_value=0.222248 4.77314 9.05674 72.6091 49.5454 73.0835 35.8275 -136.961 94.8305 -114.966 -297.657 -832.21 113.449 194.27 261.354 97.0212 314.477 -90.701 -149.186 8.61782 11.2494 -8.61084 -239.371 18.9397 -7.51549 -26.2149 180.597 -31.7031 -328.031 0.296797 229.27 -269.355 -26.8669 -24.0708 256.072 -310.91 114.846 4.80605 -7.38718 44.0281 -136.389 59.9043 53.4291 4.94917 -4.21378 29.2874 -30.4313 -53.3792 -12.9284 9.61932 10.3281 8.0198
internal_weight=9.67673e+06 117024 88500.1 607 586 562 542 168 126 102 77 42 374 286 251 218 101 117 88 87893.1 76247 11646 55 54 11591 4604 119 4485 72 98 53 45 4413 4370 97 43 42 6987.01 5330.01 1657 134 1523 1496 744.001 5294.01 1848 4273 322 2839 72917 71797 62133
internal_count=2952037 115148 87079 607 586 562 542 168 126 102 77 42 374 286 251 218 101 117 88 86472 75078 11394 55 54 11339 4569 119 4450 72 98 53 45 4378 4335 97 43 42 6770 5155 1615 127 1488 1461 730 5119 1834 4238 322 2818 71804 70726 61363
is_linear=0
shrinkage=0.35109


Tree=175
num_leaves=53
num_cat=0
split_feature=5 2 2 5 4 9 15 14 9 7 15 4 9 9 9 9 14 9 7 15 4 9 15 6 2 6 14 5 9 2 15 15 14 7 6 14 6 7 9 14 4 6 15 7 7 14 5 10 2 10 7 7
split_gain=6.98935e+09 4.67196e+09 1.15885e+09 6.5109e+08 4.3649e+08 5.49482e+08 4.23744e+08 7.44238e+08 3.45945e+08 2.19261e+08 2.10223e+08 1.74629e+08 1.7249e+08 4.6675e+08 2.77099e+08 1.85598e+08 1.44999e+08 1.25544e+08 9.29836e+07 6.90768e+07 9.30072e+07 1.25554e+08 1.07357e+08 7.45485e+07 1.36508e+08 6.7896e+07 2.38286e+08 3.91131e+08 1.87623e+08 6.72493e+07 6.15714e+07 5.96997e+07 5.70614e+07 1.99966e+08 5.04699e+07 4.98395e+07 4.68582e+07 4.6009e+07 4.5665e+07 6.05625e+07 4.26199e+07 4.26154e+07 5.44537e+07 3.92199e+07 4.82901e+07 4.6412e+07 3.73765e+07 5.44809e+07 3.60442e+07 3.42677e+07 5.37759e+07 3.39755e+07
threshold=0.67893700000000012 0.0018835000000000002 0.00039150000000000008 0.91422250000000005 0.92730450000000009 0.00076650000000000015 0.047700500000000007 0.046726000000000011 0.00018050000000000002 0.0057850000000000011 5.5000000000000007e-06 0.0030315000000000003 0.00077150000000000016 0.0083475000000000025 0.00036650000000000007 0.010425500000000002 0.014463000000000002 0.0005905000000000002 0.88436850000000011 1.0000000180025095e-35 0.71441150000000009 0.0074715000000000007 5.1500000000000005e-05 0.49003550000000001 0.17539850000000004 0.49003550000000001 0.046726000000000011 0.19902250000000002 0.00018350000000000004 0.0025715000000000004 5.1500000000000005e-05 0.033185500000000007 0.054875500000000008 0.93469650000000015 0.069059000000000023 4.500000000000001e-06 0.0014990000000000001 0.00035550000000000008 0.00070850000000000015 0.025577000000000006 0.0005505000000000001 0.011983000000000002 0.0011620000000000003 0.0086880000000000013 0.0080020000000000004 1.5500000000000004e-05 0.00033950000000000007 0.00072650000000000015 5.4500000000000003e-05 7.6500000000000016e-05 0.008575000000000001 0.0038385000000000003
decision_type=2 2 2 2 2 2 2 2 2 2 2 2 2 2 2 2 2 2 2 2 2 2 2 2 2 2 2 2 2 2 2 2 2 2 2 2 2 2 2 2 2 2 2 2 2 2 2 2 2 2 2 2
left_child=1 2 48 6 16 8 12 17 32 10 29 -11 14 -14 30 -15 -5 -8 -7 23 22 -22 49 24 34 26 27 41 -28 46 -2 -32 33 -6 43 -31 -12 -37 39 -18 -4 -24 -43 44 -13 -46 -3 -48 -1 -21 -51 -39
right_child=3 9 40 4 5 18 7 -9 -10 11 36 19 13 15 -16 -17 38 -19 -20 20 21 -23 25 -25 -26 -27 28 -29 -30 35 31 -33 -34 -35 -36 37 -38 51 -40 -41 -42 42 -44 -45 45 -47 47 -49 -50 50 -52 -53
leaf_value=0.04956440210854908 45.110387437251205 3.8417338732203703 1.1082218354453404 80.257876189728648 119.71211942949998 -27.145993199591938 58.106030907642698 147.31991840055318 136.23582330986883 -1.6165767979504666 5.3772114444176573 7.7091827063038236 115.53514455938057 -5.3405861137533917 -31.296262682423798 67.982445649957796 122.17210367502982 -2.826658710738684 31.594622720172637 9.0122708357624397 64.956419162823238 1.6553142834465477 0.99633028453237316 -22.500626529505553 51.942810956728266 32.814152724656758 -9.2689424559523044 91.271259273118801 -80.657408536139457 3.6588082061125435 6.8017479737602287 47.436157106039673 44.960573590156351 41.439637845689148 -1.9808194686645788 8.0514444032101515 1.3549657735231277 4.2428505214915671 106.29619771317734 163.72932797634616 1.5868158968076538 9.9055479115537093 -1.8491074339466065 9.4196892114379143 -13.992658301009078 7.8857286959192567 3.8002038259925648 1.0187543839714877 0.24064778864470307 7.8288738362686505 15.617009739509564 6.2457540968127532
leaf_weight=8848766.3996257782 81 7237.0014400482178 175389.10879135132 37 23 20 36 39 36 819.00115203857422 1174 203 32 35 30 21 41 20 21 2147.0005760192871 26 22 722.00057601928711 39 23 32 42 20 21 57036.01265335083 44 20 35 27 381 1392.0002880096436 17941.005760192871 32998.010080337524 30 20 118700.07954216003 697 191 610.00028800964355 108 56 4262.0020160675049 7214.0008640289307 392207.11448860168 521 957 3571.0014400482178
leaf_count=2273751 81 7202 172771 37 23 20 36 39 36 791 1174 203 32 35 30 21 41 20 21 2133 26 22 708 39 23 32 42 20 21 56735 44 20 35 27 381 1385 17801 32753 30 20 116782 697 191 603 108 56 4213 7193 341070 521 957 3536
internal_value=0.152345 0.148055 0.0960343 64.2071 85.9317 64.6541 46.609 81.9149 85.5621 3.6794 3.49461 6.89326 33.8526 56.1268 22.6485 22.1642 112.854 36.3479 2.94449 7.91551 8.92248 35.9484 8.67991 4.08752 4.83864 4.67442 4.14225 5.58097 -33.0738 3.81277 33.8121 19.5079 64.0866 77.4614 4.04033 4.0233 1.60201 4.57093 126.1 135.822 1.30139 4.51574 7.37712 6.38848 1.34994 -6.52116 2.74401 2.05175 0.0576744 10.5859 12.8718 4.43844
internal_weight=9.67617e+06 9.67552e+06 9.53506e+06 648 290 162 358 95 121 140462 132825 7637 263 88 175 56 128 56 41 6818 5398 48 5350 1420 1381 1725 1693 1630 63 113710 145 64 85 50 1358 94997 19115 37961 91 61 294089 1610 888 977 367 164 18713 11476 9.24097e+06 3625 1478 36569
internal_count=3044588 3043940 2904374 648 290 162 358 95 121 139566 131992 7574 263 88 175 56 128 56 41 6783 5370 48 5322 1413 1374 1711 1679 1616 63 113017 145 64 85 50 1351 94409 18975 37674 91 61 289553 1596 888 970 367 164 18608 11406 2614821 3611 1478 36289
is_linear=0
shrinkage=0.019505


end of trees

feature_importances:
age_count_total=1796
group_neg_mean_perc=920
group_0_mean_perc=768
global_avg_accesses_perc=676
ewma_var_100=648
group_ewma5_var=580
gap4=577
ewma_100_perc=478
read_write_gap3=439
ewma_2_perc=373
ewma_100_w_perc=346
ewma_20_w_perc=328
ewma_20_perc=327
group_pos_mean_perc=291
ewma_5_perc=245
ewma_2_w_perc=220
ewma_5_w_perc=140

parameters:
[boosting: dart]
[objective: regression]
[metric: l2]
[tree_learner: serial]
[device_type: cpu]
[data_sample_strategy: goss]
[data: ]
[valid: ]
[num_iterations: 176]
[learning_rate: 0.35109]
[num_leaves: 53]
[num_threads: 0]
[seed: 0]
[deterministic: 0]
[force_col_wise: 0]
[force_row_wise: 0]
[histogram_pool_size: -1]
[max_depth: 12]
[min_data_in_leaf: 20]
[min_sum_hessian_in_leaf: 0.00580396]
[bagging_fraction: 1]
[pos_bagging_fraction: 1]
[neg_bagging_fraction: 1]
[bagging_freq: 0]
[bagging_seed: 3]
[bagging_by_query: 0]
[feature_fraction: 0.535513]
[feature_fraction_bynode: 1]
[feature_fraction_seed: 2]
[extra_trees: 0]
[extra_seed: 6]
[early_stopping_round: 0]
[early_stopping_min_delta: 0]
[first_metric_only: 0]
[max_delta_step: 0]
[lambda_l1: 4.00641]
[lambda_l2: 0.00919076]
[linear_lambda: 0]
[min_gain_to_split: 40667.3]
[drop_rate: 0.1]
[max_drop: 50]
[skip_drop: 0.5]
[xgboost_dart_mode: 0]
[uniform_drop: 0]
[drop_seed: 4]
[top_rate: 0.2]
[other_rate: 0.1]
[min_data_per_group: 100]
[max_cat_threshold: 32]
[cat_l2: 10]
[cat_smooth: 10]
[max_cat_to_onehot: 4]
[top_k: 20]
[monotone_constraints: ]
[monotone_constraints_method: basic]
[monotone_penalty: 0]
[feature_contri: ]
[forcedsplits_filename: ]
[refit_decay_rate: 0.9]
[cegb_tradeoff: 1]
[cegb_penalty_split: 0]
[cegb_penalty_feature_lazy: ]
[cegb_penalty_feature_coupled: ]
[path_smooth: 0.00367017]
[interaction_constraints: ]
[verbosity: -1]
[saved_feature_importance_type: 0]
[use_quantized_grad: 0]
[num_grad_quant_bins: 4]
[quant_train_renew_leaf: 0]
[stochastic_rounding: 1]
[linear_tree: 0]
[max_bin: 16383]
[max_bin_by_feature: ]
[min_data_in_bin: 3]
[bin_construct_sample_cnt: 200000]
[data_random_seed: 1]
[is_enable_sparse: 1]
[enable_bundle: 1]
[use_missing: 1]
[zero_as_missing: 0]
[feature_pre_filter: 1]
[pre_partition: 0]
[two_round: 0]
[header: 0]
[label_column: ]
[weight_column: ]
[group_column: ]
[ignore_column: ]
[categorical_feature: ]
[forcedbins_filename: ]
[precise_float_parser: 0]
[parser_config_file: ]
[objective_seed: 5]
[num_class: 1]
[is_unbalance: 0]
[scale_pos_weight: 1]
[sigmoid: 1]
[boost_from_average: 1]
[reg_sqrt: 0]
[alpha: 0.9]
[fair_c: 1]
[poisson_max_delta_step: 0.7]
[tweedie_variance_power: 1.5]
[lambdarank_truncation_level: 30]
[lambdarank_norm: 1]
[label_gain: ]
[lambdarank_position_bias_regularization: 0]
[eval_at: ]
[multi_error_top_k: 1]
[auc_mu_weights: ]
[num_machines: 1]
[local_listen_port: 12400]
[time_out: 120]
[machine_list_filename: ]
[machines: ]
[gpu_platform_id: -1]
[gpu_device_id: -1]
[gpu_use_dp: 0]
[num_gpu: 1]

end of parameters

pandas_categorical:[]
